iteration,chain,h0,α,β_duck,φ_hrz,φ_non,δ,lp,n_steps,is_accept,acceptance_rate,log_density,hamiltonian_energy,hamiltonian_energy_error,max_hamiltonian_energy_error,tree_depth,numerical_error,step_size,nom_step_size
201,1,8.965683313326553e-7,4876.546192674615,0.1807181281450696,0.0016599066015333117,0.00023748880295275043,0.005536531284081183,-780.481449715676,7.0,1.0,0.8569495688522475,-780.481449715676,784.4555687604269,-0.027378669703011838,0.35091997628410354,3.0,0.0,0.3612430129008819,0.3612430129008819
202,1,1.111791332318352e-6,5268.856726680151,0.16156163127564754,0.0017855774161225273,0.00014761039817776916,0.03550506797592988,-783.1844552581721,7.0,1.0,0.9132298397313034,-783.1844552581721,786.251712013656,-0.032799736513993594,0.33352752300754673,3.0,0.0,0.3612430129008819,0.3612430129008819
203,1,1.2219590237967605e-6,4837.464304934207,0.21264500121960442,0.0019127822073503502,0.00017105769849059816,0.019832396482157618,-781.3686280992281,15.0,1.0,0.9966391514232336,-781.3686280992281,784.195925297761,-0.0910165175567954,-0.0910165175567954,4.0,0.0,0.3612430129008819,0.3612430129008819
204,1,1.2061667039080083e-6,4307.606393683218,0.2338389368517144,0.0019744079547821653,0.0001628249915031734,0.010721426800359257,-782.5841289461881,15.0,1.0,0.9356246474042903,-782.5841289461881,783.2735233586786,0.10967328125468612,0.15572342552877672,4.0,0.0,0.3612430129008819,0.3612430129008819
205,1,7.522452002097578e-7,4512.812643211762,0.2089338003104096,0.0012815459322684047,0.0003168091342375515,0.007247751380904075,-782.9218583130225,15.0,1.0,0.8170426595542096,-782.9218583130225,786.6535928960743,0.24444235602186382,0.3970427929335756,4.0,0.0,0.3612430129008819,0.3612430129008819
206,1,6.44613564854391e-7,4897.809020844126,0.2433028239213573,0.0023710453278506355,0.000311562925016296,0.004885982247796188,-784.0128638172982,7.0,1.0,0.8543644116737509,-784.0128638172982,788.0860840918391,-0.027310583472626604,0.32720358613778444,3.0,0.0,0.3612430129008819,0.3612430129008819
207,1,4.5900940947913817e-7,8354.204473757769,0.1703577836820285,0.0011619576972325294,0.00016037155189982939,0.014915030460165244,-785.0881511621578,15.0,1.0,0.9975279258309058,-785.0881511621578,786.6240003847304,0.0040559885782158744,-0.17939995067854397,4.0,0.0,0.3612430129008819,0.3612430129008819
208,1,5.537457950576422e-7,3849.373525860661,0.3559215387864936,0.002053765802823907,0.0003469119791876625,0.005830654832598124,-788.5745708806563,15.0,1.0,0.9245533399579496,-788.5745708806563,792.1461295426512,0.15835453542388223,0.28096176397434647,4.0,0.0,0.3612430129008819,0.3612430129008819
209,1,7.56696252325631e-7,3599.0776921134425,0.35982015837989323,0.001477095934510144,0.00032290119362378785,0.009957688077063922,-786.2635320141177,15.0,1.0,0.9945225489987836,-786.2635320141177,791.6111773959598,-0.1556310823067406,-0.4179874353856121,4.0,0.0,0.3612430129008819,0.3612430129008819
210,1,7.400670576785596e-7,5596.556523505969,0.16871387093038248,0.0014240730858843197,0.0001865434084682834,0.018906442918911276,-781.9659108755894,7.0,1.0,0.9992361524783959,-781.9659108755894,788.0699753934565,-0.05857886011381197,-0.24164625724222333,3.0,0.0,0.3612430129008819,0.3612430129008819
211,1,5.370563687299773e-7,6120.652236335228,0.14169402491381172,0.0023709140323615657,0.0002235951721350593,0.00886009478422198,-782.9222912477114,15.0,1.0,0.9971837099471945,-782.9222912477114,784.9931455317534,-0.030926365997970606,-0.17456694559768948,4.0,0.0,0.3612430129008819,0.3612430129008819
212,1,5.525845521082087e-7,6832.441216557175,0.22792402709963752,0.0018344204793247104,0.00025705259663403354,0.01213400285698107,-780.7902444748105,15.0,1.0,0.9673270723257656,-780.7902444748105,784.0903832018556,-0.03098429100850808,-0.1666221879368095,4.0,0.0,0.3612430129008819,0.3612430129008819
213,1,5.438522582944738e-7,6235.595222784913,0.18046036342830635,0.0017176771894408325,0.00024061549337808994,0.003250589010199625,-780.8686733447203,7.0,1.0,0.9826736160078146,-780.8686733447203,784.1158893452916,-0.1334297847012067,-0.32684660066934157,2.0,0.0,0.3612430129008819,0.3612430129008819
214,1,1.1235012521255163e-6,4513.851230725256,0.19221205613941433,0.0017402384395943157,0.0002727401181459208,0.0011888020177433637,-781.9705402809576,15.0,1.0,0.9677073227323668,-781.9705402809576,783.132429812243,-0.0036594438087149683,0.21231980263485184,3.0,0.0,0.3612430129008819,0.3612430129008819
215,1,5.994532072451877e-7,6040.412572530689,0.2715307554241634,0.0014279369194524821,0.0002239501644829029,0.013039862980798653,-780.7047324868603,15.0,1.0,0.8698395987148341,-780.7047324868603,784.6995353958421,-0.06483599441821752,0.3251632128219626,4.0,0.0,0.3612430129008819,0.3612430129008819
216,1,4.3050527450041263e-7,7203.7016375954245,0.23859402412585817,0.0016581839407852706,0.00020076016081203415,0.017296019579741712,-780.6441136838107,15.0,1.0,0.9227742036141683,-780.6441136838107,784.7146457436484,-0.010695228430790849,0.14749120696262707,4.0,0.0,0.3612430129008819,0.3612430129008819
217,1,3.8304804300922464e-7,8264.640181958792,0.25224358762347016,0.0019986604343720208,0.0002693784053180596,0.05180995652281743,-784.4062365718673,7.0,1.0,0.8678897512094762,-784.4062365718673,786.6554993678707,0.25391801066450626,0.25391801066450626,3.0,0.0,0.3612430129008819,0.3612430129008819
218,1,2.2369016182818378e-7,7790.538748069872,0.18600184465249942,0.0020531263723454467,0.00025390389768364534,0.008636236651007706,-784.0208220530723,7.0,1.0,1.0,-784.0208220530723,787.8807743699688,-0.07352651613723538,-0.280475661453238,3.0,0.0,0.3612430129008819,0.3612430129008819
219,1,2.283044834301867e-7,8293.14580770771,0.24438037284171651,0.0017766089052277364,0.00019956896713269268,0.019764918421195137,-783.5755255747188,15.0,1.0,0.9738925822746686,-783.5755255747188,788.9413512474026,-0.027986015091300942,-0.17025597319388908,4.0,0.0,0.3612430129008819,0.3612430129008819
220,1,6.381153639985852e-7,6521.07830933999,0.22042180731627056,0.002019239614009689,0.0002398264860583502,0.004454862006331372,-782.0938750155185,15.0,1.0,0.9742954212661584,-782.0938750155185,788.650096670895,0.060983808802347994,0.18377811804168687,4.0,0.0,0.3612430129008819,0.3612430129008819
221,1,1.305110131776427e-6,4821.595358674592,0.15759237415832716,0.0017505725945312922,0.0003314778738571147,0.02516172315675466,-782.1090814636423,15.0,1.0,0.9896884786621089,-782.1090814636423,785.1505174381921,-0.16822340596036156,-0.260232416488293,4.0,0.0,0.3612430129008819,0.3612430129008819
222,1,3.784472848419811e-7,6764.806596846909,0.24671311023066075,0.0013667819984598375,0.00019753736027358382,0.0025997899592697347,-782.6381357741221,15.0,1.0,0.9165554777209007,-782.6381357741221,786.2113737767176,0.09167389905314849,0.16811273310224806,4.0,0.0,0.3612430129008819,0.3612430129008819
223,1,7.175500529258339e-7,5122.271067238953,0.1913470310831476,0.001714825011138699,0.0002173897856323918,0.01022908342591474,-780.4255767691195,31.0,1.0,0.9690480348705967,-780.4255767691195,784.2683067265307,-0.013629082476199983,0.19991193400062457,4.0,0.0,0.3612430129008819,0.3612430129008819
224,1,1.4301226787381096e-6,3221.5011427431036,0.21994828178926912,0.0020175091204245607,0.00035298245028259854,0.014518181845456854,-783.0700399789496,15.0,1.0,0.9146881827139469,-783.0700399789496,785.627435023134,0.042866227216222796,0.2454023508166756,4.0,0.0,0.3612430129008819,0.3612430129008819
225,1,6.625139080855066e-7,5719.462450364251,0.2509471746196102,0.001812381648094361,0.0003140277640159534,0.024900203574210227,-780.9436513690875,15.0,1.0,0.9806874720628068,-780.9436513690875,786.0653108043826,-0.025757942029372316,-0.05466742654380141,3.0,0.0,0.3612430129008819,0.3612430129008819
226,1,6.857465080359938e-7,5723.5502921917305,0.22446395762518948,0.001725768740029416,0.00034086044692834667,0.052038201712823105,-783.3812214709496,3.0,1.0,0.8788849608683259,-783.3812214709496,784.0177422247453,0.27845267614372915,0.27845267614372915,2.0,0.0,0.3612430129008819,0.3612430129008819
227,1,3.4145877213336516e-7,6566.340148503038,0.31945606363393864,0.0014185461123910246,0.0002787025338177649,0.0013483284513661608,-784.8172815177696,15.0,1.0,0.8067618786799942,-784.8172815177696,790.5409342117807,0.24632420504849506,0.4835971734530631,3.0,0.0,0.3612430129008819,0.3612430129008819
228,1,4.6653082644185856e-7,7632.309206966126,0.14678176197806786,0.0018511907733970712,0.0001577196966885262,7.580701375775514e-5,-787.1341371539298,15.0,1.0,0.9925975715338708,-787.1341371539298,788.9354710835333,-0.019753706931396664,-0.350557076258724,4.0,0.0,0.3612430129008819,0.3612430129008819
229,1,8.101795006073143e-7,5079.920299254737,0.2671617933990922,0.0015525326666020512,0.00028569421499352685,6.437250268179872e-5,-785.5866301686488,7.0,1.0,0.9773168539861722,-785.5866301686488,788.9492350485174,-0.001412416523749016,-0.08452383101678151,3.0,0.0,0.3612430129008819,0.3612430129008819
230,1,6.821053569637959e-7,5010.02591052985,0.1359378101075182,0.0016549643834284078,0.00020457253834244425,4.036537097576354e-5,-788.3371871408955,15.0,1.0,0.8314654589995829,-788.3371871408955,789.5393586256082,0.3772859978080305,0.4073256521838857,4.0,0.0,0.3612430129008819,0.3612430129008819
231,1,4.950294114168767e-7,6850.095288077235,0.20853447903740452,0.001386224097184103,0.0002527069590160744,2.130369202072843e-5,-786.5161929600727,15.0,1.0,0.9951594093535066,-786.5161929600727,790.4482739932213,-0.42990824632897784,-0.4621028162498533,4.0,0.0,0.3612430129008819,0.3612430129008819
232,1,8.711554838618854e-7,4948.450095350562,0.19041431688544933,0.0017555136129704554,0.00021844031220053433,4.676365421922741e-5,-784.8968877001876,15.0,1.0,0.9643131736458307,-784.8968877001876,787.7677983456136,-0.012485660404649934,0.10479356185521738,4.0,0.0,0.3612430129008819,0.3612430129008819
233,1,8.686521286568932e-7,4918.767736869162,0.17996979699430038,0.0016552057172809428,0.00020030414041474285,5.668825497423103e-5,-785.177496834751,7.0,1.0,0.961517827705135,-785.177496834751,786.2283127853165,0.06985539128197615,0.07668389695788846,3.0,0.0,0.3612430129008819,0.3612430129008819
234,1,7.233779217021643e-7,4814.141506643357,0.275829402763999,0.0018480476592284867,0.00030777204340852525,3.535416436427699e-5,-787.1905870037618,15.0,1.0,0.976917270267963,-787.1905870037618,789.3093968960562,0.018800705279545582,-0.09610387175632695,4.0,0.0,0.3612430129008819,0.3612430129008819
235,1,3.79880229120308e-7,8742.998558650452,0.16688474406825346,0.001391222104874156,0.00018418113308431484,0.00022195218624163976,-786.4427667152424,15.0,1.0,0.9470088167756942,-786.4427667152424,789.5053669229299,-0.02545079060791977,1.2883398143736713,4.0,0.0,0.3612430129008819,0.3612430129008819
236,1,1.267135635042256e-6,4066.4471350574395,0.20165797605428495,0.0010393641564084774,0.0003070988557378957,0.0024368142517518275,-785.9834550453345,15.0,1.0,0.9581143371404567,-785.9834550453345,790.0368210929677,0.08716822253052214,0.12892914973349434,4.0,0.0,0.3612430129008819,0.3612430129008819
237,1,1.6620623037004567e-6,4033.809678128568,0.17722799744744047,0.0010798823116904884,0.0003183882594661814,0.004076482413259262,-786.1676437424278,7.0,1.0,0.9997066818004103,-786.1676437424278,787.7759103810126,-0.011431387136553894,-0.16358690024901534,3.0,0.0,0.3612430129008819,0.3612430129008819
238,1,3.3050405591594977e-7,9000.194199634065,0.1667813552511144,0.002246400599644015,0.00015604838558054283,0.021679003626374756,-784.0339550958233,15.0,1.0,0.8968098693501005,-784.0339550958233,790.4832079687877,-0.07963619661711618,0.3016568535169881,4.0,0.0,0.3612430129008819,0.3612430129008819
239,1,2.39315002455001e-6,1544.3510460335426,0.2763482341993426,0.002011262391475327,0.0003272206441030522,0.0020434122541855863,-789.4270850815678,23.0,1.0,0.9318164432160781,-789.4270850815678,791.0389067545149,0.09462784387324064,0.1654198515632288,4.0,0.0,0.3612430129008819,0.3612430129008819
240,1,1.7128895467339292e-6,1447.6607906137874,0.20225472104387945,0.002363203753243536,0.00048657993783396007,0.026691387193062962,-791.55768136707,7.0,1.0,0.9242326248721471,-791.55768136707,795.3469236664396,-0.14328740091502823,0.3590919948780993,3.0,0.0,0.3612430129008819,0.3612430129008819
241,1,3.5307563779078776e-6,1577.2652251343316,0.20139676486715133,0.002279546428150971,0.00038889133480895453,0.006240242521599646,-787.820368416638,7.0,1.0,0.8874105187824064,-787.820368416638,795.8532682153074,0.01360598482824571,0.441882056048712,3.0,0.0,0.3612430129008819,0.3612430129008819
242,1,2.915307123072884e-6,1544.2076673004904,0.19730679444434454,0.0023649545796362945,0.0004046804751368559,0.005085449242798363,-788.5036332731421,15.0,1.0,0.9784858465776776,-788.5036332731421,789.5978010909881,0.041661684479208816,-0.1420902584649184,4.0,0.0,0.3612430129008819,0.3612430129008819
243,1,1.6170597583096815e-6,4170.1919965957895,0.2663223331083534,0.00136288644477094,0.0002962335540400077,0.010781189225468226,-783.7733059641212,15.0,1.0,0.9634942388741672,-783.7733059641212,791.019867378556,-0.3860291124583455,-0.5987326032202418,4.0,0.0,0.3612430129008819,0.3612430129008819
244,1,9.544483083382017e-7,3726.2359165771254,0.17774947516924997,0.0017799832877759029,0.0003040837778492541,0.004126837091528807,-783.0376967585207,15.0,1.0,0.9815139614854664,-783.0376967585207,785.2850153873815,-0.006340909959362762,-0.34260704498888117,4.0,0.0,0.3612430129008819,0.3612430129008819
245,1,1.1391120054507482e-6,3707.5091889984305,0.16931588311783247,0.0017231018480428225,0.00028874693248476393,0.003534024369216294,-782.9608843604286,7.0,1.0,0.9866065493622743,-782.9608843604286,784.4074125164385,-0.010005678886614078,-0.30278920182581714,2.0,0.0,0.3612430129008819,0.3612430129008819
246,1,5.326502789164823e-7,6709.087659160134,0.24160501282172725,0.0020360165385027267,0.0002223706720539337,0.006883032665413191,-781.7110173061562,15.0,1.0,0.9833032034076112,-781.7110173061562,784.517063655348,-0.007307301434821056,-0.3203002451065231,4.0,0.0,0.3612430129008819,0.3612430129008819
247,1,7.910455082873095e-7,5484.079954758205,0.24073592857938714,0.002054177915413931,0.00019041036107468286,0.008613327023849628,-781.2758345631338,23.0,1.0,0.982140055706952,-781.2758345631338,784.6552840319036,-0.19002957265331588,-0.23476883139562688,4.0,0.0,0.3612430129008819,0.3612430129008819
248,1,6.752163654147221e-7,6021.37715816697,0.2103244756287808,0.0014375362675180066,0.00017666499000730865,0.004990728070698366,-780.9292094144353,15.0,1.0,0.995274661484468,-780.9292094144353,782.5082523905262,-0.06433994235908358,-0.08875382060125503,3.0,0.0,0.3612430129008819,0.3612430129008819
249,1,1.078332821030237e-6,5275.3179744875815,0.22550841806357738,0.0015837408651663964,0.00021348630322059008,0.02819128493239097,-781.2009585233908,15.0,1.0,0.921023098671674,-781.2009585233908,782.9125779089538,0.012930730113794198,0.13564029867711724,4.0,0.0,0.3612430129008819,0.3612430129008819
250,1,6.406035364067239e-7,6520.039853423727,0.18828776734140085,0.0019166369795236742,0.000222519338410866,0.0008782507184837995,-782.7802527008752,15.0,1.0,0.6686868749379078,-782.7802527008752,784.1482783880773,0.3090100623495573,0.7970666599497918,4.0,0.0,0.3612430129008819,0.3612430129008819
251,1,3.9437178782905105e-7,7323.083973986213,0.16773055428484024,0.0016393182190374432,0.00021637546600348026,0.022281973432797066,-781.931531251594,15.0,1.0,0.9960518372292281,-781.931531251594,785.9619079618647,-0.2140361817447456,-0.3762698048619768,4.0,0.0,0.3612430129008819,0.3612430129008819
252,1,3.9421926601112427e-7,8259.48284286186,0.1707683920861152,0.0015640938315132642,0.00020007863608335167,0.023378361805608826,-782.3423759438957,15.0,1.0,0.9913992596056869,-782.3423759438957,784.0899502942597,-0.1031275360046493,-0.160561976137501,3.0,0.0,0.3612430129008819,0.3612430129008819
253,1,9.274349524130491e-7,5460.476170826944,0.19104215536536784,0.0014586462434688148,0.00025278291198443676,0.0049773031369394725,-780.970733220328,15.0,1.0,0.9457178641108339,-780.970733220328,785.4246225859906,0.001970651436749904,0.1010457502383133,4.0,0.0,0.3612430129008819,0.3612430129008819
254,1,7.152925995711608e-7,5308.751653625101,0.22280708674603805,0.0014010734934624656,0.00023889711796016766,0.015001847204731094,-780.5784306576332,15.0,1.0,0.9984742932653565,-780.5784306576332,782.8636521304545,-0.07268702742032929,-0.09578047823811175,3.0,0.0,0.3612430129008819,0.3612430129008819
255,1,9.09934935260996e-7,5379.9631295565105,0.2687054820759445,0.0014747773410413395,0.00025341772194871726,0.008706009735117386,-781.435828984706,7.0,1.0,0.9427929432975858,-781.435828984706,782.2293994195549,0.15527253509185357,0.15527253509185357,3.0,0.0,0.3612430129008819,0.3612430129008819
256,1,5.193074467393998e-7,6818.280398623466,0.17297227671198606,0.001573154243598589,0.00028131228905319347,0.02374827722699931,-781.2144647190692,15.0,1.0,0.8107662220491245,-781.2144647190692,785.3558849543849,-0.19125543826180547,0.5510669649007696,3.0,0.0,0.3612430129008819,0.3612430129008819
257,1,5.882240534712489e-7,6060.8861514301425,0.19760294392966204,0.001368268209643955,0.0002735188879159813,0.012426855587357382,-780.9067494898992,15.0,1.0,0.9931669845443036,-780.9067494898992,782.8876834214585,-0.005588846026284955,-0.07191856650911177,3.0,0.0,0.3612430129008819,0.3612430129008819
258,1,8.874975938690243e-7,5722.955212984699,0.14135132073256546,0.0016824435693646076,0.00026460936194810486,0.01360304396323661,-781.2726443621287,15.0,1.0,0.9509588507496152,-781.2726443621287,782.3445840468016,0.03237932515355624,0.13947760609551096,4.0,0.0,0.3612430129008819,0.3612430129008819
259,1,6.599801292451157e-7,5543.593485637932,0.1715522636794224,0.0014146541076128253,0.00026702125023981595,0.01745249064499248,-781.4923089171825,15.0,1.0,0.957270931288369,-781.4923089171825,783.3103350015325,0.1020762985752981,0.11007778605267049,3.0,0.0,0.3612430129008819,0.3612430129008819
260,1,4.957635157773891e-7,6715.606187609446,0.27026899681468464,0.0015373824411475715,0.00026240425969474936,0.003954153709829544,-781.984215798015,15.0,1.0,0.9139983520388607,-781.984215798015,785.053458509384,0.032608119258156876,0.24797421097639472,3.0,0.0,0.3612430129008819,0.3612430129008819
261,1,4.4485579204371035e-7,5374.6504621634285,0.2754586719432503,0.0014882306123350354,0.0002692444820402395,0.0112299104644183,-782.225319222929,15.0,1.0,0.9674216362343775,-782.225319222929,783.7394856799771,0.05024792471408546,-0.20580947822952567,3.0,0.0,0.3612430129008819,0.3612430129008819
262,1,8.683007635717936e-7,6229.462784924091,0.1061224192396563,0.0023585878859973403,0.00031183963791025224,0.012142143572704515,-785.7008574293682,15.0,1.0,0.9517004812698833,-785.7008574293682,788.0823400718274,0.1788508877706363,-0.3695348881421978,3.0,0.0,0.3612430129008819,0.3612430129008819
263,1,5.062090762145549e-7,5727.143696255535,0.3683760223022628,0.001404904372646146,0.0001996941436997919,0.01183715152749564,-783.5577484827099,15.0,1.0,1.0,-783.5577484827099,787.0997443986822,-0.3721536125572129,-0.5329587763733343,4.0,0.0,0.3612430129008819,0.3612430129008819
264,1,9.587269958120346e-7,5261.184797403503,0.103572738612795,0.0018262146991103326,0.00024202693775879152,0.005945535586116324,-784.0060212276702,15.0,1.0,0.9759009054305587,-784.0060212276702,788.8281046526745,0.034720004614769095,0.07094548578038484,4.0,0.0,0.3612430129008819,0.3612430129008819
265,1,6.403704362526494e-7,5478.726173435986,0.2993507513596616,0.0016872282756596898,0.00013417137702811341,0.001481440164066803,-784.5120168974557,15.0,1.0,0.9306497293813549,-784.5120168974557,788.0587788301868,0.02412893557152529,0.1801983951438615,4.0,0.0,0.3612430129008819,0.3612430129008819
266,1,6.464658709586697e-7,4312.635546107092,0.22245061317931178,0.001415177363811982,0.00027024335459739076,0.02107875648575745,-784.3962606566569,15.0,1.0,0.7446029839192694,-784.3962606566569,789.3231531424672,0.4679098139264397,1.08765022070736,3.0,0.0,0.3612430129008819,0.3612430129008819
267,1,2.658378780740372e-7,6688.7631257324165,0.25257849388047116,0.0013509729666711051,0.00015413180566709682,0.004066127946615405,-786.9201231052706,15.0,1.0,0.958878641022954,-786.9201231052706,788.989939667533,0.07594483613331704,-0.824269815680509,4.0,0.0,0.3612430129008819,0.3612430129008819
268,1,2.9503091814647366e-7,8508.207032441458,0.3200392400010653,0.0013412604485569671,0.0002136550366252857,0.004344674653210954,-784.4573043285192,7.0,1.0,0.9550476861379054,-784.4573043285192,789.1591406143122,-0.7753372833715275,-0.8464285906310351,3.0,0.0,0.3612430129008819,0.3612430129008819
269,1,6.672996115293548e-7,6348.593257325851,0.1581985352100633,0.001938359560469001,0.0002651746309809365,0.008429383038584318,-780.9668257069519,7.0,1.0,1.0,-780.9668257069519,785.0319583506993,-0.039994522675215194,-0.10317081753089496,3.0,0.0,0.3612430129008819,0.3612430129008819
270,1,6.985377351284726e-7,5243.109119526144,0.16807970493308852,0.0018662524874190096,0.0002315485715870523,0.004065113561914634,-781.1279870118304,23.0,1.0,0.6514034682243051,-781.1279870118304,784.6586136302338,0.28901921511442197,1.154469247534621,4.0,0.0,0.3612430129008819,0.3612430129008819
271,1,4.731306839915255e-7,5514.859385710095,0.2480045125560769,0.0017098682404098162,0.0002700510621953436,0.011595626440256171,-781.0361095751955,15.0,1.0,0.9803259555306778,-781.0361095751955,782.71202359587,-0.00465442776362579,-0.1708596569335441,4.0,0.0,0.3612430129008819,0.3612430129008819
272,1,5.86846692867366e-7,5214.249042716007,0.20885010731833692,0.0017462341281556638,0.00024222545593887869,0.023781911953113785,-781.2852863673393,7.0,1.0,0.9122273002241627,-781.2852863673393,782.6875689343393,0.1340138347740094,0.23687740643356392,3.0,0.0,0.3612430129008819,0.3612430129008819
273,1,6.952133866405971e-7,5866.007399878662,0.23701379796977828,0.0019759662847217098,0.00027287993456233286,0.003415613794723165,-782.1172721465149,7.0,1.0,0.9298653915102466,-782.1172721465149,783.6763232227293,0.12156407513327849,0.42224910498373447,2.0,0.0,0.3612430129008819,0.3612430129008819
274,1,4.713932951241433e-7,5545.835439283355,0.2418653627691964,0.0015125077774441734,0.0002837695197564905,0.0033736053760128016,-781.8828793611026,15.0,1.0,0.9699295025837017,-781.8828793611026,783.5966118745024,-0.0701015691321345,-0.34712882401447587,3.0,0.0,0.3612430129008819,0.3612430129008819
275,1,6.329921294949254e-7,6642.873576262113,0.19440404475218676,0.0016748072548314174,0.0002530713435571662,0.003922334845497203,-781.3219355051914,31.0,1.0,0.9439643224599038,-781.3219355051914,783.3441494850578,-0.07440446076100216,0.2556878570967456,4.0,0.0,0.3612430129008819,0.3612430129008819
276,1,4.14992121275978e-7,6851.109492538309,0.1906702443187991,0.0014214312181567322,0.00022734787134708038,0.006550364513754202,-781.5801391070112,15.0,1.0,0.9984978322108362,-781.5801391070112,782.5117626635695,-0.0659598068195919,-0.1782333125652258,4.0,0.0,0.3612430129008819,0.3612430129008819
277,1,8.683140715567117e-7,4553.014252294819,0.2713473303378,0.0017783248972376567,0.00021145245963123078,0.015403234071198672,-781.3156709002515,15.0,1.0,0.9628624235351858,-781.3156709002515,785.6432804034771,-0.0684061879857154,-0.24737825278634773,3.0,0.0,0.3612430129008819,0.3612430129008819
278,1,6.880649090007481e-7,4829.7232814167155,0.24846991686539335,0.0017793521924597082,0.0002657496508628426,0.008255304092682872,-780.755132835025,7.0,1.0,0.9769434894832241,-780.755132835025,783.1062801334817,-0.032109598240253945,-0.13031879953643966,3.0,0.0,0.3612430129008819,0.3612430129008819
279,1,1.5619413552654455e-6,3848.3435486086405,0.25700777299461697,0.0013256228305537593,0.00023207212171345686,0.018981302185766404,-783.5013981313828,7.0,1.0,0.9643283235125707,-783.5013981313828,785.5601018471086,0.03082612996865919,0.11390090252905338,3.0,0.0,0.3612430129008819,0.3612430129008819
280,1,4.137046397418018e-7,6843.774704295718,0.13756762977437498,0.002491013346975596,0.0003221096112485475,0.01057797093436356,-784.0910083261591,15.0,1.0,0.9036675550052851,-784.0910083261591,786.904659886246,0.07983119285972862,0.21529163649483962,3.0,0.0,0.3612430129008819,0.3612430129008819
281,1,5.185876599111039e-7,7005.645509646817,0.19013758474389583,0.0017937003454110865,0.00031625304467892545,0.0325532353314398,-781.6030521154235,7.0,1.0,0.9977287075325457,-781.6030521154235,785.2012960112338,-0.06660726737129607,-0.09425571882286476,3.0,0.0,0.3612430129008819,0.3612430129008819
282,1,6.124239820193196e-7,5707.273551072373,0.18009923288396473,0.002086125220084672,0.000256611005183157,0.01569082833738808,-780.3218620122591,7.0,1.0,0.9818736141025853,-780.3218620122591,783.624088137274,-0.051953588882724944,-0.09453441252696848,3.0,0.0,0.3612430129008819,0.3612430129008819
283,1,5.013948824984621e-7,5789.714457066162,0.12687044381531032,0.002075738155917535,0.0002577500903472881,0.013941887328306571,-783.2683400882167,7.0,1.0,0.7425737041190891,-783.2683400882167,789.3526327876016,0.3248306734409425,0.5432075383670281,2.0,0.0,0.3612430129008819,0.3612430129008819
284,1,6.31220566335504e-7,5908.527201384359,0.27403540671088433,0.0013119993924224705,0.0003236003525733985,0.0023404835598097285,-783.8980229913892,15.0,1.0,0.9903611130139306,-783.8980229913892,786.8752703285696,-0.12138850316239314,-0.2681396527510742,3.0,0.0,0.3612430129008819,0.3612430129008819
285,1,5.162393693155038e-7,5525.169338259387,0.3080959039991159,0.0010011971209889943,0.00021426214445886395,0.004761027836496323,-785.3778639022843,7.0,1.0,0.8148972474056596,-785.3778639022843,789.3601182973681,0.12371319257738378,0.497012054903621,3.0,0.0,0.3612430129008819,0.3612430129008819
286,1,9.843434132132173e-7,4545.249848382673,0.2100431422534133,0.0020685966376756204,0.00017312849763008337,0.029989090540129302,-782.8634376776332,15.0,1.0,0.966228972729928,-782.8634376776332,787.9291426342678,0.03945313471933787,-0.3213442806503508,4.0,0.0,0.3612430129008819,0.3612430129008819
287,1,4.79820171364013e-7,7602.858655012481,0.22906705291207557,0.0011763915893923894,0.0003128034346085601,0.0017907236327482695,-785.8746792118621,15.0,1.0,0.6587958732847333,-785.8746792118621,793.42455171219,0.47871587661677495,0.9987653344817318,4.0,0.0,0.3612430129008819,0.3612430129008819
288,1,3.239008342712174e-7,6850.471090079639,0.19258379480453938,0.0025596575343196106,0.00023573071723886492,0.021295790824425724,-784.2561848159545,15.0,1.0,0.921134603411237,-784.2561848159545,792.5287674208755,-0.07544850669899006,1.1110120670136894,4.0,0.0,0.3612430129008819,0.3612430129008819
289,1,8.734935283228278e-7,5138.1076206707385,0.15601930931293068,0.0014422022996759718,0.00016313709037864865,0.01781543353939806,-783.3894164933008,15.0,1.0,0.9869093953133183,-783.3894164933008,786.9571388942586,0.007959928669265537,-0.3743361001542098,4.0,0.0,0.3612430129008819,0.3612430129008819
290,1,9.598985547480232e-7,6203.517383344816,0.19802325954788766,0.0016177127228773254,0.00016655708628636798,0.034635649928588134,-782.9872577711803,15.0,1.0,1.0,-782.9872577711803,785.360136096536,-0.0051177823746684226,-0.29576478511239657,3.0,0.0,0.3612430129008819,0.3612430129008819
291,1,6.485545530312902e-7,6964.474252317988,0.14647390852297812,0.001779879977426675,0.00012519594222562007,0.005451898874499747,-783.6684912995985,15.0,1.0,0.9943563770441962,-783.6684912995985,786.2339892099748,-0.2535446209967631,-0.33141848671880325,3.0,0.0,0.3612430129008819,0.3612430129008819
292,1,8.054110373676333e-7,6133.394704240054,0.14621949441605311,0.0014487756914340073,0.00024136728436321498,0.022559419607594892,-782.286108193068,7.0,1.0,0.9333232322590465,-782.286108193068,788.3215949008684,0.02031250561788056,0.15537061456291212,3.0,0.0,0.3612430129008819,0.3612430129008819
293,1,7.71694189226708e-7,5543.380733579453,0.18960599329757377,0.001464180971534072,0.00020795095575654337,0.02472718179898598,-781.1387492485745,7.0,1.0,0.9349866813756739,-781.1387492485745,784.0956602082821,0.035011760262136704,0.2808394461825401,3.0,0.0,0.3612430129008819,0.3612430129008819
294,1,9.38573548371111e-7,5641.0652313345345,0.19923336744559877,0.0015972734561303316,0.00021651477992042784,0.03569000004638135,-781.4558812974605,15.0,1.0,0.9698066482802027,-781.4558812974605,782.5295605430603,-0.013323330247658305,-0.10841042530057621,3.0,0.0,0.3612430129008819,0.3612430129008819
295,1,5.596975454312748e-7,5366.867769175647,0.24845010436456286,0.0016892563771234391,0.00032636280222968683,0.002601526039723186,-782.213712062852,15.0,1.0,0.8591961890860823,-782.213712062852,784.2697530333653,0.14784867993421358,0.2857893764604569,4.0,0.0,0.3612430129008819,0.3612430129008819
296,1,8.589367755279825e-7,6420.676132030162,0.16401318940581405,0.0018535901770211358,0.0002023967004238398,0.0017712763827389608,-783.6713695272056,7.0,1.0,0.8392639492492923,-783.6713695272056,788.9683800294,0.2832462692676927,0.36789035583649365,3.0,0.0,0.3612430129008819,0.3612430129008819
297,1,1.5598530960256962e-6,3401.9074745150338,0.2210506644785112,0.0017659332998778811,0.00036397783939079746,0.0011474326554063547,-784.5085414074359,15.0,1.0,0.9904029615391491,-784.5085414074359,787.2295274254093,-0.22565355974552403,-0.4189226842710241,3.0,0.0,0.3612430129008819,0.3612430129008819
298,1,7.739982273588105e-7,6089.189222216897,0.19308242030719558,0.0017854795032960066,0.00024480097739161034,0.053610823849974454,-782.7684452776167,15.0,1.0,0.9452164267552317,-782.7684452776167,786.1068093016005,-0.0887358532942244,-0.3882713734584513,4.0,0.0,0.3612430129008819,0.3612430129008819
299,1,6.722085503689939e-7,5094.646797106495,0.15293710251636963,0.001776837776725124,0.0004361857619597783,0.010496928204038447,-783.2215153712082,15.0,1.0,0.9403912908245986,-783.2215153712082,787.6892474073318,-0.01367724705812634,-0.15435113363844266,4.0,0.0,0.3612430129008819,0.3612430129008819
300,1,1.5850063684597584e-6,4191.87164588383,0.2310883763093607,0.0014125267961450332,0.0001681292703971758,0.023475091823212963,-783.748104367716,15.0,1.0,0.960056686729536,-783.748104367716,787.9088979992185,-0.013810265312372394,0.1479775116069959,4.0,0.0,0.3612430129008819,0.3612430129008819
301,1,1.2971238757061082e-6,4547.952535229736,0.21396614990282142,0.0013322860710296865,0.00016775821354487962,0.012036903724492364,-782.5049531883328,7.0,1.0,0.9947381099923612,-782.5049531883328,784.6902010215999,-0.04451527226080998,-0.11352929263523492,3.0,0.0,0.3612430129008819,0.3612430129008819
302,1,8.268325468743513e-7,5150.499442104737,0.2563313961790324,0.001254334333307042,0.00025663390641898927,0.011479292578668261,-781.4667456960822,15.0,1.0,0.9487830377032371,-781.4667456960822,784.6783809193138,-0.021346753102420735,0.12090384397208709,4.0,0.0,0.3612430129008819,0.3612430129008819
303,1,8.645814660123425e-7,5730.620277654625,0.23180343548816765,0.0016486847422113064,0.00021111249328558903,0.0408767160967749,-781.7485893647976,31.0,1.0,0.8669164749790836,-781.7485893647976,785.7915773649307,-0.3139388214843848,0.5230710254935502,4.0,0.0,0.3612430129008819,0.3612430129008819
304,1,9.658410903328383e-7,4945.160887582667,0.1766098113570264,0.0018289506429105657,0.00031209949898261953,0.0006399959892514619,-782.9858748835157,15.0,1.0,0.9339746068097807,-782.9858748835157,783.5027639704007,0.1015581309479785,0.11703668845461834,4.0,0.0,0.3612430129008819,0.3612430129008819
305,1,1.6412404829033619e-6,4044.60683501921,0.24396018670050915,0.0016563516261356383,0.00024195043170524596,0.007175225754029778,-782.2387269636845,15.0,1.0,0.9753100266256661,-782.2387269636845,784.7511530205495,0.061819853472229624,-0.12839871791800306,4.0,0.0,0.3612430129008819,0.3612430129008819
306,1,1.322493774125896e-6,4742.540748004431,0.20732053935826975,0.0021577907288416894,0.00028786751580352796,0.01975902695371968,-782.042510702306,7.0,1.0,0.9562585943486965,-782.042510702306,787.0760227637265,0.06516301989802287,0.1601083593434396,3.0,0.0,0.3612430129008819,0.3612430129008819
307,1,1.4097711213189456e-6,4106.228980322088,0.2006975100260919,0.0011915910840461042,0.0003220401199988324,0.005375166303623473,-783.9485245434787,7.0,1.0,0.857794298912688,-783.9485245434787,787.1965816539943,-0.04288027306051845,0.3101537858603933,3.0,0.0,0.3612430129008819,0.3612430129008819
308,1,8.511602196268204e-7,4790.564839503033,0.24327292342136958,0.0021559895486659105,0.0002085676647739631,0.020714378395290244,-781.5644190690438,7.0,1.0,0.9470109073189609,-781.5644190690438,786.3084789226024,-0.04151152864767482,0.1459475627983693,3.0,0.0,0.3612430129008819,0.3612430129008819
309,1,1.1617401981549348e-6,5119.812315920064,0.18733336368614611,0.0020229857068803183,0.00019019164723569284,0.010336384804486717,-781.3463982294626,7.0,1.0,0.9702938123128735,-781.3463982294626,783.79667484924,0.02101139515309569,0.10817011903213825,3.0,0.0,0.3612430129008819,0.3612430129008819
310,1,7.850952589488825e-7,4913.704769779553,0.12473984651766364,0.0019239774180055853,0.0002644039688136285,0.0031189252151388198,-783.3338523255313,15.0,1.0,0.9299868441020739,-783.3338523255313,784.7463270888085,0.1391215253485143,0.24531037825943258,4.0,0.0,0.3612430129008819,0.3612430129008819
311,1,7.363215617739572e-7,3409.9944351162485,0.17754696449709792,0.0021086193722121248,0.00024790810371674914,0.006952823493122711,-786.8916259194084,15.0,1.0,0.6769872950388315,-786.8916259194084,792.5838311274513,0.5383186999588361,1.0436945219696554,3.0,0.0,0.3612430129008819,0.3612430129008819
312,1,7.489186871914455e-7,4028.2377431352256,0.18154853946235058,0.0024887229908697405,0.0002723474252464188,0.0071146718617487,-784.8386469620721,7.0,1.0,0.9652175991452742,-784.8386469620721,788.5657735895721,-0.1599070338626234,-0.6866417384717352,3.0,0.0,0.3612430129008819,0.3612430129008819
313,1,1.412720875992972e-6,5745.594211730256,0.13150396045184223,0.0019394105209582196,0.0002449087155491213,0.030623688197119307,-786.4332839512529,7.0,1.0,0.9174221537328362,-786.4332839512529,788.423456199534,0.6844430968086499,0.6844430968086499,3.0,0.0,0.3612430129008819,0.3612430129008819
314,1,6.199422754989337e-7,6003.247685047596,0.2871298654097457,0.001528879442986328,0.00033546284863670975,0.004977204439119991,-783.6549386840277,15.0,1.0,1.0,-783.6549386840277,787.3525137738675,-0.4167288127845268,-0.9934801780552789,4.0,0.0,0.3612430129008819,0.3612430129008819
315,1,7.054791982249882e-7,5624.961601680739,0.2546468708333474,0.0016148152651780522,0.0003235825260087796,0.005722122447122528,-781.8735415350995,3.0,1.0,0.7740299797870827,-781.8735415350995,786.2268758015006,-0.159267628216071,0.9594586392076963,2.0,0.0,0.3612430129008819,0.3612430129008819
316,1,6.72110545191256e-7,5024.732822607989,0.19665839108416186,0.0014311260746477372,0.0002255165710663968,0.024471466976649037,-782.802453251562,15.0,1.0,0.8575387873003758,-782.802453251562,785.4564875261711,0.2711043306777583,0.3765342652983463,4.0,0.0,0.3612430129008819,0.3612430129008819
317,1,1.0338008043574237e-6,5037.894958696982,0.22464183012525832,0.0019187632102728913,0.0002093051856357879,0.00841658753798535,-780.7489950010164,11.0,1.0,0.9859270497473335,-780.7489950010164,782.9273879756671,-0.5076167167438825,-0.5841953844443424,3.0,0.0,0.3612430129008819,0.3612430129008819
318,1,8.880432873221833e-7,5486.889623434902,0.22166587182997755,0.0019565193549167252,0.0002211189959021271,0.034008300953094844,-780.8205190582024,7.0,1.0,0.826391938427479,-780.8205190582024,783.9993847264242,-0.2658695547622756,0.5991479952866712,3.0,0.0,0.3612430129008819,0.3612430129008819
319,1,1.5486560388432002e-6,4002.0066507077568,0.21875969353189414,0.0018484289363463696,0.00021840748007575576,0.006963468603101052,-781.874830077175,7.0,1.0,0.9072138868266172,-781.874830077175,784.2834564624944,0.08516891081637823,0.1804053665732681,3.0,0.0,0.3612430129008819,0.3612430129008819
320,1,7.315476866878494e-7,5506.9418732219565,0.17763869185721118,0.0017048876974592839,0.0002713457954062423,0.003595852505573695,-780.6431467972178,15.0,1.0,0.9817888426038999,-780.6431467972178,783.4991356691772,-0.025194953907430317,0.054631218175472895,4.0,0.0,0.3612430129008819,0.3612430129008819
321,1,6.163410188197847e-7,5284.590510651696,0.2754095421435359,0.0014942692196895878,0.00026062032253197556,0.008262240222101275,-780.9812898109012,15.0,1.0,0.9346894055623102,-780.9812898109012,782.773138789801,0.07428737665293283,0.1469100117230937,4.0,0.0,0.3612430129008819,0.3612430129008819
322,1,8.386649851727469e-7,5318.685463128556,0.3230904228422653,0.0015831552155262118,0.00024207421854017825,0.025926168819029934,-782.5127491831352,7.0,1.0,0.9121312344439264,-782.5127491831352,784.0005539573561,-0.022708317770252506,0.29780484062212054,3.0,0.0,0.3612430129008819,0.3612430129008819
323,1,9.182841994925721e-7,5291.294607374211,0.1720202276935735,0.0019038197820336175,0.0002995225443255295,0.006702514536278551,-780.862676715263,7.0,1.0,0.9474966966522983,-780.862676715263,784.7528501649302,-0.06138300820339282,0.12051896208879498,3.0,0.0,0.3612430129008819,0.3612430129008819
324,1,5.560043009626762e-7,6336.872870059758,0.22830184574102855,0.001428475357236872,0.00019422115466191049,0.02506090585989233,-781.2430381719421,15.0,1.0,0.8085165998571477,-781.2430381719421,784.5022037715461,-0.07971533678869491,0.48553971187084244,3.0,0.0,0.3612430129008819,0.3612430129008819
325,1,3.5554223681935935e-7,8952.844142002985,0.20154250829211892,0.0020303034029880503,0.00017653689783492317,0.0038060267843533775,-783.8882307981047,15.0,1.0,0.9186497993174828,-783.8882307981047,786.3045640687507,0.13918672069291915,0.2406479816979754,4.0,0.0,0.3612430129008819,0.3612430129008819
326,1,5.23234942656429e-7,7088.8428336371235,0.24391270309271046,0.0014723103584865286,0.0002651014515435345,0.03052019858836776,-781.9955881534866,15.0,1.0,0.9962092964407925,-781.9955881534866,784.6929549237271,-0.08512584027835146,-0.17062826376627527,4.0,0.0,0.3612430129008819,0.3612430129008819
327,1,7.752229703134504e-7,5158.781643331408,0.21957327791398204,0.0016324316961418238,0.0003286342346565058,0.008858779625133924,-780.6393097186797,15.0,1.0,0.8475952319428917,-780.6393097186797,784.8939628498683,0.12825077587081068,0.2769784984506032,3.0,0.0,0.3612430129008819,0.3612430129008819
328,1,6.359057804063879e-7,5342.484049948773,0.18202773442618908,0.00205842874279472,0.00022559212017158104,0.02600753897874788,-781.3294312284894,15.0,1.0,0.7872843862113987,-781.3294312284894,783.506038891104,0.18518835695704183,0.7377086266972128,4.0,0.0,0.3612430129008819,0.3612430129008819
329,1,7.486950055126737e-7,4974.562386894963,0.29150925375699693,0.0014884169751829778,0.00019586613391987128,0.01497587892874748,-781.5327557653496,15.0,1.0,0.9327463536942093,-781.5327557653496,783.9098563524626,-0.18581577681902672,-0.4371645128437649,4.0,0.0,0.3612430129008819,0.3612430129008819
330,1,9.011081891981588e-7,4830.2701557058035,0.16530542666666387,0.0018390570197896804,0.0002514629319230802,0.011748383553671776,-780.4238445241293,15.0,1.0,0.9541007989999389,-780.4238445241293,782.4370783814792,-0.019739867358794072,0.17004606643115494,3.0,0.0,0.3612430129008819,0.3612430129008819
331,1,9.024846506219186e-7,4234.716402232855,0.2549209654406728,0.001790305485179446,0.00027633835902513243,0.017648341929846177,-781.2879643294983,7.0,1.0,0.8645435735916751,-781.2879643294983,782.7500538310624,0.0814443004471741,0.3348571975438972,3.0,0.0,0.3612430129008819,0.3612430129008819
332,1,8.05054129367669e-7,5076.112563203229,0.15360403150619434,0.0017641444059551536,0.0002493511202455131,0.014514516383500481,-780.8418647471273,15.0,1.0,0.9919899605563597,-780.8418647471273,782.1760256160017,0.015248006441879625,-0.10915273566115502,4.0,0.0,0.3612430129008819,0.3612430129008819
333,1,5.641597158545527e-7,5898.497445832397,0.20747818828389472,0.001302273289899993,0.0002094738745657908,0.00571802953805494,-781.6127200656689,15.0,1.0,0.9398750833036942,-781.6127200656689,783.0691721339903,-0.018051687098250113,0.23192678061582228,4.0,0.0,0.3612430129008819,0.3612430129008819
334,1,1.7872618749502539e-6,3700.875384767564,0.24500527043748782,0.0015896759347258371,0.00019766143459343835,0.011400685305635965,-783.1756568260555,15.0,1.0,0.9860579954789029,-783.1756568260555,785.6800376643594,-0.06141225776366355,-0.11287982607871072,4.0,0.0,0.3612430129008819,0.3612430129008819
335,1,5.76755484972036e-7,6014.217002222727,0.15783361070367194,0.0013028955074428346,0.00017779645375116523,0.011299684238163134,-783.6382186348533,31.0,1.0,0.8959528821256367,-783.6382186348533,788.391581707222,0.22791128645633307,0.22850428369326892,4.0,0.0,0.3612430129008819,0.3612430129008819
336,1,4.801221588350562e-7,7963.803480201902,0.17473546320314742,0.0016622237963708,0.0002783921661973729,0.00956095580484104,-782.3818084522655,15.0,1.0,0.9850402074471163,-782.3818084522655,787.3390395723756,-0.2908399632996179,-0.58020174909052,4.0,0.0,0.3612430129008819,0.3612430129008819
337,1,1.21982099528721e-6,3521.538415003753,0.2483363854042924,0.0016889470971449398,0.0002530377769130888,0.016595055441008647,-783.0054565492449,15.0,1.0,0.9803047260272622,-783.0054565492449,785.4986290077751,-0.02223621285088484,-0.34724122700538373,4.0,0.0,0.3612430129008819,0.3612430129008819
338,1,5.684431839408108e-7,5793.875046973364,0.2270917710840062,0.0017017512415992166,0.00022033415922444782,0.017235731616476964,-780.0863471922489,15.0,1.0,0.9558269566982744,-780.0863471922489,785.4383654331376,-0.25423946374951356,-0.26645400551899456,3.0,0.0,0.3612430129008819,0.3612430129008819
339,1,1.0021004216978036e-6,5186.374674284971,0.20405587887837046,0.0017583602621316558,0.00025820017914419464,0.00285503992678904,-781.2599566028528,15.0,1.0,0.959003286097925,-781.2599566028528,781.8957821885103,0.10817563388479812,0.10817563388479812,4.0,0.0,0.3612430129008819,0.3612430129008819
340,1,6.588686279634664e-7,4864.350130353863,0.2131058496389586,0.001828636248506594,0.0002359435321129836,0.025145583080964044,-781.6713371120939,15.0,1.0,0.8193601351282882,-781.6713371120939,783.8702317974438,0.2807905324032163,0.527153838380741,4.0,0.0,0.3612430129008819,0.3612430129008819
341,1,8.535906834269389e-7,5224.921941070167,0.18407917292331716,0.0016638172634403422,0.00020581223705923746,0.006899661580254302,-780.2784617482358,7.0,1.0,0.9679336013814771,-780.2784617482358,784.4587615622528,-0.24529655519029347,-0.2931011539441215,2.0,0.0,0.3612430129008819,0.3612430129008819
342,1,1.0009112310027698e-6,4517.214437523808,0.1925982460659531,0.0016709321116376978,0.00016919812578209295,0.007523743747464921,-782.0713887729979,7.0,1.0,0.8368764481702193,-782.0713887729979,783.1461775595135,0.24076315028207773,0.4079142197311967,3.0,0.0,0.3612430129008819,0.3612430129008819
343,1,1.2374338513949135e-6,5376.036253084919,0.20478392904513365,0.0017122950240757333,0.0001756656401508168,0.005785923883653455,-782.6535901314056,3.0,1.0,0.6993754543909357,-782.6535901314056,785.0085850452706,-0.29360618109046754,0.6993547122143582,2.0,0.0,0.3612430129008819,0.3612430129008819
344,1,5.565243185199234e-7,5430.1509475720395,0.22107132355505502,0.0019417923397203518,0.0002761218134359874,0.021931228032983637,-780.6571481576591,15.0,1.0,0.9998712534997334,-780.6571481576591,783.4806349122706,-0.2369479806181971,-0.4009166394857857,4.0,0.0,0.3612430129008819,0.3612430129008819
345,1,2.5572287969054673e-6,2498.7998267425337,0.19919212212319884,0.0014605663262551574,0.00027863675031657365,0.004378959766722791,-786.608389254041,15.0,1.0,0.9626828367103438,-786.608389254041,788.1293613841394,0.08401235055134748,0.13550822326544676,4.0,0.0,0.3612430129008819,0.3612430129008819
346,1,8.369280841011753e-7,5290.784207515157,0.17056541954407659,0.001824812741309516,0.00033188049759344426,0.03328725128376768,-781.3319353680369,15.0,1.0,0.9142881554345187,-781.3319353680369,790.4109553806644,-0.06735865527275564,0.3219978800437957,4.0,0.0,0.3612430129008819,0.3612430129008819
347,1,9.612008375785374e-7,4612.138503150657,0.1972396592492105,0.0017355438609927354,0.00029191309134677084,0.03699039793807306,-781.8799131226825,3.0,1.0,0.5806025447450006,-781.8799131226825,787.277475213679,-0.051648763344019244,2.0468374600053494,2.0,0.0,0.3612430129008819,0.3612430129008819
348,1,6.293380770538285e-7,5888.491167444945,0.21259315613148208,0.0019584714957335447,0.00028355259131855853,0.0049611020121785076,-780.9847264072731,15.0,1.0,1.0,-780.9847264072731,782.7612095932691,-0.07626305583016801,-0.22341335466512646,4.0,0.0,0.3612430129008819,0.3612430129008819
349,1,9.594285876689645e-7,4696.197983133446,0.1878151797445285,0.001624626376670655,0.0002379262105232446,0.008709018534144814,-780.3660204662314,15.0,1.0,0.9773033710476203,-780.3660204662314,782.3887988585651,-0.026821474434882475,0.14693301590477859,4.0,0.0,0.3612430129008819,0.3612430129008819
350,1,5.429760053386571e-7,6583.775894555879,0.1854771775549766,0.0013878422487115449,0.0002694067622301684,0.011798734120513514,-781.131778448042,15.0,1.0,0.954057071349173,-781.131778448042,783.3639094288477,-0.05397274873701008,0.13340950351891934,4.0,0.0,0.3612430129008819,0.3612430129008819
351,1,7.861568167880771e-7,5561.732291089199,0.21644844152090628,0.0018411788643463154,0.00018696847568533593,0.0174094464426112,-780.0714857198834,15.0,1.0,0.9988490465695984,-780.0714857198834,781.7976843690961,-0.05309646898660958,-0.05309646898660958,4.0,0.0,0.3612430129008819,0.3612430129008819
352,1,6.305410361061985e-7,6190.979256027925,0.18903273323035055,0.0017989411602845659,0.0002687816958450045,0.01207233901223411,-779.9502629641378,15.0,1.0,0.9844884121084959,-779.9502629641378,780.6830385359679,0.02062365596714244,0.032933656188902205,4.0,0.0,0.3612430129008819,0.3612430129008819
353,1,9.264060244764135e-7,4966.372816783281,0.16711452156917117,0.0021452695303466646,0.0003178463705002065,0.011030010094972412,-781.0559742449,15.0,1.0,0.966521365727242,-781.0559742449,783.5880890007182,-0.008152350848376955,0.15926461939761793,4.0,0.0,0.3612430129008819,0.3612430129008819
354,1,1.0932088249997392e-6,4952.6382646544635,0.19918892220091605,0.0015896944531627417,0.00021665211784604527,0.011124422293002678,-780.2579863905232,7.0,1.0,1.0,-780.2579863905232,781.474000817873,-0.033339932062290245,-0.038262305938928876,3.0,0.0,0.3612430129008819,0.3612430129008819
355,1,1.1528234683905781e-6,4908.409793985658,0.19434395640349572,0.001482423443017046,0.00021248604659367023,0.00998978341451292,-780.7475289805712,7.0,1.0,0.9873958382667747,-780.7475289805712,781.211220199833,0.01934343141442696,0.031393483831720914,3.0,0.0,0.3612430129008819,0.3612430129008819
356,1,7.434958187138706e-7,5841.063496480355,0.22189521987694694,0.0018173270817358565,0.00019190401552698067,0.02186272771714513,-780.1144541471248,15.0,1.0,0.9663499734000314,-780.1144541471248,782.3095400998997,-0.059566892586644826,0.0819618474112076,3.0,0.0,0.3612430129008819,0.3612430129008819
357,1,1.123460906679874e-6,4727.338305108103,0.21037393459950715,0.0015276556708586214,0.0002648936448529767,0.0013618969049839019,-781.9937277838387,15.0,1.0,0.8237047011803241,-781.9937277838387,783.6774518360285,0.11884148391720828,0.3243165081831876,4.0,0.0,0.3612430129008819,0.3612430129008819
358,1,1.352483622010532e-6,4443.845031684704,0.198666711162048,0.001406183278161695,0.0001953424474622365,0.00020743584387462513,-784.8340975389634,15.0,1.0,0.9515333351870925,-784.8340975389634,785.7800212674608,-0.009114148227467922,-0.43243765555882874,3.0,0.0,0.3612430129008819,0.3612430129008819
359,1,7.895625479553658e-7,5532.589160592989,0.17375204765114746,0.0018739135857805797,0.0003341379676954812,0.06834622992040457,-785.5691072541385,15.0,1.0,0.9262300644648968,-785.5691072541385,789.7521626898964,0.18836752650452127,-0.3948408927562923,4.0,0.0,0.3612430129008819,0.3612430129008819
360,1,6.527336852666511e-7,5323.4564761342135,0.22095537665766385,0.002115939543741935,0.00017811951604001632,0.004507460328096344,-782.3974053834108,7.0,1.0,1.0,-782.3974053834108,787.0543552701027,-0.5061528846332521,-0.9446330408403583,3.0,0.0,0.3612430129008819,0.3612430129008819
361,1,1.677242410761119e-7,11406.14569293453,0.22459100725913853,0.001222361254264232,0.0002937149258668116,0.01039610699997735,-787.0722466315829,15.0,1.0,0.9472462035154824,-787.0722466315829,790.3893528372882,0.06293760616915733,0.13562208988685143,4.0,0.0,0.3612430129008819,0.3612430129008819
362,1,6.418140390627716e-7,5425.838532705489,0.183136610793607,0.002411966636841211,0.00019790678145821834,0.01426735009262385,-782.4135074256889,15.0,1.0,0.9784576758758526,-782.4135074256889,789.8295479311711,-0.03460756484673766,-0.22145578749984907,4.0,0.0,0.3612430129008819,0.3612430129008819
363,1,1.170884925405766e-6,4287.211164647053,0.28666437825121627,0.0015803927860379003,0.0002697909137124605,0.00991702983060073,-781.8505456091091,15.0,1.0,0.9990009338125101,-781.8505456091091,785.4857369793065,-0.08881778028103327,-0.2162790463779629,4.0,0.0,0.3612430129008819,0.3612430129008819
364,1,1.2046106365829477e-6,3095.09132954519,0.17111476415234886,0.0023292224495330156,0.0003307016266111399,0.008650700487502721,-784.8590215300195,15.0,1.0,0.8548710845299483,-784.8590215300195,787.4306029187591,0.20417392122078581,0.40638318727292244,4.0,0.0,0.3612430129008819,0.3612430129008819
365,1,1.341445869880992e-7,8306.595167915451,0.27147798987597105,0.001732560026248326,0.0003039439483082383,0.002334741918339096,-787.90956529476,15.0,1.0,0.819807091868096,-787.90956529476,792.817410034098,0.23901415277578053,0.8048222010444306,4.0,0.0,0.3612430129008819,0.3612430129008819
366,1,1.2912106061940397e-6,3504.5222414803707,0.337665933681978,0.0016766914214178792,0.00022202411945373326,0.023206372392912566,-785.592937099171,15.0,1.0,0.978055925923297,-785.592937099171,791.225211460656,-0.06809841269978278,-0.4608061928729512,4.0,0.0,0.3612430129008819,0.3612430129008819
367,1,2.9230703050362464e-7,7649.198722015111,0.2566824765242529,0.0018915352843253876,0.00019710772615346483,0.006393986827104835,-782.8061554772852,15.0,1.0,0.9476415437394274,-782.8061554772852,787.7223790304201,-0.11166258425464548,-0.22026157079380937,4.0,0.0,0.3612430129008819,0.3612430129008819
368,1,1.0812561531325725e-6,5175.188067058136,0.17584777321463643,0.0014180552020087512,0.00025025229104376435,0.002645080734726438,-782.029792881342,15.0,1.0,0.9904847175179828,-782.029792881342,784.1792582361193,-0.006916331188449476,-0.16911263437373236,4.0,0.0,0.3612430129008819,0.3612430129008819
369,1,1.769132318869838e-6,3520.3129669341565,0.19903267106663694,0.0020852217608058688,0.0002437281884949689,0.0026200730947145393,-783.8864955552675,7.0,1.0,0.9343355969525591,-783.8864955552675,785.4789947918586,0.009851442033891544,0.13068908502168597,3.0,0.0,0.3612430129008819,0.3612430129008819
370,1,9.572090901524154e-7,4743.694539630828,0.15046452186114445,0.0016773545594408895,0.0003771811289743877,0.00625759722550625,-782.3907925780355,15.0,1.0,0.9967719909095213,-782.3907925780355,785.4988564550861,-0.0010572705431286522,-0.09813074374380903,3.0,0.0,0.3612430129008819,0.3612430129008819
371,1,6.428850696885792e-7,6732.8443707382,0.18496456101486636,0.0013210904163885033,0.00016941931175982677,0.0010843037418264722,-783.4838275640237,15.0,1.0,0.5359050018110232,-783.4838275640237,792.9169247794616,0.7491968539519576,1.8802943502141716,4.0,0.0,0.3612430129008819,0.3612430129008819
372,1,1.0299210743212509e-6,5432.759062024326,0.22363003103862394,0.0011444833744209744,0.00016205250748041624,0.010688073441607486,-783.1642077946743,15.0,1.0,0.9750346827434206,-783.1642077946743,787.2867933772344,-0.02083212179536531,0.11076700363162217,3.0,0.0,0.3612430129008819,0.3612430129008819
373,1,7.804256662318337e-7,5462.535678158198,0.20667183949723686,0.002381563362180447,0.0002049133604299027,0.014466472059637957,-781.7263063292963,7.0,1.0,0.9968212801146492,-781.7263063292963,784.3975327038053,-0.03507958367708852,-0.09281701440124834,3.0,0.0,0.3612430129008819,0.3612430129008819
374,1,6.311730254522681e-7,5765.790484232152,0.2156091490523886,0.0018365495800583354,0.00019129648911963564,0.008437821451004189,-780.2905766059064,15.0,1.0,0.9814112475466709,-780.2905766059064,782.8774695204748,-0.06928078790588188,-0.09114760188981563,3.0,0.0,0.3612430129008819,0.3612430129008819
375,1,7.774800371023293e-7,4714.2366293174455,0.23648518693482137,0.0017587769020109435,0.00024385286563889061,0.0030766340567008337,-781.2070625579531,15.0,1.0,0.952794313969414,-781.2070625579531,784.5382988351842,0.041265527615678366,0.09850272891549139,3.0,0.0,0.3612430129008819,0.3612430129008819
376,1,3.823038659520821e-7,6133.510481098052,0.20437027382989453,0.0020805538566837103,0.00032525683501452525,0.020361333292905223,-781.9524018988664,15.0,1.0,0.937444897599571,-781.9524018988664,784.2675014525823,0.059104328316379906,0.14240461897861678,4.0,0.0,0.3612430129008819,0.3612430129008819
377,1,6.025855303339663e-7,7297.378649918621,0.2040108967122015,0.002261651948756138,0.0002816046062698379,0.024118741553362473,-783.4181088238306,7.0,1.0,0.73248015510567,-783.4181088238306,790.143597092016,-0.5975980548038251,-0.5975980548038251,3.0,0.0,0.3612430129008819,0.3612430129008819
378,1,7.555896532181107e-7,5384.364944330329,0.25083118403104715,0.0013746760756853718,0.00022177148787258118,0.002086682959396853,-781.57627762487,15.0,1.0,1.0,-781.57627762487,785.4596225051561,-0.4592628904688354,-0.648389251366666,4.0,0.0,0.3612430129008819,0.3612430129008819
379,1,6.697081379083147e-7,5996.871448260843,0.17048515466956965,0.0018869216448877308,0.00020858803455070247,0.027147255360058818,-780.6596993106497,15.0,1.0,0.9505001200223693,-780.6596993106497,782.8628785784983,-0.05522424297748785,0.14652178162793916,4.0,0.0,0.3612430129008819,0.3612430129008819
380,1,5.699532720811346e-7,6875.0619908255,0.1871862179160373,0.0017715642384196777,0.00020741817163695921,0.015943895536640385,-780.2886674176665,7.0,1.0,0.9619028985928139,-780.2886674176665,781.9695238919546,-0.01717665337798735,0.10438376896627233,3.0,0.0,0.3612430129008819,0.3612430129008819
381,1,6.723648842683394e-7,5320.644238209987,0.2151274838906338,0.0019458236973187372,0.00035709192587868516,0.01866649356153799,-780.9427325454365,15.0,1.0,0.9958270120655659,-780.9427325454365,781.5420449516517,0.014714956185798655,-0.02895173561591946,4.0,0.0,0.3612430129008819,0.3612430129008819
382,1,1.1387609610779867e-6,4648.474718524116,0.19172174832745376,0.0017724342266459412,0.0002485343279802012,0.012024180523502742,-780.1255765296511,15.0,1.0,0.9997177383787096,-780.1255765296511,781.5361671293224,-0.04816479128555784,-0.04816479128555784,4.0,0.0,0.3612430129008819,0.3612430129008819
383,1,8.399894112252568e-7,5595.221375006019,0.2035729289801286,0.0018120014374244627,0.0001844059410117861,0.011935141575255926,-780.1325400388524,15.0,1.0,0.8803389519030913,-780.1325400388524,781.8674135289161,-0.018357927562874465,0.2220670404590237,3.0,0.0,0.3612430129008819,0.3612430129008819
384,1,6.588127630575724e-7,4825.95363846666,0.223722293800777,0.001802290942555471,0.00029117582209349914,0.004537952790672106,-781.1543560332955,15.0,1.0,0.9357694563075613,-781.1543560332955,782.4457497064604,0.09248504968184079,0.12785177713033136,4.0,0.0,0.3612430129008819,0.3612430129008819
385,1,1.0610820500567033e-6,5191.770783966734,0.192017998230067,0.0020697469300317854,0.00022470090570885924,0.030795685159695114,-780.9517141366933,15.0,1.0,0.9696157618227688,-780.9517141366933,783.3951337575219,-0.12133837323244734,-0.12133837323244734,3.0,0.0,0.3612430129008819,0.3612430129008819
386,1,3.401605650352607e-7,6408.03032899394,0.21004830169187658,0.001737159472431716,0.00034841104778264733,0.00682555722424457,-782.4672158615704,15.0,1.0,0.7186965545762781,-782.4672158615704,784.5504465365392,0.35636657279474093,0.6965001804666144,4.0,0.0,0.3612430129008819,0.3612430129008819
387,1,4.401159123885366e-7,7059.901079441186,0.2284718976882593,0.001582892372789003,0.00022128566774573964,0.017765032478622673,-780.5093869901325,7.0,1.0,0.9724447996499963,-780.5093869901325,783.5399546300589,-0.16252555277367264,-0.16252555277367264,3.0,0.0,0.3612430129008819,0.3612430129008819
388,1,3.593011777382786e-7,7430.951867113967,0.1591940328503456,0.0024783408276529265,0.00015289425398778587,0.008647080220376349,-785.6040673504446,7.0,1.0,0.8151753884093715,-785.6040673504446,788.2768212477537,0.25333395869733977,0.4525788348212245,3.0,0.0,0.3612430129008819,0.3612430129008819
389,1,1.5393144947704327e-6,3718.180326755041,0.25300049388109896,0.0012184108706816347,0.0003565365603316142,0.0045282091283781085,-785.2447750029912,15.0,1.0,1.0,-785.2447750029912,787.5959274668829,-0.04437837486955232,-0.29408221204244,4.0,0.0,0.3612430129008819,0.3612430129008819
390,1,6.046427791913625e-7,5737.32797130593,0.20136033281034674,0.001640451428513939,0.00026064425275464684,0.006730036382750075,-780.076094017025,15.0,1.0,1.0,-780.076094017025,786.8173759958054,-0.16057339738154042,-0.16057339738154042,4.0,0.0,0.3612430129008819,0.3612430129008819
391,1,6.335550379717253e-7,5884.230604420359,0.19162897958465389,0.001872529328380738,0.0001833175515136579,0.009761136711335681,-780.4489938103551,15.0,1.0,0.948977041642563,-780.4489938103551,783.437750448322,0.019785006849815545,0.13973391119679945,4.0,0.0,0.3612430129008819,0.3612430129008819
392,1,1.1906667072195233e-6,4333.736040458878,0.20340512315245762,0.0017831217149427688,0.0003376182731146324,0.01588597579717354,-780.9240357790242,15.0,1.0,0.9855323546936536,-780.9240357790242,782.2008221199007,-0.032512669439370256,-0.08040130485312602,3.0,0.0,0.3612430129008819,0.3612430129008819
393,1,7.275702501413215e-7,5766.305905643072,0.21577484756349147,0.0014240894125626092,0.00013835549422978579,0.0017623414057765957,-782.8009122303941,15.0,1.0,0.9224797126904375,-782.8009122303941,785.1522442455993,0.08864541013383587,0.24704542503138782,3.0,0.0,0.3612430129008819,0.3612430129008819
394,1,8.622858403903051e-7,4625.429496875161,0.24168064464854108,0.0013258500218299076,0.00018515496162888046,0.0006606744935629906,-784.0569842400282,15.0,1.0,0.8214684556953405,-784.0569842400282,787.6796994689832,0.2816996885165963,0.5861341389689869,3.0,0.0,0.3612430129008819,0.3612430129008819
395,1,8.387177882693812e-7,4449.206976083899,0.1641446304377819,0.0019615258646200956,0.00028686322585075134,0.0007925523281506154,-783.3873959924515,15.0,1.0,0.9834825178892376,-783.3873959924515,784.99014540228,-0.049907278467912874,-0.4280270399906385,3.0,0.0,0.3612430129008819,0.3612430129008819
396,1,8.643078746557193e-7,5274.144823723419,0.2008577884519074,0.001961860927711461,0.00026154189114388276,0.0014396702812999212,-781.958821786825,7.0,1.0,0.9980373585087767,-781.958821786825,783.6901893106434,-0.06685968591818892,-0.1369797337640648,3.0,0.0,0.3612430129008819,0.3612430129008819
397,1,5.628154664525507e-7,4988.148791101632,0.17478635717368313,0.0016248696271276206,0.00043041952614207866,0.019915439296329995,-783.7192583861278,7.0,1.0,0.8972710107451141,-783.7192583861278,786.6404068172744,0.09043395067567417,0.36199246449166367,3.0,0.0,0.3612430129008819,0.3612430129008819
398,1,8.813141084856976e-7,4906.830566193405,0.18871229751142746,0.0017982357912837206,0.00011466408598400137,0.0001336989578783768,-787.8289469376333,11.0,1.0,0.8462863304657563,-787.8289469376333,790.9665979203043,0.31311581691920765,0.48348490260411836,3.0,0.0,0.3612430129008819,0.3612430129008819
399,1,6.943272127487521e-7,6892.89907631961,0.20092849445646774,0.0013630860697621675,0.00017248057375836943,0.0002875404254785868,-785.1489753494197,7.0,1.0,0.8832191505026588,-785.1489753494197,790.7436614218537,-0.13109926539812022,0.6352625650453092,2.0,0.0,0.3612430129008819,0.3612430129008819
400,1,1.1087772542324544e-6,4257.821093160294,0.23240677189185582,0.001398567069119566,0.0004478925535170925,0.03474730643918837,-785.7401007908505,15.0,1.0,0.9337291821773074,-785.7401007908505,788.9019218817095,-0.32959266633054085,-0.32959266633054085,4.0,0.0,0.3612430129008819,0.3612430129008819
401,1,1.2299635313384664e-6,3771.864415176441,0.2019339743205835,0.0021134607668083076,0.0003025476511799741,0.008031565717550523,-782.0496343248263,7.0,1.0,0.9973603441624367,-782.0496343248263,787.4686778247906,-0.19167900198544885,-0.23487278273387346,3.0,0.0,0.3612430129008819,0.3612430129008819
402,1,6.828599972395389e-7,5899.1144654371265,0.21406757837082138,0.0014532428683212057,0.0002119225866018121,0.023946452243326245,-780.6933964242443,15.0,1.0,0.9995734102914395,-780.6933964242443,782.9658642277041,-0.042345473085561025,-0.07847148121084047,3.0,0.0,0.3612430129008819,0.3612430129008819
403,1,7.661420096461588e-7,5537.499396691115,0.1943359668960372,0.0017421955941165552,0.0001496619754615519,0.009951136842751354,-781.153098617416,7.0,1.0,0.9639123258921634,-781.153098617416,783.0001225628142,0.032120402708073925,0.12274203082029089,3.0,0.0,0.3612430129008819,0.3612430129008819
404,1,7.088608928914187e-7,6637.091623065066,0.1369280242244517,0.0013880486447664878,0.00020346678121415266,0.01631082856726993,-783.132452452286,7.0,1.0,0.8964608409279811,-783.132452452286,787.2842580678705,0.09538700466123373,0.2916777941827604,2.0,0.0,0.3612430129008819,0.3612430129008819
405,1,7.068937803725244e-7,5576.98737018273,0.2063767859517103,0.0015847042089201784,0.0002763573575582037,0.02259321820491108,-780.1769716320944,7.0,1.0,0.9871849292419724,-780.1769716320944,784.2428667198283,-0.1261128618583598,-0.15094861128636694,2.0,0.0,0.3612430129008819,0.3612430129008819
406,1,6.081849753994162e-7,6284.498376744877,0.2116774296809817,0.001701706344416935,0.0001762296518689917,0.004143161721013131,-780.8320452130988,15.0,1.0,0.9783767639998874,-780.8320452130988,781.439895143104,0.006455379739009004,0.05619022797213802,4.0,0.0,0.3612430129008819,0.3612430129008819
407,1,5.817302608131214e-7,5463.863977496509,0.28370445447341985,0.0016326402842234155,0.0003534904815151784,0.0061381564529976885,-782.9448258076148,7.0,1.0,0.8746696925319363,-782.9448258076148,784.2474150701782,0.18825047515667848,0.18825047515667848,3.0,0.0,0.3612430129008819,0.3612430129008819
408,1,4.5240854209676617e-7,5058.278868268579,0.26207770524543905,0.001513123745845639,0.00031109655739694665,0.008025140957193004,-782.7431492627439,7.0,1.0,0.9618304953000968,-782.7431492627439,786.1337627892462,0.009808387323914758,0.13872855572219578,3.0,0.0,0.3612430129008819,0.3612430129008819
409,1,5.794446795684576e-7,6147.270633302143,0.19402645244492872,0.0016507662145459354,0.00038089634861676673,0.012039341817030424,-781.8426968368813,7.0,1.0,0.9660582115894586,-781.8426968368813,784.9294510234492,-0.1797140779701749,-0.20638618203724945,3.0,0.0,0.3612430129008819,0.3612430129008819
410,1,7.059317767670553e-7,6525.396959680672,0.18281100667767688,0.002042750077215306,0.00019096463923963584,0.017022378325705054,-780.9724906361288,31.0,1.0,0.8070619993951231,-780.9724906361288,783.8820144140595,-0.20793436324788672,0.8361056181294089,5.0,0.0,0.3612430129008819,0.3612430129008819
411,1,9.018923271525694e-7,4439.8886784927945,0.23602896489788908,0.0016467755218168188,0.0003538845566377045,0.005844033922675338,-781.7870354566544,15.0,1.0,0.9848952888546754,-781.7870354566544,783.959361358256,-0.02189344878547672,-0.13140246451939674,4.0,0.0,0.3612430129008819,0.3612430129008819
412,1,1.141363525018719e-6,5162.101023289454,0.16336864849355057,0.0017892166217379404,0.0001904983720592453,0.006568358805466187,-781.3428116233868,15.0,1.0,0.996214401390097,-781.3428116233868,782.863100390776,0.007351741300908543,-0.05886837410116641,4.0,0.0,0.3612430129008819,0.3612430129008819
413,1,1.4604117417324224e-6,4677.8214240993,0.19035669798702268,0.0023235742504959973,0.00018776413955230554,0.035559899567888444,-783.4442729948742,7.0,1.0,0.9362286958339375,-783.4442729948742,785.5519097667764,-0.0740356854159927,0.18142802246165957,3.0,0.0,0.3612430129008819,0.3612430129008819
414,1,1.0195737087566502e-6,4549.03363528156,0.21208995236163883,0.0013362989158155383,0.0003950182053097239,0.001110174739604686,-785.1048486128207,15.0,1.0,0.8060784527712693,-785.1048486128207,786.899468354683,0.2627632052668787,0.44001548601204377,4.0,0.0,0.3612430129008819,0.3612430129008819
415,1,6.075910320515723e-7,7006.331235252574,0.19289067523767978,0.0017189465037970861,0.00014544471804071778,0.017402175933530543,-781.4190389134214,15.0,1.0,0.9204166287847075,-781.4190389134214,786.7807117027778,-0.32533284610371993,-0.32533284610371993,4.0,0.0,0.3612430129008819,0.3612430129008819
416,1,1.424829168523429e-6,3829.9547008472055,0.21290806394893264,0.001382748658207225,0.0003400196967981185,0.005090837573305228,-783.0503342422455,15.0,1.0,0.9438806897091006,-783.0503342422455,785.9956072982219,0.02908656462250292,0.15736548478969326,4.0,0.0,0.3612430129008819,0.3612430129008819
417,1,4.3517344688966486e-7,6630.790673322147,0.22501363486725823,0.001915025577855573,0.00023518708684738574,0.0022700228036307717,-781.8911817297866,15.0,1.0,0.9554778102868527,-781.8911817297866,787.0297484721855,-0.011415932255886219,0.1035109047251126,4.0,0.0,0.3612430129008819,0.3612430129008819
418,1,1.0506997137820063e-6,4841.476879401747,0.17929261881942798,0.0016998239732418626,0.0002697521430978545,0.03733584820430013,-781.7366967405562,15.0,1.0,0.9813801205008125,-781.7366967405562,783.7954765198215,0.06845561986506254,-0.11821906711520569,4.0,0.0,0.3612430129008819,0.3612430129008819
419,1,3.0495858665464244e-7,6809.447743730044,0.24264873508570717,0.0018200791279518245,0.000270375198883716,0.0036932128228889423,-782.6964216820584,15.0,1.0,0.832081534102903,-782.6964216820584,784.9786206065239,0.13390551889665403,0.4133047736717117,4.0,0.0,0.3612430129008819,0.3612430129008819
420,1,3.730279241759234e-7,7034.301384235457,0.18907335462596173,0.001575116692772118,0.00025491809822136277,0.0032426880728544777,-781.8551451420616,7.0,1.0,0.9755172496685669,-781.8551451420616,784.0224550806699,-0.0324995547467779,-0.0640500979444596,3.0,0.0,0.3612430129008819,0.3612430129008819
421,1,5.093459041335271e-7,7036.6606658786895,0.30011310733251667,0.001653409908927576,0.00013738401530495305,0.049330773154731285,-784.904326378702,15.0,1.0,0.9827779221937691,-784.904326378702,785.7561072411391,0.14739193291882202,0.14739193291882202,4.0,0.0,0.3612430129008819,0.3612430129008819
422,1,9.346128851680322e-7,5087.502440154971,0.1730416336747994,0.0014444559781903459,0.00016296618521987566,6.965716502019974e-5,-786.1128469066178,15.0,1.0,0.6832496164409528,-786.1128469066178,791.9223587941624,0.3483383623570262,0.8904003833180241,4.0,0.0,0.3612430129008819,0.3612430129008819
423,1,1.3540968524781197e-6,4545.557351906008,0.1929374550796341,0.0016009761728187865,0.00015655645373269985,3.365913481940453e-5,-787.0969624359742,15.0,1.0,0.919492897377058,-787.0969624359742,795.4798199779532,-0.10144412973011185,1.3936476112288574,4.0,0.0,0.3612430129008819,0.3612430129008819
424,1,1.2773275101251706e-6,4278.300752772639,0.22087828649232782,0.0015473469131247616,0.00021665838514193557,6.126695581721997e-5,-785.4095223977635,7.0,1.0,0.9846748586796837,-785.4095223977635,787.8490439851798,-0.020840941372739508,0.04796238572646416,3.0,0.0,0.3612430129008819,0.3612430129008819
425,1,5.612572658179895e-7,6614.452944766757,0.17892797270172126,0.0015898675232197867,0.0002903673766509811,0.0004654322039154552,-783.5110472401574,15.0,1.0,0.813651547732119,-783.5110472401574,788.0286336169958,0.05925269234398911,0.4108338196739396,4.0,0.0,0.3612430129008819,0.3612430129008819
426,1,3.64162499750131e-7,8584.01565370796,0.2756657438403369,0.0020030038457017293,0.00020282514422947017,0.04499854366425729,-784.4012710254193,15.0,1.0,0.9098909011709149,-784.4012710254193,788.3245413240016,-0.16613510551530908,0.5861917755441937,4.0,0.0,0.3612430129008819,0.3612430129008819
427,1,5.536321656743008e-7,5304.257382959062,0.27047548663652166,0.0017257789137474656,0.0002572949117407016,0.014261123037669972,-780.9426918697654,15.0,1.0,0.9196362158330769,-780.9426918697654,787.9084404536089,0.02012418978426922,0.1883982423131556,3.0,0.0,0.3612430129008819,0.3612430129008819
428,1,5.303020361828669e-7,7508.632056475188,0.23515767348755107,0.0014133299150998972,0.00020707594213997566,0.009011190621323181,-781.9676374454764,15.0,1.0,0.9430706974315546,-781.9676374454764,782.9699127656772,0.09921842861990626,0.14579877587573264,4.0,0.0,0.3612430129008819,0.3612430129008819
429,1,8.04598146196295e-7,5109.480514349729,0.2717863133388549,0.0017874039180795834,0.00022963726599356,0.02094065177698272,-780.6416222366064,15.0,1.0,0.9726397754894985,-780.6416222366064,783.7354090714947,-0.2692103629782423,-0.2692103629782423,3.0,0.0,0.3612430129008819,0.3612430129008819
430,1,1.094980072303087e-6,4796.426997282575,0.202925347866208,0.0016960838785236617,0.00026890527329238894,0.01303481109384282,-780.0871679635195,15.0,1.0,0.9765354795722684,-780.0871679635195,781.7150882755604,-0.00906476783927701,0.06273215587179948,4.0,0.0,0.3612430129008819,0.3612430129008819
431,1,5.869282990878632e-7,6434.015808250553,0.1577988992684586,0.001460266438572508,0.00022468884779919488,0.010814145838347864,-781.3506698627579,15.0,1.0,0.7836619244884905,-781.3506698627579,784.7685325073811,0.12289520625813566,0.38999656591238363,4.0,0.0,0.3612430129008819,0.3612430129008819
432,1,4.911130607350173e-7,6064.610549307349,0.12730478680124183,0.0013923427492754288,0.00024324212163957858,0.016810791100989687,-785.2423181233228,7.0,1.0,0.723901401368814,-785.2423181233228,788.2375771097187,0.5164631484146867,0.6272920766011794,3.0,0.0,0.3612430129008819,0.3612430129008819
433,1,3.937646946711896e-7,5636.404686986874,0.18773302783441026,0.002083813384716676,0.0003696480179328224,0.0054359731325645,-783.4263397307166,23.0,1.0,0.9437224677718486,-783.4263397307166,788.5410242179861,-0.23056678131138142,-0.8180130329768645,4.0,0.0,0.3612430129008819,0.3612430129008819
434,1,5.900555109580534e-7,7065.345636428105,0.19451224142784085,0.0014790845361642778,0.00018958730255970232,0.014342634846610892,-781.0893567761336,15.0,1.0,0.9049574447019398,-781.0893567761336,784.9307960221695,-0.43656295728760597,0.4880763860327306,3.0,0.0,0.3612430129008819,0.3612430129008819
435,1,5.420519612065711e-7,6081.167531407351,0.21508921453695118,0.0015014354274398476,0.0002178964430935057,0.012859728935950844,-780.3195087138977,7.0,1.0,0.9732361981914587,-780.3195087138977,781.4934801834136,-0.008669381286381395,0.07662606208509715,3.0,0.0,0.3612430129008819,0.3612430129008819
436,1,2.551589507135642e-7,8844.310077331247,0.21421231578353067,0.0021500794807752972,0.00029312930340461745,0.011478143222876545,-783.5263050351975,7.0,1.0,0.9792066054705391,-783.5263050351975,784.1491270527813,0.04467021829452733,0.08111738539525959,3.0,0.0,0.3612430129008819,0.3612430129008819
437,1,1.2170374520985142e-6,4516.62351601416,0.2516945067002609,0.0017771535821832956,0.000188604735122338,0.004320891097966823,-782.0187365082365,15.0,1.0,0.9987635860784992,-782.0187365082365,784.5928342105096,-0.023502847969098184,-0.07484278389438259,4.0,0.0,0.3612430129008819,0.3612430129008819
438,1,4.2729396228771473e-7,6388.948922755086,0.23495747319950497,0.0021552209644332882,0.00024702166116723743,0.011547568980010333,-781.5839734910887,39.0,1.0,0.9707706639977639,-781.5839734910887,783.7610986809839,-0.010786229028440175,0.10727788011536177,5.0,0.0,0.3612430129008819,0.3612430129008819
439,1,2.9252310161396416e-7,9133.001611094853,0.20104656607124094,0.0023174712214736807,0.000215265555573436,0.01757676409937938,-783.5453100670233,15.0,1.0,0.9351393887409092,-783.5453100670233,786.2898204873494,0.01252069451834359,0.18861999903288051,3.0,0.0,0.3612430129008819,0.3612430129008819
440,1,2.849535185994136e-7,9112.636832391618,0.20000400658230547,0.0016458567010341585,0.00020482083710928077,0.016335422493095057,-782.3003065106225,7.0,1.0,1.0,-782.3003065106225,784.1119439081721,-0.06492477966116894,-0.06492477966116894,3.0,0.0,0.3612430129008819,0.3612430129008819
441,1,5.193061137447692e-7,5389.4485982318,0.2389167415586455,0.002337943753957386,0.0003380009587158758,0.020916374975049567,-782.7997131608545,15.0,1.0,0.8998317971675692,-782.7997131608545,787.2456970448304,0.12033644654297859,0.19770670836373938,4.0,0.0,0.3612430129008819,0.3612430129008819
442,1,5.166835230082552e-7,5941.517374971047,0.22615750165697235,0.002281203409636678,0.00031633204090416754,0.022547831103479715,-781.7807506323636,3.0,1.0,0.9493308320357624,-781.7807506323636,784.1576316737119,-0.05827729744964927,0.09394559336533348,2.0,0.0,0.3612430129008819,0.3612430129008819
443,1,1.6636500553693877e-6,3930.197495537092,0.13517952320977372,0.0018439264118400671,0.0003624441816860443,0.013284312330307035,-783.3244605457527,15.0,1.0,0.9852866240411531,-783.3244605457527,786.027492298733,-0.0057112854129854895,0.04294871836702896,4.0,0.0,0.3612430129008819,0.3612430129008819
444,1,1.2167598011944372e-6,4798.090503373909,0.13367512375349644,0.001716223472626492,0.00022379197111806052,0.0022325575688776074,-782.9989678877422,15.0,1.0,0.9657064338786484,-782.9989678877422,786.9463509048206,0.006009804970858568,0.08732088671911242,4.0,0.0,0.3612430129008819,0.3612430129008819
445,1,3.283196471918539e-7,6791.244020565828,0.27554290261679804,0.0017042473321880966,0.0002899097924756246,0.0019377002342856478,-783.5957859974582,15.0,1.0,0.9850924531804836,-783.5957859974582,786.379983604593,0.004659389645894407,0.11169651401496594,4.0,0.0,0.3612430129008819,0.3612430129008819
446,1,8.829415019616502e-7,5420.28413876225,0.17276412213004275,0.001747199404568235,0.0001839162660939113,0.002129426469778198,-781.6180937482651,15.0,1.0,0.9605955537376191,-781.6180937482651,788.0430446764052,-0.08377742044137904,0.15412044594495455,4.0,0.0,0.3612430129008819,0.3612430129008819
447,1,6.534916676971416e-7,6274.353230836196,0.2429220384167822,0.001766314181340111,0.00019892733402272425,0.04335909340209508,-781.8418539122722,7.0,1.0,0.9796234156188769,-781.8418539122722,783.0565608526941,0.020730488364961275,0.06030752198284972,3.0,0.0,0.3612430129008819,0.3612430129008819
448,1,5.992863339600328e-7,6355.15708194568,0.19857709074273927,0.001872187327933582,0.00023770744306335042,0.016053652250297035,-779.8485872903735,7.0,1.0,0.9481284135449484,-779.8485872903735,782.8202256321052,-0.0034584789034397545,0.2072910114465003,3.0,0.0,0.3612430129008819,0.3612430129008819
449,1,1.0631630254846232e-6,4842.038006475506,0.2531281923008352,0.0016322261492236207,0.00021614517866428405,0.01594986837154258,-780.5783585435464,15.0,1.0,0.9666795261206464,-780.5783585435464,781.7411836198474,0.02837773319754433,0.06470234020207499,4.0,0.0,0.3612430129008819,0.3612430129008819
450,1,1.5538759480934625e-6,4245.548227189562,0.2647678277295489,0.0011167006616706943,0.00019868072882615073,0.007239956121871146,-784.6420090970616,15.0,1.0,0.9167342795886292,-784.6420090970616,785.2475359282664,0.11934723500360178,0.18052856520716887,4.0,0.0,0.3612430129008819,0.3612430129008819
451,1,1.4835003627441656e-6,4328.362083911961,0.2864161370673659,0.0010580257410975815,0.00021391650953834034,0.017471002477093395,-785.5697845872998,7.0,1.0,0.961541599733093,-785.5697845872998,790.0146322048344,-0.06777160554815964,0.30347782259661926,3.0,0.0,0.3612430129008819,0.3612430129008819
452,1,5.710841618663071e-7,5912.2971010130805,0.2803080067958037,0.001287055819520199,0.00024885246210212537,0.021695094906072857,-781.9746316140813,15.0,1.0,0.9274473647245546,-781.9746316140813,789.2297750754981,-0.07155495702431836,0.1931987535352846,3.0,0.0,0.3612430129008819,0.3612430129008819
453,1,6.640306574777365e-7,5411.104782531192,0.2722313502540709,0.0015109274197273174,0.00028629922706701504,0.004034184009562659,-781.576493280103,15.0,1.0,0.86706222904349,-781.576493280103,784.4918527306046,0.06002223996813427,0.24197553454803256,3.0,0.0,0.3612430129008819,0.3612430129008819
454,1,5.987334026840611e-7,6206.501987355524,0.2271128561855613,0.0022739419481508307,0.00017630254786757973,0.0032843773518534043,-783.4522354077109,15.0,1.0,0.9408238800065881,-783.4522354077109,786.2998272087141,0.07249383979512913,0.2071965150532833,4.0,0.0,0.3612430129008819,0.3612430129008819
455,1,7.015802167889841e-7,6085.513389624227,0.1990507152470007,0.0013563085904379358,0.00018489461564263074,0.013271466061532436,-781.01558149948,7.0,1.0,0.99687128650984,-781.01558149948,786.1381870305096,-0.273291824822536,-0.3170100063452992,3.0,0.0,0.3612430129008819,0.3612430129008819
456,1,3.25022429245762e-7,7758.083564382958,0.22509006162859976,0.002456534701230195,0.0002964481602922362,0.005645246969276343,-785.3846979988214,15.0,1.0,0.8378058572457341,-785.3846979988214,786.4918370649236,0.31215426814935654,0.31215426814935654,4.0,0.0,0.3612430129008819,0.3612430129008819
457,1,6.169185508383976e-7,6169.440137557141,0.2121687928218453,0.001219764869719141,0.00018323825194633677,0.008462890404924815,-781.885295892422,15.0,1.0,0.9945257903903693,-781.885295892422,787.2137478814507,-0.19329732899154806,-0.3121332001752535,4.0,0.0,0.3612430129008819,0.3612430129008819
458,1,8.911465252310389e-7,5321.403779788937,0.1878985235119872,0.0020905481119627635,0.000263658126045423,0.025250377364173918,-780.325901757618,15.0,1.0,1.0,-780.325901757618,782.6793675892098,-0.07769173370195404,-0.07769173370195404,4.0,0.0,0.3612430129008819,0.3612430129008819
459,1,1.07277688129654e-6,3735.499677115937,0.19128602665039285,0.001644586990638108,0.00036703160973992476,0.008084807815630058,-782.5365384709294,7.0,1.0,0.9488363335044726,-782.5365384709294,784.2952771474883,0.0609098787494986,0.1020853249275433,3.0,0.0,0.3612430129008819,0.3612430129008819
460,1,8.141049550887889e-7,5326.61779865436,0.28394037365583785,0.0019536202491298588,0.0003265367697031303,0.02635079106598661,-782.7114468182386,15.0,1.0,0.9155226769469719,-782.7114468182386,786.8850313947072,0.045788676232746184,0.21352501649698752,3.0,0.0,0.3612430129008819,0.3612430129008819
461,1,1.2610912723706065e-6,4251.5798476086375,0.19487176853594235,0.001475803670195438,0.0002496438822719435,0.0077271179863228415,-781.2322878065359,15.0,1.0,1.0,-781.2322878065359,783.7654960092689,-0.2175724305325275,-0.2175724305325275,3.0,0.0,0.3612430129008819,0.3612430129008819
462,1,1.1950438773401894e-6,5024.399918830171,0.21155063561178727,0.0017584213221744404,0.00027504897849970657,0.025583643111859285,-781.1567462629951,15.0,1.0,0.9425278825276109,-781.1567462629951,782.7200324395324,0.10519264720164756,0.1334869072361471,4.0,0.0,0.3612430129008819,0.3612430129008819
463,1,5.539032930471536e-7,5562.989169088622,0.2575292526391693,0.001550019892598418,0.0002080083249177906,0.013365459251528143,-780.8568862263813,15.0,1.0,0.9971247948770444,-780.8568862263813,782.7803359884342,-0.02321126485333025,-0.16099321457545557,4.0,0.0,0.3612430129008819,0.3612430129008819
464,1,1.3447737867955408e-6,4519.915732292572,0.20827146300113894,0.0016452765760562437,0.00016460743472148802,0.01557544015999339,-781.7633453553469,15.0,1.0,0.9907119799088039,-781.7633453553469,783.3679583307485,-0.14105294968442195,-0.14105294968442195,4.0,0.0,0.3612430129008819,0.3612430129008819
465,1,7.881118825091618e-7,5000.954162800267,0.2510681280605902,0.0015846682948701064,0.00034420919356435286,0.014773356745652756,-781.2764619782708,7.0,1.0,0.9696040120127659,-781.2764619782708,785.412928121327,-0.05475425585530047,0.11670523132704602,3.0,0.0,0.3612430129008819,0.3612430129008819
466,1,7.60334680800557e-7,6029.356843015567,0.19093715315178364,0.0017596663048851282,0.00017566299716771243,0.010542474997289705,-780.3810739538244,7.0,1.0,1.0,-780.3810739538244,781.7380541215264,-0.045540220592670266,-0.07497169375255908,3.0,0.0,0.3612430129008819,0.3612430129008819
467,1,6.317074279461039e-7,6522.503291181634,0.2587550856354593,0.001810894837172064,0.0001977048866197061,0.0132013797712621,-781.1118448052333,15.0,1.0,0.5997999244141944,-781.1118448052333,784.5881481922029,0.1503174867676762,0.9745495476987571,3.0,0.0,0.3612430129008819,0.3612430129008819
468,1,6.560420686622282e-7,4911.818009643166,0.14918867556064644,0.0017951888274242227,0.0004026840295280293,0.005223199531331537,-783.291498350385,7.0,1.0,0.9429759157872476,-783.291498350385,785.302245194904,0.0453543366007807,0.126395786664375,3.0,0.0,0.3612430129008819,0.3612430129008819
469,1,7.633828169506431e-7,5886.957071206368,0.31682258798294655,0.0017277211065629355,0.00012005469851320896,0.008956984072257977,-784.2260685628501,15.0,1.0,0.9853306512188131,-784.2260685628501,785.6677048831073,0.004274220027696174,-0.15480401867114324,4.0,0.0,0.3612430129008819,0.3612430129008819
470,1,6.811762746430569e-7,6125.314294293369,0.145131057627795,0.0015402177370654167,0.00023853670967766792,0.012973278705743512,-781.35880743257,15.0,1.0,0.9155273846232178,-781.35880743257,785.3835436258721,-0.06778694596039259,0.2516924675529708,3.0,0.0,0.3612430129008819,0.3612430129008819
471,1,5.027396168374625e-7,6373.850795754532,0.23931010627151772,0.001695871586422976,0.00023035172676290483,0.014858317561280499,-780.0672792450488,7.0,1.0,0.9987319077983992,-780.0672792450488,781.848914448581,-0.06807974625075985,-0.07014507103360756,3.0,0.0,0.3612430129008819,0.3612430129008819
472,1,9.07600735121014e-7,5343.048171191673,0.18537584284504763,0.001950981309712572,0.0002542814758746548,0.008084935957498608,-780.338017962633,15.0,1.0,0.9516201587742431,-780.338017962633,780.9800907525998,0.07512426599350874,0.0867230925836111,4.0,0.0,0.3612430129008819,0.3612430129008819
473,1,5.447231417574901e-7,6653.03189076239,0.18966192696046782,0.0017065066722400043,0.00028928837169138585,0.0370049388318633,-781.5266816034401,15.0,1.0,0.9868424956148435,-781.5266816034401,782.8261296168663,-0.10088624029219773,-0.13564855136473852,4.0,0.0,0.3612430129008819,0.3612430129008819
474,1,4.993089889808495e-7,6879.852378292206,0.18706560115712556,0.002147028407264638,0.00021887181351866136,0.007767358474197681,-781.3694786463192,7.0,1.0,0.932813142134373,-781.3694786463192,785.2428487404097,-0.02964920679255556,0.18952272563717543,3.0,0.0,0.3612430129008819,0.3612430129008819
475,1,3.3249063600271226e-7,8075.465920008141,0.17967125745319293,0.001464267044938033,0.0002538695069563047,0.011194016950003488,-782.2024317960818,7.0,1.0,0.9950427861510148,-782.2024317960818,783.1316417652886,0.011551590139561085,-0.024160446635960398,3.0,0.0,0.3612430129008819,0.3612430129008819
476,1,2.679013984744429e-7,8631.067812463532,0.16465558978409697,0.0014433977628501471,0.00023995689844582074,0.016526311298963935,-784.0263567937967,7.0,1.0,0.9389267119386286,-784.0263567937967,786.0791657356642,0.12888607339891678,0.16291769532972467,3.0,0.0,0.3612430129008819,0.3612430129008819
477,1,1.5688262788707366e-7,10542.554022652776,0.3381347708303959,0.0016781789946609866,0.00015388276711439605,0.011602233770400655,-787.7656509548749,7.0,1.0,0.9891583872511226,-787.7656509548749,789.6784121486788,-0.009644943659964156,-0.10470451964044969,3.0,0.0,0.3612430129008819,0.3612430129008819
478,1,2.8598288045914217e-6,1974.5260193616293,0.2390483651626659,0.0018365607031383955,0.00032361772428685125,0.0032920064932119983,-786.5094519730566,23.0,1.0,0.9109579554507464,-786.5094519730566,790.2539045587268,0.04482148458623669,0.3250240726803213,4.0,0.0,0.3612430129008819,0.3612430129008819
479,1,3.20443333913684e-6,1886.9261076642028,0.18947024527719497,0.0022203528637991053,0.0002945509495872878,0.0007208400754106867,-789.3044789336359,15.0,1.0,0.9482302526294828,-789.3044789336359,790.6493031912299,0.09575404528663967,0.24141275799479445,4.0,0.0,0.3612430129008819,0.3612430129008819
480,1,1.2014785311263432e-6,4244.307771950967,0.22188318709394567,0.0014421304487192326,0.00036116160135897806,0.0017163642931159002,-783.7003646395534,31.0,1.0,0.9305693238014191,-783.7003646395534,791.9881621983363,-0.04785166039550859,0.5978444052138912,4.0,0.0,0.3612430129008819,0.3612430129008819
481,1,2.188829174221852e-6,2744.426090972546,0.18714777956379566,0.0021970852735477713,0.0002593385114704497,0.01203423740046098,-785.5475442961273,15.0,1.0,0.9022385357483224,-785.5475442961273,788.1371738013465,0.09646686500207124,0.2397830885389567,4.0,0.0,0.3612430129008819,0.3612430129008819
482,1,1.2354452849050304e-6,3355.262991583524,0.2008109238021493,0.0022457175356254896,0.0004185740964403198,0.004462688166156206,-784.9788808655981,7.0,1.0,0.8947126345159025,-784.9788808655981,792.1477135967638,-0.010096231536635969,0.2395146831090642,3.0,0.0,0.3612430129008819,0.3612430129008819
483,1,8.840604442410746e-7,5419.457989312392,0.17563618821591986,0.0014816103360285483,0.00019633216894440335,0.019134786858652098,-781.0445521794591,7.0,1.0,0.9443819247625207,-781.0445521794591,787.3197629390313,-0.05145852441160059,0.21838782701286164,3.0,0.0,0.3612430129008819,0.3612430129008819
484,1,1.1454320675414519e-6,4477.424998528768,0.221533326800031,0.0020708367550121396,0.00019903896461056063,0.008170006011191153,-781.6385709049298,7.0,1.0,0.9903210439211109,-781.6385709049298,782.5006057106162,-0.0004132580282885101,-0.05643782313234169,3.0,0.0,0.3612430129008819,0.3612430129008819
485,1,8.871357690101276e-7,5675.72002892784,0.15377187357261762,0.0018081116794998026,0.0002738250886146634,0.015442182903460647,-780.708970971882,15.0,1.0,0.9717824443531791,-780.708970971882,784.4746432522593,-0.012026968447116815,0.10726109183917742,3.0,0.0,0.3612430129008819,0.3612430129008819
486,1,1.251747841717219e-6,4415.857262000989,0.15455194995195942,0.002212278058284338,0.00034325404958345353,0.004483920013930315,-783.1394998326377,15.0,1.0,0.8621482890295392,-783.1394998326377,784.7223448342306,0.13026713933470546,0.24765376451057364,3.0,0.0,0.3612430129008819,0.3612430129008819
487,1,9.517327138444804e-7,3677.6260621610713,0.2461138472290527,0.001567815674010318,0.00030873731954479813,0.0014123834826586183,-783.856890729005,15.0,1.0,0.9890334929060788,-783.856890729005,785.9520997589974,0.01388996973093981,-0.15946334043121624,4.0,0.0,0.3612430129008819,0.3612430129008819
488,1,2.985108340383974e-7,7039.62822202701,0.26500924753259114,0.002017748823864368,0.0002562139185797107,0.012496142814509155,-782.7273578554453,15.0,1.0,0.9793760906703438,-782.7273578554453,785.8187511411097,-0.07135303374388968,-0.30393695110956287,4.0,0.0,0.3612430129008819,0.3612430129008819
489,1,5.970066737376571e-7,6549.391999602169,0.21669018844742932,0.0012743736848395187,0.0001997520922768867,0.017467640808101488,-781.5261531581779,7.0,1.0,0.9999029183583179,-781.5261531581779,783.4508209566206,-0.07170560069778276,-0.09883220962490213,3.0,0.0,0.3612430129008819,0.3612430129008819
490,1,5.551614239401122e-7,6701.457190383091,0.23566668122013296,0.0013758399128345495,0.00019740957208188523,0.013922461028475103,-780.8844257939244,7.0,1.0,0.9871281223232897,-780.8844257939244,782.6501402233491,-0.026670862610671975,-0.047543460782321745,3.0,0.0,0.3612430129008819,0.3612430129008819
491,1,1.0944976361507985e-6,5001.8933816057925,0.21475890515589868,0.0016124129251258127,0.0002617736232088926,0.027398609439137918,-780.8237087595188,15.0,1.0,0.9493278434770407,-780.8237087595188,782.3812973002914,-0.03154515893970711,0.17682472954766126,4.0,0.0,0.3612430129008819,0.3612430129008819
492,1,9.078115405278968e-7,4759.129655912724,0.2555390692121541,0.001440704915781792,0.00023349456320275185,0.030990584966066274,-782.1073388512021,7.0,1.0,0.802589729639527,-782.1073388512021,786.4481713157811,0.22443836315267163,0.3308512822153489,2.0,0.0,0.3612430129008819,0.3612430129008819
493,1,2.910210371480928e-7,7478.571684655404,0.15077187837064715,0.001924298583909309,0.00023269881059306529,0.002626014596627238,-784.3097161946445,15.0,1.0,0.8303467422807991,-784.3097161946445,785.3411038228376,0.2748754549438672,0.4999604689978696,4.0,0.0,0.3612430129008819,0.3612430129008819
494,1,4.467715895297191e-7,7489.423804471427,0.18596382874785813,0.001922888101216303,0.00020166902812624926,0.05051803468277569,-783.2740743781919,15.0,1.0,0.9971097315866335,-783.2740743781919,786.166328500899,-0.1979867193967948,-0.3573479890649196,4.0,0.0,0.3612430129008819,0.3612430129008819
495,1,4.69261302576776e-7,7189.130239530572,0.12070957557366,0.0021066987515234482,0.00020790334808587832,0.0018461441281726301,-784.8858484137146,15.0,1.0,0.9580588586011445,-784.8858484137146,790.2932629939694,-0.0018471892303750792,0.2006783522367641,4.0,0.0,0.3612430129008819,0.3612430129008819
496,1,5.90758671561784e-7,6111.9568029084585,0.3592339831937691,0.0014225579394059557,0.0002475085265578852,0.01742518222222163,-783.7033132533016,15.0,1.0,0.9837350882752098,-783.7033132533016,786.7274893065477,0.006695311592920916,-0.18851376978125245,4.0,0.0,0.3612430129008819,0.3612430129008819
497,1,9.384752361895604e-7,5336.633758314036,0.1703621471069549,0.0017611571093176389,0.00029137215747531895,0.009313153288765903,-780.528833973947,7.0,1.0,1.0,-780.528833973947,784.9377716428855,-0.19415005366852256,-0.21638032443513566,3.0,0.0,0.3612430129008819,0.3612430129008819
498,1,5.832989962519086e-7,5259.697322486607,0.23325999925190882,0.0016289208966708349,0.00019019083889742125,0.010590568165551673,-781.4112856071921,15.0,1.0,0.8793117418545618,-781.4112856071921,782.4794493982085,0.24815773835530308,0.36521289516281286,3.0,0.0,0.3612430129008819,0.3612430129008819
499,1,3.179231982123756e-7,7244.824355517195,0.2616964872064157,0.0011486356600824952,0.00023235740848666099,0.00902724241189866,-783.894269430343,7.0,1.0,0.9418964621144532,-783.894269430343,787.6289183551369,-0.028389186978188263,0.23520487600751494,3.0,0.0,0.3612430129008819,0.3612430129008819
500,1,6.893376368922258e-7,5292.979172312408,0.2810493131718855,0.0017575312997374767,0.00029307224002625827,0.005556296460127119,-781.8374544206978,15.0,1.0,0.9983775201842028,-781.8374544206978,786.1280328322003,-0.06180126667561581,-0.1567995064049228,4.0,0.0,0.3612430129008819,0.3612430129008819
501,1,6.093555660817099e-7,5075.9838769467015,0.24899121909912006,0.0019219587424977023,0.00028414002057929304,0.035150526175908206,-782.1152577580382,15.0,1.0,0.9803556502901969,-782.1152577580382,784.3020471483346,-0.020060445496255852,-0.19803703731088262,4.0,0.0,0.3612430129008819,0.3612430129008819
502,1,4.6203378658648343e-7,5283.596163564366,0.23867419751447166,0.0018348887237765626,0.00028334329509421136,0.013210245801760763,-781.5577555524561,7.0,1.0,0.9402699272923157,-781.5577555524561,784.1570955214637,-0.03674269757334514,0.39661034934113104,3.0,0.0,0.3612430129008819,0.3612430129008819
503,1,3.5803264306819504e-7,7538.990226456521,0.14603189575694903,0.0019857240130332623,0.0002773262504265098,0.027287519896711264,-782.7765806691234,7.0,1.0,0.9598827687473067,-782.7765806691234,784.0978974970509,-0.04640599273443513,-0.15845196440488962,3.0,0.0,0.3612430129008819,0.3612430129008819
504,1,3.921527981846803e-7,6566.32099440943,0.17483394142907374,0.0019767164077457355,0.0002852653672272212,0.01653128070523556,-781.331270523201,7.0,1.0,0.9715673382627974,-781.331270523201,783.8328542582327,-0.04073867029205758,0.1533182904045134,2.0,0.0,0.3612430129008819,0.3612430129008819
505,1,4.878240917590639e-7,6551.55624099618,0.1924539181161246,0.001699672716717919,0.00026280355164381004,0.0078082014677553005,-780.3318089043038,15.0,1.0,0.9952182243437317,-780.3318089043038,782.6229317333898,-0.07955500288892381,-0.09195279864024997,3.0,0.0,0.3612430129008819,0.3612430129008819
506,1,5.215265778475174e-7,6956.817257714191,0.1829730478443571,0.0020641590032180043,0.0002637777898760489,0.015092375594698065,-780.8264718104365,7.0,1.0,0.9565077894883561,-780.8264718104365,781.5249834169576,0.06389034161099971,0.06389034161099971,3.0,0.0,0.3612430129008819,0.3612430129008819
507,1,6.893026642203438e-7,6375.483050378393,0.2058885849648625,0.001788263248992997,0.00028225070768627823,0.009033587190864492,-781.0810932491389,5.0,1.0,0.5851369143885924,-781.0810932491389,785.036113968524,0.09119243048985481,1.0424388972674024,2.0,0.0,0.3612430129008819,0.3612430129008819
508,1,5.06827823999768e-7,6313.264716290692,0.20552625672806468,0.001862293036394582,0.00025111985651544744,0.013365759153603905,-779.9856138004159,11.0,1.0,0.9931786125139468,-779.9856138004159,781.5877751465442,-0.25046853346464104,-0.3342772642743057,3.0,0.0,0.3612430129008819,0.3612430129008819
509,1,5.177754781076295e-7,6583.541935633471,0.20004909650562616,0.0016023397033371686,0.00031593230773586126,0.0240171617355569,-781.0338355670219,7.0,1.0,0.9741761392996862,-781.0338355670219,781.261984496759,0.04077890662074424,0.05537898566922195,3.0,0.0,0.3612430129008819,0.3612430129008819
510,1,9.444820723657088e-7,4508.051728523825,0.17325877080393706,0.0019805554678315467,0.0003226927343328462,0.0047467864047901565,-781.4439634560796,15.0,1.0,0.9380131940491776,-781.4439634560796,783.9900845823063,0.0419669063821857,0.10223455309790097,3.0,0.0,0.3612430129008819,0.3612430129008819
511,1,1.2332017474692001e-6,4542.446543343684,0.16512193555213694,0.0013611295863544715,0.0003045140696005611,0.00664568835710298,-782.3991742727756,7.0,1.0,0.8996271653781441,-782.3991742727756,785.8083045328574,0.08874182999602453,0.15089503189255993,3.0,0.0,0.3612430129008819,0.3612430129008819
512,1,8.9321780780147e-7,4548.324913160676,0.2542709656339373,0.002086151092395222,0.0002239968440943977,0.01776167986070931,-781.5815484652288,15.0,1.0,0.9384779880107104,-781.5815484652288,783.9503666889852,0.028823064356060968,0.14601538758813604,4.0,0.0,0.3612430129008819,0.3612430129008819
513,1,1.0091887381692095e-6,4925.117798240918,0.18777891189649618,0.0023002827157051465,0.0002620513978977617,0.014271758231135214,-781.1748204394945,15.0,1.0,0.9953696439453528,-781.1748204394945,783.114096674133,-0.04107521854109564,-0.0892691283760314,3.0,0.0,0.3612430129008819,0.3612430129008819
514,1,7.948958310631181e-7,4967.238324924262,0.26121209263580747,0.0018053949360842354,0.0002705869902831402,0.017187747888356128,-780.4738229322649,15.0,1.0,0.9786941423381423,-780.4738229322649,784.2981472200119,-0.040291847664548186,0.06267256452781567,3.0,0.0,0.3612430129008819,0.3612430129008819
515,1,1.32533293903383e-6,4734.597048255407,0.19299291492046994,0.00140420831212822,0.00022143471255190011,0.008125514837693835,-781.5565590962663,7.0,1.0,0.9783364759958185,-781.5565590962663,782.0290840205197,0.058349733304453366,0.058349733304453366,3.0,0.0,0.3612430129008819,0.3612430129008819
516,1,1.3613980147479271e-6,3929.1185373996336,0.2668423351340379,0.0015291334260690871,0.0001908056135356407,0.004663143002394005,-782.9869498282867,7.0,1.0,0.9595521203070637,-782.9869498282867,785.4922555689275,0.025319701535750028,0.10062368195713134,3.0,0.0,0.3612430129008819,0.3612430129008819
517,1,6.976632321379862e-7,6488.086662268063,0.14058273333994742,0.002320447162003796,0.0002570739153073275,0.02197805578050457,-782.2272587287438,15.0,1.0,1.0,-782.2272587287438,784.885441016024,-0.00012652485986563988,-0.08596361045090362,4.0,0.0,0.3612430129008819,0.3612430129008819
518,1,4.6814631260108627e-7,6407.202734644518,0.1963851580851663,0.0019919279905849948,0.00022828291787252417,0.019227163551789224,-780.5630259474821,15.0,1.0,1.0,-780.5630259474821,782.8649964127774,-0.06714132115746452,-0.14754129651328185,3.0,0.0,0.3612430129008819,0.3612430129008819
519,1,7.442331039127458e-7,4986.662304498858,0.16048073904906615,0.0017924686731435183,0.0003226838320559586,0.006098224956486529,-781.2264397684695,15.0,1.0,0.891456775199846,-781.2264397684695,783.4037588034967,0.060615402295411513,0.3657624193775746,4.0,0.0,0.3612430129008819,0.3612430129008819
520,1,1.7696014350336511e-6,3908.6164940889166,0.17397602747505658,0.0017567269222736651,0.00030748864317560476,0.0028385463399973614,-783.0697813701521,15.0,1.0,0.923729323641196,-783.0697813701521,785.9768016420333,-0.014719822948677574,0.22482170936677903,3.0,0.0,0.3612430129008819,0.3612430129008819
521,1,1.4063549945062765e-6,3648.0979735127376,0.1727135923688338,0.001743979850006361,0.0002963232008633715,0.003573943048054205,-782.5695089367725,7.0,1.0,0.9937186135656658,-782.5695089367725,783.2488067806779,-0.010410615809405499,-0.07364357003223176,3.0,0.0,0.3612430129008819,0.3612430129008819
522,1,1.3878324237478497e-6,4359.238828179402,0.17635661151072154,0.002118063890331329,0.0002349398025558395,0.01152904455079901,-781.4506178766978,15.0,1.0,0.9915102941360933,-781.4506178766978,783.7096860358504,-0.06344639678843578,-0.130521647519231,3.0,0.0,0.3612430129008819,0.3612430129008819
523,1,7.510298953117011e-7,4728.654498388219,0.18985897546627614,0.001993064947466663,0.00046163720175185425,0.023099141688114968,-783.2302811765634,7.0,1.0,0.8973527855286699,-783.2302811765634,784.8282811483512,0.1237357962348824,0.17369637665512982,3.0,0.0,0.3612430129008819,0.3612430129008819
524,1,5.968966911190402e-7,6926.972145315407,0.1683817917799313,0.0018383714424669245,0.00012805913011601798,0.011107025330973562,-782.3659943778264,15.0,1.0,0.9848760291231471,-782.3659943778264,786.307180072009,-0.03976861711566926,0.05864127866971103,4.0,0.0,0.3612430129008819,0.3612430129008819
525,1,4.959074825911225e-7,7700.200869914975,0.12935501621706816,0.0016463569093580828,0.00011331064692743386,0.011034907030119678,-785.4474323071803,3.0,1.0,0.5647066316789026,-785.4474323071803,788.2102609422956,0.18296681380149948,0.9081921791292871,2.0,0.0,0.3612430129008819,0.3612430129008819
526,1,6.264555565411941e-7,5964.969984281247,0.29066924624573615,0.0014078673329207577,0.00021614400943763794,0.012674437457639801,-781.1446327938384,7.0,1.0,1.0,-781.1446327938384,787.3572441450574,-0.15447124577451632,-0.15447124577451632,3.0,0.0,0.3612430129008819,0.3612430129008819
527,1,5.28426140912717e-7,5451.022893090207,0.2955585403040286,0.001932017973674315,0.0002399136793042721,0.006139869527157345,-782.4828518036554,7.0,1.0,0.9159256266220959,-782.4828518036554,785.258832685081,0.08734911950568858,0.17826384281784158,3.0,0.0,0.3612430129008819,0.3612430129008819
528,1,6.494531326025851e-7,6367.148013897033,0.13283880627298447,0.0014751705614914055,0.0002689291134578106,0.012033896195238744,-782.4798843558774,7.0,1.0,0.9793007441690762,-782.4798843558774,783.9891995988658,-0.0740850268352915,-0.13860959187047683,3.0,0.0,0.3612430129008819,0.3612430129008819
529,1,4.3579445038868395e-7,7457.534488807179,0.20414700378376482,0.0016723395232320023,0.0002284673962712958,0.0012557625234039932,-782.3803590738247,15.0,1.0,0.9743289708515519,-782.3803590738247,786.2608611034817,-0.058353667870278514,0.1254622963855354,3.0,0.0,0.3612430129008819,0.3612430129008819
530,1,9.451848404790276e-7,4667.627500091865,0.22207102144553229,0.0015834368614284914,0.00022244922175133404,0.0008985594896062585,-782.0920846955667,15.0,1.0,0.9941848633186487,-782.0920846955667,784.4808964511217,-0.03791615405248194,-0.11615219681516464,3.0,0.0,0.3612430129008819,0.3612430129008819
531,1,8.608727894343269e-7,6006.993502571712,0.1713833658424651,0.0020963827322994476,0.00024417443146068564,0.03872090809216584,-781.7163374258612,15.0,1.0,0.9779863894814234,-781.7163374258612,784.6174206706966,0.04345758759416185,0.07743082539946045,4.0,0.0,0.3612430129008819,0.3612430129008819
532,1,8.087530880781468e-7,4789.70002214194,0.16930567790687154,0.002243044629825089,0.00029019134936220667,0.02623014984407397,-781.5209148814698,7.0,1.0,0.7863709396618714,-781.5209148814698,784.30001879565,0.2123996831222712,0.6384146757831104,3.0,0.0,0.3612430129008819,0.3612430129008819
533,1,9.254061054573229e-7,4842.6747718352835,0.1415727639679481,0.0018716568861610187,0.0002366532702145589,0.013313967141571546,-781.4378287321271,7.0,1.0,0.9725901369597226,-781.4378287321271,784.8631514362261,0.0072758502365104505,-0.13567618130696246,3.0,0.0,0.3612430129008819,0.3612430129008819
534,1,1.1499197693514797e-6,4208.634496060501,0.21550201152605009,0.0022877195698396955,0.0002605360459269858,0.005638460914336319,-782.6499855984437,7.0,1.0,0.9638183284896131,-782.6499855984437,784.2815916969972,0.0014620419171933463,-0.11551435941203181,3.0,0.0,0.3612430129008819,0.3612430129008819
535,1,4.3729459794438845e-7,7733.535501419465,0.20524262797755732,0.0012060547971427314,0.0002639431292769482,0.009909666715557383,-783.0706689745587,15.0,1.0,0.9903596709718434,-783.0706689745587,784.7875675408202,0.02683173789034754,-0.09325284240946985,4.0,0.0,0.3612430129008819,0.3612430129008819
536,1,3.6967441820897307e-7,7014.980103586097,0.26192442608547445,0.0015670086198941702,0.00020262457405002314,0.016812765452020238,-781.4224988773674,7.0,1.0,0.9989574224241256,-781.4224988773674,783.7682774826562,-0.05891940451385835,-0.0986054586589944,3.0,0.0,0.3612430129008819,0.3612430129008819
537,1,5.760295242830605e-7,5046.089338291465,0.1326529108079137,0.0019272120917225317,0.00029826592152316683,0.011928903492882502,-783.2628925101915,15.0,1.0,0.8865336826073137,-783.2628925101915,785.3511357737892,0.22356345806667832,0.4221545912091642,4.0,0.0,0.3612430129008819,0.3612430129008819
538,1,6.227698147913577e-7,6398.809786821319,0.2635316903189719,0.0016059889469075192,0.0001697491075759912,0.010574222269041887,-780.9872856955826,31.0,1.0,0.9376614628727686,-780.9872856955826,784.9282827508821,-0.6518301887400639,-0.7119308110222846,4.0,0.0,0.3612430129008819,0.3612430129008819
539,1,5.282239719839081e-7,6607.246609159535,0.22931588661250482,0.0013394546072693345,0.0001690442809810965,0.011606838911253829,-781.4075363508987,7.0,1.0,0.9896916515616672,-781.4075363508987,782.4113969953005,-0.009860549444965727,-0.04448185918749914,3.0,0.0,0.3612430129008819,0.3612430129008819
540,1,5.057532396012054e-7,6803.037535200052,0.272730522842768,0.001713334446441043,0.00019101606859602924,0.020047515349261705,-781.0354995585861,15.0,1.0,0.9960063350823138,-781.0354995585861,782.4074656711532,-0.013838310043979618,-0.041956746304663284,4.0,0.0,0.3612430129008819,0.3612430129008819
541,1,1.2541060822720767e-6,3898.391183264056,0.15647217219931012,0.0017610081180275499,0.0002610280928320789,0.006665309443372316,-782.3550159231303,15.0,1.0,0.874575722734848,-782.3550159231303,783.9091633126126,0.19333971937294336,0.2751818858412207,4.0,0.0,0.3612430129008819,0.3612430129008819
542,1,9.86092876293126e-7,4961.370816308859,0.297780244628155,0.0015365953249628327,0.0002433914783118152,0.003842476113719324,-782.5611648167882,15.0,1.0,0.9924534097224806,-782.5611648167882,784.4364823357023,0.011999716495893153,-0.1762585990717298,3.0,0.0,0.3612430129008819,0.3612430129008819
543,1,7.89668374656176e-7,5648.861149507212,0.2128893096611107,0.001590265568877734,0.00021788180924736523,0.041333001068368264,-781.7660292924811,15.0,1.0,0.9899107231747339,-781.7660292924811,784.8351243486691,-0.2966425401932611,-0.2966425401932611,3.0,0.0,0.3612430129008819,0.3612430129008819
544,1,7.905504449651415e-7,6422.024003677755,0.22051849804940013,0.0016234934672126396,0.00023196765484145658,0.029529612923472177,-781.720876013819,7.0,1.0,0.8636713065210749,-781.720876013819,783.8059093848213,-0.0033468678317376543,0.34778825206365127,3.0,0.0,0.3612430129008819,0.3612430129008819
545,1,4.5205795685327143e-7,6784.163934034996,0.24377629982609086,0.001517784424734998,0.00018205693866794076,0.05374007872105173,-784.9652478991883,7.0,1.0,0.8496674016135756,-784.9652478991883,788.7171010203622,0.01198600484644885,0.3535425758832389,3.0,0.0,0.3612430129008819,0.3612430129008819
546,1,7.569607156426474e-7,6626.399938137081,0.20268969598502853,0.0013299253285862227,0.00019427962670907678,0.02793542292813549,-782.7208036508102,7.0,1.0,0.7234896114684168,-782.7208036508102,789.7823243454968,0.019462453167193416,0.7526400108059761,3.0,0.0,0.3612430129008819,0.3612430129008819
547,1,5.340945785168172e-7,6211.15461091264,0.2032976182363538,0.0016898354750178738,0.00016268217847769902,0.011289868202017597,-781.0473210925599,7.0,1.0,0.9841664984462304,-781.0473210925599,783.9152465370257,-0.06545671245964968,-0.1506025676688978,3.0,0.0,0.3612430129008819,0.3612430129008819
548,1,4.4510227042897355e-7,6859.634130992445,0.26025646400965297,0.001490997938681089,0.00015282709192342747,0.020183266726439823,-782.032387813539,15.0,1.0,0.9971883999064224,-782.032387813539,782.5994609591661,-0.01778385133422944,-0.10782173855056953,4.0,0.0,0.3612430129008819,0.3612430129008819
549,1,5.305569336403417e-7,7884.821207939449,0.2931549913954614,0.001489270342788503,0.0001585550392215633,0.020609083992519105,-784.2821682523758,3.0,1.0,0.6448562729946224,-784.2821682523758,785.72436633282,0.30927287845099727,0.5466852607945611,2.0,0.0,0.3612430129008819,0.3612430129008819
550,1,4.696915007933411e-7,8757.670410679659,0.17200194415509557,0.0016209420996734978,0.0001558254505453345,0.0037631278467887886,-784.3372222790823,15.0,1.0,0.9995600002038844,-784.3372222790823,786.7319220665845,-0.2630349429327907,-0.5541787801141709,4.0,0.0,0.3612430129008819,0.3612430129008819
551,1,7.396964529078116e-7,5300.533733230629,0.2786048138131921,0.0019035639202136232,0.00018359393265906298,0.02209801189194948,-781.4641138884754,15.0,1.0,1.0,-781.4641138884754,786.3722962191599,-0.3899741256533389,-0.3899741256533389,4.0,0.0,0.3612430129008819,0.3612430129008819
552,1,3.9791231431699374e-7,7191.978964325445,0.18796439712578097,0.001524240591099364,0.0002332190658877343,0.014869186424096585,-781.1924594228892,15.0,1.0,0.9797020463687308,-781.1924594228892,783.0206783174447,0.021962018578392417,0.06656658781139413,3.0,0.0,0.3612430129008819,0.3612430129008819
553,1,7.040651496126782e-7,6129.30266461676,0.2034029158172229,0.001990334288566538,0.0002291887900953948,0.01757353509048434,-780.1460269170991,15.0,1.0,0.9129738625056023,-780.1460269170991,782.9321208763599,-0.11753493148080452,0.23712345207593444,3.0,0.0,0.3612430129008819,0.3612430129008819
554,1,5.898365079871272e-7,5071.8492406662535,0.22395060628772795,0.0019770453230648793,0.00019879578184063624,0.024782213332320297,-782.4893343448545,7.0,1.0,0.46181664212382195,-782.4893343448545,786.7892675785339,0.6647984163392948,1.4718073151759654,2.0,0.0,0.3612430129008819,0.3612430129008819
555,1,5.23488918153096e-7,7617.052744485041,0.23486366464196953,0.0012990069550260295,0.0001880422125789593,0.004729194154087029,-782.9152366396416,15.0,1.0,0.9830796180827914,-782.9152366396416,785.1947371471783,-0.2686423258459172,-0.49341856210776314,4.0,0.0,0.3612430129008819,0.3612430129008819
556,1,1.0461949895312832e-6,5487.212983356999,0.17665185127569924,0.002283454688489365,0.00020749687803178646,0.01151041210475625,-782.2244513281994,15.0,1.0,0.740945554748979,-782.2244513281994,785.9257259166385,0.022191534189005324,0.7451768162316057,4.0,0.0,0.3612430129008819,0.3612430129008819
557,1,1.144689360854758e-6,4035.5188448771974,0.13981725699997388,0.002229300605836822,0.00031376305948482266,0.03203335836169804,-783.8784257870057,7.0,1.0,0.947227165572911,-783.8784257870057,786.2120585073932,0.10113932879426102,-0.20210955649724838,3.0,0.0,0.3612430129008819,0.3612430129008819
558,1,4.1576707239466864e-7,5459.037593206412,0.21920877330088828,0.0020435162486400513,0.00031585820919548295,0.025256179605388333,-782.62622117493,15.0,1.0,0.968843935658979,-782.62622117493,787.2849673317388,-0.05579961205773998,-0.37914923798780364,4.0,0.0,0.3612430129008819,0.3612430129008819
559,1,5.65893597167224e-7,6090.598507667475,0.19624663113110555,0.0014880673258415777,0.00018945083635013492,0.006900900858077324,-780.8879170251818,15.0,1.0,0.9410885893517594,-780.8879170251818,784.9645512486042,-0.37739182750328837,-0.4233899633325109,4.0,0.0,0.3612430129008819,0.3612430129008819
560,1,4.54281044779444e-7,8094.2798168644085,0.16739750949530638,0.0021420156007057474,0.00010162223897362151,0.020921056971366488,-784.9268725862999,7.0,1.0,0.9692168485071184,-784.9268725862999,786.5062701576118,-0.02828099592682065,-0.07902888685305243,3.0,0.0,0.3612430129008819,0.3612430129008819
561,1,6.635131165785062e-7,4297.875887913764,0.24142511404254555,0.0014758599408512146,0.00036948453009599136,0.006293271471366846,-783.3103904556874,15.0,1.0,0.8529186680817576,-783.3103904556874,786.3613371790943,0.15338083353572074,0.310080834151222,4.0,0.0,0.3612430129008819,0.3612430129008819
562,1,1.0835157527175555e-6,4508.132655383891,0.2095835242254331,0.002012645251160262,0.0002492056247982862,0.009493934199341605,-780.6415170583476,7.0,1.0,0.9930806286641666,-780.6415170583476,784.8501545622503,-0.20935608487263835,-0.20935608487263835,3.0,0.0,0.3612430129008819,0.3612430129008819
563,1,8.384623289864083e-7,4653.974130619321,0.22345821279032324,0.0019934402777928763,0.0002271730345971361,0.008707273049575201,-780.9081154919337,7.0,1.0,0.9276214631728517,-780.9081154919337,783.2150837336178,0.0738432109670839,0.13519211529160202,2.0,0.0,0.3612430129008819,0.3612430129008819
564,1,8.396899974889385e-7,4461.974906289936,0.2492155088451453,0.0016071485443679128,0.0002552289989667148,0.01847099451134753,-781.1457665191706,15.0,1.0,0.8831205968504695,-781.1457665191706,783.129053433609,0.04023098509856027,0.4153517776932176,3.0,0.0,0.3612430129008819,0.3612430129008819
565,1,9.42498847462975e-7,5142.552913042608,0.15009181331390165,0.0017807387112487672,0.00021536943961440193,0.0032421229931175084,-781.5805322673012,7.0,1.0,0.9878482000671153,-781.5805322673012,782.6481910694152,-0.08870974898786699,-0.13962741211310004,3.0,0.0,0.3612430129008819,0.3612430129008819
566,1,5.362429380753195e-7,5951.409163034076,0.2416899231935883,0.0014513935516628378,0.000222939988329139,0.02445269912518988,-781.2351806296458,15.0,1.0,0.9124546932363812,-781.2351806296458,783.0681768500014,0.06311115584026084,0.16225972504878428,4.0,0.0,0.3612430129008819,0.3612430129008819
567,1,7.509680372910597e-7,5638.637436003813,0.15458607917999487,0.0019866441109049706,0.00023169043190283945,0.002654092859742922,-781.6705580646718,23.0,1.0,0.8260609224902897,-781.6705580646718,784.3929100574,-0.08630634299106532,0.6384278785822062,4.0,0.0,0.3612430129008819,0.3612430129008819
568,1,8.656819072324871e-7,5547.8868819422605,0.1772304563396118,0.0015556858084003625,0.0001986111745335171,0.0050717302712276245,-780.7566019838854,7.0,1.0,0.9982663131672883,-780.7566019838854,782.3533877687545,-0.010313602230212382,-0.0250590102955357,3.0,0.0,0.3612430129008819,0.3612430129008819
569,1,8.417930095256105e-7,5494.164614426665,0.24890985550500117,0.0016412295522007234,0.0002647705336708988,0.011192580830494635,-780.5859352069465,15.0,1.0,0.819456170063349,-780.5859352069465,784.7944282443219,0.10306277853067058,0.37080191092934456,3.0,0.0,0.3612430129008819,0.3612430129008819
570,1,5.110608261034291e-7,7964.15360037,0.15713470335257881,0.002009816181389203,0.0001396904576633051,0.01857034715150156,-783.2085837515508,7.0,1.0,0.8864423745214199,-783.2085837515508,784.4693219667215,-0.0593057064563709,0.4298106058970461,3.0,0.0,0.3612430129008819,0.3612430129008819
571,1,5.336516680167951e-7,6453.749386213178,0.23080994011740272,0.0016396080865249208,0.00033878798468984735,0.015510160884314722,-781.3471428637139,7.0,1.0,0.9716359150265265,-781.3471428637139,785.2450817445011,0.0009049500843048008,-0.0860167770613316,3.0,0.0,0.3612430129008819,0.3612430129008819
572,1,1.5763677669947218e-6,4698.754104080579,0.16091338583078726,0.0020394622153577123,0.0001706605773141639,0.010020025454764662,-783.2473227266623,7.0,1.0,0.9894426465197004,-783.2473227266623,783.7181765711439,0.07677465081894752,-0.11417391851557568,3.0,0.0,0.3612430129008819,0.3612430129008819
573,1,6.031625597281938e-7,5783.933425327478,0.21505263286875984,0.0014309178432853537,0.0003251170950932663,0.003635047936501951,-781.8008553013899,15.0,1.0,0.9630868182887377,-781.8008553013899,786.2514823459755,-0.07128673186264223,0.1443542092251846,4.0,0.0,0.3612430129008819,0.3612430129008819
574,1,5.836003121621897e-7,7368.234751487335,0.20215257669063727,0.0019024753407369836,0.00016742942186004635,0.007708711112320618,-782.1624650523629,15.0,1.0,0.9423780195889252,-782.1624650523629,784.1088884711984,0.1693121439953984,0.188870627161009,4.0,0.0,0.3612430129008819,0.3612430129008819
575,1,1.0735247529416105e-6,4950.523466063574,0.18354489605433638,0.002117792011671696,0.00029843042916622103,0.03187394762328424,-781.1519179567721,15.0,1.0,0.9973121354959041,-781.1519179567721,784.3130954890786,-0.34662971203965753,-0.34662971203965753,4.0,0.0,0.3612430129008819,0.3612430129008819
576,1,5.296654759823821e-7,6285.306836280086,0.23330593011838485,0.0017206671079360158,0.00019202981766374558,0.006530536217164431,-780.512357725456,15.0,1.0,0.8708434505425428,-780.512357725456,783.8288084790408,0.06456130611263688,0.2738940151814404,3.0,0.0,0.3612430129008819,0.3612430129008819
577,1,7.315408144157169e-7,5996.221704098869,0.22050181658727672,0.0019911268935339913,0.00020124111789624515,0.0025389586898381905,-782.0172308468567,7.0,1.0,0.9071003416912891,-782.0172308468567,783.8461907671332,0.1565093706827838,0.16849162889536728,2.0,0.0,0.3612430129008819,0.3612430129008819
578,1,7.76053255001986e-7,5163.679402120405,0.18220535079397965,0.00196952861258688,0.00015956359311015804,0.0069984820563759285,-782.0394737805724,15.0,1.0,0.9428144726077718,-782.0394737805724,784.0990270649306,0.05805550398406467,0.21497685948520484,3.0,0.0,0.3612430129008819,0.3612430129008819
579,1,1.051075626105009e-6,4802.335357354521,0.19106911961771583,0.0020470975291326057,0.0002787274002397909,0.02668625780695879,-780.5613173564653,15.0,1.0,0.9969905752124811,-780.5613173564653,783.4273426126738,-0.242508236777212,-0.242508236777212,3.0,0.0,0.3612430129008819,0.3612430129008819
580,1,1.3826882123171502e-6,4764.552333812404,0.12481949648064726,0.0017199767203368236,0.00026148946330313555,0.021305868218304092,-782.9758835433403,15.0,1.0,0.8818063117438089,-782.9758835433403,784.0882353673924,0.14358109266322572,0.2026427480620896,3.0,0.0,0.3612430129008819,0.3612430129008819
581,1,8.70784597532028e-7,5194.029445598292,0.16236167631397158,0.0019186373118076049,0.0002427439501556054,0.017457184168003893,-780.2548621550839,7.0,1.0,0.9936128794510878,-780.2548621550839,783.3917916137359,-0.08829964503672727,-0.08829964503672727,3.0,0.0,0.3612430129008819,0.3612430129008819
582,1,4.466327207453174e-7,6128.988136705696,0.22204315849122971,0.0016425751415082117,0.0002200770314453028,0.025050035195515727,-781.5132526926826,15.0,1.0,0.7708470086592232,-781.5132526926826,784.4667751391223,0.3101181492666001,0.482567523659327,4.0,0.0,0.3612430129008819,0.3612430129008819
583,1,6.768984377376779e-7,7302.885593771544,0.21522598120466419,0.0020402954189021978,0.00019319353313393138,0.021115229563834322,-783.2382765283326,7.0,1.0,0.9227480134743633,-783.2382765283326,784.5829176042198,0.34369595716486856,-0.43354018047455156,3.0,0.0,0.3612430129008819,0.3612430129008819
584,1,6.802776955763754e-7,4661.325819257225,0.22256215187424797,0.001818803994171052,0.00027586158159568,0.014292395619507627,-780.919412651675,15.0,1.0,1.0,-780.919412651675,783.7930265429048,-0.4454681222171075,-0.7710567312485637,4.0,0.0,0.3612430129008819,0.3612430129008819
585,1,5.090085430431456e-7,5434.069771400471,0.22970056531756297,0.0014979047036383442,0.0002861782794882792,0.0063924523176328305,-781.2967905336732,23.0,1.0,0.9739689785498057,-781.2967905336732,783.6415146745966,0.004052020683730007,-0.20993739500931952,4.0,0.0,0.3612430129008819,0.3612430129008819
586,1,4.6030103421507194e-7,7516.564590441,0.2004817889777163,0.0018888619210906082,0.00016022923096656785,0.014450916620030278,-781.3446078947683,15.0,1.0,0.9726232915681295,-781.3446078947683,785.0430613535533,-0.1954721795966634,-0.1954721795966634,4.0,0.0,0.3612430129008819,0.3612430129008819
587,1,9.059823259611155e-7,6116.472178548328,0.1735387890346561,0.0016146492021317576,0.00020910632279614338,0.008305043245105139,-781.5166800422011,15.0,1.0,0.640381751832385,-781.5166800422011,784.9980598150728,0.16032610454158203,0.7456601973671013,3.0,0.0,0.3612430129008819,0.3612430129008819
588,1,6.164894004320237e-7,5711.401225252213,0.35334357605110706,0.001460222240186737,0.00018034219567877085,0.01994076579984577,-783.0797409434452,7.0,1.0,0.9823108173783576,-783.0797409434452,785.8810562264422,-0.1758412740048243,-0.3023338664166886,3.0,0.0,0.3612430129008819,0.3612430129008819
589,1,4.921192858667294e-7,7924.395113597151,0.1336941441748554,0.0018807892875571499,0.0002628271990455648,0.0028578043494515933,-784.2787702611749,15.0,1.0,0.8863874657499106,-784.2787702611749,787.8610225421946,0.16939338020245032,0.26061716118783806,4.0,0.0,0.3612430129008819,0.3612430129008819
590,1,9.599619360261514e-7,5832.228919941487,0.22422831413483385,0.0017545581869822936,0.00023764616855565483,0.03284663112311867,-781.8012926202516,15.0,1.0,0.9951694568119277,-781.8012926202516,786.8189293722787,-0.11596520411512756,-0.3140045557867097,3.0,0.0,0.3612430129008819,0.3612430129008819
591,1,6.702352374803379e-7,5014.269400130772,0.15144317918415756,0.001352240718844641,0.00024133483221611352,0.0011346041584313577,-784.8905952455641,15.0,1.0,0.6836830363520316,-784.8905952455641,785.5085396288972,0.5789440732315825,0.8359858186224756,4.0,0.0,0.3612430129008819,0.3612430129008819
592,1,5.339421320873149e-7,6108.453330750834,0.15530536703305153,0.0018964077482614495,0.00032064946341463967,0.013037816243587644,-781.1039885773866,15.0,1.0,0.9850491424077006,-781.1039885773866,786.3558147554822,-0.185737628594552,-0.51555300033192,4.0,0.0,0.3612430129008819,0.3612430129008819
593,1,5.729418060433606e-7,5633.891923956321,0.14187665212094816,0.001754620445576158,0.00030164292052526953,0.02980551053928863,-782.963434839384,7.0,1.0,0.8808102305094027,-782.963434839384,783.8571956584766,0.2735863807787382,0.2735863807787382,3.0,0.0,0.3612430129008819,0.3612430129008819
594,1,1.0752364924288364e-6,4400.332571882248,0.25349345541296764,0.0015079649634402355,0.00022976611831356365,0.007035832224487727,-781.0717322937787,15.0,1.0,0.9837320804727019,-781.0717322937787,784.0465270453591,-0.3006267513878811,-0.3419680022254852,4.0,0.0,0.3612430129008819,0.3612430129008819
595,1,7.097923211286007e-7,5161.259880596204,0.32742306809594407,0.0015000118898258353,0.00025048356861930607,0.004537027026419737,-782.6612560226972,15.0,1.0,0.8868170017546075,-782.6612560226972,784.2054405557221,0.0817186878650773,0.21856270266221145,4.0,0.0,0.3612430129008819,0.3612430129008819
596,1,6.001358482379573e-7,5216.122164809602,0.3095882893788718,0.0015401876159432033,0.00023953711491785082,0.004741147913932893,-782.0799244921989,7.0,1.0,0.9914113320880932,-782.0799244921989,783.4498795875018,-0.02310672720875573,-0.12288447440107575,3.0,0.0,0.3612430129008819,0.3612430129008819
597,1,2.0064577334296237e-6,3668.434719668939,0.12533236811993284,0.0018709515898825383,0.0002455693731316417,0.003119369265842559,-785.1687618674224,7.0,1.0,0.9865530649818367,-785.1687618674224,786.095661030322,0.04161330693284526,0.05389232507377528,3.0,0.0,0.3612430129008819,0.3612430129008819
598,1,3.1131177342373313e-7,6839.361200091663,0.3313628011911638,0.0014078677590570153,0.00022434996997919342,0.008974136727858184,-783.5954354659909,15.0,1.0,0.991312277271961,-783.5954354659909,787.3574342184639,0.012059398322207926,-0.10160233400608831,4.0,0.0,0.3612430129008819,0.3612430129008819
599,1,5.513060858825496e-7,7336.396593475086,0.12047204400296474,0.0019813568814431737,0.00015648269713753232,0.03783794399869638,-785.1148361066643,15.0,1.0,0.9571235758466706,-785.1148361066643,788.3807352309028,0.10098242527487855,-0.11409803070603175,4.0,0.0,0.3612430129008819,0.3612430129008819
600,1,7.5993075793754e-7,3934.246760262095,0.29174633879514267,0.0014325820937111694,0.0003556246890820465,0.0045207421579022515,-784.5205042109906,15.0,1.0,0.9959435044006908,-784.5205042109906,786.466969877528,-0.013112939237544197,-0.17347125142464392,4.0,0.0,0.3612430129008819,0.3612430129008819
601,1,8.078156405802372e-7,4557.1269497916965,0.24459363080878518,0.001270161379200517,0.0003563143599418608,0.0012565222691613249,-784.5615621235221,15.0,1.0,0.9873422492912842,-784.5615621235221,788.5586438209767,-0.022288917980290535,-0.417847028318306,4.0,0.0,0.3612430129008819,0.3612430129008819
602,1,1.0379977410748254e-6,5109.952188024219,0.26430184066613566,0.0011016475608796549,0.00029038248548986446,0.0012193049018830648,-785.7011647784641,15.0,1.0,0.9481025565061844,-785.7011647784641,787.5484482863327,0.15512516987041636,0.293556230092463,3.0,0.0,0.3612430129008819,0.3612430129008819
603,1,7.757680636891629e-7,4804.45493868116,0.3235909635183615,0.0015589948200737628,0.00018584345656793997,0.06761289010821925,-789.2346320933648,7.0,1.0,0.9314579897939834,-789.2346320933648,794.2299209682825,0.6535305293430156,-0.7988209109350919,3.0,0.0,0.3612430129008819,0.3612430129008819
604,1,1.0401672802709372e-6,5174.7931550898375,0.2979404637159813,0.001712046644400267,0.00017898104791845174,0.01640881848076419,-782.4452369269277,3.0,1.0,1.0,-782.4452369269277,788.7626945489349,-1.1980545367841842,-1.6534737436259093,2.0,0.0,0.3612430129008819,0.3612430129008819
605,1,7.66891062561219e-7,5317.714072308829,0.2780547698112254,0.0018005081159033823,0.00016680318195128277,0.008009977329143332,-781.6505998004917,7.0,1.0,0.8987789982861896,-781.6505998004917,784.3057026337943,-0.10414180389273042,0.2759142969223376,3.0,0.0,0.3612430129008819,0.3612430129008819
606,1,8.234184643609274e-7,5262.5587817050355,0.2675820040278571,0.0015594570660454202,0.0002269363721769207,0.031194474298772406,-781.2886049657174,7.0,1.0,0.9814302804818885,-781.2886049657174,783.918593515557,-0.001309236823090032,0.05933304639938797,3.0,0.0,0.3612430129008819,0.3612430129008819
607,1,9.56989939338708e-7,4749.853866928648,0.24713470327281647,0.0017998351651054062,0.00025195648108861834,0.021759917258121656,-780.4231112456405,15.0,1.0,1.0,-780.4231112456405,782.3620567440976,-0.0740311828715221,-0.0740311828715221,3.0,0.0,0.3612430129008819,0.3612430129008819
608,1,3.8378465453554956e-7,5858.409159859837,0.1949931263090772,0.0018342789226670816,0.00033526823485243535,0.011830650047986929,-782.01345882645,15.0,1.0,0.8106427053192178,-782.01345882645,783.6869561276984,0.2489086498000006,0.40408858524938296,4.0,0.0,0.3612430129008819,0.3612430129008819
609,1,1.057997827052629e-6,4815.404576355152,0.20593455251210435,0.001480361376188114,0.00020540904940036977,0.016247432056156523,-780.7496476330376,31.0,1.0,0.8908525922579347,-780.7496476330376,785.8983316452736,-0.3527888239666481,0.5882646242214378,4.0,0.0,0.3612430129008819,0.3612430129008819
610,1,8.658844617157265e-7,5005.3613189608195,0.1787329308252201,0.0013131065202040193,0.00017275010579864987,0.01248614851369011,-782.9855004708951,7.0,1.0,0.8746743314252622,-782.9855004708951,784.0854194317044,0.27663802459790077,0.27663802459790077,3.0,0.0,0.3612430129008819,0.3612430129008819
611,1,1.1984650704440913e-6,5109.326496703994,0.16537519608179152,0.0014693386606781406,0.00029951288453830354,0.011227006124908165,-782.0822491724127,15.0,1.0,0.988921384306362,-782.0822491724127,785.3104443454368,-0.19327674223177382,-0.393737294407174,3.0,0.0,0.3612430129008819,0.3612430129008819
612,1,1.0715824739253334e-6,4205.831133827541,0.2693164196955893,0.002045224960453288,0.0002961816682834654,0.018622035442734757,-782.0981923333547,7.0,1.0,1.0,-782.0981923333547,783.2865278121724,-0.13723815402158834,-0.1859285758578153,3.0,0.0,0.3612430129008819,0.3612430129008819
613,1,7.198557022114662e-7,5097.134709012436,0.2255732220047133,0.0021282046075459336,0.0002401482648753198,0.002229907032584071,-782.3180169896968,23.0,1.0,0.7993930624658235,-782.3180169896968,787.088731529913,0.0714497709425359,0.5760864302169466,4.0,0.0,0.3612430129008819,0.3612430129008819
614,1,9.85711938060842e-7,5219.369309597732,0.1998589463157426,0.0018420406303172703,0.00022413286765383402,0.0026305637834416725,-781.2446100172417,7.0,1.0,0.9862928461061055,-781.2446100172417,783.231239830292,-0.021962529637335138,-0.08209401141243688,3.0,0.0,0.3612430129008819,0.3612430129008819
615,1,7.143604836750375e-7,5444.6134756520405,0.2183695437773037,0.001903025612453777,0.0002541489968281878,0.02122946686220463,-779.8447955666021,15.0,1.0,1.0,-779.8447955666021,781.6487330634114,-0.10082233318212275,-0.10082233318212275,4.0,0.0,0.3612430129008819,0.3612430129008819
616,1,7.915095055944108e-7,5682.34685938435,0.18788135142534546,0.0018741611537962581,0.00020744102321398406,0.012801205470061612,-779.9123150104192,7.0,1.0,0.9024585893646258,-779.9123150104192,781.591653223074,-0.010890248194414198,0.16942742303763225,3.0,0.0,0.3612430129008819,0.3612430129008819
617,1,4.2466990821273956e-7,6365.574114218437,0.2205234742049744,0.0014359233683473214,0.0002699827186944981,0.008142526975227016,-781.2125595626258,15.0,1.0,0.9317405437471052,-781.2125595626258,782.0073575967991,0.10235631474722595,0.12269830814796023,3.0,0.0,0.3612430129008819,0.3612430129008819
618,1,1.1058732183355488e-6,5254.50681386858,0.18105829171739196,0.001804603143356375,0.00017910692694793627,0.016115271495036745,-780.8654245235942,15.0,1.0,0.9921558016714876,-780.8654245235942,782.8197349502205,-0.07004069691561199,-0.0919691618877323,4.0,0.0,0.3612430129008819,0.3612430129008819
619,1,7.926983955598583e-7,5526.8240019600935,0.19514321330697565,0.0016516667788219431,0.00018395887733341974,0.015716869249481503,-780.2196515626205,7.0,1.0,0.9995147921607467,-780.2196515626205,781.1787518721966,-0.02755018994389502,-0.057482077270719856,3.0,0.0,0.3612430129008819,0.3612430129008819
620,1,1.30864648630285e-6,4173.510621149101,0.2499417220227983,0.0023195908647699486,0.00026218857805990653,0.026556675355225923,-783.0764815118985,7.0,1.0,0.9077515339495907,-783.0764815118985,785.0250460305165,0.07676589831703495,0.21420136822348468,3.0,0.0,0.3612430129008819,0.3612430129008819
621,1,3.40315949957906e-7,6083.608281115143,0.19501808642241622,0.002158385729193916,0.00035605591941766763,0.011433883160788591,-783.168616997209,15.0,1.0,0.8178064980731672,-783.168616997209,790.1287243818934,0.12773668906152125,0.31707606448480874,3.0,0.0,0.3612430129008819,0.3612430129008819
622,1,7.392250785426182e-7,6435.834231005908,0.2747295751272284,0.0010266159782657787,0.00020968871452755683,0.0046040321554615075,-785.1944942143693,15.0,1.0,0.9689406590422355,-785.1944942143693,787.8831920458839,0.22258456250995096,0.22258456250995096,3.0,0.0,0.3612430129008819,0.3612430129008819
623,1,8.948316970328728e-7,6098.986258059334,0.09985850566864071,0.0019410289707123695,0.00025964591074035013,0.04335722129173912,-786.0289600547876,15.0,1.0,0.5276197131429394,-786.0289600547876,792.352577655013,0.0629098333422462,1.5755225048836792,4.0,0.0,0.3612430129008819,0.3612430129008819
624,1,5.316327364665572e-7,5605.641876838534,0.1893523266365008,0.0026737232245713856,0.00028446553993355427,0.008482820818685162,-784.1310484739691,7.0,1.0,0.9188046785798735,-784.1310484739691,789.6312023896907,0.021105749428784293,0.3648705740358764,3.0,0.0,0.3612430129008819,0.3612430129008819
625,1,6.803978846664867e-7,7055.122443282341,0.13815549222057244,0.001474490248957959,0.00026753328748169576,0.03142778437362222,-784.1517404489573,7.0,1.0,0.990696876345695,-784.1517404489573,785.9381263629923,0.06733909570698415,-0.18895888204724542,3.0,0.0,0.3612430129008819,0.3612430129008819
626,1,8.983859299856803e-7,5369.473625210533,0.22085022035302285,0.0014698396626297687,0.0002801239792595551,0.005989733954582389,-780.9735327354686,7.0,1.0,0.5948128716440072,-780.9735327354686,788.2708067501651,0.23324788996785628,0.9914395803198204,3.0,0.0,0.3612430129008819,0.3612430129008819
627,1,5.398151666027667e-7,6025.078755956629,0.1952992510503335,0.0019522164434333685,0.000182414328373584,0.028310835578449645,-781.612470889442,15.0,1.0,0.9044634003224199,-781.612470889442,782.556169355866,0.19005181493105283,0.2677355734597313,4.0,0.0,0.3612430129008819,0.3612430129008819
628,1,5.788012742253871e-7,3850.946227364984,0.15082318396571873,0.0020328799626334144,0.0004056631585905187,0.0037508569954723876,-786.2092459097682,15.0,1.0,0.7957123613499405,-786.2092459097682,789.6082058314634,0.30973540332513494,0.5462089841968236,4.0,0.0,0.3612430129008819,0.3612430129008819
629,1,7.525226243477085e-7,3391.917986735813,0.16325960429157477,0.0019601782455006002,0.0004625047934004496,0.024334697297186327,-786.821381522955,15.0,1.0,0.9438306029718337,-786.821381522955,790.1381079657039,-0.05203282686682087,-0.9343550211260663,4.0,0.0,0.3612430129008819,0.3612430129008819
630,1,1.2592534179580943e-6,4701.586877629528,0.18302470435173904,0.0021206506033589236,0.0003638747805978663,0.009635217946742707,-782.9834950001252,7.0,1.0,1.0,-782.9834950001252,786.9857264714337,-0.21392377311678956,-0.45608615718595047,3.0,0.0,0.3612430129008819,0.3612430129008819
631,1,1.045831358888545e-6,3532.0666084053682,0.13722050015967535,0.0023694019029472566,0.00038530610158823503,0.010577874081496193,-785.0803077826955,7.0,1.0,1.0,-785.0803077826955,785.9425144333767,-0.07410536094982945,-0.2939771926268122,3.0,0.0,0.3612430129008819,0.3612430129008819
632,1,7.64630323542831e-7,5035.839541847568,0.1866085483083107,0.0015744077353265673,0.00023256839844726506,0.014514962073464577,-780.6313905080082,7.0,1.0,0.9951499460195885,-780.6313905080082,786.379398079125,-0.06074013145200752,-0.22596690620002846,3.0,0.0,0.3612430129008819,0.3612430129008819
633,1,8.292301095508668e-7,5612.478650006099,0.20072768573221111,0.0013848029087944551,0.0002876688006624961,0.022567692577062242,-781.2789185533444,7.0,1.0,0.9845382477452878,-781.2789185533444,782.5453582379415,-0.10731080953178207,-0.11904992511631463,3.0,0.0,0.3612430129008819,0.3612430129008819
634,1,9.420642416875622e-7,5496.324105679211,0.1803102106108872,0.0013099672873784153,0.000305714517561067,0.019154273608263415,-782.3072021802437,7.0,1.0,0.975166093557573,-782.3072021802437,783.6643887713853,0.07236235166146798,0.07236235166146798,3.0,0.0,0.3612430129008819,0.3612430129008819
635,1,4.404876350582191e-7,5636.233735198383,0.19695294902061092,0.0023448095052147062,0.00022089981816334538,0.00902312916657029,-783.4311996897502,7.0,1.0,0.7721927077455646,-783.4311996897502,784.9480417484083,0.3458941860884579,0.6232020233032927,3.0,0.0,0.3612430129008819,0.3612430129008819
636,1,6.401984060685571e-7,6506.855559883767,0.2505522618641428,0.0016179100551560017,0.00024562012548429027,0.04123509229134244,-782.1379433869795,7.0,1.0,0.9693788597230404,-782.1379433869795,785.4658070402262,-0.3007389620107688,-0.3770040693370902,3.0,0.0,0.3612430129008819,0.3612430129008819
637,1,5.458486339338096e-7,6608.004638568352,0.2166970696678908,0.0015515239591593192,0.00027933765908769084,0.012152194709807829,-780.5020225857236,7.0,1.0,0.7844227542438053,-780.5020225857236,784.4511869738438,0.038059496367395695,0.4906461235656252,3.0,0.0,0.3612430129008819,0.3612430129008819
638,1,4.283739015003931e-7,6678.850378148531,0.165966822322618,0.00216902506676243,0.0003374891802986617,0.023901670004259936,-781.962502368245,7.0,1.0,0.9561968698321218,-781.962502368245,782.9396921620203,0.011397714910913237,0.10434657310554485,3.0,0.0,0.3612430129008819,0.3612430129008819
639,1,5.137349537105e-7,4997.614376001788,0.17963201409574256,0.002365209582955697,0.0002897685819728826,0.007548597610367096,-783.4049019587102,31.0,1.0,0.6630000203111907,-783.4049019587102,788.4083662094124,0.4183028547047343,1.0316874997283776,4.0,0.0,0.3612430129008819,0.3612430129008819
640,1,1.7792698592036482e-6,3601.559694231646,0.20059697246650268,0.0012016847381984123,0.0002494881207515964,0.00865898426969212,-784.7465557421713,15.0,1.0,0.9897634493060321,-784.7465557421713,787.3483819214046,-0.020014771778051,-0.3796877209856575,4.0,0.0,0.3612430129008819,0.3612430129008819
641,1,3.133930493662246e-7,8294.219555111898,0.15933196977369377,0.001419457543643695,0.00015682027140402,0.01984709878857839,-785.3392316366533,15.0,1.0,0.9692699751358399,-785.3392316366533,788.3071823569795,0.1316396479658124,-0.24227162360205057,4.0,0.0,0.3612430129008819,0.3612430129008819
642,1,4.3730705914878993e-7,5773.900266347163,0.23539428579175684,0.00202822985459206,0.0001960549757931479,0.004186766570330588,-782.9459698585074,15.0,1.0,1.0,-782.9459698585074,785.9864141851673,-0.07510112092302279,-0.34244993727247675,4.0,0.0,0.3612430129008819,0.3612430129008819
643,1,7.328396618696683e-7,6297.93489683135,0.2362951376018278,0.0014500574571375,0.00021716106982426627,0.0007725447653013448,-783.2530413882129,11.0,1.0,0.9965026912592571,-783.2530413882129,785.2169126840352,0.004940991982266496,-0.28336712737234393,3.0,0.0,0.3612430129008819,0.3612430129008819
644,1,1.060926911190788e-6,5709.041475150579,0.19955120897795128,0.0016027387505890326,0.0002839543277375362,0.009426834897523,-782.6115301735873,15.0,1.0,0.7784491396446195,-782.6115301735873,787.6581031890756,0.5453268204507822,0.5649742251108592,4.0,0.0,0.3612430129008819,0.3612430129008819
645,1,5.053273231053002e-7,6001.40493074708,0.1746465420210916,0.0017424653999377024,0.00020256424661743982,0.02295709016185982,-781.8446236720912,23.0,1.0,0.9946142808629348,-781.8446236720912,783.5425702568942,-0.27874617616669184,-0.7908593109900721,4.0,0.0,0.3612430129008819,0.3612430129008819
646,1,8.807256975027357e-7,4496.925375921991,0.18631674224742573,0.0016051458381357597,0.0002530002063111479,0.015277514394036042,-781.1976212517084,15.0,1.0,1.0,-781.1976212517084,782.4037718782251,-0.07245435330435157,-0.34016481667777043,4.0,0.0,0.3612430129008819,0.3612430129008819
647,1,3.7017885711808103e-7,5740.073574373035,0.23214460994563604,0.0017619273254502398,0.00023920308039687783,0.008336366201789819,-782.3725701399744,15.0,1.0,0.9602010040923223,-782.3725701399744,782.8889702608303,0.10287050447914226,-0.27668884192576115,4.0,0.0,0.3612430129008819,0.3612430129008819
648,1,2.9764482805839403e-7,6401.271811605685,0.24319793070925774,0.0017259956474383622,0.00031629141687146347,0.002835584141457141,-783.5808604273824,7.0,1.0,0.9677104318645495,-783.5808604273824,786.1184476015878,-0.13341675521405705,-0.5628039267800204,3.0,0.0,0.3612430129008819,0.3612430129008819
649,1,3.3296401841137383e-7,6249.115414198795,0.23898225579852256,0.001494591997373184,0.0003070963391854575,0.002333059235507269,-783.3810185308542,7.0,1.0,0.9842970340521072,-783.3810185308542,784.6104317993036,0.00955527202711437,-0.10716678982339545,3.0,0.0,0.3612430129008819,0.3612430129008819
650,1,3.895704480094962e-7,7383.925105670431,0.20024644437211134,0.0017898218541883167,0.00018734277669842905,0.001197684614413967,-782.8078472579712,15.0,1.0,0.9177104539900066,-782.8078472579712,789.0789186610878,-0.07140552942803424,0.27594148472587676,4.0,0.0,0.3612430129008819,0.3612430129008819
651,1,1.4012660555377273e-6,3837.546815560514,0.22278714561940846,0.001404749585683205,0.00022119778148623696,0.012495831880264683,-782.705333639165,15.0,1.0,0.9210325502040495,-782.705333639165,786.4278292479529,0.06315796763715298,0.1739157905394677,3.0,0.0,0.3612430129008819,0.3612430129008819
652,1,1.0729855948015286e-6,4642.761334337236,0.27062603067149105,0.0017472238409633764,0.00026675017263783004,0.003192607962168103,-782.3323270610429,7.0,1.0,0.91695532647416,-782.3323270610429,787.7212226540544,0.08979571290092281,0.3990415319647127,2.0,0.0,0.3612430129008819,0.3612430129008819
653,1,1.265390672887641e-6,3326.713695875,0.15774412554619624,0.0018453083641375779,0.00021716586602690368,0.0064577661026464445,-785.9852555308267,15.0,1.0,0.6503829299686811,-785.9852555308267,787.6764729679556,0.5996397965186588,1.0879090778247473,4.0,0.0,0.3612430129008819,0.3612430129008819
654,1,1.7502411850570307e-6,4182.310577443745,0.1748436850741821,0.0021123207329193025,0.00045110691280420223,0.008756345237306765,-786.7149492042531,31.0,1.0,0.954432790194092,-786.7149492042531,787.9465073428469,0.1445191357221347,-0.9742297672883069,4.0,0.0,0.3612430129008819,0.3612430129008819
655,1,7.091454721835194e-7,3990.5738327351455,0.20139804493440241,0.0019100806493637496,0.000316060971820815,0.005216020289136834,-782.9254984955988,7.0,1.0,0.8453793541632061,-782.9254984955988,790.0905317577193,-0.06380468031159126,0.5690808133551855,3.0,0.0,0.3612430129008819,0.3612430129008819
656,1,4.803388599496348e-7,6666.381257935911,0.21519709641720458,0.0019053647036982948,0.00015567228145193715,0.009641507649670717,-781.4591112895986,15.0,1.0,0.9890659837298766,-781.4591112895986,783.2579478777063,-0.2414276785622178,-0.37332266779685597,4.0,0.0,0.3612430129008819,0.3612430129008819
657,1,6.86106044921499e-7,6041.632304734991,0.21420033576781142,0.0014494548959071685,0.00011090006961945187,0.021338688198604516,-783.3349525266642,7.0,1.0,0.8192874202990573,-783.3349525266642,786.468706659581,-0.11330235045852532,0.6344984934452214,3.0,0.0,0.3612430129008819,0.3612430129008819
658,1,1.6590179867588745e-6,4831.264220911832,0.19321313318500183,0.0014957822459843954,0.00012116940127487987,0.02358212485644661,-785.3153836414089,15.0,1.0,0.9656294540681609,-785.3153836414089,790.4611518469986,0.12220315552883676,0.16111986492160213,3.0,0.0,0.3612430129008819,0.3612430129008819
659,1,1.6590179867588745e-6,4831.264220911832,0.19321313318500183,0.0014957822459843954,0.00012116940127487987,0.02358212485644661,-785.3153836414089,7.0,1.0,0.2490409215208513,-785.3153836414089,788.677664412267,0.0,2.172107628541198,3.0,0.0,0.3612430129008819,0.3612430129008819
660,1,1.4507088097895516e-6,4042.6616408818513,0.2335574384335563,0.001658108125945068,0.00017291388329578964,0.01252377225582945,-782.4985587952683,15.0,1.0,0.9261869303687751,-782.4985587952683,787.7092572733764,-0.025372533960194232,0.2248957301956125,4.0,0.0,0.3612430129008819,0.3612430129008819
661,1,1.1078344212464477e-6,4739.00657484794,0.20736603513000545,0.0016673563343991222,0.0002953872925673815,0.015189918333886424,-780.3605828261406,7.0,1.0,0.9844578572655603,-780.3605828261406,783.7741893496275,-0.0895599781800911,0.09480273420206231,3.0,0.0,0.3612430129008819,0.3612430129008819
662,1,1.0551414651236416e-6,4770.155510249558,0.26333817943821236,0.0013931429685037572,0.00025881375343290086,0.014171104374014823,-781.2881561400682,7.0,1.0,0.8940210584053894,-781.2881561400682,788.956448611655,0.048181443610019414,0.23872397795344114,2.0,0.0,0.3612430129008819,0.3612430129008819
663,1,1.3490253497815574e-6,3555.2537171468616,0.19628937813474107,0.001881807804992949,0.00036658168820608673,0.005549411816878171,-782.6573435769835,15.0,1.0,0.9708700150395163,-782.6573435769835,785.8992444138016,0.014750832583899864,0.0671826277728087,3.0,0.0,0.3612430129008819,0.3612430129008819
664,1,1.3809871763985485e-6,3434.371805946896,0.1669792858567329,0.0018100433191912818,0.00035596204486120295,0.004591959769624371,-783.2167405802699,7.0,1.0,0.9527533079101141,-783.2167405802699,784.8945353931837,0.0299105403402109,0.08643755418972887,3.0,0.0,0.3612430129008819,0.3612430129008819
665,1,1.2195202769136135e-6,3881.056924112789,0.22923179482176137,0.0017062772092317116,0.00035351922262350855,0.005884082188060805,-782.1945509447191,7.0,1.0,0.9132395180798509,-782.1945509447191,785.3061438395308,-0.03699515879679893,0.18730533627297064,3.0,0.0,0.3612430129008819,0.3612430129008819
666,1,5.469619968514226e-7,7019.044767383582,0.21000041950274265,0.0016029127617427361,0.00020018884784432888,0.018765573194212976,-780.5031888002085,15.0,1.0,0.983760614549508,-780.5031888002085,785.1347252501187,-0.07855773471510474,0.08975507748289147,3.0,0.0,0.3612430129008819,0.3612430129008819
667,1,5.656175352543085e-7,7002.606171889837,0.19669357776759577,0.0014898397889923382,0.00023322185921142709,0.00865391975768655,-780.9314478743324,15.0,1.0,0.7968972507320374,-780.9314478743324,782.90229276173,0.09595388359582557,0.45309866721879644,4.0,0.0,0.3612430129008819,0.3612430129008819
668,1,7.270077021907893e-7,5459.966559407246,0.28655894298353807,0.0015850157684117762,0.00022359122321979422,0.012889041464157027,-780.7202956379668,15.0,1.0,0.7876419396984585,-780.7202956379668,783.4267188496065,-0.025303620289150786,0.6567694321697672,3.0,0.0,0.3612430129008819,0.3612430129008819
669,1,1.473648662958006e-6,4392.333341432592,0.17433423917966331,0.0020003264063086874,0.00027065391179025895,0.018700274490211402,-781.2810704639152,15.0,1.0,0.9562331349982657,-781.2810704639152,783.3504226121256,0.0017196740170675184,0.09509146309778771,4.0,0.0,0.3612430129008819,0.3612430129008819
670,1,1.1697780498263697e-6,3753.3952127277894,0.1406174419804742,0.001886559187242249,0.0002574041274174874,0.021055979876449395,-784.6295364835632,7.0,1.0,0.6423480468665288,-784.6295364835632,784.8864229331574,0.6632775443787295,0.9099047856356037,3.0,0.0,0.3612430129008819,0.3612430129008819
671,1,1.2226220474276582e-6,4285.423755689594,0.1535657868082821,0.001851843685580507,0.00023715417216703166,0.007047431468406382,-781.6476877412315,15.0,1.0,0.9816441113200967,-781.6476877412315,785.9288632754278,-0.3816113461891746,-0.49238216198500595,4.0,0.0,0.3612430129008819,0.3612430129008819
672,1,4.0404212697408656e-7,7149.612594065663,0.2868736648505319,0.0013965644022317844,0.00017446340512729114,0.00016348370850964835,-785.5223450421881,15.0,1.0,0.9830381294320142,-785.5223450421881,787.513567862089,-0.023215754107468456,-0.21901862705328767,3.0,0.0,0.3612430129008819,0.3612430129008819
673,1,1.1100438485883592e-6,5283.574245374815,0.1613886625986788,0.002040067152296361,0.0002945409557657525,0.058543871810664894,-784.1498565668925,15.0,1.0,0.9536434668442787,-784.1498565668925,790.5836214839846,-0.2508367478413902,-0.5189707823196841,4.0,0.0,0.3612430129008819,0.3612430129008819
674,1,2.192700163686314e-7,7046.198786305807,0.19887047820982576,0.001964485320710189,0.0002859393890829961,0.0038292309348687387,-784.845178414828,31.0,1.0,0.8552194385313764,-784.845178414828,788.9115426480375,0.21739428697355834,0.6100978659604834,4.0,0.0,0.3612430129008819,0.3612430129008819
675,1,4.246734032658406e-7,7351.27793849574,0.2743893540082348,0.0014559768070529348,0.0002998293675081518,0.004719384747769963,-783.3740087550923,7.0,1.0,1.0,-783.3740087550923,787.0615514120626,-0.02410899919084386,-0.2129805199903103,3.0,0.0,0.3612430129008819,0.3612430129008819
676,1,2.870313753095438e-7,6660.136374988341,0.21509679473760773,0.0017474907351250895,0.0003907814368076411,0.003935454942563554,-784.4165139098535,7.0,1.0,0.8609257175799837,-784.4165139098535,788.0283697379823,0.021674202775216145,0.37213534865418296,3.0,0.0,0.3612430129008819,0.3612430129008819
677,1,2.0706373949237284e-6,4016.1863729402967,0.17950481391695816,0.0017771598390166567,0.00015179766256641169,0.01878134593450496,-784.7067457373884,15.0,1.0,0.9861094985487495,-784.7067457373884,787.7563003542792,-0.17496698684351486,-0.2275939084233869,4.0,0.0,0.3612430129008819,0.3612430129008819
678,1,1.2016844038153788e-6,5118.500999047587,0.15286416865522934,0.001906725985876159,0.00022127527934227045,0.019272468115362873,-781.2553283264498,7.0,1.0,0.9632928789082785,-781.2553283264498,787.0649449617931,-0.045389932311422854,0.15724773021952387,3.0,0.0,0.3612430129008819,0.3612430129008819
679,1,9.948641881998332e-7,4637.707645470992,0.15768616003061403,0.0017240545351107901,0.0002080452951177798,0.016408991156662257,-781.7178578361854,7.0,1.0,0.8999841565137761,-781.7178578361854,782.3892116248107,0.20499131790870706,0.25145693723391105,3.0,0.0,0.3612430129008819,0.3612430129008819
680,1,1.928615590855911e-6,4007.3990213019197,0.11898810735831192,0.0018505429670123434,0.00021567626516792658,0.013661855291044188,-784.7650086858738,15.0,1.0,0.8354796907834223,-784.7650086858738,787.8391636018728,-0.14886533179776507,0.7431372960501221,4.0,0.0,0.3612430129008819,0.3612430129008819
681,1,3.9207006344481597e-7,8073.808263624704,0.2102771627450468,0.0013894089085650313,0.00016955477956994788,0.005987677715225555,-782.3477775195778,15.0,1.0,0.968071180292347,-782.3477775195778,786.5511345289166,0.0029873019099113662,0.09273677135411162,4.0,0.0,0.3612430129008819,0.3612430129008819
682,1,3.9600948986322923e-7,7932.025669689314,0.17674045588825357,0.0013782515252679622,0.00015807382691043146,0.0046317338414028335,-783.337326245562,7.0,1.0,0.9524469885028906,-783.337326245562,785.285669512928,0.062344806644546225,0.1011059499979865,3.0,0.0,0.3612430129008819,0.3612430129008819
683,1,4.023332589819617e-7,7684.123496915345,0.1921227573960231,0.0013602531717394797,0.00015387035322075054,0.004477672668945136,-783.0892538694558,7.0,1.0,1.0,-783.0892538694558,783.8877638918683,-0.0013539370944499751,-0.061501896071376905,3.0,0.0,0.3612430129008819,0.3612430129008819
684,1,1.611219381968847e-6,4228.205663810268,0.14897758884268653,0.0017159800621323602,0.00032126286423969413,0.031219646659289054,-783.2864118969317,15.0,1.0,0.9969005105333015,-783.2864118969317,783.9643390741231,0.009527969381224466,-0.0986058571867261,4.0,0.0,0.3612430129008819,0.3612430129008819
685,1,1.5033204271240094e-6,4372.079615465921,0.1652945142074377,0.0016876031223785671,0.00032256346266849514,0.034686333117171606,-782.9580179325023,15.0,1.0,0.9981330942372887,-782.9580179325023,784.2080059714822,0.028403164282281068,-0.12470390393139041,4.0,0.0,0.3612430129008819,0.3612430129008819
686,1,2.0148796498413067e-6,3142.0546963696625,0.17331018622610167,0.0015030646818136126,0.0002860737797701136,0.007094324417066203,-784.4157815632972,7.0,1.0,0.6564121089054004,-784.4157815632972,791.4549398491598,0.3716383576273756,0.8455320949369707,3.0,0.0,0.3612430129008819,0.3612430129008819
687,1,6.541275194519527e-7,3584.0550251467776,0.1438733270994428,0.0024387080903509957,0.00034017733706021285,0.0017864372228880254,-788.2190399588482,15.0,1.0,0.8222461938324866,-788.2190399588482,791.292378434197,0.2942761071468567,0.41461562089580184,4.0,0.0,0.3612430129008819,0.3612430129008819
688,1,1.2039522738686056e-6,3742.6912026743403,0.19113149295334622,0.001278357674656013,0.0002230479052057495,0.018684707139563127,-785.9235912001819,7.0,1.0,0.9685674573881636,-785.9235912001819,790.8367462861037,0.1314792525657822,-0.4660686512684151,3.0,0.0,0.3612430129008819,0.3612430129008819
689,1,1.3451294638116523e-6,4007.6075396078913,0.20467544694814682,0.0012679556244469385,0.0002511401866452335,0.008940892583033546,-782.8504757151948,7.0,1.0,0.8698406126970532,-782.8504757151948,788.2833375894847,-0.4043563859193,-0.9271228028335372,3.0,0.0,0.3612430129008819,0.3612430129008819
690,1,4.2976338137114066e-7,6730.556709185974,0.23798219164834378,0.0018691301423186697,0.0002029422984091779,0.025409143608471577,-781.0672911373888,15.0,1.0,0.9991838808552653,-781.0672911373888,785.0119118941816,-0.0797876456413178,-0.14322151381998083,3.0,0.0,0.3612430129008819,0.3612430129008819
691,1,4.5401469303385586e-7,7788.57092079951,0.20598243241158545,0.0014408365046455806,0.0002231222854328167,0.01392935229358101,-781.4581068475179,15.0,1.0,0.9932980178026887,-781.4581068475179,782.4853941089244,0.022219279272917447,-0.05990656047401899,4.0,0.0,0.3612430129008819,0.3612430129008819
692,1,7.248604532284188e-7,4506.49228593694,0.291876947801195,0.0021659220497668072,0.00030901167350960446,0.025117901899875887,-783.4555112060691,15.0,1.0,0.9639326514557671,-783.4555112060691,785.9941387262568,0.08132999128974916,0.11312571324071996,3.0,0.0,0.3612430129008819,0.3612430129008819
693,1,7.618576812379707e-7,5853.598163487623,0.1500083272209208,0.0011735450234411345,0.00021674342036436165,0.006301955028886681,-783.6868336089024,15.0,1.0,0.9306235113857698,-783.6868336089024,787.5011109275885,0.004732224328904522,0.20497814731095332,3.0,0.0,0.3612430129008819,0.3612430129008819
694,1,6.695926191253198e-7,6153.652424224906,0.11927287825312653,0.0015098446972548786,0.00033131287303634136,0.0159335863962876,-783.8230183757172,15.0,1.0,0.9915499720649036,-783.8230183757172,786.4174650658753,-0.02708426804372266,-0.19197777452052378,4.0,0.0,0.3612430129008819,0.3612430129008819
695,1,4.3676940360953885e-7,6399.795729842851,0.2408240128414482,0.0017961296807351168,0.00026672024654334403,0.004029723161466438,-781.3523013901155,7.0,1.0,0.9993953067078761,-781.3523013901155,785.3132139760818,-0.11482920855530665,-0.12531300949603974,3.0,0.0,0.3612430129008819,0.3612430129008819
696,1,1.7685949324467382e-6,4172.592615474309,0.1992598144806907,0.0016179618431494504,0.00027086461351192296,0.0206205475184181,-782.2832730557615,7.0,1.0,0.9727066006413442,-782.2832730557615,785.438019180404,-0.03631700364428525,0.202238793280344,3.0,0.0,0.3612430129008819,0.3612430129008819
697,1,5.803835644330676e-7,6147.282307551695,0.22229964194160876,0.0018742051220550886,0.0002862986459113017,0.0037903227503043473,-781.3427138081645,15.0,1.0,0.8747616293274212,-781.3427138081645,784.0638693841621,0.09917813170363843,0.3612779288288266,4.0,0.0,0.3612430129008819,0.3612430129008819
698,1,4.5894314410763933e-7,7752.376146502831,0.15488373545870418,0.0013061507792551034,0.00022463379367469475,0.0022973189003352074,-784.0739457040074,7.0,1.0,0.9585081516086257,-784.0739457040074,784.8711296761032,0.04282935579772129,0.09125904400661966,3.0,0.0,0.3612430129008819,0.3612430129008819
699,1,8.608100748595778e-7,4616.6198782981055,0.25313749115397693,0.001353229968432752,0.0002596049676214855,0.00013886859311616377,-784.7916688601464,15.0,1.0,0.9869652291897976,-784.7916688601464,788.9768997485411,-0.06703026859872807,-0.08143778642568122,4.0,0.0,0.3612430129008819,0.3612430129008819
700,1,6.136148606344816e-7,6764.164290037713,0.14865609474697844,0.00196131481845222,0.00017200192376414406,0.00013323527789714474,-785.8556146607158,15.0,1.0,0.9910158555593725,-785.8556146607158,787.3212646837346,0.03530789699163961,-0.037362501283496385,4.0,0.0,0.3612430129008819,0.3612430129008819
