trajectory,date,new_confirmed,cum_new_confirmed,new_chicken,new_duck,new_broiler_1,new_broiler_2,new_conventional,new_layer,new_organic
1,2026-01-14,0,0,0,0,0,0,0,0,0
1,2026-01-15,0,0,0,0,0,0,0,0,0
1,2026-01-16,0,0,0,0,0,0,0,0,0
1,2026-01-17,0,0,0,0,0,0,0,0,0
1,2026-01-18,0,0,0,0,0,0,0,0,0
1,2026-01-19,0,0,0,0,0,0,0,0,0
1,2026-01-20,0,0,0,0,0,0,0,0,0
1,2026-01-21,0,0,0,0,0,0,0,0,0
1,2026-01-22,0,0,0,0,0,0,0,0,0
1,2026-01-23,0,0,0,0,0,0,0,0,0
1,2026-01-24,0,0,0,0,0,0,0,0,0
1,2026-01-25,8,8,8,0,2,6,0,0,0
1,2026-01-26,3,11,2,1,0,1,1,1,0
1,2026-01-27,4,15,1,3,0,1,3,0,0
1,2026-01-28,3,18,2,1,1,0,1,1,0
1,2026-01-29,5,23,4,1,0,4,0,0,1
1,2026-01-30,7,30,5,2,2,2,2,1,0
1,2026-01-31,6,36,5,1,1,3,1,1,0
1,2026-02-01,5,41,5,0,1,3,0,1,0
1,2026-02-02,3,44,3,0,0,3,0,0,0
1,2026-02-03,4,48,3,1,0,3,0,0,1
1,2026-02-04,7,55,7,0,0,7,0,0,0
1,2026-02-05,6,61,4,2,1,2,1,1,1
1,2026-02-06,7,68,6,1,1,4,1,1,0
1,2026-02-07,15,83,13,2,7,6,1,0,1
1,2026-02-08,4,87,4,0,2,1,0,1,0
1,2026-02-09,9,96,6,3,1,5,3,0,0
1,2026-02-10,7,103,5,2,0,5,0,0,2
2,2026-01-14,0,0,0,0,0,0,0,0,0
2,2026-01-15,0,0,0,0,0,0,0,0,0
2,2026-01-16,0,0,0,0,0,0,0,0,0
2,2026-01-17,0,0,0,0,0,0,0,0,0
2,2026-01-18,0,0,0,0,0,0,0,0,0
2,2026-01-19,0,0,0,0,0,0,0,0,0
2,2026-01-20,0,0,0,0,0,0,0,0,0
2,2026-01-21,0,0,0,0,0,0,0,0,0
2,2026-01-22,0,0,0,0,0,0,0,0,0
2,2026-01-23,0,0,0,0,0,0,0,0,0
2,2026-01-24,0,0,0,0,0,0,0,0,0
2,2026-01-25,8,8,8,0,1,5,0,2,0
2,2026-01-26,8,16,5,3,0,5,3,0,0
2,2026-01-27,5,21,5,0,4,1,0,0,0
2,2026-01-28,5,26,4,1,1,3,1,0,0
2,2026-01-29,7,33,6,1,0,5,1,1,0
2,2026-01-30,3,36,3,0,0,3,0,0,0
2,2026-01-31,6,42,4,2,1,3,1,0,1
2,2026-02-01,9,51,9,0,6,3,0,0,0
2,2026-02-02,8,59,7,1,5,2,1,0,0
2,2026-02-03,12,71,9,3,2,7,1,0,2
2,2026-02-04,10,81,9,1,1,7,1,1,0
2,2026-02-05,10,91,6,4,0,4,3,2,1
2,2026-02-06,4,95,3,1,0,3,1,0,0
2,2026-02-07,18,113,13,5,3,10,4,0,1
2,2026-02-08,13,126,11,2,0,7,2,4,0
2,2026-02-09,12,138,9,3,2,6,2,1,1
2,2026-02-10,10,148,6,4,2,4,3,0,1
3,2026-01-14,0,0,0,0,0,0,0,0,0
3,2026-01-15,0,0,0,0,0,0,0,0,0
3,2026-01-16,0,0,0,0,0,0,0,0,0
3,2026-01-17,0,0,0,0,0,0,0,0,0
3,2026-01-18,0,0,0,0,0,0,0,0,0
3,2026-01-19,0,0,0,0,0,0,0,0,0
3,2026-01-20,0,0,0,0,0,0,0,0,0
3,2026-01-21,0,0,0,0,0,0,0,0,0
3,2026-01-22,0,0,0,0,0,0,0,0,0
3,2026-01-23,0,0,0,0,0,0,0,0,0
3,2026-01-24,0,0,0,0,0,0,0,0,0
3,2026-01-25,9,9,8,1,2,6,1,0,0
3,2026-01-26,7,16,6,1,2,4,1,0,0
3,2026-01-27,5,21,5,0,1,4,0,0,0
3,2026-01-28,3,24,2,1,1,1,1,0,0
3,2026-01-29,5,29,4,1,0,2,0,2,1
3,2026-01-30,4,33,4,0,1,2,0,1,0
3,2026-01-31,4,37,4,0,0,1,0,3,0
3,2026-02-01,2,39,2,0,0,1,0,1,0
3,2026-02-02,5,44,4,1,1,2,1,1,0
3,2026-02-03,4,48,3,1,2,1,1,0,0
3,2026-02-04,8,56,8,0,5,3,0,0,0
3,2026-02-05,8,64,5,3,1,3,2,1,1
3,2026-02-06,5,69,4,1,1,2,1,1,0
3,2026-02-07,18,87,15,3,2,10,3,3,0
3,2026-02-08,8,95,7,1,1,6,1,0,0
3,2026-02-09,9,104,6,3,0,6,2,0,1
3,2026-02-10,13,117,13,0,3,8,0,2,0
4,2026-01-14,0,0,0,0,0,0,0,0,0
4,2026-01-15,0,0,0,0,0,0,0,0,0
4,2026-01-16,0,0,0,0,0,0,0,0,0
4,2026-01-17,0,0,0,0,0,0,0,0,0
4,2026-01-18,0,0,0,0,0,0,0,0,0
4,2026-01-19,0,0,0,0,0,0,0,0,0
4,2026-01-20,0,0,0,0,0,0,0,0,0
4,2026-01-21,0,0,0,0,0,0,0,0,0
4,2026-01-22,0,0,0,0,0,0,0,0,0
4,2026-01-23,0,0,0,0,0,0,0,0,0
4,2026-01-24,0,0,0,0,0,0,0,0,0
4,2026-01-25,5,5,5,0,0,5,0,0,0
4,2026-01-26,4,9,4,0,2,2,0,0,0
4,2026-01-27,2,11,2,0,1,1,0,0,0
4,2026-01-28,4,15,4,0,2,2,0,0,0
4,2026-01-29,5,20,4,1,0,4,1,0,0
4,2026-01-30,5,25,4,1,2,2,1,0,0
4,2026-01-31,5,30,4,1,1,2,1,1,0
4,2026-02-01,6,36,6,0,1,4,0,1,0
4,2026-02-02,3,39,2,1,0,2,1,0,0
4,2026-02-03,9,48,6,3,2,4,2,0,1
4,2026-02-04,10,58,10,0,2,4,0,4,0
4,2026-02-05,12,70,11,1,1,7,1,3,0
4,2026-02-06,9,79,7,2,0,7,2,0,0
4,2026-02-07,8,87,7,1,1,4,0,2,1
4,2026-02-08,5,92,4,1,4,0,0,0,1
4,2026-02-09,9,101,8,1,6,1,1,1,0
4,2026-02-10,5,106,4,1,0,3,1,1,0
5,2026-01-14,0,0,0,0,0,0,0,0,0
5,2026-01-15,0,0,0,0,0,0,0,0,0
5,2026-01-16,0,0,0,0,0,0,0,0,0
5,2026-01-17,0,0,0,0,0,0,0,0,0
5,2026-01-18,0,0,0,0,0,0,0,0,0
5,2026-01-19,0,0,0,0,0,0,0,0,0
5,2026-01-20,0,0,0,0,0,0,0,0,0
5,2026-01-21,0,0,0,0,0,0,0,0,0
5,2026-01-22,0,0,0,0,0,0,0,0,0
5,2026-01-23,0,0,0,0,0,0,0,0,0
5,2026-01-24,0,0,0,0,0,0,0,0,0
5,2026-01-25,5,5,4,1,0,4,1,0,0
5,2026-01-26,2,7,1,1,1,0,1,0,0
5,2026-01-27,1,8,1,0,1,0,0,0,0
5,2026-01-28,5,13,5,0,0,4,0,1,0
5,2026-01-29,2,15,1,1,0,1,1,0,0
5,2026-01-30,6,21,4,2,1,2,2,1,0
5,2026-01-31,8,29,7,1,2,4,1,1,0
5,2026-02-01,6,35,5,1,1,3,1,1,0
5,2026-02-02,5,40,4,1,2,2,1,0,0
5,2026-02-03,7,47,5,2,0,5,2,0,0
5,2026-02-04,4,51,3,1,1,2,1,0,0
5,2026-02-05,10,61,10,0,3,7,0,0,0
5,2026-02-06,12,73,10,2,3,6,2,1,0
5,2026-02-07,10,83,8,2,2,5,2,1,0
5,2026-02-08,10,93,9,1,2,7,1,0,0
5,2026-02-09,8,101,8,0,2,6,0,0,0
5,2026-02-10,6,107,6,0,3,3,0,0,0
6,2026-01-14,0,0,0,0,0,0,0,0,0
6,2026-01-15,0,0,0,0,0,0,0,0,0
6,2026-01-16,0,0,0,0,0,0,0,0,0
6,2026-01-17,0,0,0,0,0,0,0,0,0
6,2026-01-18,0,0,0,0,0,0,0,0,0
6,2026-01-19,0,0,0,0,0,0,0,0,0
6,2026-01-20,0,0,0,0,0,0,0,0,0
6,2026-01-21,0,0,0,0,0,0,0,0,0
6,2026-01-22,0,0,0,0,0,0,0,0,0
6,2026-01-23,0,0,0,0,0,0,0,0,0
6,2026-01-24,0,0,0,0,0,0,0,0,0
6,2026-01-25,6,6,2,4,0,2,1,0,3
6,2026-01-26,3,9,3,0,0,3,0,0,0
6,2026-01-27,1,10,1,0,0,1,0,0,0
6,2026-01-28,2,12,0,2,0,0,0,0,2
6,2026-01-29,5,17,5,0,1,4,0,0,0
6,2026-01-30,3,20,2,1,1,0,1,1,0
6,2026-01-31,4,24,3,1,1,2,1,0,0
6,2026-02-01,10,34,8,2,5,2,2,1,0
6,2026-02-02,2,36,0,2,0,0,2,0,0
6,2026-02-03,0,36,0,0,0,0,0,0,0
6,2026-02-04,5,41,5,0,1,4,0,0,0
6,2026-02-05,4,45,2,2,1,0,2,1,0
6,2026-02-06,4,49,4,0,0,4,0,0,0
6,2026-02-07,10,59,8,2,2,6,2,0,0
6,2026-02-08,9,68,8,1,1,6,1,1,0
6,2026-02-09,5,73,4,1,0,4,0,0,1
6,2026-02-10,7,80,5,2,0,5,2,0,0
7,2026-01-14,0,0,0,0,0,0,0,0,0
7,2026-01-15,0,0,0,0,0,0,0,0,0
7,2026-01-16,0,0,0,0,0,0,0,0,0
7,2026-01-17,0,0,0,0,0,0,0,0,0
7,2026-01-18,0,0,0,0,0,0,0,0,0
7,2026-01-19,0,0,0,0,0,0,0,0,0
7,2026-01-20,0,0,0,0,0,0,0,0,0
7,2026-01-21,0,0,0,0,0,0,0,0,0
7,2026-01-22,0,0,0,0,0,0,0,0,0
7,2026-01-23,0,0,0,0,0,0,0,0,0
7,2026-01-24,0,0,0,0,0,0,0,0,0
7,2026-01-25,3,3,3,0,0,3,0,0,0
7,2026-01-26,1,4,1,0,0,0,0,1,0
7,2026-01-27,4,8,3,1,3,0,1,0,0
7,2026-01-28,5,13,4,1,3,1,1,0,0
7,2026-01-29,1,14,1,0,1,0,0,0,0
7,2026-01-30,5,19,4,1,0,3,0,1,1
7,2026-01-31,1,20,1,0,0,1,0,0,0
7,2026-02-01,5,25,5,0,1,3,0,1,0
7,2026-02-02,3,28,3,0,1,1,0,1,0
7,2026-02-03,6,34,6,0,2,3,0,1,0
7,2026-02-04,1,35,1,0,0,1,0,0,0
7,2026-02-05,8,43,8,0,3,3,0,2,0
7,2026-02-06,2,45,2,0,0,0,0,2,0
7,2026-02-07,4,49,3,1,2,1,0,0,1
7,2026-02-08,11,60,10,1,5,4,1,1,0
7,2026-02-09,8,68,7,1,3,3,1,1,0
7,2026-02-10,4,72,2,2,0,2,2,0,0
8,2026-01-14,0,0,0,0,0,0,0,0,0
8,2026-01-15,0,0,0,0,0,0,0,0,0
8,2026-01-16,0,0,0,0,0,0,0,0,0
8,2026-01-17,0,0,0,0,0,0,0,0,0
8,2026-01-18,0,0,0,0,0,0,0,0,0
8,2026-01-19,0,0,0,0,0,0,0,0,0
8,2026-01-20,0,0,0,0,0,0,0,0,0
8,2026-01-21,0,0,0,0,0,0,0,0,0
8,2026-01-22,0,0,0,0,0,0,0,0,0
8,2026-01-23,0,0,0,0,0,0,0,0,0
8,2026-01-24,0,0,0,0,0,0,0,0,0
8,2026-01-25,6,6,5,1,2,3,1,0,0
8,2026-01-26,2,8,2,0,0,2,0,0,0
8,2026-01-27,2,10,1,1,0,0,0,1,1
8,2026-01-28,3,13,2,1,0,1,1,1,0
8,2026-01-29,2,15,2,0,0,2,0,0,0
8,2026-01-30,5,20,4,1,2,1,1,1,0
8,2026-01-31,6,26,5,1,0,5,1,0,0
8,2026-02-01,2,28,1,1,0,1,1,0,0
8,2026-02-02,5,33,4,1,0,3,1,1,0
8,2026-02-03,5,38,4,1,1,2,1,1,0
8,2026-02-04,4,42,4,0,1,2,0,1,0
8,2026-02-05,9,51,9,0,3,6,0,0,0
8,2026-02-06,3,54,3,0,1,2,0,0,0
8,2026-02-07,11,65,10,1,1,9,1,0,0
8,2026-02-08,12,77,7,5,1,5,3,1,2
8,2026-02-09,6,83,4,2,0,3,1,1,1
8,2026-02-10,4,87,2,2,0,2,2,0,0
9,2026-01-14,0,0,0,0,0,0,0,0,0
9,2026-01-15,0,0,0,0,0,0,0,0,0
9,2026-01-16,0,0,0,0,0,0,0,0,0
9,2026-01-17,0,0,0,0,0,0,0,0,0
9,2026-01-18,0,0,0,0,0,0,0,0,0
9,2026-01-19,0,0,0,0,0,0,0,0,0
9,2026-01-20,0,0,0,0,0,0,0,0,0
9,2026-01-21,0,0,0,0,0,0,0,0,0
9,2026-01-22,0,0,0,0,0,0,0,0,0
9,2026-01-23,0,0,0,0,0,0,0,0,0
9,2026-01-24,0,0,0,0,0,0,0,0,0
9,2026-01-25,7,7,6,1,3,3,1,0,0
9,2026-01-26,6,13,4,2,2,2,1,0,1
9,2026-01-27,4,17,2,2,1,1,2,0,0
9,2026-01-28,4,21,3,1,0,3,1,0,0
9,2026-01-29,6,27,6,0,3,3,0,0,0
9,2026-01-30,7,34,6,1,1,3,1,2,0
9,2026-01-31,7,41,7,0,2,3,0,2,0
9,2026-02-01,11,52,9,2,2,6,2,1,0
9,2026-02-02,8,60,7,1,1,5,0,1,1
9,2026-02-03,8,68,7,1,1,5,0,1,1
9,2026-02-04,14,82,11,3,6,2,0,3,3
9,2026-02-05,11,93,11,0,4,7,0,0,0
9,2026-02-06,10,103,9,1,6,2,1,1,0
9,2026-02-07,13,116,12,1,2,8,1,2,0
9,2026-02-08,11,127,9,2,1,5,2,3,0
9,2026-02-09,14,141,11,3,5,6,3,0,0
9,2026-02-10,16,157,14,2,6,7,2,1,0
10,2026-01-14,0,0,0,0,0,0,0,0,0
10,2026-01-15,0,0,0,0,0,0,0,0,0
10,2026-01-16,0,0,0,0,0,0,0,0,0
10,2026-01-17,0,0,0,0,0,0,0,0,0
10,2026-01-18,0,0,0,0,0,0,0,0,0
10,2026-01-19,0,0,0,0,0,0,0,0,0
10,2026-01-20,0,0,0,0,0,0,0,0,0
10,2026-01-21,0,0,0,0,0,0,0,0,0
10,2026-01-22,0,0,0,0,0,0,0,0,0
10,2026-01-23,0,0,0,0,0,0,0,0,0
10,2026-01-24,0,0,0,0,0,0,0,0,0
10,2026-01-25,11,11,7,4,4,1,2,2,2
10,2026-01-26,5,16,3,2,0,3,1,0,1
10,2026-01-27,4,20,4,0,2,2,0,0,0
10,2026-01-28,6,26,5,1,2,3,0,0,1
10,2026-01-29,5,31,3,2,2,1,1,0,1
10,2026-01-30,5,36,4,1,2,2,0,0,1
10,2026-01-31,10,46,9,1,4,3,1,2,0
10,2026-02-01,7,53,6,1,3,2,0,1,1
10,2026-02-02,3,56,2,1,1,1,1,0,0
10,2026-02-03,6,62,5,1,2,3,0,0,1
10,2026-02-04,12,74,11,1,3,7,1,1,0
10,2026-02-05,10,84,9,1,6,3,1,0,0
10,2026-02-06,10,94,8,2,1,6,2,1,0
10,2026-02-07,7,101,6,1,1,5,1,0,0
10,2026-02-08,10,111,7,3,2,4,2,1,1
10,2026-02-09,11,122,11,0,5,6,0,0,0
10,2026-02-10,12,134,11,1,1,9,1,1,0
11,2026-01-14,0,0,0,0,0,0,0,0,0
11,2026-01-15,0,0,0,0,0,0,0,0,0
11,2026-01-16,0,0,0,0,0,0,0,0,0
11,2026-01-17,0,0,0,0,0,0,0,0,0
11,2026-01-18,0,0,0,0,0,0,0,0,0
11,2026-01-19,0,0,0,0,0,0,0,0,0
11,2026-01-20,0,0,0,0,0,0,0,0,0
11,2026-01-21,0,0,0,0,0,0,0,0,0
11,2026-01-22,0,0,0,0,0,0,0,0,0
11,2026-01-23,0,0,0,0,0,0,0,0,0
11,2026-01-24,0,0,0,0,0,0,0,0,0
11,2026-01-25,3,3,3,0,1,2,0,0,0
11,2026-01-26,2,5,0,2,0,0,2,0,0
11,2026-01-27,1,6,1,0,0,1,0,0,0
11,2026-01-28,4,10,4,0,1,3,0,0,0
11,2026-01-29,7,17,6,1,1,5,1,0,0
11,2026-01-30,5,22,4,1,1,3,1,0,0
11,2026-01-31,6,28,5,1,2,3,1,0,0
11,2026-02-01,3,31,3,0,0,3,0,0,0
11,2026-02-02,3,34,2,1,0,1,1,1,0
11,2026-02-03,7,41,5,2,2,3,1,0,1
11,2026-02-04,13,54,10,3,1,8,3,1,0
11,2026-02-05,14,68,10,4,2,6,3,2,1
11,2026-02-06,4,72,3,1,2,0,0,1,1
11,2026-02-07,15,87,11,4,3,6,4,2,0
11,2026-02-08,9,96,8,1,0,4,0,4,1
11,2026-02-09,7,103,5,2,1,3,2,1,0
11,2026-02-10,12,115,10,2,3,7,1,0,1
12,2026-01-14,0,0,0,0,0,0,0,0,0
12,2026-01-15,0,0,0,0,0,0,0,0,0
12,2026-01-16,0,0,0,0,0,0,0,0,0
12,2026-01-17,0,0,0,0,0,0,0,0,0
12,2026-01-18,0,0,0,0,0,0,0,0,0
12,2026-01-19,0,0,0,0,0,0,0,0,0
12,2026-01-20,0,0,0,0,0,0,0,0,0
12,2026-01-21,0,0,0,0,0,0,0,0,0
12,2026-01-22,0,0,0,0,0,0,0,0,0
12,2026-01-23,0,0,0,0,0,0,0,0,0
12,2026-01-24,0,0,0,0,0,0,0,0,0
12,2026-01-25,3,3,1,2,0,0,2,1,0
12,2026-01-26,5,8,3,2,1,2,2,0,0
12,2026-01-27,7,15,6,1,1,5,1,0,0
12,2026-01-28,5,20,5,0,2,3,0,0,0
12,2026-01-29,1,21,1,0,0,1,0,0,0
12,2026-01-30,7,28,5,2,1,4,2,0,0
12,2026-01-31,6,34,6,0,2,2,0,2,0
12,2026-02-01,9,43,7,2,0,7,2,0,0
12,2026-02-02,6,49,4,2,2,2,2,0,0
12,2026-02-03,5,54,4,1,2,2,1,0,0
12,2026-02-04,5,59,5,0,1,3,0,1,0
12,2026-02-05,4,63,3,1,1,2,1,0,0
12,2026-02-06,11,74,7,4,2,5,0,0,4
12,2026-02-07,8,82,6,2,1,5,1,0,1
12,2026-02-08,9,91,9,0,1,8,0,0,0
12,2026-02-09,7,98,6,1,3,1,1,2,0
12,2026-02-10,8,106,5,3,2,3,3,0,0
13,2026-01-14,0,0,0,0,0,0,0,0,0
13,2026-01-15,0,0,0,0,0,0,0,0,0
13,2026-01-16,0,0,0,0,0,0,0,0,0
13,2026-01-17,0,0,0,0,0,0,0,0,0
13,2026-01-18,0,0,0,0,0,0,0,0,0
13,2026-01-19,0,0,0,0,0,0,0,0,0
13,2026-01-20,0,0,0,0,0,0,0,0,0
13,2026-01-21,0,0,0,0,0,0,0,0,0
13,2026-01-22,0,0,0,0,0,0,0,0,0
13,2026-01-23,0,0,0,0,0,0,0,0,0
13,2026-01-24,0,0,0,0,0,0,0,0,0
13,2026-01-25,4,4,4,0,1,1,0,2,0
13,2026-01-26,5,9,4,1,2,1,1,1,0
13,2026-01-27,5,14,4,1,2,2,1,0,0
13,2026-01-28,1,15,1,0,1,0,0,0,0
13,2026-01-29,2,17,1,1,1,0,1,0,0
13,2026-01-30,3,20,3,0,1,1,0,1,0
13,2026-01-31,6,26,2,4,1,1,4,0,0
13,2026-02-01,5,31,4,1,1,3,1,0,0
13,2026-02-02,3,34,3,0,1,2,0,0,0
13,2026-02-03,5,39,1,4,1,0,3,0,1
13,2026-02-04,3,42,2,1,0,1,0,1,1
13,2026-02-05,9,51,6,3,1,4,2,1,1
13,2026-02-06,3,54,3,0,1,2,0,0,0
13,2026-02-07,9,63,7,2,2,4,2,1,0
13,2026-02-08,12,75,6,6,2,3,4,1,2
13,2026-02-09,8,83,6,2,1,4,0,1,2
13,2026-02-10,5,88,4,1,1,3,1,0,0
14,2026-01-14,0,0,0,0,0,0,0,0,0
14,2026-01-15,0,0,0,0,0,0,0,0,0
14,2026-01-16,0,0,0,0,0,0,0,0,0
14,2026-01-17,0,0,0,0,0,0,0,0,0
14,2026-01-18,0,0,0,0,0,0,0,0,0
14,2026-01-19,0,0,0,0,0,0,0,0,0
14,2026-01-20,0,0,0,0,0,0,0,0,0
14,2026-01-21,0,0,0,0,0,0,0,0,0
14,2026-01-22,0,0,0,0,0,0,0,0,0
14,2026-01-23,0,0,0,0,0,0,0,0,0
14,2026-01-24,0,0,0,0,0,0,0,0,0
14,2026-01-25,5,5,5,0,1,3,0,1,0
14,2026-01-26,4,9,2,2,1,1,2,0,0
14,2026-01-27,6,15,6,0,1,5,0,0,0
14,2026-01-28,6,21,5,1,0,4,1,1,0
14,2026-01-29,5,26,5,0,0,2,0,3,0
14,2026-01-30,6,32,5,1,0,5,1,0,0
14,2026-01-31,2,34,2,0,0,2,0,0,0
14,2026-02-01,9,43,9,0,3,6,0,0,0
14,2026-02-02,5,48,3,2,1,2,1,0,1
14,2026-02-03,13,61,11,2,4,7,2,0,0
14,2026-02-04,4,65,2,2,0,1,2,1,0
14,2026-02-05,7,72,7,0,2,3,0,2,0
14,2026-02-06,11,83,9,2,3,4,1,2,1
14,2026-02-07,9,92,8,1,3,5,1,0,0
14,2026-02-08,12,104,10,2,0,9,2,1,0
14,2026-02-09,9,113,7,2,2,5,2,0,0
14,2026-02-10,5,118,4,1,0,4,1,0,0
15,2026-01-14,0,0,0,0,0,0,0,0,0
15,2026-01-15,0,0,0,0,0,0,0,0,0
15,2026-01-16,0,0,0,0,0,0,0,0,0
15,2026-01-17,0,0,0,0,0,0,0,0,0
15,2026-01-18,0,0,0,0,0,0,0,0,0
15,2026-01-19,0,0,0,0,0,0,0,0,0
15,2026-01-20,0,0,0,0,0,0,0,0,0
15,2026-01-21,0,0,0,0,0,0,0,0,0
15,2026-01-22,0,0,0,0,0,0,0,0,0
15,2026-01-23,0,0,0,0,0,0,0,0,0
15,2026-01-24,0,0,0,0,0,0,0,0,0
15,2026-01-25,9,9,6,3,3,3,3,0,0
15,2026-01-26,5,14,4,1,1,3,1,0,0
15,2026-01-27,3,17,3,0,0,3,0,0,0
15,2026-01-28,2,19,1,1,0,1,1,0,0
15,2026-01-29,9,28,8,1,1,6,0,1,1
15,2026-01-30,4,32,4,0,0,2,0,2,0
15,2026-01-31,3,35,1,2,0,0,2,1,0
15,2026-02-01,5,40,5,0,2,2,0,1,0
15,2026-02-02,6,46,3,3,0,3,3,0,0
15,2026-02-03,6,52,5,1,2,2,0,1,1
15,2026-02-04,11,63,5,6,1,3,3,1,3
15,2026-02-05,11,74,9,2,2,7,1,0,1
15,2026-02-06,17,91,12,5,1,8,4,3,1
15,2026-02-07,3,94,3,0,0,2,0,1,0
15,2026-02-08,13,107,12,1,1,11,1,0,0
15,2026-02-09,11,118,9,2,3,6,0,0,2
15,2026-02-10,15,133,11,4,4,6,3,1,1
16,2026-01-14,0,0,0,0,0,0,0,0,0
16,2026-01-15,0,0,0,0,0,0,0,0,0
16,2026-01-16,0,0,0,0,0,0,0,0,0
16,2026-01-17,0,0,0,0,0,0,0,0,0
16,2026-01-18,0,0,0,0,0,0,0,0,0
16,2026-01-19,0,0,0,0,0,0,0,0,0
16,2026-01-20,0,0,0,0,0,0,0,0,0
16,2026-01-21,0,0,0,0,0,0,0,0,0
16,2026-01-22,0,0,0,0,0,0,0,0,0
16,2026-01-23,0,0,0,0,0,0,0,0,0
16,2026-01-24,0,0,0,0,0,0,0,0,0
16,2026-01-25,4,4,4,0,2,2,0,0,0
16,2026-01-26,1,5,1,0,1,0,0,0,0
16,2026-01-27,1,6,1,0,0,1,0,0,0
16,2026-01-28,1,7,0,1,0,0,0,0,1
16,2026-01-29,1,8,0,1,0,0,1,0,0
16,2026-01-30,6,14,4,2,1,2,2,1,0
16,2026-01-31,1,15,1,0,1,0,0,0,0
16,2026-02-01,1,16,0,1,0,0,1,0,0
16,2026-02-02,5,21,5,0,3,2,0,0,0
16,2026-02-03,3,24,3,0,1,2,0,0,0
16,2026-02-04,2,26,2,0,1,1,0,0,0
16,2026-02-05,2,28,2,0,1,1,0,0,0
16,2026-02-06,3,31,3,0,0,3,0,0,0
16,2026-02-07,3,34,1,2,0,1,2,0,0
16,2026-02-08,4,38,3,1,2,1,1,0,0
16,2026-02-09,3,41,2,1,1,1,1,0,0
16,2026-02-10,2,43,2,0,0,2,0,0,0
17,2026-01-14,0,0,0,0,0,0,0,0,0
17,2026-01-15,0,0,0,0,0,0,0,0,0
17,2026-01-16,0,0,0,0,0,0,0,0,0
17,2026-01-17,0,0,0,0,0,0,0,0,0
17,2026-01-18,0,0,0,0,0,0,0,0,0
17,2026-01-19,0,0,0,0,0,0,0,0,0
17,2026-01-20,0,0,0,0,0,0,0,0,0
17,2026-01-21,0,0,0,0,0,0,0,0,0
17,2026-01-22,0,0,0,0,0,0,0,0,0
17,2026-01-23,0,0,0,0,0,0,0,0,0
17,2026-01-24,0,0,0,0,0,0,0,0,0
17,2026-01-25,6,6,4,2,1,3,1,0,1
17,2026-01-26,5,11,3,2,0,2,2,1,0
17,2026-01-27,3,14,2,1,1,1,1,0,0
17,2026-01-28,2,16,2,0,0,1,0,1,0
17,2026-01-29,5,21,4,1,1,3,1,0,0
17,2026-01-30,6,27,5,1,1,3,1,1,0
17,2026-01-31,6,33,5,1,1,2,0,2,1
17,2026-02-01,4,37,4,0,2,2,0,0,0
17,2026-02-02,6,43,3,3,2,1,3,0,0
17,2026-02-03,5,48,2,3,2,0,1,0,2
17,2026-02-04,9,57,8,1,1,6,0,1,1
17,2026-02-05,10,67,8,2,2,6,2,0,0
17,2026-02-06,10,77,9,1,3,5,0,1,1
17,2026-02-07,10,87,8,2,4,3,2,1,0
17,2026-02-08,9,96,6,3,4,1,3,1,0
17,2026-02-09,19,115,13,6,2,10,3,1,3
17,2026-02-10,17,132,14,3,8,6,1,0,2
18,2026-01-14,0,0,0,0,0,0,0,0,0
18,2026-01-15,0,0,0,0,0,0,0,0,0
18,2026-01-16,0,0,0,0,0,0,0,0,0
18,2026-01-17,0,0,0,0,0,0,0,0,0
18,2026-01-18,0,0,0,0,0,0,0,0,0
18,2026-01-19,0,0,0,0,0,0,0,0,0
18,2026-01-20,0,0,0,0,0,0,0,0,0
18,2026-01-21,0,0,0,0,0,0,0,0,0
18,2026-01-22,0,0,0,0,0,0,0,0,0
18,2026-01-23,0,0,0,0,0,0,0,0,0
18,2026-01-24,0,0,0,0,0,0,0,0,0
18,2026-01-25,6,6,6,0,3,3,0,0,0
18,2026-01-26,3,9,3,0,2,1,0,0,0
18,2026-01-27,1,10,1,0,0,1,0,0,0
18,2026-01-28,1,11,1,0,0,1,0,0,0
18,2026-01-29,5,16,3,2,0,2,2,1,0
18,2026-01-30,2,18,2,0,0,2,0,0,0
18,2026-01-31,5,23,4,1,0,4,1,0,0
18,2026-02-01,0,23,0,0,0,0,0,0,0
18,2026-02-02,6,29,4,2,2,2,2,0,0
18,2026-02-03,4,33,4,0,1,3,0,0,0
18,2026-02-04,6,39,4,2,1,3,2,0,0
18,2026-02-05,5,44,2,3,0,2,2,0,1
18,2026-02-06,5,49,3,2,1,2,2,0,0
18,2026-02-07,3,52,3,0,0,3,0,0,0
18,2026-02-08,5,57,4,1,1,3,1,0,0
18,2026-02-09,13,70,11,2,3,8,2,0,0
18,2026-02-10,6,76,4,2,0,3,2,1,0
19,2026-01-14,0,0,0,0,0,0,0,0,0
19,2026-01-15,0,0,0,0,0,0,0,0,0
19,2026-01-16,0,0,0,0,0,0,0,0,0
19,2026-01-17,0,0,0,0,0,0,0,0,0
19,2026-01-18,0,0,0,0,0,0,0,0,0
19,2026-01-19,0,0,0,0,0,0,0,0,0
19,2026-01-20,0,0,0,0,0,0,0,0,0
19,2026-01-21,0,0,0,0,0,0,0,0,0
19,2026-01-22,0,0,0,0,0,0,0,0,0
19,2026-01-23,0,0,0,0,0,0,0,0,0
19,2026-01-24,0,0,0,0,0,0,0,0,0
19,2026-01-25,4,4,4,0,0,4,0,0,0
19,2026-01-26,7,11,6,1,3,3,0,0,1
19,2026-01-27,9,20,7,2,1,6,2,0,0
19,2026-01-28,4,24,3,1,2,1,1,0,0
19,2026-01-29,6,30,5,1,0,4,0,1,1
19,2026-01-30,6,36,6,0,3,3,0,0,0
19,2026-01-31,9,45,7,2,2,4,2,1,0
19,2026-02-01,7,52,5,2,1,4,2,0,0
19,2026-02-02,7,59,6,1,2,4,0,0,1
19,2026-02-03,7,66,7,0,2,4,0,1,0
19,2026-02-04,2,68,2,0,0,2,0,0,0
19,2026-02-05,9,77,7,2,1,6,2,0,0
19,2026-02-06,5,82,3,2,1,2,2,0,0
19,2026-02-07,5,87,4,1,1,3,1,0,0
19,2026-02-08,10,97,8,2,3,4,0,1,2
19,2026-02-09,6,103,3,3,2,1,2,0,1
19,2026-02-10,11,114,8,3,2,5,2,1,1
20,2026-01-14,0,0,0,0,0,0,0,0,0
20,2026-01-15,0,0,0,0,0,0,0,0,0
20,2026-01-16,0,0,0,0,0,0,0,0,0
20,2026-01-17,0,0,0,0,0,0,0,0,0
20,2026-01-18,0,0,0,0,0,0,0,0,0
20,2026-01-19,0,0,0,0,0,0,0,0,0
20,2026-01-20,0,0,0,0,0,0,0,0,0
20,2026-01-21,0,0,0,0,0,0,0,0,0
20,2026-01-22,0,0,0,0,0,0,0,0,0
20,2026-01-23,0,0,0,0,0,0,0,0,0
20,2026-01-24,0,0,0,0,0,0,0,0,0
20,2026-01-25,12,12,11,1,4,5,1,2,0
20,2026-01-26,3,15,3,0,0,3,0,0,0
20,2026-01-27,1,16,0,1,0,0,1,0,0
20,2026-01-28,6,22,6,0,2,4,0,0,0
20,2026-01-29,2,24,2,0,1,1,0,0,0
20,2026-01-30,5,29,5,0,0,4,0,1,0
20,2026-01-31,2,31,1,1,0,1,1,0,0
20,2026-02-01,5,36,4,1,2,1,1,1,0
20,2026-02-02,5,41,3,2,1,2,1,0,1
20,2026-02-03,9,50,7,2,2,4,1,1,1
20,2026-02-04,4,54,3,1,3,0,1,0,0
20,2026-02-05,7,61,6,1,0,4,1,2,0
20,2026-02-06,8,69,8,0,1,7,0,0,0
20,2026-02-07,9,78,6,3,3,3,3,0,0
20,2026-02-08,6,84,4,2,2,1,0,1,2
20,2026-02-09,11,95,10,1,3,6,1,1,0
20,2026-02-10,4,99,3,1,2,1,1,0,0
21,2026-01-14,0,0,0,0,0,0,0,0,0
21,2026-01-15,0,0,0,0,0,0,0,0,0
21,2026-01-16,0,0,0,0,0,0,0,0,0
21,2026-01-17,0,0,0,0,0,0,0,0,0
21,2026-01-18,0,0,0,0,0,0,0,0,0
21,2026-01-19,0,0,0,0,0,0,0,0,0
21,2026-01-20,0,0,0,0,0,0,0,0,0
21,2026-01-21,0,0,0,0,0,0,0,0,0
21,2026-01-22,0,0,0,0,0,0,0,0,0
21,2026-01-23,0,0,0,0,0,0,0,0,0
21,2026-01-24,0,0,0,0,0,0,0,0,0
21,2026-01-25,6,6,6,0,3,3,0,0,0
21,2026-01-26,7,13,6,1,2,4,0,0,1
21,2026-01-27,7,20,6,1,2,4,1,0,0
21,2026-01-28,3,23,3,0,0,3,0,0,0
21,2026-01-29,5,28,5,0,3,1,0,1,0
21,2026-01-30,5,33,5,0,1,3,0,1,0
21,2026-01-31,6,39,6,0,1,5,0,0,0
21,2026-02-01,4,43,4,0,1,2,0,1,0
21,2026-02-02,13,56,13,0,3,7,0,3,0
21,2026-02-03,7,63,7,0,2,5,0,0,0
21,2026-02-04,8,71,7,1,1,5,1,1,0
21,2026-02-05,11,82,10,1,3,6,1,1,0
21,2026-02-06,17,99,13,4,5,8,4,0,0
21,2026-02-07,7,106,6,1,2,4,1,0,0
21,2026-02-08,12,118,11,1,3,6,1,2,0
21,2026-02-09,7,125,5,2,0,4,2,1,0
21,2026-02-10,16,141,13,3,2,10,2,1,1
22,2026-01-14,0,0,0,0,0,0,0,0,0
22,2026-01-15,0,0,0,0,0,0,0,0,0
22,2026-01-16,0,0,0,0,0,0,0,0,0
22,2026-01-17,0,0,0,0,0,0,0,0,0
22,2026-01-18,0,0,0,0,0,0,0,0,0
22,2026-01-19,0,0,0,0,0,0,0,0,0
22,2026-01-20,0,0,0,0,0,0,0,0,0
22,2026-01-21,0,0,0,0,0,0,0,0,0
22,2026-01-22,0,0,0,0,0,0,0,0,0
22,2026-01-23,0,0,0,0,0,0,0,0,0
22,2026-01-24,0,0,0,0,0,0,0,0,0
22,2026-01-25,3,3,3,0,2,1,0,0,0
22,2026-01-26,4,7,2,2,0,2,0,0,2
22,2026-01-27,3,10,2,1,0,1,1,1,0
22,2026-01-28,7,17,5,2,1,3,2,1,0
22,2026-01-29,5,22,4,1,1,1,0,2,1
22,2026-01-30,5,27,5,0,2,3,0,0,0
22,2026-01-31,6,33,6,0,2,3,0,1,0
22,2026-02-01,5,38,5,0,0,4,0,1,0
22,2026-02-02,5,43,4,1,0,3,1,1,0
22,2026-02-03,6,49,4,2,3,1,2,0,0
22,2026-02-04,7,56,7,0,2,4,0,1,0
22,2026-02-05,4,60,4,0,0,3,0,1,0
22,2026-02-06,4,64,3,1,0,2,1,1,0
22,2026-02-07,10,74,9,1,4,4,0,1,1
22,2026-02-08,6,80,5,1,0,5,0,0,1
22,2026-02-09,10,90,8,2,1,5,2,2,0
22,2026-02-10,7,97,4,3,0,3,3,1,0
23,2026-01-14,0,0,0,0,0,0,0,0,0
23,2026-01-15,0,0,0,0,0,0,0,0,0
23,2026-01-16,0,0,0,0,0,0,0,0,0
23,2026-01-17,0,0,0,0,0,0,0,0,0
23,2026-01-18,0,0,0,0,0,0,0,0,0
23,2026-01-19,0,0,0,0,0,0,0,0,0
23,2026-01-20,0,0,0,0,0,0,0,0,0
23,2026-01-21,0,0,0,0,0,0,0,0,0
23,2026-01-22,0,0,0,0,0,0,0,0,0
23,2026-01-23,0,0,0,0,0,0,0,0,0
23,2026-01-24,0,0,0,0,0,0,0,0,0
23,2026-01-25,9,9,7,2,0,7,1,0,1
23,2026-01-26,7,16,6,1,1,5,1,0,0
23,2026-01-27,1,17,1,0,0,1,0,0,0
23,2026-01-28,1,18,1,0,0,1,0,0,0
23,2026-01-29,0,18,0,0,0,0,0,0,0
23,2026-01-30,1,19,0,1,0,0,1,0,0
23,2026-01-31,3,22,3,0,0,3,0,0,0
23,2026-02-01,3,25,3,0,0,3,0,0,0
23,2026-02-02,3,28,3,0,1,2,0,0,0
23,2026-02-03,4,32,2,2,0,2,2,0,0
23,2026-02-04,2,34,2,0,1,0,0,1,0
23,2026-02-05,5,39,5,0,0,4,0,1,0
23,2026-02-06,3,42,3,0,2,1,0,0,0
23,2026-02-07,3,45,2,1,0,2,1,0,0
23,2026-02-08,4,49,2,2,1,0,2,1,0
23,2026-02-09,5,54,5,0,2,3,0,0,0
23,2026-02-10,9,63,7,2,2,3,2,2,0
24,2026-01-14,0,0,0,0,0,0,0,0,0
24,2026-01-15,0,0,0,0,0,0,0,0,0
24,2026-01-16,0,0,0,0,0,0,0,0,0
24,2026-01-17,0,0,0,0,0,0,0,0,0
24,2026-01-18,0,0,0,0,0,0,0,0,0
24,2026-01-19,0,0,0,0,0,0,0,0,0
24,2026-01-20,0,0,0,0,0,0,0,0,0
24,2026-01-21,0,0,0,0,0,0,0,0,0
24,2026-01-22,0,0,0,0,0,0,0,0,0
24,2026-01-23,0,0,0,0,0,0,0,0,0
24,2026-01-24,0,0,0,0,0,0,0,0,0
24,2026-01-25,8,8,5,3,1,3,3,1,0
24,2026-01-26,5,13,5,0,1,4,0,0,0
24,2026-01-27,3,16,3,0,1,2,0,0,0
24,2026-01-28,2,18,2,0,0,2,0,0,0
24,2026-01-29,6,24,5,1,1,3,1,1,0
24,2026-01-30,2,26,2,0,0,2,0,0,0
24,2026-01-31,7,33,7,0,1,6,0,0,0
24,2026-02-01,4,37,4,0,0,3,0,1,0
24,2026-02-02,1,38,1,0,0,1,0,0,0
24,2026-02-03,5,43,4,1,1,3,1,0,0
24,2026-02-04,7,50,6,1,2,3,1,1,0
24,2026-02-05,2,52,2,0,0,1,0,1,0
24,2026-02-06,4,56,4,0,0,4,0,0,0
24,2026-02-07,8,64,8,0,3,5,0,0,0
24,2026-02-08,8,72,7,1,2,3,0,2,1
24,2026-02-09,12,84,10,2,6,4,1,0,1
24,2026-02-10,7,91,6,1,3,3,1,0,0
25,2026-01-14,0,0,0,0,0,0,0,0,0
25,2026-01-15,0,0,0,0,0,0,0,0,0
25,2026-01-16,0,0,0,0,0,0,0,0,0
25,2026-01-17,0,0,0,0,0,0,0,0,0
25,2026-01-18,0,0,0,0,0,0,0,0,0
25,2026-01-19,0,0,0,0,0,0,0,0,0
25,2026-01-20,0,0,0,0,0,0,0,0,0
25,2026-01-21,0,0,0,0,0,0,0,0,0
25,2026-01-22,0,0,0,0,0,0,0,0,0
25,2026-01-23,0,0,0,0,0,0,0,0,0
25,2026-01-24,0,0,0,0,0,0,0,0,0
25,2026-01-25,9,9,4,5,1,1,4,2,1
25,2026-01-26,3,12,2,1,0,2,1,0,0
25,2026-01-27,3,15,1,2,1,0,2,0,0
25,2026-01-28,5,20,3,2,1,2,1,0,1
25,2026-01-29,9,29,5,4,3,2,1,0,3
25,2026-01-30,6,35,4,2,2,2,2,0,0
25,2026-01-31,8,43,4,4,2,1,2,1,2
25,2026-02-01,8,51,7,1,1,5,0,1,1
25,2026-02-02,9,60,7,2,1,6,1,0,1
25,2026-02-03,8,68,7,1,2,4,0,1,1
25,2026-02-04,9,77,6,3,2,4,3,0,0
25,2026-02-05,17,94,17,0,3,14,0,0,0
25,2026-02-06,14,108,11,3,3,8,3,0,0
25,2026-02-07,20,128,15,5,5,9,4,1,1
25,2026-02-08,9,137,7,2,0,6,2,1,0
25,2026-02-09,14,151,10,4,3,7,3,0,1
25,2026-02-10,13,164,11,2,5,6,0,0,2
26,2026-01-14,0,0,0,0,0,0,0,0,0
26,2026-01-15,0,0,0,0,0,0,0,0,0
26,2026-01-16,0,0,0,0,0,0,0,0,0
26,2026-01-17,0,0,0,0,0,0,0,0,0
26,2026-01-18,0,0,0,0,0,0,0,0,0
26,2026-01-19,0,0,0,0,0,0,0,0,0
26,2026-01-20,0,0,0,0,0,0,0,0,0
26,2026-01-21,0,0,0,0,0,0,0,0,0
26,2026-01-22,0,0,0,0,0,0,0,0,0
26,2026-01-23,0,0,0,0,0,0,0,0,0
26,2026-01-24,0,0,0,0,0,0,0,0,0
26,2026-01-25,7,7,7,0,4,1,0,2,0
26,2026-01-26,4,11,3,1,1,2,1,0,0
26,2026-01-27,2,13,1,1,1,0,1,0,0
26,2026-01-28,2,15,1,1,1,0,1,0,0
26,2026-01-29,6,21,5,1,3,2,0,0,1
26,2026-01-30,1,22,1,0,0,0,0,1,0
26,2026-01-31,10,32,8,2,4,3,0,1,2
26,2026-02-01,5,37,4,1,0,2,1,2,0
26,2026-02-02,4,41,3,1,2,1,0,0,1
26,2026-02-03,5,46,3,2,2,1,2,0,0
26,2026-02-04,3,49,3,0,1,2,0,0,0
26,2026-02-05,1,50,0,1,0,0,0,0,1
26,2026-02-06,7,57,6,1,2,4,1,0,0
26,2026-02-07,9,66,9,0,2,6,0,1,0
26,2026-02-08,6,72,4,2,1,3,2,0,0
26,2026-02-09,10,82,8,2,1,7,1,0,1
26,2026-02-10,5,87,5,0,1,3,0,1,0
27,2026-01-14,0,0,0,0,0,0,0,0,0
27,2026-01-15,0,0,0,0,0,0,0,0,0
27,2026-01-16,0,0,0,0,0,0,0,0,0
27,2026-01-17,0,0,0,0,0,0,0,0,0
27,2026-01-18,0,0,0,0,0,0,0,0,0
27,2026-01-19,0,0,0,0,0,0,0,0,0
27,2026-01-20,0,0,0,0,0,0,0,0,0
27,2026-01-21,0,0,0,0,0,0,0,0,0
27,2026-01-22,0,0,0,0,0,0,0,0,0
27,2026-01-23,0,0,0,0,0,0,0,0,0
27,2026-01-24,0,0,0,0,0,0,0,0,0
27,2026-01-25,11,11,8,3,1,4,2,3,1
27,2026-01-26,3,14,2,1,0,2,0,0,1
27,2026-01-27,5,19,4,1,1,3,1,0,0
27,2026-01-28,8,27,8,0,0,7,0,1,0
27,2026-01-29,4,31,2,2,1,1,2,0,0
27,2026-01-30,2,33,1,1,0,1,0,0,1
27,2026-01-31,6,39,5,1,2,2,1,1,0
27,2026-02-01,8,47,6,2,1,5,2,0,0
27,2026-02-02,5,52,4,1,1,3,1,0,0
27,2026-02-03,8,60,8,0,0,8,0,0,0
27,2026-02-04,10,70,4,6,0,3,4,1,2
27,2026-02-05,12,82,10,2,4,6,1,0,1
27,2026-02-06,10,92,9,1,0,8,1,1,0
27,2026-02-07,10,102,7,3,4,2,2,1,1
27,2026-02-08,8,110,4,4,1,3,4,0,0
27,2026-02-09,10,120,10,0,5,5,0,0,0
27,2026-02-10,13,133,10,3,2,4,2,4,1
28,2026-01-14,0,0,0,0,0,0,0,0,0
28,2026-01-15,0,0,0,0,0,0,0,0,0
28,2026-01-16,0,0,0,0,0,0,0,0,0
28,2026-01-17,0,0,0,0,0,0,0,0,0
28,2026-01-18,0,0,0,0,0,0,0,0,0
28,2026-01-19,0,0,0,0,0,0,0,0,0
28,2026-01-20,0,0,0,0,0,0,0,0,0
28,2026-01-21,0,0,0,0,0,0,0,0,0
28,2026-01-22,0,0,0,0,0,0,0,0,0
28,2026-01-23,0,0,0,0,0,0,0,0,0
28,2026-01-24,0,0,0,0,0,0,0,0,0
28,2026-01-25,3,3,3,0,0,2,0,1,0
28,2026-01-26,1,4,0,1,0,0,1,0,0
28,2026-01-27,3,7,2,1,0,1,1,1,0
28,2026-01-28,6,13,6,0,2,3,0,1,0
28,2026-01-29,6,19,5,1,3,2,1,0,0
28,2026-01-30,8,27,5,3,1,4,3,0,0
28,2026-01-31,8,35,7,1,2,3,1,2,0
28,2026-02-01,5,40,3,2,2,1,2,0,0
28,2026-02-02,4,44,4,0,0,3,0,1,0
28,2026-02-03,4,48,3,1,1,2,1,0,0
28,2026-02-04,6,54,6,0,3,3,0,0,0
28,2026-02-05,9,63,9,0,0,7,0,2,0
28,2026-02-06,7,70,5,2,2,2,2,1,0
28,2026-02-07,12,82,11,1,4,6,1,1,0
28,2026-02-08,8,90,6,2,3,3,1,0,1
28,2026-02-09,9,99,8,1,4,3,1,1,0
28,2026-02-10,11,110,7,4,1,5,4,1,0
29,2026-01-14,0,0,0,0,0,0,0,0,0
29,2026-01-15,0,0,0,0,0,0,0,0,0
29,2026-01-16,0,0,0,0,0,0,0,0,0
29,2026-01-17,0,0,0,0,0,0,0,0,0
29,2026-01-18,0,0,0,0,0,0,0,0,0
29,2026-01-19,0,0,0,0,0,0,0,0,0
29,2026-01-20,0,0,0,0,0,0,0,0,0
29,2026-01-21,0,0,0,0,0,0,0,0,0
29,2026-01-22,0,0,0,0,0,0,0,0,0
29,2026-01-23,0,0,0,0,0,0,0,0,0
29,2026-01-24,0,0,0,0,0,0,0,0,0
29,2026-01-25,5,5,5,0,3,2,0,0,0
29,2026-01-26,6,11,5,1,2,1,1,2,0
29,2026-01-27,4,15,4,0,1,3,0,0,0
29,2026-01-28,3,18,3,0,1,2,0,0,0
29,2026-01-29,5,23,4,1,1,3,0,0,1
29,2026-01-30,5,28,5,0,2,3,0,0,0
29,2026-01-31,3,31,3,0,1,2,0,0,0
29,2026-02-01,3,34,2,1,0,1,0,1,1
29,2026-02-02,2,36,2,0,0,2,0,0,0
29,2026-02-03,4,40,3,1,0,3,0,0,1
29,2026-02-04,7,47,5,2,3,2,2,0,0
29,2026-02-05,5,52,5,0,2,3,0,0,0
29,2026-02-06,5,57,5,0,1,4,0,0,0
29,2026-02-07,8,65,6,2,0,3,1,3,1
29,2026-02-08,5,70,4,1,1,2,1,1,0
29,2026-02-09,6,76,5,1,1,4,0,0,1
29,2026-02-10,7,83,6,1,3,3,1,0,0
30,2026-01-14,0,0,0,0,0,0,0,0,0
30,2026-01-15,0,0,0,0,0,0,0,0,0
30,2026-01-16,0,0,0,0,0,0,0,0,0
30,2026-01-17,0,0,0,0,0,0,0,0,0
30,2026-01-18,0,0,0,0,0,0,0,0,0
30,2026-01-19,0,0,0,0,0,0,0,0,0
30,2026-01-20,0,0,0,0,0,0,0,0,0
30,2026-01-21,0,0,0,0,0,0,0,0,0
30,2026-01-22,0,0,0,0,0,0,0,0,0
30,2026-01-23,0,0,0,0,0,0,0,0,0
30,2026-01-24,0,0,0,0,0,0,0,0,0
30,2026-01-25,4,4,2,2,1,0,2,1,0
30,2026-01-26,3,7,3,0,0,3,0,0,0
30,2026-01-27,3,10,2,1,2,0,0,0,1
30,2026-01-28,2,12,2,0,0,2,0,0,0
30,2026-01-29,0,12,0,0,0,0,0,0,0
30,2026-01-30,1,13,1,0,1,0,0,0,0
30,2026-01-31,5,18,5,0,2,3,0,0,0
30,2026-02-01,0,18,0,0,0,0,0,0,0
30,2026-02-02,5,23,4,1,1,2,1,1,0
30,2026-02-03,5,28,5,0,1,4,0,0,0
30,2026-02-04,3,31,2,1,0,2,1,0,0
30,2026-02-05,4,35,4,0,1,2,0,1,0
30,2026-02-06,3,38,3,0,3,0,0,0,0
30,2026-02-07,9,47,8,1,1,5,1,2,0
30,2026-02-08,4,51,4,0,1,3,0,0,0
30,2026-02-09,4,55,3,1,2,1,0,0,1
30,2026-02-10,4,59,4,0,0,4,0,0,0
31,2026-01-14,0,0,0,0,0,0,0,0,0
31,2026-01-15,0,0,0,0,0,0,0,0,0
31,2026-01-16,0,0,0,0,0,0,0,0,0
31,2026-01-17,0,0,0,0,0,0,0,0,0
31,2026-01-18,0,0,0,0,0,0,0,0,0
31,2026-01-19,0,0,0,0,0,0,0,0,0
31,2026-01-20,0,0,0,0,0,0,0,0,0
31,2026-01-21,0,0,0,0,0,0,0,0,0
31,2026-01-22,0,0,0,0,0,0,0,0,0
31,2026-01-23,0,0,0,0,0,0,0,0,0
31,2026-01-24,0,0,0,0,0,0,0,0,0
31,2026-01-25,6,6,6,0,4,2,0,0,0
31,2026-01-26,1,7,0,1,0,0,1,0,0
31,2026-01-27,9,16,9,0,0,7,0,2,0
31,2026-01-28,1,17,1,0,0,1,0,0,0
31,2026-01-29,3,20,3,0,1,2,0,0,0
31,2026-01-30,2,22,0,2,0,0,1,0,1
31,2026-01-31,5,27,5,0,1,3,0,1,0
31,2026-02-01,4,31,3,1,0,3,1,0,0
31,2026-02-02,6,37,2,4,2,0,2,0,2
31,2026-02-03,3,40,1,2,0,1,1,0,1
31,2026-02-04,8,48,8,0,2,6,0,0,0
31,2026-02-05,5,53,5,0,0,5,0,0,0
31,2026-02-06,12,65,12,0,1,9,0,2,0
31,2026-02-07,10,75,10,0,2,7,0,1,0
31,2026-02-08,10,85,9,1,3,6,1,0,0
31,2026-02-09,5,90,4,1,1,3,1,0,0
31,2026-02-10,11,101,7,4,1,6,2,0,2
32,2026-01-14,0,0,0,0,0,0,0,0,0
32,2026-01-15,0,0,0,0,0,0,0,0,0
32,2026-01-16,0,0,0,0,0,0,0,0,0
32,2026-01-17,0,0,0,0,0,0,0,0,0
32,2026-01-18,0,0,0,0,0,0,0,0,0
32,2026-01-19,0,0,0,0,0,0,0,0,0
32,2026-01-20,0,0,0,0,0,0,0,0,0
32,2026-01-21,0,0,0,0,0,0,0,0,0
32,2026-01-22,0,0,0,0,0,0,0,0,0
32,2026-01-23,0,0,0,0,0,0,0,0,0
32,2026-01-24,0,0,0,0,0,0,0,0,0
32,2026-01-25,4,4,3,1,1,1,1,1,0
32,2026-01-26,2,6,2,0,1,1,0,0,0
32,2026-01-27,3,9,3,0,2,1,0,0,0
32,2026-01-28,2,11,2,0,0,1,0,1,0
32,2026-01-29,1,12,1,0,0,1,0,0,0
32,2026-01-30,2,14,2,0,0,0,0,2,0
32,2026-01-31,7,21,5,2,1,4,0,0,2
32,2026-02-01,4,25,3,1,1,2,1,0,0
32,2026-02-02,3,28,3,0,2,1,0,0,0
32,2026-02-03,1,29,1,0,1,0,0,0,0
32,2026-02-04,4,33,4,0,1,3,0,0,0
32,2026-02-05,2,35,0,2,0,0,1,0,1
32,2026-02-06,5,40,5,0,2,2,0,1,0
32,2026-02-07,2,42,2,0,0,2,0,0,0
32,2026-02-08,6,48,4,2,1,3,1,0,1
32,2026-02-09,5,53,3,2,1,1,2,1,0
32,2026-02-10,5,58,4,1,3,0,1,1,0
33,2026-01-14,0,0,0,0,0,0,0,0,0
33,2026-01-15,0,0,0,0,0,0,0,0,0
33,2026-01-16,0,0,0,0,0,0,0,0,0
33,2026-01-17,0,0,0,0,0,0,0,0,0
33,2026-01-18,0,0,0,0,0,0,0,0,0
33,2026-01-19,0,0,0,0,0,0,0,0,0
33,2026-01-20,0,0,0,0,0,0,0,0,0
33,2026-01-21,0,0,0,0,0,0,0,0,0
33,2026-01-22,0,0,0,0,0,0,0,0,0
33,2026-01-23,0,0,0,0,0,0,0,0,0
33,2026-01-24,0,0,0,0,0,0,0,0,0
33,2026-01-25,2,2,1,1,0,1,0,0,1
33,2026-01-26,4,6,4,0,0,3,0,1,0
33,2026-01-27,6,12,5,1,1,4,1,0,0
33,2026-01-28,6,18,4,2,1,1,2,2,0
33,2026-01-29,5,23,5,0,1,3,0,1,0
33,2026-01-30,8,31,7,1,2,4,1,1,0
33,2026-01-31,5,36,4,1,2,2,0,0,1
33,2026-02-01,7,43,5,2,1,4,1,0,1
33,2026-02-02,5,48,4,1,0,3,1,1,0
33,2026-02-03,4,52,2,2,1,1,0,0,2
33,2026-02-04,8,60,8,0,5,3,0,0,0
33,2026-02-05,7,67,6,1,2,4,1,0,0
33,2026-02-06,3,70,3,0,0,1,0,2,0
33,2026-02-07,9,79,7,2,2,5,0,0,2
33,2026-02-08,8,87,8,0,0,7,0,1,0
33,2026-02-09,8,95,6,2,2,3,2,1,0
33,2026-02-10,7,102,6,1,0,4,1,2,0
34,2026-01-14,0,0,0,0,0,0,0,0,0
34,2026-01-15,0,0,0,0,0,0,0,0,0
34,2026-01-16,0,0,0,0,0,0,0,0,0
34,2026-01-17,0,0,0,0,0,0,0,0,0
34,2026-01-18,0,0,0,0,0,0,0,0,0
34,2026-01-19,0,0,0,0,0,0,0,0,0
34,2026-01-20,0,0,0,0,0,0,0,0,0
34,2026-01-21,0,0,0,0,0,0,0,0,0
34,2026-01-22,0,0,0,0,0,0,0,0,0
34,2026-01-23,0,0,0,0,0,0,0,0,0
34,2026-01-24,0,0,0,0,0,0,0,0,0
34,2026-01-25,2,2,2,0,1,0,0,1,0
34,2026-01-26,0,2,0,0,0,0,0,0,0
34,2026-01-27,1,3,1,0,0,1,0,0,0
34,2026-01-28,6,9,5,1,2,2,1,1,0
34,2026-01-29,3,12,2,1,1,1,0,0,1
34,2026-01-30,4,16,4,0,2,0,0,2,0
34,2026-01-31,4,20,4,0,2,1,0,1,0
34,2026-02-01,6,26,4,2,0,4,1,0,1
34,2026-02-02,6,32,5,1,2,2,1,1,0
34,2026-02-03,6,38,5,1,3,2,1,0,0
34,2026-02-04,7,45,6,1,2,3,1,1,0
34,2026-02-05,9,54,8,1,2,6,0,0,1
34,2026-02-06,8,62,6,2,0,6,2,0,0
34,2026-02-07,13,75,12,1,2,9,1,1,0
34,2026-02-08,5,80,4,1,2,1,1,1,0
34,2026-02-09,11,91,9,2,4,5,2,0,0
34,2026-02-10,8,99,7,1,3,4,1,0,0
35,2026-01-14,0,0,0,0,0,0,0,0,0
35,2026-01-15,0,0,0,0,0,0,0,0,0
35,2026-01-16,0,0,0,0,0,0,0,0,0
35,2026-01-17,0,0,0,0,0,0,0,0,0
35,2026-01-18,0,0,0,0,0,0,0,0,0
35,2026-01-19,0,0,0,0,0,0,0,0,0
35,2026-01-20,0,0,0,0,0,0,0,0,0
35,2026-01-21,0,0,0,0,0,0,0,0,0
35,2026-01-22,0,0,0,0,0,0,0,0,0
35,2026-01-23,0,0,0,0,0,0,0,0,0
35,2026-01-24,0,0,0,0,0,0,0,0,0
35,2026-01-25,2,2,2,0,1,1,0,0,0
35,2026-01-26,3,5,3,0,1,2,0,0,0
35,2026-01-27,0,5,0,0,0,0,0,0,0
35,2026-01-28,3,8,2,1,0,2,1,0,0
35,2026-01-29,2,10,2,0,2,0,0,0,0
35,2026-01-30,6,16,6,0,1,4,0,1,0
35,2026-01-31,4,20,3,1,2,1,1,0,0
35,2026-02-01,4,24,4,0,0,4,0,0,0
35,2026-02-02,4,28,2,2,1,0,1,1,1
35,2026-02-03,5,33,4,1,1,3,1,0,0
35,2026-02-04,2,35,2,0,0,1,0,1,0
35,2026-02-05,8,43,7,1,1,6,1,0,0
35,2026-02-06,3,46,3,0,1,2,0,0,0
35,2026-02-07,3,49,3,0,0,3,0,0,0
35,2026-02-08,5,54,4,1,2,1,1,1,0
35,2026-02-09,3,57,3,0,3,0,0,0,0
35,2026-02-10,5,62,5,0,0,4,0,1,0
36,2026-01-14,0,0,0,0,0,0,0,0,0
36,2026-01-15,0,0,0,0,0,0,0,0,0
36,2026-01-16,0,0,0,0,0,0,0,0,0
36,2026-01-17,0,0,0,0,0,0,0,0,0
36,2026-01-18,0,0,0,0,0,0,0,0,0
36,2026-01-19,0,0,0,0,0,0,0,0,0
36,2026-01-20,0,0,0,0,0,0,0,0,0
36,2026-01-21,0,0,0,0,0,0,0,0,0
36,2026-01-22,0,0,0,0,0,0,0,0,0
36,2026-01-23,0,0,0,0,0,0,0,0,0
36,2026-01-24,0,0,0,0,0,0,0,0,0
36,2026-01-25,4,4,2,2,0,2,2,0,0
36,2026-01-26,5,9,4,1,0,3,0,1,1
36,2026-01-27,2,11,2,0,2,0,0,0,0
36,2026-01-28,2,13,2,0,1,1,0,0,0
36,2026-01-29,5,18,4,1,1,3,1,0,0
36,2026-01-30,2,20,2,0,1,1,0,0,0
36,2026-01-31,7,27,6,1,2,3,0,1,1
36,2026-02-01,4,31,1,3,0,1,2,0,1
36,2026-02-02,4,35,3,1,0,2,0,1,1
36,2026-02-03,2,37,2,0,0,2,0,0,0
36,2026-02-04,5,42,3,2,2,1,1,0,1
36,2026-02-05,6,48,2,4,0,2,3,0,1
36,2026-02-06,4,52,3,1,1,2,1,0,0
36,2026-02-07,6,58,4,2,1,3,2,0,0
36,2026-02-08,4,62,4,0,0,4,0,0,0
36,2026-02-09,6,68,5,1,0,5,0,0,1
36,2026-02-10,8,76,7,1,2,5,1,0,0
37,2026-01-14,0,0,0,0,0,0,0,0,0
37,2026-01-15,0,0,0,0,0,0,0,0,0
37,2026-01-16,0,0,0,0,0,0,0,0,0
37,2026-01-17,0,0,0,0,0,0,0,0,0
37,2026-01-18,0,0,0,0,0,0,0,0,0
37,2026-01-19,0,0,0,0,0,0,0,0,0
37,2026-01-20,0,0,0,0,0,0,0,0,0
37,2026-01-21,0,0,0,0,0,0,0,0,0
37,2026-01-22,0,0,0,0,0,0,0,0,0
37,2026-01-23,0,0,0,0,0,0,0,0,0
37,2026-01-24,0,0,0,0,0,0,0,0,0
37,2026-01-25,4,4,4,0,2,2,0,0,0
37,2026-01-26,7,11,6,1,2,4,1,0,0
37,2026-01-27,4,15,3,1,0,2,1,1,0
37,2026-01-28,7,22,7,0,5,2,0,0,0
37,2026-01-29,7,29,7,0,3,4,0,0,0
37,2026-01-30,7,36,6,1,2,3,0,1,1
37,2026-01-31,7,43,7,0,2,5,0,0,0
37,2026-02-01,5,48,4,1,1,3,1,0,0
37,2026-02-02,10,58,9,1,4,4,1,1,0
37,2026-02-03,4,62,4,0,1,2,0,1,0
37,2026-02-04,5,67,5,0,3,2,0,0,0
37,2026-02-05,9,76,9,0,4,5,0,0,0
37,2026-02-06,4,80,0,4,0,0,3,0,1
37,2026-02-07,11,91,10,1,2,7,1,1,0
37,2026-02-08,12,103,8,4,2,6,4,0,0
37,2026-02-09,13,116,11,2,4,6,0,1,2
37,2026-02-10,8,124,4,4,0,4,2,0,2
38,2026-01-14,0,0,0,0,0,0,0,0,0
38,2026-01-15,0,0,0,0,0,0,0,0,0
38,2026-01-16,0,0,0,0,0,0,0,0,0
38,2026-01-17,0,0,0,0,0,0,0,0,0
38,2026-01-18,0,0,0,0,0,0,0,0,0
38,2026-01-19,0,0,0,0,0,0,0,0,0
38,2026-01-20,0,0,0,0,0,0,0,0,0
38,2026-01-21,0,0,0,0,0,0,0,0,0
38,2026-01-22,0,0,0,0,0,0,0,0,0
38,2026-01-23,0,0,0,0,0,0,0,0,0
38,2026-01-24,0,0,0,0,0,0,0,0,0
38,2026-01-25,7,7,5,2,3,2,2,0,0
38,2026-01-26,3,10,3,0,0,1,0,2,0
38,2026-01-27,3,13,1,2,1,0,2,0,0
38,2026-01-28,2,15,2,0,0,1,0,1,0
38,2026-01-29,1,16,1,0,0,1,0,0,0
38,2026-01-30,3,19,2,1,1,1,1,0,0
38,2026-01-31,6,25,6,0,2,4,0,0,0
38,2026-02-01,3,28,2,1,0,2,1,0,0
38,2026-02-02,2,30,2,0,0,2,0,0,0
38,2026-02-03,2,32,1,1,0,1,1,0,0
38,2026-02-04,4,36,4,0,1,2,0,1,0
38,2026-02-05,1,37,1,0,0,1,0,0,0
38,2026-02-06,5,42,1,4,1,0,3,0,1
38,2026-02-07,2,44,1,1,0,1,1,0,0
38,2026-02-08,2,46,2,0,1,1,0,0,0
38,2026-02-09,6,52,4,2,1,3,1,0,1
38,2026-02-10,9,61,7,2,1,6,2,0,0
39,2026-01-14,0,0,0,0,0,0,0,0,0
39,2026-01-15,0,0,0,0,0,0,0,0,0
39,2026-01-16,0,0,0,0,0,0,0,0,0
39,2026-01-17,0,0,0,0,0,0,0,0,0
39,2026-01-18,0,0,0,0,0,0,0,0,0
39,2026-01-19,0,0,0,0,0,0,0,0,0
39,2026-01-20,0,0,0,0,0,0,0,0,0
39,2026-01-21,0,0,0,0,0,0,0,0,0
39,2026-01-22,0,0,0,0,0,0,0,0,0
39,2026-01-23,0,0,0,0,0,0,0,0,0
39,2026-01-24,0,0,0,0,0,0,0,0,0
39,2026-01-25,4,4,2,2,1,1,2,0,0
39,2026-01-26,3,7,2,1,0,2,0,0,1
39,2026-01-27,2,9,2,0,0,1,0,1,0
39,2026-01-28,4,13,3,1,0,3,0,0,1
39,2026-01-29,3,16,1,2,1,0,2,0,0
39,2026-01-30,3,19,3,0,0,3,0,0,0
39,2026-01-31,4,23,4,0,3,1,0,0,0
39,2026-02-01,0,23,0,0,0,0,0,0,0
39,2026-02-02,4,27,3,1,1,2,1,0,0
39,2026-02-03,3,30,3,0,1,2,0,0,0
39,2026-02-04,5,35,3,2,2,1,2,0,0
39,2026-02-05,5,40,5,0,0,4,0,1,0
39,2026-02-06,8,48,8,0,0,8,0,0,0
39,2026-02-07,7,55,5,2,1,4,2,0,0
39,2026-02-08,3,58,3,0,0,3,0,0,0
39,2026-02-09,4,62,4,0,1,3,0,0,0
39,2026-02-10,9,71,9,0,5,4,0,0,0
40,2026-01-14,0,0,0,0,0,0,0,0,0
40,2026-01-15,0,0,0,0,0,0,0,0,0
40,2026-01-16,0,0,0,0,0,0,0,0,0
40,2026-01-17,0,0,0,0,0,0,0,0,0
40,2026-01-18,0,0,0,0,0,0,0,0,0
40,2026-01-19,0,0,0,0,0,0,0,0,0
40,2026-01-20,0,0,0,0,0,0,0,0,0
40,2026-01-21,0,0,0,0,0,0,0,0,0
40,2026-01-22,0,0,0,0,0,0,0,0,0
40,2026-01-23,0,0,0,0,0,0,0,0,0
40,2026-01-24,0,0,0,0,0,0,0,0,0
40,2026-01-25,7,7,6,1,3,2,0,1,1
40,2026-01-26,6,13,3,3,1,2,2,0,1
40,2026-01-27,5,18,5,0,2,2,0,1,0
40,2026-01-28,5,23,5,0,0,3,0,2,0
40,2026-01-29,4,27,3,1,1,2,1,0,0
40,2026-01-30,6,33,4,2,0,4,1,0,1
40,2026-01-31,6,39,4,2,3,1,2,0,0
40,2026-02-01,2,41,2,0,0,2,0,0,0
40,2026-02-02,10,51,9,1,3,5,1,1,0
40,2026-02-03,9,60,6,3,2,4,3,0,0
40,2026-02-04,4,64,3,1,0,2,1,1,0
40,2026-02-05,9,73,8,1,1,7,1,0,0
40,2026-02-06,14,87,12,2,4,7,2,1,0
40,2026-02-07,5,92,5,0,3,1,0,1,0
40,2026-02-08,14,106,13,1,5,6,1,2,0
40,2026-02-09,10,116,5,5,1,4,3,0,2
40,2026-02-10,15,131,13,2,2,10,1,1,1
41,2026-01-14,0,0,0,0,0,0,0,0,0
41,2026-01-15,0,0,0,0,0,0,0,0,0
41,2026-01-16,0,0,0,0,0,0,0,0,0
41,2026-01-17,0,0,0,0,0,0,0,0,0
41,2026-01-18,0,0,0,0,0,0,0,0,0
41,2026-01-19,0,0,0,0,0,0,0,0,0
41,2026-01-20,0,0,0,0,0,0,0,0,0
41,2026-01-21,0,0,0,0,0,0,0,0,0
41,2026-01-22,0,0,0,0,0,0,0,0,0
41,2026-01-23,0,0,0,0,0,0,0,0,0
41,2026-01-24,0,0,0,0,0,0,0,0,0
41,2026-01-25,7,7,6,1,2,4,1,0,0
41,2026-01-26,10,17,8,2,3,5,2,0,0
41,2026-01-27,4,21,4,0,2,2,0,0,0
41,2026-01-28,5,26,5,0,0,5,0,0,0
41,2026-01-29,9,35,5,4,1,4,4,0,0
41,2026-01-30,8,43,6,2,0,5,1,1,1
41,2026-01-31,6,49,4,2,1,3,2,0,0
41,2026-02-01,8,57,6,2,0,6,2,0,0
41,2026-02-02,13,70,10,3,1,8,1,1,2
41,2026-02-03,11,81,8,3,1,6,2,1,1
41,2026-02-04,12,93,10,2,4,4,1,2,1
41,2026-02-05,5,98,3,2,2,1,2,0,0
41,2026-02-06,16,114,11,5,3,6,2,2,3
41,2026-02-07,12,126,10,2,5,5,1,0,1
41,2026-02-08,12,138,6,6,3,3,3,0,3
41,2026-02-09,19,157,12,7,5,7,7,0,0
41,2026-02-10,19,176,15,4,2,12,2,1,2
42,2026-01-14,0,0,0,0,0,0,0,0,0
42,2026-01-15,0,0,0,0,0,0,0,0,0
42,2026-01-16,0,0,0,0,0,0,0,0,0
42,2026-01-17,0,0,0,0,0,0,0,0,0
42,2026-01-18,0,0,0,0,0,0,0,0,0
42,2026-01-19,0,0,0,0,0,0,0,0,0
42,2026-01-20,0,0,0,0,0,0,0,0,0
42,2026-01-21,0,0,0,0,0,0,0,0,0
42,2026-01-22,0,0,0,0,0,0,0,0,0
42,2026-01-23,0,0,0,0,0,0,0,0,0
42,2026-01-24,0,0,0,0,0,0,0,0,0
42,2026-01-25,4,4,1,3,1,0,3,0,0
42,2026-01-26,4,8,3,1,1,2,0,0,1
42,2026-01-27,0,8,0,0,0,0,0,0,0
42,2026-01-28,6,14,5,1,1,4,1,0,0
42,2026-01-29,5,19,3,2,1,2,2,0,0
42,2026-01-30,7,26,6,1,3,3,0,0,1
42,2026-01-31,3,29,3,0,1,2,0,0,0
42,2026-02-01,7,36,6,1,2,2,1,2,0
42,2026-02-02,5,41,5,0,1,4,0,0,0
42,2026-02-03,6,47,5,1,1,2,1,2,0
42,2026-02-04,5,52,4,1,2,2,0,0,1
42,2026-02-05,5,57,5,0,3,2,0,0,0
42,2026-02-06,9,66,9,0,3,5,0,1,0
42,2026-02-07,11,77,9,2,0,8,1,1,1
42,2026-02-08,8,85,7,1,1,5,1,1,0
42,2026-02-09,9,94,7,2,3,4,2,0,0
42,2026-02-10,8,102,6,2,2,3,2,1,0
43,2026-01-14,0,0,0,0,0,0,0,0,0
43,2026-01-15,0,0,0,0,0,0,0,0,0
43,2026-01-16,0,0,0,0,0,0,0,0,0
43,2026-01-17,0,0,0,0,0,0,0,0,0
43,2026-01-18,0,0,0,0,0,0,0,0,0
43,2026-01-19,0,0,0,0,0,0,0,0,0
43,2026-01-20,0,0,0,0,0,0,0,0,0
43,2026-01-21,0,0,0,0,0,0,0,0,0
43,2026-01-22,0,0,0,0,0,0,0,0,0
43,2026-01-23,0,0,0,0,0,0,0,0,0
43,2026-01-24,0,0,0,0,0,0,0,0,0
43,2026-01-25,11,11,8,3,2,6,2,0,1
43,2026-01-26,5,16,4,1,0,4,0,0,1
43,2026-01-27,2,18,2,0,1,1,0,0,0
43,2026-01-28,2,20,2,0,1,1,0,0,0
43,2026-01-29,8,28,8,0,2,6,0,0,0
43,2026-01-30,7,35,7,0,4,3,0,0,0
43,2026-01-31,10,45,8,2,2,5,1,1,1
43,2026-02-01,6,51,6,0,4,2,0,0,0
43,2026-02-02,5,56,5,0,1,4,0,0,0
43,2026-02-03,12,68,10,2,4,4,2,2,0
43,2026-02-04,9,77,8,1,2,5,1,1,0
43,2026-02-05,9,86,8,1,4,1,1,3,0
43,2026-02-06,5,91,5,0,3,2,0,0,0
43,2026-02-07,10,101,9,1,2,7,1,0,0
43,2026-02-08,12,113,9,3,3,5,3,1,0
43,2026-02-09,6,119,3,3,2,1,3,0,0
43,2026-02-10,18,137,13,5,4,9,5,0,0
44,2026-01-14,0,0,0,0,0,0,0,0,0
44,2026-01-15,0,0,0,0,0,0,0,0,0
44,2026-01-16,0,0,0,0,0,0,0,0,0
44,2026-01-17,0,0,0,0,0,0,0,0,0
44,2026-01-18,0,0,0,0,0,0,0,0,0
44,2026-01-19,0,0,0,0,0,0,0,0,0
44,2026-01-20,0,0,0,0,0,0,0,0,0
44,2026-01-21,0,0,0,0,0,0,0,0,0
44,2026-01-22,0,0,0,0,0,0,0,0,0
44,2026-01-23,0,0,0,0,0,0,0,0,0
44,2026-01-24,0,0,0,0,0,0,0,0,0
44,2026-01-25,10,10,10,0,3,6,0,1,0
44,2026-01-26,5,15,4,1,1,3,0,0,1
44,2026-01-27,5,20,4,1,1,3,1,0,0
44,2026-01-28,5,25,5,0,2,3,0,0,0
44,2026-01-29,4,29,3,1,1,2,0,0,1
44,2026-01-30,6,35,4,2,1,3,1,0,1
44,2026-01-31,6,41,6,0,1,4,0,1,0
44,2026-02-01,7,48,6,1,1,5,1,0,0
44,2026-02-02,12,60,11,1,5,6,1,0,0
44,2026-02-03,5,65,4,1,2,2,1,0,0
44,2026-02-04,9,74,7,2,1,5,1,1,1
44,2026-02-05,8,82,6,2,1,4,2,1,0
44,2026-02-06,10,92,7,3,1,4,3,2,0
44,2026-02-07,4,96,3,1,0,2,0,1,1
44,2026-02-08,15,111,12,3,6,3,2,3,1
44,2026-02-09,13,124,10,3,4,6,3,0,0
44,2026-02-10,12,136,12,0,3,7,0,2,0
45,2026-01-14,0,0,0,0,0,0,0,0,0
45,2026-01-15,0,0,0,0,0,0,0,0,0
45,2026-01-16,0,0,0,0,0,0,0,0,0
45,2026-01-17,0,0,0,0,0,0,0,0,0
45,2026-01-18,0,0,0,0,0,0,0,0,0
45,2026-01-19,0,0,0,0,0,0,0,0,0
45,2026-01-20,0,0,0,0,0,0,0,0,0
45,2026-01-21,0,0,0,0,0,0,0,0,0
45,2026-01-22,0,0,0,0,0,0,0,0,0
45,2026-01-23,0,0,0,0,0,0,0,0,0
45,2026-01-24,0,0,0,0,0,0,0,0,0
45,2026-01-25,5,5,5,0,1,4,0,0,0
45,2026-01-26,5,10,4,1,4,0,1,0,0
45,2026-01-27,0,10,0,0,0,0,0,0,0
45,2026-01-28,1,11,0,1,0,0,1,0,0
45,2026-01-29,3,14,2,1,0,2,1,0,0
45,2026-01-30,5,19,4,1,0,2,1,2,0
45,2026-01-31,5,24,4,1,1,3,0,0,1
45,2026-02-01,2,26,2,0,0,2,0,0,0
45,2026-02-02,3,29,2,1,0,2,1,0,0
45,2026-02-03,4,33,3,1,2,1,1,0,0
45,2026-02-04,4,37,3,1,1,2,1,0,0
45,2026-02-05,4,41,3,1,2,1,1,0,0
45,2026-02-06,2,43,2,0,0,1,0,1,0
45,2026-02-07,2,45,2,0,0,2,0,0,0
45,2026-02-08,5,50,4,1,0,3,0,1,1
45,2026-02-09,2,52,2,0,0,2,0,0,0
45,2026-02-10,9,61,7,2,1,4,2,2,0
46,2026-01-14,0,0,0,0,0,0,0,0,0
46,2026-01-15,0,0,0,0,0,0,0,0,0
46,2026-01-16,0,0,0,0,0,0,0,0,0
46,2026-01-17,0,0,0,0,0,0,0,0,0
46,2026-01-18,0,0,0,0,0,0,0,0,0
46,2026-01-19,0,0,0,0,0,0,0,0,0
46,2026-01-20,0,0,0,0,0,0,0,0,0
46,2026-01-21,0,0,0,0,0,0,0,0,0
46,2026-01-22,0,0,0,0,0,0,0,0,0
46,2026-01-23,0,0,0,0,0,0,0,0,0
46,2026-01-24,0,0,0,0,0,0,0,0,0
46,2026-01-25,7,7,5,2,4,1,2,0,0
46,2026-01-26,2,9,2,0,1,1,0,0,0
46,2026-01-27,5,14,5,0,1,3,0,1,0
46,2026-01-28,5,19,5,0,2,3,0,0,0
46,2026-01-29,6,25,6,0,1,5,0,0,0
46,2026-01-30,7,32,6,1,2,4,0,0,1
46,2026-01-31,10,42,9,1,2,6,0,1,1
46,2026-02-01,6,48,5,1,1,4,1,0,0
46,2026-02-02,7,55,3,4,0,3,3,0,1
46,2026-02-03,8,63,6,2,0,4,1,2,1
46,2026-02-04,7,70,6,1,3,3,1,0,0
46,2026-02-05,11,81,8,3,2,6,3,0,0
46,2026-02-06,8,89,6,2,3,3,1,0,1
46,2026-02-07,13,102,10,3,2,7,0,1,3
46,2026-02-08,8,110,7,1,2,5,1,0,0
46,2026-02-09,14,124,11,3,4,6,2,1,1
46,2026-02-10,19,143,13,6,5,7,4,1,2
47,2026-01-14,0,0,0,0,0,0,0,0,0
47,2026-01-15,0,0,0,0,0,0,0,0,0
47,2026-01-16,0,0,0,0,0,0,0,0,0
47,2026-01-17,0,0,0,0,0,0,0,0,0
47,2026-01-18,0,0,0,0,0,0,0,0,0
47,2026-01-19,0,0,0,0,0,0,0,0,0
47,2026-01-20,0,0,0,0,0,0,0,0,0
47,2026-01-21,0,0,0,0,0,0,0,0,0
47,2026-01-22,0,0,0,0,0,0,0,0,0
47,2026-01-23,0,0,0,0,0,0,0,0,0
47,2026-01-24,0,0,0,0,0,0,0,0,0
47,2026-01-25,11,11,7,4,3,4,3,0,1
47,2026-01-26,3,14,2,1,0,1,1,1,0
47,2026-01-27,7,21,4,3,2,2,1,0,2
47,2026-01-28,6,27,3,3,2,1,2,0,1
47,2026-01-29,5,32,5,0,0,5,0,0,0
47,2026-01-30,8,40,6,2,0,5,1,1,1
47,2026-01-31,3,43,3,0,1,2,0,0,0
47,2026-02-01,7,50,7,0,3,4,0,0,0
47,2026-02-02,3,53,3,0,0,2,0,1,0
47,2026-02-03,6,59,4,2,1,2,2,1,0
47,2026-02-04,6,65,4,2,0,3,2,1,0
47,2026-02-05,6,71,5,1,2,3,1,0,0
47,2026-02-06,9,80,8,1,3,5,1,0,0
47,2026-02-07,7,87,6,1,2,4,1,0,0
47,2026-02-08,10,97,4,6,2,2,5,0,1
47,2026-02-09,8,105,7,1,2,4,0,1,1
47,2026-02-10,8,113,8,0,4,3,0,1,0
48,2026-01-14,0,0,0,0,0,0,0,0,0
48,2026-01-15,0,0,0,0,0,0,0,0,0
48,2026-01-16,0,0,0,0,0,0,0,0,0
48,2026-01-17,0,0,0,0,0,0,0,0,0
48,2026-01-18,0,0,0,0,0,0,0,0,0
48,2026-01-19,0,0,0,0,0,0,0,0,0
48,2026-01-20,0,0,0,0,0,0,0,0,0
48,2026-01-21,0,0,0,0,0,0,0,0,0
48,2026-01-22,0,0,0,0,0,0,0,0,0
48,2026-01-23,0,0,0,0,0,0,0,0,0
48,2026-01-24,0,0,0,0,0,0,0,0,0
48,2026-01-25,11,11,11,0,3,7,0,1,0
48,2026-01-26,6,17,5,1,2,2,1,1,0
48,2026-01-27,5,22,4,1,2,2,1,0,0
48,2026-01-28,4,26,3,1,0,3,0,0,1
48,2026-01-29,8,34,4,4,0,3,3,1,1
48,2026-01-30,3,37,0,3,0,0,3,0,0
48,2026-01-31,2,39,2,0,0,2,0,0,0
48,2026-02-01,4,43,2,2,1,0,2,1,0
48,2026-02-02,14,57,12,2,3,6,1,3,1
48,2026-02-03,5,62,5,0,1,4,0,0,0
48,2026-02-04,7,69,6,1,1,5,1,0,0
48,2026-02-05,11,80,9,2,4,4,2,1,0
48,2026-02-06,7,87,6,1,1,5,1,0,0
48,2026-02-07,12,99,10,2,3,7,2,0,0
48,2026-02-08,5,104,5,0,2,2,0,1,0
48,2026-02-09,12,116,7,5,1,4,5,2,0
48,2026-02-10,16,132,16,0,4,11,0,1,0
49,2026-01-14,0,0,0,0,0,0,0,0,0
49,2026-01-15,0,0,0,0,0,0,0,0,0
49,2026-01-16,0,0,0,0,0,0,0,0,0
49,2026-01-17,0,0,0,0,0,0,0,0,0
49,2026-01-18,0,0,0,0,0,0,0,0,0
49,2026-01-19,0,0,0,0,0,0,0,0,0
49,2026-01-20,0,0,0,0,0,0,0,0,0
49,2026-01-21,0,0,0,0,0,0,0,0,0
49,2026-01-22,0,0,0,0,0,0,0,0,0
49,2026-01-23,0,0,0,0,0,0,0,0,0
49,2026-01-24,0,0,0,0,0,0,0,0,0
49,2026-01-25,10,10,9,1,4,5,1,0,0
49,2026-01-26,7,17,7,0,1,5,0,1,0
49,2026-01-27,4,21,2,2,0,1,2,1,0
49,2026-01-28,8,29,6,2,0,5,2,1,0
49,2026-01-29,7,36,6,1,0,4,1,2,0
49,2026-01-30,10,46,10,0,4,5,0,1,0
49,2026-01-31,7,53,6,1,3,2,1,1,0
49,2026-02-01,8,61,6,2,2,3,1,1,1
49,2026-02-02,10,71,8,2,1,6,0,1,2
49,2026-02-03,10,81,7,3,1,6,1,0,2
49,2026-02-04,8,89,5,3,0,3,3,2,0
49,2026-02-05,11,100,7,4,4,3,4,0,0
49,2026-02-06,6,106,5,1,3,2,1,0,0
49,2026-02-07,22,128,20,2,6,12,0,2,2
49,2026-02-08,13,141,12,1,2,8,1,2,0
49,2026-02-09,8,149,6,2,0,4,2,2,0
49,2026-02-10,21,170,17,4,4,12,4,1,0
50,2026-01-14,0,0,0,0,0,0,0,0,0
50,2026-01-15,0,0,0,0,0,0,0,0,0
50,2026-01-16,0,0,0,0,0,0,0,0,0
50,2026-01-17,0,0,0,0,0,0,0,0,0
50,2026-01-18,0,0,0,0,0,0,0,0,0
50,2026-01-19,0,0,0,0,0,0,0,0,0
50,2026-01-20,0,0,0,0,0,0,0,0,0
50,2026-01-21,0,0,0,0,0,0,0,0,0
50,2026-01-22,0,0,0,0,0,0,0,0,0
50,2026-01-23,0,0,0,0,0,0,0,0,0
50,2026-01-24,0,0,0,0,0,0,0,0,0
50,2026-01-25,10,10,7,3,2,5,3,0,0
50,2026-01-26,3,13,2,1,2,0,1,0,0
50,2026-01-27,2,15,2,0,1,1,0,0,0
50,2026-01-28,6,21,6,0,3,3,0,0,0
50,2026-01-29,4,25,4,0,0,4,0,0,0
50,2026-01-30,4,29,3,1,0,3,1,0,0
50,2026-01-31,2,31,1,1,1,0,0,0,1
50,2026-02-01,6,37,5,1,2,3,0,0,1
50,2026-02-02,7,44,6,1,3,3,1,0,0
50,2026-02-03,6,50,4,2,2,2,2,0,0
50,2026-02-04,7,57,6,1,2,4,1,0,0
50,2026-02-05,3,60,3,0,1,1,0,1,0
50,2026-02-06,5,65,5,0,0,5,0,0,0
50,2026-02-07,5,70,5,0,1,2,0,2,0
50,2026-02-08,12,82,6,6,2,4,6,0,0
50,2026-02-09,3,85,3,0,1,2,0,0,0
50,2026-02-10,7,92,6,1,2,3,1,1,0
51,2026-01-14,0,0,0,0,0,0,0,0,0
51,2026-01-15,0,0,0,0,0,0,0,0,0
51,2026-01-16,0,0,0,0,0,0,0,0,0
51,2026-01-17,0,0,0,0,0,0,0,0,0
51,2026-01-18,0,0,0,0,0,0,0,0,0
51,2026-01-19,0,0,0,0,0,0,0,0,0
51,2026-01-20,0,0,0,0,0,0,0,0,0
51,2026-01-21,0,0,0,0,0,0,0,0,0
51,2026-01-22,0,0,0,0,0,0,0,0,0
51,2026-01-23,0,0,0,0,0,0,0,0,0
51,2026-01-24,0,0,0,0,0,0,0,0,0
51,2026-01-25,8,8,7,1,1,6,1,0,0
51,2026-01-26,1,9,1,0,1,0,0,0,0
51,2026-01-27,2,11,2,0,0,1,0,1,0
51,2026-01-28,3,14,1,2,0,1,2,0,0
51,2026-01-29,3,17,3,0,1,1,0,1,0
51,2026-01-30,4,21,4,0,1,3,0,0,0
51,2026-01-31,2,23,1,1,0,0,0,1,1
51,2026-02-01,4,27,3,1,2,1,1,0,0
51,2026-02-02,1,28,1,0,0,0,0,1,0
51,2026-02-03,5,33,4,1,2,2,0,0,1
51,2026-02-04,10,43,9,1,4,5,1,0,0
51,2026-02-05,4,47,2,2,2,0,2,0,0
51,2026-02-06,5,52,5,0,2,2,0,1,0
51,2026-02-07,3,55,3,0,1,2,0,0,0
51,2026-02-08,6,61,5,1,0,5,1,0,0
51,2026-02-09,2,63,2,0,0,2,0,0,0
51,2026-02-10,2,65,1,1,0,1,1,0,0
52,2026-01-14,0,0,0,0,0,0,0,0,0
52,2026-01-15,0,0,0,0,0,0,0,0,0
52,2026-01-16,0,0,0,0,0,0,0,0,0
52,2026-01-17,0,0,0,0,0,0,0,0,0
52,2026-01-18,0,0,0,0,0,0,0,0,0
52,2026-01-19,0,0,0,0,0,0,0,0,0
52,2026-01-20,0,0,0,0,0,0,0,0,0
52,2026-01-21,0,0,0,0,0,0,0,0,0
52,2026-01-22,0,0,0,0,0,0,0,0,0
52,2026-01-23,0,0,0,0,0,0,0,0,0
52,2026-01-24,0,0,0,0,0,0,0,0,0
52,2026-01-25,3,3,3,0,3,0,0,0,0
52,2026-01-26,2,5,2,0,2,0,0,0,0
52,2026-01-27,2,7,1,1,1,0,1,0,0
52,2026-01-28,6,13,4,2,2,2,2,0,0
52,2026-01-29,3,16,3,0,2,1,0,0,0
52,2026-01-30,4,20,2,2,1,1,2,0,0
52,2026-01-31,3,23,2,1,2,0,1,0,0
52,2026-02-01,3,26,2,1,0,1,1,1,0
52,2026-02-02,6,32,3,3,2,0,1,1,2
52,2026-02-03,5,37,4,1,2,1,1,1,0
52,2026-02-04,9,46,8,1,3,5,1,0,0
52,2026-02-05,8,54,7,1,3,3,1,1,0
52,2026-02-06,6,60,4,2,1,3,2,0,0
52,2026-02-07,7,67,4,3,2,1,2,1,1
52,2026-02-08,5,72,4,1,0,3,1,1,0
52,2026-02-09,4,76,2,2,0,2,2,0,0
52,2026-02-10,11,87,8,3,4,4,3,0,0
53,2026-01-14,0,0,0,0,0,0,0,0,0
53,2026-01-15,0,0,0,0,0,0,0,0,0
53,2026-01-16,0,0,0,0,0,0,0,0,0
53,2026-01-17,0,0,0,0,0,0,0,0,0
53,2026-01-18,0,0,0,0,0,0,0,0,0
53,2026-01-19,0,0,0,0,0,0,0,0,0
53,2026-01-20,0,0,0,0,0,0,0,0,0
53,2026-01-21,0,0,0,0,0,0,0,0,0
53,2026-01-22,0,0,0,0,0,0,0,0,0
53,2026-01-23,0,0,0,0,0,0,0,0,0
53,2026-01-24,0,0,0,0,0,0,0,0,0
53,2026-01-25,5,5,4,1,0,4,1,0,0
53,2026-01-26,2,7,1,1,0,1,1,0,0
53,2026-01-27,5,12,4,1,1,3,1,0,0
53,2026-01-28,7,19,5,2,2,3,1,0,1
53,2026-01-29,2,21,2,0,0,2,0,0,0
53,2026-01-30,3,24,3,0,1,2,0,0,0
53,2026-01-31,5,29,4,1,0,3,1,1,0
53,2026-02-01,4,33,4,0,1,2,0,1,0
53,2026-02-02,6,39,6,0,1,4,0,1,0
53,2026-02-03,4,43,2,2,1,0,2,1,0
53,2026-02-04,5,48,4,1,0,3,1,1,0
53,2026-02-05,11,59,10,1,2,7,0,1,1
53,2026-02-06,10,69,8,2,2,3,0,3,2
53,2026-02-07,9,78,9,0,1,8,0,0,0
53,2026-02-08,10,88,6,4,2,4,3,0,1
53,2026-02-09,8,96,6,2,1,5,2,0,0
53,2026-02-10,15,111,12,3,4,8,2,0,1
54,2026-01-14,0,0,0,0,0,0,0,0,0
54,2026-01-15,0,0,0,0,0,0,0,0,0
54,2026-01-16,0,0,0,0,0,0,0,0,0
54,2026-01-17,0,0,0,0,0,0,0,0,0
54,2026-01-18,0,0,0,0,0,0,0,0,0
54,2026-01-19,0,0,0,0,0,0,0,0,0
54,2026-01-20,0,0,0,0,0,0,0,0,0
54,2026-01-21,0,0,0,0,0,0,0,0,0
54,2026-01-22,0,0,0,0,0,0,0,0,0
54,2026-01-23,0,0,0,0,0,0,0,0,0
54,2026-01-24,0,0,0,0,0,0,0,0,0
54,2026-01-25,5,5,4,1,3,1,1,0,0
54,2026-01-26,4,9,3,1,1,2,1,0,0
54,2026-01-27,1,10,1,0,0,1,0,0,0
54,2026-01-28,5,15,2,3,0,2,3,0,0
54,2026-01-29,5,20,3,2,1,2,0,0,2
54,2026-01-30,7,27,7,0,2,5,0,0,0
54,2026-01-31,4,31,3,1,1,2,1,0,0
54,2026-02-01,3,34,3,0,1,2,0,0,0
54,2026-02-02,6,40,4,2,1,3,1,0,1
54,2026-02-03,9,49,9,0,4,5,0,0,0
54,2026-02-04,8,57,6,2,1,5,2,0,0
54,2026-02-05,3,60,3,0,1,2,0,0,0
54,2026-02-06,10,70,9,1,2,6,1,1,0
54,2026-02-07,9,79,8,1,3,4,0,1,1
54,2026-02-08,8,87,8,0,3,3,0,2,0
54,2026-02-09,12,99,11,1,0,9,1,2,0
54,2026-02-10,11,110,9,2,2,6,1,1,1
55,2026-01-14,0,0,0,0,0,0,0,0,0
55,2026-01-15,0,0,0,0,0,0,0,0,0
55,2026-01-16,0,0,0,0,0,0,0,0,0
55,2026-01-17,0,0,0,0,0,0,0,0,0
55,2026-01-18,0,0,0,0,0,0,0,0,0
55,2026-01-19,0,0,0,0,0,0,0,0,0
55,2026-01-20,0,0,0,0,0,0,0,0,0
55,2026-01-21,0,0,0,0,0,0,0,0,0
55,2026-01-22,0,0,0,0,0,0,0,0,0
55,2026-01-23,0,0,0,0,0,0,0,0,0
55,2026-01-24,0,0,0,0,0,0,0,0,0
55,2026-01-25,5,5,5,0,3,2,0,0,0
55,2026-01-26,4,9,2,2,1,1,2,0,0
55,2026-01-27,4,13,4,0,4,0,0,0,0
55,2026-01-28,3,16,3,0,0,3,0,0,0
55,2026-01-29,6,22,5,1,2,2,1,1,0
55,2026-01-30,4,26,4,0,2,1,0,1,0
55,2026-01-31,6,32,6,0,2,3,0,1,0
55,2026-02-01,6,38,6,0,0,5,0,1,0
55,2026-02-02,5,43,3,2,1,2,2,0,0
55,2026-02-03,8,51,5,3,1,4,3,0,0
55,2026-02-04,14,65,11,3,2,9,3,0,0
55,2026-02-05,7,72,4,3,1,2,2,1,1
55,2026-02-06,9,81,7,2,2,5,1,0,1
55,2026-02-07,20,101,19,1,7,10,1,2,0
55,2026-02-08,14,115,14,0,0,13,0,1,0
55,2026-02-09,11,126,8,3,1,7,3,0,0
55,2026-02-10,8,134,7,1,1,5,1,1,0
56,2026-01-14,0,0,0,0,0,0,0,0,0
56,2026-01-15,0,0,0,0,0,0,0,0,0
56,2026-01-16,0,0,0,0,0,0,0,0,0
56,2026-01-17,0,0,0,0,0,0,0,0,0
56,2026-01-18,0,0,0,0,0,0,0,0,0
56,2026-01-19,0,0,0,0,0,0,0,0,0
56,2026-01-20,0,0,0,0,0,0,0,0,0
56,2026-01-21,0,0,0,0,0,0,0,0,0
56,2026-01-22,0,0,0,0,0,0,0,0,0
56,2026-01-23,0,0,0,0,0,0,0,0,0
56,2026-01-24,0,0,0,0,0,0,0,0,0
56,2026-01-25,9,9,6,3,0,5,3,1,0
56,2026-01-26,8,17,7,1,0,7,0,0,1
56,2026-01-27,6,23,6,0,0,5,0,1,0
56,2026-01-28,2,25,2,0,1,0,0,1,0
56,2026-01-29,5,30,3,2,1,2,2,0,0
56,2026-01-30,8,38,7,1,0,7,1,0,0
56,2026-01-31,10,48,8,2,3,4,1,1,1
56,2026-02-01,4,52,3,1,0,3,1,0,0
56,2026-02-02,5,57,5,0,1,4,0,0,0
56,2026-02-03,10,67,8,2,0,7,2,1,0
56,2026-02-04,2,69,2,0,1,1,0,0,0
56,2026-02-05,9,78,9,0,4,4,0,1,0
56,2026-02-06,9,87,8,1,3,4,1,1,0
56,2026-02-07,5,92,5,0,1,3,0,1,0
56,2026-02-08,7,99,6,1,1,5,1,0,0
56,2026-02-09,8,107,8,0,3,4,0,1,0
56,2026-02-10,9,116,9,0,3,5,0,1,0
57,2026-01-14,0,0,0,0,0,0,0,0,0
57,2026-01-15,0,0,0,0,0,0,0,0,0
57,2026-01-16,0,0,0,0,0,0,0,0,0
57,2026-01-17,0,0,0,0,0,0,0,0,0
57,2026-01-18,0,0,0,0,0,0,0,0,0
57,2026-01-19,0,0,0,0,0,0,0,0,0
57,2026-01-20,0,0,0,0,0,0,0,0,0
57,2026-01-21,0,0,0,0,0,0,0,0,0
57,2026-01-22,0,0,0,0,0,0,0,0,0
57,2026-01-23,0,0,0,0,0,0,0,0,0
57,2026-01-24,0,0,0,0,0,0,0,0,0
57,2026-01-25,8,8,7,1,3,4,1,0,0
57,2026-01-26,2,10,2,0,1,1,0,0,0
57,2026-01-27,3,13,2,1,1,1,0,0,1
57,2026-01-28,5,18,3,2,0,3,2,0,0
57,2026-01-29,7,25,5,2,2,3,1,0,1
57,2026-01-30,4,29,4,0,2,2,0,0,0
57,2026-01-31,3,32,2,1,1,1,0,0,1
57,2026-02-01,8,40,6,2,0,5,1,1,1
57,2026-02-02,8,48,6,2,2,3,2,1,0
57,2026-02-03,8,56,6,2,2,4,2,0,0
57,2026-02-04,5,61,2,3,0,2,3,0,0
57,2026-02-05,14,75,11,3,1,6,1,4,2
57,2026-02-06,6,81,4,2,3,1,2,0,0
57,2026-02-07,7,88,4,3,0,4,2,0,1
57,2026-02-08,5,93,4,1,1,3,1,0,0
57,2026-02-09,6,99,5,1,3,2,1,0,0
57,2026-02-10,5,104,5,0,2,3,0,0,0
58,2026-01-14,0,0,0,0,0,0,0,0,0
58,2026-01-15,0,0,0,0,0,0,0,0,0
58,2026-01-16,0,0,0,0,0,0,0,0,0
58,2026-01-17,0,0,0,0,0,0,0,0,0
58,2026-01-18,0,0,0,0,0,0,0,0,0
58,2026-01-19,0,0,0,0,0,0,0,0,0
58,2026-01-20,0,0,0,0,0,0,0,0,0
58,2026-01-21,0,0,0,0,0,0,0,0,0
58,2026-01-22,0,0,0,0,0,0,0,0,0
58,2026-01-23,0,0,0,0,0,0,0,0,0
58,2026-01-24,0,0,0,0,0,0,0,0,0
58,2026-01-25,7,7,6,1,0,6,1,0,0
58,2026-01-26,5,12,3,2,1,1,1,1,1
58,2026-01-27,4,16,2,2,1,1,2,0,0
58,2026-01-28,5,21,4,1,0,2,1,2,0
58,2026-01-29,1,22,1,0,0,0,0,1,0
58,2026-01-30,3,25,2,1,2,0,1,0,0
58,2026-01-31,8,33,7,1,2,5,1,0,0
58,2026-02-01,5,38,4,1,2,2,1,0,0
58,2026-02-02,10,48,9,1,4,4,0,1,1
58,2026-02-03,8,56,5,3,2,3,1,0,2
58,2026-02-04,6,62,5,1,2,3,1,0,0
58,2026-02-05,7,69,6,1,1,5,1,0,0
58,2026-02-06,12,81,8,4,1,7,1,0,3
58,2026-02-07,10,91,9,1,2,7,1,0,0
58,2026-02-08,14,105,13,1,4,7,1,2,0
58,2026-02-09,8,113,7,1,2,5,1,0,0
58,2026-02-10,14,127,10,4,2,8,3,0,1
59,2026-01-14,0,0,0,0,0,0,0,0,0
59,2026-01-15,0,0,0,0,0,0,0,0,0
59,2026-01-16,0,0,0,0,0,0,0,0,0
59,2026-01-17,0,0,0,0,0,0,0,0,0
59,2026-01-18,0,0,0,0,0,0,0,0,0
59,2026-01-19,0,0,0,0,0,0,0,0,0
59,2026-01-20,0,0,0,0,0,0,0,0,0
59,2026-01-21,0,0,0,0,0,0,0,0,0
59,2026-01-22,0,0,0,0,0,0,0,0,0
59,2026-01-23,0,0,0,0,0,0,0,0,0
59,2026-01-24,0,0,0,0,0,0,0,0,0
59,2026-01-25,8,8,7,1,1,3,1,3,0
59,2026-01-26,5,13,4,1,1,3,0,0,1
59,2026-01-27,4,17,3,1,1,2,1,0,0
59,2026-01-28,4,21,3,1,1,2,1,0,0
59,2026-01-29,4,25,2,2,0,2,2,0,0
59,2026-01-30,4,29,4,0,2,2,0,0,0
59,2026-01-31,9,38,9,0,1,8,0,0,0
59,2026-02-01,4,42,4,0,1,3,0,0,0
59,2026-02-02,3,45,1,2,1,0,2,0,0
59,2026-02-03,7,52,4,3,2,2,3,0,0
59,2026-02-04,5,57,5,0,2,3,0,0,0
59,2026-02-05,7,64,6,1,1,5,1,0,0
59,2026-02-06,10,74,7,3,0,6,2,1,1
59,2026-02-07,10,84,10,0,3,6,0,1,0
59,2026-02-08,8,92,7,1,2,3,0,2,1
59,2026-02-09,5,97,5,0,2,3,0,0,0
59,2026-02-10,8,105,7,1,2,5,0,0,1
60,2026-01-14,0,0,0,0,0,0,0,0,0
60,2026-01-15,0,0,0,0,0,0,0,0,0
60,2026-01-16,0,0,0,0,0,0,0,0,0
60,2026-01-17,0,0,0,0,0,0,0,0,0
60,2026-01-18,0,0,0,0,0,0,0,0,0
60,2026-01-19,0,0,0,0,0,0,0,0,0
60,2026-01-20,0,0,0,0,0,0,0,0,0
60,2026-01-21,0,0,0,0,0,0,0,0,0
60,2026-01-22,0,0,0,0,0,0,0,0,0
60,2026-01-23,0,0,0,0,0,0,0,0,0
60,2026-01-24,0,0,0,0,0,0,0,0,0
60,2026-01-25,2,2,2,0,1,1,0,0,0
60,2026-01-26,4,6,4,0,1,3,0,0,0
60,2026-01-27,2,8,2,0,1,1,0,0,0
60,2026-01-28,4,12,4,0,3,1,0,0,0
60,2026-01-29,3,15,3,0,3,0,0,0,0
60,2026-01-30,6,21,4,2,2,2,0,0,2
60,2026-01-31,9,30,8,1,3,4,1,1,0
60,2026-02-01,3,33,3,0,3,0,0,0,0
60,2026-02-02,9,42,8,1,5,3,1,0,0
60,2026-02-03,6,48,5,1,0,5,1,0,0
60,2026-02-04,5,53,2,3,0,2,1,0,2
60,2026-02-05,1,54,1,0,0,0,0,1,0
60,2026-02-06,3,57,2,1,0,2,0,0,1
60,2026-02-07,10,67,8,2,2,4,2,2,0
60,2026-02-08,4,71,4,0,2,2,0,0,0
60,2026-02-09,6,77,4,2,1,3,1,0,1
60,2026-02-10,7,84,6,1,1,4,1,1,0
61,2026-01-14,0,0,0,0,0,0,0,0,0
61,2026-01-15,0,0,0,0,0,0,0,0,0
61,2026-01-16,0,0,0,0,0,0,0,0,0
61,2026-01-17,0,0,0,0,0,0,0,0,0
61,2026-01-18,0,0,0,0,0,0,0,0,0
61,2026-01-19,0,0,0,0,0,0,0,0,0
61,2026-01-20,0,0,0,0,0,0,0,0,0
61,2026-01-21,0,0,0,0,0,0,0,0,0
61,2026-01-22,0,0,0,0,0,0,0,0,0
61,2026-01-23,0,0,0,0,0,0,0,0,0
61,2026-01-24,0,0,0,0,0,0,0,0,0
61,2026-01-25,8,8,5,3,1,3,3,1,0
61,2026-01-26,7,15,6,1,3,2,1,1,0
61,2026-01-27,8,23,7,1,1,5,1,1,0
61,2026-01-28,8,31,7,1,3,3,1,1,0
61,2026-01-29,5,36,3,2,0,3,1,0,1
61,2026-01-30,11,47,9,2,2,7,2,0,0
61,2026-01-31,8,55,7,1,3,4,1,0,0
61,2026-02-01,10,65,8,2,2,5,1,1,1
61,2026-02-02,16,81,12,4,4,7,4,1,0
61,2026-02-03,11,92,7,4,5,1,3,1,1
61,2026-02-04,10,102,8,2,4,3,2,1,0
61,2026-02-05,14,116,10,4,4,5,3,1,1
61,2026-02-06,15,131,13,2,4,8,2,1,0
61,2026-02-07,13,144,7,6,1,6,5,0,1
61,2026-02-08,10,154,10,0,3,7,0,0,0
61,2026-02-09,16,170,10,6,4,6,4,0,2
61,2026-02-10,18,188,13,5,1,12,5,0,0
62,2026-01-14,0,0,0,0,0,0,0,0,0
62,2026-01-15,0,0,0,0,0,0,0,0,0
62,2026-01-16,0,0,0,0,0,0,0,0,0
62,2026-01-17,0,0,0,0,0,0,0,0,0
62,2026-01-18,0,0,0,0,0,0,0,0,0
62,2026-01-19,0,0,0,0,0,0,0,0,0
62,2026-01-20,0,0,0,0,0,0,0,0,0
62,2026-01-21,0,0,0,0,0,0,0,0,0
62,2026-01-22,0,0,0,0,0,0,0,0,0
62,2026-01-23,0,0,0,0,0,0,0,0,0
62,2026-01-24,0,0,0,0,0,0,0,0,0
62,2026-01-25,6,6,4,2,2,2,1,0,1
62,2026-01-26,0,6,0,0,0,0,0,0,0
62,2026-01-27,1,7,1,0,0,1,0,0,0
62,2026-01-28,3,10,3,0,0,3,0,0,0
62,2026-01-29,1,11,0,1,0,0,1,0,0
62,2026-01-30,1,12,1,0,0,1,0,0,0
62,2026-01-31,0,12,0,0,0,0,0,0,0
62,2026-02-01,3,15,3,0,0,3,0,0,0
62,2026-02-02,3,18,2,1,0,2,1,0,0
62,2026-02-03,2,20,2,0,0,1,0,1,0
62,2026-02-04,4,24,3,1,1,2,0,0,1
62,2026-02-05,4,28,3,1,1,2,1,0,0
62,2026-02-06,2,30,2,0,1,1,0,0,0
62,2026-02-07,1,31,1,0,1,0,0,0,0
62,2026-02-08,2,33,2,0,1,1,0,0,0
62,2026-02-09,3,36,1,2,0,1,2,0,0
62,2026-02-10,7,43,6,1,2,4,1,0,0
63,2026-01-14,0,0,0,0,0,0,0,0,0
63,2026-01-15,0,0,0,0,0,0,0,0,0
63,2026-01-16,0,0,0,0,0,0,0,0,0
63,2026-01-17,0,0,0,0,0,0,0,0,0
63,2026-01-18,0,0,0,0,0,0,0,0,0
63,2026-01-19,0,0,0,0,0,0,0,0,0
63,2026-01-20,0,0,0,0,0,0,0,0,0
63,2026-01-21,0,0,0,0,0,0,0,0,0
63,2026-01-22,0,0,0,0,0,0,0,0,0
63,2026-01-23,0,0,0,0,0,0,0,0,0
63,2026-01-24,0,0,0,0,0,0,0,0,0
63,2026-01-25,7,7,6,1,2,4,1,0,0
63,2026-01-26,3,10,3,0,0,2,0,1,0
63,2026-01-27,4,14,2,2,1,1,1,0,1
63,2026-01-28,6,20,3,3,0,2,2,1,1
63,2026-01-29,6,26,5,1,1,4,1,0,0
63,2026-01-30,9,35,8,1,1,6,1,1,0
63,2026-01-31,7,42,7,0,1,6,0,0,0
63,2026-02-01,9,51,7,2,1,6,2,0,0
63,2026-02-02,2,53,1,1,0,1,0,0,1
63,2026-02-03,7,60,7,0,1,5,0,1,0
63,2026-02-04,9,69,7,2,2,5,2,0,0
63,2026-02-05,9,78,8,1,2,5,1,1,0
63,2026-02-06,10,88,9,1,4,4,1,1,0
63,2026-02-07,12,100,11,1,3,6,1,2,0
63,2026-02-08,9,109,8,1,3,5,0,0,1
63,2026-02-09,9,118,7,2,2,4,2,1,0
63,2026-02-10,16,134,12,4,5,6,3,1,1
64,2026-01-14,0,0,0,0,0,0,0,0,0
64,2026-01-15,0,0,0,0,0,0,0,0,0
64,2026-01-16,0,0,0,0,0,0,0,0,0
64,2026-01-17,0,0,0,0,0,0,0,0,0
64,2026-01-18,0,0,0,0,0,0,0,0,0
64,2026-01-19,0,0,0,0,0,0,0,0,0
64,2026-01-20,0,0,0,0,0,0,0,0,0
64,2026-01-21,0,0,0,0,0,0,0,0,0
64,2026-01-22,0,0,0,0,0,0,0,0,0
64,2026-01-23,0,0,0,0,0,0,0,0,0
64,2026-01-24,0,0,0,0,0,0,0,0,0
64,2026-01-25,6,6,5,1,1,2,1,2,0
64,2026-01-26,2,8,2,0,1,0,0,1,0
64,2026-01-27,5,13,3,2,1,2,1,0,1
64,2026-01-28,4,17,4,0,1,3,0,0,0
64,2026-01-29,3,20,2,1,2,0,1,0,0
64,2026-01-30,4,24,4,0,0,4,0,0,0
64,2026-01-31,6,30,4,2,0,3,1,1,1
64,2026-02-01,4,34,2,2,1,0,2,1,0
64,2026-02-02,11,45,11,0,2,8,0,1,0
64,2026-02-03,6,51,5,1,1,3,1,1,0
64,2026-02-04,7,58,5,2,1,4,2,0,0
64,2026-02-05,9,67,6,3,1,3,2,2,1
64,2026-02-06,4,71,2,2,0,2,1,0,1
64,2026-02-07,7,78,4,3,1,3,1,0,2
64,2026-02-08,15,93,10,5,4,6,2,0,3
64,2026-02-09,8,101,6,2,1,4,1,1,1
64,2026-02-10,12,113,11,1,3,7,1,1,0
65,2026-01-14,0,0,0,0,0,0,0,0,0
65,2026-01-15,0,0,0,0,0,0,0,0,0
65,2026-01-16,0,0,0,0,0,0,0,0,0
65,2026-01-17,0,0,0,0,0,0,0,0,0
65,2026-01-18,0,0,0,0,0,0,0,0,0
65,2026-01-19,0,0,0,0,0,0,0,0,0
65,2026-01-20,0,0,0,0,0,0,0,0,0
65,2026-01-21,0,0,0,0,0,0,0,0,0
65,2026-01-22,0,0,0,0,0,0,0,0,0
65,2026-01-23,0,0,0,0,0,0,0,0,0
65,2026-01-24,0,0,0,0,0,0,0,0,0
65,2026-01-25,4,4,3,1,2,1,1,0,0
65,2026-01-26,2,6,1,1,0,1,1,0,0
65,2026-01-27,2,8,2,0,1,1,0,0,0
65,2026-01-28,4,12,4,0,1,3,0,0,0
65,2026-01-29,4,16,4,0,2,2,0,0,0
65,2026-01-30,4,20,2,2,1,1,0,0,2
65,2026-01-31,4,24,3,1,0,3,1,0,0
65,2026-02-01,4,28,3,1,1,2,1,0,0
65,2026-02-02,3,31,2,1,2,0,1,0,0
65,2026-02-03,5,36,5,0,3,2,0,0,0
65,2026-02-04,7,43,2,5,0,1,5,1,0
65,2026-02-05,4,47,2,2,1,1,2,0,0
65,2026-02-06,4,51,4,0,2,2,0,0,0
65,2026-02-07,3,54,3,0,1,1,0,1,0
65,2026-02-08,4,58,2,2,0,1,0,1,2
65,2026-02-09,8,66,5,3,3,2,3,0,0
65,2026-02-10,3,69,3,0,1,2,0,0,0
66,2026-01-14,0,0,0,0,0,0,0,0,0
66,2026-01-15,0,0,0,0,0,0,0,0,0
66,2026-01-16,0,0,0,0,0,0,0,0,0
66,2026-01-17,0,0,0,0,0,0,0,0,0
66,2026-01-18,0,0,0,0,0,0,0,0,0
66,2026-01-19,0,0,0,0,0,0,0,0,0
66,2026-01-20,0,0,0,0,0,0,0,0,0
66,2026-01-21,0,0,0,0,0,0,0,0,0
66,2026-01-22,0,0,0,0,0,0,0,0,0
66,2026-01-23,0,0,0,0,0,0,0,0,0
66,2026-01-24,0,0,0,0,0,0,0,0,0
66,2026-01-25,8,8,6,2,1,2,2,3,0
66,2026-01-26,4,12,4,0,1,3,0,0,0
66,2026-01-27,3,15,2,1,0,1,1,1,0
66,2026-01-28,4,19,3,1,2,1,1,0,0
66,2026-01-29,9,28,6,3,1,5,2,0,1
66,2026-01-30,8,36,6,2,4,1,2,1,0
66,2026-01-31,4,40,3,1,2,0,1,1,0
66,2026-02-01,8,48,5,3,0,4,3,1,0
66,2026-02-02,5,53,5,0,2,3,0,0,0
66,2026-02-03,14,67,11,3,1,10,2,0,1
66,2026-02-04,5,72,4,1,1,3,1,0,0
66,2026-02-05,14,86,11,3,2,9,2,0,1
66,2026-02-06,12,98,10,2,4,5,0,1,2
66,2026-02-07,14,112,9,5,3,4,4,2,1
66,2026-02-08,14,126,10,4,3,6,4,1,0
66,2026-02-09,14,140,10,4,4,6,2,0,2
66,2026-02-10,11,151,9,2,4,3,2,2,0
67,2026-01-14,0,0,0,0,0,0,0,0,0
67,2026-01-15,0,0,0,0,0,0,0,0,0
67,2026-01-16,0,0,0,0,0,0,0,0,0
67,2026-01-17,0,0,0,0,0,0,0,0,0
67,2026-01-18,0,0,0,0,0,0,0,0,0
67,2026-01-19,0,0,0,0,0,0,0,0,0
67,2026-01-20,0,0,0,0,0,0,0,0,0
67,2026-01-21,0,0,0,0,0,0,0,0,0
67,2026-01-22,0,0,0,0,0,0,0,0,0
67,2026-01-23,0,0,0,0,0,0,0,0,0
67,2026-01-24,0,0,0,0,0,0,0,0,0
67,2026-01-25,9,9,6,3,3,3,2,0,1
67,2026-01-26,4,13,3,1,2,1,1,0,0
67,2026-01-27,3,16,3,0,1,2,0,0,0
67,2026-01-28,5,21,2,3,0,2,3,0,0
67,2026-01-29,2,23,1,1,0,1,1,0,0
67,2026-01-30,7,30,4,3,2,2,3,0,0
67,2026-01-31,7,37,5,2,4,1,1,0,1
67,2026-02-01,8,45,7,1,2,3,0,2,1
67,2026-02-02,3,48,1,2,0,1,2,0,0
67,2026-02-03,6,54,3,3,0,3,3,0,0
67,2026-02-04,5,59,4,1,2,2,1,0,0
67,2026-02-05,6,65,6,0,2,3,0,1,0
67,2026-02-06,5,70,4,1,2,2,0,0,1
67,2026-02-07,9,79,7,2,3,2,1,2,1
67,2026-02-08,10,89,8,2,2,5,2,1,0
67,2026-02-09,10,99,10,0,2,8,0,0,0
67,2026-02-10,9,108,7,2,2,3,1,2,1
68,2026-01-14,0,0,0,0,0,0,0,0,0
68,2026-01-15,0,0,0,0,0,0,0,0,0
68,2026-01-16,0,0,0,0,0,0,0,0,0
68,2026-01-17,0,0,0,0,0,0,0,0,0
68,2026-01-18,0,0,0,0,0,0,0,0,0
68,2026-01-19,0,0,0,0,0,0,0,0,0
68,2026-01-20,0,0,0,0,0,0,0,0,0
68,2026-01-21,0,0,0,0,0,0,0,0,0
68,2026-01-22,0,0,0,0,0,0,0,0,0
68,2026-01-23,0,0,0,0,0,0,0,0,0
68,2026-01-24,0,0,0,0,0,0,0,0,0
68,2026-01-25,9,9,7,2,3,3,2,1,0
68,2026-01-26,4,13,3,1,0,3,1,0,0
68,2026-01-27,1,14,1,0,1,0,0,0,0
68,2026-01-28,6,20,4,2,1,2,1,1,1
68,2026-01-29,1,21,1,0,0,1,0,0,0
68,2026-01-30,3,24,2,1,1,1,1,0,0
68,2026-01-31,1,25,1,0,0,1,0,0,0
68,2026-02-01,4,29,3,1,0,3,1,0,0
68,2026-02-02,6,35,3,3,0,3,1,0,2
68,2026-02-03,2,37,1,1,0,1,1,0,0
68,2026-02-04,6,43,6,0,0,6,0,0,0
68,2026-02-05,9,52,8,1,0,8,0,0,1
68,2026-02-06,6,58,4,2,3,1,1,0,1
68,2026-02-07,7,65,7,0,4,2,0,1,0
68,2026-02-08,2,67,2,0,1,1,0,0,0
68,2026-02-09,10,77,8,2,3,3,1,2,1
68,2026-02-10,7,84,5,2,2,3,1,0,1
69,2026-01-14,0,0,0,0,0,0,0,0,0
69,2026-01-15,0,0,0,0,0,0,0,0,0
69,2026-01-16,0,0,0,0,0,0,0,0,0
69,2026-01-17,0,0,0,0,0,0,0,0,0
69,2026-01-18,0,0,0,0,0,0,0,0,0
69,2026-01-19,0,0,0,0,0,0,0,0,0
69,2026-01-20,0,0,0,0,0,0,0,0,0
69,2026-01-21,0,0,0,0,0,0,0,0,0
69,2026-01-22,0,0,0,0,0,0,0,0,0
69,2026-01-23,0,0,0,0,0,0,0,0,0
69,2026-01-24,0,0,0,0,0,0,0,0,0
69,2026-01-25,4,4,4,0,1,3,0,0,0
69,2026-01-26,5,9,4,1,2,1,1,1,0
69,2026-01-27,3,12,2,1,1,1,1,0,0
69,2026-01-28,5,17,5,0,2,2,0,1,0
69,2026-01-29,8,25,6,2,4,1,2,1,0
69,2026-01-30,5,30,5,0,2,2,0,1,0
69,2026-01-31,2,32,2,0,1,1,0,0,0
69,2026-02-01,7,39,6,1,3,3,1,0,0
69,2026-02-02,6,45,6,0,2,2,0,2,0
69,2026-02-03,6,51,3,3,1,2,2,0,1
69,2026-02-04,3,54,3,0,1,2,0,0,0
69,2026-02-05,6,60,4,2,1,3,0,0,2
69,2026-02-06,16,76,14,2,6,7,1,1,1
69,2026-02-07,9,85,9,0,3,4,0,2,0
69,2026-02-08,8,93,7,1,1,5,1,1,0
69,2026-02-09,14,107,13,1,0,10,0,3,1
69,2026-02-10,12,119,11,1,3,8,1,0,0
70,2026-01-14,0,0,0,0,0,0,0,0,0
70,2026-01-15,0,0,0,0,0,0,0,0,0
70,2026-01-16,0,0,0,0,0,0,0,0,0
70,2026-01-17,0,0,0,0,0,0,0,0,0
70,2026-01-18,0,0,0,0,0,0,0,0,0
70,2026-01-19,0,0,0,0,0,0,0,0,0
70,2026-01-20,0,0,0,0,0,0,0,0,0
70,2026-01-21,0,0,0,0,0,0,0,0,0
70,2026-01-22,0,0,0,0,0,0,0,0,0
70,2026-01-23,0,0,0,0,0,0,0,0,0
70,2026-01-24,0,0,0,0,0,0,0,0,0
70,2026-01-25,4,4,4,0,3,1,0,0,0
70,2026-01-26,4,8,3,1,1,2,1,0,0
70,2026-01-27,5,13,4,1,2,0,0,2,1
70,2026-01-28,6,19,5,1,1,3,0,1,1
70,2026-01-29,6,25,5,1,0,5,0,0,1
70,2026-01-30,5,30,5,0,2,2,0,1,0
70,2026-01-31,9,39,7,2,3,4,1,0,1
70,2026-02-01,2,41,1,1,1,0,1,0,0
70,2026-02-02,6,47,4,2,2,2,1,0,1
70,2026-02-03,5,52,4,1,0,4,1,0,0
70,2026-02-04,10,62,4,6,1,3,4,0,2
70,2026-02-05,10,72,6,4,1,5,4,0,0
70,2026-02-06,12,84,11,1,1,10,0,0,1
70,2026-02-07,13,97,9,4,3,5,4,1,0
70,2026-02-08,7,104,4,3,0,4,3,0,0
70,2026-02-09,9,113,5,4,1,1,3,3,1
70,2026-02-10,10,123,7,3,1,5,3,1,0
71,2026-01-14,0,0,0,0,0,0,0,0,0
71,2026-01-15,0,0,0,0,0,0,0,0,0
71,2026-01-16,0,0,0,0,0,0,0,0,0
71,2026-01-17,0,0,0,0,0,0,0,0,0
71,2026-01-18,0,0,0,0,0,0,0,0,0
71,2026-01-19,0,0,0,0,0,0,0,0,0
71,2026-01-20,0,0,0,0,0,0,0,0,0
71,2026-01-21,0,0,0,0,0,0,0,0,0
71,2026-01-22,0,0,0,0,0,0,0,0,0
71,2026-01-23,0,0,0,0,0,0,0,0,0
71,2026-01-24,0,0,0,0,0,0,0,0,0
71,2026-01-25,7,7,4,3,0,4,2,0,1
71,2026-01-26,9,16,8,1,2,5,0,1,1
71,2026-01-27,3,19,3,0,0,3,0,0,0
71,2026-01-28,11,30,10,1,2,6,1,2,0
71,2026-01-29,0,30,0,0,0,0,0,0,0
71,2026-01-30,5,35,5,0,1,4,0,0,0
71,2026-01-31,11,46,9,2,5,0,2,4,0
71,2026-02-01,5,51,5,0,2,2,0,1,0
71,2026-02-02,3,54,3,0,3,0,0,0,0
71,2026-02-03,6,60,6,0,1,5,0,0,0
71,2026-02-04,6,66,6,0,1,4,0,1,0
71,2026-02-05,13,79,11,2,5,4,2,2,0
71,2026-02-06,7,86,5,2,1,4,2,0,0
71,2026-02-07,6,92,6,0,1,5,0,0,0
71,2026-02-08,14,106,11,3,2,5,1,4,2
71,2026-02-09,7,113,5,2,2,3,1,0,1
71,2026-02-10,17,130,15,2,5,10,1,0,1
72,2026-01-14,0,0,0,0,0,0,0,0,0
72,2026-01-15,0,0,0,0,0,0,0,0,0
72,2026-01-16,0,0,0,0,0,0,0,0,0
72,2026-01-17,0,0,0,0,0,0,0,0,0
72,2026-01-18,0,0,0,0,0,0,0,0,0
72,2026-01-19,0,0,0,0,0,0,0,0,0
72,2026-01-20,0,0,0,0,0,0,0,0,0
72,2026-01-21,0,0,0,0,0,0,0,0,0
72,2026-01-22,0,0,0,0,0,0,0,0,0
72,2026-01-23,0,0,0,0,0,0,0,0,0
72,2026-01-24,0,0,0,0,0,0,0,0,0
72,2026-01-25,7,7,5,2,3,2,1,0,1
72,2026-01-26,3,10,3,0,1,2,0,0,0
72,2026-01-27,5,15,2,3,0,2,3,0,0
72,2026-01-28,1,16,1,0,0,1,0,0,0
72,2026-01-29,3,19,3,0,2,1,0,0,0
72,2026-01-30,3,22,2,1,0,1,1,1,0
72,2026-01-31,3,25,3,0,3,0,0,0,0
72,2026-02-01,5,30,5,0,2,2,0,1,0
72,2026-02-02,3,33,2,1,0,2,1,0,0
72,2026-02-03,2,35,2,0,0,1,0,1,0
72,2026-02-04,3,38,2,1,1,1,1,0,0
72,2026-02-05,3,41,2,1,0,2,0,0,1
72,2026-02-06,7,48,7,0,2,2,0,3,0
72,2026-02-07,6,54,5,1,0,5,1,0,0
72,2026-02-08,4,58,4,0,0,3,0,1,0
72,2026-02-09,5,63,5,0,1,3,0,1,0
72,2026-02-10,2,65,2,0,0,2,0,0,0
73,2026-01-14,0,0,0,0,0,0,0,0,0
73,2026-01-15,0,0,0,0,0,0,0,0,0
73,2026-01-16,0,0,0,0,0,0,0,0,0
73,2026-01-17,0,0,0,0,0,0,0,0,0
73,2026-01-18,0,0,0,0,0,0,0,0,0
73,2026-01-19,0,0,0,0,0,0,0,0,0
73,2026-01-20,0,0,0,0,0,0,0,0,0
73,2026-01-21,0,0,0,0,0,0,0,0,0
73,2026-01-22,0,0,0,0,0,0,0,0,0
73,2026-01-23,0,0,0,0,0,0,0,0,0
73,2026-01-24,0,0,0,0,0,0,0,0,0
73,2026-01-25,9,9,7,2,1,6,2,0,0
73,2026-01-26,1,10,1,0,0,0,0,1,0
73,2026-01-27,2,12,2,0,2,0,0,0,0
73,2026-01-28,2,14,2,0,1,0,0,1,0
73,2026-01-29,4,18,2,2,0,2,1,0,1
73,2026-01-30,3,21,3,0,0,3,0,0,0
73,2026-01-31,2,23,2,0,1,1,0,0,0
73,2026-02-01,0,23,0,0,0,0,0,0,0
73,2026-02-02,3,26,2,1,1,1,1,0,0
73,2026-02-03,4,30,4,0,1,3,0,0,0
73,2026-02-04,4,34,3,1,0,3,0,0,1
73,2026-02-05,1,35,1,0,1,0,0,0,0
73,2026-02-06,5,40,4,1,1,3,1,0,0
73,2026-02-07,4,44,3,1,0,3,1,0,0
73,2026-02-08,9,53,7,2,1,5,2,1,0
73,2026-02-09,1,54,0,1,0,0,1,0,0
73,2026-02-10,10,64,8,2,2,5,2,1,0
74,2026-01-14,0,0,0,0,0,0,0,0,0
74,2026-01-15,0,0,0,0,0,0,0,0,0
74,2026-01-16,0,0,0,0,0,0,0,0,0
74,2026-01-17,0,0,0,0,0,0,0,0,0
74,2026-01-18,0,0,0,0,0,0,0,0,0
74,2026-01-19,0,0,0,0,0,0,0,0,0
74,2026-01-20,0,0,0,0,0,0,0,0,0
74,2026-01-21,0,0,0,0,0,0,0,0,0
74,2026-01-22,0,0,0,0,0,0,0,0,0
74,2026-01-23,0,0,0,0,0,0,0,0,0
74,2026-01-24,0,0,0,0,0,0,0,0,0
74,2026-01-25,6,6,4,2,1,3,1,0,1
74,2026-01-26,3,9,3,0,0,3,0,0,0
74,2026-01-27,4,13,2,2,0,2,1,0,1
74,2026-01-28,5,18,5,0,0,5,0,0,0
74,2026-01-29,5,23,4,1,0,3,1,1,0
74,2026-01-30,7,30,7,0,3,3,0,1,0
74,2026-01-31,5,35,5,0,1,4,0,0,0
74,2026-02-01,12,47,8,4,2,5,3,1,1
74,2026-02-02,4,51,3,1,2,1,0,0,1
74,2026-02-03,6,57,5,1,3,1,1,1,0
74,2026-02-04,6,63,5,1,3,2,0,0,1
74,2026-02-05,7,70,6,1,1,3,0,2,1
74,2026-02-06,8,78,8,0,3,5,0,0,0
74,2026-02-07,11,89,9,2,3,5,2,1,0
74,2026-02-08,9,98,8,1,4,4,0,0,1
74,2026-02-09,14,112,9,5,1,7,3,1,2
74,2026-02-10,11,123,10,1,4,4,1,2,0
75,2026-01-14,0,0,0,0,0,0,0,0,0
75,2026-01-15,0,0,0,0,0,0,0,0,0
75,2026-01-16,0,0,0,0,0,0,0,0,0
75,2026-01-17,0,0,0,0,0,0,0,0,0
75,2026-01-18,0,0,0,0,0,0,0,0,0
75,2026-01-19,0,0,0,0,0,0,0,0,0
75,2026-01-20,0,0,0,0,0,0,0,0,0
75,2026-01-21,0,0,0,0,0,0,0,0,0
75,2026-01-22,0,0,0,0,0,0,0,0,0
75,2026-01-23,0,0,0,0,0,0,0,0,0
75,2026-01-24,0,0,0,0,0,0,0,0,0
75,2026-01-25,10,10,10,0,3,6,0,1,0
75,2026-01-26,8,18,3,5,0,3,4,0,1
75,2026-01-27,6,24,6,0,0,5,0,1,0
75,2026-01-28,4,28,2,2,1,1,2,0,0
75,2026-01-29,3,31,1,2,0,0,2,1,0
75,2026-01-30,11,42,8,3,3,5,2,0,1
75,2026-01-31,8,50,5,3,0,3,3,2,0
75,2026-02-01,7,57,3,4,0,3,2,0,2
75,2026-02-02,12,69,8,4,3,3,4,2,0
75,2026-02-03,16,85,14,2,3,10,2,1,0
75,2026-02-04,15,100,12,3,6,6,0,0,3
75,2026-02-05,16,116,10,6,2,8,5,0,1
75,2026-02-06,11,127,6,5,3,3,3,0,2
75,2026-02-07,10,137,8,2,3,4,2,1,0
75,2026-02-08,15,152,9,6,2,7,4,0,2
75,2026-02-09,22,174,18,4,6,10,4,2,0
75,2026-02-10,16,190,15,1,4,9,1,2,0
76,2026-01-14,0,0,0,0,0,0,0,0,0
76,2026-01-15,0,0,0,0,0,0,0,0,0
76,2026-01-16,0,0,0,0,0,0,0,0,0
76,2026-01-17,0,0,0,0,0,0,0,0,0
76,2026-01-18,0,0,0,0,0,0,0,0,0
76,2026-01-19,0,0,0,0,0,0,0,0,0
76,2026-01-20,0,0,0,0,0,0,0,0,0
76,2026-01-21,0,0,0,0,0,0,0,0,0
76,2026-01-22,0,0,0,0,0,0,0,0,0
76,2026-01-23,0,0,0,0,0,0,0,0,0
76,2026-01-24,0,0,0,0,0,0,0,0,0
76,2026-01-25,10,10,7,3,2,4,2,1,1
76,2026-01-26,5,15,4,1,0,4,1,0,0
76,2026-01-27,4,19,2,2,1,1,2,0,0
76,2026-01-28,3,22,3,0,1,2,0,0,0
76,2026-01-29,2,24,2,0,0,2,0,0,0
76,2026-01-30,5,29,4,1,3,1,1,0,0
76,2026-01-31,7,36,5,2,0,5,2,0,0
76,2026-02-01,6,42,6,0,2,4,0,0,0
76,2026-02-02,7,49,6,1,1,5,1,0,0
76,2026-02-03,4,53,3,1,1,2,1,0,0
76,2026-02-04,3,56,3,0,0,3,0,0,0
76,2026-02-05,6,62,4,2,1,1,2,2,0
76,2026-02-06,8,70,7,1,3,4,0,0,1
76,2026-02-07,8,78,7,1,1,5,1,1,0
76,2026-02-08,6,84,6,0,1,4,0,1,0
76,2026-02-09,5,89,5,0,2,2,0,1,0
76,2026-02-10,5,94,5,0,4,1,0,0,0
77,2026-01-14,0,0,0,0,0,0,0,0,0
77,2026-01-15,0,0,0,0,0,0,0,0,0
77,2026-01-16,0,0,0,0,0,0,0,0,0
77,2026-01-17,0,0,0,0,0,0,0,0,0
77,2026-01-18,0,0,0,0,0,0,0,0,0
77,2026-01-19,0,0,0,0,0,0,0,0,0
77,2026-01-20,0,0,0,0,0,0,0,0,0
77,2026-01-21,0,0,0,0,0,0,0,0,0
77,2026-01-22,0,0,0,0,0,0,0,0,0
77,2026-01-23,0,0,0,0,0,0,0,0,0
77,2026-01-24,0,0,0,0,0,0,0,0,0
77,2026-01-25,6,6,5,1,0,4,1,1,0
77,2026-01-26,6,12,5,1,1,4,1,0,0
77,2026-01-27,4,16,4,0,0,3,0,1,0
77,2026-01-28,4,20,4,0,2,2,0,0,0
77,2026-01-29,4,24,4,0,0,4,0,0,0
77,2026-01-30,5,29,2,3,0,0,2,2,1
77,2026-01-31,6,35,4,2,1,3,2,0,0
77,2026-02-01,8,43,8,0,1,5,0,2,0
77,2026-02-02,2,45,1,1,0,1,1,0,0
77,2026-02-03,4,49,3,1,0,2,0,1,1
77,2026-02-04,2,51,1,1,0,1,1,0,0
77,2026-02-05,2,53,2,0,1,0,0,1,0
77,2026-02-06,6,59,6,0,3,3,0,0,0
77,2026-02-07,5,64,3,2,0,2,1,1,1
77,2026-02-08,5,69,5,0,2,3,0,0,0
77,2026-02-09,2,71,1,1,0,1,0,0,1
77,2026-02-10,4,75,4,0,1,3,0,0,0
78,2026-01-14,0,0,0,0,0,0,0,0,0
78,2026-01-15,0,0,0,0,0,0,0,0,0
78,2026-01-16,0,0,0,0,0,0,0,0,0
78,2026-01-17,0,0,0,0,0,0,0,0,0
78,2026-01-18,0,0,0,0,0,0,0,0,0
78,2026-01-19,0,0,0,0,0,0,0,0,0
78,2026-01-20,0,0,0,0,0,0,0,0,0
78,2026-01-21,0,0,0,0,0,0,0,0,0
78,2026-01-22,0,0,0,0,0,0,0,0,0
78,2026-01-23,0,0,0,0,0,0,0,0,0
78,2026-01-24,0,0,0,0,0,0,0,0,0
78,2026-01-25,10,10,8,2,2,5,1,1,1
78,2026-01-26,6,16,4,2,0,2,2,2,0
78,2026-01-27,5,21,4,1,0,4,1,0,0
78,2026-01-28,5,26,5,0,3,2,0,0,0
78,2026-01-29,3,29,2,1,2,0,0,0,1
78,2026-01-30,7,36,6,1,3,3,1,0,0
78,2026-01-31,4,40,4,0,1,2,0,1,0
78,2026-02-01,11,51,10,1,1,8,1,1,0
78,2026-02-02,6,57,5,1,2,3,1,0,0
78,2026-02-03,8,65,7,1,1,6,1,0,0
78,2026-02-04,8,73,6,2,0,5,2,1,0
78,2026-02-05,10,83,5,5,3,2,5,0,0
78,2026-02-06,6,89,4,2,2,1,2,1,0
78,2026-02-07,9,98,9,0,4,5,0,0,0
78,2026-02-08,7,105,7,0,0,6,0,1,0
78,2026-02-09,6,111,4,2,1,3,1,0,1
78,2026-02-10,9,120,9,0,2,7,0,0,0
79,2026-01-14,0,0,0,0,0,0,0,0,0
79,2026-01-15,0,0,0,0,0,0,0,0,0
79,2026-01-16,0,0,0,0,0,0,0,0,0
79,2026-01-17,0,0,0,0,0,0,0,0,0
79,2026-01-18,0,0,0,0,0,0,0,0,0
79,2026-01-19,0,0,0,0,0,0,0,0,0
79,2026-01-20,0,0,0,0,0,0,0,0,0
79,2026-01-21,0,0,0,0,0,0,0,0,0
79,2026-01-22,0,0,0,0,0,0,0,0,0
79,2026-01-23,0,0,0,0,0,0,0,0,0
79,2026-01-24,0,0,0,0,0,0,0,0,0
79,2026-01-25,9,9,7,2,2,5,2,0,0
79,2026-01-26,6,15,6,0,2,3,0,1,0
79,2026-01-27,6,21,6,0,0,3,0,3,0
79,2026-01-28,5,26,3,2,1,2,2,0,0
79,2026-01-29,7,33,7,0,1,6,0,0,0
79,2026-01-30,4,37,3,1,3,0,1,0,0
79,2026-01-31,11,48,9,2,0,8,1,1,1
79,2026-02-01,1,49,1,0,0,1,0,0,0
79,2026-02-02,5,54,5,0,2,3,0,0,0
79,2026-02-03,9,63,8,1,2,5,1,1,0
79,2026-02-04,7,70,6,1,3,3,1,0,0
79,2026-02-05,9,79,7,2,2,5,2,0,0
79,2026-02-06,9,88,8,1,2,3,0,3,1
79,2026-02-07,7,95,6,1,3,2,1,1,0
79,2026-02-08,8,103,5,3,3,2,3,0,0
79,2026-02-09,19,122,15,4,6,8,4,1,0
79,2026-02-10,7,129,4,3,1,3,3,0,0
80,2026-01-14,0,0,0,0,0,0,0,0,0
80,2026-01-15,0,0,0,0,0,0,0,0,0
80,2026-01-16,0,0,0,0,0,0,0,0,0
80,2026-01-17,0,0,0,0,0,0,0,0,0
80,2026-01-18,0,0,0,0,0,0,0,0,0
80,2026-01-19,0,0,0,0,0,0,0,0,0
80,2026-01-20,0,0,0,0,0,0,0,0,0
80,2026-01-21,0,0,0,0,0,0,0,0,0
80,2026-01-22,0,0,0,0,0,0,0,0,0
80,2026-01-23,0,0,0,0,0,0,0,0,0
80,2026-01-24,0,0,0,0,0,0,0,0,0
80,2026-01-25,7,7,6,1,3,3,1,0,0
80,2026-01-26,5,12,3,2,1,2,1,0,1
80,2026-01-27,7,19,6,1,3,3,0,0,1
80,2026-01-28,2,21,1,1,0,1,1,0,0
80,2026-01-29,9,30,6,3,4,1,2,1,1
80,2026-01-30,6,36,5,1,1,4,1,0,0
80,2026-01-31,9,45,9,0,1,8,0,0,0
80,2026-02-01,9,54,7,2,2,4,0,1,2
80,2026-02-02,7,61,5,2,1,4,2,0,0
80,2026-02-03,12,73,7,5,1,6,5,0,0
80,2026-02-04,9,82,6,3,3,3,1,0,2
80,2026-02-05,15,97,11,4,5,5,4,1,0
80,2026-02-06,20,117,12,8,1,10,5,1,3
80,2026-02-07,15,132,9,6,4,3,5,2,1
80,2026-02-08,13,145,11,2,2,8,1,1,1
80,2026-02-09,13,158,10,3,5,3,1,2,2
80,2026-02-10,21,179,15,6,6,8,3,1,3
81,2026-01-14,0,0,0,0,0,0,0,0,0
81,2026-01-15,0,0,0,0,0,0,0,0,0
81,2026-01-16,0,0,0,0,0,0,0,0,0
81,2026-01-17,0,0,0,0,0,0,0,0,0
81,2026-01-18,0,0,0,0,0,0,0,0,0
81,2026-01-19,0,0,0,0,0,0,0,0,0
81,2026-01-20,0,0,0,0,0,0,0,0,0
81,2026-01-21,0,0,0,0,0,0,0,0,0
81,2026-01-22,0,0,0,0,0,0,0,0,0
81,2026-01-23,0,0,0,0,0,0,0,0,0
81,2026-01-24,0,0,0,0,0,0,0,0,0
81,2026-01-25,3,3,1,2,0,1,2,0,0
81,2026-01-26,5,8,4,1,2,2,1,0,0
81,2026-01-27,1,9,1,0,0,1,0,0,0
81,2026-01-28,3,12,3,0,2,0,0,1,0
81,2026-01-29,1,13,1,0,0,1,0,0,0
81,2026-01-30,5,18,4,1,1,3,1,0,0
81,2026-01-31,3,21,3,0,1,1,0,1,0
81,2026-02-01,3,24,3,0,0,3,0,0,0
81,2026-02-02,7,31,5,2,1,4,2,0,0
81,2026-02-03,8,39,8,0,2,5,0,1,0
81,2026-02-04,4,43,2,2,0,1,2,1,0
81,2026-02-05,3,46,3,0,1,2,0,0,0
81,2026-02-06,2,48,1,1,0,1,1,0,0
81,2026-02-07,12,60,8,4,1,5,4,2,0
81,2026-02-08,4,64,4,0,1,3,0,0,0
81,2026-02-09,3,67,3,0,2,1,0,0,0
81,2026-02-10,10,77,8,2,3,5,1,0,1
82,2026-01-14,0,0,0,0,0,0,0,0,0
82,2026-01-15,0,0,0,0,0,0,0,0,0
82,2026-01-16,0,0,0,0,0,0,0,0,0
82,2026-01-17,0,0,0,0,0,0,0,0,0
82,2026-01-18,0,0,0,0,0,0,0,0,0
82,2026-01-19,0,0,0,0,0,0,0,0,0
82,2026-01-20,0,0,0,0,0,0,0,0,0
82,2026-01-21,0,0,0,0,0,0,0,0,0
82,2026-01-22,0,0,0,0,0,0,0,0,0
82,2026-01-23,0,0,0,0,0,0,0,0,0
82,2026-01-24,0,0,0,0,0,0,0,0,0
82,2026-01-25,7,7,6,1,0,5,0,1,1
82,2026-01-26,2,9,1,1,1,0,1,0,0
82,2026-01-27,5,14,4,1,2,2,0,0,1
82,2026-01-28,5,19,5,0,4,1,0,0,0
82,2026-01-29,3,22,3,0,1,2,0,0,0
82,2026-01-30,1,23,1,0,0,1,0,0,0
82,2026-01-31,4,27,2,2,1,1,2,0,0
82,2026-02-01,5,32,5,0,0,4,0,1,0
82,2026-02-02,4,36,4,0,3,0,0,1,0
82,2026-02-03,6,42,5,1,1,3,1,1,0
82,2026-02-04,4,46,2,2,0,2,1,0,1
82,2026-02-05,4,50,3,1,2,1,1,0,0
82,2026-02-06,3,53,2,1,0,1,0,1,1
82,2026-02-07,5,58,2,3,1,1,3,0,0
82,2026-02-08,2,60,2,0,0,2,0,0,0
82,2026-02-09,6,66,6,0,1,5,0,0,0
82,2026-02-10,4,70,3,1,2,1,1,0,0
83,2026-01-14,0,0,0,0,0,0,0,0,0
83,2026-01-15,0,0,0,0,0,0,0,0,0
83,2026-01-16,0,0,0,0,0,0,0,0,0
83,2026-01-17,0,0,0,0,0,0,0,0,0
83,2026-01-18,0,0,0,0,0,0,0,0,0
83,2026-01-19,0,0,0,0,0,0,0,0,0
83,2026-01-20,0,0,0,0,0,0,0,0,0
83,2026-01-21,0,0,0,0,0,0,0,0,0
83,2026-01-22,0,0,0,0,0,0,0,0,0
83,2026-01-23,0,0,0,0,0,0,0,0,0
83,2026-01-24,0,0,0,0,0,0,0,0,0
83,2026-01-25,2,2,1,1,1,0,1,0,0
83,2026-01-26,7,9,7,0,2,5,0,0,0
83,2026-01-27,1,10,1,0,0,1,0,0,0
83,2026-01-28,2,12,2,0,0,2,0,0,0
83,2026-01-29,5,17,4,1,0,3,1,1,0
83,2026-01-30,4,21,4,0,3,0,0,1,0
83,2026-01-31,1,22,1,0,1,0,0,0,0
83,2026-02-01,5,27,4,1,3,1,1,0,0
83,2026-02-02,2,29,2,0,0,2,0,0,0
83,2026-02-03,4,33,4,0,2,2,0,0,0
83,2026-02-04,7,40,7,0,2,5,0,0,0
83,2026-02-05,6,46,4,2,2,2,2,0,0
83,2026-02-06,6,52,5,1,2,3,0,0,1
83,2026-02-07,6,58,4,2,2,1,2,1,0
83,2026-02-08,5,63,3,2,0,2,0,1,2
83,2026-02-09,6,69,3,3,0,2,2,1,1
83,2026-02-10,6,75,5,1,0,4,0,1,1
84,2026-01-14,0,0,0,0,0,0,0,0,0
84,2026-01-15,0,0,0,0,0,0,0,0,0
84,2026-01-16,0,0,0,0,0,0,0,0,0
84,2026-01-17,0,0,0,0,0,0,0,0,0
84,2026-01-18,0,0,0,0,0,0,0,0,0
84,2026-01-19,0,0,0,0,0,0,0,0,0
84,2026-01-20,0,0,0,0,0,0,0,0,0
84,2026-01-21,0,0,0,0,0,0,0,0,0
84,2026-01-22,0,0,0,0,0,0,0,0,0
84,2026-01-23,0,0,0,0,0,0,0,0,0
84,2026-01-24,0,0,0,0,0,0,0,0,0
84,2026-01-25,3,3,2,1,0,2,1,0,0
84,2026-01-26,5,8,5,0,2,2,0,1,0
84,2026-01-27,6,14,4,2,2,2,1,0,1
84,2026-01-28,4,18,3,1,0,1,0,2,1
84,2026-01-29,3,21,2,1,0,2,1,0,0
84,2026-01-30,6,27,5,1,1,4,1,0,0
84,2026-01-31,4,31,4,0,1,2,0,1,0
84,2026-02-01,5,36,5,0,1,4,0,0,0
84,2026-02-02,6,42,5,1,0,5,0,0,1
84,2026-02-03,6,48,6,0,1,5,0,0,0
84,2026-02-04,2,50,2,0,0,2,0,0,0
84,2026-02-05,4,54,4,0,1,3,0,0,0
84,2026-02-06,5,59,5,0,2,2,0,1,0
84,2026-02-07,12,71,10,2,3,6,1,1,1
84,2026-02-08,8,79,6,2,2,4,2,0,0
84,2026-02-09,10,89,9,1,2,6,1,1,0
84,2026-02-10,7,96,7,0,1,4,0,2,0
85,2026-01-14,0,0,0,0,0,0,0,0,0
85,2026-01-15,0,0,0,0,0,0,0,0,0
85,2026-01-16,0,0,0,0,0,0,0,0,0
85,2026-01-17,0,0,0,0,0,0,0,0,0
85,2026-01-18,0,0,0,0,0,0,0,0,0
85,2026-01-19,0,0,0,0,0,0,0,0,0
85,2026-01-20,0,0,0,0,0,0,0,0,0
85,2026-01-21,0,0,0,0,0,0,0,0,0
85,2026-01-22,0,0,0,0,0,0,0,0,0
85,2026-01-23,0,0,0,0,0,0,0,0,0
85,2026-01-24,0,0,0,0,0,0,0,0,0
85,2026-01-25,8,8,6,2,0,6,1,0,1
85,2026-01-26,3,11,3,0,0,3,0,0,0
85,2026-01-27,2,13,2,0,0,2,0,0,0
85,2026-01-28,1,14,1,0,0,0,0,1,0
85,2026-01-29,4,18,3,1,0,3,1,0,0
85,2026-01-30,1,19,1,0,0,1,0,0,0
85,2026-01-31,6,25,4,2,2,2,2,0,0
85,2026-02-01,5,30,4,1,0,4,0,0,1
85,2026-02-02,8,38,8,0,3,5,0,0,0
85,2026-02-03,3,41,2,1,0,2,1,0,0
85,2026-02-04,9,50,8,1,2,6,1,0,0
85,2026-02-05,7,57,6,1,2,2,0,2,1
85,2026-02-06,4,61,4,0,0,4,0,0,0
85,2026-02-07,8,69,7,1,4,3,1,0,0
85,2026-02-08,8,77,8,0,3,5,0,0,0
85,2026-02-09,7,84,6,1,3,3,0,0,1
85,2026-02-10,8,92,6,2,3,2,2,1,0
86,2026-01-14,0,0,0,0,0,0,0,0,0
86,2026-01-15,0,0,0,0,0,0,0,0,0
86,2026-01-16,0,0,0,0,0,0,0,0,0
86,2026-01-17,0,0,0,0,0,0,0,0,0
86,2026-01-18,0,0,0,0,0,0,0,0,0
86,2026-01-19,0,0,0,0,0,0,0,0,0
86,2026-01-20,0,0,0,0,0,0,0,0,0
86,2026-01-21,0,0,0,0,0,0,0,0,0
86,2026-01-22,0,0,0,0,0,0,0,0,0
86,2026-01-23,0,0,0,0,0,0,0,0,0
86,2026-01-24,0,0,0,0,0,0,0,0,0
86,2026-01-25,11,11,9,2,2,6,2,1,0
86,2026-01-26,2,13,2,0,0,1,0,1,0
86,2026-01-27,8,21,7,1,1,5,1,1,0
86,2026-01-28,3,24,3,0,3,0,0,0,0
86,2026-01-29,6,30,4,2,3,0,1,1,1
86,2026-01-30,1,31,1,0,0,1,0,0,0
86,2026-01-31,2,33,2,0,1,1,0,0,0
86,2026-02-01,7,40,6,1,2,4,1,0,0
86,2026-02-02,9,49,8,1,2,4,1,2,0
86,2026-02-03,5,54,3,2,3,0,2,0,0
86,2026-02-04,9,63,8,1,1,7,1,0,0
86,2026-02-05,9,72,9,0,3,6,0,0,0
86,2026-02-06,10,82,10,0,6,3,0,1,0
86,2026-02-07,6,88,6,0,1,5,0,0,0
86,2026-02-08,5,93,4,1,2,1,0,1,1
86,2026-02-09,8,101,7,1,2,4,1,1,0
86,2026-02-10,1,102,0,1,0,0,1,0,0
87,2026-01-14,0,0,0,0,0,0,0,0,0
87,2026-01-15,0,0,0,0,0,0,0,0,0
87,2026-01-16,0,0,0,0,0,0,0,0,0
87,2026-01-17,0,0,0,0,0,0,0,0,0
87,2026-01-18,0,0,0,0,0,0,0,0,0
87,2026-01-19,0,0,0,0,0,0,0,0,0
87,2026-01-20,0,0,0,0,0,0,0,0,0
87,2026-01-21,0,0,0,0,0,0,0,0,0
87,2026-01-22,0,0,0,0,0,0,0,0,0
87,2026-01-23,0,0,0,0,0,0,0,0,0
87,2026-01-24,0,0,0,0,0,0,0,0,0
87,2026-01-25,11,11,11,0,5,5,0,1,0
87,2026-01-26,6,17,4,2,0,4,2,0,0
87,2026-01-27,10,27,9,1,5,3,0,1,1
87,2026-01-28,3,30,2,1,0,2,1,0,0
87,2026-01-29,8,38,7,1,1,5,1,1,0
87,2026-01-30,6,44,6,0,2,4,0,0,0
87,2026-01-31,7,51,6,1,2,4,1,0,0
87,2026-02-01,8,59,8,0,1,7,0,0,0
87,2026-02-02,11,70,10,1,3,7,1,0,0
87,2026-02-03,11,81,8,3,5,1,2,2,1
87,2026-02-04,8,89,7,1,1,5,1,1,0
87,2026-02-05,8,97,4,4,1,2,4,1,0
87,2026-02-06,12,109,10,2,3,7,2,0,0
87,2026-02-07,20,129,13,7,3,10,5,0,2
87,2026-02-08,11,140,11,0,1,9,0,1,0
87,2026-02-09,6,146,5,1,1,3,1,1,0
87,2026-02-10,17,163,14,3,2,12,3,0,0
88,2026-01-14,0,0,0,0,0,0,0,0,0
88,2026-01-15,0,0,0,0,0,0,0,0,0
88,2026-01-16,0,0,0,0,0,0,0,0,0
88,2026-01-17,0,0,0,0,0,0,0,0,0
88,2026-01-18,0,0,0,0,0,0,0,0,0
88,2026-01-19,0,0,0,0,0,0,0,0,0
88,2026-01-20,0,0,0,0,0,0,0,0,0
88,2026-01-21,0,0,0,0,0,0,0,0,0
88,2026-01-22,0,0,0,0,0,0,0,0,0
88,2026-01-23,0,0,0,0,0,0,0,0,0
88,2026-01-24,0,0,0,0,0,0,0,0,0
88,2026-01-25,11,11,9,2,3,4,1,2,1
88,2026-01-26,3,14,2,1,0,1,1,1,0
88,2026-01-27,7,21,5,2,2,3,2,0,0
88,2026-01-28,6,27,5,1,1,4,1,0,0
88,2026-01-29,3,30,3,0,1,1,0,1,0
88,2026-01-30,10,40,8,2,5,2,2,1,0
88,2026-01-31,7,47,6,1,2,4,1,0,0
88,2026-02-01,6,53,6,0,3,3,0,0,0
88,2026-02-02,9,62,7,2,2,3,2,2,0
88,2026-02-03,13,75,11,2,3,5,2,3,0
88,2026-02-04,12,87,9,3,3,6,2,0,1
88,2026-02-05,17,104,12,5,6,6,4,0,1
88,2026-02-06,13,117,13,0,4,8,0,1,0
88,2026-02-07,11,128,10,1,1,9,1,0,0
88,2026-02-08,11,139,10,1,3,7,1,0,0
88,2026-02-09,11,150,10,1,2,8,1,0,0
88,2026-02-10,19,169,16,3,1,13,1,2,2
89,2026-01-14,0,0,0,0,0,0,0,0,0
89,2026-01-15,0,0,0,0,0,0,0,0,0
89,2026-01-16,0,0,0,0,0,0,0,0,0
89,2026-01-17,0,0,0,0,0,0,0,0,0
89,2026-01-18,0,0,0,0,0,0,0,0,0
89,2026-01-19,0,0,0,0,0,0,0,0,0
89,2026-01-20,0,0,0,0,0,0,0,0,0
89,2026-01-21,0,0,0,0,0,0,0,0,0
89,2026-01-22,0,0,0,0,0,0,0,0,0
89,2026-01-23,0,0,0,0,0,0,0,0,0
89,2026-01-24,0,0,0,0,0,0,0,0,0
89,2026-01-25,2,2,1,1,0,1,1,0,0
89,2026-01-26,10,12,7,3,5,1,3,1,0
89,2026-01-27,2,14,2,0,1,1,0,0,0
89,2026-01-28,4,18,4,0,1,3,0,0,0
89,2026-01-29,3,21,2,1,1,1,1,0,0
89,2026-01-30,1,22,1,0,0,1,0,0,0
89,2026-01-31,3,25,2,1,0,2,0,0,1
89,2026-02-01,7,32,4,3,2,2,3,0,0
89,2026-02-02,7,39,5,2,1,1,2,3,0
89,2026-02-03,4,43,4,0,1,2,0,1,0
89,2026-02-04,3,46,3,0,0,2,0,1,0
89,2026-02-05,9,55,8,1,1,6,0,1,1
89,2026-02-06,9,64,7,2,2,4,0,1,2
89,2026-02-07,8,72,8,0,4,4,0,0,0
89,2026-02-08,6,78,6,0,2,4,0,0,0
89,2026-02-09,3,81,3,0,0,3,0,0,0
89,2026-02-10,12,93,9,3,2,7,2,0,1
90,2026-01-14,0,0,0,0,0,0,0,0,0
90,2026-01-15,0,0,0,0,0,0,0,0,0
90,2026-01-16,0,0,0,0,0,0,0,0,0
90,2026-01-17,0,0,0,0,0,0,0,0,0
90,2026-01-18,0,0,0,0,0,0,0,0,0
90,2026-01-19,0,0,0,0,0,0,0,0,0
90,2026-01-20,0,0,0,0,0,0,0,0,0
90,2026-01-21,0,0,0,0,0,0,0,0,0
90,2026-01-22,0,0,0,0,0,0,0,0,0
90,2026-01-23,0,0,0,0,0,0,0,0,0
90,2026-01-24,0,0,0,0,0,0,0,0,0
90,2026-01-25,7,7,6,1,0,4,0,2,1
90,2026-01-26,6,13,6,0,2,4,0,0,0
90,2026-01-27,5,18,5,0,1,4,0,0,0
90,2026-01-28,5,23,3,2,1,1,2,1,0
90,2026-01-29,8,31,8,0,1,5,0,2,0
90,2026-01-30,5,36,3,2,2,1,2,0,0
90,2026-01-31,3,39,3,0,3,0,0,0,0
90,2026-02-01,6,45,6,0,3,3,0,0,0
90,2026-02-02,10,55,8,2,2,4,2,2,0
90,2026-02-03,5,60,4,1,1,3,1,0,0
90,2026-02-04,9,69,7,2,1,6,2,0,0
90,2026-02-05,8,77,6,2,2,3,1,1,1
90,2026-02-06,9,86,9,0,2,5,0,2,0
90,2026-02-07,15,101,12,3,2,9,2,1,1
90,2026-02-08,11,112,8,3,0,7,3,1,0
90,2026-02-09,9,121,4,5,2,1,4,1,1
90,2026-02-10,5,126,5,0,1,4,0,0,0
91,2026-01-14,0,0,0,0,0,0,0,0,0
91,2026-01-15,0,0,0,0,0,0,0,0,0
91,2026-01-16,0,0,0,0,0,0,0,0,0
91,2026-01-17,0,0,0,0,0,0,0,0,0
91,2026-01-18,0,0,0,0,0,0,0,0,0
91,2026-01-19,0,0,0,0,0,0,0,0,0
91,2026-01-20,0,0,0,0,0,0,0,0,0
91,2026-01-21,0,0,0,0,0,0,0,0,0
91,2026-01-22,0,0,0,0,0,0,0,0,0
91,2026-01-23,0,0,0,0,0,0,0,0,0
91,2026-01-24,0,0,0,0,0,0,0,0,0
91,2026-01-25,12,12,12,0,4,4,0,4,0
91,2026-01-26,2,14,0,2,0,0,1,0,1
91,2026-01-27,7,21,5,2,4,1,2,0,0
91,2026-01-28,2,23,2,0,1,1,0,0,0
91,2026-01-29,2,25,1,1,1,0,1,0,0
91,2026-01-30,0,25,0,0,0,0,0,0,0
91,2026-01-31,4,29,3,1,1,2,1,0,0
91,2026-02-01,5,34,4,1,1,2,1,1,0
91,2026-02-02,3,37,3,0,0,2,0,1,0
91,2026-02-03,4,41,3,1,1,2,1,0,0
91,2026-02-04,2,43,1,1,1,0,1,0,0
91,2026-02-05,6,49,6,0,2,3,0,1,0
91,2026-02-06,6,55,5,1,2,2,1,1,0
91,2026-02-07,4,59,4,0,0,4,0,0,0
91,2026-02-08,7,66,5,2,0,4,2,1,0
91,2026-02-09,5,71,4,1,0,4,1,0,0
91,2026-02-10,6,77,4,2,2,2,2,0,0
92,2026-01-14,0,0,0,0,0,0,0,0,0
92,2026-01-15,0,0,0,0,0,0,0,0,0
92,2026-01-16,0,0,0,0,0,0,0,0,0
92,2026-01-17,0,0,0,0,0,0,0,0,0
92,2026-01-18,0,0,0,0,0,0,0,0,0
92,2026-01-19,0,0,0,0,0,0,0,0,0
92,2026-01-20,0,0,0,0,0,0,0,0,0
92,2026-01-21,0,0,0,0,0,0,0,0,0
92,2026-01-22,0,0,0,0,0,0,0,0,0
92,2026-01-23,0,0,0,0,0,0,0,0,0
92,2026-01-24,0,0,0,0,0,0,0,0,0
92,2026-01-25,6,6,6,0,2,4,0,0,0
92,2026-01-26,9,15,7,2,1,6,2,0,0
92,2026-01-27,3,18,2,1,0,2,0,0,1
92,2026-01-28,4,22,4,0,1,3,0,0,0
92,2026-01-29,5,27,4,1,3,1,0,0,1
92,2026-01-30,4,31,2,2,0,1,0,1,2
92,2026-01-31,6,37,5,1,2,3,1,0,0
92,2026-02-01,9,46,9,0,3,6,0,0,0
92,2026-02-02,5,51,4,1,3,1,1,0,0
92,2026-02-03,5,56,5,0,3,1,0,1,0
92,2026-02-04,7,63,5,2,1,3,2,1,0
92,2026-02-05,3,66,2,1,1,1,1,0,0
92,2026-02-06,10,76,8,2,3,4,2,1,0
92,2026-02-07,8,84,6,2,2,4,2,0,0
92,2026-02-08,9,93,8,1,4,3,0,1,1
92,2026-02-09,10,103,10,0,3,7,0,0,0
92,2026-02-10,7,110,5,2,2,3,2,0,0
93,2026-01-14,0,0,0,0,0,0,0,0,0
93,2026-01-15,0,0,0,0,0,0,0,0,0
93,2026-01-16,0,0,0,0,0,0,0,0,0
93,2026-01-17,0,0,0,0,0,0,0,0,0
93,2026-01-18,0,0,0,0,0,0,0,0,0
93,2026-01-19,0,0,0,0,0,0,0,0,0
93,2026-01-20,0,0,0,0,0,0,0,0,0
93,2026-01-21,0,0,0,0,0,0,0,0,0
93,2026-01-22,0,0,0,0,0,0,0,0,0
93,2026-01-23,0,0,0,0,0,0,0,0,0
93,2026-01-24,0,0,0,0,0,0,0,0,0
93,2026-01-25,3,3,3,0,1,2,0,0,0
93,2026-01-26,4,7,4,0,0,4,0,0,0
93,2026-01-27,6,13,3,3,2,1,3,0,0
93,2026-01-28,10,23,10,0,2,7,0,1,0
93,2026-01-29,9,32,9,0,5,2,0,2,0
93,2026-01-30,9,41,8,1,2,4,1,2,0
93,2026-01-31,6,47,5,1,1,3,1,1,0
93,2026-02-01,6,53,6,0,1,4,0,1,0
93,2026-02-02,9,62,8,1,3,5,0,0,1
93,2026-02-03,5,67,2,3,1,0,3,1,0
93,2026-02-04,17,84,16,1,5,11,1,0,0
93,2026-02-05,11,95,9,2,2,5,2,2,0
93,2026-02-06,9,104,9,0,2,5,0,2,0
93,2026-02-07,11,115,10,1,3,4,1,3,0
93,2026-02-08,10,125,10,0,3,6,0,1,0
93,2026-02-09,6,131,4,2,2,1,1,1,1
93,2026-02-10,8,139,7,1,2,4,0,1,1
94,2026-01-14,0,0,0,0,0,0,0,0,0
94,2026-01-15,0,0,0,0,0,0,0,0,0
94,2026-01-16,0,0,0,0,0,0,0,0,0
94,2026-01-17,0,0,0,0,0,0,0,0,0
94,2026-01-18,0,0,0,0,0,0,0,0,0
94,2026-01-19,0,0,0,0,0,0,0,0,0
94,2026-01-20,0,0,0,0,0,0,0,0,0
94,2026-01-21,0,0,0,0,0,0,0,0,0
94,2026-01-22,0,0,0,0,0,0,0,0,0
94,2026-01-23,0,0,0,0,0,0,0,0,0
94,2026-01-24,0,0,0,0,0,0,0,0,0
94,2026-01-25,9,9,8,1,3,3,1,2,0
94,2026-01-26,5,14,5,0,1,2,0,2,0
94,2026-01-27,5,19,5,0,0,5,0,0,0
94,2026-01-28,3,22,3,0,0,3,0,0,0
94,2026-01-29,1,23,1,0,1,0,0,0,0
94,2026-01-30,8,31,8,0,1,4,0,3,0
94,2026-01-31,4,35,4,0,0,3,0,1,0
94,2026-02-01,3,38,3,0,2,0,0,1,0
94,2026-02-02,5,43,4,1,1,3,1,0,0
94,2026-02-03,6,49,4,2,1,2,2,1,0
94,2026-02-04,5,54,4,1,1,2,1,1,0
94,2026-02-05,4,58,4,0,3,1,0,0,0
94,2026-02-06,9,67,7,2,0,6,2,1,0
94,2026-02-07,6,73,5,1,0,5,1,0,0
94,2026-02-08,4,77,3,1,3,0,0,0,1
94,2026-02-09,13,90,11,2,4,6,1,1,1
94,2026-02-10,8,98,6,2,2,3,2,1,0
95,2026-01-14,0,0,0,0,0,0,0,0,0
95,2026-01-15,0,0,0,0,0,0,0,0,0
95,2026-01-16,0,0,0,0,0,0,0,0,0
95,2026-01-17,0,0,0,0,0,0,0,0,0
95,2026-01-18,0,0,0,0,0,0,0,0,0
95,2026-01-19,0,0,0,0,0,0,0,0,0
95,2026-01-20,0,0,0,0,0,0,0,0,0
95,2026-01-21,0,0,0,0,0,0,0,0,0
95,2026-01-22,0,0,0,0,0,0,0,0,0
95,2026-01-23,0,0,0,0,0,0,0,0,0
95,2026-01-24,0,0,0,0,0,0,0,0,0
95,2026-01-25,3,3,3,0,2,1,0,0,0
95,2026-01-26,1,4,1,0,0,1,0,0,0
95,2026-01-27,6,10,5,1,0,4,1,1,0
95,2026-01-28,3,13,2,1,0,2,0,0,1
95,2026-01-29,5,18,5,0,2,2,0,1,0
95,2026-01-30,5,23,5,0,0,5,0,0,0
95,2026-01-31,6,29,6,0,3,3,0,0,0
95,2026-02-01,3,32,2,1,1,1,1,0,0
95,2026-02-02,3,35,1,2,1,0,1,0,1
95,2026-02-03,5,40,4,1,1,3,1,0,0
95,2026-02-04,9,49,6,3,2,4,2,0,1
95,2026-02-05,3,52,2,1,0,1,1,1,0
95,2026-02-06,4,56,4,0,1,3,0,0,0
95,2026-02-07,8,64,5,3,0,5,3,0,0
95,2026-02-08,7,71,6,1,1,4,1,1,0
95,2026-02-09,4,75,4,0,0,4,0,0,0
95,2026-02-10,6,81,5,1,0,5,1,0,0
96,2026-01-14,0,0,0,0,0,0,0,0,0
96,2026-01-15,0,0,0,0,0,0,0,0,0
96,2026-01-16,0,0,0,0,0,0,0,0,0
96,2026-01-17,0,0,0,0,0,0,0,0,0
96,2026-01-18,0,0,0,0,0,0,0,0,0
96,2026-01-19,0,0,0,0,0,0,0,0,0
96,2026-01-20,0,0,0,0,0,0,0,0,0
96,2026-01-21,0,0,0,0,0,0,0,0,0
96,2026-01-22,0,0,0,0,0,0,0,0,0
96,2026-01-23,0,0,0,0,0,0,0,0,0
96,2026-01-24,0,0,0,0,0,0,0,0,0
96,2026-01-25,7,7,3,4,1,2,3,0,1
96,2026-01-26,7,14,4,3,3,1,1,0,2
96,2026-01-27,4,18,4,0,1,3,0,0,0
96,2026-01-28,4,22,3,1,2,1,1,0,0
96,2026-01-29,2,24,2,0,0,2,0,0,0
96,2026-01-30,2,26,2,0,0,2,0,0,0
96,2026-01-31,3,29,3,0,1,1,0,1,0
96,2026-02-01,12,41,12,0,5,7,0,0,0
96,2026-02-02,8,49,6,2,1,4,0,1,2
96,2026-02-03,4,53,2,2,0,1,1,1,1
96,2026-02-04,7,60,7,0,2,3,0,2,0
96,2026-02-05,11,71,6,5,1,4,3,1,2
96,2026-02-06,5,76,5,0,3,1,0,1,0
96,2026-02-07,10,86,6,4,1,4,4,1,0
96,2026-02-08,6,92,4,2,2,1,2,1,0
96,2026-02-09,8,100,6,2,0,5,2,1,0
96,2026-02-10,4,104,2,2,1,1,1,0,1
97,2026-01-14,0,0,0,0,0,0,0,0,0
97,2026-01-15,0,0,0,0,0,0,0,0,0
97,2026-01-16,0,0,0,0,0,0,0,0,0
97,2026-01-17,0,0,0,0,0,0,0,0,0
97,2026-01-18,0,0,0,0,0,0,0,0,0
97,2026-01-19,0,0,0,0,0,0,0,0,0
97,2026-01-20,0,0,0,0,0,0,0,0,0
97,2026-01-21,0,0,0,0,0,0,0,0,0
97,2026-01-22,0,0,0,0,0,0,0,0,0
97,2026-01-23,0,0,0,0,0,0,0,0,0
97,2026-01-24,0,0,0,0,0,0,0,0,0
97,2026-01-25,3,3,3,0,1,2,0,0,0
97,2026-01-26,11,14,11,0,3,7,0,1,0
97,2026-01-27,2,16,2,0,0,1,0,1,0
97,2026-01-28,1,17,1,0,0,1,0,0,0
97,2026-01-29,1,18,1,0,0,1,0,0,0
97,2026-01-30,3,21,3,0,2,1,0,0,0
97,2026-01-31,12,33,12,0,1,9,0,2,0
97,2026-02-01,4,37,4,0,1,3,0,0,0
97,2026-02-02,2,39,2,0,0,2,0,0,0
97,2026-02-03,5,44,5,0,1,4,0,0,0
97,2026-02-04,4,48,2,2,1,1,2,0,0
97,2026-02-05,4,52,3,1,2,0,1,1,0
97,2026-02-06,6,58,6,0,2,4,0,0,0
97,2026-02-07,13,71,11,2,2,8,1,1,1
97,2026-02-08,6,77,6,0,1,5,0,0,0
97,2026-02-09,6,83,5,1,4,1,1,0,0
97,2026-02-10,6,89,6,0,3,3,0,0,0
98,2026-01-14,0,0,0,0,0,0,0,0,0
98,2026-01-15,0,0,0,0,0,0,0,0,0
98,2026-01-16,0,0,0,0,0,0,0,0,0
98,2026-01-17,0,0,0,0,0,0,0,0,0
98,2026-01-18,0,0,0,0,0,0,0,0,0
98,2026-01-19,0,0,0,0,0,0,0,0,0
98,2026-01-20,0,0,0,0,0,0,0,0,0
98,2026-01-21,0,0,0,0,0,0,0,0,0
98,2026-01-22,0,0,0,0,0,0,0,0,0
98,2026-01-23,0,0,0,0,0,0,0,0,0
98,2026-01-24,0,0,0,0,0,0,0,0,0
98,2026-01-25,4,4,3,1,1,1,1,1,0
98,2026-01-26,2,6,2,0,1,1,0,0,0
98,2026-01-27,4,10,3,1,2,0,1,1,0
98,2026-01-28,1,11,1,0,0,1,0,0,0
98,2026-01-29,3,14,2,1,0,2,0,0,1
98,2026-01-30,6,20,3,3,1,1,2,1,1
98,2026-01-31,2,22,2,0,0,1,0,1,0
98,2026-02-01,7,29,6,1,1,5,1,0,0
98,2026-02-02,5,34,5,0,0,5,0,0,0
98,2026-02-03,4,38,3,1,2,1,1,0,0
98,2026-02-04,3,41,3,0,2,1,0,0,0
98,2026-02-05,5,46,4,1,1,3,0,0,1
98,2026-02-06,6,52,6,0,0,6,0,0,0
98,2026-02-07,5,57,4,1,1,3,1,0,0
98,2026-02-08,9,66,8,1,2,6,1,0,0
98,2026-02-09,5,71,4,1,1,2,1,1,0
98,2026-02-10,10,81,9,1,2,7,0,0,1
99,2026-01-14,0,0,0,0,0,0,0,0,0
99,2026-01-15,0,0,0,0,0,0,0,0,0
99,2026-01-16,0,0,0,0,0,0,0,0,0
99,2026-01-17,0,0,0,0,0,0,0,0,0
99,2026-01-18,0,0,0,0,0,0,0,0,0
99,2026-01-19,0,0,0,0,0,0,0,0,0
99,2026-01-20,0,0,0,0,0,0,0,0,0
99,2026-01-21,0,0,0,0,0,0,0,0,0
99,2026-01-22,0,0,0,0,0,0,0,0,0
99,2026-01-23,0,0,0,0,0,0,0,0,0
99,2026-01-24,0,0,0,0,0,0,0,0,0
99,2026-01-25,5,5,5,0,1,4,0,0,0
99,2026-01-26,3,8,2,1,2,0,1,0,0
99,2026-01-27,7,15,7,0,4,3,0,0,0
99,2026-01-28,4,19,2,2,2,0,1,0,1
99,2026-01-29,5,24,4,1,1,2,1,1,0
99,2026-01-30,10,34,10,0,9,1,0,0,0
99,2026-01-31,3,37,3,0,2,1,0,0,0
99,2026-02-01,5,42,3,2,0,3,2,0,0
99,2026-02-02,5,47,4,1,1,3,1,0,0
99,2026-02-03,6,53,5,1,2,2,0,1,1
99,2026-02-04,7,60,5,2,1,4,1,0,1
99,2026-02-05,8,68,7,1,0,7,1,0,0
99,2026-02-06,9,77,8,1,2,6,1,0,0
99,2026-02-07,10,87,6,4,0,6,3,0,1
99,2026-02-08,11,98,10,1,2,6,1,2,0
99,2026-02-09,10,108,9,1,3,4,1,2,0
99,2026-02-10,15,123,13,2,3,9,2,1,0
100,2026-01-14,0,0,0,0,0,0,0,0,0
100,2026-01-15,0,0,0,0,0,0,0,0,0
100,2026-01-16,0,0,0,0,0,0,0,0,0
100,2026-01-17,0,0,0,0,0,0,0,0,0
100,2026-01-18,0,0,0,0,0,0,0,0,0
100,2026-01-19,0,0,0,0,0,0,0,0,0
100,2026-01-20,0,0,0,0,0,0,0,0,0
100,2026-01-21,0,0,0,0,0,0,0,0,0
100,2026-01-22,0,0,0,0,0,0,0,0,0
100,2026-01-23,0,0,0,0,0,0,0,0,0
100,2026-01-24,0,0,0,0,0,0,0,0,0
100,2026-01-25,7,7,5,2,1,3,1,1,1
100,2026-01-26,3,10,3,0,1,2,0,0,0
100,2026-01-27,3,13,2,1,2,0,0,0,1
100,2026-01-28,3,16,3,0,1,2,0,0,0
100,2026-01-29,1,17,1,0,1,0,0,0,0
100,2026-01-30,4,21,2,2,2,0,2,0,0
100,2026-01-31,2,23,1,1,1,0,1,0,0
100,2026-02-01,7,30,5,2,2,2,2,1,0
100,2026-02-02,7,37,5,2,0,5,1,0,1
100,2026-02-03,3,40,3,0,2,1,0,0,0
100,2026-02-04,6,46,5,1,0,5,1,0,0
100,2026-02-05,8,54,7,1,2,5,0,0,1
100,2026-02-06,5,59,1,4,0,1,4,0,0
100,2026-02-07,12,71,8,4,4,4,3,0,1
100,2026-02-08,5,76,4,1,0,3,0,1,1
100,2026-02-09,6,82,5,1,3,2,1,0,0
100,2026-02-10,10,92,8,2,4,4,1,0,1
101,2026-01-14,0,0,0,0,0,0,0,0,0
101,2026-01-15,0,0,0,0,0,0,0,0,0
101,2026-01-16,0,0,0,0,0,0,0,0,0
101,2026-01-17,0,0,0,0,0,0,0,0,0
101,2026-01-18,0,0,0,0,0,0,0,0,0
101,2026-01-19,0,0,0,0,0,0,0,0,0
101,2026-01-20,0,0,0,0,0,0,0,0,0
101,2026-01-21,0,0,0,0,0,0,0,0,0
101,2026-01-22,0,0,0,0,0,0,0,0,0
101,2026-01-23,0,0,0,0,0,0,0,0,0
101,2026-01-24,0,0,0,0,0,0,0,0,0
101,2026-01-25,3,3,2,1,0,2,1,0,0
101,2026-01-26,5,8,4,1,2,1,0,1,1
101,2026-01-27,2,10,2,0,0,1,0,1,0
101,2026-01-28,1,11,1,0,0,1,0,0,0
101,2026-01-29,4,15,4,0,2,1,0,1,0
101,2026-01-30,2,17,0,2,0,0,2,0,0
101,2026-01-31,2,19,2,0,1,1,0,0,0
101,2026-02-01,9,28,7,2,3,4,1,0,1
101,2026-02-02,8,36,7,1,0,6,1,1,0
101,2026-02-03,7,43,6,1,1,3,0,2,1
101,2026-02-04,4,47,3,1,1,2,1,0,0
101,2026-02-05,10,57,9,1,3,6,0,0,1
101,2026-02-06,5,62,5,0,1,3,0,1,0
101,2026-02-07,5,67,3,2,0,2,1,1,1
101,2026-02-08,13,80,13,0,1,9,0,3,0
101,2026-02-09,7,87,6,1,2,4,0,0,1
101,2026-02-10,7,94,7,0,1,5,0,1,0
102,2026-01-14,0,0,0,0,0,0,0,0,0
102,2026-01-15,0,0,0,0,0,0,0,0,0
102,2026-01-16,0,0,0,0,0,0,0,0,0
102,2026-01-17,0,0,0,0,0,0,0,0,0
102,2026-01-18,0,0,0,0,0,0,0,0,0
102,2026-01-19,0,0,0,0,0,0,0,0,0
102,2026-01-20,0,0,0,0,0,0,0,0,0
102,2026-01-21,0,0,0,0,0,0,0,0,0
102,2026-01-22,0,0,0,0,0,0,0,0,0
102,2026-01-23,0,0,0,0,0,0,0,0,0
102,2026-01-24,0,0,0,0,0,0,0,0,0
102,2026-01-25,6,6,6,0,2,4,0,0,0
102,2026-01-26,2,8,1,1,0,1,1,0,0
102,2026-01-27,6,14,6,0,3,3,0,0,0
102,2026-01-28,2,16,2,0,0,2,0,0,0
102,2026-01-29,2,18,2,0,0,2,0,0,0
102,2026-01-30,5,23,4,1,1,3,1,0,0
102,2026-01-31,8,31,5,3,1,3,3,1,0
102,2026-02-01,9,40,5,4,2,2,2,1,2
102,2026-02-02,7,47,6,1,0,6,1,0,0
102,2026-02-03,5,52,3,2,1,1,2,1,0
102,2026-02-04,6,58,3,3,1,2,3,0,0
102,2026-02-05,13,71,11,2,2,8,1,1,1
102,2026-02-06,14,85,9,5,2,6,4,1,1
102,2026-02-07,7,92,5,2,1,4,2,0,0
102,2026-02-08,17,109,11,6,5,5,5,1,1
102,2026-02-09,8,117,3,5,0,3,5,0,0
102,2026-02-10,13,130,10,3,4,6,3,0,0
103,2026-01-14,0,0,0,0,0,0,0,0,0
103,2026-01-15,0,0,0,0,0,0,0,0,0
103,2026-01-16,0,0,0,0,0,0,0,0,0
103,2026-01-17,0,0,0,0,0,0,0,0,0
103,2026-01-18,0,0,0,0,0,0,0,0,0
103,2026-01-19,0,0,0,0,0,0,0,0,0
103,2026-01-20,0,0,0,0,0,0,0,0,0
103,2026-01-21,0,0,0,0,0,0,0,0,0
103,2026-01-22,0,0,0,0,0,0,0,0,0
103,2026-01-23,0,0,0,0,0,0,0,0,0
103,2026-01-24,0,0,0,0,0,0,0,0,0
103,2026-01-25,8,8,7,1,1,4,1,2,0
103,2026-01-26,2,10,2,0,2,0,0,0,0
103,2026-01-27,7,17,6,1,1,5,1,0,0
103,2026-01-28,6,23,5,1,1,3,1,1,0
103,2026-01-29,3,26,3,0,1,2,0,0,0
103,2026-01-30,8,34,6,2,0,6,2,0,0
103,2026-01-31,3,37,2,1,1,1,1,0,0
103,2026-02-01,4,41,3,1,2,1,1,0,0
103,2026-02-02,5,46,4,1,2,1,1,1,0
103,2026-02-03,11,57,10,1,4,4,1,2,0
103,2026-02-04,4,61,4,0,1,2,0,1,0
103,2026-02-05,6,67,5,1,0,5,1,0,0
103,2026-02-06,5,72,5,0,2,1,0,2,0
103,2026-02-07,5,77,4,1,1,3,1,0,0
103,2026-02-08,8,85,7,1,5,0,1,2,0
103,2026-02-09,5,90,3,2,2,1,2,0,0
103,2026-02-10,6,96,6,0,3,2,0,1,0
104,2026-01-14,0,0,0,0,0,0,0,0,0
104,2026-01-15,0,0,0,0,0,0,0,0,0
104,2026-01-16,0,0,0,0,0,0,0,0,0
104,2026-01-17,0,0,0,0,0,0,0,0,0
104,2026-01-18,0,0,0,0,0,0,0,0,0
104,2026-01-19,0,0,0,0,0,0,0,0,0
104,2026-01-20,0,0,0,0,0,0,0,0,0
104,2026-01-21,0,0,0,0,0,0,0,0,0
104,2026-01-22,0,0,0,0,0,0,0,0,0
104,2026-01-23,0,0,0,0,0,0,0,0,0
104,2026-01-24,0,0,0,0,0,0,0,0,0
104,2026-01-25,11,11,7,4,3,4,4,0,0
104,2026-01-26,3,14,3,0,0,2,0,1,0
104,2026-01-27,5,19,2,3,1,1,0,0,3
104,2026-01-28,6,25,5,1,1,3,0,1,1
104,2026-01-29,3,28,3,0,0,3,0,0,0
104,2026-01-30,5,33,3,2,0,2,1,1,1
104,2026-01-31,10,43,9,1,4,4,1,1,0
104,2026-02-01,4,47,4,0,0,4,0,0,0
104,2026-02-02,13,60,9,4,3,6,3,0,1
104,2026-02-03,6,66,6,0,0,5,0,1,0
104,2026-02-04,8,74,6,2,1,3,1,2,1
104,2026-02-05,8,82,7,1,3,3,1,1,0
104,2026-02-06,15,97,12,3,3,6,1,3,2
104,2026-02-07,13,110,10,3,2,8,1,0,2
104,2026-02-08,2,112,2,0,0,1,0,1,0
104,2026-02-09,10,122,7,3,0,5,3,2,0
104,2026-02-10,5,127,5,0,4,1,0,0,0
105,2026-01-14,0,0,0,0,0,0,0,0,0
105,2026-01-15,0,0,0,0,0,0,0,0,0
105,2026-01-16,0,0,0,0,0,0,0,0,0
105,2026-01-17,0,0,0,0,0,0,0,0,0
105,2026-01-18,0,0,0,0,0,0,0,0,0
105,2026-01-19,0,0,0,0,0,0,0,0,0
105,2026-01-20,0,0,0,0,0,0,0,0,0
105,2026-01-21,0,0,0,0,0,0,0,0,0
105,2026-01-22,0,0,0,0,0,0,0,0,0
105,2026-01-23,0,0,0,0,0,0,0,0,0
105,2026-01-24,0,0,0,0,0,0,0,0,0
105,2026-01-25,6,6,5,1,0,5,1,0,0
105,2026-01-26,3,9,3,0,2,1,0,0,0
105,2026-01-27,1,10,1,0,0,1,0,0,0
105,2026-01-28,3,13,3,0,0,2,0,1,0
105,2026-01-29,4,17,3,1,1,2,0,0,1
105,2026-01-30,1,18,1,0,0,1,0,0,0
105,2026-01-31,4,22,4,0,2,1,0,1,0
105,2026-02-01,2,24,2,0,1,1,0,0,0
105,2026-02-02,1,25,0,1,0,0,1,0,0
105,2026-02-03,3,28,3,0,1,1,0,1,0
105,2026-02-04,6,34,5,1,0,4,1,1,0
105,2026-02-05,2,36,1,1,0,1,1,0,0
105,2026-02-06,1,37,1,0,0,1,0,0,0
105,2026-02-07,3,40,2,1,0,2,1,0,0
105,2026-02-08,3,43,3,0,1,2,0,0,0
105,2026-02-09,2,45,1,1,0,1,0,0,1
105,2026-02-10,6,51,5,1,2,3,1,0,0
106,2026-01-14,0,0,0,0,0,0,0,0,0
106,2026-01-15,0,0,0,0,0,0,0,0,0
106,2026-01-16,0,0,0,0,0,0,0,0,0
106,2026-01-17,0,0,0,0,0,0,0,0,0
106,2026-01-18,0,0,0,0,0,0,0,0,0
106,2026-01-19,0,0,0,0,0,0,0,0,0
106,2026-01-20,0,0,0,0,0,0,0,0,0
106,2026-01-21,0,0,0,0,0,0,0,0,0
106,2026-01-22,0,0,0,0,0,0,0,0,0
106,2026-01-23,0,0,0,0,0,0,0,0,0
106,2026-01-24,0,0,0,0,0,0,0,0,0
106,2026-01-25,5,5,5,0,1,4,0,0,0
106,2026-01-26,2,7,1,1,0,0,1,1,0
106,2026-01-27,3,10,1,2,1,0,1,0,1
106,2026-01-28,2,12,2,0,0,2,0,0,0
106,2026-01-29,2,14,1,1,0,0,0,1,1
106,2026-01-30,6,20,6,0,1,3,0,2,0
106,2026-01-31,2,22,0,2,0,0,1,0,1
106,2026-02-01,2,24,1,1,0,0,1,1,0
106,2026-02-02,7,31,6,1,2,4,1,0,0
106,2026-02-03,6,37,5,1,3,2,1,0,0
106,2026-02-04,5,42,5,0,0,4,0,1,0
106,2026-02-05,5,47,5,0,2,3,0,0,0
106,2026-02-06,6,53,4,2,1,2,2,1,0
106,2026-02-07,2,55,2,0,0,2,0,0,0
106,2026-02-08,2,57,1,1,0,1,0,0,1
106,2026-02-09,5,62,2,3,1,1,2,0,1
106,2026-02-10,3,65,3,0,2,1,0,0,0
107,2026-01-14,0,0,0,0,0,0,0,0,0
107,2026-01-15,0,0,0,0,0,0,0,0,0
107,2026-01-16,0,0,0,0,0,0,0,0,0
107,2026-01-17,0,0,0,0,0,0,0,0,0
107,2026-01-18,0,0,0,0,0,0,0,0,0
107,2026-01-19,0,0,0,0,0,0,0,0,0
107,2026-01-20,0,0,0,0,0,0,0,0,0
107,2026-01-21,0,0,0,0,0,0,0,0,0
107,2026-01-22,0,0,0,0,0,0,0,0,0
107,2026-01-23,0,0,0,0,0,0,0,0,0
107,2026-01-24,0,0,0,0,0,0,0,0,0
107,2026-01-25,5,5,4,1,1,3,1,0,0
107,2026-01-26,1,6,1,0,1,0,0,0,0
107,2026-01-27,2,8,2,0,1,1,0,0,0
107,2026-01-28,5,13,3,2,1,2,2,0,0
107,2026-01-29,5,18,3,2,1,2,2,0,0
107,2026-01-30,3,21,2,1,0,2,0,0,1
107,2026-01-31,5,26,4,1,3,1,1,0,0
107,2026-02-01,5,31,5,0,1,3,0,1,0
107,2026-02-02,8,39,7,1,3,4,1,0,0
107,2026-02-03,7,46,5,2,0,4,1,1,1
107,2026-02-04,5,51,3,2,1,1,0,1,2
107,2026-02-05,9,60,7,2,2,3,2,2,0
107,2026-02-06,8,68,5,3,1,4,3,0,0
107,2026-02-07,7,75,6,1,0,4,1,2,0
107,2026-02-08,8,83,7,1,1,5,1,1,0
107,2026-02-09,8,91,5,3,0,4,3,1,0
107,2026-02-10,16,107,9,7,2,6,5,1,2
108,2026-01-14,0,0,0,0,0,0,0,0,0
108,2026-01-15,0,0,0,0,0,0,0,0,0
108,2026-01-16,0,0,0,0,0,0,0,0,0
108,2026-01-17,0,0,0,0,0,0,0,0,0
108,2026-01-18,0,0,0,0,0,0,0,0,0
108,2026-01-19,0,0,0,0,0,0,0,0,0
108,2026-01-20,0,0,0,0,0,0,0,0,0
108,2026-01-21,0,0,0,0,0,0,0,0,0
108,2026-01-22,0,0,0,0,0,0,0,0,0
108,2026-01-23,0,0,0,0,0,0,0,0,0
108,2026-01-24,0,0,0,0,0,0,0,0,0
108,2026-01-25,4,4,4,0,0,4,0,0,0
108,2026-01-26,8,12,7,1,3,4,0,0,1
108,2026-01-27,6,18,5,1,1,3,1,1,0
108,2026-01-28,7,25,5,2,1,4,1,0,1
108,2026-01-29,7,32,5,2,0,5,2,0,0
108,2026-01-30,9,41,8,1,1,7,1,0,0
108,2026-01-31,7,48,6,1,0,6,1,0,0
108,2026-02-01,5,53,5,0,0,4,0,1,0
108,2026-02-02,7,60,7,0,1,6,0,0,0
108,2026-02-03,6,66,5,1,3,2,1,0,0
108,2026-02-04,12,78,11,1,2,5,1,4,0
108,2026-02-05,11,89,10,1,5,4,1,1,0
108,2026-02-06,9,98,6,3,3,3,3,0,0
108,2026-02-07,9,107,7,2,3,4,0,0,2
108,2026-02-08,18,125,17,1,8,8,1,1,0
108,2026-02-09,8,133,7,1,1,5,1,1,0
108,2026-02-10,11,144,10,1,3,6,1,1,0
109,2026-01-14,0,0,0,0,0,0,0,0,0
109,2026-01-15,0,0,0,0,0,0,0,0,0
109,2026-01-16,0,0,0,0,0,0,0,0,0
109,2026-01-17,0,0,0,0,0,0,0,0,0
109,2026-01-18,0,0,0,0,0,0,0,0,0
109,2026-01-19,0,0,0,0,0,0,0,0,0
109,2026-01-20,0,0,0,0,0,0,0,0,0
109,2026-01-21,0,0,0,0,0,0,0,0,0
109,2026-01-22,0,0,0,0,0,0,0,0,0
109,2026-01-23,0,0,0,0,0,0,0,0,0
109,2026-01-24,0,0,0,0,0,0,0,0,0
109,2026-01-25,12,12,10,2,2,6,1,2,1
109,2026-01-26,1,13,1,0,0,1,0,0,0
109,2026-01-27,3,16,2,1,1,0,1,1,0
109,2026-01-28,3,19,3,0,0,3,0,0,0
109,2026-01-29,5,24,5,0,2,3,0,0,0
109,2026-01-30,7,31,5,2,1,2,2,2,0
109,2026-01-31,1,32,1,0,0,1,0,0,0
109,2026-02-01,6,38,6,0,2,4,0,0,0
109,2026-02-02,6,44,3,3,1,2,2,0,1
109,2026-02-03,8,52,7,1,3,3,1,1,0
109,2026-02-04,3,55,2,1,1,1,0,0,1
109,2026-02-05,7,62,2,5,0,1,5,1,0
109,2026-02-06,8,70,6,2,0,6,2,0,0
109,2026-02-07,11,81,8,3,2,4,2,2,1
109,2026-02-08,8,89,6,2,1,4,2,1,0
109,2026-02-09,8,97,7,1,2,5,1,0,0
109,2026-02-10,9,106,8,1,3,4,1,1,0
110,2026-01-14,0,0,0,0,0,0,0,0,0
110,2026-01-15,0,0,0,0,0,0,0,0,0
110,2026-01-16,0,0,0,0,0,0,0,0,0
110,2026-01-17,0,0,0,0,0,0,0,0,0
110,2026-01-18,0,0,0,0,0,0,0,0,0
110,2026-01-19,0,0,0,0,0,0,0,0,0
110,2026-01-20,0,0,0,0,0,0,0,0,0
110,2026-01-21,0,0,0,0,0,0,0,0,0
110,2026-01-22,0,0,0,0,0,0,0,0,0
110,2026-01-23,0,0,0,0,0,0,0,0,0
110,2026-01-24,0,0,0,0,0,0,0,0,0
110,2026-01-25,10,10,8,2,4,4,2,0,0
110,2026-01-26,3,13,3,0,1,2,0,0,0
110,2026-01-27,6,19,5,1,0,5,1,0,0
110,2026-01-28,2,21,1,1,0,1,1,0,0
110,2026-01-29,4,25,4,0,1,3,0,0,0
110,2026-01-30,3,28,3,0,0,3,0,0,0
110,2026-01-31,6,34,5,1,3,2,1,0,0
110,2026-02-01,4,38,2,2,0,2,1,0,1
110,2026-02-02,9,47,8,1,2,5,1,1,0
110,2026-02-03,5,52,3,2,1,1,1,1,1
110,2026-02-04,9,61,8,1,2,6,0,0,1
110,2026-02-05,10,71,8,2,1,7,2,0,0
110,2026-02-06,5,76,4,1,2,1,1,1,0
110,2026-02-07,8,84,7,1,2,5,1,0,0
110,2026-02-08,10,94,7,3,1,5,2,1,1
110,2026-02-09,13,107,13,0,4,6,0,3,0
110,2026-02-10,11,118,7,4,1,4,3,2,1
111,2026-01-14,0,0,0,0,0,0,0,0,0
111,2026-01-15,0,0,0,0,0,0,0,0,0
111,2026-01-16,0,0,0,0,0,0,0,0,0
111,2026-01-17,0,0,0,0,0,0,0,0,0
111,2026-01-18,0,0,0,0,0,0,0,0,0
111,2026-01-19,0,0,0,0,0,0,0,0,0
111,2026-01-20,0,0,0,0,0,0,0,0,0
111,2026-01-21,0,0,0,0,0,0,0,0,0
111,2026-01-22,0,0,0,0,0,0,0,0,0
111,2026-01-23,0,0,0,0,0,0,0,0,0
111,2026-01-24,0,0,0,0,0,0,0,0,0
111,2026-01-25,6,6,6,0,0,6,0,0,0
111,2026-01-26,2,8,2,0,1,1,0,0,0
111,2026-01-27,3,11,3,0,1,2,0,0,0
111,2026-01-28,3,14,3,0,1,1,0,1,0
111,2026-01-29,3,17,3,0,0,3,0,0,0
111,2026-01-30,1,18,1,0,0,1,0,0,0
111,2026-01-31,4,22,4,0,1,3,0,0,0
111,2026-02-01,3,25,2,1,0,2,1,0,0
111,2026-02-02,2,27,2,0,1,1,0,0,0
111,2026-02-03,5,32,4,1,0,4,1,0,0
111,2026-02-04,4,36,2,2,0,2,1,0,1
111,2026-02-05,7,43,7,0,1,5,0,1,0
111,2026-02-06,5,48,4,1,1,2,0,1,1
111,2026-02-07,5,53,3,2,0,3,2,0,0
111,2026-02-08,6,59,5,1,1,3,1,1,0
111,2026-02-09,3,62,2,1,0,2,0,0,1
111,2026-02-10,1,63,1,0,0,1,0,0,0
112,2026-01-14,0,0,0,0,0,0,0,0,0
112,2026-01-15,0,0,0,0,0,0,0,0,0
112,2026-01-16,0,0,0,0,0,0,0,0,0
112,2026-01-17,0,0,0,0,0,0,0,0,0
112,2026-01-18,0,0,0,0,0,0,0,0,0
112,2026-01-19,0,0,0,0,0,0,0,0,0
112,2026-01-20,0,0,0,0,0,0,0,0,0
112,2026-01-21,0,0,0,0,0,0,0,0,0
112,2026-01-22,0,0,0,0,0,0,0,0,0
112,2026-01-23,0,0,0,0,0,0,0,0,0
112,2026-01-24,0,0,0,0,0,0,0,0,0
112,2026-01-25,7,7,7,0,4,3,0,0,0
112,2026-01-26,5,12,5,0,2,3,0,0,0
112,2026-01-27,6,18,6,0,1,4,0,1,0
112,2026-01-28,5,23,5,0,1,4,0,0,0
112,2026-01-29,7,30,6,1,3,3,1,0,0
112,2026-01-30,3,33,2,1,0,2,0,0,1
112,2026-01-31,3,36,3,0,1,2,0,0,0
112,2026-02-01,4,40,4,0,3,1,0,0,0
112,2026-02-02,6,46,4,2,0,4,1,0,1
112,2026-02-03,4,50,2,2,0,2,2,0,0
112,2026-02-04,8,58,5,3,2,3,2,0,1
112,2026-02-05,7,65,4,3,2,1,2,1,1
112,2026-02-06,7,72,6,1,3,2,1,1,0
112,2026-02-07,6,78,6,0,3,3,0,0,0
112,2026-02-08,9,87,7,2,2,5,2,0,0
112,2026-02-09,9,96,7,2,2,4,2,1,0
112,2026-02-10,10,106,6,4,2,4,3,0,1
113,2026-01-14,0,0,0,0,0,0,0,0,0
113,2026-01-15,0,0,0,0,0,0,0,0,0
113,2026-01-16,0,0,0,0,0,0,0,0,0
113,2026-01-17,0,0,0,0,0,0,0,0,0
113,2026-01-18,0,0,0,0,0,0,0,0,0
113,2026-01-19,0,0,0,0,0,0,0,0,0
113,2026-01-20,0,0,0,0,0,0,0,0,0
113,2026-01-21,0,0,0,0,0,0,0,0,0
113,2026-01-22,0,0,0,0,0,0,0,0,0
113,2026-01-23,0,0,0,0,0,0,0,0,0
113,2026-01-24,0,0,0,0,0,0,0,0,0
113,2026-01-25,5,5,4,1,1,3,1,0,0
113,2026-01-26,2,7,0,2,0,0,2,0,0
113,2026-01-27,1,8,1,0,0,1,0,0,0
113,2026-01-28,2,10,2,0,1,1,0,0,0
113,2026-01-29,4,14,3,1,0,3,0,0,1
113,2026-01-30,6,20,6,0,1,5,0,0,0
113,2026-01-31,10,30,7,3,1,6,2,0,1
113,2026-02-01,5,35,4,1,2,1,0,1,1
113,2026-02-02,8,43,5,3,1,4,3,0,0
113,2026-02-03,4,47,3,1,1,2,1,0,0
113,2026-02-04,11,58,7,4,1,6,3,0,1
113,2026-02-05,8,66,6,2,1,4,2,1,0
113,2026-02-06,10,76,9,1,2,6,1,1,0
113,2026-02-07,11,87,7,4,0,7,3,0,1
113,2026-02-08,6,93,4,2,1,3,2,0,0
113,2026-02-09,15,108,8,7,2,3,7,3,0
113,2026-02-10,10,118,10,0,2,7,0,1,0
114,2026-01-14,0,0,0,0,0,0,0,0,0
114,2026-01-15,0,0,0,0,0,0,0,0,0
114,2026-01-16,0,0,0,0,0,0,0,0,0
114,2026-01-17,0,0,0,0,0,0,0,0,0
114,2026-01-18,0,0,0,0,0,0,0,0,0
114,2026-01-19,0,0,0,0,0,0,0,0,0
114,2026-01-20,0,0,0,0,0,0,0,0,0
114,2026-01-21,0,0,0,0,0,0,0,0,0
114,2026-01-22,0,0,0,0,0,0,0,0,0
114,2026-01-23,0,0,0,0,0,0,0,0,0
114,2026-01-24,0,0,0,0,0,0,0,0,0
114,2026-01-25,8,8,6,2,3,3,2,0,0
114,2026-01-26,8,16,6,2,2,4,2,0,0
114,2026-01-27,5,21,4,1,2,2,1,0,0
114,2026-01-28,6,27,6,0,3,3,0,0,0
114,2026-01-29,3,30,3,0,0,3,0,0,0
114,2026-01-30,3,33,2,1,2,0,0,0,1
114,2026-01-31,4,37,3,1,1,2,1,0,0
114,2026-02-01,6,43,4,2,2,2,2,0,0
114,2026-02-02,9,52,7,2,2,5,2,0,0
114,2026-02-03,6,58,3,3,0,2,3,1,0
114,2026-02-04,6,64,5,1,1,4,1,0,0
114,2026-02-05,9,73,6,3,1,4,3,1,0
114,2026-02-06,4,77,2,2,1,1,1,0,1
114,2026-02-07,8,85,6,2,2,4,1,0,1
114,2026-02-08,7,92,4,3,0,3,3,1,0
114,2026-02-09,5,97,3,2,1,1,2,1,0
114,2026-02-10,8,105,7,1,0,7,1,0,0
115,2026-01-14,0,0,0,0,0,0,0,0,0
115,2026-01-15,0,0,0,0,0,0,0,0,0
115,2026-01-16,0,0,0,0,0,0,0,0,0
115,2026-01-17,0,0,0,0,0,0,0,0,0
115,2026-01-18,0,0,0,0,0,0,0,0,0
115,2026-01-19,0,0,0,0,0,0,0,0,0
115,2026-01-20,0,0,0,0,0,0,0,0,0
115,2026-01-21,0,0,0,0,0,0,0,0,0
115,2026-01-22,0,0,0,0,0,0,0,0,0
115,2026-01-23,0,0,0,0,0,0,0,0,0
115,2026-01-24,0,0,0,0,0,0,0,0,0
115,2026-01-25,10,10,8,2,2,5,2,1,0
115,2026-01-26,4,14,3,1,0,2,1,1,0
115,2026-01-27,4,18,4,0,1,1,0,2,0
115,2026-01-28,5,23,4,1,1,1,1,2,0
115,2026-01-29,5,28,1,4,1,0,3,0,1
115,2026-01-30,6,34,6,0,4,1,0,1,0
115,2026-01-31,6,40,4,2,1,3,2,0,0
115,2026-02-01,15,55,12,3,5,6,2,1,1
115,2026-02-02,8,63,7,1,2,5,1,0,0
115,2026-02-03,14,77,13,1,3,9,1,1,0
115,2026-02-04,9,86,8,1,3,5,1,0,0
115,2026-02-05,14,100,12,2,3,7,2,2,0
115,2026-02-06,18,118,15,3,3,11,3,1,0
115,2026-02-07,9,127,8,1,2,5,1,1,0
115,2026-02-08,9,136,6,3,1,4,1,1,2
115,2026-02-09,12,148,10,2,5,5,2,0,0
115,2026-02-10,18,166,14,4,5,9,4,0,0
116,2026-01-14,0,0,0,0,0,0,0,0,0
116,2026-01-15,0,0,0,0,0,0,0,0,0
116,2026-01-16,0,0,0,0,0,0,0,0,0
116,2026-01-17,0,0,0,0,0,0,0,0,0
116,2026-01-18,0,0,0,0,0,0,0,0,0
116,2026-01-19,0,0,0,0,0,0,0,0,0
116,2026-01-20,0,0,0,0,0,0,0,0,0
116,2026-01-21,0,0,0,0,0,0,0,0,0
116,2026-01-22,0,0,0,0,0,0,0,0,0
116,2026-01-23,0,0,0,0,0,0,0,0,0
116,2026-01-24,0,0,0,0,0,0,0,0,0
116,2026-01-25,5,5,4,1,1,3,1,0,0
116,2026-01-26,2,7,1,1,0,1,1,0,0
116,2026-01-27,5,12,4,1,2,2,0,0,1
116,2026-01-28,6,18,6,0,2,4,0,0,0
116,2026-01-29,8,26,6,2,2,4,1,0,1
116,2026-01-30,5,31,5,0,2,3,0,0,0
116,2026-01-31,3,34,3,0,1,2,0,0,0
116,2026-02-01,5,39,5,0,1,2,0,2,0
116,2026-02-02,5,44,3,2,1,2,2,0,0
116,2026-02-03,7,51,7,0,3,4,0,0,0
116,2026-02-04,9,60,6,3,3,3,1,0,2
116,2026-02-05,6,66,6,0,2,4,0,0,0
116,2026-02-06,18,84,13,5,7,6,3,0,2
116,2026-02-07,7,91,7,0,3,3,0,1,0
116,2026-02-08,10,101,10,0,3,6,0,1,0
116,2026-02-09,7,108,6,1,3,3,1,0,0
116,2026-02-10,12,120,10,2,3,7,1,0,1
117,2026-01-14,0,0,0,0,0,0,0,0,0
117,2026-01-15,0,0,0,0,0,0,0,0,0
117,2026-01-16,0,0,0,0,0,0,0,0,0
117,2026-01-17,0,0,0,0,0,0,0,0,0
117,2026-01-18,0,0,0,0,0,0,0,0,0
117,2026-01-19,0,0,0,0,0,0,0,0,0
117,2026-01-20,0,0,0,0,0,0,0,0,0
117,2026-01-21,0,0,0,0,0,0,0,0,0
117,2026-01-22,0,0,0,0,0,0,0,0,0
117,2026-01-23,0,0,0,0,0,0,0,0,0
117,2026-01-24,0,0,0,0,0,0,0,0,0
117,2026-01-25,5,5,3,2,1,2,2,0,0
117,2026-01-26,10,15,6,4,0,6,4,0,0
117,2026-01-27,7,22,5,2,1,3,2,1,0
117,2026-01-28,2,24,1,1,1,0,1,0,0
117,2026-01-29,4,28,4,0,1,3,0,0,0
117,2026-01-30,5,33,3,2,1,0,1,2,1
117,2026-01-31,4,37,3,1,0,3,1,0,0
117,2026-02-01,11,48,8,3,3,4,3,1,0
117,2026-02-02,6,54,3,3,0,3,0,0,3
117,2026-02-03,10,64,6,4,1,3,2,2,2
117,2026-02-04,6,70,4,2,1,2,0,1,2
117,2026-02-05,3,73,2,1,0,1,1,1,0
117,2026-02-06,7,80,6,1,0,5,0,1,1
117,2026-02-07,11,91,9,2,4,4,2,1,0
117,2026-02-08,9,100,6,3,2,3,3,1,0
117,2026-02-09,3,103,3,0,1,2,0,0,0
117,2026-02-10,12,115,7,5,3,3,5,1,0
118,2026-01-14,0,0,0,0,0,0,0,0,0
118,2026-01-15,0,0,0,0,0,0,0,0,0
118,2026-01-16,0,0,0,0,0,0,0,0,0
118,2026-01-17,0,0,0,0,0,0,0,0,0
118,2026-01-18,0,0,0,0,0,0,0,0,0
118,2026-01-19,0,0,0,0,0,0,0,0,0
118,2026-01-20,0,0,0,0,0,0,0,0,0
118,2026-01-21,0,0,0,0,0,0,0,0,0
118,2026-01-22,0,0,0,0,0,0,0,0,0
118,2026-01-23,0,0,0,0,0,0,0,0,0
118,2026-01-24,0,0,0,0,0,0,0,0,0
118,2026-01-25,7,7,6,1,1,5,1,0,0
118,2026-01-26,10,17,6,4,0,5,2,1,2
118,2026-01-27,4,21,2,2,1,1,1,0,1
118,2026-01-28,3,24,2,1,2,0,1,0,0
118,2026-01-29,4,28,1,3,0,1,3,0,0
118,2026-01-30,4,32,3,1,2,0,1,1,0
118,2026-01-31,7,39,7,0,2,5,0,0,0
118,2026-02-01,5,44,4,1,1,3,0,0,1
118,2026-02-02,8,52,8,0,1,7,0,0,0
118,2026-02-03,6,58,5,1,1,4,1,0,0
118,2026-02-04,8,66,5,3,3,2,1,0,2
118,2026-02-05,10,76,6,4,3,1,3,2,1
118,2026-02-06,4,80,4,0,1,3,0,0,0
118,2026-02-07,14,94,9,5,2,7,4,0,1
118,2026-02-08,9,103,8,1,5,0,1,3,0
118,2026-02-09,12,115,10,2,1,8,2,1,0
118,2026-02-10,6,121,6,0,1,4,0,1,0
119,2026-01-14,0,0,0,0,0,0,0,0,0
119,2026-01-15,0,0,0,0,0,0,0,0,0
119,2026-01-16,0,0,0,0,0,0,0,0,0
119,2026-01-17,0,0,0,0,0,0,0,0,0
119,2026-01-18,0,0,0,0,0,0,0,0,0
119,2026-01-19,0,0,0,0,0,0,0,0,0
119,2026-01-20,0,0,0,0,0,0,0,0,0
119,2026-01-21,0,0,0,0,0,0,0,0,0
119,2026-01-22,0,0,0,0,0,0,0,0,0
119,2026-01-23,0,0,0,0,0,0,0,0,0
119,2026-01-24,0,0,0,0,0,0,0,0,0
119,2026-01-25,7,7,6,1,4,2,1,0,0
119,2026-01-26,2,9,1,1,1,0,1,0,0
119,2026-01-27,5,14,2,3,0,2,2,0,1
119,2026-01-28,6,20,3,3,1,2,3,0,0
119,2026-01-29,2,22,1,1,1,0,1,0,0
119,2026-01-30,5,27,3,2,1,1,2,1,0
119,2026-01-31,3,30,3,0,1,1,0,1,0
119,2026-02-01,4,34,2,2,1,1,1,0,1
119,2026-02-02,5,39,3,2,1,2,1,0,1
119,2026-02-03,8,47,5,3,2,1,2,2,1
119,2026-02-04,10,57,8,2,3,3,2,2,0
119,2026-02-05,9,66,8,1,3,4,1,1,0
119,2026-02-06,13,79,10,3,5,5,2,0,1
119,2026-02-07,9,88,4,5,0,3,3,1,2
119,2026-02-08,12,100,9,3,3,4,3,2,0
119,2026-02-09,10,110,6,4,1,3,2,2,2
119,2026-02-10,10,120,5,5,1,4,4,0,1
120,2026-01-14,0,0,0,0,0,0,0,0,0
120,2026-01-15,0,0,0,0,0,0,0,0,0
120,2026-01-16,0,0,0,0,0,0,0,0,0
120,2026-01-17,0,0,0,0,0,0,0,0,0
120,2026-01-18,0,0,0,0,0,0,0,0,0
120,2026-01-19,0,0,0,0,0,0,0,0,0
120,2026-01-20,0,0,0,0,0,0,0,0,0
120,2026-01-21,0,0,0,0,0,0,0,0,0
120,2026-01-22,0,0,0,0,0,0,0,0,0
120,2026-01-23,0,0,0,0,0,0,0,0,0
120,2026-01-24,0,0,0,0,0,0,0,0,0
120,2026-01-25,6,6,5,1,3,2,1,0,0
120,2026-01-26,3,9,2,1,1,1,1,0,0
120,2026-01-27,3,12,2,1,1,1,1,0,0
120,2026-01-28,2,14,1,1,0,1,1,0,0
120,2026-01-29,6,20,6,0,4,2,0,0,0
120,2026-01-30,4,24,2,2,0,2,1,0,1
120,2026-01-31,6,30,4,2,0,2,2,2,0
120,2026-02-01,4,34,4,0,3,1,0,0,0
120,2026-02-02,13,47,10,3,6,2,1,2,2
120,2026-02-03,5,52,4,1,2,2,1,0,0
120,2026-02-04,8,60,4,4,0,3,3,1,1
120,2026-02-05,14,74,12,2,2,8,2,2,0
120,2026-02-06,8,82,4,4,0,4,3,0,1
120,2026-02-07,10,92,9,1,4,5,1,0,0
120,2026-02-08,9,101,6,3,1,4,2,1,1
120,2026-02-09,9,110,6,3,2,3,3,1,0
120,2026-02-10,10,120,8,2,1,7,1,0,1
121,2026-01-14,0,0,0,0,0,0,0,0,0
121,2026-01-15,0,0,0,0,0,0,0,0,0
121,2026-01-16,0,0,0,0,0,0,0,0,0
121,2026-01-17,0,0,0,0,0,0,0,0,0
121,2026-01-18,0,0,0,0,0,0,0,0,0
121,2026-01-19,0,0,0,0,0,0,0,0,0
121,2026-01-20,0,0,0,0,0,0,0,0,0
121,2026-01-21,0,0,0,0,0,0,0,0,0
121,2026-01-22,0,0,0,0,0,0,0,0,0
121,2026-01-23,0,0,0,0,0,0,0,0,0
121,2026-01-24,0,0,0,0,0,0,0,0,0
121,2026-01-25,9,9,8,1,2,5,1,1,0
121,2026-01-26,4,13,4,0,1,3,0,0,0
121,2026-01-27,3,16,2,1,0,2,1,0,0
121,2026-01-28,2,18,2,0,1,1,0,0,0
121,2026-01-29,5,23,3,2,2,1,1,0,1
121,2026-01-30,4,27,1,3,0,1,1,0,2
121,2026-01-31,3,30,2,1,0,1,0,1,1
121,2026-02-01,5,35,5,0,2,3,0,0,0
121,2026-02-02,3,38,3,0,2,1,0,0,0
121,2026-02-03,5,43,3,2,0,3,1,0,1
121,2026-02-04,2,45,2,0,0,2,0,0,0
121,2026-02-05,5,50,5,0,2,2,0,1,0
121,2026-02-06,2,52,2,0,1,1,0,0,0
121,2026-02-07,4,56,2,2,1,1,0,0,2
121,2026-02-08,7,63,5,2,3,1,1,1,1
121,2026-02-09,13,76,12,1,5,7,0,0,1
121,2026-02-10,2,78,1,1,0,1,1,0,0
122,2026-01-14,0,0,0,0,0,0,0,0,0
122,2026-01-15,0,0,0,0,0,0,0,0,0
122,2026-01-16,0,0,0,0,0,0,0,0,0
122,2026-01-17,0,0,0,0,0,0,0,0,0
122,2026-01-18,0,0,0,0,0,0,0,0,0
122,2026-01-19,0,0,0,0,0,0,0,0,0
122,2026-01-20,0,0,0,0,0,0,0,0,0
122,2026-01-21,0,0,0,0,0,0,0,0,0
122,2026-01-22,0,0,0,0,0,0,0,0,0
122,2026-01-23,0,0,0,0,0,0,0,0,0
122,2026-01-24,0,0,0,0,0,0,0,0,0
122,2026-01-25,8,8,6,2,1,4,2,1,0
122,2026-01-26,7,15,7,0,2,4,0,1,0
122,2026-01-27,9,24,8,1,2,6,1,0,0
122,2026-01-28,5,29,4,1,2,2,1,0,0
122,2026-01-29,9,38,8,1,0,7,0,1,1
122,2026-01-30,10,48,7,3,1,5,2,1,1
122,2026-01-31,11,59,6,5,3,3,4,0,1
122,2026-02-01,8,67,5,3,2,2,3,1,0
122,2026-02-02,13,80,11,2,2,7,1,2,1
122,2026-02-03,8,88,7,1,3,4,1,0,0
122,2026-02-04,17,105,13,4,4,5,4,4,0
122,2026-02-05,12,117,11,1,1,9,1,1,0
122,2026-02-06,13,130,12,1,2,10,1,0,0
122,2026-02-07,15,145,13,2,2,9,2,2,0
122,2026-02-08,18,163,14,4,6,7,4,1,0
122,2026-02-09,18,181,14,4,5,9,3,0,1
122,2026-02-10,21,202,18,3,7,7,2,4,1
123,2026-01-14,0,0,0,0,0,0,0,0,0
123,2026-01-15,0,0,0,0,0,0,0,0,0
123,2026-01-16,0,0,0,0,0,0,0,0,0
123,2026-01-17,0,0,0,0,0,0,0,0,0
123,2026-01-18,0,0,0,0,0,0,0,0,0
123,2026-01-19,0,0,0,0,0,0,0,0,0
123,2026-01-20,0,0,0,0,0,0,0,0,0
123,2026-01-21,0,0,0,0,0,0,0,0,0
123,2026-01-22,0,0,0,0,0,0,0,0,0
123,2026-01-23,0,0,0,0,0,0,0,0,0
123,2026-01-24,0,0,0,0,0,0,0,0,0
123,2026-01-25,8,8,7,1,0,6,1,1,0
123,2026-01-26,2,10,2,0,0,1,0,1,0
123,2026-01-27,3,13,2,1,0,2,1,0,0
123,2026-01-28,6,19,5,1,2,3,0,0,1
123,2026-01-29,0,19,0,0,0,0,0,0,0
123,2026-01-30,1,20,1,0,0,1,0,0,0
123,2026-01-31,7,27,5,2,1,1,1,3,1
123,2026-02-01,4,31,2,2,0,2,2,0,0
123,2026-02-02,9,40,8,1,3,5,1,0,0
123,2026-02-03,3,43,2,1,0,2,1,0,0
123,2026-02-04,3,46,2,1,0,2,1,0,0
123,2026-02-05,3,49,3,0,1,2,0,0,0
123,2026-02-06,8,57,6,2,2,4,2,0,0
123,2026-02-07,8,65,7,1,1,5,1,1,0
123,2026-02-08,4,69,3,1,1,0,0,2,1
123,2026-02-09,4,73,2,2,0,2,1,0,1
123,2026-02-10,5,78,2,3,0,2,3,0,0
124,2026-01-14,0,0,0,0,0,0,0,0,0
124,2026-01-15,0,0,0,0,0,0,0,0,0
124,2026-01-16,0,0,0,0,0,0,0,0,0
124,2026-01-17,0,0,0,0,0,0,0,0,0
124,2026-01-18,0,0,0,0,0,0,0,0,0
124,2026-01-19,0,0,0,0,0,0,0,0,0
124,2026-01-20,0,0,0,0,0,0,0,0,0
124,2026-01-21,0,0,0,0,0,0,0,0,0
124,2026-01-22,0,0,0,0,0,0,0,0,0
124,2026-01-23,0,0,0,0,0,0,0,0,0
124,2026-01-24,0,0,0,0,0,0,0,0,0
124,2026-01-25,8,8,8,0,2,6,0,0,0
124,2026-01-26,2,10,1,1,1,0,1,0,0
124,2026-01-27,8,18,5,3,1,2,2,2,1
124,2026-01-28,3,21,3,0,1,2,0,0,0
124,2026-01-29,9,30,8,1,1,5,1,2,0
124,2026-01-30,3,33,3,0,1,1,0,1,0
124,2026-01-31,8,41,7,1,0,4,0,3,1
124,2026-02-01,8,49,7,1,2,4,0,1,1
124,2026-02-02,10,59,10,0,1,7,0,2,0
124,2026-02-03,17,76,13,4,1,10,3,2,1
124,2026-02-04,9,85,9,0,5,2,0,2,0
124,2026-02-05,10,95,9,1,3,6,1,0,0
124,2026-02-06,12,107,6,6,1,5,5,0,1
124,2026-02-07,14,121,12,2,5,6,2,1,0
124,2026-02-08,14,135,11,3,2,7,3,2,0
124,2026-02-09,8,143,6,2,2,4,0,0,2
124,2026-02-10,13,156,7,6,5,2,5,0,1
125,2026-01-14,0,0,0,0,0,0,0,0,0
125,2026-01-15,0,0,0,0,0,0,0,0,0
125,2026-01-16,0,0,0,0,0,0,0,0,0
125,2026-01-17,0,0,0,0,0,0,0,0,0
125,2026-01-18,0,0,0,0,0,0,0,0,0
125,2026-01-19,0,0,0,0,0,0,0,0,0
125,2026-01-20,0,0,0,0,0,0,0,0,0
125,2026-01-21,0,0,0,0,0,0,0,0,0
125,2026-01-22,0,0,0,0,0,0,0,0,0
125,2026-01-23,0,0,0,0,0,0,0,0,0
125,2026-01-24,0,0,0,0,0,0,0,0,0
125,2026-01-25,7,7,5,2,4,1,1,0,1
125,2026-01-26,3,10,2,1,1,1,1,0,0
125,2026-01-27,6,16,5,1,2,3,1,0,0
125,2026-01-28,7,23,6,1,1,5,1,0,0
125,2026-01-29,0,23,0,0,0,0,0,0,0
125,2026-01-30,3,26,2,1,1,0,1,1,0
125,2026-01-31,8,34,6,2,3,3,0,0,2
125,2026-02-01,7,41,7,0,2,5,0,0,0
125,2026-02-02,7,48,5,2,0,4,2,1,0
125,2026-02-03,4,52,4,0,1,2,0,1,0
125,2026-02-04,9,61,9,0,3,5,0,1,0
125,2026-02-05,9,70,7,2,1,6,1,0,1
125,2026-02-06,5,75,5,0,0,5,0,0,0
125,2026-02-07,11,86,7,4,3,4,0,0,4
125,2026-02-08,7,93,4,3,1,2,3,1,0
125,2026-02-09,6,99,4,2,0,1,1,3,1
125,2026-02-10,8,107,5,3,1,4,3,0,0
126,2026-01-14,0,0,0,0,0,0,0,0,0
126,2026-01-15,0,0,0,0,0,0,0,0,0
126,2026-01-16,0,0,0,0,0,0,0,0,0
126,2026-01-17,0,0,0,0,0,0,0,0,0
126,2026-01-18,0,0,0,0,0,0,0,0,0
126,2026-01-19,0,0,0,0,0,0,0,0,0
126,2026-01-20,0,0,0,0,0,0,0,0,0
126,2026-01-21,0,0,0,0,0,0,0,0,0
126,2026-01-22,0,0,0,0,0,0,0,0,0
126,2026-01-23,0,0,0,0,0,0,0,0,0
126,2026-01-24,0,0,0,0,0,0,0,0,0
126,2026-01-25,5,5,3,2,0,3,2,0,0
126,2026-01-26,7,12,7,0,1,5,0,1,0
126,2026-01-27,3,15,2,1,0,2,1,0,0
126,2026-01-28,6,21,6,0,4,2,0,0,0
126,2026-01-29,3,24,3,0,1,2,0,0,0
126,2026-01-30,6,30,6,0,1,5,0,0,0
126,2026-01-31,3,33,3,0,1,2,0,0,0
126,2026-02-01,7,40,5,2,4,1,2,0,0
126,2026-02-02,7,47,7,0,0,5,0,2,0
126,2026-02-03,6,53,5,1,1,4,0,0,1
126,2026-02-04,5,58,3,2,2,1,2,0,0
126,2026-02-05,7,65,7,0,1,5,0,1,0
126,2026-02-06,7,72,7,0,2,5,0,0,0
126,2026-02-07,11,83,8,3,4,4,3,0,0
126,2026-02-08,4,87,2,2,2,0,1,0,1
126,2026-02-09,3,90,2,1,1,1,1,0,0
126,2026-02-10,6,96,5,1,3,2,1,0,0
127,2026-01-14,0,0,0,0,0,0,0,0,0
127,2026-01-15,0,0,0,0,0,0,0,0,0
127,2026-01-16,0,0,0,0,0,0,0,0,0
127,2026-01-17,0,0,0,0,0,0,0,0,0
127,2026-01-18,0,0,0,0,0,0,0,0,0
127,2026-01-19,0,0,0,0,0,0,0,0,0
127,2026-01-20,0,0,0,0,0,0,0,0,0
127,2026-01-21,0,0,0,0,0,0,0,0,0
127,2026-01-22,0,0,0,0,0,0,0,0,0
127,2026-01-23,0,0,0,0,0,0,0,0,0
127,2026-01-24,0,0,0,0,0,0,0,0,0
127,2026-01-25,10,10,8,2,3,4,1,1,1
127,2026-01-26,2,12,2,0,1,1,0,0,0
127,2026-01-27,10,22,8,2,0,7,1,1,1
127,2026-01-28,6,28,6,0,1,5,0,0,0
127,2026-01-29,3,31,2,1,1,1,1,0,0
127,2026-01-30,5,36,5,0,1,4,0,0,0
127,2026-01-31,5,41,4,1,1,2,0,1,1
127,2026-02-01,15,56,13,2,6,4,2,3,0
127,2026-02-02,3,59,3,0,0,3,0,0,0
127,2026-02-03,7,66,5,2,1,3,0,1,2
127,2026-02-04,6,72,5,1,1,4,1,0,0
127,2026-02-05,8,80,7,1,1,5,0,1,1
127,2026-02-06,8,88,7,1,0,6,1,1,0
127,2026-02-07,6,94,4,2,1,2,1,1,1
127,2026-02-08,8,102,5,3,2,3,1,0,2
127,2026-02-09,7,109,5,2,1,2,1,2,1
127,2026-02-10,10,119,7,3,2,4,2,1,1
128,2026-01-14,0,0,0,0,0,0,0,0,0
128,2026-01-15,0,0,0,0,0,0,0,0,0
128,2026-01-16,0,0,0,0,0,0,0,0,0
128,2026-01-17,0,0,0,0,0,0,0,0,0
128,2026-01-18,0,0,0,0,0,0,0,0,0
128,2026-01-19,0,0,0,0,0,0,0,0,0
128,2026-01-20,0,0,0,0,0,0,0,0,0
128,2026-01-21,0,0,0,0,0,0,0,0,0
128,2026-01-22,0,0,0,0,0,0,0,0,0
128,2026-01-23,0,0,0,0,0,0,0,0,0
128,2026-01-24,0,0,0,0,0,0,0,0,0
128,2026-01-25,3,3,1,2,0,1,2,0,0
128,2026-01-26,7,10,5,2,1,4,1,0,1
128,2026-01-27,6,16,5,1,1,4,1,0,0
128,2026-01-28,6,22,5,1,1,4,1,0,0
128,2026-01-29,5,27,3,2,1,2,2,0,0
128,2026-01-30,7,34,4,3,1,2,3,1,0
128,2026-01-31,5,39,4,1,0,4,1,0,0
128,2026-02-01,7,46,4,3,2,1,2,1,1
128,2026-02-02,8,54,6,2,0,5,2,1,0
128,2026-02-03,10,64,5,5,1,3,3,1,2
128,2026-02-04,6,70,5,1,2,3,1,0,0
128,2026-02-05,12,82,8,4,2,4,4,2,0
128,2026-02-06,10,92,8,2,2,5,1,1,1
128,2026-02-07,8,100,5,3,2,3,3,0,0
128,2026-02-08,18,118,15,3,7,6,3,2,0
128,2026-02-09,8,126,5,3,2,0,3,3,0
128,2026-02-10,10,136,8,2,0,7,0,1,2
129,2026-01-14,0,0,0,0,0,0,0,0,0
129,2026-01-15,0,0,0,0,0,0,0,0,0
129,2026-01-16,0,0,0,0,0,0,0,0,0
129,2026-01-17,0,0,0,0,0,0,0,0,0
129,2026-01-18,0,0,0,0,0,0,0,0,0
129,2026-01-19,0,0,0,0,0,0,0,0,0
129,2026-01-20,0,0,0,0,0,0,0,0,0
129,2026-01-21,0,0,0,0,0,0,0,0,0
129,2026-01-22,0,0,0,0,0,0,0,0,0
129,2026-01-23,0,0,0,0,0,0,0,0,0
129,2026-01-24,0,0,0,0,0,0,0,0,0
129,2026-01-25,9,9,7,2,2,5,1,0,1
129,2026-01-26,8,17,8,0,1,5,0,2,0
129,2026-01-27,0,17,0,0,0,0,0,0,0
129,2026-01-28,3,20,2,1,1,1,1,0,0
129,2026-01-29,3,23,3,0,1,2,0,0,0
129,2026-01-30,5,28,4,1,2,2,0,0,1
129,2026-01-31,4,32,4,0,1,3,0,0,0
129,2026-02-01,6,38,4,2,1,3,1,0,1
129,2026-02-02,2,40,2,0,1,1,0,0,0
129,2026-02-03,7,47,6,1,3,3,1,0,0
129,2026-02-04,5,52,4,1,1,3,0,0,1
129,2026-02-05,7,59,5,2,1,3,2,1,0
129,2026-02-06,5,64,4,1,0,4,0,0,1
129,2026-02-07,10,74,8,2,2,5,2,1,0
129,2026-02-08,4,78,3,1,2,1,1,0,0
129,2026-02-09,7,85,2,5,1,1,3,0,2
129,2026-02-10,14,99,10,4,0,8,4,2,0
130,2026-01-14,0,0,0,0,0,0,0,0,0
130,2026-01-15,0,0,0,0,0,0,0,0,0
130,2026-01-16,0,0,0,0,0,0,0,0,0
130,2026-01-17,0,0,0,0,0,0,0,0,0
130,2026-01-18,0,0,0,0,0,0,0,0,0
130,2026-01-19,0,0,0,0,0,0,0,0,0
130,2026-01-20,0,0,0,0,0,0,0,0,0
130,2026-01-21,0,0,0,0,0,0,0,0,0
130,2026-01-22,0,0,0,0,0,0,0,0,0
130,2026-01-23,0,0,0,0,0,0,0,0,0
130,2026-01-24,0,0,0,0,0,0,0,0,0
130,2026-01-25,9,9,8,1,2,6,1,0,0
130,2026-01-26,2,11,2,0,0,1,0,1,0
130,2026-01-27,8,19,8,0,3,5,0,0,0
130,2026-01-28,6,25,6,0,1,4,0,1,0
130,2026-01-29,10,35,7,3,3,3,3,1,0
130,2026-01-30,10,45,9,1,2,7,1,0,0
130,2026-01-31,10,55,10,0,3,5,0,2,0
130,2026-02-01,12,67,10,2,2,6,2,2,0
130,2026-02-02,14,81,13,1,2,10,1,1,0
130,2026-02-03,8,89,6,2,3,3,2,0,0
130,2026-02-04,11,100,8,3,2,6,1,0,2
130,2026-02-05,10,110,9,1,3,5,1,1,0
130,2026-02-06,11,121,9,2,4,4,1,1,1
130,2026-02-07,20,141,15,5,5,9,4,1,1
130,2026-02-08,11,152,9,2,5,3,1,1,1
130,2026-02-09,17,169,14,3,5,9,2,0,1
130,2026-02-10,15,184,15,0,2,11,0,2,0
131,2026-01-14,0,0,0,0,0,0,0,0,0
131,2026-01-15,0,0,0,0,0,0,0,0,0
131,2026-01-16,0,0,0,0,0,0,0,0,0
131,2026-01-17,0,0,0,0,0,0,0,0,0
131,2026-01-18,0,0,0,0,0,0,0,0,0
131,2026-01-19,0,0,0,0,0,0,0,0,0
131,2026-01-20,0,0,0,0,0,0,0,0,0
131,2026-01-21,0,0,0,0,0,0,0,0,0
131,2026-01-22,0,0,0,0,0,0,0,0,0
131,2026-01-23,0,0,0,0,0,0,0,0,0
131,2026-01-24,0,0,0,0,0,0,0,0,0
131,2026-01-25,9,9,6,3,1,3,3,2,0
131,2026-01-26,6,15,6,0,1,4,0,1,0
131,2026-01-27,4,19,2,2,1,1,2,0,0
131,2026-01-28,7,26,3,4,2,1,3,0,1
131,2026-01-29,2,28,2,0,2,0,0,0,0
131,2026-01-30,3,31,3,0,1,2,0,0,0
131,2026-01-31,9,40,6,3,1,4,3,1,0
131,2026-02-01,4,44,2,2,1,0,1,1,1
131,2026-02-02,8,52,5,3,0,4,2,1,1
131,2026-02-03,8,60,6,2,2,3,1,1,1
131,2026-02-04,11,71,9,2,1,7,1,1,1
131,2026-02-05,10,81,7,3,0,6,2,1,1
131,2026-02-06,15,96,12,3,5,7,2,0,1
131,2026-02-07,5,101,4,1,3,0,1,1,0
131,2026-02-08,11,112,8,3,0,5,3,3,0
131,2026-02-09,13,125,9,4,1,8,3,0,1
131,2026-02-10,10,135,8,2,1,7,2,0,0
132,2026-01-14,0,0,0,0,0,0,0,0,0
132,2026-01-15,0,0,0,0,0,0,0,0,0
132,2026-01-16,0,0,0,0,0,0,0,0,0
132,2026-01-17,0,0,0,0,0,0,0,0,0
132,2026-01-18,0,0,0,0,0,0,0,0,0
132,2026-01-19,0,0,0,0,0,0,0,0,0
132,2026-01-20,0,0,0,0,0,0,0,0,0
132,2026-01-21,0,0,0,0,0,0,0,0,0
132,2026-01-22,0,0,0,0,0,0,0,0,0
132,2026-01-23,0,0,0,0,0,0,0,0,0
132,2026-01-24,0,0,0,0,0,0,0,0,0
132,2026-01-25,2,2,2,0,0,2,0,0,0
132,2026-01-26,4,6,4,0,0,3,0,1,0
132,2026-01-27,1,7,1,0,0,1,0,0,0
132,2026-01-28,5,12,3,2,1,2,1,0,1
132,2026-01-29,4,16,3,1,1,2,1,0,0
132,2026-01-30,1,17,0,1,0,0,1,0,0
132,2026-01-31,5,22,4,1,1,2,1,1,0
132,2026-02-01,4,26,4,0,1,3,0,0,0
132,2026-02-02,9,35,6,3,3,3,2,0,1
132,2026-02-03,2,37,2,0,1,1,0,0,0
132,2026-02-04,3,40,3,0,1,2,0,0,0
132,2026-02-05,9,49,8,1,3,5,0,0,1
132,2026-02-06,7,56,5,2,0,3,1,2,1
132,2026-02-07,1,57,1,0,0,1,0,0,0
132,2026-02-08,9,66,8,1,2,5,1,1,0
132,2026-02-09,7,73,7,0,4,3,0,0,0
132,2026-02-10,7,80,6,1,0,6,0,0,1
133,2026-01-14,0,0,0,0,0,0,0,0,0
133,2026-01-15,0,0,0,0,0,0,0,0,0
133,2026-01-16,0,0,0,0,0,0,0,0,0
133,2026-01-17,0,0,0,0,0,0,0,0,0
133,2026-01-18,0,0,0,0,0,0,0,0,0
133,2026-01-19,0,0,0,0,0,0,0,0,0
133,2026-01-20,0,0,0,0,0,0,0,0,0
133,2026-01-21,0,0,0,0,0,0,0,0,0
133,2026-01-22,0,0,0,0,0,0,0,0,0
133,2026-01-23,0,0,0,0,0,0,0,0,0
133,2026-01-24,0,0,0,0,0,0,0,0,0
133,2026-01-25,8,8,6,2,4,2,1,0,1
133,2026-01-26,7,15,3,4,2,1,3,0,1
133,2026-01-27,6,21,6,0,1,5,0,0,0
133,2026-01-28,5,26,4,1,1,3,0,0,1
133,2026-01-29,2,28,2,0,0,2,0,0,0
133,2026-01-30,6,34,3,3,2,1,2,0,1
133,2026-01-31,7,41,6,1,0,4,1,2,0
133,2026-02-01,6,47,5,1,0,4,1,1,0
133,2026-02-02,10,57,7,3,2,3,2,2,1
133,2026-02-03,10,67,8,2,1,4,1,3,1
133,2026-02-04,11,78,10,1,3,7,1,0,0
133,2026-02-05,15,93,14,1,2,10,1,2,0
133,2026-02-06,12,105,9,3,2,7,2,0,1
133,2026-02-07,11,116,8,3,3,5,3,0,0
133,2026-02-08,9,125,6,3,3,3,3,0,0
133,2026-02-09,11,136,8,3,1,6,2,1,1
133,2026-02-10,13,149,13,0,5,8,0,0,0
134,2026-01-14,0,0,0,0,0,0,0,0,0
134,2026-01-15,0,0,0,0,0,0,0,0,0
134,2026-01-16,0,0,0,0,0,0,0,0,0
134,2026-01-17,0,0,0,0,0,0,0,0,0
134,2026-01-18,0,0,0,0,0,0,0,0,0
134,2026-01-19,0,0,0,0,0,0,0,0,0
134,2026-01-20,0,0,0,0,0,0,0,0,0
134,2026-01-21,0,0,0,0,0,0,0,0,0
134,2026-01-22,0,0,0,0,0,0,0,0,0
134,2026-01-23,0,0,0,0,0,0,0,0,0
134,2026-01-24,0,0,0,0,0,0,0,0,0
134,2026-01-25,8,8,6,2,3,2,2,1,0
134,2026-01-26,9,17,8,1,1,6,1,1,0
134,2026-01-27,2,19,1,1,0,1,1,0,0
134,2026-01-28,2,21,1,1,0,1,0,0,1
134,2026-01-29,3,24,2,1,2,0,1,0,0
134,2026-01-30,1,25,0,1,0,0,1,0,0
134,2026-01-31,3,28,3,0,3,0,0,0,0
134,2026-02-01,1,29,0,1,0,0,1,0,0
134,2026-02-02,7,36,5,2,1,4,2,0,0
134,2026-02-03,6,42,4,2,0,4,2,0,0
134,2026-02-04,3,45,3,0,1,2,0,0,0
134,2026-02-05,6,51,6,0,0,6,0,0,0
134,2026-02-06,12,63,10,2,5,5,1,0,1
134,2026-02-07,5,68,3,2,3,0,2,0,0
134,2026-02-08,9,77,5,4,2,3,4,0,0
134,2026-02-09,2,79,1,1,0,1,1,0,0
134,2026-02-10,10,89,5,5,1,3,5,1,0
135,2026-01-14,0,0,0,0,0,0,0,0,0
135,2026-01-15,0,0,0,0,0,0,0,0,0
135,2026-01-16,0,0,0,0,0,0,0,0,0
135,2026-01-17,0,0,0,0,0,0,0,0,0
135,2026-01-18,0,0,0,0,0,0,0,0,0
135,2026-01-19,0,0,0,0,0,0,0,0,0
135,2026-01-20,0,0,0,0,0,0,0,0,0
135,2026-01-21,0,0,0,0,0,0,0,0,0
135,2026-01-22,0,0,0,0,0,0,0,0,0
135,2026-01-23,0,0,0,0,0,0,0,0,0
135,2026-01-24,0,0,0,0,0,0,0,0,0
135,2026-01-25,14,14,10,4,5,3,4,2,0
135,2026-01-26,5,19,3,2,1,1,2,1,0
135,2026-01-27,2,21,1,1,0,0,1,1,0
135,2026-01-28,6,27,2,4,1,0,3,1,1
135,2026-01-29,2,29,0,2,0,0,2,0,0
135,2026-01-30,7,36,5,2,0,4,2,1,0
135,2026-01-31,6,42,3,3,0,3,2,0,1
135,2026-02-01,4,46,4,0,2,2,0,0,0
135,2026-02-02,8,54,4,4,0,4,4,0,0
135,2026-02-03,7,61,7,0,3,3,0,1,0
135,2026-02-04,10,71,8,2,2,6,2,0,0
135,2026-02-05,5,76,3,2,1,2,2,0,0
135,2026-02-06,7,83,7,0,0,7,0,0,0
135,2026-02-07,11,94,10,1,3,4,1,3,0
135,2026-02-08,10,104,7,3,1,6,3,0,0
135,2026-02-09,8,112,8,0,4,4,0,0,0
135,2026-02-10,10,122,5,5,2,3,4,0,1
136,2026-01-14,0,0,0,0,0,0,0,0,0
136,2026-01-15,0,0,0,0,0,0,0,0,0
136,2026-01-16,0,0,0,0,0,0,0,0,0
136,2026-01-17,0,0,0,0,0,0,0,0,0
136,2026-01-18,0,0,0,0,0,0,0,0,0
136,2026-01-19,0,0,0,0,0,0,0,0,0
136,2026-01-20,0,0,0,0,0,0,0,0,0
136,2026-01-21,0,0,0,0,0,0,0,0,0
136,2026-01-22,0,0,0,0,0,0,0,0,0
136,2026-01-23,0,0,0,0,0,0,0,0,0
136,2026-01-24,0,0,0,0,0,0,0,0,0
136,2026-01-25,12,12,12,0,3,8,0,1,0
136,2026-01-26,6,18,6,0,2,4,0,0,0
136,2026-01-27,5,23,5,0,1,4,0,0,0
136,2026-01-28,7,30,7,0,1,3,0,3,0
136,2026-01-29,7,37,5,2,0,4,1,1,1
136,2026-01-30,8,45,8,0,5,3,0,0,0
136,2026-01-31,13,58,13,0,4,8,0,1,0
136,2026-02-01,6,64,5,1,1,3,1,1,0
136,2026-02-02,5,69,4,1,1,3,0,0,1
136,2026-02-03,10,79,9,1,2,6,0,1,1
136,2026-02-04,13,92,12,1,5,5,1,2,0
136,2026-02-05,10,102,6,4,2,4,3,0,1
136,2026-02-06,14,116,12,2,5,6,2,1,0
136,2026-02-07,19,135,15,4,5,9,3,1,1
136,2026-02-08,11,146,9,2,5,4,2,0,0
136,2026-02-09,12,158,12,0,1,11,0,0,0
136,2026-02-10,14,172,13,1,4,7,1,2,0
137,2026-01-14,0,0,0,0,0,0,0,0,0
137,2026-01-15,0,0,0,0,0,0,0,0,0
137,2026-01-16,0,0,0,0,0,0,0,0,0
137,2026-01-17,0,0,0,0,0,0,0,0,0
137,2026-01-18,0,0,0,0,0,0,0,0,0
137,2026-01-19,0,0,0,0,0,0,0,0,0
137,2026-01-20,0,0,0,0,0,0,0,0,0
137,2026-01-21,0,0,0,0,0,0,0,0,0
137,2026-01-22,0,0,0,0,0,0,0,0,0
137,2026-01-23,0,0,0,0,0,0,0,0,0
137,2026-01-24,0,0,0,0,0,0,0,0,0
137,2026-01-25,5,5,4,1,1,3,1,0,0
137,2026-01-26,3,8,3,0,0,3,0,0,0
137,2026-01-27,3,11,3,0,0,3,0,0,0
137,2026-01-28,3,14,3,0,1,2,0,0,0
137,2026-01-29,4,18,4,0,2,1,0,1,0
137,2026-01-30,2,20,1,1,0,1,1,0,0
137,2026-01-31,6,26,4,2,0,4,1,0,1
137,2026-02-01,2,28,1,1,0,1,1,0,0
137,2026-02-02,13,41,12,1,6,6,1,0,0
137,2026-02-03,3,44,2,1,0,2,1,0,0
137,2026-02-04,5,49,4,1,2,1,0,1,1
137,2026-02-05,5,54,4,1,2,2,1,0,0
137,2026-02-06,5,59,4,1,2,2,1,0,0
137,2026-02-07,7,66,4,3,0,4,2,0,1
137,2026-02-08,6,72,2,4,2,0,4,0,0
137,2026-02-09,8,80,6,2,3,2,2,1,0
137,2026-02-10,6,86,6,0,0,5,0,1,0
138,2026-01-14,0,0,0,0,0,0,0,0,0
138,2026-01-15,0,0,0,0,0,0,0,0,0
138,2026-01-16,0,0,0,0,0,0,0,0,0
138,2026-01-17,0,0,0,0,0,0,0,0,0
138,2026-01-18,0,0,0,0,0,0,0,0,0
138,2026-01-19,0,0,0,0,0,0,0,0,0
138,2026-01-20,0,0,0,0,0,0,0,0,0
138,2026-01-21,0,0,0,0,0,0,0,0,0
138,2026-01-22,0,0,0,0,0,0,0,0,0
138,2026-01-23,0,0,0,0,0,0,0,0,0
138,2026-01-24,0,0,0,0,0,0,0,0,0
138,2026-01-25,7,7,6,1,1,4,1,1,0
138,2026-01-26,3,10,1,2,0,0,2,1,0
138,2026-01-27,5,15,4,1,1,3,1,0,0
138,2026-01-28,4,19,3,1,1,2,1,0,0
138,2026-01-29,7,26,5,2,3,2,2,0,0
138,2026-01-30,6,32,4,2,0,2,1,2,1
138,2026-01-31,3,35,3,0,1,2,0,0,0
138,2026-02-01,7,42,6,1,2,3,1,1,0
138,2026-02-02,4,46,3,1,1,2,1,0,0
138,2026-02-03,3,49,3,0,0,3,0,0,0
138,2026-02-04,4,53,2,2,0,2,1,0,1
138,2026-02-05,6,59,4,2,4,0,2,0,0
138,2026-02-06,6,65,5,1,3,2,1,0,0
138,2026-02-07,7,72,7,0,3,3,0,1,0
138,2026-02-08,10,82,6,4,2,4,4,0,0
138,2026-02-09,5,87,4,1,1,2,1,1,0
138,2026-02-10,7,94,6,1,3,3,1,0,0
139,2026-01-14,0,0,0,0,0,0,0,0,0
139,2026-01-15,0,0,0,0,0,0,0,0,0
139,2026-01-16,0,0,0,0,0,0,0,0,0
139,2026-01-17,0,0,0,0,0,0,0,0,0
139,2026-01-18,0,0,0,0,0,0,0,0,0
139,2026-01-19,0,0,0,0,0,0,0,0,0
139,2026-01-20,0,0,0,0,0,0,0,0,0
139,2026-01-21,0,0,0,0,0,0,0,0,0
139,2026-01-22,0,0,0,0,0,0,0,0,0
139,2026-01-23,0,0,0,0,0,0,0,0,0
139,2026-01-24,0,0,0,0,0,0,0,0,0
139,2026-01-25,7,7,6,1,0,6,1,0,0
139,2026-01-26,4,11,2,2,0,2,2,0,0
139,2026-01-27,2,13,0,2,0,0,2,0,0
139,2026-01-28,3,16,2,1,1,1,1,0,0
139,2026-01-29,8,24,7,1,2,5,1,0,0
139,2026-01-30,5,29,5,0,1,4,0,0,0
139,2026-01-31,5,34,4,1,2,1,1,1,0
139,2026-02-01,7,41,4,3,0,3,2,1,1
139,2026-02-02,4,45,3,1,1,2,1,0,0
139,2026-02-03,4,49,2,2,0,1,1,1,1
139,2026-02-04,5,54,3,2,1,2,1,0,1
139,2026-02-05,10,64,8,2,3,3,2,2,0
139,2026-02-06,5,69,4,1,1,1,0,2,1
139,2026-02-07,4,73,4,0,2,2,0,0,0
139,2026-02-08,9,82,6,3,3,3,3,0,0
139,2026-02-09,8,90,5,3,3,2,3,0,0
139,2026-02-10,4,94,3,1,0,3,0,0,1
140,2026-01-14,0,0,0,0,0,0,0,0,0
140,2026-01-15,0,0,0,0,0,0,0,0,0
140,2026-01-16,0,0,0,0,0,0,0,0,0
140,2026-01-17,0,0,0,0,0,0,0,0,0
140,2026-01-18,0,0,0,0,0,0,0,0,0
140,2026-01-19,0,0,0,0,0,0,0,0,0
140,2026-01-20,0,0,0,0,0,0,0,0,0
140,2026-01-21,0,0,0,0,0,0,0,0,0
140,2026-01-22,0,0,0,0,0,0,0,0,0
140,2026-01-23,0,0,0,0,0,0,0,0,0
140,2026-01-24,0,0,0,0,0,0,0,0,0
140,2026-01-25,9,9,8,1,2,6,1,0,0
140,2026-01-26,5,14,4,1,2,2,1,0,0
140,2026-01-27,4,18,3,1,1,1,1,1,0
140,2026-01-28,2,20,2,0,0,2,0,0,0
140,2026-01-29,6,26,5,1,1,4,1,0,0
140,2026-01-30,5,31,4,1,1,3,1,0,0
140,2026-01-31,2,33,2,0,0,2,0,0,0
140,2026-02-01,5,38,3,2,1,2,1,0,1
140,2026-02-02,6,44,6,0,3,1,0,2,0
140,2026-02-03,5,49,4,1,2,1,1,1,0
140,2026-02-04,6,55,6,0,1,5,0,0,0
140,2026-02-05,6,61,5,1,0,4,1,1,0
140,2026-02-06,8,69,6,2,3,3,1,0,1
140,2026-02-07,8,77,6,2,2,4,1,0,1
140,2026-02-08,13,90,10,3,4,5,2,1,1
140,2026-02-09,8,98,7,1,2,4,1,1,0
140,2026-02-10,6,104,6,0,0,6,0,0,0
141,2026-01-14,0,0,0,0,0,0,0,0,0
141,2026-01-15,0,0,0,0,0,0,0,0,0
141,2026-01-16,0,0,0,0,0,0,0,0,0
141,2026-01-17,0,0,0,0,0,0,0,0,0
141,2026-01-18,0,0,0,0,0,0,0,0,0
141,2026-01-19,0,0,0,0,0,0,0,0,0
141,2026-01-20,0,0,0,0,0,0,0,0,0
141,2026-01-21,0,0,0,0,0,0,0,0,0
141,2026-01-22,0,0,0,0,0,0,0,0,0
141,2026-01-23,0,0,0,0,0,0,0,0,0
141,2026-01-24,0,0,0,0,0,0,0,0,0
141,2026-01-25,6,6,6,0,1,4,0,1,0
141,2026-01-26,3,9,1,2,0,1,2,0,0
141,2026-01-27,3,12,3,0,0,3,0,0,0
141,2026-01-28,7,19,5,2,1,4,1,0,1
141,2026-01-29,1,20,1,0,0,1,0,0,0
141,2026-01-30,1,21,1,0,0,1,0,0,0
141,2026-01-31,3,24,3,0,1,2,0,0,0
141,2026-02-01,1,25,1,0,0,1,0,0,0
141,2026-02-02,6,31,3,3,0,3,2,0,1
141,2026-02-03,9,40,7,2,3,2,2,2,0
141,2026-02-04,6,46,5,1,3,2,0,0,1
141,2026-02-05,8,54,6,2,1,2,2,3,0
141,2026-02-06,4,58,4,0,1,3,0,0,0
141,2026-02-07,5,63,4,1,1,2,1,1,0
141,2026-02-08,5,68,3,2,2,1,2,0,0
141,2026-02-09,5,73,3,2,0,3,2,0,0
141,2026-02-10,3,76,2,1,1,1,1,0,0
142,2026-01-14,0,0,0,0,0,0,0,0,0
142,2026-01-15,0,0,0,0,0,0,0,0,0
142,2026-01-16,0,0,0,0,0,0,0,0,0
142,2026-01-17,0,0,0,0,0,0,0,0,0
142,2026-01-18,0,0,0,0,0,0,0,0,0
142,2026-01-19,0,0,0,0,0,0,0,0,0
142,2026-01-20,0,0,0,0,0,0,0,0,0
142,2026-01-21,0,0,0,0,0,0,0,0,0
142,2026-01-22,0,0,0,0,0,0,0,0,0
142,2026-01-23,0,0,0,0,0,0,0,0,0
142,2026-01-24,0,0,0,0,0,0,0,0,0
142,2026-01-25,6,6,5,1,0,4,0,1,1
142,2026-01-26,2,8,1,1,1,0,1,0,0
142,2026-01-27,5,13,3,2,1,2,2,0,0
142,2026-01-28,2,15,2,0,0,1,0,1,0
142,2026-01-29,6,21,5,1,0,5,1,0,0
142,2026-01-30,1,22,1,0,1,0,0,0,0
142,2026-01-31,5,27,3,2,2,1,2,0,0
142,2026-02-01,2,29,2,0,0,2,0,0,0
142,2026-02-02,1,30,1,0,0,1,0,0,0
142,2026-02-03,6,36,4,2,1,2,1,1,1
142,2026-02-04,5,41,5,0,2,3,0,0,0
142,2026-02-05,6,47,6,0,1,5,0,0,0
142,2026-02-06,11,58,8,3,3,4,3,1,0
142,2026-02-07,6,64,5,1,0,4,1,1,0
142,2026-02-08,9,73,7,2,1,4,1,2,1
142,2026-02-09,4,77,4,0,0,3,0,1,0
142,2026-02-10,8,85,6,2,0,6,2,0,0
143,2026-01-14,0,0,0,0,0,0,0,0,0
143,2026-01-15,0,0,0,0,0,0,0,0,0
143,2026-01-16,0,0,0,0,0,0,0,0,0
143,2026-01-17,0,0,0,0,0,0,0,0,0
143,2026-01-18,0,0,0,0,0,0,0,0,0
143,2026-01-19,0,0,0,0,0,0,0,0,0
143,2026-01-20,0,0,0,0,0,0,0,0,0
143,2026-01-21,0,0,0,0,0,0,0,0,0
143,2026-01-22,0,0,0,0,0,0,0,0,0
143,2026-01-23,0,0,0,0,0,0,0,0,0
143,2026-01-24,0,0,0,0,0,0,0,0,0
143,2026-01-25,4,4,3,1,0,2,1,1,0
143,2026-01-26,6,10,6,0,1,4,0,1,0
143,2026-01-27,4,14,4,0,0,4,0,0,0
143,2026-01-28,2,16,1,1,0,1,1,0,0
143,2026-01-29,6,22,5,1,1,4,0,0,1
143,2026-01-30,3,25,3,0,0,3,0,0,0
143,2026-01-31,1,26,1,0,1,0,0,0,0
143,2026-02-01,5,31,4,1,2,2,0,0,1
143,2026-02-02,9,40,6,3,0,6,2,0,1
143,2026-02-03,5,45,4,1,2,2,1,0,0
143,2026-02-04,9,54,8,1,5,3,0,0,1
143,2026-02-05,9,63,7,2,1,5,2,1,0
143,2026-02-06,11,74,9,2,3,6,2,0,0
143,2026-02-07,11,85,10,1,4,4,0,2,1
143,2026-02-08,7,92,6,1,2,4,0,0,1
143,2026-02-09,7,99,7,0,4,1,0,2,0
143,2026-02-10,16,115,13,3,3,10,2,0,1
144,2026-01-14,0,0,0,0,0,0,0,0,0
144,2026-01-15,0,0,0,0,0,0,0,0,0
144,2026-01-16,0,0,0,0,0,0,0,0,0
144,2026-01-17,0,0,0,0,0,0,0,0,0
144,2026-01-18,0,0,0,0,0,0,0,0,0
144,2026-01-19,0,0,0,0,0,0,0,0,0
144,2026-01-20,0,0,0,0,0,0,0,0,0
144,2026-01-21,0,0,0,0,0,0,0,0,0
144,2026-01-22,0,0,0,0,0,0,0,0,0
144,2026-01-23,0,0,0,0,0,0,0,0,0
144,2026-01-24,0,0,0,0,0,0,0,0,0
144,2026-01-25,8,8,7,1,4,3,1,0,0
144,2026-01-26,3,11,2,1,0,2,1,0,0
144,2026-01-27,7,18,6,1,2,4,1,0,0
144,2026-01-28,0,18,0,0,0,0,0,0,0
144,2026-01-29,4,22,3,1,0,1,1,2,0
144,2026-01-30,4,26,3,1,1,2,1,0,0
144,2026-01-31,3,29,3,0,0,3,0,0,0
144,2026-02-01,5,34,5,0,2,3,0,0,0
144,2026-02-02,8,42,6,2,2,3,1,1,1
144,2026-02-03,7,49,5,2,1,4,2,0,0
144,2026-02-04,8,57,7,1,2,5,0,0,1
144,2026-02-05,5,62,4,1,3,1,1,0,0
144,2026-02-06,5,67,5,0,1,4,0,0,0
144,2026-02-07,6,73,4,2,1,3,0,0,2
144,2026-02-08,6,79,4,2,0,3,1,1,1
144,2026-02-09,4,83,4,0,0,4,0,0,0
144,2026-02-10,9,92,8,1,2,6,0,0,1
145,2026-01-14,0,0,0,0,0,0,0,0,0
145,2026-01-15,0,0,0,0,0,0,0,0,0
145,2026-01-16,0,0,0,0,0,0,0,0,0
145,2026-01-17,0,0,0,0,0,0,0,0,0
145,2026-01-18,0,0,0,0,0,0,0,0,0
145,2026-01-19,0,0,0,0,0,0,0,0,0
145,2026-01-20,0,0,0,0,0,0,0,0,0
145,2026-01-21,0,0,0,0,0,0,0,0,0
145,2026-01-22,0,0,0,0,0,0,0,0,0
145,2026-01-23,0,0,0,0,0,0,0,0,0
145,2026-01-24,0,0,0,0,0,0,0,0,0
145,2026-01-25,7,7,6,1,0,5,0,1,1
145,2026-01-26,7,14,5,2,1,4,1,0,1
145,2026-01-27,5,19,3,2,0,2,2,1,0
145,2026-01-28,7,26,5,2,1,2,2,2,0
145,2026-01-29,3,29,3,0,2,0,0,1,0
145,2026-01-30,8,37,4,4,0,4,3,0,1
145,2026-01-31,12,49,11,1,5,4,1,2,0
145,2026-02-01,9,58,7,2,2,3,2,2,0
145,2026-02-02,4,62,3,1,3,0,1,0,0
145,2026-02-03,4,66,3,1,1,2,0,0,1
145,2026-02-04,19,85,15,4,4,9,0,2,4
145,2026-02-05,8,93,8,0,3,5,0,0,0
145,2026-02-06,7,100,5,2,1,4,1,0,1
145,2026-02-07,8,108,7,1,3,4,1,0,0
145,2026-02-08,8,116,8,0,2,6,0,0,0
145,2026-02-09,14,130,12,2,2,9,2,1,0
145,2026-02-10,12,142,7,5,1,5,4,1,1
146,2026-01-14,0,0,0,0,0,0,0,0,0
146,2026-01-15,0,0,0,0,0,0,0,0,0
146,2026-01-16,0,0,0,0,0,0,0,0,0
146,2026-01-17,0,0,0,0,0,0,0,0,0
146,2026-01-18,0,0,0,0,0,0,0,0,0
146,2026-01-19,0,0,0,0,0,0,0,0,0
146,2026-01-20,0,0,0,0,0,0,0,0,0
146,2026-01-21,0,0,0,0,0,0,0,0,0
146,2026-01-22,0,0,0,0,0,0,0,0,0
146,2026-01-23,0,0,0,0,0,0,0,0,0
146,2026-01-24,0,0,0,0,0,0,0,0,0
146,2026-01-25,9,9,7,2,2,4,1,1,1
146,2026-01-26,5,14,5,0,1,3,0,1,0
146,2026-01-27,4,18,2,2,1,1,1,0,1
146,2026-01-28,3,21,2,1,0,1,1,1,0
146,2026-01-29,11,32,8,3,4,4,0,0,3
146,2026-01-30,5,37,5,0,1,3,0,1,0
146,2026-01-31,5,42,4,1,0,4,0,0,1
146,2026-02-01,12,54,8,4,1,5,4,2,0
146,2026-02-02,5,59,4,1,1,2,1,1,0
146,2026-02-03,8,67,5,3,2,3,2,0,1
146,2026-02-04,4,71,2,2,0,2,2,0,0
146,2026-02-05,10,81,9,1,6,2,1,1,0
146,2026-02-06,13,94,10,3,6,4,3,0,0
146,2026-02-07,12,106,9,3,1,7,2,1,1
146,2026-02-08,17,123,13,4,3,8,4,2,0
146,2026-02-09,10,133,8,2,3,5,1,0,1
146,2026-02-10,10,143,7,3,1,5,2,1,1
147,2026-01-14,0,0,0,0,0,0,0,0,0
147,2026-01-15,0,0,0,0,0,0,0,0,0
147,2026-01-16,0,0,0,0,0,0,0,0,0
147,2026-01-17,0,0,0,0,0,0,0,0,0
147,2026-01-18,0,0,0,0,0,0,0,0,0
147,2026-01-19,0,0,0,0,0,0,0,0,0
147,2026-01-20,0,0,0,0,0,0,0,0,0
147,2026-01-21,0,0,0,0,0,0,0,0,0
147,2026-01-22,0,0,0,0,0,0,0,0,0
147,2026-01-23,0,0,0,0,0,0,0,0,0
147,2026-01-24,0,0,0,0,0,0,0,0,0
147,2026-01-25,6,6,3,3,1,2,2,0,1
147,2026-01-26,4,10,3,1,1,1,1,1,0
147,2026-01-27,4,14,3,1,0,3,1,0,0
147,2026-01-28,2,16,1,1,0,0,1,1,0
147,2026-01-29,6,22,6,0,4,2,0,0,0
147,2026-01-30,5,27,4,1,3,1,1,0,0
147,2026-01-31,5,32,3,2,0,2,1,1,1
147,2026-02-01,5,37,5,0,2,2,0,1,0
147,2026-02-02,5,42,5,0,1,2,0,2,0
147,2026-02-03,5,47,5,0,1,4,0,0,0
147,2026-02-04,7,54,4,3,1,1,3,2,0
147,2026-02-05,4,58,3,1,1,2,0,0,1
147,2026-02-06,4,62,3,1,2,1,1,0,0
147,2026-02-07,7,69,6,1,3,3,0,0,1
147,2026-02-08,11,80,8,3,2,6,3,0,0
147,2026-02-09,4,84,4,0,2,2,0,0,0
147,2026-02-10,5,89,5,0,3,1,0,1,0
148,2026-01-14,0,0,0,0,0,0,0,0,0
148,2026-01-15,0,0,0,0,0,0,0,0,0
148,2026-01-16,0,0,0,0,0,0,0,0,0
148,2026-01-17,0,0,0,0,0,0,0,0,0
148,2026-01-18,0,0,0,0,0,0,0,0,0
148,2026-01-19,0,0,0,0,0,0,0,0,0
148,2026-01-20,0,0,0,0,0,0,0,0,0
148,2026-01-21,0,0,0,0,0,0,0,0,0
148,2026-01-22,0,0,0,0,0,0,0,0,0
148,2026-01-23,0,0,0,0,0,0,0,0,0
148,2026-01-24,0,0,0,0,0,0,0,0,0
148,2026-01-25,5,5,4,1,0,3,1,1,0
148,2026-01-26,7,12,5,2,2,2,2,1,0
148,2026-01-27,4,16,4,0,1,2,0,1,0
148,2026-01-28,2,18,2,0,1,0,0,1,0
148,2026-01-29,5,23,5,0,2,3,0,0,0
148,2026-01-30,2,25,2,0,1,0,0,1,0
148,2026-01-31,3,28,2,1,0,2,1,0,0
148,2026-02-01,4,32,4,0,1,3,0,0,0
148,2026-02-02,5,37,5,0,1,4,0,0,0
148,2026-02-03,4,41,4,0,2,2,0,0,0
148,2026-02-04,6,47,6,0,0,6,0,0,0
148,2026-02-05,5,52,4,1,0,3,1,1,0
148,2026-02-06,6,58,6,0,1,4,0,1,0
148,2026-02-07,10,68,8,2,3,5,1,0,1
148,2026-02-08,10,78,7,3,3,3,1,1,2
148,2026-02-09,11,89,8,3,2,4,1,2,2
148,2026-02-10,7,96,3,4,1,1,3,1,1
149,2026-01-14,0,0,0,0,0,0,0,0,0
149,2026-01-15,0,0,0,0,0,0,0,0,0
149,2026-01-16,0,0,0,0,0,0,0,0,0
149,2026-01-17,0,0,0,0,0,0,0,0,0
149,2026-01-18,0,0,0,0,0,0,0,0,0
149,2026-01-19,0,0,0,0,0,0,0,0,0
149,2026-01-20,0,0,0,0,0,0,0,0,0
149,2026-01-21,0,0,0,0,0,0,0,0,0
149,2026-01-22,0,0,0,0,0,0,0,0,0
149,2026-01-23,0,0,0,0,0,0,0,0,0
149,2026-01-24,0,0,0,0,0,0,0,0,0
149,2026-01-25,0,0,0,0,0,0,0,0,0
149,2026-01-26,6,6,6,0,1,5,0,0,0
149,2026-01-27,2,8,2,0,0,0,0,2,0
149,2026-01-28,2,10,2,0,1,1,0,0,0
149,2026-01-29,2,12,2,0,1,1,0,0,0
149,2026-01-30,2,14,2,0,2,0,0,0,0
149,2026-01-31,0,14,0,0,0,0,0,0,0
149,2026-02-01,3,17,2,1,0,2,1,0,0
149,2026-02-02,3,20,3,0,1,2,0,0,0
149,2026-02-03,2,22,2,0,0,0,0,2,0
149,2026-02-04,1,23,1,0,0,1,0,0,0
149,2026-02-05,2,25,2,0,0,1,0,1,0
149,2026-02-06,4,29,3,1,0,1,1,2,0
149,2026-02-07,3,32,1,2,0,1,1,0,1
149,2026-02-08,1,33,0,1,0,0,1,0,0
149,2026-02-09,3,36,3,0,1,2,0,0,0
149,2026-02-10,3,39,3,0,0,3,0,0,0
150,2026-01-14,0,0,0,0,0,0,0,0,0
150,2026-01-15,0,0,0,0,0,0,0,0,0
150,2026-01-16,0,0,0,0,0,0,0,0,0
150,2026-01-17,0,0,0,0,0,0,0,0,0
150,2026-01-18,0,0,0,0,0,0,0,0,0
150,2026-01-19,0,0,0,0,0,0,0,0,0
150,2026-01-20,0,0,0,0,0,0,0,0,0
150,2026-01-21,0,0,0,0,0,0,0,0,0
150,2026-01-22,0,0,0,0,0,0,0,0,0
150,2026-01-23,0,0,0,0,0,0,0,0,0
150,2026-01-24,0,0,0,0,0,0,0,0,0
150,2026-01-25,2,2,1,1,0,1,0,0,1
150,2026-01-26,6,8,6,0,0,6,0,0,0
150,2026-01-27,5,13,4,1,3,1,0,0,1
150,2026-01-28,4,17,3,1,2,1,1,0,0
150,2026-01-29,4,21,4,0,2,2,0,0,0
150,2026-01-30,2,23,2,0,0,2,0,0,0
150,2026-01-31,5,28,3,2,0,3,1,0,1
150,2026-02-01,4,32,2,2,0,1,2,1,0
150,2026-02-02,7,39,5,2,2,2,2,1,0
150,2026-02-03,6,45,5,1,2,3,1,0,0
150,2026-02-04,7,52,5,2,0,5,1,0,1
150,2026-02-05,6,58,2,4,0,1,4,1,0
150,2026-02-06,8,66,5,3,2,2,3,1,0
150,2026-02-07,3,69,2,1,1,1,1,0,0
150,2026-02-08,4,73,4,0,0,4,0,0,0
150,2026-02-09,13,86,9,4,3,5,4,1,0
150,2026-02-10,8,94,7,1,3,4,1,0,0
151,2026-01-14,0,0,0,0,0,0,0,0,0
151,2026-01-15,0,0,0,0,0,0,0,0,0
151,2026-01-16,0,0,0,0,0,0,0,0,0
151,2026-01-17,0,0,0,0,0,0,0,0,0
151,2026-01-18,0,0,0,0,0,0,0,0,0
151,2026-01-19,0,0,0,0,0,0,0,0,0
151,2026-01-20,0,0,0,0,0,0,0,0,0
151,2026-01-21,0,0,0,0,0,0,0,0,0
151,2026-01-22,0,0,0,0,0,0,0,0,0
151,2026-01-23,0,0,0,0,0,0,0,0,0
151,2026-01-24,0,0,0,0,0,0,0,0,0
151,2026-01-25,9,9,5,4,3,2,3,0,1
151,2026-01-26,5,14,5,0,1,2,0,2,0
151,2026-01-27,3,17,2,1,0,1,1,1,0
151,2026-01-28,8,25,5,3,0,5,3,0,0
151,2026-01-29,5,30,5,0,1,3,0,1,0
151,2026-01-30,4,34,3,1,1,2,1,0,0
151,2026-01-31,5,39,3,2,2,1,1,0,1
151,2026-02-01,9,48,7,2,1,5,2,1,0
151,2026-02-02,3,51,2,1,1,0,1,1,0
151,2026-02-03,7,58,5,2,0,4,1,1,1
151,2026-02-04,10,68,8,2,2,5,2,1,0
151,2026-02-05,8,76,6,2,2,4,2,0,0
151,2026-02-06,8,84,6,2,1,4,1,1,1
151,2026-02-07,10,94,7,3,1,6,3,0,0
151,2026-02-08,9,103,7,2,4,3,1,0,1
151,2026-02-09,7,110,6,1,2,4,1,0,0
151,2026-02-10,8,118,3,5,1,1,4,1,1
152,2026-01-14,0,0,0,0,0,0,0,0,0
152,2026-01-15,0,0,0,0,0,0,0,0,0
152,2026-01-16,0,0,0,0,0,0,0,0,0
152,2026-01-17,0,0,0,0,0,0,0,0,0
152,2026-01-18,0,0,0,0,0,0,0,0,0
152,2026-01-19,0,0,0,0,0,0,0,0,0
152,2026-01-20,0,0,0,0,0,0,0,0,0
152,2026-01-21,0,0,0,0,0,0,0,0,0
152,2026-01-22,0,0,0,0,0,0,0,0,0
152,2026-01-23,0,0,0,0,0,0,0,0,0
152,2026-01-24,0,0,0,0,0,0,0,0,0
152,2026-01-25,3,3,1,2,0,1,2,0,0
152,2026-01-26,1,4,0,1,0,0,1,0,0
152,2026-01-27,2,6,2,0,2,0,0,0,0
152,2026-01-28,3,9,2,1,0,2,0,0,1
152,2026-01-29,4,13,3,1,0,3,1,0,0
152,2026-01-30,1,14,1,0,0,1,0,0,0
152,2026-01-31,5,19,2,3,0,1,2,1,1
152,2026-02-01,3,22,3,0,0,3,0,0,0
152,2026-02-02,5,27,4,1,0,4,1,0,0
152,2026-02-03,3,30,1,2,0,1,1,0,1
152,2026-02-04,6,36,3,3,1,2,3,0,0
152,2026-02-05,3,39,3,0,1,2,0,0,0
152,2026-02-06,5,44,2,3,1,1,3,0,0
152,2026-02-07,7,51,5,2,1,2,2,2,0
152,2026-02-08,4,55,3,1,2,1,1,0,0
152,2026-02-09,5,60,3,2,1,2,1,0,1
152,2026-02-10,8,68,3,5,0,3,2,0,3
153,2026-01-14,0,0,0,0,0,0,0,0,0
153,2026-01-15,0,0,0,0,0,0,0,0,0
153,2026-01-16,0,0,0,0,0,0,0,0,0
153,2026-01-17,0,0,0,0,0,0,0,0,0
153,2026-01-18,0,0,0,0,0,0,0,0,0
153,2026-01-19,0,0,0,0,0,0,0,0,0
153,2026-01-20,0,0,0,0,0,0,0,0,0
153,2026-01-21,0,0,0,0,0,0,0,0,0
153,2026-01-22,0,0,0,0,0,0,0,0,0
153,2026-01-23,0,0,0,0,0,0,0,0,0
153,2026-01-24,0,0,0,0,0,0,0,0,0
153,2026-01-25,7,7,7,0,3,4,0,0,0
153,2026-01-26,2,9,2,0,2,0,0,0,0
153,2026-01-27,5,14,2,3,1,0,2,1,1
153,2026-01-28,4,18,3,1,1,2,1,0,0
153,2026-01-29,1,19,0,1,0,0,1,0,0
153,2026-01-30,6,25,4,2,1,3,2,0,0
153,2026-01-31,5,30,5,0,1,4,0,0,0
153,2026-02-01,6,36,5,1,2,3,0,0,1
153,2026-02-02,8,44,6,2,0,6,1,0,1
153,2026-02-03,7,51,4,3,1,1,2,2,1
153,2026-02-04,4,55,4,0,2,1,0,1,0
153,2026-02-05,8,63,4,4,0,3,2,1,2
153,2026-02-06,7,70,6,1,2,4,1,0,0
153,2026-02-07,5,75,5,0,2,3,0,0,0
153,2026-02-08,9,84,8,1,3,5,1,0,0
153,2026-02-09,10,94,9,1,6,3,1,0,0
153,2026-02-10,12,106,10,2,5,5,2,0,0
154,2026-01-14,0,0,0,0,0,0,0,0,0
154,2026-01-15,0,0,0,0,0,0,0,0,0
154,2026-01-16,0,0,0,0,0,0,0,0,0
154,2026-01-17,0,0,0,0,0,0,0,0,0
154,2026-01-18,0,0,0,0,0,0,0,0,0
154,2026-01-19,0,0,0,0,0,0,0,0,0
154,2026-01-20,0,0,0,0,0,0,0,0,0
154,2026-01-21,0,0,0,0,0,0,0,0,0
154,2026-01-22,0,0,0,0,0,0,0,0,0
154,2026-01-23,0,0,0,0,0,0,0,0,0
154,2026-01-24,0,0,0,0,0,0,0,0,0
154,2026-01-25,4,4,4,0,1,3,0,0,0
154,2026-01-26,4,8,4,0,1,3,0,0,0
154,2026-01-27,0,8,0,0,0,0,0,0,0
154,2026-01-28,2,10,2,0,0,0,0,2,0
154,2026-01-29,5,15,5,0,2,2,0,1,0
154,2026-01-30,2,17,2,0,0,2,0,0,0
154,2026-01-31,0,17,0,0,0,0,0,0,0
154,2026-02-01,2,19,2,0,0,2,0,0,0
154,2026-02-02,6,25,6,0,1,4,0,1,0
154,2026-02-03,5,30,5,0,1,3,0,1,0
154,2026-02-04,4,34,3,1,1,1,1,1,0
154,2026-02-05,4,38,2,2,2,0,1,0,1
154,2026-02-06,8,46,6,2,4,0,1,2,1
154,2026-02-07,6,52,3,3,0,2,3,1,0
154,2026-02-08,4,56,3,1,2,1,1,0,0
154,2026-02-09,4,60,4,0,2,2,0,0,0
154,2026-02-10,8,68,6,2,2,3,2,1,0
155,2026-01-14,0,0,0,0,0,0,0,0,0
155,2026-01-15,0,0,0,0,0,0,0,0,0
155,2026-01-16,0,0,0,0,0,0,0,0,0
155,2026-01-17,0,0,0,0,0,0,0,0,0
155,2026-01-18,0,0,0,0,0,0,0,0,0
155,2026-01-19,0,0,0,0,0,0,0,0,0
155,2026-01-20,0,0,0,0,0,0,0,0,0
155,2026-01-21,0,0,0,0,0,0,0,0,0
155,2026-01-22,0,0,0,0,0,0,0,0,0
155,2026-01-23,0,0,0,0,0,0,0,0,0
155,2026-01-24,0,0,0,0,0,0,0,0,0
155,2026-01-25,5,5,4,1,0,3,0,1,1
155,2026-01-26,5,10,5,0,2,3,0,0,0
155,2026-01-27,5,15,4,1,2,1,1,1,0
155,2026-01-28,2,17,1,1,0,1,0,0,1
155,2026-01-29,5,22,5,0,0,4,0,1,0
155,2026-01-30,7,29,6,1,1,4,1,1,0
155,2026-01-31,10,39,5,5,0,5,3,0,2
155,2026-02-01,5,44,4,1,2,2,1,0,0
155,2026-02-02,8,52,6,2,1,5,2,0,0
155,2026-02-03,7,59,6,1,1,5,0,0,1
155,2026-02-04,8,67,6,2,2,3,2,1,0
155,2026-02-05,12,79,6,6,2,4,6,0,0
155,2026-02-06,9,88,8,1,2,4,1,2,0
155,2026-02-07,11,99,9,2,1,7,2,1,0
155,2026-02-08,9,108,5,4,2,2,4,1,0
155,2026-02-09,11,119,10,1,3,6,1,1,0
155,2026-02-10,13,132,11,2,4,7,2,0,0
156,2026-01-14,0,0,0,0,0,0,0,0,0
156,2026-01-15,0,0,0,0,0,0,0,0,0
156,2026-01-16,0,0,0,0,0,0,0,0,0
156,2026-01-17,0,0,0,0,0,0,0,0,0
156,2026-01-18,0,0,0,0,0,0,0,0,0
156,2026-01-19,0,0,0,0,0,0,0,0,0
156,2026-01-20,0,0,0,0,0,0,0,0,0
156,2026-01-21,0,0,0,0,0,0,0,0,0
156,2026-01-22,0,0,0,0,0,0,0,0,0
156,2026-01-23,0,0,0,0,0,0,0,0,0
156,2026-01-24,0,0,0,0,0,0,0,0,0
156,2026-01-25,6,6,1,5,0,1,3,0,2
156,2026-01-26,6,12,5,1,0,3,1,2,0
156,2026-01-27,3,15,2,1,0,2,1,0,0
156,2026-01-28,8,23,5,3,1,3,2,1,1
156,2026-01-29,5,28,4,1,1,3,1,0,0
156,2026-01-30,5,33,3,2,0,3,2,0,0
156,2026-01-31,11,44,9,2,1,7,2,1,0
156,2026-02-01,3,47,3,0,2,0,0,1,0
156,2026-02-02,8,55,8,0,2,5,0,1,0
156,2026-02-03,6,61,4,2,1,2,2,1,0
156,2026-02-04,9,70,7,2,0,7,2,0,0
156,2026-02-05,5,75,4,1,0,3,1,1,0
156,2026-02-06,13,88,11,2,4,7,1,0,1
156,2026-02-07,5,93,4,1,2,2,1,0,0
156,2026-02-08,12,105,9,3,2,7,2,0,1
156,2026-02-09,9,114,8,1,2,6,1,0,0
156,2026-02-10,8,122,7,1,2,5,1,0,0
157,2026-01-14,0,0,0,0,0,0,0,0,0
157,2026-01-15,0,0,0,0,0,0,0,0,0
157,2026-01-16,0,0,0,0,0,0,0,0,0
157,2026-01-17,0,0,0,0,0,0,0,0,0
157,2026-01-18,0,0,0,0,0,0,0,0,0
157,2026-01-19,0,0,0,0,0,0,0,0,0
157,2026-01-20,0,0,0,0,0,0,0,0,0
157,2026-01-21,0,0,0,0,0,0,0,0,0
157,2026-01-22,0,0,0,0,0,0,0,0,0
157,2026-01-23,0,0,0,0,0,0,0,0,0
157,2026-01-24,0,0,0,0,0,0,0,0,0
157,2026-01-25,7,7,6,1,1,5,1,0,0
157,2026-01-26,7,14,4,3,2,0,3,2,0
157,2026-01-27,3,17,3,0,1,2,0,0,0
157,2026-01-28,5,22,2,3,0,2,2,0,1
157,2026-01-29,4,26,4,0,1,3,0,0,0
157,2026-01-30,6,32,5,1,3,2,1,0,0
157,2026-01-31,5,37,4,1,2,1,0,1,1
157,2026-02-01,7,44,5,2,0,5,2,0,0
157,2026-02-02,3,47,3,0,0,3,0,0,0
157,2026-02-03,10,57,10,0,1,7,0,2,0
157,2026-02-04,7,64,7,0,4,3,0,0,0
157,2026-02-05,8,72,7,1,1,5,0,1,1
157,2026-02-06,13,85,10,3,4,2,3,4,0
157,2026-02-07,13,98,11,2,1,7,2,3,0
157,2026-02-08,11,109,8,3,3,5,1,0,2
157,2026-02-09,10,119,6,4,2,4,4,0,0
157,2026-02-10,8,127,6,2,1,3,2,2,0
158,2026-01-14,0,0,0,0,0,0,0,0,0
158,2026-01-15,0,0,0,0,0,0,0,0,0
158,2026-01-16,0,0,0,0,0,0,0,0,0
158,2026-01-17,0,0,0,0,0,0,0,0,0
158,2026-01-18,0,0,0,0,0,0,0,0,0
158,2026-01-19,0,0,0,0,0,0,0,0,0
158,2026-01-20,0,0,0,0,0,0,0,0,0
158,2026-01-21,0,0,0,0,0,0,0,0,0
158,2026-01-22,0,0,0,0,0,0,0,0,0
158,2026-01-23,0,0,0,0,0,0,0,0,0
158,2026-01-24,0,0,0,0,0,0,0,0,0
158,2026-01-25,6,6,4,2,1,3,1,0,1
158,2026-01-26,4,10,1,3,0,1,1,0,2
158,2026-01-27,6,16,4,2,2,2,1,0,1
158,2026-01-28,4,20,4,0,1,3,0,0,0
158,2026-01-29,3,23,3,0,2,1,0,0,0
158,2026-01-30,5,28,4,1,3,0,1,1,0
158,2026-01-31,6,34,5,1,1,4,0,0,1
158,2026-02-01,8,42,8,0,1,7,0,0,0
158,2026-02-02,3,45,2,1,0,2,1,0,0
158,2026-02-03,5,50,5,0,0,3,0,2,0
158,2026-02-04,3,53,3,0,1,2,0,0,0
158,2026-02-05,9,62,5,4,1,4,4,0,0
158,2026-02-06,6,68,4,2,1,3,0,0,2
158,2026-02-07,5,73,2,3,1,1,3,0,0
158,2026-02-08,8,81,7,1,2,4,1,1,0
158,2026-02-09,8,89,5,3,1,4,2,0,1
158,2026-02-10,12,101,11,1,1,10,1,0,0
159,2026-01-14,0,0,0,0,0,0,0,0,0
159,2026-01-15,0,0,0,0,0,0,0,0,0
159,2026-01-16,0,0,0,0,0,0,0,0,0
159,2026-01-17,0,0,0,0,0,0,0,0,0
159,2026-01-18,0,0,0,0,0,0,0,0,0
159,2026-01-19,0,0,0,0,0,0,0,0,0
159,2026-01-20,0,0,0,0,0,0,0,0,0
159,2026-01-21,0,0,0,0,0,0,0,0,0
159,2026-01-22,0,0,0,0,0,0,0,0,0
159,2026-01-23,0,0,0,0,0,0,0,0,0
159,2026-01-24,0,0,0,0,0,0,0,0,0
159,2026-01-25,9,9,9,0,2,5,0,2,0
159,2026-01-26,2,11,2,0,1,1,0,0,0
159,2026-01-27,3,14,2,1,1,1,0,0,1
159,2026-01-28,4,18,2,2,1,0,2,1,0
159,2026-01-29,4,22,3,1,1,2,0,0,1
159,2026-01-30,3,25,3,0,0,2,0,1,0
159,2026-01-31,2,27,2,0,1,1,0,0,0
159,2026-02-01,5,32,4,1,2,1,1,1,0
159,2026-02-02,5,37,3,2,1,1,1,1,1
159,2026-02-03,7,44,5,2,2,3,2,0,0
159,2026-02-04,11,55,8,3,2,5,3,1,0
159,2026-02-05,9,64,9,0,3,5,0,1,0
159,2026-02-06,8,72,5,3,0,5,2,0,1
159,2026-02-07,7,79,7,0,3,4,0,0,0
159,2026-02-08,5,84,4,1,2,2,1,0,0
159,2026-02-09,7,91,5,2,0,4,2,1,0
159,2026-02-10,12,103,11,1,5,6,0,0,1
160,2026-01-14,0,0,0,0,0,0,0,0,0
160,2026-01-15,0,0,0,0,0,0,0,0,0
160,2026-01-16,0,0,0,0,0,0,0,0,0
160,2026-01-17,0,0,0,0,0,0,0,0,0
160,2026-01-18,0,0,0,0,0,0,0,0,0
160,2026-01-19,0,0,0,0,0,0,0,0,0
160,2026-01-20,0,0,0,0,0,0,0,0,0
160,2026-01-21,0,0,0,0,0,0,0,0,0
160,2026-01-22,0,0,0,0,0,0,0,0,0
160,2026-01-23,0,0,0,0,0,0,0,0,0
160,2026-01-24,0,0,0,0,0,0,0,0,0
160,2026-01-25,8,8,6,2,2,4,1,0,1
160,2026-01-26,3,11,2,1,0,2,1,0,0
160,2026-01-27,5,16,5,0,3,2,0,0,0
160,2026-01-28,4,20,3,1,1,2,1,0,0
160,2026-01-29,6,26,4,2,1,3,1,0,1
160,2026-01-30,5,31,3,2,1,2,1,0,1
160,2026-01-31,6,37,6,0,4,2,0,0,0
160,2026-02-01,4,41,4,0,3,0,0,1,0
160,2026-02-02,16,57,12,4,5,7,3,0,1
160,2026-02-03,7,64,7,0,3,3,0,1,0
160,2026-02-04,8,72,2,6,0,2,6,0,0
160,2026-02-05,13,85,10,3,3,6,3,1,0
160,2026-02-06,8,93,5,3,2,2,2,1,1
160,2026-02-07,6,99,4,2,1,2,2,1,0
160,2026-02-08,20,119,13,7,5,6,4,2,3
160,2026-02-09,15,134,10,5,1,8,5,1,0
160,2026-02-10,10,144,6,4,0,6,3,0,1
161,2026-01-14,0,0,0,0,0,0,0,0,0
161,2026-01-15,0,0,0,0,0,0,0,0,0
161,2026-01-16,0,0,0,0,0,0,0,0,0
161,2026-01-17,0,0,0,0,0,0,0,0,0
161,2026-01-18,0,0,0,0,0,0,0,0,0
161,2026-01-19,0,0,0,0,0,0,0,0,0
161,2026-01-20,0,0,0,0,0,0,0,0,0
161,2026-01-21,0,0,0,0,0,0,0,0,0
161,2026-01-22,0,0,0,0,0,0,0,0,0
161,2026-01-23,0,0,0,0,0,0,0,0,0
161,2026-01-24,0,0,0,0,0,0,0,0,0
161,2026-01-25,6,6,6,0,2,4,0,0,0
161,2026-01-26,1,7,1,0,0,1,0,0,0
161,2026-01-27,2,9,2,0,0,2,0,0,0
161,2026-01-28,3,12,3,0,0,3,0,0,0
161,2026-01-29,4,16,4,0,0,3,0,1,0
161,2026-01-30,4,20,3,1,2,1,1,0,0
161,2026-01-31,2,22,2,0,0,2,0,0,0
161,2026-02-01,8,30,7,1,0,7,1,0,0
161,2026-02-02,2,32,1,1,0,1,1,0,0
161,2026-02-03,3,35,2,1,0,2,1,0,0
161,2026-02-04,7,42,7,0,1,6,0,0,0
161,2026-02-05,7,49,6,1,0,6,1,0,0
161,2026-02-06,5,54,2,3,1,1,3,0,0
161,2026-02-07,5,59,5,0,0,4,0,1,0
161,2026-02-08,9,68,8,1,3,5,1,0,0
161,2026-02-09,7,75,5,2,2,3,2,0,0
161,2026-02-10,6,81,5,1,2,3,0,0,1
162,2026-01-14,0,0,0,0,0,0,0,0,0
162,2026-01-15,0,0,0,0,0,0,0,0,0
162,2026-01-16,0,0,0,0,0,0,0,0,0
162,2026-01-17,0,0,0,0,0,0,0,0,0
162,2026-01-18,0,0,0,0,0,0,0,0,0
162,2026-01-19,0,0,0,0,0,0,0,0,0
162,2026-01-20,0,0,0,0,0,0,0,0,0
162,2026-01-21,0,0,0,0,0,0,0,0,0
162,2026-01-22,0,0,0,0,0,0,0,0,0
162,2026-01-23,0,0,0,0,0,0,0,0,0
162,2026-01-24,0,0,0,0,0,0,0,0,0
162,2026-01-25,15,15,10,5,1,5,4,4,1
162,2026-01-26,8,23,4,4,2,2,4,0,0
162,2026-01-27,5,28,3,2,0,2,2,1,0
162,2026-01-28,8,36,8,0,2,5,0,1,0
162,2026-01-29,12,48,9,3,3,5,3,1,0
162,2026-01-30,5,53,4,1,1,3,1,0,0
162,2026-01-31,11,64,9,2,1,5,2,3,0
162,2026-02-01,13,77,11,2,3,6,1,2,1
162,2026-02-02,12,89,11,1,3,8,1,0,0
162,2026-02-03,16,105,13,3,4,8,2,1,1
162,2026-02-04,12,117,9,3,2,7,3,0,0
162,2026-02-05,14,131,11,3,4,6,3,1,0
162,2026-02-06,21,152,18,3,4,13,2,1,1
162,2026-02-07,8,160,4,4,2,1,2,1,2
162,2026-02-08,14,174,10,4,2,7,4,1,0
162,2026-02-09,10,184,9,1,3,5,0,1,1
162,2026-02-10,16,200,13,3,3,8,2,2,1
163,2026-01-14,0,0,0,0,0,0,0,0,0
163,2026-01-15,0,0,0,0,0,0,0,0,0
163,2026-01-16,0,0,0,0,0,0,0,0,0
163,2026-01-17,0,0,0,0,0,0,0,0,0
163,2026-01-18,0,0,0,0,0,0,0,0,0
163,2026-01-19,0,0,0,0,0,0,0,0,0
163,2026-01-20,0,0,0,0,0,0,0,0,0
163,2026-01-21,0,0,0,0,0,0,0,0,0
163,2026-01-22,0,0,0,0,0,0,0,0,0
163,2026-01-23,0,0,0,0,0,0,0,0,0
163,2026-01-24,0,0,0,0,0,0,0,0,0
163,2026-01-25,6,6,4,2,0,4,1,0,1
163,2026-01-26,4,10,4,0,2,2,0,0,0
163,2026-01-27,7,17,4,3,2,2,3,0,0
163,2026-01-28,4,21,4,0,1,3,0,0,0
163,2026-01-29,3,24,2,1,1,1,1,0,0
163,2026-01-30,6,30,5,1,0,5,1,0,0
163,2026-01-31,8,38,5,3,0,5,3,0,0
163,2026-02-01,6,44,6,0,4,2,0,0,0
163,2026-02-02,3,47,2,1,1,1,0,0,1
163,2026-02-03,7,54,6,1,4,2,1,0,0
163,2026-02-04,8,62,8,0,3,2,0,3,0
163,2026-02-05,3,65,2,1,1,1,1,0,0
163,2026-02-06,6,71,6,0,2,4,0,0,0
163,2026-02-07,10,81,8,2,2,5,2,1,0
163,2026-02-08,3,84,1,2,0,0,1,1,1
163,2026-02-09,11,95,6,5,2,3,4,1,1
163,2026-02-10,6,101,4,2,1,3,2,0,0
164,2026-01-14,0,0,0,0,0,0,0,0,0
164,2026-01-15,0,0,0,0,0,0,0,0,0
164,2026-01-16,0,0,0,0,0,0,0,0,0
164,2026-01-17,0,0,0,0,0,0,0,0,0
164,2026-01-18,0,0,0,0,0,0,0,0,0
164,2026-01-19,0,0,0,0,0,0,0,0,0
164,2026-01-20,0,0,0,0,0,0,0,0,0
164,2026-01-21,0,0,0,0,0,0,0,0,0
164,2026-01-22,0,0,0,0,0,0,0,0,0
164,2026-01-23,0,0,0,0,0,0,0,0,0
164,2026-01-24,0,0,0,0,0,0,0,0,0
164,2026-01-25,5,5,4,1,1,3,1,0,0
164,2026-01-26,2,7,2,0,0,1,0,1,0
164,2026-01-27,4,11,3,1,1,2,1,0,0
164,2026-01-28,7,18,5,2,0,4,1,1,1
164,2026-01-29,4,22,3,1,1,1,1,1,0
164,2026-01-30,2,24,2,0,0,2,0,0,0
164,2026-01-31,2,26,2,0,1,1,0,0,0
164,2026-02-01,5,31,3,2,1,2,1,0,1
164,2026-02-02,2,33,2,0,1,1,0,0,0
164,2026-02-03,4,37,3,1,1,2,1,0,0
164,2026-02-04,3,40,2,1,1,1,1,0,0
164,2026-02-05,1,41,1,0,0,0,0,1,0
164,2026-02-06,9,50,6,3,2,3,3,1,0
164,2026-02-07,3,53,2,1,0,2,1,0,0
164,2026-02-08,8,61,7,1,3,3,1,1,0
164,2026-02-09,4,65,3,1,1,2,1,0,0
164,2026-02-10,9,74,6,3,1,4,3,1,0
165,2026-01-14,0,0,0,0,0,0,0,0,0
165,2026-01-15,0,0,0,0,0,0,0,0,0
165,2026-01-16,0,0,0,0,0,0,0,0,0
165,2026-01-17,0,0,0,0,0,0,0,0,0
165,2026-01-18,0,0,0,0,0,0,0,0,0
165,2026-01-19,0,0,0,0,0,0,0,0,0
165,2026-01-20,0,0,0,0,0,0,0,0,0
165,2026-01-21,0,0,0,0,0,0,0,0,0
165,2026-01-22,0,0,0,0,0,0,0,0,0
165,2026-01-23,0,0,0,0,0,0,0,0,0
165,2026-01-24,0,0,0,0,0,0,0,0,0
165,2026-01-25,2,2,1,1,0,0,1,1,0
165,2026-01-26,2,4,2,0,1,1,0,0,0
165,2026-01-27,3,7,3,0,0,2,0,1,0
165,2026-01-28,3,10,2,1,2,0,1,0,0
165,2026-01-29,2,12,1,1,1,0,0,0,1
165,2026-01-30,1,13,1,0,0,1,0,0,0
165,2026-01-31,3,16,0,3,0,0,3,0,0
165,2026-02-01,3,19,3,0,1,2,0,0,0
165,2026-02-02,5,24,4,1,0,3,0,1,1
165,2026-02-03,7,31,4,3,0,4,3,0,0
165,2026-02-04,2,33,1,1,0,1,1,0,0
165,2026-02-05,3,36,2,1,1,1,1,0,0
165,2026-02-06,3,39,3,0,0,3,0,0,0
165,2026-02-07,6,45,5,1,1,3,1,1,0
165,2026-02-08,4,49,3,1,0,3,1,0,0
165,2026-02-09,6,55,4,2,1,3,2,0,0
165,2026-02-10,4,59,3,1,0,3,0,0,1
166,2026-01-14,0,0,0,0,0,0,0,0,0
166,2026-01-15,0,0,0,0,0,0,0,0,0
166,2026-01-16,0,0,0,0,0,0,0,0,0
166,2026-01-17,0,0,0,0,0,0,0,0,0
166,2026-01-18,0,0,0,0,0,0,0,0,0
166,2026-01-19,0,0,0,0,0,0,0,0,0
166,2026-01-20,0,0,0,0,0,0,0,0,0
166,2026-01-21,0,0,0,0,0,0,0,0,0
166,2026-01-22,0,0,0,0,0,0,0,0,0
166,2026-01-23,0,0,0,0,0,0,0,0,0
166,2026-01-24,0,0,0,0,0,0,0,0,0
166,2026-01-25,8,8,8,0,1,5,0,2,0
166,2026-01-26,5,13,5,0,1,3,0,1,0
166,2026-01-27,2,15,2,0,0,2,0,0,0
166,2026-01-28,7,22,7,0,0,7,0,0,0
166,2026-01-29,3,25,3,0,1,1,0,1,0
166,2026-01-30,5,30,5,0,0,4,0,1,0
166,2026-01-31,7,37,7,0,2,5,0,0,0
166,2026-02-01,12,49,11,1,3,7,0,1,1
166,2026-02-02,11,60,9,2,0,9,0,0,2
166,2026-02-03,10,70,8,2,3,4,2,1,0
166,2026-02-04,8,78,6,2,0,4,2,2,0
166,2026-02-05,12,90,11,1,1,9,0,1,1
166,2026-02-06,8,98,8,0,0,7,0,1,0
166,2026-02-07,14,112,14,0,4,8,0,2,0
166,2026-02-08,8,120,7,1,1,5,0,1,1
166,2026-02-09,16,136,11,5,5,6,5,0,0
166,2026-02-10,7,143,5,2,2,2,2,1,0
167,2026-01-14,0,0,0,0,0,0,0,0,0
167,2026-01-15,0,0,0,0,0,0,0,0,0
167,2026-01-16,0,0,0,0,0,0,0,0,0
167,2026-01-17,0,0,0,0,0,0,0,0,0
167,2026-01-18,0,0,0,0,0,0,0,0,0
167,2026-01-19,0,0,0,0,0,0,0,0,0
167,2026-01-20,0,0,0,0,0,0,0,0,0
167,2026-01-21,0,0,0,0,0,0,0,0,0
167,2026-01-22,0,0,0,0,0,0,0,0,0
167,2026-01-23,0,0,0,0,0,0,0,0,0
167,2026-01-24,0,0,0,0,0,0,0,0,0
167,2026-01-25,6,6,5,1,0,4,1,1,0
167,2026-01-26,7,13,6,1,2,3,0,1,1
167,2026-01-27,1,14,1,0,0,1,0,0,0
167,2026-01-28,4,18,3,1,0,3,1,0,0
167,2026-01-29,4,22,3,1,1,2,1,0,0
167,2026-01-30,2,24,2,0,1,1,0,0,0
167,2026-01-31,8,32,6,2,2,3,2,1,0
167,2026-02-01,1,33,1,0,0,1,0,0,0
167,2026-02-02,4,37,2,2,2,0,2,0,0
167,2026-02-03,3,40,3,0,0,3,0,0,0
167,2026-02-04,7,47,6,1,3,3,0,0,1
167,2026-02-05,3,50,3,0,0,3,0,0,0
167,2026-02-06,10,60,8,2,2,5,2,1,0
167,2026-02-07,7,67,6,1,1,5,1,0,0
167,2026-02-08,11,78,7,4,1,6,3,0,1
167,2026-02-09,6,84,3,3,1,2,2,0,1
167,2026-02-10,3,87,3,0,1,2,0,0,0
168,2026-01-14,0,0,0,0,0,0,0,0,0
168,2026-01-15,0,0,0,0,0,0,0,0,0
168,2026-01-16,0,0,0,0,0,0,0,0,0
168,2026-01-17,0,0,0,0,0,0,0,0,0
168,2026-01-18,0,0,0,0,0,0,0,0,0
168,2026-01-19,0,0,0,0,0,0,0,0,0
168,2026-01-20,0,0,0,0,0,0,0,0,0
168,2026-01-21,0,0,0,0,0,0,0,0,0
168,2026-01-22,0,0,0,0,0,0,0,0,0
168,2026-01-23,0,0,0,0,0,0,0,0,0
168,2026-01-24,0,0,0,0,0,0,0,0,0
168,2026-01-25,5,5,4,1,1,3,0,0,1
168,2026-01-26,5,10,4,1,1,3,1,0,0
168,2026-01-27,6,16,5,1,1,3,1,1,0
168,2026-01-28,1,17,1,0,0,1,0,0,0
168,2026-01-29,7,24,6,1,1,5,0,0,1
168,2026-01-30,7,31,7,0,4,2,0,1,0
168,2026-01-31,2,33,2,0,1,1,0,0,0
168,2026-02-01,4,37,4,0,2,2,0,0,0
168,2026-02-02,5,42,3,2,1,2,2,0,0
168,2026-02-03,5,47,4,1,2,2,1,0,0
168,2026-02-04,3,50,2,1,0,2,1,0,0
168,2026-02-05,8,58,6,2,4,2,2,0,0
168,2026-02-06,7,65,6,1,1,5,1,0,0
168,2026-02-07,9,74,8,1,0,7,0,1,1
168,2026-02-08,10,84,7,3,2,3,2,2,1
168,2026-02-09,3,87,3,0,0,3,0,0,0
168,2026-02-10,4,91,4,0,0,4,0,0,0
169,2026-01-14,0,0,0,0,0,0,0,0,0
169,2026-01-15,0,0,0,0,0,0,0,0,0
169,2026-01-16,0,0,0,0,0,0,0,0,0
169,2026-01-17,0,0,0,0,0,0,0,0,0
169,2026-01-18,0,0,0,0,0,0,0,0,0
169,2026-01-19,0,0,0,0,0,0,0,0,0
169,2026-01-20,0,0,0,0,0,0,0,0,0
169,2026-01-21,0,0,0,0,0,0,0,0,0
169,2026-01-22,0,0,0,0,0,0,0,0,0
169,2026-01-23,0,0,0,0,0,0,0,0,0
169,2026-01-24,0,0,0,0,0,0,0,0,0
169,2026-01-25,4,4,3,1,0,2,1,1,0
169,2026-01-26,6,10,5,1,2,3,1,0,0
169,2026-01-27,3,13,2,1,0,2,1,0,0
169,2026-01-28,5,18,3,2,0,3,2,0,0
169,2026-01-29,5,23,3,2,0,3,1,0,1
169,2026-01-30,6,29,6,0,2,3,0,1,0
169,2026-01-31,3,32,2,1,0,2,1,0,0
169,2026-02-01,5,37,3,2,2,1,2,0,0
169,2026-02-02,7,44,4,3,2,1,2,1,1
169,2026-02-03,9,53,6,3,1,5,3,0,0
169,2026-02-04,12,65,8,4,1,6,3,1,1
169,2026-02-05,5,70,4,1,0,3,1,1,0
169,2026-02-06,11,81,9,2,1,7,2,1,0
169,2026-02-07,9,90,8,1,3,4,1,1,0
169,2026-02-08,10,100,5,5,0,4,5,1,0
169,2026-02-09,16,116,12,4,2,9,3,1,1
169,2026-02-10,19,135,11,8,5,6,4,0,4
170,2026-01-14,0,0,0,0,0,0,0,0,0
170,2026-01-15,0,0,0,0,0,0,0,0,0
170,2026-01-16,0,0,0,0,0,0,0,0,0
170,2026-01-17,0,0,0,0,0,0,0,0,0
170,2026-01-18,0,0,0,0,0,0,0,0,0
170,2026-01-19,0,0,0,0,0,0,0,0,0
170,2026-01-20,0,0,0,0,0,0,0,0,0
170,2026-01-21,0,0,0,0,0,0,0,0,0
170,2026-01-22,0,0,0,0,0,0,0,0,0
170,2026-01-23,0,0,0,0,0,0,0,0,0
170,2026-01-24,0,0,0,0,0,0,0,0,0
170,2026-01-25,5,5,4,1,1,2,1,1,0
170,2026-01-26,5,10,5,0,1,4,0,0,0
170,2026-01-27,3,13,3,0,1,1,0,1,0
170,2026-01-28,5,18,3,2,0,3,1,0,1
170,2026-01-29,7,25,6,1,3,2,0,1,1
170,2026-01-30,5,30,4,1,3,1,0,0,1
170,2026-01-31,5,35,4,1,2,2,1,0,0
170,2026-02-01,5,40,4,1,0,4,0,0,1
170,2026-02-02,11,51,8,3,5,2,2,1,1
170,2026-02-03,7,58,7,0,2,5,0,0,0
170,2026-02-04,4,62,4,0,1,3,0,0,0
170,2026-02-05,14,76,10,4,4,6,3,0,1
170,2026-02-06,7,83,5,2,2,3,1,0,1
170,2026-02-07,9,92,8,1,1,7,1,0,0
170,2026-02-08,18,110,15,3,5,8,3,2,0
170,2026-02-09,8,118,6,2,0,4,1,2,1
170,2026-02-10,13,131,9,4,3,6,3,0,1
171,2026-01-14,0,0,0,0,0,0,0,0,0
171,2026-01-15,0,0,0,0,0,0,0,0,0
171,2026-01-16,0,0,0,0,0,0,0,0,0
171,2026-01-17,0,0,0,0,0,0,0,0,0
171,2026-01-18,0,0,0,0,0,0,0,0,0
171,2026-01-19,0,0,0,0,0,0,0,0,0
171,2026-01-20,0,0,0,0,0,0,0,0,0
171,2026-01-21,0,0,0,0,0,0,0,0,0
171,2026-01-22,0,0,0,0,0,0,0,0,0
171,2026-01-23,0,0,0,0,0,0,0,0,0
171,2026-01-24,0,0,0,0,0,0,0,0,0
171,2026-01-25,3,3,3,0,2,1,0,0,0
171,2026-01-26,3,6,2,1,0,1,1,1,0
171,2026-01-27,1,7,1,0,0,1,0,0,0
171,2026-01-28,4,11,3,1,1,1,1,1,0
171,2026-01-29,2,13,2,0,0,1,0,1,0
171,2026-01-30,6,19,6,0,3,1,0,2,0
171,2026-01-31,3,22,3,0,1,2,0,0,0
171,2026-02-01,1,23,1,0,0,0,0,1,0
171,2026-02-02,3,26,3,0,1,2,0,0,0
171,2026-02-03,9,35,8,1,2,5,1,1,0
171,2026-02-04,2,37,2,0,2,0,0,0,0
171,2026-02-05,4,41,2,2,1,1,2,0,0
171,2026-02-06,6,47,5,1,0,2,1,3,0
171,2026-02-07,4,51,3,1,0,3,1,0,0
171,2026-02-08,10,61,5,5,2,3,4,0,1
171,2026-02-09,8,69,6,2,1,4,2,1,0
171,2026-02-10,4,73,4,0,1,2,0,1,0
172,2026-01-14,0,0,0,0,0,0,0,0,0
172,2026-01-15,0,0,0,0,0,0,0,0,0
172,2026-01-16,0,0,0,0,0,0,0,0,0
172,2026-01-17,0,0,0,0,0,0,0,0,0
172,2026-01-18,0,0,0,0,0,0,0,0,0
172,2026-01-19,0,0,0,0,0,0,0,0,0
172,2026-01-20,0,0,0,0,0,0,0,0,0
172,2026-01-21,0,0,0,0,0,0,0,0,0
172,2026-01-22,0,0,0,0,0,0,0,0,0
172,2026-01-23,0,0,0,0,0,0,0,0,0
172,2026-01-24,0,0,0,0,0,0,0,0,0
172,2026-01-25,11,11,11,0,5,4,0,2,0
172,2026-01-26,5,16,5,0,2,2,0,1,0
172,2026-01-27,5,21,4,1,1,2,0,1,1
172,2026-01-28,7,28,4,3,2,2,2,0,1
172,2026-01-29,2,30,2,0,0,1,0,1,0
172,2026-01-30,6,36,6,0,3,3,0,0,0
172,2026-01-31,12,48,9,3,1,5,3,3,0
172,2026-02-01,6,54,4,2,1,2,2,1,0
172,2026-02-02,8,62,8,0,3,5,0,0,0
172,2026-02-03,13,75,6,7,2,4,6,0,1
172,2026-02-04,8,83,4,4,1,3,4,0,0
172,2026-02-05,16,99,12,4,4,4,4,4,0
172,2026-02-06,7,106,6,1,0,4,1,2,0
172,2026-02-07,17,123,13,4,3,8,4,2,0
172,2026-02-08,10,133,7,3,2,4,2,1,1
172,2026-02-09,11,144,10,1,4,6,1,0,0
172,2026-02-10,11,155,6,5,3,3,4,0,1
173,2026-01-14,0,0,0,0,0,0,0,0,0
173,2026-01-15,0,0,0,0,0,0,0,0,0
173,2026-01-16,0,0,0,0,0,0,0,0,0
173,2026-01-17,0,0,0,0,0,0,0,0,0
173,2026-01-18,0,0,0,0,0,0,0,0,0
173,2026-01-19,0,0,0,0,0,0,0,0,0
173,2026-01-20,0,0,0,0,0,0,0,0,0
173,2026-01-21,0,0,0,0,0,0,0,0,0
173,2026-01-22,0,0,0,0,0,0,0,0,0
173,2026-01-23,0,0,0,0,0,0,0,0,0
173,2026-01-24,0,0,0,0,0,0,0,0,0
173,2026-01-25,10,10,8,2,1,7,1,0,1
173,2026-01-26,3,13,3,0,1,2,0,0,0
173,2026-01-27,4,17,3,1,1,2,1,0,0
173,2026-01-28,7,24,3,4,0,3,3,0,1
173,2026-01-29,3,27,3,0,1,2,0,0,0
173,2026-01-30,6,33,5,1,2,3,1,0,0
173,2026-01-31,8,41,8,0,2,6,0,0,0
173,2026-02-01,5,46,4,1,1,3,1,0,0
173,2026-02-02,7,53,6,1,2,4,0,0,1
173,2026-02-03,12,65,8,4,6,2,3,0,1
173,2026-02-04,11,76,9,2,1,8,1,0,1
173,2026-02-05,12,88,10,2,2,7,1,1,1
173,2026-02-06,9,97,5,4,2,3,4,0,0
173,2026-02-07,13,110,12,1,4,7,1,1,0
173,2026-02-08,10,120,7,3,1,5,1,1,2
173,2026-02-09,9,129,9,0,2,7,0,0,0
173,2026-02-10,14,143,10,4,0,6,4,4,0
174,2026-01-14,0,0,0,0,0,0,0,0,0
174,2026-01-15,0,0,0,0,0,0,0,0,0
174,2026-01-16,0,0,0,0,0,0,0,0,0
174,2026-01-17,0,0,0,0,0,0,0,0,0
174,2026-01-18,0,0,0,0,0,0,0,0,0
174,2026-01-19,0,0,0,0,0,0,0,0,0
174,2026-01-20,0,0,0,0,0,0,0,0,0
174,2026-01-21,0,0,0,0,0,0,0,0,0
174,2026-01-22,0,0,0,0,0,0,0,0,0
174,2026-01-23,0,0,0,0,0,0,0,0,0
174,2026-01-24,0,0,0,0,0,0,0,0,0
174,2026-01-25,13,13,12,1,4,7,1,1,0
174,2026-01-26,2,15,1,1,0,1,1,0,0
174,2026-01-27,5,20,5,0,1,2,0,2,0
174,2026-01-28,0,20,0,0,0,0,0,0,0
174,2026-01-29,11,31,10,1,1,7,1,2,0
174,2026-01-30,4,35,3,1,1,1,1,1,0
174,2026-01-31,7,42,7,0,0,7,0,0,0
174,2026-02-01,8,50,7,1,3,3,1,1,0
174,2026-02-02,15,65,12,3,2,10,2,0,1
174,2026-02-03,14,79,11,3,2,8,2,1,1
174,2026-02-04,6,85,5,1,4,1,1,0,0
174,2026-02-05,7,92,5,2,0,4,2,1,0
174,2026-02-06,16,108,8,8,1,5,7,2,1
174,2026-02-07,9,117,8,1,1,6,0,1,1
174,2026-02-08,15,132,12,3,2,8,2,2,1
174,2026-02-09,12,144,10,2,6,4,1,0,1
174,2026-02-10,14,158,14,0,6,8,0,0,0
175,2026-01-14,0,0,0,0,0,0,0,0,0
175,2026-01-15,0,0,0,0,0,0,0,0,0
175,2026-01-16,0,0,0,0,0,0,0,0,0
175,2026-01-17,0,0,0,0,0,0,0,0,0
175,2026-01-18,0,0,0,0,0,0,0,0,0
175,2026-01-19,0,0,0,0,0,0,0,0,0
175,2026-01-20,0,0,0,0,0,0,0,0,0
175,2026-01-21,0,0,0,0,0,0,0,0,0
175,2026-01-22,0,0,0,0,0,0,0,0,0
175,2026-01-23,0,0,0,0,0,0,0,0,0
175,2026-01-24,0,0,0,0,0,0,0,0,0
175,2026-01-25,7,7,6,1,3,2,1,1,0
175,2026-01-26,5,12,5,0,0,4,0,1,0
175,2026-01-27,6,18,6,0,0,6,0,0,0
175,2026-01-28,8,26,6,2,1,4,2,1,0
175,2026-01-29,6,32,6,0,0,6,0,0,0
175,2026-01-30,8,40,5,3,2,2,3,1,0
175,2026-01-31,4,44,3,1,1,2,1,0,0
175,2026-02-01,11,55,9,2,2,7,1,0,1
175,2026-02-02,7,62,5,2,2,3,1,0,1
175,2026-02-03,13,75,12,1,3,9,1,0,0
175,2026-02-04,9,84,8,1,1,5,1,2,0
175,2026-02-05,11,95,11,0,3,8,0,0,0
175,2026-02-06,11,106,10,1,2,8,1,0,0
175,2026-02-07,10,116,8,2,4,3,2,1,0
175,2026-02-08,9,125,9,0,2,6,0,1,0
175,2026-02-09,11,136,10,1,1,9,1,0,0
175,2026-02-10,14,150,13,1,5,6,1,2,0
176,2026-01-14,0,0,0,0,0,0,0,0,0
176,2026-01-15,0,0,0,0,0,0,0,0,0
176,2026-01-16,0,0,0,0,0,0,0,0,0
176,2026-01-17,0,0,0,0,0,0,0,0,0
176,2026-01-18,0,0,0,0,0,0,0,0,0
176,2026-01-19,0,0,0,0,0,0,0,0,0
176,2026-01-20,0,0,0,0,0,0,0,0,0
176,2026-01-21,0,0,0,0,0,0,0,0,0
176,2026-01-22,0,0,0,0,0,0,0,0,0
176,2026-01-23,0,0,0,0,0,0,0,0,0
176,2026-01-24,0,0,0,0,0,0,0,0,0
176,2026-01-25,6,6,6,0,2,4,0,0,0
176,2026-01-26,3,9,2,1,1,1,1,0,0
176,2026-01-27,7,16,7,0,2,4,0,1,0
176,2026-01-28,5,21,4,1,1,3,1,0,0
176,2026-01-29,2,23,2,0,0,1,0,1,0
176,2026-01-30,4,27,4,0,1,2,0,1,0
176,2026-01-31,6,33,6,0,2,2,0,2,0
176,2026-02-01,8,41,4,4,0,4,3,0,1
176,2026-02-02,3,44,1,2,1,0,2,0,0
176,2026-02-03,13,57,8,5,4,2,3,2,2
176,2026-02-04,5,62,3,2,1,2,2,0,0
176,2026-02-05,9,71,8,1,2,6,1,0,0
176,2026-02-06,8,79,7,1,0,4,0,3,1
176,2026-02-07,11,90,10,1,4,5,0,1,1
176,2026-02-08,8,98,8,0,2,6,0,0,0
176,2026-02-09,7,105,5,2,0,5,2,0,0
176,2026-02-10,10,115,8,2,2,5,2,1,0
177,2026-01-14,0,0,0,0,0,0,0,0,0
177,2026-01-15,0,0,0,0,0,0,0,0,0
177,2026-01-16,0,0,0,0,0,0,0,0,0
177,2026-01-17,0,0,0,0,0,0,0,0,0
177,2026-01-18,0,0,0,0,0,0,0,0,0
177,2026-01-19,0,0,0,0,0,0,0,0,0
177,2026-01-20,0,0,0,0,0,0,0,0,0
177,2026-01-21,0,0,0,0,0,0,0,0,0
177,2026-01-22,0,0,0,0,0,0,0,0,0
177,2026-01-23,0,0,0,0,0,0,0,0,0
177,2026-01-24,0,0,0,0,0,0,0,0,0
177,2026-01-25,6,6,5,1,2,3,1,0,0
177,2026-01-26,4,10,4,0,2,2,0,0,0
177,2026-01-27,4,14,4,0,2,1,0,1,0
177,2026-01-28,2,16,1,1,0,1,1,0,0
177,2026-01-29,6,22,6,0,1,5,0,0,0
177,2026-01-30,4,26,4,0,0,4,0,0,0
177,2026-01-31,6,32,6,0,2,4,0,0,0
177,2026-02-01,9,41,7,2,3,4,1,0,1
177,2026-02-02,5,46,5,0,3,2,0,0,0
177,2026-02-03,5,51,3,2,0,2,1,1,1
177,2026-02-04,3,54,3,0,0,3,0,0,0
177,2026-02-05,8,62,7,1,3,3,1,1,0
177,2026-02-06,7,69,7,0,4,3,0,0,0
177,2026-02-07,11,80,10,1,3,4,1,3,0
177,2026-02-08,8,88,8,0,3,4,0,1,0
177,2026-02-09,5,93,4,1,2,2,1,0,0
177,2026-02-10,7,100,6,1,3,3,1,0,0
178,2026-01-14,0,0,0,0,0,0,0,0,0
178,2026-01-15,0,0,0,0,0,0,0,0,0
178,2026-01-16,0,0,0,0,0,0,0,0,0
178,2026-01-17,0,0,0,0,0,0,0,0,0
178,2026-01-18,0,0,0,0,0,0,0,0,0
178,2026-01-19,0,0,0,0,0,0,0,0,0
178,2026-01-20,0,0,0,0,0,0,0,0,0
178,2026-01-21,0,0,0,0,0,0,0,0,0
178,2026-01-22,0,0,0,0,0,0,0,0,0
178,2026-01-23,0,0,0,0,0,0,0,0,0
178,2026-01-24,0,0,0,0,0,0,0,0,0
178,2026-01-25,3,3,1,2,1,0,2,0,0
178,2026-01-26,2,5,0,2,0,0,1,0,1
178,2026-01-27,3,8,3,0,2,1,0,0,0
178,2026-01-28,3,11,3,0,2,1,0,0,0
178,2026-01-29,2,13,1,1,0,1,1,0,0
178,2026-01-30,1,14,1,0,1,0,0,0,0
178,2026-01-31,1,15,0,1,0,0,1,0,0
178,2026-02-01,2,17,1,1,0,1,1,0,0
178,2026-02-02,2,19,1,1,0,1,1,0,0
178,2026-02-03,0,19,0,0,0,0,0,0,0
178,2026-02-04,4,23,3,1,0,3,0,0,1
178,2026-02-05,1,24,1,0,0,1,0,0,0
178,2026-02-06,5,29,3,2,1,1,2,1,0
178,2026-02-07,4,33,3,1,1,2,1,0,0
178,2026-02-08,7,40,5,2,1,3,1,1,1
178,2026-02-09,5,45,4,1,1,3,1,0,0
178,2026-02-10,8,53,6,2,1,5,2,0,0
179,2026-01-14,0,0,0,0,0,0,0,0,0
179,2026-01-15,0,0,0,0,0,0,0,0,0
179,2026-01-16,0,0,0,0,0,0,0,0,0
179,2026-01-17,0,0,0,0,0,0,0,0,0
179,2026-01-18,0,0,0,0,0,0,0,0,0
179,2026-01-19,0,0,0,0,0,0,0,0,0
179,2026-01-20,0,0,0,0,0,0,0,0,0
179,2026-01-21,0,0,0,0,0,0,0,0,0
179,2026-01-22,0,0,0,0,0,0,0,0,0
179,2026-01-23,0,0,0,0,0,0,0,0,0
179,2026-01-24,0,0,0,0,0,0,0,0,0
179,2026-01-25,3,3,3,0,2,1,0,0,0
179,2026-01-26,1,4,1,0,1,0,0,0,0
179,2026-01-27,6,10,5,1,0,5,0,0,1
179,2026-01-28,2,12,2,0,1,1,0,0,0
179,2026-01-29,6,18,4,2,1,3,2,0,0
179,2026-01-30,4,22,2,2,0,1,2,1,0
179,2026-01-31,1,23,1,0,0,1,0,0,0
179,2026-02-01,1,24,1,0,0,1,0,0,0
179,2026-02-02,2,26,2,0,1,1,0,0,0
179,2026-02-03,5,31,4,1,1,1,1,2,0
179,2026-02-04,3,34,1,2,0,1,2,0,0
179,2026-02-05,9,43,5,4,2,3,3,0,1
179,2026-02-06,9,52,6,3,1,5,3,0,0
179,2026-02-07,5,57,3,2,0,2,1,1,1
179,2026-02-08,9,66,8,1,7,1,1,0,0
179,2026-02-09,8,74,5,3,1,4,3,0,0
179,2026-02-10,3,77,3,0,3,0,0,0,0
180,2026-01-14,0,0,0,0,0,0,0,0,0
180,2026-01-15,0,0,0,0,0,0,0,0,0
180,2026-01-16,0,0,0,0,0,0,0,0,0
180,2026-01-17,0,0,0,0,0,0,0,0,0
180,2026-01-18,0,0,0,0,0,0,0,0,0
180,2026-01-19,0,0,0,0,0,0,0,0,0
180,2026-01-20,0,0,0,0,0,0,0,0,0
180,2026-01-21,0,0,0,0,0,0,0,0,0
180,2026-01-22,0,0,0,0,0,0,0,0,0
180,2026-01-23,0,0,0,0,0,0,0,0,0
180,2026-01-24,0,0,0,0,0,0,0,0,0
180,2026-01-25,6,6,6,0,2,4,0,0,0
180,2026-01-26,7,13,6,1,0,6,1,0,0
180,2026-01-27,7,20,5,2,1,3,1,1,1
180,2026-01-28,1,21,1,0,0,1,0,0,0
180,2026-01-29,2,23,2,0,1,1,0,0,0
180,2026-01-30,5,28,4,1,0,4,0,0,1
180,2026-01-31,7,35,5,2,1,4,1,0,1
180,2026-02-01,8,43,5,3,0,4,3,1,0
180,2026-02-02,10,53,8,2,1,5,2,2,0
180,2026-02-03,5,58,5,0,0,3,0,2,0
180,2026-02-04,2,60,2,0,1,1,0,0,0
180,2026-02-05,7,67,4,3,0,4,2,0,1
180,2026-02-06,6,73,5,1,1,3,1,1,0
180,2026-02-07,7,80,5,2,1,3,1,1,1
180,2026-02-08,3,83,2,1,0,1,0,1,1
180,2026-02-09,6,89,4,2,1,3,2,0,0
180,2026-02-10,7,96,6,1,2,4,1,0,0
181,2026-01-14,0,0,0,0,0,0,0,0,0
181,2026-01-15,0,0,0,0,0,0,0,0,0
181,2026-01-16,0,0,0,0,0,0,0,0,0
181,2026-01-17,0,0,0,0,0,0,0,0,0
181,2026-01-18,0,0,0,0,0,0,0,0,0
181,2026-01-19,0,0,0,0,0,0,0,0,0
181,2026-01-20,0,0,0,0,0,0,0,0,0
181,2026-01-21,0,0,0,0,0,0,0,0,0
181,2026-01-22,0,0,0,0,0,0,0,0,0
181,2026-01-23,0,0,0,0,0,0,0,0,0
181,2026-01-24,0,0,0,0,0,0,0,0,0
181,2026-01-25,5,5,5,0,2,3,0,0,0
181,2026-01-26,3,8,3,0,0,2,0,1,0
181,2026-01-27,6,14,6,0,3,2,0,1,0
181,2026-01-28,2,16,2,0,0,2,0,0,0
181,2026-01-29,2,18,0,2,0,0,2,0,0
181,2026-01-30,3,21,3,0,2,1,0,0,0
181,2026-01-31,4,25,3,1,1,2,0,0,1
181,2026-02-01,2,27,2,0,0,2,0,0,0
181,2026-02-02,7,34,6,1,0,6,1,0,0
181,2026-02-03,3,37,1,2,0,1,2,0,0
181,2026-02-04,4,41,3,1,2,1,1,0,0
181,2026-02-05,3,44,2,1,1,1,1,0,0
181,2026-02-06,7,51,5,2,0,4,1,1,1
181,2026-02-07,5,56,5,0,1,3,0,1,0
181,2026-02-08,7,63,5,2,3,2,1,0,1
181,2026-02-09,3,66,2,1,1,1,1,0,0
181,2026-02-10,9,75,8,1,3,3,1,2,0
182,2026-01-14,0,0,0,0,0,0,0,0,0
182,2026-01-15,0,0,0,0,0,0,0,0,0
182,2026-01-16,0,0,0,0,0,0,0,0,0
182,2026-01-17,0,0,0,0,0,0,0,0,0
182,2026-01-18,0,0,0,0,0,0,0,0,0
182,2026-01-19,0,0,0,0,0,0,0,0,0
182,2026-01-20,0,0,0,0,0,0,0,0,0
182,2026-01-21,0,0,0,0,0,0,0,0,0
182,2026-01-22,0,0,0,0,0,0,0,0,0
182,2026-01-23,0,0,0,0,0,0,0,0,0
182,2026-01-24,0,0,0,0,0,0,0,0,0
182,2026-01-25,8,8,5,3,3,2,2,0,1
182,2026-01-26,4,12,4,0,2,1,0,1,0
182,2026-01-27,3,15,3,0,2,1,0,0,0
182,2026-01-28,4,19,4,0,0,4,0,0,0
182,2026-01-29,3,22,3,0,1,1,0,1,0
182,2026-01-30,6,28,4,2,1,2,1,1,1
182,2026-01-31,2,30,2,0,1,1,0,0,0
182,2026-02-01,4,34,4,0,0,4,0,0,0
182,2026-02-02,3,37,3,0,0,3,0,0,0
182,2026-02-03,2,39,2,0,0,2,0,0,0
182,2026-02-04,3,42,1,2,0,1,2,0,0
182,2026-02-05,6,48,5,1,0,5,1,0,0
182,2026-02-06,6,54,4,2,0,4,1,0,1
182,2026-02-07,6,60,3,3,0,3,3,0,0
182,2026-02-08,5,65,5,0,3,2,0,0,0
182,2026-02-09,2,67,1,1,0,1,1,0,0
182,2026-02-10,7,74,5,2,1,4,1,0,1
183,2026-01-14,0,0,0,0,0,0,0,0,0
183,2026-01-15,0,0,0,0,0,0,0,0,0
183,2026-01-16,0,0,0,0,0,0,0,0,0
183,2026-01-17,0,0,0,0,0,0,0,0,0
183,2026-01-18,0,0,0,0,0,0,0,0,0
183,2026-01-19,0,0,0,0,0,0,0,0,0
183,2026-01-20,0,0,0,0,0,0,0,0,0
183,2026-01-21,0,0,0,0,0,0,0,0,0
183,2026-01-22,0,0,0,0,0,0,0,0,0
183,2026-01-23,0,0,0,0,0,0,0,0,0
183,2026-01-24,0,0,0,0,0,0,0,0,0
183,2026-01-25,4,4,2,2,1,1,1,0,1
183,2026-01-26,6,10,4,2,1,3,2,0,0
183,2026-01-27,6,16,5,1,2,2,1,1,0
183,2026-01-28,3,19,1,2,0,1,1,0,1
183,2026-01-29,4,23,2,2,1,0,2,1,0
183,2026-01-30,5,28,3,2,1,2,2,0,0
183,2026-01-31,8,36,7,1,1,4,1,2,0
183,2026-02-01,5,41,3,2,1,2,2,0,0
183,2026-02-02,12,53,6,6,1,4,4,1,2
183,2026-02-03,7,60,6,1,1,4,1,1,0
183,2026-02-04,7,67,6,1,0,3,0,3,1
183,2026-02-05,13,80,10,3,1,6,2,3,1
183,2026-02-06,12,92,9,3,4,4,3,1,0
183,2026-02-07,10,102,4,6,0,4,5,0,1
183,2026-02-08,17,119,13,4,3,9,4,1,0
183,2026-02-09,15,134,12,3,4,7,3,1,0
183,2026-02-10,13,147,9,4,1,8,4,0,0
184,2026-01-14,0,0,0,0,0,0,0,0,0
184,2026-01-15,0,0,0,0,0,0,0,0,0
184,2026-01-16,0,0,0,0,0,0,0,0,0
184,2026-01-17,0,0,0,0,0,0,0,0,0
184,2026-01-18,0,0,0,0,0,0,0,0,0
184,2026-01-19,0,0,0,0,0,0,0,0,0
184,2026-01-20,0,0,0,0,0,0,0,0,0
184,2026-01-21,0,0,0,0,0,0,0,0,0
184,2026-01-22,0,0,0,0,0,0,0,0,0
184,2026-01-23,0,0,0,0,0,0,0,0,0
184,2026-01-24,0,0,0,0,0,0,0,0,0
184,2026-01-25,5,5,4,1,2,2,0,0,1
184,2026-01-26,8,13,7,1,2,4,1,1,0
184,2026-01-27,1,14,1,0,1,0,0,0,0
184,2026-01-28,4,18,2,2,0,2,1,0,1
184,2026-01-29,4,22,3,1,2,1,1,0,0
184,2026-01-30,6,28,5,1,0,5,1,0,0
184,2026-01-31,6,34,4,2,1,3,1,0,1
184,2026-02-01,4,38,4,0,3,1,0,0,0
184,2026-02-02,5,43,4,1,2,2,0,0,1
184,2026-02-03,6,49,5,1,1,3,1,1,0
184,2026-02-04,7,56,7,0,1,6,0,0,0
184,2026-02-05,5,61,3,2,1,2,2,0,0
184,2026-02-06,8,69,8,0,2,5,0,1,0
184,2026-02-07,13,82,12,1,3,7,1,2,0
184,2026-02-08,11,93,9,2,4,5,2,0,0
184,2026-02-09,5,98,3,2,0,3,2,0,0
184,2026-02-10,12,110,10,2,4,6,2,0,0
185,2026-01-14,0,0,0,0,0,0,0,0,0
185,2026-01-15,0,0,0,0,0,0,0,0,0
185,2026-01-16,0,0,0,0,0,0,0,0,0
185,2026-01-17,0,0,0,0,0,0,0,0,0
185,2026-01-18,0,0,0,0,0,0,0,0,0
185,2026-01-19,0,0,0,0,0,0,0,0,0
185,2026-01-20,0,0,0,0,0,0,0,0,0
185,2026-01-21,0,0,0,0,0,0,0,0,0
185,2026-01-22,0,0,0,0,0,0,0,0,0
185,2026-01-23,0,0,0,0,0,0,0,0,0
185,2026-01-24,0,0,0,0,0,0,0,0,0
185,2026-01-25,10,10,9,1,3,5,1,1,0
185,2026-01-26,9,19,8,1,2,5,1,1,0
185,2026-01-27,5,24,4,1,2,2,1,0,0
185,2026-01-28,5,29,3,2,0,2,1,1,1
185,2026-01-29,4,33,3,1,2,1,1,0,0
185,2026-01-30,5,38,3,2,0,3,1,0,1
185,2026-01-31,8,46,6,2,2,3,1,1,1
185,2026-02-01,5,51,4,1,2,2,1,0,0
185,2026-02-02,8,59,8,0,0,7,0,1,0
185,2026-02-03,12,71,11,1,2,7,1,2,0
185,2026-02-04,13,84,11,2,3,8,2,0,0
185,2026-02-05,10,94,9,1,2,5,1,2,0
185,2026-02-06,14,108,12,2,4,7,2,1,0
185,2026-02-07,18,126,15,3,5,10,3,0,0
185,2026-02-08,13,139,12,1,3,8,1,1,0
185,2026-02-09,11,150,7,4,3,3,4,1,0
185,2026-02-10,8,158,6,2,2,2,2,2,0
186,2026-01-14,0,0,0,0,0,0,0,0,0
186,2026-01-15,0,0,0,0,0,0,0,0,0
186,2026-01-16,0,0,0,0,0,0,0,0,0
186,2026-01-17,0,0,0,0,0,0,0,0,0
186,2026-01-18,0,0,0,0,0,0,0,0,0
186,2026-01-19,0,0,0,0,0,0,0,0,0
186,2026-01-20,0,0,0,0,0,0,0,0,0
186,2026-01-21,0,0,0,0,0,0,0,0,0
186,2026-01-22,0,0,0,0,0,0,0,0,0
186,2026-01-23,0,0,0,0,0,0,0,0,0
186,2026-01-24,0,0,0,0,0,0,0,0,0
186,2026-01-25,6,6,5,1,2,3,1,0,0
186,2026-01-26,1,7,0,1,0,0,1,0,0
186,2026-01-27,7,14,7,0,2,5,0,0,0
186,2026-01-28,6,20,3,3,0,3,2,0,1
186,2026-01-29,3,23,2,1,1,1,0,0,1
186,2026-01-30,6,29,6,0,0,5,0,1,0
186,2026-01-31,3,32,2,1,2,0,1,0,0
186,2026-02-01,6,38,4,2,2,1,1,1,1
186,2026-02-02,8,46,3,5,1,2,4,0,1
186,2026-02-03,2,48,2,0,1,1,0,0,0
186,2026-02-04,8,56,7,1,2,4,1,1,0
186,2026-02-05,8,64,5,3,2,2,3,1,0
186,2026-02-06,5,69,5,0,2,3,0,0,0
186,2026-02-07,8,77,6,2,2,3,2,1,0
186,2026-02-08,8,85,4,4,2,1,2,1,2
186,2026-02-09,12,97,10,2,4,6,1,0,1
186,2026-02-10,6,103,6,0,2,4,0,0,0
187,2026-01-14,0,0,0,0,0,0,0,0,0
187,2026-01-15,0,0,0,0,0,0,0,0,0
187,2026-01-16,0,0,0,0,0,0,0,0,0
187,2026-01-17,0,0,0,0,0,0,0,0,0
187,2026-01-18,0,0,0,0,0,0,0,0,0
187,2026-01-19,0,0,0,0,0,0,0,0,0
187,2026-01-20,0,0,0,0,0,0,0,0,0
187,2026-01-21,0,0,0,0,0,0,0,0,0
187,2026-01-22,0,0,0,0,0,0,0,0,0
187,2026-01-23,0,0,0,0,0,0,0,0,0
187,2026-01-24,0,0,0,0,0,0,0,0,0
187,2026-01-25,6,6,6,0,2,4,0,0,0
187,2026-01-26,1,7,1,0,0,1,0,0,0
187,2026-01-27,4,11,2,2,0,1,2,1,0
187,2026-01-28,3,14,3,0,2,1,0,0,0
187,2026-01-29,4,18,2,2,0,2,2,0,0
187,2026-01-30,7,25,6,1,0,6,1,0,0
187,2026-01-31,4,29,3,1,2,1,1,0,0
187,2026-02-01,3,32,2,1,1,1,0,0,1
187,2026-02-02,4,36,3,1,3,0,1,0,0
187,2026-02-03,3,39,2,1,0,2,1,0,0
187,2026-02-04,12,51,11,1,3,8,1,0,0
187,2026-02-05,6,57,5,1,1,4,1,0,0
187,2026-02-06,8,65,5,3,1,1,3,3,0
187,2026-02-07,4,69,3,1,1,1,1,1,0
187,2026-02-08,6,75,5,1,2,3,1,0,0
187,2026-02-09,8,83,6,2,1,5,2,0,0
187,2026-02-10,9,92,6,3,3,3,3,0,0
188,2026-01-14,0,0,0,0,0,0,0,0,0
188,2026-01-15,0,0,0,0,0,0,0,0,0
188,2026-01-16,0,0,0,0,0,0,0,0,0
188,2026-01-17,0,0,0,0,0,0,0,0,0
188,2026-01-18,0,0,0,0,0,0,0,0,0
188,2026-01-19,0,0,0,0,0,0,0,0,0
188,2026-01-20,0,0,0,0,0,0,0,0,0
188,2026-01-21,0,0,0,0,0,0,0,0,0
188,2026-01-22,0,0,0,0,0,0,0,0,0
188,2026-01-23,0,0,0,0,0,0,0,0,0
188,2026-01-24,0,0,0,0,0,0,0,0,0
188,2026-01-25,3,3,3,0,0,3,0,0,0
188,2026-01-26,1,4,1,0,0,0,0,1,0
188,2026-01-27,0,4,0,0,0,0,0,0,0
188,2026-01-28,3,7,3,0,1,2,0,0,0
188,2026-01-29,5,12,4,1,2,2,1,0,0
188,2026-01-30,3,15,3,0,2,0,0,1,0
188,2026-01-31,5,20,2,3,0,1,3,1,0
188,2026-02-01,3,23,2,1,0,2,0,0,1
188,2026-02-02,3,26,3,0,2,0,0,1,0
188,2026-02-03,10,36,7,3,4,3,3,0,0
188,2026-02-04,5,41,3,2,0,3,1,0,1
188,2026-02-05,8,49,6,2,1,5,0,0,2
188,2026-02-06,5,54,5,0,1,4,0,0,0
188,2026-02-07,10,64,7,3,2,5,2,0,1
188,2026-02-08,6,70,5,1,2,3,0,0,1
188,2026-02-09,13,83,6,7,2,2,6,2,1
188,2026-02-10,9,92,7,2,3,4,1,0,1
189,2026-01-14,0,0,0,0,0,0,0,0,0
189,2026-01-15,0,0,0,0,0,0,0,0,0
189,2026-01-16,0,0,0,0,0,0,0,0,0
189,2026-01-17,0,0,0,0,0,0,0,0,0
189,2026-01-18,0,0,0,0,0,0,0,0,0
189,2026-01-19,0,0,0,0,0,0,0,0,0
189,2026-01-20,0,0,0,0,0,0,0,0,0
189,2026-01-21,0,0,0,0,0,0,0,0,0
189,2026-01-22,0,0,0,0,0,0,0,0,0
189,2026-01-23,0,0,0,0,0,0,0,0,0
189,2026-01-24,0,0,0,0,0,0,0,0,0
189,2026-01-25,2,2,0,2,0,0,2,0,0
189,2026-01-26,4,6,2,2,1,1,1,0,1
189,2026-01-27,2,8,1,1,0,1,1,0,0
189,2026-01-28,4,12,4,0,1,3,0,0,0
189,2026-01-29,3,15,3,0,0,3,0,0,0
189,2026-01-30,6,21,3,3,0,2,2,1,1
189,2026-01-31,2,23,1,1,0,1,1,0,0
189,2026-02-01,5,28,5,0,0,5,0,0,0
189,2026-02-02,2,30,2,0,0,1,0,1,0
189,2026-02-03,4,34,4,0,2,2,0,0,0
189,2026-02-04,8,42,6,2,1,4,2,1,0
189,2026-02-05,11,53,8,3,2,6,3,0,0
189,2026-02-06,3,56,3,0,0,2,0,1,0
189,2026-02-07,10,66,10,0,2,6,0,2,0
189,2026-02-08,5,71,4,1,0,4,1,0,0
189,2026-02-09,3,74,3,0,3,0,0,0,0
189,2026-02-10,9,83,8,1,5,2,1,1,0
190,2026-01-14,0,0,0,0,0,0,0,0,0
190,2026-01-15,0,0,0,0,0,0,0,0,0
190,2026-01-16,0,0,0,0,0,0,0,0,0
190,2026-01-17,0,0,0,0,0,0,0,0,0
190,2026-01-18,0,0,0,0,0,0,0,0,0
190,2026-01-19,0,0,0,0,0,0,0,0,0
190,2026-01-20,0,0,0,0,0,0,0,0,0
190,2026-01-21,0,0,0,0,0,0,0,0,0
190,2026-01-22,0,0,0,0,0,0,0,0,0
190,2026-01-23,0,0,0,0,0,0,0,0,0
190,2026-01-24,0,0,0,0,0,0,0,0,0
190,2026-01-25,3,3,2,1,1,1,0,0,1
190,2026-01-26,2,5,1,1,0,1,1,0,0
190,2026-01-27,3,8,2,1,0,2,1,0,0
190,2026-01-28,7,15,6,1,2,3,1,1,0
190,2026-01-29,2,17,2,0,1,1,0,0,0
190,2026-01-30,1,18,1,0,0,1,0,0,0
190,2026-01-31,5,23,5,0,3,2,0,0,0
190,2026-02-01,5,28,3,2,0,3,2,0,0
190,2026-02-02,3,31,3,0,0,2,0,1,0
190,2026-02-03,2,33,1,1,0,1,1,0,0
190,2026-02-04,7,40,6,1,1,5,1,0,0
190,2026-02-05,4,44,3,1,1,2,1,0,0
190,2026-02-06,7,51,5,2,2,1,2,2,0
190,2026-02-07,3,54,3,0,0,3,0,0,0
190,2026-02-08,3,57,3,0,1,2,0,0,0
190,2026-02-09,9,66,9,0,4,3,0,2,0
190,2026-02-10,4,70,3,1,0,3,0,0,1
191,2026-01-14,0,0,0,0,0,0,0,0,0
191,2026-01-15,0,0,0,0,0,0,0,0,0
191,2026-01-16,0,0,0,0,0,0,0,0,0
191,2026-01-17,0,0,0,0,0,0,0,0,0
191,2026-01-18,0,0,0,0,0,0,0,0,0
191,2026-01-19,0,0,0,0,0,0,0,0,0
191,2026-01-20,0,0,0,0,0,0,0,0,0
191,2026-01-21,0,0,0,0,0,0,0,0,0
191,2026-01-22,0,0,0,0,0,0,0,0,0
191,2026-01-23,0,0,0,0,0,0,0,0,0
191,2026-01-24,0,0,0,0,0,0,0,0,0
191,2026-01-25,3,3,3,0,0,3,0,0,0
191,2026-01-26,4,7,4,0,1,3,0,0,0
191,2026-01-27,1,8,1,0,0,1,0,0,0
191,2026-01-28,5,13,4,1,1,3,1,0,0
191,2026-01-29,5,18,5,0,1,3,0,1,0
191,2026-01-30,7,25,7,0,3,4,0,0,0
191,2026-01-31,2,27,2,0,1,1,0,0,0
191,2026-02-01,5,32,5,0,3,2,0,0,0
191,2026-02-02,2,34,2,0,1,1,0,0,0
191,2026-02-03,3,37,3,0,1,2,0,0,0
191,2026-02-04,7,44,6,1,2,4,1,0,0
191,2026-02-05,5,49,5,0,2,3,0,0,0
191,2026-02-06,6,55,4,2,1,2,1,1,1
191,2026-02-07,6,61,5,1,0,5,1,0,0
191,2026-02-08,4,65,3,1,0,3,1,0,0
191,2026-02-09,1,66,1,0,0,1,0,0,0
191,2026-02-10,6,72,6,0,2,3,0,1,0
192,2026-01-14,0,0,0,0,0,0,0,0,0
192,2026-01-15,0,0,0,0,0,0,0,0,0
192,2026-01-16,0,0,0,0,0,0,0,0,0
192,2026-01-17,0,0,0,0,0,0,0,0,0
192,2026-01-18,0,0,0,0,0,0,0,0,0
192,2026-01-19,0,0,0,0,0,0,0,0,0
192,2026-01-20,0,0,0,0,0,0,0,0,0
192,2026-01-21,0,0,0,0,0,0,0,0,0
192,2026-01-22,0,0,0,0,0,0,0,0,0
192,2026-01-23,0,0,0,0,0,0,0,0,0
192,2026-01-24,0,0,0,0,0,0,0,0,0
192,2026-01-25,7,7,5,2,1,3,0,1,2
192,2026-01-26,7,14,5,2,1,3,2,1,0
192,2026-01-27,7,21,5,2,3,2,1,0,1
192,2026-01-28,6,27,5,1,3,2,1,0,0
192,2026-01-29,3,30,2,1,0,2,1,0,0
192,2026-01-30,3,33,3,0,2,1,0,0,0
192,2026-01-31,6,39,5,1,0,4,1,1,0
192,2026-02-01,6,45,6,0,3,3,0,0,0
192,2026-02-02,3,48,2,1,2,0,0,0,1
192,2026-02-03,3,51,3,0,1,2,0,0,0
192,2026-02-04,6,57,6,0,2,3,0,1,0
192,2026-02-05,9,66,7,2,2,4,2,1,0
192,2026-02-06,8,74,8,0,4,3,0,1,0
192,2026-02-07,10,84,8,2,2,3,1,3,1
192,2026-02-08,4,88,4,0,0,3,0,1,0
192,2026-02-09,7,95,6,1,3,3,1,0,0
192,2026-02-10,9,104,7,2,2,4,2,1,0
193,2026-01-14,0,0,0,0,0,0,0,0,0
193,2026-01-15,0,0,0,0,0,0,0,0,0
193,2026-01-16,0,0,0,0,0,0,0,0,0
193,2026-01-17,0,0,0,0,0,0,0,0,0
193,2026-01-18,0,0,0,0,0,0,0,0,0
193,2026-01-19,0,0,0,0,0,0,0,0,0
193,2026-01-20,0,0,0,0,0,0,0,0,0
193,2026-01-21,0,0,0,0,0,0,0,0,0
193,2026-01-22,0,0,0,0,0,0,0,0,0
193,2026-01-23,0,0,0,0,0,0,0,0,0
193,2026-01-24,0,0,0,0,0,0,0,0,0
193,2026-01-25,5,5,3,2,0,3,2,0,0
193,2026-01-26,1,6,1,0,0,1,0,0,0
193,2026-01-27,1,7,1,0,0,1,0,0,0
193,2026-01-28,3,10,3,0,2,1,0,0,0
193,2026-01-29,7,17,6,1,1,5,1,0,0
193,2026-01-30,1,18,1,0,0,1,0,0,0
193,2026-01-31,4,22,4,0,0,4,0,0,0
193,2026-02-01,1,23,1,0,0,1,0,0,0
193,2026-02-02,4,27,4,0,0,3,0,1,0
193,2026-02-03,10,37,9,1,1,7,1,1,0
193,2026-02-04,3,40,2,1,0,2,1,0,0
193,2026-02-05,3,43,1,2,0,1,2,0,0
193,2026-02-06,11,54,8,3,3,4,3,1,0
193,2026-02-07,10,64,6,4,4,1,4,1,0
193,2026-02-08,6,70,6,0,0,6,0,0,0
193,2026-02-09,10,80,8,2,5,3,1,0,1
193,2026-02-10,7,87,6,1,3,3,1,0,0
194,2026-01-14,0,0,0,0,0,0,0,0,0
194,2026-01-15,0,0,0,0,0,0,0,0,0
194,2026-01-16,0,0,0,0,0,0,0,0,0
194,2026-01-17,0,0,0,0,0,0,0,0,0
194,2026-01-18,0,0,0,0,0,0,0,0,0
194,2026-01-19,0,0,0,0,0,0,0,0,0
194,2026-01-20,0,0,0,0,0,0,0,0,0
194,2026-01-21,0,0,0,0,0,0,0,0,0
194,2026-01-22,0,0,0,0,0,0,0,0,0
194,2026-01-23,0,0,0,0,0,0,0,0,0
194,2026-01-24,0,0,0,0,0,0,0,0,0
194,2026-01-25,7,7,6,1,0,6,1,0,0
194,2026-01-26,6,13,3,3,1,1,3,1,0
194,2026-01-27,4,17,2,2,1,1,1,0,1
194,2026-01-28,4,21,2,2,1,1,1,0,1
194,2026-01-29,9,30,6,3,2,3,3,1,0
194,2026-01-30,6,36,3,3,0,3,2,0,1
194,2026-01-31,5,41,4,1,2,2,1,0,0
194,2026-02-01,4,45,3,1,1,2,1,0,0
194,2026-02-02,8,53,3,5,1,1,4,1,1
194,2026-02-03,11,64,6,5,2,4,5,0,0
194,2026-02-04,11,75,9,2,1,7,0,1,2
194,2026-02-05,6,81,4,2,1,3,2,0,0
194,2026-02-06,17,98,13,4,5,6,3,2,1
194,2026-02-07,12,110,8,4,4,3,4,1,0
194,2026-02-08,10,120,6,4,0,3,4,3,0
194,2026-02-09,14,134,9,5,4,5,4,0,1
194,2026-02-10,13,147,12,1,3,8,1,1,0
195,2026-01-14,0,0,0,0,0,0,0,0,0
195,2026-01-15,0,0,0,0,0,0,0,0,0
195,2026-01-16,0,0,0,0,0,0,0,0,0
195,2026-01-17,0,0,0,0,0,0,0,0,0
195,2026-01-18,0,0,0,0,0,0,0,0,0
195,2026-01-19,0,0,0,0,0,0,0,0,0
195,2026-01-20,0,0,0,0,0,0,0,0,0
195,2026-01-21,0,0,0,0,0,0,0,0,0
195,2026-01-22,0,0,0,0,0,0,0,0,0
195,2026-01-23,0,0,0,0,0,0,0,0,0
195,2026-01-24,0,0,0,0,0,0,0,0,0
195,2026-01-25,11,11,7,4,2,5,2,0,2
195,2026-01-26,1,12,1,0,0,0,0,1,0
195,2026-01-27,0,12,0,0,0,0,0,0,0
195,2026-01-28,3,15,2,1,0,2,0,0,1
195,2026-01-29,6,21,4,2,1,3,2,0,0
195,2026-01-30,5,26,4,1,1,3,0,0,1
195,2026-01-31,8,34,6,2,2,4,2,0,0
195,2026-02-01,2,36,2,0,0,2,0,0,0
195,2026-02-02,4,40,3,1,0,3,1,0,0
195,2026-02-03,2,42,2,0,1,1,0,0,0
195,2026-02-04,4,46,4,0,1,2,0,1,0
195,2026-02-05,6,52,5,1,2,3,0,0,1
195,2026-02-06,3,55,3,0,0,3,0,0,0
195,2026-02-07,9,64,6,3,2,4,2,0,1
195,2026-02-08,5,69,2,3,0,2,1,0,2
195,2026-02-09,3,72,2,1,1,1,1,0,0
195,2026-02-10,10,82,8,2,3,4,1,1,1
196,2026-01-14,0,0,0,0,0,0,0,0,0
196,2026-01-15,0,0,0,0,0,0,0,0,0
196,2026-01-16,0,0,0,0,0,0,0,0,0
196,2026-01-17,0,0,0,0,0,0,0,0,0
196,2026-01-18,0,0,0,0,0,0,0,0,0
196,2026-01-19,0,0,0,0,0,0,0,0,0
196,2026-01-20,0,0,0,0,0,0,0,0,0
196,2026-01-21,0,0,0,0,0,0,0,0,0
196,2026-01-22,0,0,0,0,0,0,0,0,0
196,2026-01-23,0,0,0,0,0,0,0,0,0
196,2026-01-24,0,0,0,0,0,0,0,0,0
196,2026-01-25,4,4,2,2,1,0,2,1,0
196,2026-01-26,7,11,7,0,0,6,0,1,0
196,2026-01-27,2,13,2,0,2,0,0,0,0
196,2026-01-28,3,16,2,1,2,0,1,0,0
196,2026-01-29,4,20,3,1,1,1,1,1,0
196,2026-01-30,7,27,5,2,1,3,1,1,1
196,2026-01-31,5,32,5,0,1,3,0,1,0
196,2026-02-01,6,38,5,1,2,2,1,1,0
196,2026-02-02,3,41,3,0,0,1,0,2,0
196,2026-02-03,3,44,2,1,0,1,1,1,0
196,2026-02-04,4,48,3,1,1,1,1,1,0
196,2026-02-05,6,54,6,0,1,4,0,1,0
196,2026-02-06,9,63,9,0,4,5,0,0,0
196,2026-02-07,10,73,6,4,2,3,3,1,1
196,2026-02-08,9,82,7,2,3,3,1,1,1
196,2026-02-09,10,92,7,3,1,4,2,2,1
196,2026-02-10,7,99,7,0,4,2,0,1,0
197,2026-01-14,0,0,0,0,0,0,0,0,0
197,2026-01-15,0,0,0,0,0,0,0,0,0
197,2026-01-16,0,0,0,0,0,0,0,0,0
197,2026-01-17,0,0,0,0,0,0,0,0,0
197,2026-01-18,0,0,0,0,0,0,0,0,0
197,2026-01-19,0,0,0,0,0,0,0,0,0
197,2026-01-20,0,0,0,0,0,0,0,0,0
197,2026-01-21,0,0,0,0,0,0,0,0,0
197,2026-01-22,0,0,0,0,0,0,0,0,0
197,2026-01-23,0,0,0,0,0,0,0,0,0
197,2026-01-24,0,0,0,0,0,0,0,0,0
197,2026-01-25,8,8,7,1,4,3,1,0,0
197,2026-01-26,5,13,4,1,2,1,1,1,0
197,2026-01-27,5,18,4,1,3,0,1,1,0
197,2026-01-28,5,23,5,0,3,1,0,1,0
197,2026-01-29,2,25,2,0,1,1,0,0,0
197,2026-01-30,6,31,5,1,0,5,1,0,0
197,2026-01-31,9,40,8,1,3,4,1,1,0
197,2026-02-01,6,46,5,1,2,3,1,0,0
197,2026-02-02,6,52,6,0,1,4,0,1,0
197,2026-02-03,12,64,12,0,5,6,0,1,0
197,2026-02-04,9,73,9,0,4,5,0,0,0
197,2026-02-05,5,78,3,2,1,2,2,0,0
197,2026-02-06,10,88,10,0,3,6,0,1,0
197,2026-02-07,8,96,7,1,1,6,1,0,0
197,2026-02-08,11,107,9,2,3,6,2,0,0
197,2026-02-09,8,115,8,0,2,6,0,0,0
197,2026-02-10,13,128,13,0,3,8,0,2,0
198,2026-01-14,0,0,0,0,0,0,0,0,0
198,2026-01-15,0,0,0,0,0,0,0,0,0
198,2026-01-16,0,0,0,0,0,0,0,0,0
198,2026-01-17,0,0,0,0,0,0,0,0,0
198,2026-01-18,0,0,0,0,0,0,0,0,0
198,2026-01-19,0,0,0,0,0,0,0,0,0
198,2026-01-20,0,0,0,0,0,0,0,0,0
198,2026-01-21,0,0,0,0,0,0,0,0,0
198,2026-01-22,0,0,0,0,0,0,0,0,0
198,2026-01-23,0,0,0,0,0,0,0,0,0
198,2026-01-24,0,0,0,0,0,0,0,0,0
198,2026-01-25,7,7,7,0,4,2,0,1,0
198,2026-01-26,8,15,4,4,0,4,3,0,1
198,2026-01-27,5,20,3,2,1,2,2,0,0
198,2026-01-28,3,23,2,1,1,1,1,0,0
198,2026-01-29,4,27,4,0,2,2,0,0,0
198,2026-01-30,9,36,9,0,3,4,0,2,0
198,2026-01-31,6,42,5,1,0,4,1,1,0
198,2026-02-01,4,46,3,1,0,2,1,1,0
198,2026-02-02,7,53,6,1,2,4,0,0,1
198,2026-02-03,7,60,7,0,1,5,0,1,0
198,2026-02-04,10,70,9,1,2,4,1,3,0
198,2026-02-05,10,80,8,2,3,5,2,0,0
198,2026-02-06,4,84,3,1,0,3,1,0,0
198,2026-02-07,10,94,9,1,1,6,1,2,0
198,2026-02-08,6,100,4,2,0,4,1,0,1
198,2026-02-09,7,107,5,2,1,4,1,0,1
198,2026-02-10,10,117,9,1,2,7,1,0,0
199,2026-01-14,0,0,0,0,0,0,0,0,0
199,2026-01-15,0,0,0,0,0,0,0,0,0
199,2026-01-16,0,0,0,0,0,0,0,0,0
199,2026-01-17,0,0,0,0,0,0,0,0,0
199,2026-01-18,0,0,0,0,0,0,0,0,0
199,2026-01-19,0,0,0,0,0,0,0,0,0
199,2026-01-20,0,0,0,0,0,0,0,0,0
199,2026-01-21,0,0,0,0,0,0,0,0,0
199,2026-01-22,0,0,0,0,0,0,0,0,0
199,2026-01-23,0,0,0,0,0,0,0,0,0
199,2026-01-24,0,0,0,0,0,0,0,0,0
199,2026-01-25,11,11,7,4,3,4,2,0,2
199,2026-01-26,4,15,4,0,2,2,0,0,0
199,2026-01-27,4,19,3,1,0,2,1,1,0
199,2026-01-28,3,22,2,1,0,2,1,0,0
199,2026-01-29,4,26,4,0,2,2,0,0,0
199,2026-01-30,5,31,4,1,0,4,1,0,0
199,2026-01-31,3,34,2,1,0,2,1,0,0
199,2026-02-01,4,38,3,1,0,3,1,0,0
199,2026-02-02,6,44,5,1,1,3,1,1,0
199,2026-02-03,8,52,8,0,1,7,0,0,0
199,2026-02-04,9,61,7,2,0,4,1,3,1
199,2026-02-05,9,70,7,2,3,4,1,0,1
199,2026-02-06,5,75,3,2,1,1,2,1,0
199,2026-02-07,10,85,8,2,1,4,2,3,0
199,2026-02-08,12,97,12,0,5,7,0,0,0
199,2026-02-09,10,107,8,2,3,4,1,1,1
199,2026-02-10,7,114,6,1,3,3,1,0,0
200,2026-01-14,0,0,0,0,0,0,0,0,0
200,2026-01-15,0,0,0,0,0,0,0,0,0
200,2026-01-16,0,0,0,0,0,0,0,0,0
200,2026-01-17,0,0,0,0,0,0,0,0,0
200,2026-01-18,0,0,0,0,0,0,0,0,0
200,2026-01-19,0,0,0,0,0,0,0,0,0
200,2026-01-20,0,0,0,0,0,0,0,0,0
200,2026-01-21,0,0,0,0,0,0,0,0,0
200,2026-01-22,0,0,0,0,0,0,0,0,0
200,2026-01-23,0,0,0,0,0,0,0,0,0
200,2026-01-24,0,0,0,0,0,0,0,0,0
200,2026-01-25,2,2,2,0,1,1,0,0,0
200,2026-01-26,6,8,4,2,1,3,0,0,2
200,2026-01-27,5,13,4,1,1,3,0,0,1
200,2026-01-28,2,15,1,1,0,1,1,0,0
200,2026-01-29,5,20,4,1,1,3,0,0,1
200,2026-01-30,2,22,2,0,1,1,0,0,0
200,2026-01-31,6,28,5,1,3,2,0,0,1
200,2026-02-01,5,33,5,0,2,3,0,0,0
200,2026-02-02,1,34,1,0,0,1,0,0,0
200,2026-02-03,4,38,4,0,0,4,0,0,0
200,2026-02-04,2,40,1,1,0,0,1,1,0
200,2026-02-05,7,47,5,2,1,3,2,1,0
200,2026-02-06,3,50,3,0,1,2,0,0,0
200,2026-02-07,5,55,3,2,1,2,2,0,0
200,2026-02-08,7,62,7,0,0,7,0,0,0
200,2026-02-09,3,65,3,0,1,2,0,0,0
200,2026-02-10,4,69,4,0,0,3,0,1,0
201,2026-01-14,0,0,0,0,0,0,0,0,0
201,2026-01-15,0,0,0,0,0,0,0,0,0
201,2026-01-16,0,0,0,0,0,0,0,0,0
201,2026-01-17,0,0,0,0,0,0,0,0,0
201,2026-01-18,0,0,0,0,0,0,0,0,0
201,2026-01-19,0,0,0,0,0,0,0,0,0
201,2026-01-20,0,0,0,0,0,0,0,0,0
201,2026-01-21,0,0,0,0,0,0,0,0,0
201,2026-01-22,0,0,0,0,0,0,0,0,0
201,2026-01-23,0,0,0,0,0,0,0,0,0
201,2026-01-24,0,0,0,0,0,0,0,0,0
201,2026-01-25,6,6,4,2,0,4,2,0,0
201,2026-01-26,2,8,1,1,0,1,1,0,0
201,2026-01-27,1,9,1,0,0,0,0,1,0
201,2026-01-28,4,13,2,2,0,1,2,1,0
201,2026-01-29,3,16,3,0,2,1,0,0,0
201,2026-01-30,5,21,5,0,2,3,0,0,0
201,2026-01-31,2,23,2,0,0,2,0,0,0
201,2026-02-01,1,24,1,0,0,1,0,0,0
201,2026-02-02,5,29,5,0,1,4,0,0,0
201,2026-02-03,4,33,4,0,1,3,0,0,0
201,2026-02-04,7,40,5,2,1,3,2,1,0
201,2026-02-05,8,48,5,3,0,5,3,0,0
201,2026-02-06,7,55,6,1,3,3,1,0,0
201,2026-02-07,12,67,7,5,1,6,4,0,1
201,2026-02-08,12,79,9,3,3,4,2,2,1
201,2026-02-09,10,89,8,2,3,5,1,0,1
201,2026-02-10,7,96,5,2,1,4,2,0,0
202,2026-01-14,0,0,0,0,0,0,0,0,0
202,2026-01-15,0,0,0,0,0,0,0,0,0
202,2026-01-16,0,0,0,0,0,0,0,0,0
202,2026-01-17,0,0,0,0,0,0,0,0,0
202,2026-01-18,0,0,0,0,0,0,0,0,0
202,2026-01-19,0,0,0,0,0,0,0,0,0
202,2026-01-20,0,0,0,0,0,0,0,0,0
202,2026-01-21,0,0,0,0,0,0,0,0,0
202,2026-01-22,0,0,0,0,0,0,0,0,0
202,2026-01-23,0,0,0,0,0,0,0,0,0
202,2026-01-24,0,0,0,0,0,0,0,0,0
202,2026-01-25,5,5,2,3,1,1,2,0,1
202,2026-01-26,4,9,3,1,0,3,0,0,1
202,2026-01-27,3,12,2,1,1,0,1,1,0
202,2026-01-28,4,16,3,1,0,3,1,0,0
202,2026-01-29,3,19,2,1,1,1,1,0,0
202,2026-01-30,1,20,1,0,0,1,0,0,0
202,2026-01-31,9,29,8,1,4,3,1,1,0
202,2026-02-01,2,31,2,0,0,2,0,0,0
202,2026-02-02,5,36,3,2,1,2,1,0,1
202,2026-02-03,7,43,6,1,2,3,1,1,0
202,2026-02-04,6,49,5,1,0,5,0,0,1
202,2026-02-05,9,58,9,0,4,4,0,1,0
202,2026-02-06,6,64,4,2,1,3,2,0,0
202,2026-02-07,12,76,8,4,1,6,3,1,1
202,2026-02-08,11,87,8,3,3,5,3,0,0
202,2026-02-09,7,94,5,2,2,3,1,0,1
202,2026-02-10,13,107,7,6,1,6,5,0,1
203,2026-01-14,0,0,0,0,0,0,0,0,0
203,2026-01-15,0,0,0,0,0,0,0,0,0
203,2026-01-16,0,0,0,0,0,0,0,0,0
203,2026-01-17,0,0,0,0,0,0,0,0,0
203,2026-01-18,0,0,0,0,0,0,0,0,0
203,2026-01-19,0,0,0,0,0,0,0,0,0
203,2026-01-20,0,0,0,0,0,0,0,0,0
203,2026-01-21,0,0,0,0,0,0,0,0,0
203,2026-01-22,0,0,0,0,0,0,0,0,0
203,2026-01-23,0,0,0,0,0,0,0,0,0
203,2026-01-24,0,0,0,0,0,0,0,0,0
203,2026-01-25,7,7,6,1,1,5,0,0,1
203,2026-01-26,0,7,0,0,0,0,0,0,0
203,2026-01-27,3,10,2,1,1,1,1,0,0
203,2026-01-28,3,13,3,0,0,2,0,1,0
203,2026-01-29,3,16,2,1,0,2,1,0,0
203,2026-01-30,0,16,0,0,0,0,0,0,0
203,2026-01-31,4,20,2,2,0,2,2,0,0
203,2026-02-01,4,24,4,0,0,3,0,1,0
203,2026-02-02,2,26,2,0,0,2,0,0,0
203,2026-02-03,5,31,3,2,1,0,2,2,0
203,2026-02-04,2,33,1,1,1,0,0,0,1
203,2026-02-05,5,38,4,1,0,4,0,0,1
203,2026-02-06,10,48,7,3,3,3,3,1,0
203,2026-02-07,3,51,3,0,1,2,0,0,0
203,2026-02-08,4,55,2,2,0,2,2,0,0
203,2026-02-09,5,60,5,0,0,5,0,0,0
203,2026-02-10,4,64,2,2,0,2,2,0,0
204,2026-01-14,0,0,0,0,0,0,0,0,0
204,2026-01-15,0,0,0,0,0,0,0,0,0
204,2026-01-16,0,0,0,0,0,0,0,0,0
204,2026-01-17,0,0,0,0,0,0,0,0,0
204,2026-01-18,0,0,0,0,0,0,0,0,0
204,2026-01-19,0,0,0,0,0,0,0,0,0
204,2026-01-20,0,0,0,0,0,0,0,0,0
204,2026-01-21,0,0,0,0,0,0,0,0,0
204,2026-01-22,0,0,0,0,0,0,0,0,0
204,2026-01-23,0,0,0,0,0,0,0,0,0
204,2026-01-24,0,0,0,0,0,0,0,0,0
204,2026-01-25,5,5,4,1,0,3,1,1,0
204,2026-01-26,8,13,8,0,3,4,0,1,0
204,2026-01-27,3,16,3,0,2,1,0,0,0
204,2026-01-28,6,22,6,0,0,4,0,2,0
204,2026-01-29,1,23,1,0,1,0,0,0,0
204,2026-01-30,3,26,3,0,0,3,0,0,0
204,2026-01-31,7,33,5,2,2,3,2,0,0
204,2026-02-01,2,35,1,1,1,0,1,0,0
204,2026-02-02,4,39,2,2,0,2,1,0,1
204,2026-02-03,6,45,5,1,1,3,1,1,0
204,2026-02-04,13,58,10,3,3,7,2,0,1
204,2026-02-05,6,64,5,1,0,5,1,0,0
204,2026-02-06,9,73,6,3,3,1,3,2,0
204,2026-02-07,11,84,7,4,1,6,4,0,0
204,2026-02-08,6,90,4,2,0,3,2,1,0
204,2026-02-09,8,98,6,2,0,5,2,1,0
204,2026-02-10,7,105,6,1,1,4,1,1,0
205,2026-01-14,0,0,0,0,0,0,0,0,0
205,2026-01-15,0,0,0,0,0,0,0,0,0
205,2026-01-16,0,0,0,0,0,0,0,0,0
205,2026-01-17,0,0,0,0,0,0,0,0,0
205,2026-01-18,0,0,0,0,0,0,0,0,0
205,2026-01-19,0,0,0,0,0,0,0,0,0
205,2026-01-20,0,0,0,0,0,0,0,0,0
205,2026-01-21,0,0,0,0,0,0,0,0,0
205,2026-01-22,0,0,0,0,0,0,0,0,0
205,2026-01-23,0,0,0,0,0,0,0,0,0
205,2026-01-24,0,0,0,0,0,0,0,0,0
205,2026-01-25,13,13,8,5,2,5,3,1,2
205,2026-01-26,9,22,7,2,4,3,2,0,0
205,2026-01-27,14,36,14,0,5,4,0,5,0
205,2026-01-28,7,43,5,2,1,4,2,0,0
205,2026-01-29,12,55,9,3,2,7,2,0,1
205,2026-01-30,12,67,9,3,5,3,1,1,2
205,2026-01-31,14,81,9,5,4,5,3,0,2
205,2026-02-01,12,93,7,5,0,6,4,1,1
205,2026-02-02,10,103,6,4,1,5,3,0,1
205,2026-02-03,17,120,12,5,3,8,3,1,2
205,2026-02-04,22,142,16,6,7,7,5,2,1
205,2026-02-05,19,161,18,1,3,13,1,2,0
205,2026-02-06,16,177,14,2,3,9,2,2,0
205,2026-02-07,24,201,20,4,7,11,4,2,0
205,2026-02-08,21,222,12,9,2,9,6,1,3
205,2026-02-09,21,243,14,7,2,12,7,0,0
205,2026-02-10,32,275,23,9,5,17,6,1,3
206,2026-01-14,0,0,0,0,0,0,0,0,0
206,2026-01-15,0,0,0,0,0,0,0,0,0
206,2026-01-16,0,0,0,0,0,0,0,0,0
206,2026-01-17,0,0,0,0,0,0,0,0,0
206,2026-01-18,0,0,0,0,0,0,0,0,0
206,2026-01-19,0,0,0,0,0,0,0,0,0
206,2026-01-20,0,0,0,0,0,0,0,0,0
206,2026-01-21,0,0,0,0,0,0,0,0,0
206,2026-01-22,0,0,0,0,0,0,0,0,0
206,2026-01-23,0,0,0,0,0,0,0,0,0
206,2026-01-24,0,0,0,0,0,0,0,0,0
206,2026-01-25,3,3,1,2,0,1,2,0,0
206,2026-01-26,6,9,4,2,2,2,2,0,0
206,2026-01-27,1,10,1,0,0,0,0,1,0
206,2026-01-28,4,14,4,0,2,2,0,0,0
206,2026-01-29,4,18,4,0,2,2,0,0,0
206,2026-01-30,1,19,1,0,0,1,0,0,0
206,2026-01-31,2,21,1,1,1,0,1,0,0
206,2026-02-01,5,26,3,2,2,0,2,1,0
206,2026-02-02,4,30,3,1,2,1,1,0,0
206,2026-02-03,8,38,7,1,3,2,1,2,0
206,2026-02-04,2,40,2,0,0,2,0,0,0
206,2026-02-05,10,50,6,4,3,2,3,1,1
206,2026-02-06,9,59,7,2,2,5,1,0,1
206,2026-02-07,11,70,9,2,1,7,2,1,0
206,2026-02-08,7,77,6,1,3,1,1,2,0
206,2026-02-09,3,80,2,1,1,0,0,1,1
206,2026-02-10,7,87,4,3,3,1,0,0,3
207,2026-01-14,0,0,0,0,0,0,0,0,0
207,2026-01-15,0,0,0,0,0,0,0,0,0
207,2026-01-16,0,0,0,0,0,0,0,0,0
207,2026-01-17,0,0,0,0,0,0,0,0,0
207,2026-01-18,0,0,0,0,0,0,0,0,0
207,2026-01-19,0,0,0,0,0,0,0,0,0
207,2026-01-20,0,0,0,0,0,0,0,0,0
207,2026-01-21,0,0,0,0,0,0,0,0,0
207,2026-01-22,0,0,0,0,0,0,0,0,0
207,2026-01-23,0,0,0,0,0,0,0,0,0
207,2026-01-24,0,0,0,0,0,0,0,0,0
207,2026-01-25,6,6,5,1,0,4,0,1,1
207,2026-01-26,2,8,2,0,2,0,0,0,0
207,2026-01-27,1,9,1,0,1,0,0,0,0
207,2026-01-28,3,12,2,1,0,1,1,1,0
207,2026-01-29,2,14,2,0,1,1,0,0,0
207,2026-01-30,2,16,2,0,0,2,0,0,0
207,2026-01-31,2,18,1,1,0,1,1,0,0
207,2026-02-01,5,23,2,3,0,2,3,0,0
207,2026-02-02,3,26,1,2,1,0,2,0,0
207,2026-02-03,5,31,4,1,1,3,1,0,0
207,2026-02-04,6,37,5,1,2,3,1,0,0
207,2026-02-05,6,43,6,0,0,6,0,0,0
207,2026-02-06,3,46,2,1,0,2,1,0,0
207,2026-02-07,4,50,3,1,0,3,0,0,1
207,2026-02-08,5,55,5,0,2,3,0,0,0
207,2026-02-09,5,60,5,0,3,2,0,0,0
207,2026-02-10,8,68,6,2,1,4,2,1,0
208,2026-01-14,0,0,0,0,0,0,0,0,0
208,2026-01-15,0,0,0,0,0,0,0,0,0
208,2026-01-16,0,0,0,0,0,0,0,0,0
208,2026-01-17,0,0,0,0,0,0,0,0,0
208,2026-01-18,0,0,0,0,0,0,0,0,0
208,2026-01-19,0,0,0,0,0,0,0,0,0
208,2026-01-20,0,0,0,0,0,0,0,0,0
208,2026-01-21,0,0,0,0,0,0,0,0,0
208,2026-01-22,0,0,0,0,0,0,0,0,0
208,2026-01-23,0,0,0,0,0,0,0,0,0
208,2026-01-24,0,0,0,0,0,0,0,0,0
208,2026-01-25,4,4,3,1,0,3,1,0,0
208,2026-01-26,6,10,4,2,3,1,1,0,1
208,2026-01-27,6,16,3,3,1,2,2,0,1
208,2026-01-28,2,18,1,1,1,0,1,0,0
208,2026-01-29,5,23,3,2,0,3,2,0,0
208,2026-01-30,6,29,6,0,3,2,0,1,0
208,2026-01-31,11,40,10,1,3,7,0,0,1
208,2026-02-01,5,45,3,2,2,0,2,1,0
208,2026-02-02,5,50,4,1,0,3,1,1,0
208,2026-02-03,13,63,10,3,5,4,3,1,0
208,2026-02-04,7,70,4,3,0,3,1,1,2
208,2026-02-05,7,77,6,1,2,3,1,1,0
208,2026-02-06,3,80,2,1,1,1,0,0,1
208,2026-02-07,16,96,13,3,2,9,3,2,0
208,2026-02-08,15,111,11,4,3,8,3,0,1
208,2026-02-09,18,129,12,6,3,7,4,2,2
208,2026-02-10,4,133,4,0,3,1,0,0,0
209,2026-01-14,0,0,0,0,0,0,0,0,0
209,2026-01-15,0,0,0,0,0,0,0,0,0
209,2026-01-16,0,0,0,0,0,0,0,0,0
209,2026-01-17,0,0,0,0,0,0,0,0,0
209,2026-01-18,0,0,0,0,0,0,0,0,0
209,2026-01-19,0,0,0,0,0,0,0,0,0
209,2026-01-20,0,0,0,0,0,0,0,0,0
209,2026-01-21,0,0,0,0,0,0,0,0,0
209,2026-01-22,0,0,0,0,0,0,0,0,0
209,2026-01-23,0,0,0,0,0,0,0,0,0
209,2026-01-24,0,0,0,0,0,0,0,0,0
209,2026-01-25,3,3,2,1,0,2,1,0,0
209,2026-01-26,6,9,4,2,1,2,2,1,0
209,2026-01-27,4,13,3,1,1,2,1,0,0
209,2026-01-28,3,16,3,0,2,1,0,0,0
209,2026-01-29,6,22,5,1,2,3,1,0,0
209,2026-01-30,4,26,3,1,1,2,1,0,0
209,2026-01-31,4,30,3,1,1,2,1,0,0
209,2026-02-01,4,34,3,1,0,3,1,0,0
209,2026-02-02,9,43,6,3,1,4,3,1,0
209,2026-02-03,4,47,1,3,0,1,2,0,1
209,2026-02-04,7,54,4,3,1,1,3,2,0
209,2026-02-05,5,59,5,0,3,2,0,0,0
209,2026-02-06,9,68,8,1,3,4,1,1,0
209,2026-02-07,14,82,5,9,3,1,6,1,3
209,2026-02-08,14,96,11,3,4,6,2,1,1
209,2026-02-09,8,104,7,1,1,6,1,0,0
209,2026-02-10,12,116,8,4,2,6,3,0,1
210,2026-01-14,0,0,0,0,0,0,0,0,0
210,2026-01-15,0,0,0,0,0,0,0,0,0
210,2026-01-16,0,0,0,0,0,0,0,0,0
210,2026-01-17,0,0,0,0,0,0,0,0,0
210,2026-01-18,0,0,0,0,0,0,0,0,0
210,2026-01-19,0,0,0,0,0,0,0,0,0
210,2026-01-20,0,0,0,0,0,0,0,0,0
210,2026-01-21,0,0,0,0,0,0,0,0,0
210,2026-01-22,0,0,0,0,0,0,0,0,0
210,2026-01-23,0,0,0,0,0,0,0,0,0
210,2026-01-24,0,0,0,0,0,0,0,0,0
210,2026-01-25,7,7,6,1,2,3,1,1,0
210,2026-01-26,4,11,4,0,0,4,0,0,0
210,2026-01-27,3,14,2,1,0,1,1,1,0
210,2026-01-28,6,20,4,2,2,2,1,0,1
210,2026-01-29,2,22,0,2,0,0,2,0,0
210,2026-01-30,3,25,2,1,0,2,1,0,0
210,2026-01-31,5,30,3,2,0,3,2,0,0
210,2026-02-01,4,34,4,0,2,1,0,1,0
210,2026-02-02,7,41,7,0,0,6,0,1,0
210,2026-02-03,6,47,5,1,1,3,1,1,0
210,2026-02-04,3,50,3,0,1,2,0,0,0
210,2026-02-05,7,57,6,1,3,2,1,1,0
210,2026-02-06,10,67,7,3,2,4,3,1,0
210,2026-02-07,5,72,4,1,0,4,1,0,0
210,2026-02-08,10,82,8,2,4,4,2,0,0
210,2026-02-09,7,89,3,4,1,1,4,1,0
210,2026-02-10,10,99,6,4,3,3,4,0,0
211,2026-01-14,0,0,0,0,0,0,0,0,0
211,2026-01-15,0,0,0,0,0,0,0,0,0
211,2026-01-16,0,0,0,0,0,0,0,0,0
211,2026-01-17,0,0,0,0,0,0,0,0,0
211,2026-01-18,0,0,0,0,0,0,0,0,0
211,2026-01-19,0,0,0,0,0,0,0,0,0
211,2026-01-20,0,0,0,0,0,0,0,0,0
211,2026-01-21,0,0,0,0,0,0,0,0,0
211,2026-01-22,0,0,0,0,0,0,0,0,0
211,2026-01-23,0,0,0,0,0,0,0,0,0
211,2026-01-24,0,0,0,0,0,0,0,0,0
211,2026-01-25,5,5,3,2,1,2,1,0,1
211,2026-01-26,2,7,1,1,0,1,1,0,0
211,2026-01-27,3,10,3,0,0,3,0,0,0
211,2026-01-28,3,13,3,0,1,2,0,0,0
211,2026-01-29,3,16,3,0,1,0,0,2,0
211,2026-01-30,3,19,3,0,0,3,0,0,0
211,2026-01-31,8,27,8,0,2,3,0,3,0
211,2026-02-01,6,33,5,1,3,2,1,0,0
211,2026-02-02,5,38,5,0,0,4,0,1,0
211,2026-02-03,4,42,2,2,0,2,1,0,1
211,2026-02-04,9,51,9,0,3,6,0,0,0
211,2026-02-05,6,57,5,1,0,4,1,1,0
211,2026-02-06,7,64,5,2,0,4,1,1,1
211,2026-02-07,5,69,3,2,0,1,2,2,0
211,2026-02-08,6,75,6,0,2,4,0,0,0
211,2026-02-09,7,82,5,2,1,3,1,1,1
211,2026-02-10,12,94,11,1,2,6,1,3,0
212,2026-01-14,0,0,0,0,0,0,0,0,0
212,2026-01-15,0,0,0,0,0,0,0,0,0
212,2026-01-16,0,0,0,0,0,0,0,0,0
212,2026-01-17,0,0,0,0,0,0,0,0,0
212,2026-01-18,0,0,0,0,0,0,0,0,0
212,2026-01-19,0,0,0,0,0,0,0,0,0
212,2026-01-20,0,0,0,0,0,0,0,0,0
212,2026-01-21,0,0,0,0,0,0,0,0,0
212,2026-01-22,0,0,0,0,0,0,0,0,0
212,2026-01-23,0,0,0,0,0,0,0,0,0
212,2026-01-24,0,0,0,0,0,0,0,0,0
212,2026-01-25,2,2,1,1,0,1,0,0,1
212,2026-01-26,6,8,5,1,0,3,1,2,0
212,2026-01-27,5,13,5,0,2,3,0,0,0
212,2026-01-28,3,16,2,1,0,2,1,0,0
212,2026-01-29,5,21,5,0,2,2,0,1,0
212,2026-01-30,4,25,3,1,0,2,1,1,0
212,2026-01-31,5,30,3,2,1,2,1,0,1
212,2026-02-01,3,33,3,0,0,2,0,1,0
212,2026-02-02,12,45,10,2,2,8,1,0,1
212,2026-02-03,8,53,7,1,2,5,1,0,0
212,2026-02-04,12,65,7,5,2,4,4,1,1
212,2026-02-05,11,76,8,3,4,3,3,1,0
212,2026-02-06,9,85,6,3,2,4,2,0,1
212,2026-02-07,10,95,7,3,2,4,2,1,1
212,2026-02-08,14,109,12,2,4,7,2,1,0
212,2026-02-09,8,117,6,2,2,3,0,1,2
212,2026-02-10,8,125,7,1,1,6,1,0,0
213,2026-01-14,0,0,0,0,0,0,0,0,0
213,2026-01-15,0,0,0,0,0,0,0,0,0
213,2026-01-16,0,0,0,0,0,0,0,0,0
213,2026-01-17,0,0,0,0,0,0,0,0,0
213,2026-01-18,0,0,0,0,0,0,0,0,0
213,2026-01-19,0,0,0,0,0,0,0,0,0
213,2026-01-20,0,0,0,0,0,0,0,0,0
213,2026-01-21,0,0,0,0,0,0,0,0,0
213,2026-01-22,0,0,0,0,0,0,0,0,0
213,2026-01-23,0,0,0,0,0,0,0,0,0
213,2026-01-24,0,0,0,0,0,0,0,0,0
213,2026-01-25,3,3,3,0,2,1,0,0,0
213,2026-01-26,3,6,3,0,1,2,0,0,0
213,2026-01-27,3,9,3,0,0,3,0,0,0
213,2026-01-28,8,17,6,2,4,2,2,0,0
213,2026-01-29,3,20,2,1,0,2,0,0,1
213,2026-01-30,8,28,7,1,3,4,1,0,0
213,2026-01-31,5,33,4,1,0,4,1,0,0
213,2026-02-01,7,40,7,0,0,6,0,1,0
213,2026-02-02,10,50,9,1,2,6,1,1,0
213,2026-02-03,4,54,4,0,0,4,0,0,0
213,2026-02-04,12,66,10,2,1,9,2,0,0
213,2026-02-05,11,77,7,4,0,5,3,2,1
213,2026-02-06,11,88,10,1,5,5,1,0,0
213,2026-02-07,13,101,12,1,5,6,1,1,0
213,2026-02-08,6,107,4,2,1,3,1,0,1
213,2026-02-09,11,118,7,4,2,3,3,2,1
213,2026-02-10,18,136,13,5,5,7,2,1,3
214,2026-01-14,0,0,0,0,0,0,0,0,0
214,2026-01-15,0,0,0,0,0,0,0,0,0
214,2026-01-16,0,0,0,0,0,0,0,0,0
214,2026-01-17,0,0,0,0,0,0,0,0,0
214,2026-01-18,0,0,0,0,0,0,0,0,0
214,2026-01-19,0,0,0,0,0,0,0,0,0
214,2026-01-20,0,0,0,0,0,0,0,0,0
214,2026-01-21,0,0,0,0,0,0,0,0,0
214,2026-01-22,0,0,0,0,0,0,0,0,0
214,2026-01-23,0,0,0,0,0,0,0,0,0
214,2026-01-24,0,0,0,0,0,0,0,0,0
214,2026-01-25,6,6,6,0,2,4,0,0,0
214,2026-01-26,7,13,6,1,1,5,1,0,0
214,2026-01-27,10,23,8,2,4,3,2,1,0
214,2026-01-28,3,26,3,0,1,1,0,1,0
214,2026-01-29,6,32,6,0,3,3,0,0,0
214,2026-01-30,8,40,8,0,2,4,0,2,0
214,2026-01-31,1,41,1,0,0,1,0,0,0
214,2026-02-01,5,46,5,0,2,3,0,0,0
214,2026-02-02,6,52,6,0,2,4,0,0,0
214,2026-02-03,6,58,5,1,1,3,1,1,0
214,2026-02-04,7,65,7,0,2,3,0,2,0
214,2026-02-05,10,75,9,1,2,7,1,0,0
214,2026-02-06,10,85,7,3,1,3,3,3,0
214,2026-02-07,12,97,11,1,5,6,1,0,0
214,2026-02-08,6,103,6,0,3,3,0,0,0
214,2026-02-09,3,106,3,0,1,2,0,0,0
214,2026-02-10,8,114,6,2,2,4,1,0,1
215,2026-01-14,0,0,0,0,0,0,0,0,0
215,2026-01-15,0,0,0,0,0,0,0,0,0
215,2026-01-16,0,0,0,0,0,0,0,0,0
215,2026-01-17,0,0,0,0,0,0,0,0,0
215,2026-01-18,0,0,0,0,0,0,0,0,0
215,2026-01-19,0,0,0,0,0,0,0,0,0
215,2026-01-20,0,0,0,0,0,0,0,0,0
215,2026-01-21,0,0,0,0,0,0,0,0,0
215,2026-01-22,0,0,0,0,0,0,0,0,0
215,2026-01-23,0,0,0,0,0,0,0,0,0
215,2026-01-24,0,0,0,0,0,0,0,0,0
215,2026-01-25,9,9,9,0,1,6,0,2,0
215,2026-01-26,3,12,3,0,1,1,0,1,0
215,2026-01-27,5,17,5,0,1,4,0,0,0
215,2026-01-28,3,20,2,1,0,1,1,1,0
215,2026-01-29,8,28,6,2,3,1,1,2,1
215,2026-01-30,6,34,5,1,2,3,0,0,1
215,2026-01-31,7,41,6,1,3,3,1,0,0
215,2026-02-01,10,51,8,2,2,5,2,1,0
215,2026-02-02,8,59,8,0,4,4,0,0,0
215,2026-02-03,12,71,11,1,2,8,0,1,1
215,2026-02-04,8,79,8,0,3,5,0,0,0
215,2026-02-05,7,86,5,2,4,0,1,1,1
215,2026-02-06,5,91,5,0,2,3,0,0,0
215,2026-02-07,9,100,8,1,3,4,1,1,0
215,2026-02-08,5,105,4,1,0,4,1,0,0
215,2026-02-09,10,115,6,4,1,3,3,2,1
215,2026-02-10,11,126,10,1,1,9,1,0,0
216,2026-01-14,0,0,0,0,0,0,0,0,0
216,2026-01-15,0,0,0,0,0,0,0,0,0
216,2026-01-16,0,0,0,0,0,0,0,0,0
216,2026-01-17,0,0,0,0,0,0,0,0,0
216,2026-01-18,0,0,0,0,0,0,0,0,0
216,2026-01-19,0,0,0,0,0,0,0,0,0
216,2026-01-20,0,0,0,0,0,0,0,0,0
216,2026-01-21,0,0,0,0,0,0,0,0,0
216,2026-01-22,0,0,0,0,0,0,0,0,0
216,2026-01-23,0,0,0,0,0,0,0,0,0
216,2026-01-24,0,0,0,0,0,0,0,0,0
216,2026-01-25,3,3,2,1,1,1,0,0,1
216,2026-01-26,4,7,3,1,2,1,1,0,0
216,2026-01-27,3,10,3,0,1,2,0,0,0
216,2026-01-28,4,14,3,1,2,1,1,0,0
216,2026-01-29,5,19,4,1,0,3,1,1,0
216,2026-01-30,2,21,2,0,0,1,0,1,0
216,2026-01-31,1,22,1,0,1,0,0,0,0
216,2026-02-01,3,25,0,3,0,0,3,0,0
216,2026-02-02,13,38,10,3,4,4,3,2,0
216,2026-02-03,8,46,7,1,2,5,1,0,0
216,2026-02-04,3,49,3,0,2,1,0,0,0
216,2026-02-05,11,60,6,5,2,4,3,0,2
216,2026-02-06,4,64,3,1,0,2,1,1,0
216,2026-02-07,6,70,3,3,0,3,2,0,1
216,2026-02-08,10,80,8,2,2,4,1,2,1
216,2026-02-09,12,92,11,1,4,4,0,3,1
216,2026-02-10,10,102,7,3,1,6,2,0,1
217,2026-01-14,0,0,0,0,0,0,0,0,0
217,2026-01-15,0,0,0,0,0,0,0,0,0
217,2026-01-16,0,0,0,0,0,0,0,0,0
217,2026-01-17,0,0,0,0,0,0,0,0,0
217,2026-01-18,0,0,0,0,0,0,0,0,0
217,2026-01-19,0,0,0,0,0,0,0,0,0
217,2026-01-20,0,0,0,0,0,0,0,0,0
217,2026-01-21,0,0,0,0,0,0,0,0,0
217,2026-01-22,0,0,0,0,0,0,0,0,0
217,2026-01-23,0,0,0,0,0,0,0,0,0
217,2026-01-24,0,0,0,0,0,0,0,0,0
217,2026-01-25,6,6,3,3,0,3,1,0,2
217,2026-01-26,3,9,3,0,1,1,0,1,0
217,2026-01-27,0,9,0,0,0,0,0,0,0
217,2026-01-28,5,14,3,2,1,2,1,0,1
217,2026-01-29,4,18,4,0,1,2,0,1,0
217,2026-01-30,5,23,4,1,2,2,0,0,1
217,2026-01-31,7,30,3,4,0,3,2,0,2
217,2026-02-01,5,35,4,1,2,2,1,0,0
217,2026-02-02,7,42,6,1,4,2,1,0,0
217,2026-02-03,7,49,5,2,3,1,2,1,0
217,2026-02-04,10,59,6,4,1,5,4,0,0
217,2026-02-05,9,68,9,0,1,7,0,1,0
217,2026-02-06,6,74,4,2,2,2,1,0,1
217,2026-02-07,11,85,8,3,2,5,3,1,0
217,2026-02-08,3,88,3,0,2,1,0,0,0
217,2026-02-09,6,94,5,1,2,3,1,0,0
217,2026-02-10,7,101,6,1,2,4,1,0,0
218,2026-01-14,0,0,0,0,0,0,0,0,0
218,2026-01-15,0,0,0,0,0,0,0,0,0
218,2026-01-16,0,0,0,0,0,0,0,0,0
218,2026-01-17,0,0,0,0,0,0,0,0,0
218,2026-01-18,0,0,0,0,0,0,0,0,0
218,2026-01-19,0,0,0,0,0,0,0,0,0
218,2026-01-20,0,0,0,0,0,0,0,0,0
218,2026-01-21,0,0,0,0,0,0,0,0,0
218,2026-01-22,0,0,0,0,0,0,0,0,0
218,2026-01-23,0,0,0,0,0,0,0,0,0
218,2026-01-24,0,0,0,0,0,0,0,0,0
218,2026-01-25,11,11,9,2,1,6,2,2,0
218,2026-01-26,3,14,2,1,1,1,0,0,1
218,2026-01-27,4,18,3,1,1,2,0,0,1
218,2026-01-28,3,21,3,0,1,1,0,1,0
218,2026-01-29,2,23,1,1,1,0,1,0,0
218,2026-01-30,6,29,4,2,3,1,1,0,1
218,2026-01-31,3,32,3,0,2,1,0,0,0
218,2026-02-01,8,40,7,1,2,5,1,0,0
218,2026-02-02,7,47,6,1,1,3,1,2,0
218,2026-02-03,7,54,6,1,2,3,1,1,0
218,2026-02-04,7,61,7,0,2,5,0,0,0
218,2026-02-05,7,68,6,1,1,4,1,1,0
218,2026-02-06,9,77,7,2,1,5,1,1,1
218,2026-02-07,8,85,7,1,2,1,0,4,1
218,2026-02-08,7,92,6,1,2,4,1,0,0
218,2026-02-09,12,104,11,1,1,8,1,2,0
218,2026-02-10,9,113,7,2,0,6,2,1,0
219,2026-01-14,0,0,0,0,0,0,0,0,0
219,2026-01-15,0,0,0,0,0,0,0,0,0
219,2026-01-16,0,0,0,0,0,0,0,0,0
219,2026-01-17,0,0,0,0,0,0,0,0,0
219,2026-01-18,0,0,0,0,0,0,0,0,0
219,2026-01-19,0,0,0,0,0,0,0,0,0
219,2026-01-20,0,0,0,0,0,0,0,0,0
219,2026-01-21,0,0,0,0,0,0,0,0,0
219,2026-01-22,0,0,0,0,0,0,0,0,0
219,2026-01-23,0,0,0,0,0,0,0,0,0
219,2026-01-24,0,0,0,0,0,0,0,0,0
219,2026-01-25,3,3,3,0,0,3,0,0,0
219,2026-01-26,5,8,3,2,0,3,1,0,1
219,2026-01-27,4,12,3,1,2,1,1,0,0
219,2026-01-28,2,14,1,1,0,1,0,0,1
219,2026-01-29,0,14,0,0,0,0,0,0,0
219,2026-01-30,2,16,2,0,0,2,0,0,0
219,2026-01-31,3,19,2,1,0,1,1,1,0
219,2026-02-01,5,24,5,0,1,3,0,1,0
219,2026-02-02,3,27,3,0,3,0,0,0,0
219,2026-02-03,4,31,2,2,1,1,2,0,0
219,2026-02-04,5,36,4,1,0,4,0,0,1
219,2026-02-05,5,41,3,2,2,1,0,0,2
219,2026-02-06,3,44,2,1,0,2,1,0,0
219,2026-02-07,5,49,4,1,1,2,0,1,1
219,2026-02-08,2,51,2,0,0,2,0,0,0
219,2026-02-09,5,56,5,0,1,4,0,0,0
219,2026-02-10,9,65,6,3,1,4,3,1,0
220,2026-01-14,0,0,0,0,0,0,0,0,0
220,2026-01-15,0,0,0,0,0,0,0,0,0
220,2026-01-16,0,0,0,0,0,0,0,0,0
220,2026-01-17,0,0,0,0,0,0,0,0,0
220,2026-01-18,0,0,0,0,0,0,0,0,0
220,2026-01-19,0,0,0,0,0,0,0,0,0
220,2026-01-20,0,0,0,0,0,0,0,0,0
220,2026-01-21,0,0,0,0,0,0,0,0,0
220,2026-01-22,0,0,0,0,0,0,0,0,0
220,2026-01-23,0,0,0,0,0,0,0,0,0
220,2026-01-24,0,0,0,0,0,0,0,0,0
220,2026-01-25,3,3,3,0,2,1,0,0,0
220,2026-01-26,5,8,4,1,0,4,1,0,0
220,2026-01-27,5,13,5,0,0,5,0,0,0
220,2026-01-28,5,18,4,1,2,2,1,0,0
220,2026-01-29,5,23,3,2,1,2,2,0,0
220,2026-01-30,1,24,1,0,1,0,0,0,0
220,2026-01-31,9,33,7,2,1,6,1,0,1
220,2026-02-01,5,38,4,1,1,3,1,0,0
220,2026-02-02,3,41,1,2,0,1,2,0,0
220,2026-02-03,9,50,9,0,2,5,0,2,0
220,2026-02-04,8,58,7,1,3,4,1,0,0
220,2026-02-05,8,66,4,4,1,3,2,0,2
220,2026-02-06,9,75,7,2,0,6,1,1,1
220,2026-02-07,10,85,8,2,3,3,1,2,1
220,2026-02-08,9,94,8,1,4,4,1,0,0
220,2026-02-09,9,103,7,2,2,5,1,0,1
220,2026-02-10,13,116,11,2,2,7,2,2,0
221,2026-01-14,0,0,0,0,0,0,0,0,0
221,2026-01-15,0,0,0,0,0,0,0,0,0
221,2026-01-16,0,0,0,0,0,0,0,0,0
221,2026-01-17,0,0,0,0,0,0,0,0,0
221,2026-01-18,0,0,0,0,0,0,0,0,0
221,2026-01-19,0,0,0,0,0,0,0,0,0
221,2026-01-20,0,0,0,0,0,0,0,0,0
221,2026-01-21,0,0,0,0,0,0,0,0,0
221,2026-01-22,0,0,0,0,0,0,0,0,0
221,2026-01-23,0,0,0,0,0,0,0,0,0
221,2026-01-24,0,0,0,0,0,0,0,0,0
221,2026-01-25,4,4,3,1,0,3,1,0,0
221,2026-01-26,6,10,6,0,1,5,0,0,0
221,2026-01-27,9,19,8,1,0,6,1,2,0
221,2026-01-28,1,20,1,0,1,0,0,0,0
221,2026-01-29,4,24,4,0,0,3,0,1,0
221,2026-01-30,3,27,2,1,0,2,1,0,0
221,2026-01-31,5,32,4,1,1,3,1,0,0
221,2026-02-01,10,42,10,0,5,4,0,1,0
221,2026-02-02,6,48,4,2,1,3,2,0,0
221,2026-02-03,5,53,4,1,1,1,1,2,0
221,2026-02-04,3,56,3,0,1,1,0,1,0
221,2026-02-05,6,62,6,0,3,2,0,1,0
221,2026-02-06,7,69,5,2,2,2,1,1,1
221,2026-02-07,11,80,9,2,1,6,2,2,0
221,2026-02-08,4,84,1,3,0,1,1,0,2
221,2026-02-09,9,93,8,1,0,8,1,0,0
221,2026-02-10,16,109,15,1,2,12,1,1,0
222,2026-01-14,0,0,0,0,0,0,0,0,0
222,2026-01-15,0,0,0,0,0,0,0,0,0
222,2026-01-16,0,0,0,0,0,0,0,0,0
222,2026-01-17,0,0,0,0,0,0,0,0,0
222,2026-01-18,0,0,0,0,0,0,0,0,0
222,2026-01-19,0,0,0,0,0,0,0,0,0
222,2026-01-20,0,0,0,0,0,0,0,0,0
222,2026-01-21,0,0,0,0,0,0,0,0,0
222,2026-01-22,0,0,0,0,0,0,0,0,0
222,2026-01-23,0,0,0,0,0,0,0,0,0
222,2026-01-24,0,0,0,0,0,0,0,0,0
222,2026-01-25,4,4,3,1,1,2,1,0,0
222,2026-01-26,6,10,6,0,3,2,0,1,0
222,2026-01-27,3,13,3,0,0,2,0,1,0
222,2026-01-28,5,18,5,0,2,3,0,0,0
222,2026-01-29,5,23,5,0,2,3,0,0,0
222,2026-01-30,6,29,5,1,2,3,0,0,1
222,2026-01-31,2,31,2,0,0,1,0,1,0
222,2026-02-01,4,35,3,1,0,1,1,2,0
222,2026-02-02,1,36,1,0,0,1,0,0,0
222,2026-02-03,5,41,5,0,1,4,0,0,0
222,2026-02-04,3,44,3,0,0,3,0,0,0
222,2026-02-05,9,53,7,2,1,5,2,1,0
222,2026-02-06,6,59,6,0,1,4,0,1,0
222,2026-02-07,6,65,6,0,1,5,0,0,0
222,2026-02-08,8,73,7,1,1,4,1,2,0
222,2026-02-09,5,78,4,1,3,1,1,0,0
222,2026-02-10,5,83,5,0,2,2,0,1,0
223,2026-01-14,0,0,0,0,0,0,0,0,0
223,2026-01-15,0,0,0,0,0,0,0,0,0
223,2026-01-16,0,0,0,0,0,0,0,0,0
223,2026-01-17,0,0,0,0,0,0,0,0,0
223,2026-01-18,0,0,0,0,0,0,0,0,0
223,2026-01-19,0,0,0,0,0,0,0,0,0
223,2026-01-20,0,0,0,0,0,0,0,0,0
223,2026-01-21,0,0,0,0,0,0,0,0,0
223,2026-01-22,0,0,0,0,0,0,0,0,0
223,2026-01-23,0,0,0,0,0,0,0,0,0
223,2026-01-24,0,0,0,0,0,0,0,0,0
223,2026-01-25,6,6,5,1,1,3,1,1,0
223,2026-01-26,5,11,5,0,0,5,0,0,0
223,2026-01-27,2,13,2,0,0,2,0,0,0
223,2026-01-28,4,17,4,0,2,2,0,0,0
223,2026-01-29,4,21,3,1,3,0,1,0,0
223,2026-01-30,7,28,7,0,3,3,0,1,0
223,2026-01-31,2,30,2,0,0,2,0,0,0
223,2026-02-01,4,34,3,1,2,1,1,0,0
223,2026-02-02,7,41,6,1,2,3,0,1,1
223,2026-02-03,4,45,4,0,0,4,0,0,0
223,2026-02-04,6,51,5,1,1,4,1,0,0
223,2026-02-05,6,57,5,1,2,2,1,1,0
223,2026-02-06,6,63,5,1,1,3,1,1,0
223,2026-02-07,12,75,8,4,1,5,4,2,0
223,2026-02-08,8,83,5,3,2,2,3,1,0
223,2026-02-09,8,91,7,1,1,3,1,3,0
223,2026-02-10,10,101,6,4,2,3,4,1,0
224,2026-01-14,0,0,0,0,0,0,0,0,0
224,2026-01-15,0,0,0,0,0,0,0,0,0
224,2026-01-16,0,0,0,0,0,0,0,0,0
224,2026-01-17,0,0,0,0,0,0,0,0,0
224,2026-01-18,0,0,0,0,0,0,0,0,0
224,2026-01-19,0,0,0,0,0,0,0,0,0
224,2026-01-20,0,0,0,0,0,0,0,0,0
224,2026-01-21,0,0,0,0,0,0,0,0,0
224,2026-01-22,0,0,0,0,0,0,0,0,0
224,2026-01-23,0,0,0,0,0,0,0,0,0
224,2026-01-24,0,0,0,0,0,0,0,0,0
224,2026-01-25,4,4,4,0,1,3,0,0,0
224,2026-01-26,4,8,4,0,1,3,0,0,0
224,2026-01-27,3,11,2,1,0,2,1,0,0
224,2026-01-28,5,16,4,1,1,3,1,0,0
224,2026-01-29,3,19,3,0,1,0,0,2,0
224,2026-01-30,6,25,6,0,3,3,0,0,0
224,2026-01-31,4,29,3,1,0,3,1,0,0
224,2026-02-01,9,38,8,1,5,3,0,0,1
224,2026-02-02,7,45,7,0,3,4,0,0,0
224,2026-02-03,8,53,6,2,3,2,2,1,0
224,2026-02-04,4,57,3,1,0,3,1,0,0
224,2026-02-05,9,66,8,1,1,7,1,0,0
224,2026-02-06,13,79,10,3,3,7,2,0,1
224,2026-02-07,12,91,11,1,5,4,1,2,0
224,2026-02-08,12,103,10,2,4,5,1,1,1
224,2026-02-09,18,121,15,3,5,10,2,0,1
224,2026-02-10,13,134,12,1,4,6,0,2,1
225,2026-01-14,0,0,0,0,0,0,0,0,0
225,2026-01-15,0,0,0,0,0,0,0,0,0
225,2026-01-16,0,0,0,0,0,0,0,0,0
225,2026-01-17,0,0,0,0,0,0,0,0,0
225,2026-01-18,0,0,0,0,0,0,0,0,0
225,2026-01-19,0,0,0,0,0,0,0,0,0
225,2026-01-20,0,0,0,0,0,0,0,0,0
225,2026-01-21,0,0,0,0,0,0,0,0,0
225,2026-01-22,0,0,0,0,0,0,0,0,0
225,2026-01-23,0,0,0,0,0,0,0,0,0
225,2026-01-24,0,0,0,0,0,0,0,0,0
225,2026-01-25,8,8,6,2,2,3,2,1,0
225,2026-01-26,3,11,2,1,0,2,1,0,0
225,2026-01-27,4,15,4,0,1,2,0,1,0
225,2026-01-28,7,22,6,1,1,3,1,2,0
225,2026-01-29,8,30,7,1,2,5,1,0,0
225,2026-01-30,4,34,2,2,0,2,2,0,0
225,2026-01-31,5,39,4,1,0,4,0,0,1
225,2026-02-01,5,44,4,1,1,3,0,0,1
225,2026-02-02,2,46,2,0,0,1,0,1,0
225,2026-02-03,3,49,3,0,0,3,0,0,0
225,2026-02-04,3,52,2,1,0,1,1,1,0
225,2026-02-05,8,60,5,3,3,2,2,0,1
225,2026-02-06,3,63,3,0,2,1,0,0,0
225,2026-02-07,6,69,5,1,1,4,0,0,1
225,2026-02-08,8,77,6,2,1,3,2,2,0
225,2026-02-09,5,82,5,0,4,1,0,0,0
225,2026-02-10,5,87,4,1,0,2,1,2,0
226,2026-01-14,0,0,0,0,0,0,0,0,0
226,2026-01-15,0,0,0,0,0,0,0,0,0
226,2026-01-16,0,0,0,0,0,0,0,0,0
226,2026-01-17,0,0,0,0,0,0,0,0,0
226,2026-01-18,0,0,0,0,0,0,0,0,0
226,2026-01-19,0,0,0,0,0,0,0,0,0
226,2026-01-20,0,0,0,0,0,0,0,0,0
226,2026-01-21,0,0,0,0,0,0,0,0,0
226,2026-01-22,0,0,0,0,0,0,0,0,0
226,2026-01-23,0,0,0,0,0,0,0,0,0
226,2026-01-24,0,0,0,0,0,0,0,0,0
226,2026-01-25,2,2,2,0,0,2,0,0,0
226,2026-01-26,5,7,4,1,2,2,0,0,1
226,2026-01-27,4,11,3,1,0,3,1,0,0
226,2026-01-28,6,17,4,2,1,3,2,0,0
226,2026-01-29,7,24,6,1,1,3,1,2,0
226,2026-01-30,3,27,3,0,0,3,0,0,0
226,2026-01-31,4,31,4,0,3,1,0,0,0
226,2026-02-01,9,40,6,3,3,3,2,0,1
226,2026-02-02,10,50,7,3,0,5,2,2,1
226,2026-02-03,7,57,6,1,2,4,1,0,0
226,2026-02-04,4,61,3,1,2,1,0,0,1
226,2026-02-05,13,74,13,0,4,8,0,1,0
226,2026-02-06,10,84,8,2,2,6,2,0,0
226,2026-02-07,6,90,5,1,1,3,1,1,0
226,2026-02-08,12,102,10,2,3,5,2,2,0
226,2026-02-09,9,111,5,4,0,4,3,1,1
226,2026-02-10,12,123,9,3,4,4,0,1,3
227,2026-01-14,0,0,0,0,0,0,0,0,0
227,2026-01-15,0,0,0,0,0,0,0,0,0
227,2026-01-16,0,0,0,0,0,0,0,0,0
227,2026-01-17,0,0,0,0,0,0,0,0,0
227,2026-01-18,0,0,0,0,0,0,0,0,0
227,2026-01-19,0,0,0,0,0,0,0,0,0
227,2026-01-20,0,0,0,0,0,0,0,0,0
227,2026-01-21,0,0,0,0,0,0,0,0,0
227,2026-01-22,0,0,0,0,0,0,0,0,0
227,2026-01-23,0,0,0,0,0,0,0,0,0
227,2026-01-24,0,0,0,0,0,0,0,0,0
227,2026-01-25,5,5,3,2,1,1,0,1,2
227,2026-01-26,4,9,2,2,0,1,2,1,0
227,2026-01-27,5,14,5,0,2,2,0,1,0
227,2026-01-28,3,17,2,1,0,1,1,1,0
227,2026-01-29,3,20,0,3,0,0,3,0,0
227,2026-01-30,4,24,3,1,2,1,1,0,0
227,2026-01-31,6,30,6,0,3,3,0,0,0
227,2026-02-01,6,36,6,0,2,4,0,0,0
227,2026-02-02,5,41,4,1,1,3,1,0,0
227,2026-02-03,7,48,6,1,1,5,1,0,0
227,2026-02-04,7,55,5,2,1,4,2,0,0
227,2026-02-05,11,66,10,1,2,7,0,1,1
227,2026-02-06,15,81,13,2,4,7,2,2,0
227,2026-02-07,11,92,8,3,5,2,2,1,1
227,2026-02-08,9,101,7,2,3,4,1,0,1
227,2026-02-09,19,120,14,5,6,8,4,0,1
227,2026-02-10,15,135,12,3,7,5,2,0,1
228,2026-01-14,0,0,0,0,0,0,0,0,0
228,2026-01-15,0,0,0,0,0,0,0,0,0
228,2026-01-16,0,0,0,0,0,0,0,0,0
228,2026-01-17,0,0,0,0,0,0,0,0,0
228,2026-01-18,0,0,0,0,0,0,0,0,0
228,2026-01-19,0,0,0,0,0,0,0,0,0
228,2026-01-20,0,0,0,0,0,0,0,0,0
228,2026-01-21,0,0,0,0,0,0,0,0,0
228,2026-01-22,0,0,0,0,0,0,0,0,0
228,2026-01-23,0,0,0,0,0,0,0,0,0
228,2026-01-24,0,0,0,0,0,0,0,0,0
228,2026-01-25,9,9,8,1,3,5,1,0,0
228,2026-01-26,8,17,5,3,0,5,3,0,0
228,2026-01-27,1,18,1,0,0,1,0,0,0
228,2026-01-28,5,23,3,2,1,2,2,0,0
228,2026-01-29,6,29,5,1,2,3,1,0,0
228,2026-01-30,6,35,4,2,1,3,2,0,0
228,2026-01-31,9,44,8,1,2,4,0,2,1
228,2026-02-01,9,53,8,1,2,5,1,1,0
228,2026-02-02,5,58,4,1,1,2,1,1,0
228,2026-02-03,6,64,6,0,1,5,0,0,0
228,2026-02-04,11,75,11,0,1,10,0,0,0
228,2026-02-05,9,84,8,1,4,4,1,0,0
228,2026-02-06,5,89,4,1,2,2,1,0,0
228,2026-02-07,13,102,11,2,2,9,1,0,1
228,2026-02-08,13,115,11,2,2,5,2,4,0
228,2026-02-09,7,122,6,1,2,4,1,0,0
228,2026-02-10,12,134,11,1,1,8,1,2,0
229,2026-01-14,0,0,0,0,0,0,0,0,0
229,2026-01-15,0,0,0,0,0,0,0,0,0
229,2026-01-16,0,0,0,0,0,0,0,0,0
229,2026-01-17,0,0,0,0,0,0,0,0,0
229,2026-01-18,0,0,0,0,0,0,0,0,0
229,2026-01-19,0,0,0,0,0,0,0,0,0
229,2026-01-20,0,0,0,0,0,0,0,0,0
229,2026-01-21,0,0,0,0,0,0,0,0,0
229,2026-01-22,0,0,0,0,0,0,0,0,0
229,2026-01-23,0,0,0,0,0,0,0,0,0
229,2026-01-24,0,0,0,0,0,0,0,0,0
229,2026-01-25,5,5,4,1,2,2,0,0,1
229,2026-01-26,5,10,5,0,2,3,0,0,0
229,2026-01-27,6,16,5,1,2,3,0,0,1
229,2026-01-28,7,23,6,1,1,5,1,0,0
229,2026-01-29,4,27,4,0,2,2,0,0,0
229,2026-01-30,3,30,3,0,0,3,0,0,0
229,2026-01-31,3,33,2,1,0,2,1,0,0
229,2026-02-01,7,40,7,0,1,5,0,1,0
229,2026-02-02,3,43,3,0,1,2,0,0,0
229,2026-02-03,8,51,6,2,1,4,1,1,1
229,2026-02-04,7,58,7,0,2,5,0,0,0
229,2026-02-05,9,67,6,3,3,3,2,0,1
229,2026-02-06,8,75,7,1,2,3,0,2,1
229,2026-02-07,7,82,7,0,1,6,0,0,0
229,2026-02-08,4,86,4,0,2,2,0,0,0
229,2026-02-09,19,105,16,3,3,9,2,4,1
229,2026-02-10,6,111,6,0,2,4,0,0,0
230,2026-01-14,0,0,0,0,0,0,0,0,0
230,2026-01-15,0,0,0,0,0,0,0,0,0
230,2026-01-16,0,0,0,0,0,0,0,0,0
230,2026-01-17,0,0,0,0,0,0,0,0,0
230,2026-01-18,0,0,0,0,0,0,0,0,0
230,2026-01-19,0,0,0,0,0,0,0,0,0
230,2026-01-20,0,0,0,0,0,0,0,0,0
230,2026-01-21,0,0,0,0,0,0,0,0,0
230,2026-01-22,0,0,0,0,0,0,0,0,0
230,2026-01-23,0,0,0,0,0,0,0,0,0
230,2026-01-24,0,0,0,0,0,0,0,0,0
230,2026-01-25,11,11,11,0,2,8,0,1,0
230,2026-01-26,8,19,7,1,0,7,1,0,0
230,2026-01-27,2,21,1,1,0,1,1,0,0
230,2026-01-28,4,25,2,2,1,1,2,0,0
230,2026-01-29,7,32,7,0,2,5,0,0,0
230,2026-01-30,7,39,6,1,3,2,1,1,0
230,2026-01-31,7,46,3,4,1,1,3,1,1
230,2026-02-01,6,52,5,1,1,4,0,0,1
230,2026-02-02,11,63,9,2,2,6,0,1,2
230,2026-02-03,8,71,7,1,1,6,1,0,0
230,2026-02-04,12,83,10,2,0,7,2,3,0
230,2026-02-05,7,90,5,2,0,5,2,0,0
230,2026-02-06,18,108,14,4,5,5,3,4,1
230,2026-02-07,11,119,10,1,2,7,1,1,0
230,2026-02-08,13,132,8,5,2,6,3,0,2
230,2026-02-09,13,145,12,1,7,5,0,0,1
230,2026-02-10,14,159,10,4,3,7,4,0,0
231,2026-01-14,0,0,0,0,0,0,0,0,0
231,2026-01-15,0,0,0,0,0,0,0,0,0
231,2026-01-16,0,0,0,0,0,0,0,0,0
231,2026-01-17,0,0,0,0,0,0,0,0,0
231,2026-01-18,0,0,0,0,0,0,0,0,0
231,2026-01-19,0,0,0,0,0,0,0,0,0
231,2026-01-20,0,0,0,0,0,0,0,0,0
231,2026-01-21,0,0,0,0,0,0,0,0,0
231,2026-01-22,0,0,0,0,0,0,0,0,0
231,2026-01-23,0,0,0,0,0,0,0,0,0
231,2026-01-24,0,0,0,0,0,0,0,0,0
231,2026-01-25,7,7,4,3,0,4,2,0,1
231,2026-01-26,4,11,4,0,1,3,0,0,0
231,2026-01-27,5,16,4,1,3,1,0,0,1
231,2026-01-28,3,19,2,1,1,1,0,0,1
231,2026-01-29,3,22,3,0,0,2,0,1,0
231,2026-01-30,9,31,7,2,1,5,1,1,1
231,2026-01-31,5,36,3,2,1,2,1,0,1
231,2026-02-01,4,40,4,0,2,2,0,0,0
231,2026-02-02,8,48,5,3,1,4,2,0,1
231,2026-02-03,4,52,2,2,0,2,0,0,2
231,2026-02-04,6,58,4,2,2,2,2,0,0
231,2026-02-05,10,68,8,2,2,6,0,0,2
231,2026-02-06,10,78,7,3,4,2,3,1,0
231,2026-02-07,16,94,11,5,3,7,5,1,0
231,2026-02-08,8,102,5,3,2,3,3,0,0
231,2026-02-09,14,116,12,2,3,8,2,1,0
231,2026-02-10,13,129,10,3,2,7,1,1,2
232,2026-01-14,0,0,0,0,0,0,0,0,0
232,2026-01-15,0,0,0,0,0,0,0,0,0
232,2026-01-16,0,0,0,0,0,0,0,0,0
232,2026-01-17,0,0,0,0,0,0,0,0,0
232,2026-01-18,0,0,0,0,0,0,0,0,0
232,2026-01-19,0,0,0,0,0,0,0,0,0
232,2026-01-20,0,0,0,0,0,0,0,0,0
232,2026-01-21,0,0,0,0,0,0,0,0,0
232,2026-01-22,0,0,0,0,0,0,0,0,0
232,2026-01-23,0,0,0,0,0,0,0,0,0
232,2026-01-24,0,0,0,0,0,0,0,0,0
232,2026-01-25,8,8,7,1,1,6,1,0,0
232,2026-01-26,8,16,5,3,0,5,3,0,0
232,2026-01-27,4,20,4,0,2,2,0,0,0
232,2026-01-28,4,24,4,0,1,2,0,1,0
232,2026-01-29,3,27,3,0,0,0,0,3,0
232,2026-01-30,3,30,1,2,0,1,1,0,1
232,2026-01-31,12,42,9,3,3,5,2,1,1
232,2026-02-01,6,48,6,0,1,4,0,1,0
232,2026-02-02,5,53,5,0,2,2,0,1,0
232,2026-02-03,5,58,3,2,1,2,2,0,0
232,2026-02-04,6,64,4,2,0,4,2,0,0
232,2026-02-05,7,71,5,2,1,3,2,1,0
232,2026-02-06,4,75,2,2,1,1,2,0,0
232,2026-02-07,5,80,5,0,3,2,0,0,0
232,2026-02-08,8,88,4,4,0,4,3,0,1
232,2026-02-09,12,100,12,0,3,7,0,2,0
232,2026-02-10,7,107,6,1,1,4,1,1,0
233,2026-01-14,0,0,0,0,0,0,0,0,0
233,2026-01-15,0,0,0,0,0,0,0,0,0
233,2026-01-16,0,0,0,0,0,0,0,0,0
233,2026-01-17,0,0,0,0,0,0,0,0,0
233,2026-01-18,0,0,0,0,0,0,0,0,0
233,2026-01-19,0,0,0,0,0,0,0,0,0
233,2026-01-20,0,0,0,0,0,0,0,0,0
233,2026-01-21,0,0,0,0,0,0,0,0,0
233,2026-01-22,0,0,0,0,0,0,0,0,0
233,2026-01-23,0,0,0,0,0,0,0,0,0
233,2026-01-24,0,0,0,0,0,0,0,0,0
233,2026-01-25,2,2,1,1,0,1,0,0,1
233,2026-01-26,2,4,2,0,1,1,0,0,0
233,2026-01-27,2,6,2,0,1,1,0,0,0
233,2026-01-28,7,13,4,3,1,3,3,0,0
233,2026-01-29,5,18,5,0,4,1,0,0,0
233,2026-01-30,3,21,2,1,1,1,1,0,0
233,2026-01-31,4,25,4,0,2,2,0,0,0
233,2026-02-01,5,30,5,0,1,4,0,0,0
233,2026-02-02,7,37,4,3,2,2,2,0,1
233,2026-02-03,4,41,2,2,1,1,1,0,1
233,2026-02-04,6,47,4,2,0,3,2,1,0
233,2026-02-05,1,48,1,0,0,1,0,0,0
233,2026-02-06,6,54,5,1,2,3,1,0,0
233,2026-02-07,6,60,4,2,1,1,2,2,0
233,2026-02-08,10,70,7,3,2,5,3,0,0
233,2026-02-09,10,80,7,3,5,2,3,0,0
233,2026-02-10,10,90,7,3,2,5,2,0,1
234,2026-01-14,0,0,0,0,0,0,0,0,0
234,2026-01-15,0,0,0,0,0,0,0,0,0
234,2026-01-16,0,0,0,0,0,0,0,0,0
234,2026-01-17,0,0,0,0,0,0,0,0,0
234,2026-01-18,0,0,0,0,0,0,0,0,0
234,2026-01-19,0,0,0,0,0,0,0,0,0
234,2026-01-20,0,0,0,0,0,0,0,0,0
234,2026-01-21,0,0,0,0,0,0,0,0,0
234,2026-01-22,0,0,0,0,0,0,0,0,0
234,2026-01-23,0,0,0,0,0,0,0,0,0
234,2026-01-24,0,0,0,0,0,0,0,0,0
234,2026-01-25,5,5,4,1,2,2,1,0,0
234,2026-01-26,1,6,1,0,0,1,0,0,0
234,2026-01-27,3,9,3,0,1,2,0,0,0
234,2026-01-28,3,12,3,0,0,3,0,0,0
234,2026-01-29,4,16,2,2,0,2,1,0,1
234,2026-01-30,4,20,2,2,0,1,2,1,0
234,2026-01-31,3,23,2,1,0,2,1,0,0
234,2026-02-01,3,26,3,0,0,2,0,1,0
234,2026-02-02,3,29,2,1,2,0,1,0,0
234,2026-02-03,9,38,8,1,4,3,0,1,1
234,2026-02-04,1,39,1,0,0,0,0,1,0
234,2026-02-05,4,43,1,3,0,1,2,0,1
234,2026-02-06,6,49,4,2,1,1,1,2,1
234,2026-02-07,4,53,2,2,1,1,2,0,0
234,2026-02-08,6,59,5,1,1,4,1,0,0
234,2026-02-09,9,68,6,3,1,5,3,0,0
234,2026-02-10,7,75,5,2,0,5,2,0,0
235,2026-01-14,0,0,0,0,0,0,0,0,0
235,2026-01-15,0,0,0,0,0,0,0,0,0
235,2026-01-16,0,0,0,0,0,0,0,0,0
235,2026-01-17,0,0,0,0,0,0,0,0,0
235,2026-01-18,0,0,0,0,0,0,0,0,0
235,2026-01-19,0,0,0,0,0,0,0,0,0
235,2026-01-20,0,0,0,0,0,0,0,0,0
235,2026-01-21,0,0,0,0,0,0,0,0,0
235,2026-01-22,0,0,0,0,0,0,0,0,0
235,2026-01-23,0,0,0,0,0,0,0,0,0
235,2026-01-24,0,0,0,0,0,0,0,0,0
235,2026-01-25,10,10,9,1,4,4,1,1,0
235,2026-01-26,3,13,3,0,0,3,0,0,0
235,2026-01-27,6,19,5,1,1,3,1,1,0
235,2026-01-28,6,25,6,0,2,3,0,1,0
235,2026-01-29,7,32,5,2,2,3,1,0,1
235,2026-01-30,6,38,5,1,2,2,0,1,1
235,2026-01-31,7,45,5,2,3,1,2,1,0
235,2026-02-01,6,51,4,2,1,3,1,0,1
235,2026-02-02,5,56,5,0,1,4,0,0,0
235,2026-02-03,7,63,5,2,0,5,1,0,1
235,2026-02-04,10,73,8,2,3,5,1,0,1
235,2026-02-05,11,84,9,2,4,4,0,1,2
235,2026-02-06,9,93,7,2,3,4,2,0,0
235,2026-02-07,14,107,9,5,4,5,4,0,1
235,2026-02-08,6,113,5,1,1,4,1,0,0
235,2026-02-09,9,122,8,1,2,6,0,0,1
235,2026-02-10,10,132,8,2,3,4,2,1,0
236,2026-01-14,0,0,0,0,0,0,0,0,0
236,2026-01-15,0,0,0,0,0,0,0,0,0
236,2026-01-16,0,0,0,0,0,0,0,0,0
236,2026-01-17,0,0,0,0,0,0,0,0,0
236,2026-01-18,0,0,0,0,0,0,0,0,0
236,2026-01-19,0,0,0,0,0,0,0,0,0
236,2026-01-20,0,0,0,0,0,0,0,0,0
236,2026-01-21,0,0,0,0,0,0,0,0,0
236,2026-01-22,0,0,0,0,0,0,0,0,0
236,2026-01-23,0,0,0,0,0,0,0,0,0
236,2026-01-24,0,0,0,0,0,0,0,0,0
236,2026-01-25,7,7,4,3,3,1,2,0,1
236,2026-01-26,8,15,8,0,1,5,0,2,0
236,2026-01-27,6,21,4,2,0,4,2,0,0
236,2026-01-28,11,32,8,3,3,4,3,1,0
236,2026-01-29,8,40,6,2,2,4,1,0,1
236,2026-01-30,10,50,6,4,1,5,4,0,0
236,2026-01-31,8,58,3,5,0,2,5,1,0
236,2026-02-01,9,67,6,3,0,5,2,1,1
236,2026-02-02,11,78,9,2,2,5,2,2,0
236,2026-02-03,6,84,6,0,1,5,0,0,0
236,2026-02-04,15,99,10,5,1,9,3,0,2
236,2026-02-05,15,114,14,1,4,9,1,1,0
236,2026-02-06,10,124,8,2,1,6,2,1,0
236,2026-02-07,12,136,9,3,3,6,3,0,0
236,2026-02-08,9,145,8,1,1,7,0,0,1
236,2026-02-09,11,156,7,4,3,2,3,2,1
236,2026-02-10,16,172,10,6,3,6,6,1,0
237,2026-01-14,0,0,0,0,0,0,0,0,0
237,2026-01-15,0,0,0,0,0,0,0,0,0
237,2026-01-16,0,0,0,0,0,0,0,0,0
237,2026-01-17,0,0,0,0,0,0,0,0,0
237,2026-01-18,0,0,0,0,0,0,0,0,0
237,2026-01-19,0,0,0,0,0,0,0,0,0
237,2026-01-20,0,0,0,0,0,0,0,0,0
237,2026-01-21,0,0,0,0,0,0,0,0,0
237,2026-01-22,0,0,0,0,0,0,0,0,0
237,2026-01-23,0,0,0,0,0,0,0,0,0
237,2026-01-24,0,0,0,0,0,0,0,0,0
237,2026-01-25,8,8,6,2,1,4,2,1,0
237,2026-01-26,3,11,2,1,1,1,1,0,0
237,2026-01-27,5,16,5,0,1,4,0,0,0
237,2026-01-28,1,17,1,0,1,0,0,0,0
237,2026-01-29,3,20,2,1,1,0,1,1,0
237,2026-01-30,4,24,4,0,2,2,0,0,0
237,2026-01-31,8,32,4,4,2,1,2,1,2
237,2026-02-01,3,35,3,0,0,2,0,1,0
237,2026-02-02,7,42,6,1,2,4,1,0,0
237,2026-02-03,6,48,6,0,2,3,0,1,0
237,2026-02-04,5,53,5,0,0,5,0,0,0
237,2026-02-05,1,54,1,0,0,1,0,0,0
237,2026-02-06,11,65,8,3,1,5,2,2,1
237,2026-02-07,5,70,5,0,2,2,0,1,0
237,2026-02-08,3,73,1,2,1,0,2,0,0
237,2026-02-09,10,83,5,5,2,3,4,0,1
237,2026-02-10,8,91,7,1,3,3,0,1,1
238,2026-01-14,0,0,0,0,0,0,0,0,0
238,2026-01-15,0,0,0,0,0,0,0,0,0
238,2026-01-16,0,0,0,0,0,0,0,0,0
238,2026-01-17,0,0,0,0,0,0,0,0,0
238,2026-01-18,0,0,0,0,0,0,0,0,0
238,2026-01-19,0,0,0,0,0,0,0,0,0
238,2026-01-20,0,0,0,0,0,0,0,0,0
238,2026-01-21,0,0,0,0,0,0,0,0,0
238,2026-01-22,0,0,0,0,0,0,0,0,0
238,2026-01-23,0,0,0,0,0,0,0,0,0
238,2026-01-24,0,0,0,0,0,0,0,0,0
238,2026-01-25,4,4,3,1,1,0,0,2,1
238,2026-01-26,2,6,2,0,1,1,0,0,0
238,2026-01-27,8,14,4,4,2,1,4,1,0
238,2026-01-28,1,15,1,0,0,1,0,0,0
238,2026-01-29,2,17,1,1,0,0,1,1,0
238,2026-01-30,1,18,1,0,1,0,0,0,0
238,2026-01-31,1,19,1,0,0,0,0,1,0
238,2026-02-01,6,25,5,1,1,4,1,0,0
238,2026-02-02,11,36,9,2,1,7,2,1,0
238,2026-02-03,7,43,6,1,0,5,0,1,1
238,2026-02-04,7,50,7,0,3,2,0,2,0
238,2026-02-05,5,55,4,1,3,1,1,0,0
238,2026-02-06,6,61,4,2,1,1,2,2,0
238,2026-02-07,6,67,6,0,2,4,0,0,0
238,2026-02-08,6,73,4,2,1,2,2,1,0
238,2026-02-09,11,84,8,3,3,5,3,0,0
238,2026-02-10,9,93,7,2,2,5,0,0,2
239,2026-01-14,0,0,0,0,0,0,0,0,0
239,2026-01-15,0,0,0,0,0,0,0,0,0
239,2026-01-16,0,0,0,0,0,0,0,0,0
239,2026-01-17,0,0,0,0,0,0,0,0,0
239,2026-01-18,0,0,0,0,0,0,0,0,0
239,2026-01-19,0,0,0,0,0,0,0,0,0
239,2026-01-20,0,0,0,0,0,0,0,0,0
239,2026-01-21,0,0,0,0,0,0,0,0,0
239,2026-01-22,0,0,0,0,0,0,0,0,0
239,2026-01-23,0,0,0,0,0,0,0,0,0
239,2026-01-24,0,0,0,0,0,0,0,0,0
239,2026-01-25,11,11,11,0,2,7,0,2,0
239,2026-01-26,1,12,1,0,0,0,0,1,0
239,2026-01-27,6,18,4,2,1,2,2,1,0
239,2026-01-28,1,19,0,1,0,0,0,0,1
239,2026-01-29,3,22,3,0,1,2,0,0,0
239,2026-01-30,4,26,4,0,1,3,0,0,0
239,2026-01-31,2,28,1,1,0,1,0,0,1
239,2026-02-01,6,34,6,0,0,5,0,1,0
239,2026-02-02,1,35,1,0,0,0,0,1,0
239,2026-02-03,6,41,3,3,1,2,2,0,1
239,2026-02-04,4,45,3,1,1,2,1,0,0
239,2026-02-05,4,49,3,1,1,2,0,0,1
239,2026-02-06,4,53,3,1,1,1,1,1,0
239,2026-02-07,9,62,8,1,3,5,1,0,0
239,2026-02-08,1,63,1,0,0,1,0,0,0
239,2026-02-09,7,70,7,0,0,7,0,0,0
239,2026-02-10,5,75,2,3,2,0,2,0,1
240,2026-01-14,0,0,0,0,0,0,0,0,0
240,2026-01-15,0,0,0,0,0,0,0,0,0
240,2026-01-16,0,0,0,0,0,0,0,0,0
240,2026-01-17,0,0,0,0,0,0,0,0,0
240,2026-01-18,0,0,0,0,0,0,0,0,0
240,2026-01-19,0,0,0,0,0,0,0,0,0
240,2026-01-20,0,0,0,0,0,0,0,0,0
240,2026-01-21,0,0,0,0,0,0,0,0,0
240,2026-01-22,0,0,0,0,0,0,0,0,0
240,2026-01-23,0,0,0,0,0,0,0,0,0
240,2026-01-24,0,0,0,0,0,0,0,0,0
240,2026-01-25,5,5,3,2,0,3,2,0,0
240,2026-01-26,7,12,5,2,2,1,2,2,0
240,2026-01-27,1,13,0,1,0,0,0,0,1
240,2026-01-28,4,17,2,2,1,1,2,0,0
240,2026-01-29,8,25,6,2,4,2,1,0,1
240,2026-01-30,1,26,1,0,0,1,0,0,0
240,2026-01-31,12,38,11,1,4,5,1,2,0
240,2026-02-01,8,46,6,2,1,4,2,1,0
240,2026-02-02,8,54,5,3,1,3,3,1,0
240,2026-02-03,12,66,9,3,3,4,3,2,0
240,2026-02-04,10,76,5,5,0,4,3,1,2
240,2026-02-05,13,89,13,0,2,11,0,0,0
240,2026-02-06,15,104,12,3,3,6,3,3,0
240,2026-02-07,17,121,12,5,3,9,3,0,2
240,2026-02-08,13,134,11,2,4,7,0,0,2
240,2026-02-09,14,148,11,3,3,8,2,0,1
240,2026-02-10,6,154,5,1,2,3,1,0,0
241,2026-01-14,0,0,0,0,0,0,0,0,0
241,2026-01-15,0,0,0,0,0,0,0,0,0
241,2026-01-16,0,0,0,0,0,0,0,0,0
241,2026-01-17,0,0,0,0,0,0,0,0,0
241,2026-01-18,0,0,0,0,0,0,0,0,0
241,2026-01-19,0,0,0,0,0,0,0,0,0
241,2026-01-20,0,0,0,0,0,0,0,0,0
241,2026-01-21,0,0,0,0,0,0,0,0,0
241,2026-01-22,0,0,0,0,0,0,0,0,0
241,2026-01-23,0,0,0,0,0,0,0,0,0
241,2026-01-24,0,0,0,0,0,0,0,0,0
241,2026-01-25,1,1,0,1,0,0,1,0,0
241,2026-01-26,6,7,5,1,2,2,1,1,0
241,2026-01-27,5,12,5,0,2,3,0,0,0
241,2026-01-28,6,18,6,0,0,5,0,1,0
241,2026-01-29,7,25,4,3,3,1,1,0,2
241,2026-01-30,7,32,6,1,3,3,1,0,0
241,2026-01-31,6,38,2,4,0,1,3,1,1
241,2026-02-01,5,43,4,1,3,0,1,1,0
241,2026-02-02,6,49,3,3,0,3,2,0,1
241,2026-02-03,9,58,7,2,5,2,2,0,0
241,2026-02-04,5,63,2,3,1,1,3,0,0
241,2026-02-05,12,75,10,2,2,7,2,1,0
241,2026-02-06,10,85,8,2,2,6,2,0,0
241,2026-02-07,10,95,8,2,0,7,1,1,1
241,2026-02-08,12,107,10,2,1,7,2,2,0
241,2026-02-09,16,123,9,7,2,7,6,0,1
241,2026-02-10,11,134,7,4,0,7,3,0,1
242,2026-01-14,0,0,0,0,0,0,0,0,0
242,2026-01-15,0,0,0,0,0,0,0,0,0
242,2026-01-16,0,0,0,0,0,0,0,0,0
242,2026-01-17,0,0,0,0,0,0,0,0,0
242,2026-01-18,0,0,0,0,0,0,0,0,0
242,2026-01-19,0,0,0,0,0,0,0,0,0
242,2026-01-20,0,0,0,0,0,0,0,0,0
242,2026-01-21,0,0,0,0,0,0,0,0,0
242,2026-01-22,0,0,0,0,0,0,0,0,0
242,2026-01-23,0,0,0,0,0,0,0,0,0
242,2026-01-24,0,0,0,0,0,0,0,0,0
242,2026-01-25,6,6,5,1,0,3,0,2,1
242,2026-01-26,3,9,3,0,0,3,0,0,0
242,2026-01-27,2,11,2,0,1,1,0,0,0
242,2026-01-28,4,15,3,1,3,0,0,0,1
242,2026-01-29,3,18,3,0,1,1,0,1,0
242,2026-01-30,3,21,3,0,0,3,0,0,0
242,2026-01-31,0,21,0,0,0,0,0,0,0
242,2026-02-01,5,26,4,1,1,3,0,0,1
242,2026-02-02,5,31,4,1,1,3,1,0,0
242,2026-02-03,4,35,3,1,0,2,0,1,1
242,2026-02-04,6,41,4,2,0,3,2,1,0
242,2026-02-05,3,44,3,0,2,1,0,0,0
242,2026-02-06,6,50,5,1,0,5,1,0,0
242,2026-02-07,4,54,3,1,2,1,1,0,0
242,2026-02-08,4,58,3,1,1,2,1,0,0
242,2026-02-09,6,64,3,3,1,2,3,0,0
242,2026-02-10,4,68,3,1,1,2,1,0,0
243,2026-01-14,0,0,0,0,0,0,0,0,0
243,2026-01-15,0,0,0,0,0,0,0,0,0
243,2026-01-16,0,0,0,0,0,0,0,0,0
243,2026-01-17,0,0,0,0,0,0,0,0,0
243,2026-01-18,0,0,0,0,0,0,0,0,0
243,2026-01-19,0,0,0,0,0,0,0,0,0
243,2026-01-20,0,0,0,0,0,0,0,0,0
243,2026-01-21,0,0,0,0,0,0,0,0,0
243,2026-01-22,0,0,0,0,0,0,0,0,0
243,2026-01-23,0,0,0,0,0,0,0,0,0
243,2026-01-24,0,0,0,0,0,0,0,0,0
243,2026-01-25,9,9,8,1,4,4,1,0,0
243,2026-01-26,7,16,7,0,5,2,0,0,0
243,2026-01-27,6,22,6,0,2,3,0,1,0
243,2026-01-28,11,33,9,2,3,5,1,1,1
243,2026-01-29,4,37,4,0,2,2,0,0,0
243,2026-01-30,6,43,6,0,1,5,0,0,0
243,2026-01-31,7,50,7,0,2,4,0,1,0
243,2026-02-01,13,63,10,3,2,7,2,1,1
243,2026-02-02,11,74,10,1,2,7,1,1,0
243,2026-02-03,13,87,10,3,6,3,3,1,0
243,2026-02-04,9,96,9,0,5,4,0,0,0
243,2026-02-05,10,106,8,2,2,3,2,3,0
243,2026-02-06,7,113,4,3,0,4,2,0,1
243,2026-02-07,22,135,19,3,4,13,2,2,1
243,2026-02-08,12,147,10,2,3,7,2,0,0
243,2026-02-09,10,157,9,1,2,5,1,2,0
243,2026-02-10,9,166,7,2,2,5,2,0,0
244,2026-01-14,0,0,0,0,0,0,0,0,0
244,2026-01-15,0,0,0,0,0,0,0,0,0
244,2026-01-16,0,0,0,0,0,0,0,0,0
244,2026-01-17,0,0,0,0,0,0,0,0,0
244,2026-01-18,0,0,0,0,0,0,0,0,0
244,2026-01-19,0,0,0,0,0,0,0,0,0
244,2026-01-20,0,0,0,0,0,0,0,0,0
244,2026-01-21,0,0,0,0,0,0,0,0,0
244,2026-01-22,0,0,0,0,0,0,0,0,0
244,2026-01-23,0,0,0,0,0,0,0,0,0
244,2026-01-24,0,0,0,0,0,0,0,0,0
244,2026-01-25,6,6,3,3,2,1,3,0,0
244,2026-01-26,7,13,6,1,1,4,1,1,0
244,2026-01-27,2,15,0,2,0,0,2,0,0
244,2026-01-28,3,18,3,0,0,3,0,0,0
244,2026-01-29,4,22,3,1,1,2,0,0,1
244,2026-01-30,3,25,3,0,0,3,0,0,0
244,2026-01-31,1,26,1,0,1,0,0,0,0
244,2026-02-01,3,29,1,2,1,0,2,0,0
244,2026-02-02,7,36,6,1,3,0,1,3,0
244,2026-02-03,3,39,2,1,1,1,0,0,1
244,2026-02-04,5,44,4,1,1,2,1,1,0
244,2026-02-05,5,49,3,2,1,2,2,0,0
244,2026-02-06,5,54,4,1,3,1,1,0,0
244,2026-02-07,4,58,2,2,1,1,2,0,0
244,2026-02-08,7,65,5,2,3,2,2,0,0
244,2026-02-09,8,73,5,3,1,3,3,1,0
244,2026-02-10,5,78,3,2,0,3,2,0,0
245,2026-01-14,0,0,0,0,0,0,0,0,0
245,2026-01-15,0,0,0,0,0,0,0,0,0
245,2026-01-16,0,0,0,0,0,0,0,0,0
245,2026-01-17,0,0,0,0,0,0,0,0,0
245,2026-01-18,0,0,0,0,0,0,0,0,0
245,2026-01-19,0,0,0,0,0,0,0,0,0
245,2026-01-20,0,0,0,0,0,0,0,0,0
245,2026-01-21,0,0,0,0,0,0,0,0,0
245,2026-01-22,0,0,0,0,0,0,0,0,0
245,2026-01-23,0,0,0,0,0,0,0,0,0
245,2026-01-24,0,0,0,0,0,0,0,0,0
245,2026-01-25,4,4,3,1,1,2,0,0,1
245,2026-01-26,7,11,7,0,2,3,0,2,0
245,2026-01-27,3,14,3,0,1,2,0,0,0
245,2026-01-28,4,18,3,1,1,2,1,0,0
245,2026-01-29,4,22,3,1,1,2,1,0,0
245,2026-01-30,1,23,1,0,0,1,0,0,0
245,2026-01-31,5,28,4,1,0,4,1,0,0
245,2026-02-01,4,32,4,0,1,3,0,0,0
245,2026-02-02,9,41,7,2,1,5,0,1,2
245,2026-02-03,5,46,4,1,2,2,1,0,0
245,2026-02-04,8,54,3,5,1,2,4,0,1
245,2026-02-05,9,63,6,3,1,3,3,2,0
245,2026-02-06,10,73,6,4,2,4,2,0,2
245,2026-02-07,9,82,4,5,2,2,4,0,1
245,2026-02-08,10,92,6,4,2,2,2,2,2
245,2026-02-09,11,103,7,4,4,3,4,0,0
245,2026-02-10,15,118,11,4,4,5,4,2,0
246,2026-01-14,0,0,0,0,0,0,0,0,0
246,2026-01-15,0,0,0,0,0,0,0,0,0
246,2026-01-16,0,0,0,0,0,0,0,0,0
246,2026-01-17,0,0,0,0,0,0,0,0,0
246,2026-01-18,0,0,0,0,0,0,0,0,0
246,2026-01-19,0,0,0,0,0,0,0,0,0
246,2026-01-20,0,0,0,0,0,0,0,0,0
246,2026-01-21,0,0,0,0,0,0,0,0,0
246,2026-01-22,0,0,0,0,0,0,0,0,0
246,2026-01-23,0,0,0,0,0,0,0,0,0
246,2026-01-24,0,0,0,0,0,0,0,0,0
246,2026-01-25,9,9,8,1,2,5,1,1,0
246,2026-01-26,5,14,4,1,0,4,1,0,0
246,2026-01-27,4,18,4,0,1,2,0,1,0
246,2026-01-28,5,23,5,0,1,2,0,2,0
246,2026-01-29,8,31,7,1,1,4,1,2,0
246,2026-01-30,8,39,7,1,0,7,0,0,1
246,2026-01-31,9,48,8,1,4,3,1,1,0
246,2026-02-01,1,49,1,0,0,1,0,0,0
246,2026-02-02,12,61,12,0,2,8,0,2,0
246,2026-02-03,10,71,10,0,7,3,0,0,0
246,2026-02-04,12,83,11,1,3,8,1,0,0
246,2026-02-05,11,94,8,3,4,4,1,0,2
246,2026-02-06,11,105,10,1,1,9,0,0,1
246,2026-02-07,11,116,10,1,1,7,1,2,0
246,2026-02-08,6,122,6,0,1,3,0,2,0
246,2026-02-09,13,135,11,2,3,8,1,0,1
246,2026-02-10,12,147,8,4,2,4,2,2,2
247,2026-01-14,0,0,0,0,0,0,0,0,0
247,2026-01-15,0,0,0,0,0,0,0,0,0
247,2026-01-16,0,0,0,0,0,0,0,0,0
247,2026-01-17,0,0,0,0,0,0,0,0,0
247,2026-01-18,0,0,0,0,0,0,0,0,0
247,2026-01-19,0,0,0,0,0,0,0,0,0
247,2026-01-20,0,0,0,0,0,0,0,0,0
247,2026-01-21,0,0,0,0,0,0,0,0,0
247,2026-01-22,0,0,0,0,0,0,0,0,0
247,2026-01-23,0,0,0,0,0,0,0,0,0
247,2026-01-24,0,0,0,0,0,0,0,0,0
247,2026-01-25,9,9,8,1,4,3,1,1,0
247,2026-01-26,9,18,7,2,1,6,1,0,1
247,2026-01-27,4,22,2,2,1,1,1,0,1
247,2026-01-28,7,29,4,3,1,2,2,1,1
247,2026-01-29,4,33,4,0,2,2,0,0,0
247,2026-01-30,6,39,5,1,1,4,1,0,0
247,2026-01-31,12,51,10,2,1,7,2,2,0
247,2026-02-01,10,61,2,8,0,1,8,1,0
247,2026-02-02,6,67,6,0,3,3,0,0,0
247,2026-02-03,10,77,8,2,2,5,1,1,1
247,2026-02-04,7,84,6,1,3,3,1,0,0
247,2026-02-05,15,99,8,7,3,4,5,1,2
247,2026-02-06,11,110,9,2,2,6,1,1,1
247,2026-02-07,11,121,7,4,3,3,3,1,1
247,2026-02-08,9,130,4,5,0,4,3,0,2
247,2026-02-09,7,137,6,1,2,4,1,0,0
247,2026-02-10,13,150,10,3,2,8,2,0,1
248,2026-01-14,0,0,0,0,0,0,0,0,0
248,2026-01-15,0,0,0,0,0,0,0,0,0
248,2026-01-16,0,0,0,0,0,0,0,0,0
248,2026-01-17,0,0,0,0,0,0,0,0,0
248,2026-01-18,0,0,0,0,0,0,0,0,0
248,2026-01-19,0,0,0,0,0,0,0,0,0
248,2026-01-20,0,0,0,0,0,0,0,0,0
248,2026-01-21,0,0,0,0,0,0,0,0,0
248,2026-01-22,0,0,0,0,0,0,0,0,0
248,2026-01-23,0,0,0,0,0,0,0,0,0
248,2026-01-24,0,0,0,0,0,0,0,0,0
248,2026-01-25,4,4,3,1,0,1,1,2,0
248,2026-01-26,4,8,4,0,1,3,0,0,0
248,2026-01-27,1,9,1,0,0,0,0,1,0
248,2026-01-28,1,10,1,0,1,0,0,0,0
248,2026-01-29,4,14,3,1,2,1,1,0,0
248,2026-01-30,5,19,4,1,0,2,1,2,0
248,2026-01-31,3,22,1,2,0,1,2,0,0
248,2026-02-01,5,27,5,0,2,3,0,0,0
248,2026-02-02,5,32,5,0,2,2,0,1,0
248,2026-02-03,3,35,2,1,0,1,1,1,0
248,2026-02-04,8,43,6,2,1,5,2,0,0
248,2026-02-05,8,51,7,1,1,6,1,0,0
248,2026-02-06,6,57,6,0,1,3,0,2,0
248,2026-02-07,7,64,7,0,5,2,0,0,0
248,2026-02-08,2,66,2,0,0,2,0,0,0
248,2026-02-09,2,68,2,0,1,1,0,0,0
248,2026-02-10,5,73,4,1,2,2,0,0,1
249,2026-01-14,0,0,0,0,0,0,0,0,0
249,2026-01-15,0,0,0,0,0,0,0,0,0
249,2026-01-16,0,0,0,0,0,0,0,0,0
249,2026-01-17,0,0,0,0,0,0,0,0,0
249,2026-01-18,0,0,0,0,0,0,0,0,0
249,2026-01-19,0,0,0,0,0,0,0,0,0
249,2026-01-20,0,0,0,0,0,0,0,0,0
249,2026-01-21,0,0,0,0,0,0,0,0,0
249,2026-01-22,0,0,0,0,0,0,0,0,0
249,2026-01-23,0,0,0,0,0,0,0,0,0
249,2026-01-24,0,0,0,0,0,0,0,0,0
249,2026-01-25,5,5,4,1,1,3,1,0,0
249,2026-01-26,5,10,5,0,1,3,0,1,0
249,2026-01-27,1,11,0,1,0,0,1,0,0
249,2026-01-28,5,16,4,1,1,2,1,1,0
249,2026-01-29,8,24,5,3,2,3,3,0,0
249,2026-01-30,5,29,4,1,1,2,1,1,0
249,2026-01-31,6,35,5,1,2,3,1,0,0
249,2026-02-01,8,43,4,4,0,3,3,1,1
249,2026-02-02,3,46,3,0,0,3,0,0,0
249,2026-02-03,6,52,4,2,0,4,1,0,1
249,2026-02-04,6,58,2,4,0,2,4,0,0
249,2026-02-05,9,67,8,1,2,5,1,1,0
249,2026-02-06,9,76,8,1,3,5,1,0,0
249,2026-02-07,6,82,4,2,0,3,1,1,1
249,2026-02-08,17,99,10,7,2,6,3,2,4
249,2026-02-09,12,111,11,1,2,8,0,1,1
249,2026-02-10,16,127,12,4,1,10,3,1,1
250,2026-01-14,0,0,0,0,0,0,0,0,0
250,2026-01-15,0,0,0,0,0,0,0,0,0
250,2026-01-16,0,0,0,0,0,0,0,0,0
250,2026-01-17,0,0,0,0,0,0,0,0,0
250,2026-01-18,0,0,0,0,0,0,0,0,0
250,2026-01-19,0,0,0,0,0,0,0,0,0
250,2026-01-20,0,0,0,0,0,0,0,0,0
250,2026-01-21,0,0,0,0,0,0,0,0,0
250,2026-01-22,0,0,0,0,0,0,0,0,0
250,2026-01-23,0,0,0,0,0,0,0,0,0
250,2026-01-24,0,0,0,0,0,0,0,0,0
250,2026-01-25,11,11,8,3,1,7,0,0,3
250,2026-01-26,3,14,3,0,0,2,0,1,0
250,2026-01-27,8,22,6,2,2,3,2,1,0
250,2026-01-28,2,24,1,1,1,0,1,0,0
250,2026-01-29,3,27,3,0,1,1,0,1,0
250,2026-01-30,8,35,8,0,0,5,0,3,0
250,2026-01-31,6,41,6,0,0,3,0,3,0
250,2026-02-01,9,50,7,2,0,6,2,1,0
250,2026-02-02,6,56,5,1,1,4,1,0,0
250,2026-02-03,9,65,8,1,3,5,1,0,0
250,2026-02-04,8,73,8,0,1,7,0,0,0
250,2026-02-05,10,83,8,2,2,3,1,3,1
250,2026-02-06,8,91,7,1,1,6,0,0,1
250,2026-02-07,8,99,8,0,2,5,0,1,0
250,2026-02-08,10,109,9,1,3,6,1,0,0
250,2026-02-09,12,121,10,2,2,6,2,2,0
250,2026-02-10,20,141,18,2,3,10,2,5,0
251,2026-01-14,0,0,0,0,0,0,0,0,0
251,2026-01-15,0,0,0,0,0,0,0,0,0
251,2026-01-16,0,0,0,0,0,0,0,0,0
251,2026-01-17,0,0,0,0,0,0,0,0,0
251,2026-01-18,0,0,0,0,0,0,0,0,0
251,2026-01-19,0,0,0,0,0,0,0,0,0
251,2026-01-20,0,0,0,0,0,0,0,0,0
251,2026-01-21,0,0,0,0,0,0,0,0,0
251,2026-01-22,0,0,0,0,0,0,0,0,0
251,2026-01-23,0,0,0,0,0,0,0,0,0
251,2026-01-24,0,0,0,0,0,0,0,0,0
251,2026-01-25,6,6,6,0,3,3,0,0,0
251,2026-01-26,2,8,2,0,0,2,0,0,0
251,2026-01-27,8,16,5,3,0,5,2,0,1
251,2026-01-28,8,24,7,1,0,4,0,3,1
251,2026-01-29,1,25,1,0,0,1,0,0,0
251,2026-01-30,5,30,5,0,2,3,0,0,0
251,2026-01-31,8,38,7,1,3,4,0,0,1
251,2026-02-01,9,47,8,1,2,4,0,2,1
251,2026-02-02,8,55,5,3,0,3,3,2,0
251,2026-02-03,5,60,4,1,1,3,1,0,0
251,2026-02-04,11,71,9,2,3,6,2,0,0
251,2026-02-05,9,80,8,1,3,4,0,1,1
251,2026-02-06,13,93,11,2,4,5,2,2,0
251,2026-02-07,3,96,2,1,0,1,1,1,0
251,2026-02-08,18,114,11,7,4,6,5,1,2
251,2026-02-09,13,127,12,1,4,7,1,1,0
251,2026-02-10,8,135,7,1,1,6,0,0,1
252,2026-01-14,0,0,0,0,0,0,0,0,0
252,2026-01-15,0,0,0,0,0,0,0,0,0
252,2026-01-16,0,0,0,0,0,0,0,0,0
252,2026-01-17,0,0,0,0,0,0,0,0,0
252,2026-01-18,0,0,0,0,0,0,0,0,0
252,2026-01-19,0,0,0,0,0,0,0,0,0
252,2026-01-20,0,0,0,0,0,0,0,0,0
252,2026-01-21,0,0,0,0,0,0,0,0,0
252,2026-01-22,0,0,0,0,0,0,0,0,0
252,2026-01-23,0,0,0,0,0,0,0,0,0
252,2026-01-24,0,0,0,0,0,0,0,0,0
252,2026-01-25,7,7,5,2,2,3,2,0,0
252,2026-01-26,5,12,5,0,2,3,0,0,0
252,2026-01-27,4,16,3,1,0,3,0,0,1
252,2026-01-28,5,21,2,3,0,1,1,1,2
252,2026-01-29,2,23,1,1,0,1,0,0,1
252,2026-01-30,1,24,1,0,0,1,0,0,0
252,2026-01-31,7,31,5,2,2,2,2,1,0
252,2026-02-01,8,39,6,2,3,3,1,0,1
252,2026-02-02,6,45,5,1,1,4,1,0,0
252,2026-02-03,5,50,5,0,2,3,0,0,0
252,2026-02-04,7,57,7,0,0,7,0,0,0
252,2026-02-05,5,62,4,1,1,3,0,0,1
252,2026-02-06,5,67,4,1,2,2,0,0,1
252,2026-02-07,6,73,4,2,1,2,1,1,1
252,2026-02-08,11,84,9,2,5,4,1,0,1
252,2026-02-09,6,90,5,1,1,3,1,1,0
252,2026-02-10,5,95,4,1,2,2,1,0,0
253,2026-01-14,0,0,0,0,0,0,0,0,0
253,2026-01-15,0,0,0,0,0,0,0,0,0
253,2026-01-16,0,0,0,0,0,0,0,0,0
253,2026-01-17,0,0,0,0,0,0,0,0,0
253,2026-01-18,0,0,0,0,0,0,0,0,0
253,2026-01-19,0,0,0,0,0,0,0,0,0
253,2026-01-20,0,0,0,0,0,0,0,0,0
253,2026-01-21,0,0,0,0,0,0,0,0,0
253,2026-01-22,0,0,0,0,0,0,0,0,0
253,2026-01-23,0,0,0,0,0,0,0,0,0
253,2026-01-24,0,0,0,0,0,0,0,0,0
253,2026-01-25,2,2,2,0,1,1,0,0,0
253,2026-01-26,2,4,2,0,0,2,0,0,0
253,2026-01-27,1,5,1,0,0,1,0,0,0
253,2026-01-28,2,7,2,0,1,1,0,0,0
253,2026-01-29,1,8,1,0,1,0,0,0,0
253,2026-01-30,2,10,2,0,0,2,0,0,0
253,2026-01-31,4,14,4,0,2,2,0,0,0
253,2026-02-01,3,17,3,0,0,3,0,0,0
253,2026-02-02,6,23,6,0,0,4,0,2,0
253,2026-02-03,5,28,5,0,1,4,0,0,0
253,2026-02-04,2,30,2,0,1,0,0,1,0
253,2026-02-05,7,37,6,1,1,5,1,0,0
253,2026-02-06,1,38,1,0,0,1,0,0,0
253,2026-02-07,2,40,2,0,0,1,0,1,0
253,2026-02-08,2,42,2,0,0,2,0,0,0
253,2026-02-09,5,47,5,0,0,4,0,1,0
253,2026-02-10,4,51,3,1,0,2,0,1,1
254,2026-01-14,0,0,0,0,0,0,0,0,0
254,2026-01-15,0,0,0,0,0,0,0,0,0
254,2026-01-16,0,0,0,0,0,0,0,0,0
254,2026-01-17,0,0,0,0,0,0,0,0,0
254,2026-01-18,0,0,0,0,0,0,0,0,0
254,2026-01-19,0,0,0,0,0,0,0,0,0
254,2026-01-20,0,0,0,0,0,0,0,0,0
254,2026-01-21,0,0,0,0,0,0,0,0,0
254,2026-01-22,0,0,0,0,0,0,0,0,0
254,2026-01-23,0,0,0,0,0,0,0,0,0
254,2026-01-24,0,0,0,0,0,0,0,0,0
254,2026-01-25,8,8,8,0,4,3,0,1,0
254,2026-01-26,5,13,5,0,2,3,0,0,0
254,2026-01-27,7,20,6,1,0,6,1,0,0
254,2026-01-28,3,23,3,0,2,1,0,0,0
254,2026-01-29,1,24,1,0,0,1,0,0,0
254,2026-01-30,3,27,2,1,0,2,1,0,0
254,2026-01-31,5,32,3,2,0,3,2,0,0
254,2026-02-01,4,36,4,0,0,4,0,0,0
254,2026-02-02,5,41,5,0,1,4,0,0,0
254,2026-02-03,4,45,4,0,3,1,0,0,0
254,2026-02-04,4,49,4,0,2,2,0,0,0
254,2026-02-05,2,51,0,2,0,0,1,0,1
254,2026-02-06,6,57,5,1,0,4,1,1,0
254,2026-02-07,7,64,6,1,5,1,1,0,0
254,2026-02-08,6,70,6,0,3,3,0,0,0
254,2026-02-09,12,82,8,4,2,4,3,2,1
254,2026-02-10,5,87,4,1,0,2,1,2,0
255,2026-01-14,0,0,0,0,0,0,0,0,0
255,2026-01-15,0,0,0,0,0,0,0,0,0
255,2026-01-16,0,0,0,0,0,0,0,0,0
255,2026-01-17,0,0,0,0,0,0,0,0,0
255,2026-01-18,0,0,0,0,0,0,0,0,0
255,2026-01-19,0,0,0,0,0,0,0,0,0
255,2026-01-20,0,0,0,0,0,0,0,0,0
255,2026-01-21,0,0,0,0,0,0,0,0,0
255,2026-01-22,0,0,0,0,0,0,0,0,0
255,2026-01-23,0,0,0,0,0,0,0,0,0
255,2026-01-24,0,0,0,0,0,0,0,0,0
255,2026-01-25,6,6,3,3,3,0,3,0,0
255,2026-01-26,6,12,4,2,3,1,1,0,1
255,2026-01-27,7,19,5,2,1,4,2,0,0
255,2026-01-28,2,21,1,1,0,1,0,0,1
255,2026-01-29,5,26,4,1,1,3,1,0,0
255,2026-01-30,1,27,0,1,0,0,1,0,0
255,2026-01-31,4,31,3,1,0,3,1,0,0
255,2026-02-01,5,36,4,1,1,3,1,0,0
255,2026-02-02,5,41,3,2,1,2,2,0,0
255,2026-02-03,8,49,6,2,2,4,2,0,0
255,2026-02-04,6,55,5,1,0,4,1,1,0
255,2026-02-05,6,61,4,2,2,2,2,0,0
255,2026-02-06,11,72,9,2,3,6,1,0,1
255,2026-02-07,8,80,6,2,1,5,2,0,0
255,2026-02-08,7,87,4,3,1,3,3,0,0
255,2026-02-09,4,91,3,1,0,3,1,0,0
255,2026-02-10,13,104,11,2,3,7,1,1,1
256,2026-01-14,0,0,0,0,0,0,0,0,0
256,2026-01-15,0,0,0,0,0,0,0,0,0
256,2026-01-16,0,0,0,0,0,0,0,0,0
256,2026-01-17,0,0,0,0,0,0,0,0,0
256,2026-01-18,0,0,0,0,0,0,0,0,0
256,2026-01-19,0,0,0,0,0,0,0,0,0
256,2026-01-20,0,0,0,0,0,0,0,0,0
256,2026-01-21,0,0,0,0,0,0,0,0,0
256,2026-01-22,0,0,0,0,0,0,0,0,0
256,2026-01-23,0,0,0,0,0,0,0,0,0
256,2026-01-24,0,0,0,0,0,0,0,0,0
256,2026-01-25,2,2,2,0,0,2,0,0,0
256,2026-01-26,7,9,7,0,3,4,0,0,0
256,2026-01-27,4,13,3,1,0,3,1,0,0
256,2026-01-28,4,17,4,0,0,4,0,0,0
256,2026-01-29,5,22,5,0,2,2,0,1,0
256,2026-01-30,5,27,4,1,1,3,0,0,1
256,2026-01-31,9,36,7,2,3,3,2,1,0
256,2026-02-01,9,45,7,2,2,5,1,0,1
256,2026-02-02,7,52,5,2,1,4,2,0,0
256,2026-02-03,6,58,5,1,1,3,1,1,0
256,2026-02-04,9,67,6,3,4,2,3,0,0
256,2026-02-05,5,72,4,1,0,4,1,0,0
256,2026-02-06,12,84,8,4,3,4,4,1,0
256,2026-02-07,11,95,9,2,2,7,2,0,0
256,2026-02-08,10,105,8,2,1,7,2,0,0
256,2026-02-09,6,111,3,3,1,2,3,0,0
256,2026-02-10,10,121,8,2,3,5,1,0,1
257,2026-01-14,0,0,0,0,0,0,0,0,0
257,2026-01-15,0,0,0,0,0,0,0,0,0
257,2026-01-16,0,0,0,0,0,0,0,0,0
257,2026-01-17,0,0,0,0,0,0,0,0,0
257,2026-01-18,0,0,0,0,0,0,0,0,0
257,2026-01-19,0,0,0,0,0,0,0,0,0
257,2026-01-20,0,0,0,0,0,0,0,0,0
257,2026-01-21,0,0,0,0,0,0,0,0,0
257,2026-01-22,0,0,0,0,0,0,0,0,0
257,2026-01-23,0,0,0,0,0,0,0,0,0
257,2026-01-24,0,0,0,0,0,0,0,0,0
257,2026-01-25,7,7,4,3,2,1,2,1,1
257,2026-01-26,2,9,1,1,0,1,1,0,0
257,2026-01-27,4,13,4,0,0,4,0,0,0
257,2026-01-28,8,21,5,3,2,2,2,1,1
257,2026-01-29,3,24,3,0,0,3,0,0,0
257,2026-01-30,1,25,0,1,0,0,0,0,1
257,2026-01-31,3,28,2,1,0,2,1,0,0
257,2026-02-01,4,32,3,1,1,2,0,0,1
257,2026-02-02,9,41,6,3,2,3,3,1,0
257,2026-02-03,9,50,7,2,1,5,1,1,1
257,2026-02-04,6,56,4,2,2,2,0,0,2
257,2026-02-05,5,61,4,1,0,3,1,1,0
257,2026-02-06,6,67,6,0,0,4,0,2,0
257,2026-02-07,7,74,3,4,1,2,4,0,0
257,2026-02-08,6,80,4,2,2,1,2,1,0
257,2026-02-09,5,85,3,2,1,1,0,1,2
257,2026-02-10,9,94,6,3,3,3,3,0,0
258,2026-01-14,0,0,0,0,0,0,0,0,0
258,2026-01-15,0,0,0,0,0,0,0,0,0
258,2026-01-16,0,0,0,0,0,0,0,0,0
258,2026-01-17,0,0,0,0,0,0,0,0,0
258,2026-01-18,0,0,0,0,0,0,0,0,0
258,2026-01-19,0,0,0,0,0,0,0,0,0
258,2026-01-20,0,0,0,0,0,0,0,0,0
258,2026-01-21,0,0,0,0,0,0,0,0,0
258,2026-01-22,0,0,0,0,0,0,0,0,0
258,2026-01-23,0,0,0,0,0,0,0,0,0
258,2026-01-24,0,0,0,0,0,0,0,0,0
258,2026-01-25,3,3,2,1,0,2,1,0,0
258,2026-01-26,6,9,5,1,2,3,1,0,0
258,2026-01-27,3,12,2,1,1,0,0,1,1
258,2026-01-28,7,19,6,1,2,4,1,0,0
258,2026-01-29,2,21,1,1,0,1,1,0,0
258,2026-01-30,2,23,2,0,0,2,0,0,0
258,2026-01-31,7,30,5,2,3,2,2,0,0
258,2026-02-01,3,33,2,1,0,2,1,0,0
258,2026-02-02,5,38,3,2,1,2,2,0,0
258,2026-02-03,6,44,5,1,2,2,1,1,0
258,2026-02-04,14,58,11,3,1,7,2,3,1
258,2026-02-05,8,66,7,1,2,4,1,1,0
258,2026-02-06,7,73,5,2,3,2,2,0,0
258,2026-02-07,10,83,9,1,2,6,1,1,0
258,2026-02-08,7,90,6,1,1,3,1,2,0
258,2026-02-09,10,100,8,2,2,6,1,0,1
258,2026-02-10,11,111,11,0,3,6,0,2,0
259,2026-01-14,0,0,0,0,0,0,0,0,0
259,2026-01-15,0,0,0,0,0,0,0,0,0
259,2026-01-16,0,0,0,0,0,0,0,0,0
259,2026-01-17,0,0,0,0,0,0,0,0,0
259,2026-01-18,0,0,0,0,0,0,0,0,0
259,2026-01-19,0,0,0,0,0,0,0,0,0
259,2026-01-20,0,0,0,0,0,0,0,0,0
259,2026-01-21,0,0,0,0,0,0,0,0,0
259,2026-01-22,0,0,0,0,0,0,0,0,0
259,2026-01-23,0,0,0,0,0,0,0,0,0
259,2026-01-24,0,0,0,0,0,0,0,0,0
259,2026-01-25,8,8,7,1,2,4,0,1,1
259,2026-01-26,3,11,2,1,1,1,1,0,0
259,2026-01-27,4,15,2,2,1,1,2,0,0
259,2026-01-28,4,19,3,1,0,2,1,1,0
259,2026-01-29,3,22,2,1,1,1,0,0,1
259,2026-01-30,1,23,1,0,0,1,0,0,0
259,2026-01-31,9,32,6,3,1,5,3,0,0
259,2026-02-01,5,37,4,1,2,1,0,1,1
259,2026-02-02,6,43,5,1,3,2,1,0,0
259,2026-02-03,6,49,3,3,0,2,3,1,0
259,2026-02-04,6,55,2,4,0,2,3,0,1
259,2026-02-05,9,64,8,1,3,5,0,0,1
259,2026-02-06,6,70,3,3,0,3,3,0,0
259,2026-02-07,9,79,8,1,2,6,1,0,0
259,2026-02-08,5,84,4,1,1,3,1,0,0
259,2026-02-09,8,92,7,1,2,3,1,2,0
259,2026-02-10,8,100,6,2,3,3,1,0,1
260,2026-01-14,0,0,0,0,0,0,0,0,0
260,2026-01-15,0,0,0,0,0,0,0,0,0
260,2026-01-16,0,0,0,0,0,0,0,0,0
260,2026-01-17,0,0,0,0,0,0,0,0,0
260,2026-01-18,0,0,0,0,0,0,0,0,0
260,2026-01-19,0,0,0,0,0,0,0,0,0
260,2026-01-20,0,0,0,0,0,0,0,0,0
260,2026-01-21,0,0,0,0,0,0,0,0,0
260,2026-01-22,0,0,0,0,0,0,0,0,0
260,2026-01-23,0,0,0,0,0,0,0,0,0
260,2026-01-24,0,0,0,0,0,0,0,0,0
260,2026-01-25,3,3,3,0,1,1,0,1,0
260,2026-01-26,5,8,4,1,0,3,1,1,0
260,2026-01-27,1,9,1,0,1,0,0,0,0
260,2026-01-28,1,10,1,0,0,1,0,0,0
260,2026-01-29,4,14,3,1,3,0,1,0,0
260,2026-01-30,3,17,2,1,2,0,0,0,1
260,2026-01-31,4,21,3,1,1,2,0,0,1
260,2026-02-01,4,25,4,0,3,1,0,0,0
260,2026-02-02,5,30,4,1,2,1,0,1,1
260,2026-02-03,4,34,3,1,0,3,1,0,0
260,2026-02-04,5,39,4,1,1,3,0,0,1
260,2026-02-05,7,46,5,2,3,2,1,0,1
260,2026-02-06,5,51,3,2,1,1,2,1,0
260,2026-02-07,5,56,3,2,1,2,2,0,0
260,2026-02-08,6,62,5,1,3,2,1,0,0
260,2026-02-09,1,63,1,0,0,1,0,0,0
260,2026-02-10,5,68,4,1,1,3,0,0,1
261,2026-01-14,0,0,0,0,0,0,0,0,0
261,2026-01-15,0,0,0,0,0,0,0,0,0
261,2026-01-16,0,0,0,0,0,0,0,0,0
261,2026-01-17,0,0,0,0,0,0,0,0,0
261,2026-01-18,0,0,0,0,0,0,0,0,0
261,2026-01-19,0,0,0,0,0,0,0,0,0
261,2026-01-20,0,0,0,0,0,0,0,0,0
261,2026-01-21,0,0,0,0,0,0,0,0,0
261,2026-01-22,0,0,0,0,0,0,0,0,0
261,2026-01-23,0,0,0,0,0,0,0,0,0
261,2026-01-24,0,0,0,0,0,0,0,0,0
261,2026-01-25,7,7,7,0,2,4,0,1,0
261,2026-01-26,4,11,3,1,1,2,0,0,1
261,2026-01-27,2,13,2,0,2,0,0,0,0
261,2026-01-28,10,23,8,2,4,3,1,1,1
261,2026-01-29,6,29,6,0,1,5,0,0,0
261,2026-01-30,5,34,4,1,3,1,1,0,0
261,2026-01-31,7,41,5,2,2,3,2,0,0
261,2026-02-01,12,53,10,2,4,6,2,0,0
261,2026-02-02,8,61,7,1,1,6,1,0,0
261,2026-02-03,10,71,8,2,1,6,1,1,1
261,2026-02-04,8,79,5,3,0,4,3,1,0
261,2026-02-05,7,86,5,2,1,4,1,0,1
261,2026-02-06,10,96,10,0,1,9,0,0,0
261,2026-02-07,10,106,9,1,3,6,1,0,0
261,2026-02-08,10,116,9,1,3,4,1,2,0
261,2026-02-09,14,130,12,2,4,7,2,1,0
261,2026-02-10,10,140,8,2,2,6,2,0,0
262,2026-01-14,0,0,0,0,0,0,0,0,0
262,2026-01-15,0,0,0,0,0,0,0,0,0
262,2026-01-16,0,0,0,0,0,0,0,0,0
262,2026-01-17,0,0,0,0,0,0,0,0,0
262,2026-01-18,0,0,0,0,0,0,0,0,0
262,2026-01-19,0,0,0,0,0,0,0,0,0
262,2026-01-20,0,0,0,0,0,0,0,0,0
262,2026-01-21,0,0,0,0,0,0,0,0,0
262,2026-01-22,0,0,0,0,0,0,0,0,0
262,2026-01-23,0,0,0,0,0,0,0,0,0
262,2026-01-24,0,0,0,0,0,0,0,0,0
262,2026-01-25,5,5,4,1,1,2,1,1,0
262,2026-01-26,3,8,3,0,0,1,0,2,0
262,2026-01-27,1,9,1,0,0,1,0,0,0
262,2026-01-28,9,18,7,2,3,3,2,1,0
262,2026-01-29,2,20,1,1,0,1,1,0,0
262,2026-01-30,3,23,3,0,0,3,0,0,0
262,2026-01-31,0,23,0,0,0,0,0,0,0
262,2026-02-01,3,26,3,0,0,3,0,0,0
262,2026-02-02,2,28,2,0,1,1,0,0,0
262,2026-02-03,3,31,1,2,0,1,1,0,1
262,2026-02-04,3,34,1,2,0,0,2,1,0
262,2026-02-05,2,36,0,2,0,0,2,0,0
262,2026-02-06,7,43,5,2,1,3,2,1,0
262,2026-02-07,4,47,4,0,1,3,0,0,0
262,2026-02-08,7,54,4,3,2,2,2,0,1
262,2026-02-09,7,61,5,2,2,2,1,1,1
262,2026-02-10,1,62,1,0,0,1,0,0,0
263,2026-01-14,0,0,0,0,0,0,0,0,0
263,2026-01-15,0,0,0,0,0,0,0,0,0
263,2026-01-16,0,0,0,0,0,0,0,0,0
263,2026-01-17,0,0,0,0,0,0,0,0,0
263,2026-01-18,0,0,0,0,0,0,0,0,0
263,2026-01-19,0,0,0,0,0,0,0,0,0
263,2026-01-20,0,0,0,0,0,0,0,0,0
263,2026-01-21,0,0,0,0,0,0,0,0,0
263,2026-01-22,0,0,0,0,0,0,0,0,0
263,2026-01-23,0,0,0,0,0,0,0,0,0
263,2026-01-24,0,0,0,0,0,0,0,0,0
263,2026-01-25,3,3,2,1,1,1,0,0,1
263,2026-01-26,6,9,3,3,0,3,3,0,0
263,2026-01-27,3,12,2,1,1,1,1,0,0
263,2026-01-28,1,13,1,0,0,1,0,0,0
263,2026-01-29,4,17,3,1,1,1,1,1,0
263,2026-01-30,4,21,4,0,0,3,0,1,0
263,2026-01-31,5,26,5,0,3,2,0,0,0
263,2026-02-01,5,31,4,1,0,4,0,0,1
263,2026-02-02,8,39,7,1,3,3,1,1,0
263,2026-02-03,7,46,4,3,3,1,2,0,1
263,2026-02-04,5,51,4,1,0,4,1,0,0
263,2026-02-05,7,58,6,1,2,4,1,0,0
263,2026-02-06,3,61,3,0,0,3,0,0,0
263,2026-02-07,9,70,5,4,1,3,4,1,0
263,2026-02-08,9,79,8,1,3,4,1,1,0
263,2026-02-09,5,84,5,0,2,3,0,0,0
263,2026-02-10,11,95,9,2,2,7,2,0,0
264,2026-01-14,0,0,0,0,0,0,0,0,0
264,2026-01-15,0,0,0,0,0,0,0,0,0
264,2026-01-16,0,0,0,0,0,0,0,0,0
264,2026-01-17,0,0,0,0,0,0,0,0,0
264,2026-01-18,0,0,0,0,0,0,0,0,0
264,2026-01-19,0,0,0,0,0,0,0,0,0
264,2026-01-20,0,0,0,0,0,0,0,0,0
264,2026-01-21,0,0,0,0,0,0,0,0,0
264,2026-01-22,0,0,0,0,0,0,0,0,0
264,2026-01-23,0,0,0,0,0,0,0,0,0
264,2026-01-24,0,0,0,0,0,0,0,0,0
264,2026-01-25,4,4,3,1,1,2,0,0,1
264,2026-01-26,4,8,3,1,0,3,1,0,0
264,2026-01-27,3,11,2,1,2,0,1,0,0
264,2026-01-28,3,14,2,1,2,0,1,0,0
264,2026-01-29,2,16,2,0,0,2,0,0,0
264,2026-01-30,1,17,1,0,0,1,0,0,0
264,2026-01-31,10,27,8,2,2,6,2,0,0
264,2026-02-01,6,33,5,1,2,3,0,0,1
264,2026-02-02,7,40,6,1,2,4,1,0,0
264,2026-02-03,7,47,4,3,3,1,3,0,0
264,2026-02-04,3,50,2,1,0,2,1,0,0
264,2026-02-05,11,61,6,5,3,3,5,0,0
264,2026-02-06,7,68,6,1,1,5,0,0,1
264,2026-02-07,7,75,7,0,2,4,0,1,0
264,2026-02-08,6,81,3,3,0,2,3,1,0
264,2026-02-09,3,84,3,0,0,3,0,0,0
264,2026-02-10,11,95,9,2,3,6,2,0,0
265,2026-01-14,0,0,0,0,0,0,0,0,0
265,2026-01-15,0,0,0,0,0,0,0,0,0
265,2026-01-16,0,0,0,0,0,0,0,0,0
265,2026-01-17,0,0,0,0,0,0,0,0,0
265,2026-01-18,0,0,0,0,0,0,0,0,0
265,2026-01-19,0,0,0,0,0,0,0,0,0
265,2026-01-20,0,0,0,0,0,0,0,0,0
265,2026-01-21,0,0,0,0,0,0,0,0,0
265,2026-01-22,0,0,0,0,0,0,0,0,0
265,2026-01-23,0,0,0,0,0,0,0,0,0
265,2026-01-24,0,0,0,0,0,0,0,0,0
265,2026-01-25,6,6,4,2,2,2,2,0,0
265,2026-01-26,8,14,6,2,3,2,1,1,1
265,2026-01-27,3,17,2,1,2,0,1,0,0
265,2026-01-28,7,24,6,1,4,2,0,0,1
265,2026-01-29,4,28,2,2,0,2,2,0,0
265,2026-01-30,5,33,5,0,1,3,0,1,0
265,2026-01-31,6,39,6,0,1,4,0,1,0
265,2026-02-01,6,45,6,0,1,5,0,0,0
265,2026-02-02,10,55,6,4,2,4,4,0,0
265,2026-02-03,8,63,8,0,1,7,0,0,0
265,2026-02-04,6,69,5,1,1,4,1,0,0
265,2026-02-05,9,78,8,1,2,5,1,1,0
265,2026-02-06,9,87,8,1,2,6,1,0,0
265,2026-02-07,9,96,5,4,1,4,3,0,1
265,2026-02-08,12,108,9,3,3,3,2,3,1
265,2026-02-09,11,119,9,2,4,5,0,0,2
265,2026-02-10,15,134,14,1,3,10,1,1,0
266,2026-01-14,0,0,0,0,0,0,0,0,0
266,2026-01-15,0,0,0,0,0,0,0,0,0
266,2026-01-16,0,0,0,0,0,0,0,0,0
266,2026-01-17,0,0,0,0,0,0,0,0,0
266,2026-01-18,0,0,0,0,0,0,0,0,0
266,2026-01-19,0,0,0,0,0,0,0,0,0
266,2026-01-20,0,0,0,0,0,0,0,0,0
266,2026-01-21,0,0,0,0,0,0,0,0,0
266,2026-01-22,0,0,0,0,0,0,0,0,0
266,2026-01-23,0,0,0,0,0,0,0,0,0
266,2026-01-24,0,0,0,0,0,0,0,0,0
266,2026-01-25,4,4,4,0,1,2,0,1,0
266,2026-01-26,3,7,2,1,0,2,0,0,1
266,2026-01-27,4,11,3,1,2,0,0,1,1
266,2026-01-28,6,17,4,2,1,3,2,0,0
266,2026-01-29,5,22,3,2,1,2,2,0,0
266,2026-01-30,2,24,2,0,2,0,0,0,0
266,2026-01-31,5,29,4,1,0,3,1,1,0
266,2026-02-01,8,37,6,2,1,5,1,0,1
266,2026-02-02,3,40,3,0,2,1,0,0,0
266,2026-02-03,8,48,7,1,1,6,1,0,0
266,2026-02-04,6,54,5,1,0,5,0,0,1
266,2026-02-05,4,58,4,0,0,3,0,1,0
266,2026-02-06,3,61,2,1,1,1,0,0,1
266,2026-02-07,7,68,6,1,1,4,1,1,0
266,2026-02-08,5,73,2,3,2,0,3,0,0
266,2026-02-09,10,83,9,1,5,2,0,2,1
266,2026-02-10,12,95,8,4,4,4,3,0,1
267,2026-01-14,0,0,0,0,0,0,0,0,0
267,2026-01-15,0,0,0,0,0,0,0,0,0
267,2026-01-16,0,0,0,0,0,0,0,0,0
267,2026-01-17,0,0,0,0,0,0,0,0,0
267,2026-01-18,0,0,0,0,0,0,0,0,0
267,2026-01-19,0,0,0,0,0,0,0,0,0
267,2026-01-20,0,0,0,0,0,0,0,0,0
267,2026-01-21,0,0,0,0,0,0,0,0,0
267,2026-01-22,0,0,0,0,0,0,0,0,0
267,2026-01-23,0,0,0,0,0,0,0,0,0
267,2026-01-24,0,0,0,0,0,0,0,0,0
267,2026-01-25,3,3,2,1,0,2,1,0,0
267,2026-01-26,2,5,1,1,0,1,0,0,1
267,2026-01-27,2,7,2,0,2,0,0,0,0
267,2026-01-28,2,9,1,1,1,0,1,0,0
267,2026-01-29,4,13,4,0,1,3,0,0,0
267,2026-01-30,1,14,0,1,0,0,1,0,0
267,2026-01-31,3,17,1,2,0,1,1,0,1
267,2026-02-01,3,20,2,1,0,2,1,0,0
267,2026-02-02,5,25,2,3,1,1,3,0,0
267,2026-02-03,2,27,2,0,1,1,0,0,0
267,2026-02-04,6,33,4,2,2,1,2,1,0
267,2026-02-05,4,37,4,0,1,2,0,1,0
267,2026-02-06,4,41,3,1,1,1,1,1,0
267,2026-02-07,7,48,5,2,1,3,2,1,0
267,2026-02-08,6,54,6,0,2,3,0,1,0
267,2026-02-09,4,58,4,0,1,3,0,0,0
267,2026-02-10,2,60,2,0,1,1,0,0,0
268,2026-01-14,0,0,0,0,0,0,0,0,0
268,2026-01-15,0,0,0,0,0,0,0,0,0
268,2026-01-16,0,0,0,0,0,0,0,0,0
268,2026-01-17,0,0,0,0,0,0,0,0,0
268,2026-01-18,0,0,0,0,0,0,0,0,0
268,2026-01-19,0,0,0,0,0,0,0,0,0
268,2026-01-20,0,0,0,0,0,0,0,0,0
268,2026-01-21,0,0,0,0,0,0,0,0,0
268,2026-01-22,0,0,0,0,0,0,0,0,0
268,2026-01-23,0,0,0,0,0,0,0,0,0
268,2026-01-24,0,0,0,0,0,0,0,0,0
268,2026-01-25,3,3,2,1,0,2,0,0,1
268,2026-01-26,4,7,4,0,1,2,0,1,0
268,2026-01-27,7,14,5,2,0,5,1,0,1
268,2026-01-28,2,16,2,0,1,1,0,0,0
268,2026-01-29,4,20,4,0,1,2,0,1,0
268,2026-01-30,6,26,3,3,1,2,2,0,1
268,2026-01-31,5,31,4,1,0,3,1,1,0
268,2026-02-01,7,38,5,2,2,1,2,2,0
268,2026-02-02,7,45,6,1,0,6,1,0,0
268,2026-02-03,7,52,6,1,4,2,1,0,0
268,2026-02-04,15,67,12,3,3,7,2,2,1
268,2026-02-05,4,71,2,2,1,1,2,0,0
268,2026-02-06,9,80,6,3,1,4,3,1,0
268,2026-02-07,9,89,6,3,1,5,3,0,0
268,2026-02-08,13,102,13,0,3,8,0,2,0
268,2026-02-09,9,111,8,1,1,6,1,1,0
268,2026-02-10,15,126,13,2,2,8,2,3,0
269,2026-01-14,0,0,0,0,0,0,0,0,0
269,2026-01-15,0,0,0,0,0,0,0,0,0
269,2026-01-16,0,0,0,0,0,0,0,0,0
269,2026-01-17,0,0,0,0,0,0,0,0,0
269,2026-01-18,0,0,0,0,0,0,0,0,0
269,2026-01-19,0,0,0,0,0,0,0,0,0
269,2026-01-20,0,0,0,0,0,0,0,0,0
269,2026-01-21,0,0,0,0,0,0,0,0,0
269,2026-01-22,0,0,0,0,0,0,0,0,0
269,2026-01-23,0,0,0,0,0,0,0,0,0
269,2026-01-24,0,0,0,0,0,0,0,0,0
269,2026-01-25,4,4,3,1,2,1,1,0,0
269,2026-01-26,1,5,1,0,0,1,0,0,0
269,2026-01-27,0,5,0,0,0,0,0,0,0
269,2026-01-28,2,7,1,1,0,0,1,1,0
269,2026-01-29,5,12,4,1,1,3,1,0,0
269,2026-01-30,3,15,3,0,0,2,0,1,0
269,2026-01-31,4,19,4,0,0,4,0,0,0
269,2026-02-01,3,22,3,0,0,3,0,0,0
269,2026-02-02,6,28,4,2,1,3,2,0,0
269,2026-02-03,3,31,1,2,0,1,2,0,0
269,2026-02-04,7,38,7,0,1,5,0,1,0
269,2026-02-05,5,43,5,0,2,3,0,0,0
269,2026-02-06,5,48,4,1,1,3,0,0,1
269,2026-02-07,3,51,2,1,0,2,1,0,0
269,2026-02-08,7,58,5,2,1,3,2,1,0
269,2026-02-09,7,65,7,0,4,2,0,1,0
269,2026-02-10,0,65,0,0,0,0,0,0,0
270,2026-01-14,0,0,0,0,0,0,0,0,0
270,2026-01-15,0,0,0,0,0,0,0,0,0
270,2026-01-16,0,0,0,0,0,0,0,0,0
270,2026-01-17,0,0,0,0,0,0,0,0,0
270,2026-01-18,0,0,0,0,0,0,0,0,0
270,2026-01-19,0,0,0,0,0,0,0,0,0
270,2026-01-20,0,0,0,0,0,0,0,0,0
270,2026-01-21,0,0,0,0,0,0,0,0,0
270,2026-01-22,0,0,0,0,0,0,0,0,0
270,2026-01-23,0,0,0,0,0,0,0,0,0
270,2026-01-24,0,0,0,0,0,0,0,0,0
270,2026-01-25,6,6,6,0,3,3,0,0,0
270,2026-01-26,8,14,6,2,0,6,1,0,1
270,2026-01-27,2,16,1,1,0,0,1,1,0
270,2026-01-28,4,20,4,0,2,2,0,0,0
270,2026-01-29,1,21,1,0,0,1,0,0,0
270,2026-01-30,5,26,3,2,0,3,0,0,2
270,2026-01-31,6,32,5,1,1,4,1,0,0
270,2026-02-01,6,38,4,2,0,3,2,1,0
270,2026-02-02,5,43,3,2,2,1,1,0,1
270,2026-02-03,5,48,5,0,1,4,0,0,0
270,2026-02-04,6,54,5,1,1,2,1,2,0
270,2026-02-05,12,66,7,5,2,4,3,1,2
270,2026-02-06,10,76,8,2,1,5,1,2,1
270,2026-02-07,11,87,6,5,2,3,4,1,1
270,2026-02-08,10,97,10,0,3,6,0,1,0
270,2026-02-09,12,109,9,3,3,4,3,2,0
270,2026-02-10,7,116,3,4,1,1,4,1,0
271,2026-01-14,0,0,0,0,0,0,0,0,0
271,2026-01-15,0,0,0,0,0,0,0,0,0
271,2026-01-16,0,0,0,0,0,0,0,0,0
271,2026-01-17,0,0,0,0,0,0,0,0,0
271,2026-01-18,0,0,0,0,0,0,0,0,0
271,2026-01-19,0,0,0,0,0,0,0,0,0
271,2026-01-20,0,0,0,0,0,0,0,0,0
271,2026-01-21,0,0,0,0,0,0,0,0,0
271,2026-01-22,0,0,0,0,0,0,0,0,0
271,2026-01-23,0,0,0,0,0,0,0,0,0
271,2026-01-24,0,0,0,0,0,0,0,0,0
271,2026-01-25,7,7,6,1,2,2,1,2,0
271,2026-01-26,3,10,2,1,0,2,1,0,0
271,2026-01-27,7,17,7,0,3,4,0,0,0
271,2026-01-28,0,17,0,0,0,0,0,0,0
271,2026-01-29,3,20,3,0,1,0,0,2,0
271,2026-01-30,4,24,3,1,0,2,1,1,0
271,2026-01-31,2,26,1,1,0,1,1,0,0
271,2026-02-01,7,33,5,2,3,1,2,1,0
271,2026-02-02,9,42,5,4,1,3,4,1,0
271,2026-02-03,11,53,9,2,3,5,2,1,0
271,2026-02-04,6,59,6,0,2,4,0,0,0
271,2026-02-05,7,66,6,1,2,4,1,0,0
271,2026-02-06,11,77,11,0,2,9,0,0,0
271,2026-02-07,14,91,12,2,2,7,1,3,1
271,2026-02-08,7,98,4,3,1,2,2,1,1
271,2026-02-09,6,104,5,1,2,3,1,0,0
271,2026-02-10,15,119,10,5,3,7,4,0,1
272,2026-01-14,0,0,0,0,0,0,0,0,0
272,2026-01-15,0,0,0,0,0,0,0,0,0
272,2026-01-16,0,0,0,0,0,0,0,0,0
272,2026-01-17,0,0,0,0,0,0,0,0,0
272,2026-01-18,0,0,0,0,0,0,0,0,0
272,2026-01-19,0,0,0,0,0,0,0,0,0
272,2026-01-20,0,0,0,0,0,0,0,0,0
272,2026-01-21,0,0,0,0,0,0,0,0,0
272,2026-01-22,0,0,0,0,0,0,0,0,0
272,2026-01-23,0,0,0,0,0,0,0,0,0
272,2026-01-24,0,0,0,0,0,0,0,0,0
272,2026-01-25,7,7,7,0,4,2,0,1,0
272,2026-01-26,5,12,4,1,2,2,1,0,0
272,2026-01-27,8,20,5,3,3,2,2,0,1
272,2026-01-28,8,28,8,0,2,6,0,0,0
272,2026-01-29,5,33,4,1,3,1,1,0,0
272,2026-01-30,10,43,8,2,3,4,1,1,1
272,2026-01-31,3,46,2,1,0,2,1,0,0
272,2026-02-01,12,58,8,4,2,6,2,0,2
272,2026-02-02,7,65,5,2,1,4,1,0,1
272,2026-02-03,13,78,11,2,2,7,2,2,0
272,2026-02-04,9,87,4,5,1,3,4,0,1
272,2026-02-05,8,95,6,2,0,5,2,1,0
272,2026-02-06,15,110,12,3,3,8,3,1,0
272,2026-02-07,14,124,12,2,3,8,0,1,2
272,2026-02-08,13,137,10,3,2,7,1,1,2
272,2026-02-09,13,150,12,1,2,10,1,0,0
272,2026-02-10,17,167,11,6,3,7,5,1,1
273,2026-01-14,0,0,0,0,0,0,0,0,0
273,2026-01-15,0,0,0,0,0,0,0,0,0
273,2026-01-16,0,0,0,0,0,0,0,0,0
273,2026-01-17,0,0,0,0,0,0,0,0,0
273,2026-01-18,0,0,0,0,0,0,0,0,0
273,2026-01-19,0,0,0,0,0,0,0,0,0
273,2026-01-20,0,0,0,0,0,0,0,0,0
273,2026-01-21,0,0,0,0,0,0,0,0,0
273,2026-01-22,0,0,0,0,0,0,0,0,0
273,2026-01-23,0,0,0,0,0,0,0,0,0
273,2026-01-24,0,0,0,0,0,0,0,0,0
273,2026-01-25,9,9,9,0,0,5,0,4,0
273,2026-01-26,3,12,3,0,0,2,0,1,0
273,2026-01-27,1,13,1,0,1,0,0,0,0
273,2026-01-28,4,17,4,0,0,3,0,1,0
273,2026-01-29,7,24,5,2,1,3,2,1,0
273,2026-01-30,5,29,5,0,3,2,0,0,0
273,2026-01-31,4,33,3,1,2,1,1,0,0
273,2026-02-01,7,40,7,0,1,6,0,0,0
273,2026-02-02,6,46,3,3,0,2,3,1,0
273,2026-02-03,7,53,7,0,3,3,0,1,0
273,2026-02-04,5,58,4,1,0,4,0,0,1
273,2026-02-05,2,60,2,0,0,1,0,1,0
273,2026-02-06,10,70,9,1,1,8,1,0,0
273,2026-02-07,8,78,8,0,1,7,0,0,0
273,2026-02-08,9,87,8,1,1,4,1,3,0
273,2026-02-09,12,99,11,1,4,7,1,0,0
273,2026-02-10,4,103,4,0,1,3,0,0,0
274,2026-01-14,0,0,0,0,0,0,0,0,0
274,2026-01-15,0,0,0,0,0,0,0,0,0
274,2026-01-16,0,0,0,0,0,0,0,0,0
274,2026-01-17,0,0,0,0,0,0,0,0,0
274,2026-01-18,0,0,0,0,0,0,0,0,0
274,2026-01-19,0,0,0,0,0,0,0,0,0
274,2026-01-20,0,0,0,0,0,0,0,0,0
274,2026-01-21,0,0,0,0,0,0,0,0,0
274,2026-01-22,0,0,0,0,0,0,0,0,0
274,2026-01-23,0,0,0,0,0,0,0,0,0
274,2026-01-24,0,0,0,0,0,0,0,0,0
274,2026-01-25,6,6,5,1,3,1,1,1,0
274,2026-01-26,2,8,1,1,0,1,1,0,0
274,2026-01-27,2,10,1,1,1,0,1,0,0
274,2026-01-28,5,15,4,1,0,4,1,0,0
274,2026-01-29,4,19,4,0,1,2,0,1,0
274,2026-01-30,0,19,0,0,0,0,0,0,0
274,2026-01-31,0,19,0,0,0,0,0,0,0
274,2026-02-01,3,22,3,0,2,1,0,0,0
274,2026-02-02,1,23,1,0,0,1,0,0,0
274,2026-02-03,1,24,1,0,0,1,0,0,0
274,2026-02-04,2,26,1,1,0,1,1,0,0
274,2026-02-05,2,28,2,0,1,1,0,0,0
274,2026-02-06,4,32,3,1,0,3,1,0,0
274,2026-02-07,1,33,0,1,0,0,1,0,0
274,2026-02-08,2,35,1,1,0,0,1,1,0
274,2026-02-09,2,37,2,0,1,1,0,0,0
274,2026-02-10,3,40,2,1,0,2,0,0,1
275,2026-01-14,0,0,0,0,0,0,0,0,0
275,2026-01-15,0,0,0,0,0,0,0,0,0
275,2026-01-16,0,0,0,0,0,0,0,0,0
275,2026-01-17,0,0,0,0,0,0,0,0,0
275,2026-01-18,0,0,0,0,0,0,0,0,0
275,2026-01-19,0,0,0,0,0,0,0,0,0
275,2026-01-20,0,0,0,0,0,0,0,0,0
275,2026-01-21,0,0,0,0,0,0,0,0,0
275,2026-01-22,0,0,0,0,0,0,0,0,0
275,2026-01-23,0,0,0,0,0,0,0,0,0
275,2026-01-24,0,0,0,0,0,0,0,0,0
275,2026-01-25,4,4,2,2,1,0,1,1,1
275,2026-01-26,3,7,3,0,0,2,0,1,0
275,2026-01-27,6,13,6,0,3,3,0,0,0
275,2026-01-28,2,15,2,0,1,1,0,0,0
275,2026-01-29,1,16,1,0,0,1,0,0,0
275,2026-01-30,5,21,3,2,1,1,2,1,0
275,2026-01-31,2,23,1,1,1,0,1,0,0
275,2026-02-01,7,30,6,1,0,5,1,1,0
275,2026-02-02,5,35,4,1,0,4,1,0,0
275,2026-02-03,4,39,3,1,0,3,0,0,1
275,2026-02-04,4,43,3,1,1,1,1,1,0
275,2026-02-05,5,48,2,3,1,1,3,0,0
275,2026-02-06,8,56,7,1,1,4,1,2,0
275,2026-02-07,7,63,7,0,1,5,0,1,0
275,2026-02-08,6,69,4,2,2,2,1,0,1
275,2026-02-09,9,78,5,4,2,3,3,0,1
275,2026-02-10,6,84,5,1,1,3,1,1,0
276,2026-01-14,0,0,0,0,0,0,0,0,0
276,2026-01-15,0,0,0,0,0,0,0,0,0
276,2026-01-16,0,0,0,0,0,0,0,0,0
276,2026-01-17,0,0,0,0,0,0,0,0,0
276,2026-01-18,0,0,0,0,0,0,0,0,0
276,2026-01-19,0,0,0,0,0,0,0,0,0
276,2026-01-20,0,0,0,0,0,0,0,0,0
276,2026-01-21,0,0,0,0,0,0,0,0,0
276,2026-01-22,0,0,0,0,0,0,0,0,0
276,2026-01-23,0,0,0,0,0,0,0,0,0
276,2026-01-24,0,0,0,0,0,0,0,0,0
276,2026-01-25,8,8,5,3,2,3,3,0,0
276,2026-01-26,5,13,3,2,1,2,2,0,0
276,2026-01-27,3,16,3,0,0,3,0,0,0
276,2026-01-28,4,20,1,3,0,1,3,0,0
276,2026-01-29,4,24,4,0,2,2,0,0,0
276,2026-01-30,4,28,2,2,1,1,2,0,0
276,2026-01-31,8,36,5,3,1,4,2,0,1
276,2026-02-01,5,41,5,0,2,3,0,0,0
276,2026-02-02,3,44,2,1,2,0,1,0,0
276,2026-02-03,8,52,7,1,3,3,0,1,1
276,2026-02-04,3,55,1,2,1,0,2,0,0
276,2026-02-05,3,58,3,0,1,1,0,1,0
276,2026-02-06,6,64,5,1,0,5,1,0,0
276,2026-02-07,9,73,4,5,0,3,3,1,2
276,2026-02-08,3,76,2,1,1,1,1,0,0
276,2026-02-09,5,81,3,2,0,3,1,0,1
276,2026-02-10,10,91,7,3,3,3,2,1,1
277,2026-01-14,0,0,0,0,0,0,0,0,0
277,2026-01-15,0,0,0,0,0,0,0,0,0
277,2026-01-16,0,0,0,0,0,0,0,0,0
277,2026-01-17,0,0,0,0,0,0,0,0,0
277,2026-01-18,0,0,0,0,0,0,0,0,0
277,2026-01-19,0,0,0,0,0,0,0,0,0
277,2026-01-20,0,0,0,0,0,0,0,0,0
277,2026-01-21,0,0,0,0,0,0,0,0,0
277,2026-01-22,0,0,0,0,0,0,0,0,0
277,2026-01-23,0,0,0,0,0,0,0,0,0
277,2026-01-24,0,0,0,0,0,0,0,0,0
277,2026-01-25,9,9,8,1,3,5,0,0,1
277,2026-01-26,3,12,3,0,2,1,0,0,0
277,2026-01-27,1,13,0,1,0,0,1,0,0
277,2026-01-28,6,19,5,1,3,1,1,1,0
277,2026-01-29,4,23,3,1,1,2,1,0,0
277,2026-01-30,7,30,6,1,3,3,0,0,1
277,2026-01-31,3,33,1,2,0,0,2,1,0
277,2026-02-01,2,35,2,0,1,1,0,0,0
277,2026-02-02,6,41,5,1,0,5,0,0,1
277,2026-02-03,7,48,6,1,4,1,1,1,0
277,2026-02-04,9,57,6,3,1,3,3,2,0
277,2026-02-05,6,63,3,3,2,1,1,0,2
277,2026-02-06,4,67,3,1,0,3,0,0,1
277,2026-02-07,5,72,4,1,1,3,1,0,0
277,2026-02-08,10,82,6,4,2,3,3,1,1
277,2026-02-09,4,86,3,1,1,1,1,1,0
277,2026-02-10,6,92,4,2,3,1,1,0,1
278,2026-01-14,0,0,0,0,0,0,0,0,0
278,2026-01-15,0,0,0,0,0,0,0,0,0
278,2026-01-16,0,0,0,0,0,0,0,0,0
278,2026-01-17,0,0,0,0,0,0,0,0,0
278,2026-01-18,0,0,0,0,0,0,0,0,0
278,2026-01-19,0,0,0,0,0,0,0,0,0
278,2026-01-20,0,0,0,0,0,0,0,0,0
278,2026-01-21,0,0,0,0,0,0,0,0,0
278,2026-01-22,0,0,0,0,0,0,0,0,0
278,2026-01-23,0,0,0,0,0,0,0,0,0
278,2026-01-24,0,0,0,0,0,0,0,0,0
278,2026-01-25,3,3,3,0,0,3,0,0,0
278,2026-01-26,2,5,2,0,0,2,0,0,0
278,2026-01-27,1,6,1,0,0,1,0,0,0
278,2026-01-28,2,8,1,1,0,1,0,0,1
278,2026-01-29,4,12,3,1,2,1,1,0,0
278,2026-01-30,3,15,1,2,0,1,0,0,2
278,2026-01-31,4,19,4,0,2,2,0,0,0
278,2026-02-01,1,20,1,0,0,1,0,0,0
278,2026-02-02,6,26,4,2,1,2,2,1,0
278,2026-02-03,4,30,4,0,2,2,0,0,0
278,2026-02-04,3,33,3,0,2,1,0,0,0
278,2026-02-05,5,38,5,0,2,3,0,0,0
278,2026-02-06,2,40,1,1,0,1,1,0,0
278,2026-02-07,3,43,2,1,1,0,0,1,1
278,2026-02-08,5,48,4,1,2,2,0,0,1
278,2026-02-09,2,50,2,0,0,2,0,0,0
278,2026-02-10,6,56,4,2,2,2,2,0,0
279,2026-01-14,0,0,0,0,0,0,0,0,0
279,2026-01-15,0,0,0,0,0,0,0,0,0
279,2026-01-16,0,0,0,0,0,0,0,0,0
279,2026-01-17,0,0,0,0,0,0,0,0,0
279,2026-01-18,0,0,0,0,0,0,0,0,0
279,2026-01-19,0,0,0,0,0,0,0,0,0
279,2026-01-20,0,0,0,0,0,0,0,0,0
279,2026-01-21,0,0,0,0,0,0,0,0,0
279,2026-01-22,0,0,0,0,0,0,0,0,0
279,2026-01-23,0,0,0,0,0,0,0,0,0
279,2026-01-24,0,0,0,0,0,0,0,0,0
279,2026-01-25,4,4,3,1,0,3,1,0,0
279,2026-01-26,4,8,3,1,1,2,1,0,0
279,2026-01-27,7,15,6,1,3,3,1,0,0
279,2026-01-28,4,19,4,0,1,1,0,2,0
279,2026-01-29,2,21,2,0,0,2,0,0,0
279,2026-01-30,3,24,2,1,0,2,1,0,0
279,2026-01-31,3,27,3,0,1,2,0,0,0
279,2026-02-01,11,38,9,2,3,6,2,0,0
279,2026-02-02,1,39,1,0,0,1,0,0,0
279,2026-02-03,6,45,2,4,1,1,3,0,1
279,2026-02-04,9,54,8,1,3,3,1,2,0
279,2026-02-05,6,60,6,0,0,6,0,0,0
279,2026-02-06,11,71,11,0,4,7,0,0,0
279,2026-02-07,8,79,7,1,4,3,1,0,0
279,2026-02-08,7,86,7,0,2,5,0,0,0
279,2026-02-09,9,95,9,0,2,5,0,2,0
279,2026-02-10,17,112,13,4,6,7,3,0,1
280,2026-01-14,0,0,0,0,0,0,0,0,0
280,2026-01-15,0,0,0,0,0,0,0,0,0
280,2026-01-16,0,0,0,0,0,0,0,0,0
280,2026-01-17,0,0,0,0,0,0,0,0,0
280,2026-01-18,0,0,0,0,0,0,0,0,0
280,2026-01-19,0,0,0,0,0,0,0,0,0
280,2026-01-20,0,0,0,0,0,0,0,0,0
280,2026-01-21,0,0,0,0,0,0,0,0,0
280,2026-01-22,0,0,0,0,0,0,0,0,0
280,2026-01-23,0,0,0,0,0,0,0,0,0
280,2026-01-24,0,0,0,0,0,0,0,0,0
280,2026-01-25,6,6,6,0,0,5,0,1,0
280,2026-01-26,7,13,5,2,1,3,1,1,1
280,2026-01-27,6,19,6,0,2,4,0,0,0
280,2026-01-28,2,21,2,0,1,1,0,0,0
280,2026-01-29,6,27,6,0,1,5,0,0,0
280,2026-01-30,4,31,4,0,2,2,0,0,0
280,2026-01-31,7,38,4,3,3,1,3,0,0
280,2026-02-01,6,44,4,2,2,2,2,0,0
280,2026-02-02,8,52,8,0,0,6,0,2,0
280,2026-02-03,7,59,6,1,1,4,1,1,0
280,2026-02-04,4,63,4,0,1,3,0,0,0
280,2026-02-05,11,74,10,1,2,7,1,1,0
280,2026-02-06,6,80,6,0,1,5,0,0,0
280,2026-02-07,9,89,7,2,1,6,0,0,2
280,2026-02-08,9,98,7,2,1,4,2,2,0
280,2026-02-09,7,105,7,0,2,4,0,1,0
280,2026-02-10,10,115,7,3,4,3,3,0,0
281,2026-01-14,0,0,0,0,0,0,0,0,0
281,2026-01-15,0,0,0,0,0,0,0,0,0
281,2026-01-16,0,0,0,0,0,0,0,0,0
281,2026-01-17,0,0,0,0,0,0,0,0,0
281,2026-01-18,0,0,0,0,0,0,0,0,0
281,2026-01-19,0,0,0,0,0,0,0,0,0
281,2026-01-20,0,0,0,0,0,0,0,0,0
281,2026-01-21,0,0,0,0,0,0,0,0,0
281,2026-01-22,0,0,0,0,0,0,0,0,0
281,2026-01-23,0,0,0,0,0,0,0,0,0
281,2026-01-24,0,0,0,0,0,0,0,0,0
281,2026-01-25,5,5,5,0,2,3,0,0,0
281,2026-01-26,4,9,3,1,0,2,1,1,0
281,2026-01-27,4,13,4,0,0,4,0,0,0
281,2026-01-28,4,17,4,0,1,3,0,0,0
281,2026-01-29,4,21,3,1,0,3,1,0,0
281,2026-01-30,1,22,0,1,0,0,1,0,0
281,2026-01-31,6,28,3,3,1,2,3,0,0
281,2026-02-01,3,31,3,0,1,2,0,0,0
281,2026-02-02,6,37,4,2,0,4,1,0,1
281,2026-02-03,1,38,1,0,1,0,0,0,0
281,2026-02-04,4,42,3,1,0,3,1,0,0
281,2026-02-05,6,48,6,0,2,4,0,0,0
281,2026-02-06,6,54,6,0,1,5,0,0,0
281,2026-02-07,7,61,6,1,4,2,1,0,0
281,2026-02-08,9,70,3,6,1,2,5,0,1
281,2026-02-09,7,77,7,0,1,6,0,0,0
281,2026-02-10,7,84,6,1,1,4,0,1,1
282,2026-01-14,0,0,0,0,0,0,0,0,0
282,2026-01-15,0,0,0,0,0,0,0,0,0
282,2026-01-16,0,0,0,0,0,0,0,0,0
282,2026-01-17,0,0,0,0,0,0,0,0,0
282,2026-01-18,0,0,0,0,0,0,0,0,0
282,2026-01-19,0,0,0,0,0,0,0,0,0
282,2026-01-20,0,0,0,0,0,0,0,0,0
282,2026-01-21,0,0,0,0,0,0,0,0,0
282,2026-01-22,0,0,0,0,0,0,0,0,0
282,2026-01-23,0,0,0,0,0,0,0,0,0
282,2026-01-24,0,0,0,0,0,0,0,0,0
282,2026-01-25,4,4,3,1,1,1,1,1,0
282,2026-01-26,1,5,1,0,0,1,0,0,0
282,2026-01-27,2,7,0,2,0,0,1,0,1
282,2026-01-28,2,9,2,0,1,1,0,0,0
282,2026-01-29,2,11,1,1,0,1,1,0,0
282,2026-01-30,2,13,0,2,0,0,2,0,0
282,2026-01-31,7,20,7,0,1,5,0,1,0
282,2026-02-01,4,24,2,2,1,0,2,1,0
282,2026-02-02,4,28,4,0,0,4,0,0,0
282,2026-02-03,6,34,5,1,2,3,1,0,0
282,2026-02-04,6,40,6,0,1,5,0,0,0
282,2026-02-05,6,46,4,2,2,2,2,0,0
282,2026-02-06,6,52,5,1,2,3,0,0,1
282,2026-02-07,5,57,4,1,0,4,1,0,0
282,2026-02-08,3,60,3,0,1,2,0,0,0
282,2026-02-09,4,64,3,1,0,2,0,1,1
282,2026-02-10,4,68,4,0,1,3,0,0,0
283,2026-01-14,0,0,0,0,0,0,0,0,0
283,2026-01-15,0,0,0,0,0,0,0,0,0
283,2026-01-16,0,0,0,0,0,0,0,0,0
283,2026-01-17,0,0,0,0,0,0,0,0,0
283,2026-01-18,0,0,0,0,0,0,0,0,0
283,2026-01-19,0,0,0,0,0,0,0,0,0
283,2026-01-20,0,0,0,0,0,0,0,0,0
283,2026-01-21,0,0,0,0,0,0,0,0,0
283,2026-01-22,0,0,0,0,0,0,0,0,0
283,2026-01-23,0,0,0,0,0,0,0,0,0
283,2026-01-24,0,0,0,0,0,0,0,0,0
283,2026-01-25,3,3,3,0,1,0,0,2,0
283,2026-01-26,3,6,2,1,2,0,1,0,0
283,2026-01-27,2,8,1,1,1,0,1,0,0
283,2026-01-28,5,13,5,0,2,2,0,1,0
283,2026-01-29,8,21,5,3,1,4,3,0,0
283,2026-01-30,5,26,3,2,1,2,2,0,0
283,2026-01-31,8,34,4,4,0,4,2,0,2
283,2026-02-01,5,39,4,1,0,4,0,0,1
283,2026-02-02,4,43,0,4,0,0,3,0,1
283,2026-02-03,8,51,6,2,2,2,2,2,0
283,2026-02-04,2,53,1,1,0,1,1,0,0
283,2026-02-05,11,64,9,2,3,6,2,0,0
283,2026-02-06,16,80,13,3,2,6,3,5,0
283,2026-02-07,7,87,4,3,1,1,1,2,2
283,2026-02-08,8,95,6,2,3,3,2,0,0
283,2026-02-09,12,107,10,2,6,2,2,2,0
283,2026-02-10,7,114,5,2,1,3,2,1,0
284,2026-01-14,0,0,0,0,0,0,0,0,0
284,2026-01-15,0,0,0,0,0,0,0,0,0
284,2026-01-16,0,0,0,0,0,0,0,0,0
284,2026-01-17,0,0,0,0,0,0,0,0,0
284,2026-01-18,0,0,0,0,0,0,0,0,0
284,2026-01-19,0,0,0,0,0,0,0,0,0
284,2026-01-20,0,0,0,0,0,0,0,0,0
284,2026-01-21,0,0,0,0,0,0,0,0,0
284,2026-01-22,0,0,0,0,0,0,0,0,0
284,2026-01-23,0,0,0,0,0,0,0,0,0
284,2026-01-24,0,0,0,0,0,0,0,0,0
284,2026-01-25,10,10,8,2,2,6,2,0,0
284,2026-01-26,3,13,3,0,0,3,0,0,0
284,2026-01-27,1,14,1,0,0,1,0,0,0
284,2026-01-28,4,18,4,0,2,1,0,1,0
284,2026-01-29,4,22,4,0,2,2,0,0,0
284,2026-01-30,3,25,2,1,1,1,0,0,1
284,2026-01-31,2,27,2,0,0,2,0,0,0
284,2026-02-01,3,30,3,0,0,3,0,0,0
284,2026-02-02,6,36,6,0,3,2,0,1,0
284,2026-02-03,3,39,2,1,0,2,0,0,1
284,2026-02-04,4,43,3,1,1,1,1,1,0
284,2026-02-05,5,48,4,1,0,4,0,0,1
284,2026-02-06,8,56,5,3,2,3,2,0,1
284,2026-02-07,4,60,4,0,2,2,0,0,0
284,2026-02-08,6,66,6,0,3,3,0,0,0
284,2026-02-09,3,69,3,0,0,3,0,0,0
284,2026-02-10,5,74,4,1,3,1,0,0,1
285,2026-01-14,0,0,0,0,0,0,0,0,0
285,2026-01-15,0,0,0,0,0,0,0,0,0
285,2026-01-16,0,0,0,0,0,0,0,0,0
285,2026-01-17,0,0,0,0,0,0,0,0,0
285,2026-01-18,0,0,0,0,0,0,0,0,0
285,2026-01-19,0,0,0,0,0,0,0,0,0
285,2026-01-20,0,0,0,0,0,0,0,0,0
285,2026-01-21,0,0,0,0,0,0,0,0,0
285,2026-01-22,0,0,0,0,0,0,0,0,0
285,2026-01-23,0,0,0,0,0,0,0,0,0
285,2026-01-24,0,0,0,0,0,0,0,0,0
285,2026-01-25,1,1,0,1,0,0,1,0,0
285,2026-01-26,5,6,2,3,0,1,3,1,0
285,2026-01-27,2,8,1,1,0,1,1,0,0
285,2026-01-28,3,11,3,0,1,2,0,0,0
285,2026-01-29,0,11,0,0,0,0,0,0,0
285,2026-01-30,0,11,0,0,0,0,0,0,0
285,2026-01-31,2,13,1,1,0,1,1,0,0
285,2026-02-01,2,15,2,0,1,1,0,0,0
285,2026-02-02,1,16,1,0,0,1,0,0,0
285,2026-02-03,4,20,3,1,1,1,1,1,0
285,2026-02-04,3,23,3,0,2,0,0,1,0
285,2026-02-05,4,27,3,1,0,2,1,1,0
285,2026-02-06,2,29,1,1,0,1,1,0,0
285,2026-02-07,2,31,1,1,0,0,0,1,1
285,2026-02-08,4,35,4,0,1,3,0,0,0
285,2026-02-09,1,36,1,0,0,1,0,0,0
285,2026-02-10,2,38,2,0,1,1,0,0,0
286,2026-01-14,0,0,0,0,0,0,0,0,0
286,2026-01-15,0,0,0,0,0,0,0,0,0
286,2026-01-16,0,0,0,0,0,0,0,0,0
286,2026-01-17,0,0,0,0,0,0,0,0,0
286,2026-01-18,0,0,0,0,0,0,0,0,0
286,2026-01-19,0,0,0,0,0,0,0,0,0
286,2026-01-20,0,0,0,0,0,0,0,0,0
286,2026-01-21,0,0,0,0,0,0,0,0,0
286,2026-01-22,0,0,0,0,0,0,0,0,0
286,2026-01-23,0,0,0,0,0,0,0,0,0
286,2026-01-24,0,0,0,0,0,0,0,0,0
286,2026-01-25,6,6,6,0,2,4,0,0,0
286,2026-01-26,6,12,6,0,2,3,0,1,0
286,2026-01-27,4,16,2,2,1,1,2,0,0
286,2026-01-28,4,20,4,0,2,2,0,0,0
286,2026-01-29,4,24,4,0,1,2,0,1,0
286,2026-01-30,7,31,7,0,2,5,0,0,0
286,2026-01-31,3,34,3,0,3,0,0,0,0
286,2026-02-01,8,42,7,1,4,2,1,1,0
286,2026-02-02,10,52,8,2,3,3,1,2,1
286,2026-02-03,5,57,4,1,0,2,0,2,1
286,2026-02-04,14,71,10,4,2,6,3,2,1
286,2026-02-05,11,82,8,3,2,5,2,1,1
286,2026-02-06,13,95,9,4,4,4,4,1,0
286,2026-02-07,11,106,9,2,4,4,1,1,1
286,2026-02-08,13,119,9,4,5,4,3,0,1
286,2026-02-09,10,129,6,4,0,4,3,2,1
286,2026-02-10,15,144,11,4,3,7,3,1,1
287,2026-01-14,0,0,0,0,0,0,0,0,0
287,2026-01-15,0,0,0,0,0,0,0,0,0
287,2026-01-16,0,0,0,0,0,0,0,0,0
287,2026-01-17,0,0,0,0,0,0,0,0,0
287,2026-01-18,0,0,0,0,0,0,0,0,0
287,2026-01-19,0,0,0,0,0,0,0,0,0
287,2026-01-20,0,0,0,0,0,0,0,0,0
287,2026-01-21,0,0,0,0,0,0,0,0,0
287,2026-01-22,0,0,0,0,0,0,0,0,0
287,2026-01-23,0,0,0,0,0,0,0,0,0
287,2026-01-24,0,0,0,0,0,0,0,0,0
287,2026-01-25,4,4,4,0,1,2,0,1,0
287,2026-01-26,5,9,4,1,1,1,1,2,0
287,2026-01-27,9,18,8,1,4,4,1,0,0
287,2026-01-28,2,20,2,0,2,0,0,0,0
287,2026-01-29,8,28,8,0,1,5,0,2,0
287,2026-01-30,5,33,3,2,0,3,1,0,1
287,2026-01-31,10,43,8,2,2,5,2,1,0
287,2026-02-01,8,51,8,0,2,5,0,1,0
287,2026-02-02,9,60,9,0,1,8,0,0,0
287,2026-02-03,12,72,9,3,3,6,2,0,1
287,2026-02-04,15,87,7,8,4,2,5,1,3
287,2026-02-05,12,99,10,2,2,5,1,3,1
287,2026-02-06,12,111,10,2,7,2,1,1,1
287,2026-02-07,12,123,8,4,2,6,3,0,1
287,2026-02-08,12,135,11,1,2,6,1,3,0
287,2026-02-09,14,149,12,2,1,8,2,3,0
287,2026-02-10,16,165,14,2,4,10,1,0,1
288,2026-01-14,0,0,0,0,0,0,0,0,0
288,2026-01-15,0,0,0,0,0,0,0,0,0
288,2026-01-16,0,0,0,0,0,0,0,0,0
288,2026-01-17,0,0,0,0,0,0,0,0,0
288,2026-01-18,0,0,0,0,0,0,0,0,0
288,2026-01-19,0,0,0,0,0,0,0,0,0
288,2026-01-20,0,0,0,0,0,0,0,0,0
288,2026-01-21,0,0,0,0,0,0,0,0,0
288,2026-01-22,0,0,0,0,0,0,0,0,0
288,2026-01-23,0,0,0,0,0,0,0,0,0
288,2026-01-24,0,0,0,0,0,0,0,0,0
288,2026-01-25,7,7,6,1,3,2,0,1,1
288,2026-01-26,8,15,7,1,1,6,1,0,0
288,2026-01-27,2,17,2,0,0,2,0,0,0
288,2026-01-28,4,21,3,1,1,2,0,0,1
288,2026-01-29,1,22,1,0,0,1,0,0,0
288,2026-01-30,5,27,3,2,2,1,1,0,1
288,2026-01-31,5,32,5,0,2,3,0,0,0
288,2026-02-01,4,36,4,0,1,3,0,0,0
288,2026-02-02,6,42,6,0,0,3,0,3,0
288,2026-02-03,6,48,5,1,3,2,1,0,0
288,2026-02-04,2,50,2,0,1,1,0,0,0
288,2026-02-05,5,55,4,1,1,3,1,0,0
288,2026-02-06,5,60,5,0,0,4,0,1,0
288,2026-02-07,7,67,7,0,1,6,0,0,0
288,2026-02-08,8,75,7,1,1,5,1,1,0
288,2026-02-09,7,82,5,2,1,4,2,0,0
288,2026-02-10,3,85,2,1,0,2,1,0,0
289,2026-01-14,0,0,0,0,0,0,0,0,0
289,2026-01-15,0,0,0,0,0,0,0,0,0
289,2026-01-16,0,0,0,0,0,0,0,0,0
289,2026-01-17,0,0,0,0,0,0,0,0,0
289,2026-01-18,0,0,0,0,0,0,0,0,0
289,2026-01-19,0,0,0,0,0,0,0,0,0
289,2026-01-20,0,0,0,0,0,0,0,0,0
289,2026-01-21,0,0,0,0,0,0,0,0,0
289,2026-01-22,0,0,0,0,0,0,0,0,0
289,2026-01-23,0,0,0,0,0,0,0,0,0
289,2026-01-24,0,0,0,0,0,0,0,0,0
289,2026-01-25,11,11,10,1,1,8,1,1,0
289,2026-01-26,2,13,2,0,1,1,0,0,0
289,2026-01-27,0,13,0,0,0,0,0,0,0
289,2026-01-28,3,16,3,0,0,3,0,0,0
289,2026-01-29,7,23,7,0,3,4,0,0,0
289,2026-01-30,4,27,3,1,0,3,1,0,0
289,2026-01-31,5,32,4,1,0,3,0,1,1
289,2026-02-01,3,35,3,0,0,3,0,0,0
289,2026-02-02,7,42,6,1,4,1,1,1,0
289,2026-02-03,2,44,2,0,1,1,0,0,0
289,2026-02-04,9,53,8,1,1,7,1,0,0
289,2026-02-05,4,57,4,0,1,2,0,1,0
289,2026-02-06,7,64,5,2,1,2,2,2,0
289,2026-02-07,8,72,7,1,2,4,1,1,0
289,2026-02-08,5,77,1,4,0,1,1,0,3
289,2026-02-09,5,82,4,1,2,2,1,0,0
289,2026-02-10,12,94,10,2,3,7,1,0,1
290,2026-01-14,0,0,0,0,0,0,0,0,0
290,2026-01-15,0,0,0,0,0,0,0,0,0
290,2026-01-16,0,0,0,0,0,0,0,0,0
290,2026-01-17,0,0,0,0,0,0,0,0,0
290,2026-01-18,0,0,0,0,0,0,0,0,0
290,2026-01-19,0,0,0,0,0,0,0,0,0
290,2026-01-20,0,0,0,0,0,0,0,0,0
290,2026-01-21,0,0,0,0,0,0,0,0,0
290,2026-01-22,0,0,0,0,0,0,0,0,0
290,2026-01-23,0,0,0,0,0,0,0,0,0
290,2026-01-24,0,0,0,0,0,0,0,0,0
290,2026-01-25,9,9,7,2,2,4,2,1,0
290,2026-01-26,7,16,6,1,3,2,1,1,0
290,2026-01-27,1,17,0,1,0,0,0,0,1
290,2026-01-28,3,20,3,0,1,2,0,0,0
290,2026-01-29,5,25,5,0,1,4,0,0,0
290,2026-01-30,4,29,3,1,1,2,1,0,0
290,2026-01-31,8,37,5,3,1,2,0,2,3
290,2026-02-01,4,41,1,3,1,0,2,0,1
290,2026-02-02,6,47,4,2,1,3,2,0,0
290,2026-02-03,7,54,5,2,2,3,1,0,1
290,2026-02-04,3,57,3,0,1,2,0,0,0
290,2026-02-05,8,65,6,2,2,4,1,0,1
290,2026-02-06,5,70,3,2,2,1,2,0,0
290,2026-02-07,12,82,7,5,1,6,3,0,2
290,2026-02-08,11,93,9,2,6,3,2,0,0
290,2026-02-09,11,104,7,4,2,4,3,1,1
290,2026-02-10,9,113,7,2,1,4,2,2,0
291,2026-01-14,0,0,0,0,0,0,0,0,0
291,2026-01-15,0,0,0,0,0,0,0,0,0
291,2026-01-16,0,0,0,0,0,0,0,0,0
291,2026-01-17,0,0,0,0,0,0,0,0,0
291,2026-01-18,0,0,0,0,0,0,0,0,0
291,2026-01-19,0,0,0,0,0,0,0,0,0
291,2026-01-20,0,0,0,0,0,0,0,0,0
291,2026-01-21,0,0,0,0,0,0,0,0,0
291,2026-01-22,0,0,0,0,0,0,0,0,0
291,2026-01-23,0,0,0,0,0,0,0,0,0
291,2026-01-24,0,0,0,0,0,0,0,0,0
291,2026-01-25,8,8,4,4,1,2,3,1,1
291,2026-01-26,5,13,4,1,0,4,0,0,1
291,2026-01-27,4,17,3,1,1,2,1,0,0
291,2026-01-28,7,24,7,0,1,6,0,0,0
291,2026-01-29,6,30,4,2,1,2,2,1,0
291,2026-01-30,7,37,5,2,0,5,1,0,1
291,2026-01-31,8,45,6,2,0,2,1,4,1
291,2026-02-01,10,55,8,2,0,8,1,0,1
291,2026-02-02,4,59,2,2,1,1,1,0,1
291,2026-02-03,13,72,11,2,3,8,2,0,0
291,2026-02-04,8,80,3,5,2,0,4,1,1
291,2026-02-05,17,97,15,2,2,12,1,1,1
291,2026-02-06,11,108,8,3,2,6,2,0,1
291,2026-02-07,10,118,7,3,4,2,2,1,1
291,2026-02-08,9,127,9,0,0,7,0,2,0
291,2026-02-09,6,133,6,0,1,4,0,1,0
291,2026-02-10,13,146,8,5,0,7,4,1,1
292,2026-01-14,0,0,0,0,0,0,0,0,0
292,2026-01-15,0,0,0,0,0,0,0,0,0
292,2026-01-16,0,0,0,0,0,0,0,0,0
292,2026-01-17,0,0,0,0,0,0,0,0,0
292,2026-01-18,0,0,0,0,0,0,0,0,0
292,2026-01-19,0,0,0,0,0,0,0,0,0
292,2026-01-20,0,0,0,0,0,0,0,0,0
292,2026-01-21,0,0,0,0,0,0,0,0,0
292,2026-01-22,0,0,0,0,0,0,0,0,0
292,2026-01-23,0,0,0,0,0,0,0,0,0
292,2026-01-24,0,0,0,0,0,0,0,0,0
292,2026-01-25,5,5,3,2,1,2,0,0,2
292,2026-01-26,4,9,4,0,0,4,0,0,0
292,2026-01-27,2,11,2,0,0,2,0,0,0
292,2026-01-28,3,14,3,0,1,2,0,0,0
292,2026-01-29,3,17,2,1,0,2,1,0,0
292,2026-01-30,3,20,3,0,0,2,0,1,0
292,2026-01-31,2,22,2,0,2,0,0,0,0
292,2026-02-01,4,26,3,1,1,1,0,1,1
292,2026-02-02,6,32,4,2,1,2,1,1,1
292,2026-02-03,6,38,4,2,1,2,1,1,1
292,2026-02-04,7,45,6,1,2,2,1,2,0
292,2026-02-05,2,47,1,1,0,1,1,0,0
292,2026-02-06,5,52,4,1,1,3,0,0,1
292,2026-02-07,9,61,8,1,1,7,1,0,0
292,2026-02-08,6,67,4,2,1,3,2,0,0
292,2026-02-09,8,75,6,2,3,1,1,2,1
292,2026-02-10,5,80,4,1,0,3,1,1,0
293,2026-01-14,0,0,0,0,0,0,0,0,0
293,2026-01-15,0,0,0,0,0,0,0,0,0
293,2026-01-16,0,0,0,0,0,0,0,0,0
293,2026-01-17,0,0,0,0,0,0,0,0,0
293,2026-01-18,0,0,0,0,0,0,0,0,0
293,2026-01-19,0,0,0,0,0,0,0,0,0
293,2026-01-20,0,0,0,0,0,0,0,0,0
293,2026-01-21,0,0,0,0,0,0,0,0,0
293,2026-01-22,0,0,0,0,0,0,0,0,0
293,2026-01-23,0,0,0,0,0,0,0,0,0
293,2026-01-24,0,0,0,0,0,0,0,0,0
293,2026-01-25,12,12,12,0,3,7,0,2,0
293,2026-01-26,3,15,2,1,0,2,1,0,0
293,2026-01-27,5,20,4,1,0,4,1,0,0
293,2026-01-28,3,23,2,1,0,2,0,0,1
293,2026-01-29,2,25,2,0,0,2,0,0,0
293,2026-01-30,5,30,5,0,3,2,0,0,0
293,2026-01-31,3,33,3,0,0,3,0,0,0
293,2026-02-01,6,39,6,0,3,3,0,0,0
293,2026-02-02,4,43,4,0,1,2,0,1,0
293,2026-02-03,5,48,4,1,1,3,1,0,0
293,2026-02-04,7,55,5,2,1,3,2,1,0
293,2026-02-05,3,58,3,0,0,3,0,0,0
293,2026-02-06,4,62,4,0,1,3,0,0,0
293,2026-02-07,6,68,6,0,5,1,0,0,0
293,2026-02-08,1,69,0,1,0,0,0,0,1
293,2026-02-09,6,75,6,0,2,2,0,2,0
293,2026-02-10,10,85,7,3,2,4,3,1,0
294,2026-01-14,0,0,0,0,0,0,0,0,0
294,2026-01-15,0,0,0,0,0,0,0,0,0
294,2026-01-16,0,0,0,0,0,0,0,0,0
294,2026-01-17,0,0,0,0,0,0,0,0,0
294,2026-01-18,0,0,0,0,0,0,0,0,0
294,2026-01-19,0,0,0,0,0,0,0,0,0
294,2026-01-20,0,0,0,0,0,0,0,0,0
294,2026-01-21,0,0,0,0,0,0,0,0,0
294,2026-01-22,0,0,0,0,0,0,0,0,0
294,2026-01-23,0,0,0,0,0,0,0,0,0
294,2026-01-24,0,0,0,0,0,0,0,0,0
294,2026-01-25,5,5,4,1,1,3,1,0,0
294,2026-01-26,7,12,6,1,1,4,1,1,0
294,2026-01-27,1,13,1,0,0,1,0,0,0
294,2026-01-28,5,18,4,1,0,4,1,0,0
294,2026-01-29,5,23,5,0,2,3,0,0,0
294,2026-01-30,3,26,2,1,1,1,1,0,0
294,2026-01-31,2,28,2,0,0,0,0,2,0
294,2026-02-01,5,33,5,0,2,3,0,0,0
294,2026-02-02,6,39,5,1,1,4,1,0,0
294,2026-02-03,12,51,9,3,2,7,2,0,1
294,2026-02-04,7,58,7,0,3,3,0,1,0
294,2026-02-05,2,60,2,0,0,2,0,0,0
294,2026-02-06,3,63,1,2,0,1,1,0,1
294,2026-02-07,7,70,6,1,1,5,1,0,0
294,2026-02-08,7,77,6,1,2,3,0,1,1
294,2026-02-09,7,84,5,2,1,2,2,2,0
294,2026-02-10,1,85,1,0,0,1,0,0,0
295,2026-01-14,0,0,0,0,0,0,0,0,0
295,2026-01-15,0,0,0,0,0,0,0,0,0
295,2026-01-16,0,0,0,0,0,0,0,0,0
295,2026-01-17,0,0,0,0,0,0,0,0,0
295,2026-01-18,0,0,0,0,0,0,0,0,0
295,2026-01-19,0,0,0,0,0,0,0,0,0
295,2026-01-20,0,0,0,0,0,0,0,0,0
295,2026-01-21,0,0,0,0,0,0,0,0,0
295,2026-01-22,0,0,0,0,0,0,0,0,0
295,2026-01-23,0,0,0,0,0,0,0,0,0
295,2026-01-24,0,0,0,0,0,0,0,0,0
295,2026-01-25,2,2,2,0,0,2,0,0,0
295,2026-01-26,3,5,3,0,0,2,0,1,0
295,2026-01-27,2,7,2,0,0,1,0,1,0
295,2026-01-28,4,11,4,0,0,3,0,1,0
295,2026-01-29,2,13,1,1,1,0,1,0,0
295,2026-01-30,3,16,3,0,1,1,0,1,0
295,2026-01-31,7,23,5,2,2,2,2,1,0
295,2026-02-01,4,27,1,3,0,1,3,0,0
295,2026-02-02,2,29,2,0,2,0,0,0,0
295,2026-02-03,9,38,8,1,4,4,1,0,0
295,2026-02-04,4,42,4,0,2,2,0,0,0
295,2026-02-05,7,49,7,0,3,3,0,1,0
295,2026-02-06,6,55,5,1,1,2,1,2,0
295,2026-02-07,6,61,5,1,1,4,1,0,0
295,2026-02-08,3,64,2,1,0,2,0,0,1
295,2026-02-09,6,70,4,2,2,2,2,0,0
295,2026-02-10,8,78,7,1,1,5,0,1,1
296,2026-01-14,0,0,0,0,0,0,0,0,0
296,2026-01-15,0,0,0,0,0,0,0,0,0
296,2026-01-16,0,0,0,0,0,0,0,0,0
296,2026-01-17,0,0,0,0,0,0,0,0,0
296,2026-01-18,0,0,0,0,0,0,0,0,0
296,2026-01-19,0,0,0,0,0,0,0,0,0
296,2026-01-20,0,0,0,0,0,0,0,0,0
296,2026-01-21,0,0,0,0,0,0,0,0,0
296,2026-01-22,0,0,0,0,0,0,0,0,0
296,2026-01-23,0,0,0,0,0,0,0,0,0
296,2026-01-24,0,0,0,0,0,0,0,0,0
296,2026-01-25,10,10,6,4,1,4,2,1,2
296,2026-01-26,3,13,3,0,1,2,0,0,0
296,2026-01-27,3,16,2,1,0,2,1,0,0
296,2026-01-28,4,20,4,0,2,2,0,0,0
296,2026-01-29,4,24,3,1,1,2,1,0,0
296,2026-01-30,7,31,7,0,1,5,0,1,0
296,2026-01-31,5,36,3,2,2,1,2,0,0
296,2026-02-01,8,44,5,3,3,2,3,0,0
296,2026-02-02,8,52,5,3,1,4,3,0,0
296,2026-02-03,12,64,6,6,3,3,4,0,2
296,2026-02-04,9,73,8,1,2,4,1,2,0
296,2026-02-05,7,80,5,2,2,2,2,1,0
296,2026-02-06,10,90,8,2,4,2,1,2,1
296,2026-02-07,12,102,8,4,3,4,3,1,1
296,2026-02-08,13,115,10,3,3,5,1,2,2
296,2026-02-09,7,122,7,0,2,3,0,2,0
296,2026-02-10,12,134,9,3,3,6,3,0,0
297,2026-01-14,0,0,0,0,0,0,0,0,0
297,2026-01-15,0,0,0,0,0,0,0,0,0
297,2026-01-16,0,0,0,0,0,0,0,0,0
297,2026-01-17,0,0,0,0,0,0,0,0,0
297,2026-01-18,0,0,0,0,0,0,0,0,0
297,2026-01-19,0,0,0,0,0,0,0,0,0
297,2026-01-20,0,0,0,0,0,0,0,0,0
297,2026-01-21,0,0,0,0,0,0,0,0,0
297,2026-01-22,0,0,0,0,0,0,0,0,0
297,2026-01-23,0,0,0,0,0,0,0,0,0
297,2026-01-24,0,0,0,0,0,0,0,0,0
297,2026-01-25,4,4,3,1,0,3,1,0,0
297,2026-01-26,1,5,1,0,0,1,0,0,0
297,2026-01-27,3,8,3,0,1,2,0,0,0
297,2026-01-28,4,12,4,0,1,3,0,0,0
297,2026-01-29,6,18,5,1,2,3,1,0,0
297,2026-01-30,2,20,1,1,0,1,1,0,0
297,2026-01-31,6,26,5,1,1,4,1,0,0
297,2026-02-01,4,30,4,0,1,2,0,1,0
297,2026-02-02,3,33,3,0,0,3,0,0,0
297,2026-02-03,4,37,2,2,0,2,2,0,0
297,2026-02-04,2,39,2,0,0,2,0,0,0
297,2026-02-05,4,43,4,0,2,2,0,0,0
297,2026-02-06,8,51,8,0,3,5,0,0,0
297,2026-02-07,2,53,1,1,1,0,1,0,0
297,2026-02-08,6,59,5,1,0,4,1,1,0
297,2026-02-09,3,62,2,1,1,1,0,0,1
297,2026-02-10,8,70,8,0,1,6,0,1,0
298,2026-01-14,0,0,0,0,0,0,0,0,0
298,2026-01-15,0,0,0,0,0,0,0,0,0
298,2026-01-16,0,0,0,0,0,0,0,0,0
298,2026-01-17,0,0,0,0,0,0,0,0,0
298,2026-01-18,0,0,0,0,0,0,0,0,0
298,2026-01-19,0,0,0,0,0,0,0,0,0
298,2026-01-20,0,0,0,0,0,0,0,0,0
298,2026-01-21,0,0,0,0,0,0,0,0,0
298,2026-01-22,0,0,0,0,0,0,0,0,0
298,2026-01-23,0,0,0,0,0,0,0,0,0
298,2026-01-24,0,0,0,0,0,0,0,0,0
298,2026-01-25,5,5,4,1,3,1,1,0,0
298,2026-01-26,6,11,4,2,2,2,1,0,1
298,2026-01-27,3,14,2,1,0,1,0,1,1
298,2026-01-28,3,17,1,2,0,1,2,0,0
298,2026-01-29,6,23,6,0,0,5,0,1,0
298,2026-01-30,3,26,2,1,2,0,1,0,0
298,2026-01-31,7,33,6,1,1,5,1,0,0
298,2026-02-01,8,41,6,2,1,5,1,0,1
298,2026-02-02,5,46,3,2,2,1,2,0,0
298,2026-02-03,6,52,5,1,1,4,0,0,1
298,2026-02-04,4,56,4,0,2,2,0,0,0
298,2026-02-05,6,62,6,0,2,4,0,0,0
298,2026-02-06,13,75,11,2,1,10,2,0,0
298,2026-02-07,9,84,8,1,0,8,0,0,1
298,2026-02-08,12,96,10,2,4,6,1,0,1
298,2026-02-09,13,109,11,2,2,7,2,2,0
298,2026-02-10,11,120,10,1,1,9,1,0,0
299,2026-01-14,0,0,0,0,0,0,0,0,0
299,2026-01-15,0,0,0,0,0,0,0,0,0
299,2026-01-16,0,0,0,0,0,0,0,0,0
299,2026-01-17,0,0,0,0,0,0,0,0,0
299,2026-01-18,0,0,0,0,0,0,0,0,0
299,2026-01-19,0,0,0,0,0,0,0,0,0
299,2026-01-20,0,0,0,0,0,0,0,0,0
299,2026-01-21,0,0,0,0,0,0,0,0,0
299,2026-01-22,0,0,0,0,0,0,0,0,0
299,2026-01-23,0,0,0,0,0,0,0,0,0
299,2026-01-24,0,0,0,0,0,0,0,0,0
299,2026-01-25,6,6,6,0,3,2,0,1,0
299,2026-01-26,6,12,5,1,1,2,1,2,0
299,2026-01-27,4,16,2,2,0,2,2,0,0
299,2026-01-28,3,19,3,0,1,2,0,0,0
299,2026-01-29,7,26,6,1,1,5,1,0,0
299,2026-01-30,4,30,4,0,2,2,0,0,0
299,2026-01-31,7,37,5,2,0,5,1,0,1
299,2026-02-01,3,40,2,1,0,2,1,0,0
299,2026-02-02,6,46,6,0,2,4,0,0,0
299,2026-02-03,12,58,11,1,5,6,1,0,0
299,2026-02-04,7,65,5,2,1,4,1,0,1
299,2026-02-05,6,71,6,0,3,3,0,0,0
299,2026-02-06,12,83,11,1,1,8,1,2,0
299,2026-02-07,8,91,8,0,3,5,0,0,0
299,2026-02-08,7,98,4,3,1,2,2,1,1
299,2026-02-09,8,106,5,3,0,4,1,1,2
299,2026-02-10,14,120,13,1,3,8,1,2,0
300,2026-01-14,0,0,0,0,0,0,0,0,0
300,2026-01-15,0,0,0,0,0,0,0,0,0
300,2026-01-16,0,0,0,0,0,0,0,0,0
300,2026-01-17,0,0,0,0,0,0,0,0,0
300,2026-01-18,0,0,0,0,0,0,0,0,0
300,2026-01-19,0,0,0,0,0,0,0,0,0
300,2026-01-20,0,0,0,0,0,0,0,0,0
300,2026-01-21,0,0,0,0,0,0,0,0,0
300,2026-01-22,0,0,0,0,0,0,0,0,0
300,2026-01-23,0,0,0,0,0,0,0,0,0
300,2026-01-24,0,0,0,0,0,0,0,0,0
300,2026-01-25,4,4,4,0,2,2,0,0,0
300,2026-01-26,2,6,2,0,1,1,0,0,0
300,2026-01-27,3,9,2,1,0,2,0,0,1
300,2026-01-28,2,11,2,0,0,1,0,1,0
300,2026-01-29,3,14,2,1,1,1,0,0,1
300,2026-01-30,3,17,3,0,1,2,0,0,0
300,2026-01-31,6,23,5,1,1,3,1,1,0
300,2026-02-01,2,25,2,0,0,2,0,0,0
300,2026-02-02,1,26,1,0,0,1,0,0,0
300,2026-02-03,3,29,2,1,0,2,1,0,0
300,2026-02-04,6,35,4,2,0,3,2,1,0
300,2026-02-05,5,40,4,1,1,3,1,0,0
300,2026-02-06,3,43,3,0,0,2,0,1,0
300,2026-02-07,6,49,5,1,2,3,1,0,0
300,2026-02-08,8,57,6,2,1,4,2,1,0
300,2026-02-09,4,61,3,1,0,1,1,2,0
300,2026-02-10,5,66,4,1,1,3,1,0,0
301,2026-01-14,0,0,0,0,0,0,0,0,0
301,2026-01-15,0,0,0,0,0,0,0,0,0
301,2026-01-16,0,0,0,0,0,0,0,0,0
301,2026-01-17,0,0,0,0,0,0,0,0,0
301,2026-01-18,0,0,0,0,0,0,0,0,0
301,2026-01-19,0,0,0,0,0,0,0,0,0
301,2026-01-20,0,0,0,0,0,0,0,0,0
301,2026-01-21,0,0,0,0,0,0,0,0,0
301,2026-01-22,0,0,0,0,0,0,0,0,0
301,2026-01-23,0,0,0,0,0,0,0,0,0
301,2026-01-24,0,0,0,0,0,0,0,0,0
301,2026-01-25,6,6,6,0,2,2,0,2,0
301,2026-01-26,1,7,1,0,0,1,0,0,0
301,2026-01-27,1,8,1,0,1,0,0,0,0
301,2026-01-28,3,11,2,1,0,2,1,0,0
301,2026-01-29,4,15,4,0,0,3,0,1,0
301,2026-01-30,4,19,4,0,2,2,0,0,0
301,2026-01-31,4,23,2,2,1,1,1,0,1
301,2026-02-01,8,31,6,2,2,4,2,0,0
301,2026-02-02,6,37,6,0,1,5,0,0,0
301,2026-02-03,4,41,3,1,0,2,1,1,0
301,2026-02-04,7,48,7,0,2,5,0,0,0
301,2026-02-05,3,51,2,1,1,0,1,1,0
301,2026-02-06,7,58,6,1,2,4,1,0,0
301,2026-02-07,5,63,5,0,2,3,0,0,0
301,2026-02-08,7,70,7,0,2,4,0,1,0
301,2026-02-09,8,78,8,0,2,6,0,0,0
301,2026-02-10,8,86,5,3,1,4,3,0,0
302,2026-01-14,0,0,0,0,0,0,0,0,0
302,2026-01-15,0,0,0,0,0,0,0,0,0
302,2026-01-16,0,0,0,0,0,0,0,0,0
302,2026-01-17,0,0,0,0,0,0,0,0,0
302,2026-01-18,0,0,0,0,0,0,0,0,0
302,2026-01-19,0,0,0,0,0,0,0,0,0
302,2026-01-20,0,0,0,0,0,0,0,0,0
302,2026-01-21,0,0,0,0,0,0,0,0,0
302,2026-01-22,0,0,0,0,0,0,0,0,0
302,2026-01-23,0,0,0,0,0,0,0,0,0
302,2026-01-24,0,0,0,0,0,0,0,0,0
302,2026-01-25,2,2,2,0,0,1,0,1,0
302,2026-01-26,4,6,1,3,0,1,1,0,2
302,2026-01-27,3,9,1,2,0,0,2,1,0
302,2026-01-28,1,10,1,0,0,0,0,1,0
302,2026-01-29,2,12,1,1,1,0,1,0,0
302,2026-01-30,5,17,3,2,0,3,2,0,0
302,2026-01-31,2,19,2,0,0,1,0,1,0
302,2026-02-01,5,24,2,3,0,2,3,0,0
302,2026-02-02,4,28,3,1,0,3,1,0,0
302,2026-02-03,4,32,4,0,0,2,0,2,0
302,2026-02-04,5,37,2,3,1,1,2,0,1
302,2026-02-05,6,43,5,1,1,4,1,0,0
302,2026-02-06,11,54,8,3,3,4,2,1,1
302,2026-02-07,4,58,3,1,0,3,1,0,0
302,2026-02-08,7,65,5,2,2,1,2,2,0
302,2026-02-09,4,69,3,1,0,2,1,1,0
302,2026-02-10,8,77,6,2,1,4,2,1,0
303,2026-01-14,0,0,0,0,0,0,0,0,0
303,2026-01-15,0,0,0,0,0,0,0,0,0
303,2026-01-16,0,0,0,0,0,0,0,0,0
303,2026-01-17,0,0,0,0,0,0,0,0,0
303,2026-01-18,0,0,0,0,0,0,0,0,0
303,2026-01-19,0,0,0,0,0,0,0,0,0
303,2026-01-20,0,0,0,0,0,0,0,0,0
303,2026-01-21,0,0,0,0,0,0,0,0,0
303,2026-01-22,0,0,0,0,0,0,0,0,0
303,2026-01-23,0,0,0,0,0,0,0,0,0
303,2026-01-24,0,0,0,0,0,0,0,0,0
303,2026-01-25,8,8,6,2,2,4,2,0,0
303,2026-01-26,3,11,2,1,0,2,1,0,0
303,2026-01-27,4,15,3,1,1,1,1,1,0
303,2026-01-28,4,19,1,3,1,0,3,0,0
303,2026-01-29,8,27,7,1,2,4,0,1,1
303,2026-01-30,4,31,3,1,1,2,1,0,0
303,2026-01-31,2,33,2,0,0,2,0,0,0
303,2026-02-01,10,43,8,2,0,6,2,2,0
303,2026-02-02,11,54,8,3,2,5,3,1,0
303,2026-02-03,5,59,5,0,1,4,0,0,0
303,2026-02-04,11,70,9,2,2,5,1,2,1
303,2026-02-05,12,82,8,4,0,6,3,2,1
303,2026-02-06,11,93,8,3,3,5,3,0,0
303,2026-02-07,9,102,4,5,1,2,5,1,0
303,2026-02-08,13,115,9,4,3,5,3,1,1
303,2026-02-09,10,125,7,3,3,4,2,0,1
303,2026-02-10,12,137,10,2,2,7,2,1,0
304,2026-01-14,0,0,0,0,0,0,0,0,0
304,2026-01-15,0,0,0,0,0,0,0,0,0
304,2026-01-16,0,0,0,0,0,0,0,0,0
304,2026-01-17,0,0,0,0,0,0,0,0,0
304,2026-01-18,0,0,0,0,0,0,0,0,0
304,2026-01-19,0,0,0,0,0,0,0,0,0
304,2026-01-20,0,0,0,0,0,0,0,0,0
304,2026-01-21,0,0,0,0,0,0,0,0,0
304,2026-01-22,0,0,0,0,0,0,0,0,0
304,2026-01-23,0,0,0,0,0,0,0,0,0
304,2026-01-24,0,0,0,0,0,0,0,0,0
304,2026-01-25,5,5,4,1,0,4,1,0,0
304,2026-01-26,4,9,4,0,1,3,0,0,0
304,2026-01-27,3,12,3,0,1,2,0,0,0
304,2026-01-28,5,17,5,0,1,3,0,1,0
304,2026-01-29,3,20,3,0,2,1,0,0,0
304,2026-01-30,7,27,6,1,1,3,1,2,0
304,2026-01-31,4,31,2,2,1,1,1,0,1
304,2026-02-01,4,35,2,2,0,2,2,0,0
304,2026-02-02,6,41,5,1,3,1,1,1,0
304,2026-02-03,6,47,5,1,1,4,1,0,0
304,2026-02-04,9,56,5,4,2,2,2,1,2
304,2026-02-05,6,62,6,0,2,4,0,0,0
304,2026-02-06,6,68,5,1,2,3,0,0,1
304,2026-02-07,7,75,5,2,3,1,2,1,0
304,2026-02-08,10,85,8,2,3,5,2,0,0
304,2026-02-09,9,94,9,0,3,6,0,0,0
304,2026-02-10,10,104,9,1,3,4,0,2,1
305,2026-01-14,0,0,0,0,0,0,0,0,0
305,2026-01-15,0,0,0,0,0,0,0,0,0
305,2026-01-16,0,0,0,0,0,0,0,0,0
305,2026-01-17,0,0,0,0,0,0,0,0,0
305,2026-01-18,0,0,0,0,0,0,0,0,0
305,2026-01-19,0,0,0,0,0,0,0,0,0
305,2026-01-20,0,0,0,0,0,0,0,0,0
305,2026-01-21,0,0,0,0,0,0,0,0,0
305,2026-01-22,0,0,0,0,0,0,0,0,0
305,2026-01-23,0,0,0,0,0,0,0,0,0
305,2026-01-24,0,0,0,0,0,0,0,0,0
305,2026-01-25,9,9,8,1,4,4,1,0,0
305,2026-01-26,6,15,5,1,1,2,0,2,1
305,2026-01-27,9,24,9,0,2,7,0,0,0
305,2026-01-28,5,29,5,0,2,3,0,0,0
305,2026-01-29,9,38,5,4,1,4,3,0,1
305,2026-01-30,14,52,10,4,1,6,3,3,1
305,2026-01-31,5,57,4,1,3,1,1,0,0
305,2026-02-01,12,69,7,5,2,5,5,0,0
305,2026-02-02,13,82,10,3,2,5,2,3,1
305,2026-02-03,19,101,17,2,3,13,2,1,0
305,2026-02-04,20,121,16,4,4,9,3,3,1
305,2026-02-05,22,143,18,4,8,8,3,2,1
305,2026-02-06,19,162,14,5,3,11,5,0,0
305,2026-02-07,12,174,10,2,2,5,2,3,0
305,2026-02-08,18,192,16,2,2,13,2,1,0
305,2026-02-09,18,210,11,7,2,8,5,1,2
305,2026-02-10,16,226,14,2,3,10,1,1,1
306,2026-01-14,0,0,0,0,0,0,0,0,0
306,2026-01-15,0,0,0,0,0,0,0,0,0
306,2026-01-16,0,0,0,0,0,0,0,0,0
306,2026-01-17,0,0,0,0,0,0,0,0,0
306,2026-01-18,0,0,0,0,0,0,0,0,0
306,2026-01-19,0,0,0,0,0,0,0,0,0
306,2026-01-20,0,0,0,0,0,0,0,0,0
306,2026-01-21,0,0,0,0,0,0,0,0,0
306,2026-01-22,0,0,0,0,0,0,0,0,0
306,2026-01-23,0,0,0,0,0,0,0,0,0
306,2026-01-24,0,0,0,0,0,0,0,0,0
306,2026-01-25,7,7,6,1,1,5,0,0,1
306,2026-01-26,6,13,5,1,1,2,1,2,0
306,2026-01-27,4,17,3,1,1,2,1,0,0
306,2026-01-28,3,20,3,0,0,3,0,0,0
306,2026-01-29,5,25,4,1,1,2,1,1,0
306,2026-01-30,7,32,3,4,1,1,4,1,0
306,2026-01-31,11,43,10,1,2,8,1,0,0
306,2026-02-01,13,56,9,4,4,4,1,1,3
306,2026-02-02,7,63,6,1,1,4,1,1,0
306,2026-02-03,7,70,6,1,1,5,0,0,1
306,2026-02-04,10,80,8,2,2,3,1,3,1
306,2026-02-05,11,91,9,2,2,6,2,1,0
306,2026-02-06,12,103,8,4,0,7,4,1,0
306,2026-02-07,11,114,8,3,3,5,3,0,0
306,2026-02-08,18,132,14,4,5,9,3,0,1
306,2026-02-09,15,147,13,2,7,3,1,3,1
306,2026-02-10,17,164,12,5,7,5,4,0,1
307,2026-01-14,0,0,0,0,0,0,0,0,0
307,2026-01-15,0,0,0,0,0,0,0,0,0
307,2026-01-16,0,0,0,0,0,0,0,0,0
307,2026-01-17,0,0,0,0,0,0,0,0,0
307,2026-01-18,0,0,0,0,0,0,0,0,0
307,2026-01-19,0,0,0,0,0,0,0,0,0
307,2026-01-20,0,0,0,0,0,0,0,0,0
307,2026-01-21,0,0,0,0,0,0,0,0,0
307,2026-01-22,0,0,0,0,0,0,0,0,0
307,2026-01-23,0,0,0,0,0,0,0,0,0
307,2026-01-24,0,0,0,0,0,0,0,0,0
307,2026-01-25,8,8,6,2,2,3,1,1,1
307,2026-01-26,5,13,5,0,0,5,0,0,0
307,2026-01-27,3,16,1,2,1,0,2,0,0
307,2026-01-28,4,20,2,2,2,0,2,0,0
307,2026-01-29,4,24,3,1,1,1,1,1,0
307,2026-01-30,7,31,6,1,2,3,1,1,0
307,2026-01-31,7,38,5,2,2,3,2,0,0
307,2026-02-01,1,39,1,0,0,1,0,0,0
307,2026-02-02,6,45,6,0,3,3,0,0,0
307,2026-02-03,12,57,8,4,1,7,4,0,0
307,2026-02-04,7,64,4,3,0,4,3,0,0
307,2026-02-05,6,70,5,1,2,2,1,1,0
307,2026-02-06,8,78,7,1,1,6,1,0,0
307,2026-02-07,11,89,8,3,1,5,2,2,1
307,2026-02-08,12,101,10,2,0,10,1,0,1
307,2026-02-09,9,110,7,2,3,4,2,0,0
307,2026-02-10,12,122,9,3,2,5,3,2,0
308,2026-01-14,0,0,0,0,0,0,0,0,0
308,2026-01-15,0,0,0,0,0,0,0,0,0
308,2026-01-16,0,0,0,0,0,0,0,0,0
308,2026-01-17,0,0,0,0,0,0,0,0,0
308,2026-01-18,0,0,0,0,0,0,0,0,0
308,2026-01-19,0,0,0,0,0,0,0,0,0
308,2026-01-20,0,0,0,0,0,0,0,0,0
308,2026-01-21,0,0,0,0,0,0,0,0,0
308,2026-01-22,0,0,0,0,0,0,0,0,0
308,2026-01-23,0,0,0,0,0,0,0,0,0
308,2026-01-24,0,0,0,0,0,0,0,0,0
308,2026-01-25,3,3,1,2,0,1,2,0,0
308,2026-01-26,6,9,5,1,0,5,1,0,0
308,2026-01-27,4,13,1,3,0,1,3,0,0
308,2026-01-28,1,14,1,0,0,0,0,1,0
308,2026-01-29,5,19,4,1,1,3,0,0,1
308,2026-01-30,9,28,6,3,1,5,3,0,0
308,2026-01-31,6,34,5,1,0,5,1,0,0
308,2026-02-01,5,39,3,2,2,1,0,0,2
308,2026-02-02,5,44,4,1,2,2,1,0,0
308,2026-02-03,10,54,10,0,2,8,0,0,0
308,2026-02-04,4,58,3,1,2,1,1,0,0
308,2026-02-05,16,74,13,3,4,8,3,1,0
308,2026-02-06,10,84,7,3,2,5,3,0,0
308,2026-02-07,9,93,6,3,0,5,3,1,0
308,2026-02-08,7,100,6,1,2,4,1,0,0
308,2026-02-09,10,110,4,6,2,1,5,1,1
308,2026-02-10,19,129,14,5,4,10,4,0,1
309,2026-01-14,0,0,0,0,0,0,0,0,0
309,2026-01-15,0,0,0,0,0,0,0,0,0
309,2026-01-16,0,0,0,0,0,0,0,0,0
309,2026-01-17,0,0,0,0,0,0,0,0,0
309,2026-01-18,0,0,0,0,0,0,0,0,0
309,2026-01-19,0,0,0,0,0,0,0,0,0
309,2026-01-20,0,0,0,0,0,0,0,0,0
309,2026-01-21,0,0,0,0,0,0,0,0,0
309,2026-01-22,0,0,0,0,0,0,0,0,0
309,2026-01-23,0,0,0,0,0,0,0,0,0
309,2026-01-24,0,0,0,0,0,0,0,0,0
309,2026-01-25,8,8,7,1,1,6,1,0,0
309,2026-01-26,2,10,1,1,0,1,1,0,0
309,2026-01-27,1,11,1,0,1,0,0,0,0
309,2026-01-28,2,13,2,0,1,1,0,0,0
309,2026-01-29,3,16,3,0,0,2,0,1,0
309,2026-01-30,3,19,2,1,0,1,1,1,0
309,2026-01-31,0,19,0,0,0,0,0,0,0
309,2026-02-01,5,24,4,1,1,3,1,0,0
309,2026-02-02,2,26,2,0,1,0,0,1,0
309,2026-02-03,2,28,2,0,1,1,0,0,0
309,2026-02-04,5,33,3,2,0,2,1,1,1
309,2026-02-05,2,35,2,0,0,2,0,0,0
309,2026-02-06,5,40,5,0,1,4,0,0,0
309,2026-02-07,7,47,5,2,3,1,1,1,1
309,2026-02-08,3,50,3,0,0,3,0,0,0
309,2026-02-09,8,58,8,0,2,6,0,0,0
309,2026-02-10,6,64,5,1,3,2,0,0,1
310,2026-01-14,0,0,0,0,0,0,0,0,0
310,2026-01-15,0,0,0,0,0,0,0,0,0
310,2026-01-16,0,0,0,0,0,0,0,0,0
310,2026-01-17,0,0,0,0,0,0,0,0,0
310,2026-01-18,0,0,0,0,0,0,0,0,0
310,2026-01-19,0,0,0,0,0,0,0,0,0
310,2026-01-20,0,0,0,0,0,0,0,0,0
310,2026-01-21,0,0,0,0,0,0,0,0,0
310,2026-01-22,0,0,0,0,0,0,0,0,0
310,2026-01-23,0,0,0,0,0,0,0,0,0
310,2026-01-24,0,0,0,0,0,0,0,0,0
310,2026-01-25,4,4,3,1,1,2,1,0,0
310,2026-01-26,3,7,2,1,0,2,1,0,0
310,2026-01-27,4,11,3,1,0,3,1,0,0
310,2026-01-28,2,13,2,0,0,2,0,0,0
310,2026-01-29,7,20,5,2,1,3,2,1,0
310,2026-01-30,8,28,6,2,2,3,2,1,0
310,2026-01-31,11,39,9,2,2,7,1,0,1
310,2026-02-01,10,49,6,4,2,3,3,1,1
310,2026-02-02,5,54,4,1,2,1,1,1,0
310,2026-02-03,11,65,8,3,2,5,2,1,1
310,2026-02-04,10,75,8,2,2,5,1,1,1
310,2026-02-05,17,92,12,5,2,10,2,0,3
310,2026-02-06,9,101,7,2,3,1,1,3,1
310,2026-02-07,11,112,8,3,1,6,3,1,0
310,2026-02-08,18,130,12,6,3,8,5,1,1
310,2026-02-09,18,148,12,6,1,9,6,2,0
310,2026-02-10,25,173,21,4,5,15,3,1,1
311,2026-01-14,0,0,0,0,0,0,0,0,0
311,2026-01-15,0,0,0,0,0,0,0,0,0
311,2026-01-16,0,0,0,0,0,0,0,0,0
311,2026-01-17,0,0,0,0,0,0,0,0,0
311,2026-01-18,0,0,0,0,0,0,0,0,0
311,2026-01-19,0,0,0,0,0,0,0,0,0
311,2026-01-20,0,0,0,0,0,0,0,0,0
311,2026-01-21,0,0,0,0,0,0,0,0,0
311,2026-01-22,0,0,0,0,0,0,0,0,0
311,2026-01-23,0,0,0,0,0,0,0,0,0
311,2026-01-24,0,0,0,0,0,0,0,0,0
311,2026-01-25,7,7,7,0,4,3,0,0,0
311,2026-01-26,3,10,2,1,0,2,1,0,0
311,2026-01-27,8,18,7,1,1,5,1,1,0
311,2026-01-28,7,25,3,4,1,1,3,1,1
311,2026-01-29,3,28,3,0,1,2,0,0,0
311,2026-01-30,6,34,3,3,2,0,2,1,1
311,2026-01-31,11,45,7,4,1,6,3,0,1
311,2026-02-01,15,60,12,3,5,5,3,2,0
311,2026-02-02,3,63,3,0,2,1,0,0,0
311,2026-02-03,10,73,9,1,3,5,1,1,0
311,2026-02-04,7,80,6,1,3,3,1,0,0
311,2026-02-05,10,90,6,4,0,6,4,0,0
311,2026-02-06,13,103,9,4,5,4,3,0,1
311,2026-02-07,18,121,14,4,4,9,2,1,2
311,2026-02-08,17,138,14,3,4,9,3,1,0
311,2026-02-09,7,145,6,1,2,2,0,2,1
311,2026-02-10,9,154,6,3,2,3,3,1,0
312,2026-01-14,0,0,0,0,0,0,0,0,0
312,2026-01-15,0,0,0,0,0,0,0,0,0
312,2026-01-16,0,0,0,0,0,0,0,0,0
312,2026-01-17,0,0,0,0,0,0,0,0,0
312,2026-01-18,0,0,0,0,0,0,0,0,0
312,2026-01-19,0,0,0,0,0,0,0,0,0
312,2026-01-20,0,0,0,0,0,0,0,0,0
312,2026-01-21,0,0,0,0,0,0,0,0,0
312,2026-01-22,0,0,0,0,0,0,0,0,0
312,2026-01-23,0,0,0,0,0,0,0,0,0
312,2026-01-24,0,0,0,0,0,0,0,0,0
312,2026-01-25,6,6,4,2,0,3,2,1,0
312,2026-01-26,5,11,4,1,3,1,0,0,1
312,2026-01-27,5,16,3,2,0,2,1,1,1
312,2026-01-28,5,21,4,1,2,1,1,1,0
312,2026-01-29,5,26,3,2,1,1,2,1,0
312,2026-01-30,4,30,3,1,0,2,0,1,1
312,2026-01-31,4,34,2,2,0,2,1,0,1
312,2026-02-01,4,38,4,0,4,0,0,0,0
312,2026-02-02,7,45,6,1,1,5,0,0,1
312,2026-02-03,6,51,6,0,1,4,0,1,0
312,2026-02-04,3,54,3,0,1,2,0,0,0
312,2026-02-05,7,61,6,1,1,5,1,0,0
312,2026-02-06,13,74,10,3,2,7,2,1,1
312,2026-02-07,8,82,5,3,1,2,2,2,1
312,2026-02-08,8,90,6,2,1,3,2,2,0
312,2026-02-09,12,102,12,0,3,6,0,3,0
312,2026-02-10,14,116,10,4,1,7,4,2,0
313,2026-01-14,0,0,0,0,0,0,0,0,0
313,2026-01-15,0,0,0,0,0,0,0,0,0
313,2026-01-16,0,0,0,0,0,0,0,0,0
313,2026-01-17,0,0,0,0,0,0,0,0,0
313,2026-01-18,0,0,0,0,0,0,0,0,0
313,2026-01-19,0,0,0,0,0,0,0,0,0
313,2026-01-20,0,0,0,0,0,0,0,0,0
313,2026-01-21,0,0,0,0,0,0,0,0,0
313,2026-01-22,0,0,0,0,0,0,0,0,0
313,2026-01-23,0,0,0,0,0,0,0,0,0
313,2026-01-24,0,0,0,0,0,0,0,0,0
313,2026-01-25,7,7,5,2,2,3,1,0,1
313,2026-01-26,5,12,4,1,0,4,0,0,1
313,2026-01-27,6,18,5,1,2,2,1,1,0
313,2026-01-28,6,24,6,0,2,3,0,1,0
313,2026-01-29,5,29,5,0,1,3,0,1,0
313,2026-01-30,4,33,3,1,2,1,1,0,0
313,2026-01-31,9,42,6,3,2,3,1,1,2
313,2026-02-01,8,50,6,2,2,3,2,1,0
313,2026-02-02,8,58,5,3,1,4,1,0,2
313,2026-02-03,8,66,8,0,2,5,0,1,0
313,2026-02-04,7,73,5,2,0,5,1,0,1
313,2026-02-05,10,83,6,4,3,2,3,1,1
313,2026-02-06,12,95,10,2,2,5,1,3,1
313,2026-02-07,11,106,10,1,1,7,1,2,0
313,2026-02-08,10,116,7,3,1,5,2,1,1
313,2026-02-09,15,131,14,1,4,9,1,1,0
313,2026-02-10,11,142,10,1,3,7,0,0,1
314,2026-01-14,0,0,0,0,0,0,0,0,0
314,2026-01-15,0,0,0,0,0,0,0,0,0
314,2026-01-16,0,0,0,0,0,0,0,0,0
314,2026-01-17,0,0,0,0,0,0,0,0,0
314,2026-01-18,0,0,0,0,0,0,0,0,0
314,2026-01-19,0,0,0,0,0,0,0,0,0
314,2026-01-20,0,0,0,0,0,0,0,0,0
314,2026-01-21,0,0,0,0,0,0,0,0,0
314,2026-01-22,0,0,0,0,0,0,0,0,0
314,2026-01-23,0,0,0,0,0,0,0,0,0
314,2026-01-24,0,0,0,0,0,0,0,0,0
314,2026-01-25,3,3,3,0,1,2,0,0,0
314,2026-01-26,6,9,6,0,4,2,0,0,0
314,2026-01-27,2,11,2,0,0,2,0,0,0
314,2026-01-28,1,12,1,0,0,0,0,1,0
314,2026-01-29,3,15,2,1,1,0,1,1,0
314,2026-01-30,6,21,6,0,1,2,0,3,0
314,2026-01-31,3,24,3,0,1,2,0,0,0
314,2026-02-01,3,27,2,1,1,1,0,0,1
314,2026-02-02,3,30,3,0,1,2,0,0,0
314,2026-02-03,0,30,0,0,0,0,0,0,0
314,2026-02-04,2,32,2,0,0,2,0,0,0
314,2026-02-05,7,39,7,0,2,4,0,1,0
314,2026-02-06,6,45,4,2,1,3,2,0,0
314,2026-02-07,6,51,6,0,1,4,0,1,0
314,2026-02-08,2,53,2,0,1,1,0,0,0
314,2026-02-09,7,60,6,1,0,4,1,2,0
314,2026-02-10,6,66,5,1,3,2,1,0,0
315,2026-01-14,0,0,0,0,0,0,0,0,0
315,2026-01-15,0,0,0,0,0,0,0,0,0
315,2026-01-16,0,0,0,0,0,0,0,0,0
315,2026-01-17,0,0,0,0,0,0,0,0,0
315,2026-01-18,0,0,0,0,0,0,0,0,0
315,2026-01-19,0,0,0,0,0,0,0,0,0
315,2026-01-20,0,0,0,0,0,0,0,0,0
315,2026-01-21,0,0,0,0,0,0,0,0,0
315,2026-01-22,0,0,0,0,0,0,0,0,0
315,2026-01-23,0,0,0,0,0,0,0,0,0
315,2026-01-24,0,0,0,0,0,0,0,0,0
315,2026-01-25,7,7,6,1,3,3,1,0,0
315,2026-01-26,3,10,3,0,1,2,0,0,0
315,2026-01-27,2,12,1,1,0,1,0,0,1
315,2026-01-28,3,15,3,0,0,2,0,1,0
315,2026-01-29,5,20,5,0,1,4,0,0,0
315,2026-01-30,3,23,3,0,0,2,0,1,0
315,2026-01-31,1,24,1,0,0,0,0,1,0
315,2026-02-01,8,32,6,2,1,4,2,1,0
315,2026-02-02,3,35,2,1,0,1,0,1,1
315,2026-02-03,8,43,5,3,0,4,3,1,0
315,2026-02-04,3,46,2,1,1,1,1,0,0
315,2026-02-05,5,51,3,2,1,2,2,0,0
315,2026-02-06,4,55,3,1,1,2,1,0,0
315,2026-02-07,5,60,3,2,0,1,2,2,0
315,2026-02-08,10,70,9,1,2,6,0,1,1
315,2026-02-09,4,74,3,1,1,1,1,1,0
315,2026-02-10,6,80,6,0,1,3,0,2,0
316,2026-01-14,0,0,0,0,0,0,0,0,0
316,2026-01-15,0,0,0,0,0,0,0,0,0
316,2026-01-16,0,0,0,0,0,0,0,0,0
316,2026-01-17,0,0,0,0,0,0,0,0,0
316,2026-01-18,0,0,0,0,0,0,0,0,0
316,2026-01-19,0,0,0,0,0,0,0,0,0
316,2026-01-20,0,0,0,0,0,0,0,0,0
316,2026-01-21,0,0,0,0,0,0,0,0,0
316,2026-01-22,0,0,0,0,0,0,0,0,0
316,2026-01-23,0,0,0,0,0,0,0,0,0
316,2026-01-24,0,0,0,0,0,0,0,0,0
316,2026-01-25,4,4,4,0,1,3,0,0,0
316,2026-01-26,3,7,3,0,1,1,0,1,0
316,2026-01-27,5,12,5,0,0,4,0,1,0
316,2026-01-28,3,15,2,1,1,1,1,0,0
316,2026-01-29,5,20,4,1,3,1,1,0,0
316,2026-01-30,4,24,2,2,0,0,2,2,0
316,2026-01-31,6,30,5,1,1,3,1,1,0
316,2026-02-01,5,35,4,1,1,2,1,1,0
316,2026-02-02,5,40,3,2,2,1,2,0,0
316,2026-02-03,2,42,2,0,1,1,0,0,0
316,2026-02-04,9,51,8,1,1,7,0,0,1
316,2026-02-05,9,60,8,1,0,7,1,1,0
316,2026-02-06,8,68,6,2,0,5,1,1,1
316,2026-02-07,10,78,8,2,0,7,2,1,0
316,2026-02-08,9,87,7,2,3,4,2,0,0
316,2026-02-09,6,93,4,2,1,3,1,0,1
316,2026-02-10,11,104,8,3,2,6,2,0,1
317,2026-01-14,0,0,0,0,0,0,0,0,0
317,2026-01-15,0,0,0,0,0,0,0,0,0
317,2026-01-16,0,0,0,0,0,0,0,0,0
317,2026-01-17,0,0,0,0,0,0,0,0,0
317,2026-01-18,0,0,0,0,0,0,0,0,0
317,2026-01-19,0,0,0,0,0,0,0,0,0
317,2026-01-20,0,0,0,0,0,0,0,0,0
317,2026-01-21,0,0,0,0,0,0,0,0,0
317,2026-01-22,0,0,0,0,0,0,0,0,0
317,2026-01-23,0,0,0,0,0,0,0,0,0
317,2026-01-24,0,0,0,0,0,0,0,0,0
317,2026-01-25,5,5,5,0,1,4,0,0,0
317,2026-01-26,1,6,1,0,0,1,0,0,0
317,2026-01-27,1,7,1,0,0,1,0,0,0
317,2026-01-28,0,7,0,0,0,0,0,0,0
317,2026-01-29,3,10,3,0,0,3,0,0,0
317,2026-01-30,1,11,1,0,0,1,0,0,0
317,2026-01-31,1,12,1,0,1,0,0,0,0
317,2026-02-01,2,14,2,0,1,1,0,0,0
317,2026-02-02,2,16,2,0,0,2,0,0,0
317,2026-02-03,3,19,2,1,0,1,1,1,0
317,2026-02-04,3,22,3,0,0,3,0,0,0
317,2026-02-05,6,28,6,0,2,2,0,2,0
317,2026-02-06,7,35,7,0,2,5,0,0,0
317,2026-02-07,3,38,2,1,1,1,1,0,0
317,2026-02-08,3,41,3,0,0,2,0,1,0
317,2026-02-09,2,43,2,0,2,0,0,0,0
317,2026-02-10,2,45,2,0,1,1,0,0,0
318,2026-01-14,0,0,0,0,0,0,0,0,0
318,2026-01-15,0,0,0,0,0,0,0,0,0
318,2026-01-16,0,0,0,0,0,0,0,0,0
318,2026-01-17,0,0,0,0,0,0,0,0,0
318,2026-01-18,0,0,0,0,0,0,0,0,0
318,2026-01-19,0,0,0,0,0,0,0,0,0
318,2026-01-20,0,0,0,0,0,0,0,0,0
318,2026-01-21,0,0,0,0,0,0,0,0,0
318,2026-01-22,0,0,0,0,0,0,0,0,0
318,2026-01-23,0,0,0,0,0,0,0,0,0
318,2026-01-24,0,0,0,0,0,0,0,0,0
318,2026-01-25,4,4,4,0,1,3,0,0,0
318,2026-01-26,6,10,5,1,1,4,1,0,0
318,2026-01-27,2,12,1,1,1,0,1,0,0
318,2026-01-28,4,16,2,2,0,2,2,0,0
318,2026-01-29,5,21,3,2,2,1,0,0,2
318,2026-01-30,3,24,3,0,1,2,0,0,0
318,2026-01-31,1,25,1,0,0,0,0,1,0
318,2026-02-01,5,30,4,1,0,3,0,1,1
318,2026-02-02,10,40,7,3,3,3,2,1,1
318,2026-02-03,2,42,1,1,0,1,0,0,1
318,2026-02-04,10,52,8,2,2,6,1,0,1
318,2026-02-05,2,54,1,1,0,1,1,0,0
318,2026-02-06,5,59,3,2,1,2,2,0,0
318,2026-02-07,5,64,5,0,2,3,0,0,0
318,2026-02-08,6,70,6,0,3,3,0,0,0
318,2026-02-09,5,75,5,0,0,4,0,1,0
318,2026-02-10,7,82,5,2,2,3,2,0,0
319,2026-01-14,0,0,0,0,0,0,0,0,0
319,2026-01-15,0,0,0,0,0,0,0,0,0
319,2026-01-16,0,0,0,0,0,0,0,0,0
319,2026-01-17,0,0,0,0,0,0,0,0,0
319,2026-01-18,0,0,0,0,0,0,0,0,0
319,2026-01-19,0,0,0,0,0,0,0,0,0
319,2026-01-20,0,0,0,0,0,0,0,0,0
319,2026-01-21,0,0,0,0,0,0,0,0,0
319,2026-01-22,0,0,0,0,0,0,0,0,0
319,2026-01-23,0,0,0,0,0,0,0,0,0
319,2026-01-24,0,0,0,0,0,0,0,0,0
319,2026-01-25,4,4,4,0,1,3,0,0,0
319,2026-01-26,3,7,0,3,0,0,2,0,1
319,2026-01-27,7,14,6,1,4,1,1,1,0
319,2026-01-28,4,18,3,1,0,2,0,1,1
319,2026-01-29,5,23,5,0,0,5,0,0,0
319,2026-01-30,6,29,3,3,2,1,2,0,1
319,2026-01-31,4,33,3,1,3,0,1,0,0
319,2026-02-01,9,42,4,5,1,3,2,0,3
319,2026-02-02,1,43,1,0,1,0,0,0,0
319,2026-02-03,5,48,2,3,1,1,2,0,1
319,2026-02-04,6,54,5,1,4,0,1,1,0
319,2026-02-05,11,65,7,4,0,7,4,0,0
319,2026-02-06,3,68,3,0,1,2,0,0,0
319,2026-02-07,10,78,8,2,2,6,1,0,1
319,2026-02-08,6,84,6,0,3,3,0,0,0
319,2026-02-09,12,96,10,2,3,7,2,0,0
319,2026-02-10,12,108,7,5,2,4,5,1,0
320,2026-01-14,0,0,0,0,0,0,0,0,0
320,2026-01-15,0,0,0,0,0,0,0,0,0
320,2026-01-16,0,0,0,0,0,0,0,0,0
320,2026-01-17,0,0,0,0,0,0,0,0,0
320,2026-01-18,0,0,0,0,0,0,0,0,0
320,2026-01-19,0,0,0,0,0,0,0,0,0
320,2026-01-20,0,0,0,0,0,0,0,0,0
320,2026-01-21,0,0,0,0,0,0,0,0,0
320,2026-01-22,0,0,0,0,0,0,0,0,0
320,2026-01-23,0,0,0,0,0,0,0,0,0
320,2026-01-24,0,0,0,0,0,0,0,0,0
320,2026-01-25,4,4,4,0,0,4,0,0,0
320,2026-01-26,3,7,3,0,0,3,0,0,0
320,2026-01-27,1,8,0,1,0,0,1,0,0
320,2026-01-28,6,14,6,0,1,5,0,0,0
320,2026-01-29,4,18,4,0,1,3,0,0,0
320,2026-01-30,4,22,4,0,1,3,0,0,0
320,2026-01-31,3,25,3,0,2,1,0,0,0
320,2026-02-01,6,31,6,0,1,3,0,2,0
320,2026-02-02,0,31,0,0,0,0,0,0,0
320,2026-02-03,7,38,6,1,2,3,0,1,1
320,2026-02-04,5,43,5,0,1,2,0,2,0
320,2026-02-05,7,50,5,2,2,3,2,0,0
320,2026-02-06,9,59,5,4,1,4,4,0,0
320,2026-02-07,5,64,4,1,0,3,1,1,0
320,2026-02-08,2,66,2,0,1,1,0,0,0
320,2026-02-09,17,83,13,4,4,8,3,1,1
320,2026-02-10,5,88,4,1,0,3,0,1,1
321,2026-01-14,0,0,0,0,0,0,0,0,0
321,2026-01-15,0,0,0,0,0,0,0,0,0
321,2026-01-16,0,0,0,0,0,0,0,0,0
321,2026-01-17,0,0,0,0,0,0,0,0,0
321,2026-01-18,0,0,0,0,0,0,0,0,0
321,2026-01-19,0,0,0,0,0,0,0,0,0
321,2026-01-20,0,0,0,0,0,0,0,0,0
321,2026-01-21,0,0,0,0,0,0,0,0,0
321,2026-01-22,0,0,0,0,0,0,0,0,0
321,2026-01-23,0,0,0,0,0,0,0,0,0
321,2026-01-24,0,0,0,0,0,0,0,0,0
321,2026-01-25,6,6,5,1,1,3,0,1,1
321,2026-01-26,5,11,4,1,1,3,1,0,0
321,2026-01-27,2,13,1,1,0,1,1,0,0
321,2026-01-28,4,17,2,2,2,0,2,0,0
321,2026-01-29,3,20,0,3,0,0,3,0,0
321,2026-01-30,3,23,1,2,1,0,1,0,1
321,2026-01-31,1,24,1,0,0,1,0,0,0
321,2026-02-01,6,30,5,1,1,4,0,0,1
321,2026-02-02,8,38,8,0,1,6,0,1,0
321,2026-02-03,4,42,2,2,0,1,1,1,1
321,2026-02-04,3,45,2,1,0,2,1,0,0
321,2026-02-05,8,53,4,4,1,3,4,0,0
321,2026-02-06,6,59,1,5,0,1,4,0,1
321,2026-02-07,6,65,5,1,1,3,1,1,0
321,2026-02-08,7,72,7,0,5,2,0,0,0
321,2026-02-09,11,83,9,2,1,7,2,1,0
321,2026-02-10,9,92,9,0,2,7,0,0,0
322,2026-01-14,0,0,0,0,0,0,0,0,0
322,2026-01-15,0,0,0,0,0,0,0,0,0
322,2026-01-16,0,0,0,0,0,0,0,0,0
322,2026-01-17,0,0,0,0,0,0,0,0,0
322,2026-01-18,0,0,0,0,0,0,0,0,0
322,2026-01-19,0,0,0,0,0,0,0,0,0
322,2026-01-20,0,0,0,0,0,0,0,0,0
322,2026-01-21,0,0,0,0,0,0,0,0,0
322,2026-01-22,0,0,0,0,0,0,0,0,0
322,2026-01-23,0,0,0,0,0,0,0,0,0
322,2026-01-24,0,0,0,0,0,0,0,0,0
322,2026-01-25,9,9,9,0,3,6,0,0,0
322,2026-01-26,6,15,5,1,3,1,1,1,0
322,2026-01-27,4,19,4,0,2,2,0,0,0
322,2026-01-28,2,21,1,1,0,1,0,0,1
322,2026-01-29,8,29,4,4,1,3,4,0,0
322,2026-01-30,4,33,4,0,1,3,0,0,0
322,2026-01-31,5,38,4,1,0,3,1,1,0
322,2026-02-01,8,46,7,1,5,2,1,0,0
322,2026-02-02,8,54,7,1,2,5,1,0,0
322,2026-02-03,5,59,5,0,1,3,0,1,0
322,2026-02-04,8,67,7,1,2,5,0,0,1
322,2026-02-05,10,77,10,0,5,5,0,0,0
322,2026-02-06,14,91,12,2,5,6,1,1,1
322,2026-02-07,9,100,7,2,0,6,2,1,0
322,2026-02-08,9,109,5,4,0,3,4,2,0
322,2026-02-09,5,114,5,0,2,3,0,0,0
322,2026-02-10,12,126,10,2,2,8,1,0,1
323,2026-01-14,0,0,0,0,0,0,0,0,0
323,2026-01-15,0,0,0,0,0,0,0,0,0
323,2026-01-16,0,0,0,0,0,0,0,0,0
323,2026-01-17,0,0,0,0,0,0,0,0,0
323,2026-01-18,0,0,0,0,0,0,0,0,0
323,2026-01-19,0,0,0,0,0,0,0,0,0
323,2026-01-20,0,0,0,0,0,0,0,0,0
323,2026-01-21,0,0,0,0,0,0,0,0,0
323,2026-01-22,0,0,0,0,0,0,0,0,0
323,2026-01-23,0,0,0,0,0,0,0,0,0
323,2026-01-24,0,0,0,0,0,0,0,0,0
323,2026-01-25,2,2,0,2,0,0,1,0,1
323,2026-01-26,6,8,6,0,3,2,0,1,0
323,2026-01-27,2,10,1,1,0,1,1,0,0
323,2026-01-28,5,15,5,0,2,3,0,0,0
323,2026-01-29,1,16,1,0,0,1,0,0,0
323,2026-01-30,2,18,2,0,1,1,0,0,0
323,2026-01-31,7,25,5,2,0,3,1,2,1
323,2026-02-01,5,30,4,1,1,1,1,2,0
323,2026-02-02,3,33,3,0,2,1,0,0,0
323,2026-02-03,2,35,2,0,0,2,0,0,0
323,2026-02-04,6,41,4,2,1,1,2,2,0
323,2026-02-05,4,45,3,1,1,2,1,0,0
323,2026-02-06,4,49,4,0,2,1,0,1,0
323,2026-02-07,7,56,4,3,1,3,3,0,0
323,2026-02-08,9,65,7,2,0,5,2,2,0
323,2026-02-09,5,70,5,0,2,3,0,0,0
323,2026-02-10,6,76,5,1,1,4,0,0,1
324,2026-01-14,0,0,0,0,0,0,0,0,0
324,2026-01-15,0,0,0,0,0,0,0,0,0
324,2026-01-16,0,0,0,0,0,0,0,0,0
324,2026-01-17,0,0,0,0,0,0,0,0,0
324,2026-01-18,0,0,0,0,0,0,0,0,0
324,2026-01-19,0,0,0,0,0,0,0,0,0
324,2026-01-20,0,0,0,0,0,0,0,0,0
324,2026-01-21,0,0,0,0,0,0,0,0,0
324,2026-01-22,0,0,0,0,0,0,0,0,0
324,2026-01-23,0,0,0,0,0,0,0,0,0
324,2026-01-24,0,0,0,0,0,0,0,0,0
324,2026-01-25,9,9,6,3,3,3,2,0,1
324,2026-01-26,11,20,8,3,3,3,3,2,0
324,2026-01-27,8,28,6,2,3,3,1,0,1
324,2026-01-28,7,35,6,1,3,3,1,0,0
324,2026-01-29,9,44,7,2,1,5,2,1,0
324,2026-01-30,8,52,7,1,3,4,0,0,1
324,2026-01-31,7,59,6,1,4,1,1,1,0
324,2026-02-01,5,64,5,0,5,0,0,0,0
324,2026-02-02,6,70,5,1,1,4,1,0,0
324,2026-02-03,9,79,7,2,1,3,1,3,1
324,2026-02-04,9,88,6,3,3,2,3,1,0
324,2026-02-05,10,98,8,2,2,5,1,1,1
324,2026-02-06,12,110,12,0,3,7,0,2,0
324,2026-02-07,9,119,7,2,1,6,2,0,0
324,2026-02-08,11,130,9,2,2,7,2,0,0
324,2026-02-09,10,140,9,1,2,6,0,1,1
324,2026-02-10,5,145,1,4,0,1,3,0,1
325,2026-01-14,0,0,0,0,0,0,0,0,0
325,2026-01-15,0,0,0,0,0,0,0,0,0
325,2026-01-16,0,0,0,0,0,0,0,0,0
325,2026-01-17,0,0,0,0,0,0,0,0,0
325,2026-01-18,0,0,0,0,0,0,0,0,0
325,2026-01-19,0,0,0,0,0,0,0,0,0
325,2026-01-20,0,0,0,0,0,0,0,0,0
325,2026-01-21,0,0,0,0,0,0,0,0,0
325,2026-01-22,0,0,0,0,0,0,0,0,0
325,2026-01-23,0,0,0,0,0,0,0,0,0
325,2026-01-24,0,0,0,0,0,0,0,0,0
325,2026-01-25,6,6,6,0,1,3,0,2,0
325,2026-01-26,3,9,3,0,1,2,0,0,0
325,2026-01-27,4,13,3,1,2,1,1,0,0
325,2026-01-28,6,19,3,3,1,2,2,0,1
325,2026-01-29,5,24,5,0,1,3,0,1,0
325,2026-01-30,6,30,4,2,0,4,2,0,0
325,2026-01-31,5,35,5,0,2,3,0,0,0
325,2026-02-01,5,40,3,2,1,2,2,0,0
325,2026-02-02,8,48,6,2,2,2,1,2,1
325,2026-02-03,9,57,6,3,2,4,3,0,0
325,2026-02-04,11,68,10,1,5,5,1,0,0
325,2026-02-05,5,73,4,1,3,0,0,1,1
325,2026-02-06,11,84,10,1,2,5,1,3,0
325,2026-02-07,14,98,11,3,3,6,2,2,1
325,2026-02-08,10,108,9,1,6,3,1,0,0
325,2026-02-09,11,119,8,3,1,6,2,1,1
325,2026-02-10,4,123,2,2,0,2,1,0,1
326,2026-01-14,0,0,0,0,0,0,0,0,0
326,2026-01-15,0,0,0,0,0,0,0,0,0
326,2026-01-16,0,0,0,0,0,0,0,0,0
326,2026-01-17,0,0,0,0,0,0,0,0,0
326,2026-01-18,0,0,0,0,0,0,0,0,0
326,2026-01-19,0,0,0,0,0,0,0,0,0
326,2026-01-20,0,0,0,0,0,0,0,0,0
326,2026-01-21,0,0,0,0,0,0,0,0,0
326,2026-01-22,0,0,0,0,0,0,0,0,0
326,2026-01-23,0,0,0,0,0,0,0,0,0
326,2026-01-24,0,0,0,0,0,0,0,0,0
326,2026-01-25,10,10,9,1,0,7,0,2,1
326,2026-01-26,6,16,4,2,1,3,1,0,1
326,2026-01-27,5,21,3,2,1,1,2,1,0
326,2026-01-28,4,25,4,0,0,2,0,2,0
326,2026-01-29,7,32,5,2,2,2,2,1,0
326,2026-01-30,8,40,5,3,1,3,3,1,0
326,2026-01-31,11,51,6,5,2,4,5,0,0
326,2026-02-01,11,62,9,2,3,4,2,2,0
326,2026-02-02,7,69,5,2,3,1,2,1,0
326,2026-02-03,11,80,6,5,1,4,3,1,2
326,2026-02-04,12,92,7,5,0,7,5,0,0
326,2026-02-05,15,107,11,4,3,7,4,1,0
326,2026-02-06,14,121,11,3,5,5,2,1,1
326,2026-02-07,13,134,10,3,4,6,3,0,0
326,2026-02-08,13,147,12,1,4,8,1,0,0
326,2026-02-09,8,155,8,0,2,6,0,0,0
326,2026-02-10,12,167,7,5,2,5,4,0,1
327,2026-01-14,0,0,0,0,0,0,0,0,0
327,2026-01-15,0,0,0,0,0,0,0,0,0
327,2026-01-16,0,0,0,0,0,0,0,0,0
327,2026-01-17,0,0,0,0,0,0,0,0,0
327,2026-01-18,0,0,0,0,0,0,0,0,0
327,2026-01-19,0,0,0,0,0,0,0,0,0
327,2026-01-20,0,0,0,0,0,0,0,0,0
327,2026-01-21,0,0,0,0,0,0,0,0,0
327,2026-01-22,0,0,0,0,0,0,0,0,0
327,2026-01-23,0,0,0,0,0,0,0,0,0
327,2026-01-24,0,0,0,0,0,0,0,0,0
327,2026-01-25,8,8,6,2,1,4,2,1,0
327,2026-01-26,3,11,1,2,0,1,2,0,0
327,2026-01-27,2,13,2,0,0,1,0,1,0
327,2026-01-28,2,15,2,0,1,1,0,0,0
327,2026-01-29,5,20,4,1,0,4,1,0,0
327,2026-01-30,5,25,5,0,0,4,0,1,0
327,2026-01-31,5,30,4,1,2,2,1,0,0
327,2026-02-01,5,35,5,0,0,5,0,0,0
327,2026-02-02,4,39,3,1,0,3,0,0,1
327,2026-02-03,6,45,5,1,2,3,1,0,0
327,2026-02-04,6,51,4,2,1,2,0,1,2
327,2026-02-05,7,58,4,3,2,1,0,1,3
327,2026-02-06,13,71,11,2,2,7,1,2,1
327,2026-02-07,9,80,7,2,0,6,1,1,1
327,2026-02-08,6,86,5,1,2,2,0,1,1
327,2026-02-09,3,89,3,0,1,2,0,0,0
327,2026-02-10,8,97,7,1,3,4,0,0,1
328,2026-01-14,0,0,0,0,0,0,0,0,0
328,2026-01-15,0,0,0,0,0,0,0,0,0
328,2026-01-16,0,0,0,0,0,0,0,0,0
328,2026-01-17,0,0,0,0,0,0,0,0,0
328,2026-01-18,0,0,0,0,0,0,0,0,0
328,2026-01-19,0,0,0,0,0,0,0,0,0
328,2026-01-20,0,0,0,0,0,0,0,0,0
328,2026-01-21,0,0,0,0,0,0,0,0,0
328,2026-01-22,0,0,0,0,0,0,0,0,0
328,2026-01-23,0,0,0,0,0,0,0,0,0
328,2026-01-24,0,0,0,0,0,0,0,0,0
328,2026-01-25,6,6,6,0,0,6,0,0,0
328,2026-01-26,3,9,3,0,0,3,0,0,0
328,2026-01-27,6,15,4,2,0,2,2,2,0
328,2026-01-28,2,17,2,0,0,2,0,0,0
328,2026-01-29,3,20,3,0,1,2,0,0,0
328,2026-01-30,6,26,6,0,2,4,0,0,0
328,2026-01-31,7,33,5,2,2,1,1,2,1
328,2026-02-01,8,41,5,3,0,3,1,2,2
328,2026-02-02,7,48,6,1,3,2,0,1,1
328,2026-02-03,4,52,2,2,1,1,1,0,1
328,2026-02-04,12,64,10,2,2,8,2,0,0
328,2026-02-05,12,76,8,4,0,7,3,1,1
328,2026-02-06,7,83,3,4,0,3,2,0,2
328,2026-02-07,6,89,3,3,1,2,1,0,2
328,2026-02-08,9,98,7,2,3,4,2,0,0
328,2026-02-09,10,108,8,2,2,4,2,2,0
328,2026-02-10,7,115,6,1,1,3,0,2,1
329,2026-01-14,0,0,0,0,0,0,0,0,0
329,2026-01-15,0,0,0,0,0,0,0,0,0
329,2026-01-16,0,0,0,0,0,0,0,0,0
329,2026-01-17,0,0,0,0,0,0,0,0,0
329,2026-01-18,0,0,0,0,0,0,0,0,0
329,2026-01-19,0,0,0,0,0,0,0,0,0
329,2026-01-20,0,0,0,0,0,0,0,0,0
329,2026-01-21,0,0,0,0,0,0,0,0,0
329,2026-01-22,0,0,0,0,0,0,0,0,0
329,2026-01-23,0,0,0,0,0,0,0,0,0
329,2026-01-24,0,0,0,0,0,0,0,0,0
329,2026-01-25,5,5,5,0,0,4,0,1,0
329,2026-01-26,3,8,1,2,0,0,1,1,1
329,2026-01-27,6,14,3,3,3,0,2,0,1
329,2026-01-28,1,15,1,0,0,1,0,0,0
329,2026-01-29,0,15,0,0,0,0,0,0,0
329,2026-01-30,1,16,1,0,0,1,0,0,0
329,2026-01-31,3,19,2,1,1,1,0,0,1
329,2026-02-01,1,20,1,0,0,1,0,0,0
329,2026-02-02,4,24,2,2,0,1,1,1,1
329,2026-02-03,4,28,3,1,2,1,0,0,1
329,2026-02-04,2,30,1,1,1,0,1,0,0
329,2026-02-05,10,40,5,5,0,5,3,0,2
329,2026-02-06,6,46,6,0,2,4,0,0,0
329,2026-02-07,4,50,4,0,0,2,0,2,0
329,2026-02-08,3,53,2,1,0,1,1,1,0
329,2026-02-09,2,55,2,0,1,1,0,0,0
329,2026-02-10,4,59,3,1,1,1,1,1,0
330,2026-01-14,0,0,0,0,0,0,0,0,0
330,2026-01-15,0,0,0,0,0,0,0,0,0
330,2026-01-16,0,0,0,0,0,0,0,0,0
330,2026-01-17,0,0,0,0,0,0,0,0,0
330,2026-01-18,0,0,0,0,0,0,0,0,0
330,2026-01-19,0,0,0,0,0,0,0,0,0
330,2026-01-20,0,0,0,0,0,0,0,0,0
330,2026-01-21,0,0,0,0,0,0,0,0,0
330,2026-01-22,0,0,0,0,0,0,0,0,0
330,2026-01-23,0,0,0,0,0,0,0,0,0
330,2026-01-24,0,0,0,0,0,0,0,0,0
330,2026-01-25,4,4,4,0,0,4,0,0,0
330,2026-01-26,3,7,3,0,1,2,0,0,0
330,2026-01-27,5,12,3,2,2,1,2,0,0
330,2026-01-28,2,14,1,1,1,0,1,0,0
330,2026-01-29,3,17,2,1,0,1,1,1,0
330,2026-01-30,6,23,3,3,0,2,2,1,1
330,2026-01-31,0,23,0,0,0,0,0,0,0
330,2026-02-01,5,28,4,1,1,1,1,2,0
330,2026-02-02,2,30,2,0,1,0,0,1,0
330,2026-02-03,5,35,4,1,1,3,1,0,0
330,2026-02-04,3,38,3,0,0,3,0,0,0
330,2026-02-05,5,43,5,0,1,4,0,0,0
330,2026-02-06,6,49,6,0,3,3,0,0,0
330,2026-02-07,5,54,4,1,1,3,1,0,0
330,2026-02-08,8,62,7,1,5,2,1,0,0
330,2026-02-09,7,69,5,2,2,3,1,0,1
330,2026-02-10,4,73,2,2,1,1,2,0,0
331,2026-01-14,0,0,0,0,0,0,0,0,0
331,2026-01-15,0,0,0,0,0,0,0,0,0
331,2026-01-16,0,0,0,0,0,0,0,0,0
331,2026-01-17,0,0,0,0,0,0,0,0,0
331,2026-01-18,0,0,0,0,0,0,0,0,0
331,2026-01-19,0,0,0,0,0,0,0,0,0
331,2026-01-20,0,0,0,0,0,0,0,0,0
331,2026-01-21,0,0,0,0,0,0,0,0,0
331,2026-01-22,0,0,0,0,0,0,0,0,0
331,2026-01-23,0,0,0,0,0,0,0,0,0
331,2026-01-24,0,0,0,0,0,0,0,0,0
331,2026-01-25,4,4,3,1,0,3,1,0,0
331,2026-01-26,4,8,4,0,1,3,0,0,0
331,2026-01-27,5,13,4,1,3,0,1,1,0
331,2026-01-28,4,17,3,1,1,2,0,0,1
331,2026-01-29,2,19,2,0,1,1,0,0,0
331,2026-01-30,7,26,6,1,3,3,1,0,0
331,2026-01-31,2,28,2,0,0,1,0,1,0
331,2026-02-01,4,32,2,2,1,1,2,0,0
331,2026-02-02,3,35,2,1,0,1,1,1,0
331,2026-02-03,4,39,3,1,0,3,0,0,1
331,2026-02-04,4,43,2,2,0,2,2,0,0
331,2026-02-05,7,50,7,0,3,3,0,1,0
331,2026-02-06,6,56,3,3,0,3,3,0,0
331,2026-02-07,6,62,4,2,1,2,2,1,0
331,2026-02-08,7,69,7,0,2,4,0,1,0
331,2026-02-09,10,79,10,0,4,4,0,2,0
331,2026-02-10,5,84,4,1,0,2,1,2,0
332,2026-01-14,0,0,0,0,0,0,0,0,0
332,2026-01-15,0,0,0,0,0,0,0,0,0
332,2026-01-16,0,0,0,0,0,0,0,0,0
332,2026-01-17,0,0,0,0,0,0,0,0,0
332,2026-01-18,0,0,0,0,0,0,0,0,0
332,2026-01-19,0,0,0,0,0,0,0,0,0
332,2026-01-20,0,0,0,0,0,0,0,0,0
332,2026-01-21,0,0,0,0,0,0,0,0,0
332,2026-01-22,0,0,0,0,0,0,0,0,0
332,2026-01-23,0,0,0,0,0,0,0,0,0
332,2026-01-24,0,0,0,0,0,0,0,0,0
332,2026-01-25,3,3,3,0,0,2,0,1,0
332,2026-01-26,7,10,6,1,3,2,0,1,1
332,2026-01-27,4,14,3,1,0,2,1,1,0
332,2026-01-28,6,20,6,0,0,3,0,3,0
332,2026-01-29,5,25,4,1,2,2,0,0,1
332,2026-01-30,3,28,2,1,0,2,1,0,0
332,2026-01-31,5,33,4,1,1,3,1,0,0
332,2026-02-01,5,38,5,0,1,1,0,3,0
332,2026-02-02,7,45,5,2,1,4,2,0,0
332,2026-02-03,6,51,6,0,2,3,0,1,0
332,2026-02-04,11,62,6,5,1,4,4,1,1
332,2026-02-05,6,68,6,0,1,5,0,0,0
332,2026-02-06,8,76,6,2,0,5,2,1,0
332,2026-02-07,14,90,8,6,3,5,5,0,1
332,2026-02-08,15,105,12,3,3,8,1,1,2
332,2026-02-09,12,117,8,4,3,5,4,0,0
332,2026-02-10,6,123,5,1,1,3,1,1,0
333,2026-01-14,0,0,0,0,0,0,0,0,0
333,2026-01-15,0,0,0,0,0,0,0,0,0
333,2026-01-16,0,0,0,0,0,0,0,0,0
333,2026-01-17,0,0,0,0,0,0,0,0,0
333,2026-01-18,0,0,0,0,0,0,0,0,0
333,2026-01-19,0,0,0,0,0,0,0,0,0
333,2026-01-20,0,0,0,0,0,0,0,0,0
333,2026-01-21,0,0,0,0,0,0,0,0,0
333,2026-01-22,0,0,0,0,0,0,0,0,0
333,2026-01-23,0,0,0,0,0,0,0,0,0
333,2026-01-24,0,0,0,0,0,0,0,0,0
333,2026-01-25,6,6,4,2,3,0,2,1,0
333,2026-01-26,0,6,0,0,0,0,0,0,0
333,2026-01-27,3,9,3,0,3,0,0,0,0
333,2026-01-28,4,13,4,0,1,3,0,0,0
333,2026-01-29,7,20,7,0,1,5,0,1,0
333,2026-01-30,3,23,2,1,1,1,0,0,1
333,2026-01-31,2,25,2,0,0,2,0,0,0
333,2026-02-01,13,38,9,4,2,4,2,3,2
333,2026-02-02,6,44,5,1,0,4,1,1,0
333,2026-02-03,6,50,3,3,0,3,1,0,2
333,2026-02-04,7,57,5,2,1,2,2,2,0
333,2026-02-05,6,63,5,1,3,2,1,0,0
333,2026-02-06,10,73,8,2,2,6,2,0,0
333,2026-02-07,8,81,5,3,2,3,2,0,1
333,2026-02-08,9,90,8,1,0,7,1,1,0
333,2026-02-09,7,97,6,1,2,4,1,0,0
333,2026-02-10,6,103,4,2,1,2,2,1,0
334,2026-01-14,0,0,0,0,0,0,0,0,0
334,2026-01-15,0,0,0,0,0,0,0,0,0
334,2026-01-16,0,0,0,0,0,0,0,0,0
334,2026-01-17,0,0,0,0,0,0,0,0,0
334,2026-01-18,0,0,0,0,0,0,0,0,0
334,2026-01-19,0,0,0,0,0,0,0,0,0
334,2026-01-20,0,0,0,0,0,0,0,0,0
334,2026-01-21,0,0,0,0,0,0,0,0,0
334,2026-01-22,0,0,0,0,0,0,0,0,0
334,2026-01-23,0,0,0,0,0,0,0,0,0
334,2026-01-24,0,0,0,0,0,0,0,0,0
334,2026-01-25,8,8,8,0,1,7,0,0,0
334,2026-01-26,5,13,4,1,1,1,1,2,0
334,2026-01-27,2,15,2,0,1,1,0,0,0
334,2026-01-28,5,20,4,1,3,1,1,0,0
334,2026-01-29,6,26,6,0,3,3,0,0,0
334,2026-01-30,5,31,3,2,0,3,2,0,0
334,2026-01-31,8,39,7,1,3,3,0,1,1
334,2026-02-01,14,53,11,3,3,7,1,1,2
334,2026-02-02,6,59,6,0,3,2,0,1,0
334,2026-02-03,11,70,9,2,2,6,2,1,0
334,2026-02-04,10,80,10,0,0,9,0,1,0
334,2026-02-05,7,87,6,1,3,1,1,2,0
334,2026-02-06,7,94,6,1,2,3,1,1,0
334,2026-02-07,10,104,9,1,3,5,1,1,0
334,2026-02-08,13,117,11,2,4,5,2,2,0
334,2026-02-09,12,129,9,3,2,7,2,0,1
334,2026-02-10,15,144,13,2,6,6,2,1,0
335,2026-01-14,0,0,0,0,0,0,0,0,0
335,2026-01-15,0,0,0,0,0,0,0,0,0
335,2026-01-16,0,0,0,0,0,0,0,0,0
335,2026-01-17,0,0,0,0,0,0,0,0,0
335,2026-01-18,0,0,0,0,0,0,0,0,0
335,2026-01-19,0,0,0,0,0,0,0,0,0
335,2026-01-20,0,0,0,0,0,0,0,0,0
335,2026-01-21,0,0,0,0,0,0,0,0,0
335,2026-01-22,0,0,0,0,0,0,0,0,0
335,2026-01-23,0,0,0,0,0,0,0,0,0
335,2026-01-24,0,0,0,0,0,0,0,0,0
335,2026-01-25,1,1,1,0,0,1,0,0,0
335,2026-01-26,10,11,9,1,1,6,0,2,1
335,2026-01-27,3,14,3,0,2,1,0,0,0
335,2026-01-28,3,17,3,0,1,2,0,0,0
335,2026-01-29,2,19,2,0,0,2,0,0,0
335,2026-01-30,2,21,2,0,1,0,0,1,0
335,2026-01-31,3,24,2,1,0,2,0,0,1
335,2026-02-01,2,26,1,1,0,0,1,1,0
335,2026-02-02,7,33,6,1,1,5,1,0,0
335,2026-02-03,5,38,4,1,1,3,1,0,0
335,2026-02-04,3,41,3,0,0,3,0,0,0
335,2026-02-05,8,49,7,1,3,4,1,0,0
335,2026-02-06,8,57,7,1,0,6,0,1,1
335,2026-02-07,7,64,3,4,0,2,4,1,0
335,2026-02-08,9,73,8,1,1,5,0,2,1
335,2026-02-09,8,81,8,0,3,4,0,1,0
335,2026-02-10,8,89,7,1,1,4,0,2,1
336,2026-01-14,0,0,0,0,0,0,0,0,0
336,2026-01-15,0,0,0,0,0,0,0,0,0
336,2026-01-16,0,0,0,0,0,0,0,0,0
336,2026-01-17,0,0,0,0,0,0,0,0,0
336,2026-01-18,0,0,0,0,0,0,0,0,0
336,2026-01-19,0,0,0,0,0,0,0,0,0
336,2026-01-20,0,0,0,0,0,0,0,0,0
336,2026-01-21,0,0,0,0,0,0,0,0,0
336,2026-01-22,0,0,0,0,0,0,0,0,0
336,2026-01-23,0,0,0,0,0,0,0,0,0
336,2026-01-24,0,0,0,0,0,0,0,0,0
336,2026-01-25,7,7,5,2,2,3,1,0,1
336,2026-01-26,5,12,4,1,3,1,1,0,0
336,2026-01-27,0,12,0,0,0,0,0,0,0
336,2026-01-28,3,15,3,0,3,0,0,0,0
336,2026-01-29,3,18,2,1,0,1,0,1,1
336,2026-01-30,1,19,1,0,0,1,0,0,0
336,2026-01-31,5,24,4,1,1,3,1,0,0
336,2026-02-01,7,31,6,1,4,1,1,1,0
336,2026-02-02,6,37,4,2,1,3,2,0,0
336,2026-02-03,7,44,6,1,3,3,1,0,0
336,2026-02-04,9,53,7,2,0,6,1,1,1
336,2026-02-05,10,63,7,3,2,4,2,1,1
336,2026-02-06,8,71,7,1,2,3,1,2,0
336,2026-02-07,4,75,3,1,0,2,1,1,0
336,2026-02-08,2,77,2,0,0,2,0,0,0
336,2026-02-09,12,89,8,4,3,5,3,0,1
336,2026-02-10,7,96,6,1,1,4,1,1,0
337,2026-01-14,0,0,0,0,0,0,0,0,0
337,2026-01-15,0,0,0,0,0,0,0,0,0
337,2026-01-16,0,0,0,0,0,0,0,0,0
337,2026-01-17,0,0,0,0,0,0,0,0,0
337,2026-01-18,0,0,0,0,0,0,0,0,0
337,2026-01-19,0,0,0,0,0,0,0,0,0
337,2026-01-20,0,0,0,0,0,0,0,0,0
337,2026-01-21,0,0,0,0,0,0,0,0,0
337,2026-01-22,0,0,0,0,0,0,0,0,0
337,2026-01-23,0,0,0,0,0,0,0,0,0
337,2026-01-24,0,0,0,0,0,0,0,0,0
337,2026-01-25,6,6,5,1,1,3,0,1,1
337,2026-01-26,5,11,0,5,0,0,3,0,2
337,2026-01-27,4,15,4,0,1,2,0,1,0
337,2026-01-28,5,20,4,1,1,3,0,0,1
337,2026-01-29,5,25,4,1,2,1,1,1,0
337,2026-01-30,7,32,7,0,5,2,0,0,0
337,2026-01-31,5,37,4,1,1,2,1,1,0
337,2026-02-01,3,40,2,1,0,2,1,0,0
337,2026-02-02,3,43,2,1,1,0,0,1,1
337,2026-02-03,6,49,5,1,2,2,1,1,0
337,2026-02-04,7,56,7,0,2,4,0,1,0
337,2026-02-05,7,63,5,2,0,5,1,0,1
337,2026-02-06,9,72,9,0,2,5,0,2,0
337,2026-02-07,9,81,6,3,3,3,2,0,1
337,2026-02-08,13,94,10,3,2,4,3,4,0
337,2026-02-09,7,101,3,4,1,2,4,0,0
337,2026-02-10,4,105,3,1,0,3,1,0,0
338,2026-01-14,0,0,0,0,0,0,0,0,0
338,2026-01-15,0,0,0,0,0,0,0,0,0
338,2026-01-16,0,0,0,0,0,0,0,0,0
338,2026-01-17,0,0,0,0,0,0,0,0,0
338,2026-01-18,0,0,0,0,0,0,0,0,0
338,2026-01-19,0,0,0,0,0,0,0,0,0
338,2026-01-20,0,0,0,0,0,0,0,0,0
338,2026-01-21,0,0,0,0,0,0,0,0,0
338,2026-01-22,0,0,0,0,0,0,0,0,0
338,2026-01-23,0,0,0,0,0,0,0,0,0
338,2026-01-24,0,0,0,0,0,0,0,0,0
338,2026-01-25,6,6,5,1,1,3,1,1,0
338,2026-01-26,5,11,2,3,1,1,2,0,1
338,2026-01-27,2,13,0,2,0,0,2,0,0
338,2026-01-28,5,18,3,2,1,2,0,0,2
338,2026-01-29,2,20,2,0,1,0,0,1,0
338,2026-01-30,4,24,3,1,1,2,1,0,0
338,2026-01-31,2,26,1,1,0,0,1,1,0
338,2026-02-01,4,30,3,1,0,3,1,0,0
338,2026-02-02,11,41,7,4,3,3,3,1,1
338,2026-02-03,8,49,8,0,3,5,0,0,0
338,2026-02-04,7,56,7,0,3,4,0,0,0
338,2026-02-05,8,64,5,3,0,4,3,1,0
338,2026-02-06,8,72,7,1,3,3,1,1,0
338,2026-02-07,5,77,3,2,0,3,2,0,0
338,2026-02-08,4,81,4,0,0,2,0,2,0
338,2026-02-09,11,92,8,3,1,7,3,0,0
338,2026-02-10,10,102,7,3,4,2,2,1,1
339,2026-01-14,0,0,0,0,0,0,0,0,0
339,2026-01-15,0,0,0,0,0,0,0,0,0
339,2026-01-16,0,0,0,0,0,0,0,0,0
339,2026-01-17,0,0,0,0,0,0,0,0,0
339,2026-01-18,0,0,0,0,0,0,0,0,0
339,2026-01-19,0,0,0,0,0,0,0,0,0
339,2026-01-20,0,0,0,0,0,0,0,0,0
339,2026-01-21,0,0,0,0,0,0,0,0,0
339,2026-01-22,0,0,0,0,0,0,0,0,0
339,2026-01-23,0,0,0,0,0,0,0,0,0
339,2026-01-24,0,0,0,0,0,0,0,0,0
339,2026-01-25,6,6,6,0,1,4,0,1,0
339,2026-01-26,9,15,7,2,2,4,1,1,1
339,2026-01-27,1,16,1,0,0,1,0,0,0
339,2026-01-28,3,19,2,1,2,0,1,0,0
339,2026-01-29,7,26,3,4,1,2,3,0,1
339,2026-01-30,7,33,5,2,0,5,0,0,2
339,2026-01-31,5,38,1,4,0,1,4,0,0
339,2026-02-01,10,48,6,4,3,1,3,2,1
339,2026-02-02,5,53,2,3,1,1,3,0,0
339,2026-02-03,7,60,6,1,1,2,0,3,1
339,2026-02-04,5,65,4,1,0,4,1,0,0
339,2026-02-05,14,79,11,3,4,6,3,1,0
339,2026-02-06,18,97,13,5,5,6,5,2,0
339,2026-02-07,10,107,6,4,2,3,3,1,1
339,2026-02-08,11,118,8,3,2,5,2,1,1
339,2026-02-09,17,135,11,6,1,10,6,0,0
339,2026-02-10,8,143,6,2,1,5,2,0,0
340,2026-01-14,0,0,0,0,0,0,0,0,0
340,2026-01-15,0,0,0,0,0,0,0,0,0
340,2026-01-16,0,0,0,0,0,0,0,0,0
340,2026-01-17,0,0,0,0,0,0,0,0,0
340,2026-01-18,0,0,0,0,0,0,0,0,0
340,2026-01-19,0,0,0,0,0,0,0,0,0
340,2026-01-20,0,0,0,0,0,0,0,0,0
340,2026-01-21,0,0,0,0,0,0,0,0,0
340,2026-01-22,0,0,0,0,0,0,0,0,0
340,2026-01-23,0,0,0,0,0,0,0,0,0
340,2026-01-24,0,0,0,0,0,0,0,0,0
340,2026-01-25,9,9,5,4,3,1,3,1,1
340,2026-01-26,3,12,1,2,1,0,2,0,0
340,2026-01-27,2,14,1,1,0,1,1,0,0
340,2026-01-28,3,17,3,0,0,3,0,0,0
340,2026-01-29,6,23,5,1,0,5,1,0,0
340,2026-01-30,12,35,9,3,2,4,3,3,0
340,2026-01-31,4,39,3,1,2,1,1,0,0
340,2026-02-01,9,48,5,4,1,4,3,0,1
340,2026-02-02,3,51,3,0,0,3,0,0,0
340,2026-02-03,7,58,7,0,0,6,0,1,0
340,2026-02-04,8,66,7,1,1,5,0,1,1
340,2026-02-05,16,82,11,5,3,7,5,1,0
340,2026-02-06,13,95,7,6,1,4,5,2,1
340,2026-02-07,11,106,8,3,3,4,2,1,1
340,2026-02-08,7,113,6,1,3,2,0,1,1
340,2026-02-09,12,125,10,2,4,5,2,1,0
340,2026-02-10,11,136,11,0,5,4,0,2,0
341,2026-01-14,0,0,0,0,0,0,0,0,0
341,2026-01-15,0,0,0,0,0,0,0,0,0
341,2026-01-16,0,0,0,0,0,0,0,0,0
341,2026-01-17,0,0,0,0,0,0,0,0,0
341,2026-01-18,0,0,0,0,0,0,0,0,0
341,2026-01-19,0,0,0,0,0,0,0,0,0
341,2026-01-20,0,0,0,0,0,0,0,0,0
341,2026-01-21,0,0,0,0,0,0,0,0,0
341,2026-01-22,0,0,0,0,0,0,0,0,0
341,2026-01-23,0,0,0,0,0,0,0,0,0
341,2026-01-24,0,0,0,0,0,0,0,0,0
341,2026-01-25,2,2,1,1,0,1,0,0,1
341,2026-01-26,1,3,0,1,0,0,1,0,0
341,2026-01-27,4,7,3,1,1,1,1,1,0
341,2026-01-28,1,8,0,1,0,0,1,0,0
341,2026-01-29,7,15,7,0,1,5,0,1,0
341,2026-01-30,4,19,3,1,2,1,1,0,0
341,2026-01-31,1,20,1,0,1,0,0,0,0
341,2026-02-01,2,22,1,1,0,1,1,0,0
341,2026-02-02,4,26,4,0,2,2,0,0,0
341,2026-02-03,4,30,4,0,1,3,0,0,0
341,2026-02-04,2,32,1,1,0,1,0,0,1
341,2026-02-05,4,36,3,1,0,3,0,0,1
341,2026-02-06,6,42,6,0,2,3,0,1,0
341,2026-02-07,4,46,3,1,1,2,1,0,0
341,2026-02-08,3,49,1,2,1,0,2,0,0
341,2026-02-09,8,57,6,2,1,5,1,0,1
341,2026-02-10,4,61,2,2,0,2,1,0,1
342,2026-01-14,0,0,0,0,0,0,0,0,0
342,2026-01-15,0,0,0,0,0,0,0,0,0
342,2026-01-16,0,0,0,0,0,0,0,0,0
342,2026-01-17,0,0,0,0,0,0,0,0,0
342,2026-01-18,0,0,0,0,0,0,0,0,0
342,2026-01-19,0,0,0,0,0,0,0,0,0
342,2026-01-20,0,0,0,0,0,0,0,0,0
342,2026-01-21,0,0,0,0,0,0,0,0,0
342,2026-01-22,0,0,0,0,0,0,0,0,0
342,2026-01-23,0,0,0,0,0,0,0,0,0
342,2026-01-24,0,0,0,0,0,0,0,0,0
342,2026-01-25,5,5,4,1,0,4,1,0,0
342,2026-01-26,3,8,2,1,0,2,1,0,0
342,2026-01-27,4,12,4,0,4,0,0,0,0
342,2026-01-28,1,13,1,0,1,0,0,0,0
342,2026-01-29,2,15,1,1,0,1,1,0,0
342,2026-01-30,2,17,2,0,0,2,0,0,0
342,2026-01-31,1,18,1,0,0,1,0,0,0
342,2026-02-01,2,20,2,0,0,2,0,0,0
342,2026-02-02,4,24,3,1,0,3,1,0,0
342,2026-02-03,6,30,4,2,1,3,2,0,0
342,2026-02-04,2,32,2,0,0,1,0,1,0
342,2026-02-05,4,36,3,1,0,3,1,0,0
342,2026-02-06,4,40,3,1,0,3,1,0,0
342,2026-02-07,5,45,4,1,3,1,1,0,0
342,2026-02-08,5,50,4,1,3,1,1,0,0
342,2026-02-09,8,58,4,4,1,1,3,2,1
342,2026-02-10,5,63,3,2,2,1,2,0,0
343,2026-01-14,0,0,0,0,0,0,0,0,0
343,2026-01-15,0,0,0,0,0,0,0,0,0
343,2026-01-16,0,0,0,0,0,0,0,0,0
343,2026-01-17,0,0,0,0,0,0,0,0,0
343,2026-01-18,0,0,0,0,0,0,0,0,0
343,2026-01-19,0,0,0,0,0,0,0,0,0
343,2026-01-20,0,0,0,0,0,0,0,0,0
343,2026-01-21,0,0,0,0,0,0,0,0,0
343,2026-01-22,0,0,0,0,0,0,0,0,0
343,2026-01-23,0,0,0,0,0,0,0,0,0
343,2026-01-24,0,0,0,0,0,0,0,0,0
343,2026-01-25,4,4,2,2,1,1,2,0,0
343,2026-01-26,7,11,6,1,1,4,0,1,1
343,2026-01-27,2,13,1,1,0,1,1,0,0
343,2026-01-28,4,17,3,1,1,2,1,0,0
343,2026-01-29,5,22,5,0,1,4,0,0,0
343,2026-01-30,5,27,4,1,1,2,1,1,0
343,2026-01-31,4,31,2,2,0,2,1,0,1
343,2026-02-01,6,37,5,1,1,4,1,0,0
343,2026-02-02,6,43,6,0,2,3,0,1,0
343,2026-02-03,5,48,5,0,2,3,0,0,0
343,2026-02-04,9,57,4,5,0,3,2,1,3
343,2026-02-05,14,71,7,7,3,4,6,0,1
343,2026-02-06,9,80,7,2,1,6,2,0,0
343,2026-02-07,7,87,4,3,1,3,3,0,0
343,2026-02-08,7,94,3,4,3,0,3,0,1
343,2026-02-09,14,108,8,6,2,6,6,0,0
343,2026-02-10,17,125,11,6,4,4,3,3,3
344,2026-01-14,0,0,0,0,0,0,0,0,0
344,2026-01-15,0,0,0,0,0,0,0,0,0
344,2026-01-16,0,0,0,0,0,0,0,0,0
344,2026-01-17,0,0,0,0,0,0,0,0,0
344,2026-01-18,0,0,0,0,0,0,0,0,0
344,2026-01-19,0,0,0,0,0,0,0,0,0
344,2026-01-20,0,0,0,0,0,0,0,0,0
344,2026-01-21,0,0,0,0,0,0,0,0,0
344,2026-01-22,0,0,0,0,0,0,0,0,0
344,2026-01-23,0,0,0,0,0,0,0,0,0
344,2026-01-24,0,0,0,0,0,0,0,0,0
344,2026-01-25,6,6,6,0,0,6,0,0,0
344,2026-01-26,8,14,6,2,2,4,2,0,0
344,2026-01-27,4,18,4,0,1,2,0,1,0
344,2026-01-28,5,23,5,0,0,4,0,1,0
344,2026-01-29,4,27,4,0,0,4,0,0,0
344,2026-01-30,5,32,4,1,1,1,1,2,0
344,2026-01-31,3,35,3,0,0,1,0,2,0
344,2026-02-01,8,43,7,1,3,4,1,0,0
344,2026-02-02,7,50,7,0,4,2,0,1,0
344,2026-02-03,5,55,4,1,1,3,1,0,0
344,2026-02-04,5,60,5,0,1,4,0,0,0
344,2026-02-05,4,64,4,0,1,3,0,0,0
344,2026-02-06,6,70,4,2,2,2,0,0,2
344,2026-02-07,12,82,11,1,2,6,0,3,1
344,2026-02-08,5,87,4,1,1,3,1,0,0
344,2026-02-09,5,92,4,1,0,2,1,2,0
344,2026-02-10,7,99,5,2,2,3,2,0,0
345,2026-01-14,0,0,0,0,0,0,0,0,0
345,2026-01-15,0,0,0,0,0,0,0,0,0
345,2026-01-16,0,0,0,0,0,0,0,0,0
345,2026-01-17,0,0,0,0,0,0,0,0,0
345,2026-01-18,0,0,0,0,0,0,0,0,0
345,2026-01-19,0,0,0,0,0,0,0,0,0
345,2026-01-20,0,0,0,0,0,0,0,0,0
345,2026-01-21,0,0,0,0,0,0,0,0,0
345,2026-01-22,0,0,0,0,0,0,0,0,0
345,2026-01-23,0,0,0,0,0,0,0,0,0
345,2026-01-24,0,0,0,0,0,0,0,0,0
345,2026-01-25,6,6,4,2,1,3,2,0,0
345,2026-01-26,3,9,2,1,0,1,1,1,0
345,2026-01-27,1,10,0,1,0,0,0,0,1
345,2026-01-28,7,17,6,1,2,4,1,0,0
345,2026-01-29,3,20,1,2,0,1,2,0,0
345,2026-01-30,8,28,7,1,0,6,0,1,1
345,2026-01-31,2,30,1,1,0,0,1,1,0
345,2026-02-01,6,36,5,1,4,1,1,0,0
345,2026-02-02,7,43,5,2,1,3,1,1,1
345,2026-02-03,9,52,6,3,1,4,2,1,1
345,2026-02-04,8,60,6,2,1,4,2,1,0
345,2026-02-05,11,71,9,2,4,3,2,2,0
345,2026-02-06,9,80,3,6,1,2,4,0,2
345,2026-02-07,10,90,9,1,2,3,1,4,0
345,2026-02-08,11,101,8,3,2,6,3,0,0
345,2026-02-09,5,106,2,3,1,0,3,1,0
345,2026-02-10,13,119,9,4,3,5,3,1,1
346,2026-01-14,0,0,0,0,0,0,0,0,0
346,2026-01-15,0,0,0,0,0,0,0,0,0
346,2026-01-16,0,0,0,0,0,0,0,0,0
346,2026-01-17,0,0,0,0,0,0,0,0,0
346,2026-01-18,0,0,0,0,0,0,0,0,0
346,2026-01-19,0,0,0,0,0,0,0,0,0
346,2026-01-20,0,0,0,0,0,0,0,0,0
346,2026-01-21,0,0,0,0,0,0,0,0,0
346,2026-01-22,0,0,0,0,0,0,0,0,0
346,2026-01-23,0,0,0,0,0,0,0,0,0
346,2026-01-24,0,0,0,0,0,0,0,0,0
346,2026-01-25,5,5,4,1,1,1,0,2,1
346,2026-01-26,3,8,3,0,1,2,0,0,0
346,2026-01-27,2,10,2,0,1,1,0,0,0
346,2026-01-28,3,13,2,1,1,1,1,0,0
346,2026-01-29,3,16,3,0,0,3,0,0,0
346,2026-01-30,1,17,1,0,1,0,0,0,0
346,2026-01-31,4,21,3,1,0,3,1,0,0
346,2026-02-01,2,23,2,0,0,2,0,0,0
346,2026-02-02,4,27,1,3,1,0,2,0,1
346,2026-02-03,8,35,6,2,2,4,2,0,0
346,2026-02-04,11,46,8,3,3,4,2,1,1
346,2026-02-05,7,53,3,4,2,1,4,0,0
346,2026-02-06,12,65,9,3,3,6,2,0,1
346,2026-02-07,11,76,10,1,2,7,1,1,0
346,2026-02-08,16,92,13,3,5,5,3,3,0
346,2026-02-09,11,103,8,3,3,5,2,0,1
346,2026-02-10,11,114,9,2,3,6,2,0,0
347,2026-01-14,0,0,0,0,0,0,0,0,0
347,2026-01-15,0,0,0,0,0,0,0,0,0
347,2026-01-16,0,0,0,0,0,0,0,0,0
347,2026-01-17,0,0,0,0,0,0,0,0,0
347,2026-01-18,0,0,0,0,0,0,0,0,0
347,2026-01-19,0,0,0,0,0,0,0,0,0
347,2026-01-20,0,0,0,0,0,0,0,0,0
347,2026-01-21,0,0,0,0,0,0,0,0,0
347,2026-01-22,0,0,0,0,0,0,0,0,0
347,2026-01-23,0,0,0,0,0,0,0,0,0
347,2026-01-24,0,0,0,0,0,0,0,0,0
347,2026-01-25,1,1,1,0,1,0,0,0,0
347,2026-01-26,2,3,2,0,1,1,0,0,0
347,2026-01-27,2,5,2,0,0,2,0,0,0
347,2026-01-28,2,7,2,0,1,1,0,0,0
347,2026-01-29,5,12,4,1,3,1,0,0,1
347,2026-01-30,1,13,1,0,0,1,0,0,0
347,2026-01-31,2,15,2,0,0,2,0,0,0
347,2026-02-01,1,16,1,0,0,1,0,0,0
347,2026-02-02,5,21,5,0,1,4,0,0,0
347,2026-02-03,2,23,2,0,0,2,0,0,0
347,2026-02-04,1,24,1,0,0,1,0,0,0
347,2026-02-05,1,25,1,0,0,1,0,0,0
347,2026-02-06,5,30,5,0,1,4,0,0,0
347,2026-02-07,3,33,2,1,0,1,1,1,0
347,2026-02-08,6,39,5,1,0,3,1,2,0
347,2026-02-09,10,49,9,1,0,7,1,2,0
347,2026-02-10,4,53,4,0,0,4,0,0,0
348,2026-01-14,0,0,0,0,0,0,0,0,0
348,2026-01-15,0,0,0,0,0,0,0,0,0
348,2026-01-16,0,0,0,0,0,0,0,0,0
348,2026-01-17,0,0,0,0,0,0,0,0,0
348,2026-01-18,0,0,0,0,0,0,0,0,0
348,2026-01-19,0,0,0,0,0,0,0,0,0
348,2026-01-20,0,0,0,0,0,0,0,0,0
348,2026-01-21,0,0,0,0,0,0,0,0,0
348,2026-01-22,0,0,0,0,0,0,0,0,0
348,2026-01-23,0,0,0,0,0,0,0,0,0
348,2026-01-24,0,0,0,0,0,0,0,0,0
348,2026-01-25,5,5,4,1,3,0,1,1,0
348,2026-01-26,7,12,7,0,4,3,0,0,0
348,2026-01-27,2,14,2,0,0,2,0,0,0
348,2026-01-28,4,18,2,2,0,2,2,0,0
348,2026-01-29,7,25,6,1,1,4,0,1,1
348,2026-01-30,7,32,5,2,1,2,2,2,0
348,2026-01-31,7,39,3,4,2,1,3,0,1
348,2026-02-01,4,43,4,0,2,2,0,0,0
348,2026-02-02,8,51,6,2,1,5,1,0,1
348,2026-02-03,8,59,5,3,1,4,2,0,1
348,2026-02-04,3,62,3,0,0,3,0,0,0
348,2026-02-05,10,72,9,1,2,6,1,1,0
348,2026-02-06,9,81,6,3,2,3,2,1,1
348,2026-02-07,13,94,9,4,3,5,3,1,1
348,2026-02-08,5,99,3,2,1,0,2,2,0
348,2026-02-09,4,103,2,2,1,1,2,0,0
348,2026-02-10,9,112,5,4,0,5,3,0,1
349,2026-01-14,0,0,0,0,0,0,0,0,0
349,2026-01-15,0,0,0,0,0,0,0,0,0
349,2026-01-16,0,0,0,0,0,0,0,0,0
349,2026-01-17,0,0,0,0,0,0,0,0,0
349,2026-01-18,0,0,0,0,0,0,0,0,0
349,2026-01-19,0,0,0,0,0,0,0,0,0
349,2026-01-20,0,0,0,0,0,0,0,0,0
349,2026-01-21,0,0,0,0,0,0,0,0,0
349,2026-01-22,0,0,0,0,0,0,0,0,0
349,2026-01-23,0,0,0,0,0,0,0,0,0
349,2026-01-24,0,0,0,0,0,0,0,0,0
349,2026-01-25,7,7,5,2,1,4,0,0,2
349,2026-01-26,5,12,3,2,0,3,2,0,0
349,2026-01-27,2,14,2,0,0,1,0,1,0
349,2026-01-28,4,18,3,1,0,3,1,0,0
349,2026-01-29,4,22,3,1,1,2,1,0,0
349,2026-01-30,5,27,1,4,1,0,4,0,0
349,2026-01-31,6,33,2,4,0,1,3,1,1
349,2026-02-01,9,42,7,2,1,3,1,3,1
349,2026-02-02,3,45,2,1,0,2,1,0,0
349,2026-02-03,6,51,5,1,1,3,1,1,0
349,2026-02-04,9,60,8,1,3,5,0,0,1
349,2026-02-05,5,65,5,0,2,3,0,0,0
349,2026-02-06,9,74,8,1,2,6,1,0,0
349,2026-02-07,4,78,4,0,1,3,0,0,0
349,2026-02-08,8,86,6,2,1,5,1,0,1
349,2026-02-09,5,91,5,0,2,3,0,0,0
349,2026-02-10,2,93,2,0,0,1,0,1,0
350,2026-01-14,0,0,0,0,0,0,0,0,0
350,2026-01-15,0,0,0,0,0,0,0,0,0
350,2026-01-16,0,0,0,0,0,0,0,0,0
350,2026-01-17,0,0,0,0,0,0,0,0,0
350,2026-01-18,0,0,0,0,0,0,0,0,0
350,2026-01-19,0,0,0,0,0,0,0,0,0
350,2026-01-20,0,0,0,0,0,0,0,0,0
350,2026-01-21,0,0,0,0,0,0,0,0,0
350,2026-01-22,0,0,0,0,0,0,0,0,0
350,2026-01-23,0,0,0,0,0,0,0,0,0
350,2026-01-24,0,0,0,0,0,0,0,0,0
350,2026-01-25,7,7,6,1,3,2,1,1,0
350,2026-01-26,6,13,6,0,1,3,0,2,0
350,2026-01-27,4,17,4,0,1,2,0,1,0
350,2026-01-28,2,19,2,0,0,1,0,1,0
350,2026-01-29,6,25,5,1,0,5,1,0,0
350,2026-01-30,2,27,2,0,0,2,0,0,0
350,2026-01-31,3,30,1,2,0,1,0,0,2
350,2026-02-01,5,35,5,0,0,4,0,1,0
350,2026-02-02,5,40,4,1,1,3,0,0,1
350,2026-02-03,7,47,6,1,2,4,0,0,1
350,2026-02-04,3,50,1,2,0,1,0,0,2
350,2026-02-05,5,55,2,3,1,1,2,0,1
350,2026-02-06,5,60,4,1,2,2,0,0,1
350,2026-02-07,6,66,4,2,2,1,2,1,0
350,2026-02-08,9,75,6,3,1,5,2,0,1
350,2026-02-09,10,85,9,1,1,6,1,2,0
350,2026-02-10,7,92,6,1,2,2,1,2,0
351,2026-01-14,0,0,0,0,0,0,0,0,0
351,2026-01-15,0,0,0,0,0,0,0,0,0
351,2026-01-16,0,0,0,0,0,0,0,0,0
351,2026-01-17,0,0,0,0,0,0,0,0,0
351,2026-01-18,0,0,0,0,0,0,0,0,0
351,2026-01-19,0,0,0,0,0,0,0,0,0
351,2026-01-20,0,0,0,0,0,0,0,0,0
351,2026-01-21,0,0,0,0,0,0,0,0,0
351,2026-01-22,0,0,0,0,0,0,0,0,0
351,2026-01-23,0,0,0,0,0,0,0,0,0
351,2026-01-24,0,0,0,0,0,0,0,0,0
351,2026-01-25,5,5,5,0,1,4,0,0,0
351,2026-01-26,6,11,6,0,1,4,0,1,0
351,2026-01-27,7,18,7,0,2,5,0,0,0
351,2026-01-28,4,22,4,0,0,1,0,3,0
351,2026-01-29,4,26,2,2,0,2,2,0,0
351,2026-01-30,3,29,3,0,1,2,0,0,0
351,2026-01-31,3,32,3,0,1,1,0,1,0
351,2026-02-01,8,40,8,0,1,4,0,3,0
351,2026-02-02,2,42,2,0,0,2,0,0,0
351,2026-02-03,9,51,7,2,2,3,2,2,0
351,2026-02-04,5,56,4,1,1,1,0,2,1
351,2026-02-05,5,61,5,0,0,4,0,1,0
351,2026-02-06,9,70,8,1,1,7,1,0,0
351,2026-02-07,8,78,8,0,2,5,0,1,0
351,2026-02-08,8,86,8,0,3,3,0,2,0
351,2026-02-09,11,97,9,2,1,8,2,0,0
351,2026-02-10,3,100,3,0,0,3,0,0,0
352,2026-01-14,0,0,0,0,0,0,0,0,0
352,2026-01-15,0,0,0,0,0,0,0,0,0
352,2026-01-16,0,0,0,0,0,0,0,0,0
352,2026-01-17,0,0,0,0,0,0,0,0,0
352,2026-01-18,0,0,0,0,0,0,0,0,0
352,2026-01-19,0,0,0,0,0,0,0,0,0
352,2026-01-20,0,0,0,0,0,0,0,0,0
352,2026-01-21,0,0,0,0,0,0,0,0,0
352,2026-01-22,0,0,0,0,0,0,0,0,0
352,2026-01-23,0,0,0,0,0,0,0,0,0
352,2026-01-24,0,0,0,0,0,0,0,0,0
352,2026-01-25,5,5,4,1,2,1,1,1,0
352,2026-01-26,6,11,5,1,1,4,1,0,0
352,2026-01-27,3,14,2,1,0,1,1,1,0
352,2026-01-28,4,18,4,0,2,2,0,0,0
352,2026-01-29,4,22,4,0,1,3,0,0,0
352,2026-01-30,0,22,0,0,0,0,0,0,0
352,2026-01-31,6,28,6,0,2,3,0,1,0
352,2026-02-01,5,33,3,2,1,2,1,0,1
352,2026-02-02,2,35,1,1,0,1,1,0,0
352,2026-02-03,4,39,2,2,0,1,2,1,0
352,2026-02-04,2,41,2,0,0,1,0,1,0
352,2026-02-05,8,49,7,1,2,4,0,1,1
352,2026-02-06,6,55,5,1,2,3,1,0,0
352,2026-02-07,9,64,7,2,1,4,1,2,1
352,2026-02-08,5,69,2,3,0,1,2,1,1
352,2026-02-09,9,78,7,2,1,6,2,0,0
352,2026-02-10,4,82,3,1,0,3,1,0,0
353,2026-01-14,0,0,0,0,0,0,0,0,0
353,2026-01-15,0,0,0,0,0,0,0,0,0
353,2026-01-16,0,0,0,0,0,0,0,0,0
353,2026-01-17,0,0,0,0,0,0,0,0,0
353,2026-01-18,0,0,0,0,0,0,0,0,0
353,2026-01-19,0,0,0,0,0,0,0,0,0
353,2026-01-20,0,0,0,0,0,0,0,0,0
353,2026-01-21,0,0,0,0,0,0,0,0,0
353,2026-01-22,0,0,0,0,0,0,0,0,0
353,2026-01-23,0,0,0,0,0,0,0,0,0
353,2026-01-24,0,0,0,0,0,0,0,0,0
353,2026-01-25,6,6,5,1,1,4,1,0,0
353,2026-01-26,4,10,3,1,2,1,1,0,0
353,2026-01-27,2,12,2,0,0,2,0,0,0
353,2026-01-28,6,18,5,1,2,3,0,0,1
353,2026-01-29,3,21,2,1,1,1,1,0,0
353,2026-01-30,6,27,4,2,0,4,2,0,0
353,2026-01-31,4,31,4,0,2,1,0,1,0
353,2026-02-01,8,39,7,1,1,5,1,1,0
353,2026-02-02,8,47,7,1,2,3,1,2,0
353,2026-02-03,8,55,6,2,1,2,2,3,0
353,2026-02-04,7,62,7,0,4,3,0,0,0
353,2026-02-05,13,75,11,2,2,7,1,2,1
353,2026-02-06,12,87,12,0,2,7,0,3,0
353,2026-02-07,15,102,14,1,3,8,0,3,1
353,2026-02-08,17,119,10,7,2,6,4,2,3
353,2026-02-09,11,130,8,3,0,5,2,3,1
353,2026-02-10,11,141,10,1,1,7,1,2,0
354,2026-01-14,0,0,0,0,0,0,0,0,0
354,2026-01-15,0,0,0,0,0,0,0,0,0
354,2026-01-16,0,0,0,0,0,0,0,0,0
354,2026-01-17,0,0,0,0,0,0,0,0,0
354,2026-01-18,0,0,0,0,0,0,0,0,0
354,2026-01-19,0,0,0,0,0,0,0,0,0
354,2026-01-20,0,0,0,0,0,0,0,0,0
354,2026-01-21,0,0,0,0,0,0,0,0,0
354,2026-01-22,0,0,0,0,0,0,0,0,0
354,2026-01-23,0,0,0,0,0,0,0,0,0
354,2026-01-24,0,0,0,0,0,0,0,0,0
354,2026-01-25,8,8,5,3,2,3,2,0,1
354,2026-01-26,6,14,4,2,1,2,2,1,0
354,2026-01-27,7,21,5,2,0,4,1,1,1
354,2026-01-28,7,28,5,2,1,3,2,1,0
354,2026-01-29,5,33,3,2,1,2,2,0,0
354,2026-01-30,7,40,6,1,3,3,1,0,0
354,2026-01-31,13,53,10,3,2,8,3,0,0
354,2026-02-01,13,66,8,5,0,6,4,2,1
354,2026-02-02,10,76,5,5,1,4,2,0,3
354,2026-02-03,13,89,10,3,3,6,0,1,3
354,2026-02-04,20,109,14,6,6,8,4,0,2
354,2026-02-05,7,116,4,3,1,1,3,2,0
354,2026-02-06,17,133,15,2,3,9,2,3,0
354,2026-02-07,18,151,11,7,1,10,6,0,1
354,2026-02-08,14,165,12,2,2,9,2,1,0
354,2026-02-09,15,180,13,2,7,2,1,4,1
354,2026-02-10,23,203,18,5,6,12,3,0,2
355,2026-01-14,0,0,0,0,0,0,0,0,0
355,2026-01-15,0,0,0,0,0,0,0,0,0
355,2026-01-16,0,0,0,0,0,0,0,0,0
355,2026-01-17,0,0,0,0,0,0,0,0,0
355,2026-01-18,0,0,0,0,0,0,0,0,0
355,2026-01-19,0,0,0,0,0,0,0,0,0
355,2026-01-20,0,0,0,0,0,0,0,0,0
355,2026-01-21,0,0,0,0,0,0,0,0,0
355,2026-01-22,0,0,0,0,0,0,0,0,0
355,2026-01-23,0,0,0,0,0,0,0,0,0
355,2026-01-24,0,0,0,0,0,0,0,0,0
355,2026-01-25,8,8,5,3,2,2,1,1,2
355,2026-01-26,5,13,3,2,0,3,1,0,1
355,2026-01-27,1,14,1,0,0,1,0,0,0
355,2026-01-28,2,16,2,0,0,2,0,0,0
355,2026-01-29,3,19,2,1,1,1,0,0,1
355,2026-01-30,8,27,3,5,1,1,4,1,1
355,2026-01-31,5,32,4,1,0,4,1,0,0
355,2026-02-01,9,41,5,4,1,4,3,0,1
355,2026-02-02,6,47,5,1,1,2,1,2,0
355,2026-02-03,6,53,4,2,1,3,1,0,1
355,2026-02-04,7,60,7,0,1,6,0,0,0
355,2026-02-05,4,64,4,0,2,2,0,0,0
355,2026-02-06,9,73,5,4,0,4,3,1,1
355,2026-02-07,14,87,14,0,5,7,0,2,0
355,2026-02-08,5,92,4,1,1,2,0,1,1
355,2026-02-09,11,103,9,2,1,6,2,2,0
355,2026-02-10,6,109,6,0,0,5,0,1,0
356,2026-01-14,0,0,0,0,0,0,0,0,0
356,2026-01-15,0,0,0,0,0,0,0,0,0
356,2026-01-16,0,0,0,0,0,0,0,0,0
356,2026-01-17,0,0,0,0,0,0,0,0,0
356,2026-01-18,0,0,0,0,0,0,0,0,0
356,2026-01-19,0,0,0,0,0,0,0,0,0
356,2026-01-20,0,0,0,0,0,0,0,0,0
356,2026-01-21,0,0,0,0,0,0,0,0,0
356,2026-01-22,0,0,0,0,0,0,0,0,0
356,2026-01-23,0,0,0,0,0,0,0,0,0
356,2026-01-24,0,0,0,0,0,0,0,0,0
356,2026-01-25,7,7,5,2,2,2,1,1,1
356,2026-01-26,5,12,3,2,2,1,2,0,0
356,2026-01-27,2,14,1,1,0,0,1,1,0
356,2026-01-28,4,18,3,1,0,2,1,1,0
356,2026-01-29,3,21,2,1,1,1,1,0,0
356,2026-01-30,3,24,3,0,1,2,0,0,0
356,2026-01-31,3,27,2,1,1,1,1,0,0
356,2026-02-01,3,30,1,2,0,1,2,0,0
356,2026-02-02,5,35,5,0,1,2,0,2,0
356,2026-02-03,4,39,3,1,1,1,1,1,0
356,2026-02-04,10,49,4,6,1,3,4,0,2
356,2026-02-05,10,59,7,3,3,4,1,0,2
356,2026-02-06,10,69,8,2,2,6,2,0,0
356,2026-02-07,8,77,8,0,1,7,0,0,0
356,2026-02-08,7,84,7,0,0,6,0,1,0
356,2026-02-09,9,93,9,0,2,7,0,0,0
356,2026-02-10,8,101,8,0,2,5,0,1,0
357,2026-01-14,0,0,0,0,0,0,0,0,0
357,2026-01-15,0,0,0,0,0,0,0,0,0
357,2026-01-16,0,0,0,0,0,0,0,0,0
357,2026-01-17,0,0,0,0,0,0,0,0,0
357,2026-01-18,0,0,0,0,0,0,0,0,0
357,2026-01-19,0,0,0,0,0,0,0,0,0
357,2026-01-20,0,0,0,0,0,0,0,0,0
357,2026-01-21,0,0,0,0,0,0,0,0,0
357,2026-01-22,0,0,0,0,0,0,0,0,0
357,2026-01-23,0,0,0,0,0,0,0,0,0
357,2026-01-24,0,0,0,0,0,0,0,0,0
357,2026-01-25,9,9,7,2,2,5,2,0,0
357,2026-01-26,4,13,2,2,0,2,1,0,1
357,2026-01-27,4,17,4,0,1,3,0,0,0
357,2026-01-28,6,23,5,1,1,4,1,0,0
357,2026-01-29,5,28,4,1,0,4,1,0,0
357,2026-01-30,4,32,2,2,1,1,1,0,1
357,2026-01-31,9,41,7,2,1,5,2,1,0
357,2026-02-01,6,47,4,2,1,3,1,0,1
357,2026-02-02,7,54,6,1,3,3,0,0,1
357,2026-02-03,8,62,6,2,3,3,2,0,0
357,2026-02-04,10,72,8,2,3,4,1,1,1
357,2026-02-05,11,83,9,2,3,5,2,1,0
357,2026-02-06,13,96,10,3,4,5,1,1,2
357,2026-02-07,11,107,9,2,3,5,2,1,0
357,2026-02-08,13,120,12,1,2,10,1,0,0
357,2026-02-09,9,129,6,3,2,4,2,0,1
357,2026-02-10,9,138,8,1,2,4,1,2,0
358,2026-01-14,0,0,0,0,0,0,0,0,0
358,2026-01-15,0,0,0,0,0,0,0,0,0
358,2026-01-16,0,0,0,0,0,0,0,0,0
358,2026-01-17,0,0,0,0,0,0,0,0,0
358,2026-01-18,0,0,0,0,0,0,0,0,0
358,2026-01-19,0,0,0,0,0,0,0,0,0
358,2026-01-20,0,0,0,0,0,0,0,0,0
358,2026-01-21,0,0,0,0,0,0,0,0,0
358,2026-01-22,0,0,0,0,0,0,0,0,0
358,2026-01-23,0,0,0,0,0,0,0,0,0
358,2026-01-24,0,0,0,0,0,0,0,0,0
358,2026-01-25,7,7,6,1,3,3,1,0,0
358,2026-01-26,5,12,5,0,1,3,0,1,0
358,2026-01-27,0,12,0,0,0,0,0,0,0
358,2026-01-28,1,13,1,0,1,0,0,0,0
358,2026-01-29,2,15,1,1,1,0,1,0,0
358,2026-01-30,4,19,3,1,2,1,0,0,1
358,2026-01-31,5,24,5,0,0,5,0,0,0
358,2026-02-01,2,26,2,0,0,2,0,0,0
358,2026-02-02,3,29,2,1,0,1,1,1,0
358,2026-02-03,5,34,4,1,1,3,1,0,0
358,2026-02-04,6,40,5,1,3,2,1,0,0
358,2026-02-05,9,49,8,1,3,4,1,1,0
358,2026-02-06,2,51,2,0,1,1,0,0,0
358,2026-02-07,6,57,6,0,3,3,0,0,0
358,2026-02-08,5,62,5,0,0,5,0,0,0
358,2026-02-09,9,71,6,3,3,3,2,0,1
358,2026-02-10,6,77,5,1,1,2,1,2,0
359,2026-01-14,0,0,0,0,0,0,0,0,0
359,2026-01-15,0,0,0,0,0,0,0,0,0
359,2026-01-16,0,0,0,0,0,0,0,0,0
359,2026-01-17,0,0,0,0,0,0,0,0,0
359,2026-01-18,0,0,0,0,0,0,0,0,0
359,2026-01-19,0,0,0,0,0,0,0,0,0
359,2026-01-20,0,0,0,0,0,0,0,0,0
359,2026-01-21,0,0,0,0,0,0,0,0,0
359,2026-01-22,0,0,0,0,0,0,0,0,0
359,2026-01-23,0,0,0,0,0,0,0,0,0
359,2026-01-24,0,0,0,0,0,0,0,0,0
359,2026-01-25,8,8,5,3,3,2,3,0,0
359,2026-01-26,6,14,5,1,2,2,1,1,0
359,2026-01-27,3,17,2,1,0,2,1,0,0
359,2026-01-28,5,22,5,0,3,1,0,1,0
359,2026-01-29,9,31,7,2,4,1,2,2,0
359,2026-01-30,5,36,4,1,1,2,1,1,0
359,2026-01-31,3,39,3,0,1,2,0,0,0
359,2026-02-01,14,53,9,5,4,2,3,3,2
359,2026-02-02,9,62,7,2,3,4,2,0,0
359,2026-02-03,7,69,7,0,3,3,0,1,0
359,2026-02-04,11,80,8,3,1,6,3,1,0
359,2026-02-05,9,89,5,4,5,0,2,0,2
359,2026-02-06,12,101,8,4,3,4,4,1,0
359,2026-02-07,12,113,7,5,1,4,5,2,0
359,2026-02-08,15,128,12,3,4,7,2,1,1
359,2026-02-09,13,141,8,5,0,8,4,0,1
359,2026-02-10,7,148,6,1,2,3,1,1,0
360,2026-01-14,0,0,0,0,0,0,0,0,0
360,2026-01-15,0,0,0,0,0,0,0,0,0
360,2026-01-16,0,0,0,0,0,0,0,0,0
360,2026-01-17,0,0,0,0,0,0,0,0,0
360,2026-01-18,0,0,0,0,0,0,0,0,0
360,2026-01-19,0,0,0,0,0,0,0,0,0
360,2026-01-20,0,0,0,0,0,0,0,0,0
360,2026-01-21,0,0,0,0,0,0,0,0,0
360,2026-01-22,0,0,0,0,0,0,0,0,0
360,2026-01-23,0,0,0,0,0,0,0,0,0
360,2026-01-24,0,0,0,0,0,0,0,0,0
360,2026-01-25,4,4,4,0,2,2,0,0,0
360,2026-01-26,2,6,2,0,0,2,0,0,0
360,2026-01-27,3,9,2,1,2,0,1,0,0
360,2026-01-28,6,15,6,0,1,3,0,2,0
360,2026-01-29,5,20,5,0,2,3,0,0,0
360,2026-01-30,5,25,5,0,2,2,0,1,0
360,2026-01-31,2,27,2,0,1,1,0,0,0
360,2026-02-01,5,32,4,1,0,4,1,0,0
360,2026-02-02,5,37,4,1,1,3,1,0,0
360,2026-02-03,8,45,6,2,1,5,2,0,0
360,2026-02-04,6,51,5,1,1,4,0,0,1
360,2026-02-05,12,63,11,1,4,6,1,1,0
360,2026-02-06,6,69,5,1,2,3,1,0,0
360,2026-02-07,7,76,5,2,0,4,2,1,0
360,2026-02-08,4,80,4,0,1,3,0,0,0
360,2026-02-09,9,89,9,0,1,7,0,1,0
360,2026-02-10,12,101,11,1,5,4,1,2,0
361,2026-01-14,0,0,0,0,0,0,0,0,0
361,2026-01-15,0,0,0,0,0,0,0,0,0
361,2026-01-16,0,0,0,0,0,0,0,0,0
361,2026-01-17,0,0,0,0,0,0,0,0,0
361,2026-01-18,0,0,0,0,0,0,0,0,0
361,2026-01-19,0,0,0,0,0,0,0,0,0
361,2026-01-20,0,0,0,0,0,0,0,0,0
361,2026-01-21,0,0,0,0,0,0,0,0,0
361,2026-01-22,0,0,0,0,0,0,0,0,0
361,2026-01-23,0,0,0,0,0,0,0,0,0
361,2026-01-24,0,0,0,0,0,0,0,0,0
361,2026-01-25,5,5,2,3,0,1,3,1,0
361,2026-01-26,4,9,4,0,2,1,0,1,0
361,2026-01-27,4,13,4,0,1,3,0,0,0
361,2026-01-28,2,15,2,0,0,2,0,0,0
361,2026-01-29,8,23,8,0,3,5,0,0,0
361,2026-01-30,3,26,3,0,2,1,0,0,0
361,2026-01-31,7,33,6,1,4,1,1,1,0
361,2026-02-01,7,40,7,0,2,3,0,2,0
361,2026-02-02,8,48,6,2,2,4,2,0,0
361,2026-02-03,8,56,7,1,1,5,1,1,0
361,2026-02-04,12,68,12,0,3,9,0,0,0
361,2026-02-05,13,81,12,1,3,7,1,2,0
361,2026-02-06,4,85,2,2,0,2,2,0,0
361,2026-02-07,4,89,3,1,0,3,1,0,0
361,2026-02-08,10,99,8,2,1,7,2,0,0
361,2026-02-09,14,113,13,1,6,6,1,1,0
361,2026-02-10,11,124,9,2,3,6,2,0,0
362,2026-01-14,0,0,0,0,0,0,0,0,0
362,2026-01-15,0,0,0,0,0,0,0,0,0
362,2026-01-16,0,0,0,0,0,0,0,0,0
362,2026-01-17,0,0,0,0,0,0,0,0,0
362,2026-01-18,0,0,0,0,0,0,0,0,0
362,2026-01-19,0,0,0,0,0,0,0,0,0
362,2026-01-20,0,0,0,0,0,0,0,0,0
362,2026-01-21,0,0,0,0,0,0,0,0,0
362,2026-01-22,0,0,0,0,0,0,0,0,0
362,2026-01-23,0,0,0,0,0,0,0,0,0
362,2026-01-24,0,0,0,0,0,0,0,0,0
362,2026-01-25,5,5,4,1,2,2,1,0,0
362,2026-01-26,3,8,3,0,2,1,0,0,0
362,2026-01-27,2,10,1,1,1,0,1,0,0
362,2026-01-28,2,12,2,0,1,1,0,0,0
362,2026-01-29,3,15,2,1,1,1,1,0,0
362,2026-01-30,3,18,3,0,2,0,0,1,0
362,2026-01-31,3,21,2,1,0,2,1,0,0
362,2026-02-01,3,24,2,1,1,1,0,0,1
362,2026-02-02,9,33,7,2,3,4,2,0,0
362,2026-02-03,6,39,5,1,2,3,1,0,0
362,2026-02-04,6,45,6,0,3,3,0,0,0
362,2026-02-05,2,47,2,0,0,2,0,0,0
362,2026-02-06,4,51,4,0,1,3,0,0,0
362,2026-02-07,4,55,4,0,1,2,0,1,0
362,2026-02-08,5,60,4,1,0,4,1,0,0
362,2026-02-09,7,67,5,2,1,4,2,0,0
362,2026-02-10,1,68,1,0,0,1,0,0,0
363,2026-01-14,0,0,0,0,0,0,0,0,0
363,2026-01-15,0,0,0,0,0,0,0,0,0
363,2026-01-16,0,0,0,0,0,0,0,0,0
363,2026-01-17,0,0,0,0,0,0,0,0,0
363,2026-01-18,0,0,0,0,0,0,0,0,0
363,2026-01-19,0,0,0,0,0,0,0,0,0
363,2026-01-20,0,0,0,0,0,0,0,0,0
363,2026-01-21,0,0,0,0,0,0,0,0,0
363,2026-01-22,0,0,0,0,0,0,0,0,0
363,2026-01-23,0,0,0,0,0,0,0,0,0
363,2026-01-24,0,0,0,0,0,0,0,0,0
363,2026-01-25,5,5,5,0,2,3,0,0,0
363,2026-01-26,7,12,5,2,2,2,2,1,0
363,2026-01-27,5,17,3,2,0,3,2,0,0
363,2026-01-28,1,18,1,0,0,1,0,0,0
363,2026-01-29,3,21,2,1,1,1,0,0,1
363,2026-01-30,8,29,7,1,2,5,1,0,0
363,2026-01-31,8,37,7,1,1,6,1,0,0
363,2026-02-01,5,42,4,1,3,1,1,0,0
363,2026-02-02,6,48,6,0,2,4,0,0,0
363,2026-02-03,7,55,6,1,1,4,1,1,0
363,2026-02-04,7,62,6,1,0,5,1,1,0
363,2026-02-05,6,68,4,2,2,1,2,1,0
363,2026-02-06,4,72,3,1,0,3,1,0,0
363,2026-02-07,11,83,8,3,0,6,3,2,0
363,2026-02-08,7,90,6,1,1,4,1,1,0
363,2026-02-09,7,97,6,1,4,2,0,0,1
363,2026-02-10,9,106,9,0,5,3,0,1,0
364,2026-01-14,0,0,0,0,0,0,0,0,0
364,2026-01-15,0,0,0,0,0,0,0,0,0
364,2026-01-16,0,0,0,0,0,0,0,0,0
364,2026-01-17,0,0,0,0,0,0,0,0,0
364,2026-01-18,0,0,0,0,0,0,0,0,0
364,2026-01-19,0,0,0,0,0,0,0,0,0
364,2026-01-20,0,0,0,0,0,0,0,0,0
364,2026-01-21,0,0,0,0,0,0,0,0,0
364,2026-01-22,0,0,0,0,0,0,0,0,0
364,2026-01-23,0,0,0,0,0,0,0,0,0
364,2026-01-24,0,0,0,0,0,0,0,0,0
364,2026-01-25,6,6,6,0,1,5,0,0,0
364,2026-01-26,3,9,3,0,2,0,0,1,0
364,2026-01-27,4,13,3,1,1,2,1,0,0
364,2026-01-28,5,18,4,1,1,3,1,0,0
364,2026-01-29,3,21,3,0,2,0,0,1,0
364,2026-01-30,10,31,7,3,3,3,2,1,1
364,2026-01-31,4,35,2,2,0,2,2,0,0
364,2026-02-01,4,39,3,1,0,3,1,0,0
364,2026-02-02,7,46,7,0,2,4,0,1,0
364,2026-02-03,15,61,12,3,3,7,2,2,1
364,2026-02-04,7,68,6,1,3,2,1,1,0
364,2026-02-05,7,75,5,2,2,3,2,0,0
364,2026-02-06,2,77,2,0,1,1,0,0,0
364,2026-02-07,11,88,9,2,1,6,1,2,1
364,2026-02-08,8,96,6,2,4,2,2,0,0
364,2026-02-09,8,104,8,0,3,5,0,0,0
364,2026-02-10,11,115,9,2,1,7,1,1,1
365,2026-01-14,0,0,0,0,0,0,0,0,0
365,2026-01-15,0,0,0,0,0,0,0,0,0
365,2026-01-16,0,0,0,0,0,0,0,0,0
365,2026-01-17,0,0,0,0,0,0,0,0,0
365,2026-01-18,0,0,0,0,0,0,0,0,0
365,2026-01-19,0,0,0,0,0,0,0,0,0
365,2026-01-20,0,0,0,0,0,0,0,0,0
365,2026-01-21,0,0,0,0,0,0,0,0,0
365,2026-01-22,0,0,0,0,0,0,0,0,0
365,2026-01-23,0,0,0,0,0,0,0,0,0
365,2026-01-24,0,0,0,0,0,0,0,0,0
365,2026-01-25,7,7,6,1,2,4,0,0,1
365,2026-01-26,2,9,2,0,1,1,0,0,0
365,2026-01-27,9,18,6,3,0,6,1,0,2
365,2026-01-28,6,24,5,1,1,3,1,1,0
365,2026-01-29,2,26,2,0,0,2,0,0,0
365,2026-01-30,3,29,2,1,0,2,0,0,1
365,2026-01-31,2,31,2,0,1,1,0,0,0
365,2026-02-01,6,37,5,1,0,2,1,3,0
365,2026-02-02,3,40,3,0,3,0,0,0,0
365,2026-02-03,5,45,5,0,2,3,0,0,0
365,2026-02-04,9,54,5,4,2,3,3,0,1
365,2026-02-05,11,65,5,6,1,4,5,0,1
365,2026-02-06,6,71,5,1,1,3,1,1,0
365,2026-02-07,4,75,2,2,0,2,2,0,0
365,2026-02-08,11,86,6,5,1,4,5,1,0
365,2026-02-09,5,91,5,0,1,3,0,1,0
365,2026-02-10,4,95,3,1,2,1,1,0,0
366,2026-01-14,0,0,0,0,0,0,0,0,0
366,2026-01-15,0,0,0,0,0,0,0,0,0
366,2026-01-16,0,0,0,0,0,0,0,0,0
366,2026-01-17,0,0,0,0,0,0,0,0,0
366,2026-01-18,0,0,0,0,0,0,0,0,0
366,2026-01-19,0,0,0,0,0,0,0,0,0
366,2026-01-20,0,0,0,0,0,0,0,0,0
366,2026-01-21,0,0,0,0,0,0,0,0,0
366,2026-01-22,0,0,0,0,0,0,0,0,0
366,2026-01-23,0,0,0,0,0,0,0,0,0
366,2026-01-24,0,0,0,0,0,0,0,0,0
366,2026-01-25,2,2,2,0,0,1,0,1,0
366,2026-01-26,4,6,4,0,2,1,0,1,0
366,2026-01-27,5,11,4,1,2,1,1,1,0
366,2026-01-28,2,13,2,0,0,2,0,0,0
366,2026-01-29,5,18,4,1,1,3,1,0,0
366,2026-01-30,4,22,4,0,0,3,0,1,0
366,2026-01-31,5,27,1,4,0,1,1,0,3
366,2026-02-01,5,32,3,2,0,3,1,0,1
366,2026-02-02,1,33,0,1,0,0,0,0,1
366,2026-02-03,6,39,5,1,2,3,1,0,0
366,2026-02-04,5,44,5,0,1,4,0,0,0
366,2026-02-05,2,46,1,1,0,1,1,0,0
366,2026-02-06,6,52,4,2,2,1,2,1,0
366,2026-02-07,1,53,0,1,0,0,0,0,1
366,2026-02-08,0,53,0,0,0,0,0,0,0
366,2026-02-09,6,59,5,1,2,2,1,1,0
366,2026-02-10,8,67,7,1,1,6,1,0,0
367,2026-01-14,0,0,0,0,0,0,0,0,0
367,2026-01-15,0,0,0,0,0,0,0,0,0
367,2026-01-16,0,0,0,0,0,0,0,0,0
367,2026-01-17,0,0,0,0,0,0,0,0,0
367,2026-01-18,0,0,0,0,0,0,0,0,0
367,2026-01-19,0,0,0,0,0,0,0,0,0
367,2026-01-20,0,0,0,0,0,0,0,0,0
367,2026-01-21,0,0,0,0,0,0,0,0,0
367,2026-01-22,0,0,0,0,0,0,0,0,0
367,2026-01-23,0,0,0,0,0,0,0,0,0
367,2026-01-24,0,0,0,0,0,0,0,0,0
367,2026-01-25,5,5,4,1,1,3,1,0,0
367,2026-01-26,3,8,2,1,0,2,1,0,0
367,2026-01-27,2,10,2,0,1,1,0,0,0
367,2026-01-28,6,16,5,1,1,4,0,0,1
367,2026-01-29,9,25,8,1,5,3,0,0,1
367,2026-01-30,6,31,5,1,2,1,1,2,0
367,2026-01-31,5,36,4,1,0,4,1,0,0
367,2026-02-01,4,40,3,1,0,0,1,3,0
367,2026-02-02,4,44,4,0,1,3,0,0,0
367,2026-02-03,12,56,8,4,2,5,4,1,0
367,2026-02-04,8,64,7,1,4,3,1,0,0
367,2026-02-05,6,70,3,3,0,3,3,0,0
367,2026-02-06,13,83,9,4,4,4,4,1,0
367,2026-02-07,9,92,8,1,5,2,0,1,1
367,2026-02-08,9,101,8,1,4,3,1,1,0
367,2026-02-09,11,112,11,0,3,8,0,0,0
367,2026-02-10,9,121,5,4,1,3,4,1,0
368,2026-01-14,0,0,0,0,0,0,0,0,0
368,2026-01-15,0,0,0,0,0,0,0,0,0
368,2026-01-16,0,0,0,0,0,0,0,0,0
368,2026-01-17,0,0,0,0,0,0,0,0,0
368,2026-01-18,0,0,0,0,0,0,0,0,0
368,2026-01-19,0,0,0,0,0,0,0,0,0
368,2026-01-20,0,0,0,0,0,0,0,0,0
368,2026-01-21,0,0,0,0,0,0,0,0,0
368,2026-01-22,0,0,0,0,0,0,0,0,0
368,2026-01-23,0,0,0,0,0,0,0,0,0
368,2026-01-24,0,0,0,0,0,0,0,0,0
368,2026-01-25,10,10,8,2,2,4,2,2,0
368,2026-01-26,3,13,3,0,0,2,0,1,0
368,2026-01-27,3,16,1,2,0,0,2,1,0
368,2026-01-28,1,17,1,0,1,0,0,0,0
368,2026-01-29,1,18,1,0,0,1,0,0,0
368,2026-01-30,5,23,5,0,0,2,0,3,0
368,2026-01-31,7,30,4,3,2,1,3,1,0
368,2026-02-01,3,33,2,1,1,1,0,0,1
368,2026-02-02,5,38,5,0,0,4,0,1,0
368,2026-02-03,5,43,3,2,0,3,2,0,0
368,2026-02-04,6,49,5,1,2,3,1,0,0
368,2026-02-05,6,55,4,2,1,3,0,0,2
368,2026-02-06,5,60,5,0,1,4,0,0,0
368,2026-02-07,8,68,5,3,2,3,3,0,0
368,2026-02-08,5,73,4,1,2,2,1,0,0
368,2026-02-09,8,81,6,2,2,3,2,1,0
368,2026-02-10,6,87,4,2,2,2,2,0,0
369,2026-01-14,0,0,0,0,0,0,0,0,0
369,2026-01-15,0,0,0,0,0,0,0,0,0
369,2026-01-16,0,0,0,0,0,0,0,0,0
369,2026-01-17,0,0,0,0,0,0,0,0,0
369,2026-01-18,0,0,0,0,0,0,0,0,0
369,2026-01-19,0,0,0,0,0,0,0,0,0
369,2026-01-20,0,0,0,0,0,0,0,0,0
369,2026-01-21,0,0,0,0,0,0,0,0,0
369,2026-01-22,0,0,0,0,0,0,0,0,0
369,2026-01-23,0,0,0,0,0,0,0,0,0
369,2026-01-24,0,0,0,0,0,0,0,0,0
369,2026-01-25,7,7,5,2,2,2,2,1,0
369,2026-01-26,3,10,3,0,1,2,0,0,0
369,2026-01-27,8,18,7,1,5,2,0,0,1
369,2026-01-28,4,22,3,1,1,2,1,0,0
369,2026-01-29,4,26,3,1,2,1,1,0,0
369,2026-01-30,8,34,6,2,2,3,1,1,1
369,2026-01-31,9,43,8,1,4,3,0,1,1
369,2026-02-01,4,47,4,0,2,1,0,1,0
369,2026-02-02,5,52,4,1,2,1,1,1,0
369,2026-02-03,6,58,5,1,2,3,1,0,0
369,2026-02-04,7,65,6,1,1,3,1,2,0
369,2026-02-05,10,75,6,4,4,1,1,1,3
369,2026-02-06,11,86,8,3,2,6,3,0,0
369,2026-02-07,7,93,6,1,2,1,1,3,0
369,2026-02-08,7,100,5,2,2,3,2,0,0
369,2026-02-09,14,114,11,3,2,9,1,0,2
369,2026-02-10,15,129,11,4,3,6,3,2,1
370,2026-01-14,0,0,0,0,0,0,0,0,0
370,2026-01-15,0,0,0,0,0,0,0,0,0
370,2026-01-16,0,0,0,0,0,0,0,0,0
370,2026-01-17,0,0,0,0,0,0,0,0,0
370,2026-01-18,0,0,0,0,0,0,0,0,0
370,2026-01-19,0,0,0,0,0,0,0,0,0
370,2026-01-20,0,0,0,0,0,0,0,0,0
370,2026-01-21,0,0,0,0,0,0,0,0,0
370,2026-01-22,0,0,0,0,0,0,0,0,0
370,2026-01-23,0,0,0,0,0,0,0,0,0
370,2026-01-24,0,0,0,0,0,0,0,0,0
370,2026-01-25,11,11,10,1,4,6,0,0,1
370,2026-01-26,2,13,1,1,1,0,1,0,0
370,2026-01-27,1,14,1,0,0,1,0,0,0
370,2026-01-28,1,15,1,0,0,1,0,0,0
370,2026-01-29,3,18,3,0,0,3,0,0,0
370,2026-01-30,4,22,1,3,0,0,1,1,2
370,2026-01-31,5,27,5,0,0,3,0,2,0
370,2026-02-01,4,31,3,1,1,2,0,0,1
370,2026-02-02,9,40,5,4,2,3,3,0,1
370,2026-02-03,5,45,3,2,2,1,1,0,1
370,2026-02-04,5,50,3,2,0,3,2,0,0
370,2026-02-05,1,51,1,0,0,1,0,0,0
370,2026-02-06,5,56,4,1,0,4,1,0,0
370,2026-02-07,6,62,5,1,4,1,1,0,0
370,2026-02-08,4,66,4,0,1,3,0,0,0
370,2026-02-09,5,71,2,3,0,2,1,0,2
370,2026-02-10,5,76,3,2,1,1,2,1,0
371,2026-01-14,0,0,0,0,0,0,0,0,0
371,2026-01-15,0,0,0,0,0,0,0,0,0
371,2026-01-16,0,0,0,0,0,0,0,0,0
371,2026-01-17,0,0,0,0,0,0,0,0,0
371,2026-01-18,0,0,0,0,0,0,0,0,0
371,2026-01-19,0,0,0,0,0,0,0,0,0
371,2026-01-20,0,0,0,0,0,0,0,0,0
371,2026-01-21,0,0,0,0,0,0,0,0,0
371,2026-01-22,0,0,0,0,0,0,0,0,0
371,2026-01-23,0,0,0,0,0,0,0,0,0
371,2026-01-24,0,0,0,0,0,0,0,0,0
371,2026-01-25,3,3,3,0,0,3,0,0,0
371,2026-01-26,8,11,6,2,4,2,2,0,0
371,2026-01-27,1,12,1,0,1,0,0,0,0
371,2026-01-28,8,20,7,1,2,5,1,0,0
371,2026-01-29,5,25,4,1,2,2,1,0,0
371,2026-01-30,5,30,4,1,1,3,1,0,0
371,2026-01-31,7,37,5,2,1,3,2,1,0
371,2026-02-01,5,42,4,1,3,1,1,0,0
371,2026-02-02,5,47,4,1,3,1,1,0,0
371,2026-02-03,13,60,10,3,3,6,3,1,0
371,2026-02-04,9,69,7,2,2,5,1,0,1
371,2026-02-05,12,81,10,2,3,7,2,0,0
371,2026-02-06,8,89,8,0,4,3,0,1,0
371,2026-02-07,6,95,4,2,3,1,0,0,2
371,2026-02-08,12,107,7,5,1,4,4,2,1
371,2026-02-09,11,118,9,2,3,5,1,1,1
371,2026-02-10,13,131,9,4,2,5,3,2,1
372,2026-01-14,0,0,0,0,0,0,0,0,0
372,2026-01-15,0,0,0,0,0,0,0,0,0
372,2026-01-16,0,0,0,0,0,0,0,0,0
372,2026-01-17,0,0,0,0,0,0,0,0,0
372,2026-01-18,0,0,0,0,0,0,0,0,0
372,2026-01-19,0,0,0,0,0,0,0,0,0
372,2026-01-20,0,0,0,0,0,0,0,0,0
372,2026-01-21,0,0,0,0,0,0,0,0,0
372,2026-01-22,0,0,0,0,0,0,0,0,0
372,2026-01-23,0,0,0,0,0,0,0,0,0
372,2026-01-24,0,0,0,0,0,0,0,0,0
372,2026-01-25,8,8,6,2,1,5,2,0,0
372,2026-01-26,7,15,7,0,4,3,0,0,0
372,2026-01-27,2,17,1,1,1,0,1,0,0
372,2026-01-28,8,25,5,3,0,5,3,0,0
372,2026-01-29,3,28,2,1,1,1,1,0,0
372,2026-01-30,9,37,7,2,1,6,2,0,0
372,2026-01-31,6,43,5,1,1,3,1,1,0
372,2026-02-01,11,54,9,2,4,5,1,0,1
372,2026-02-02,8,62,5,3,2,3,2,0,1
372,2026-02-03,12,74,12,0,2,8,0,2,0
372,2026-02-04,10,84,9,1,3,5,1,1,0
372,2026-02-05,12,96,9,3,3,6,1,0,2
372,2026-02-06,18,114,12,6,2,9,3,1,3
372,2026-02-07,14,128,11,3,6,5,2,0,1
372,2026-02-08,18,146,10,8,5,4,4,1,4
372,2026-02-09,17,163,13,4,5,8,3,0,1
372,2026-02-10,14,177,9,5,5,4,5,0,0
373,2026-01-14,0,0,0,0,0,0,0,0,0
373,2026-01-15,0,0,0,0,0,0,0,0,0
373,2026-01-16,0,0,0,0,0,0,0,0,0
373,2026-01-17,0,0,0,0,0,0,0,0,0
373,2026-01-18,0,0,0,0,0,0,0,0,0
373,2026-01-19,0,0,0,0,0,0,0,0,0
373,2026-01-20,0,0,0,0,0,0,0,0,0
373,2026-01-21,0,0,0,0,0,0,0,0,0
373,2026-01-22,0,0,0,0,0,0,0,0,0
373,2026-01-23,0,0,0,0,0,0,0,0,0
373,2026-01-24,0,0,0,0,0,0,0,0,0
373,2026-01-25,3,3,3,0,1,1,0,1,0
373,2026-01-26,8,11,6,2,0,5,0,1,2
373,2026-01-27,2,13,1,1,0,0,0,1,1
373,2026-01-28,5,18,2,3,0,1,2,1,1
373,2026-01-29,5,23,5,0,2,2,0,1,0
373,2026-01-30,1,24,0,1,0,0,1,0,0
373,2026-01-31,8,32,5,3,1,4,2,0,1
373,2026-02-01,6,38,5,1,2,2,0,1,1
373,2026-02-02,7,45,5,2,1,2,2,2,0
373,2026-02-03,6,51,5,1,2,3,1,0,0
373,2026-02-04,8,59,8,0,3,5,0,0,0
373,2026-02-05,8,67,7,1,3,4,1,0,0
373,2026-02-06,9,76,7,2,1,5,2,1,0
373,2026-02-07,1,77,0,1,0,0,1,0,0
373,2026-02-08,5,82,4,1,0,3,0,1,1
373,2026-02-09,7,89,6,1,3,3,1,0,0
373,2026-02-10,14,103,12,2,4,7,2,1,0
374,2026-01-14,0,0,0,0,0,0,0,0,0
374,2026-01-15,0,0,0,0,0,0,0,0,0
374,2026-01-16,0,0,0,0,0,0,0,0,0
374,2026-01-17,0,0,0,0,0,0,0,0,0
374,2026-01-18,0,0,0,0,0,0,0,0,0
374,2026-01-19,0,0,0,0,0,0,0,0,0
374,2026-01-20,0,0,0,0,0,0,0,0,0
374,2026-01-21,0,0,0,0,0,0,0,0,0
374,2026-01-22,0,0,0,0,0,0,0,0,0
374,2026-01-23,0,0,0,0,0,0,0,0,0
374,2026-01-24,0,0,0,0,0,0,0,0,0
374,2026-01-25,5,5,4,1,1,2,0,1,1
374,2026-01-26,2,7,2,0,1,1,0,0,0
374,2026-01-27,1,8,1,0,0,1,0,0,0
374,2026-01-28,9,17,7,2,2,4,2,1,0
374,2026-01-29,11,28,10,1,3,6,0,1,1
374,2026-01-30,10,38,10,0,2,7,0,1,0
374,2026-01-31,6,44,4,2,0,3,1,1,1
374,2026-02-01,7,51,6,1,0,6,1,0,0
374,2026-02-02,12,63,12,0,1,11,0,0,0
374,2026-02-03,10,73,9,1,2,7,1,0,0
374,2026-02-04,7,80,5,2,3,2,2,0,0
374,2026-02-05,8,88,7,1,1,6,0,0,1
374,2026-02-06,12,100,10,2,2,7,1,1,1
374,2026-02-07,8,108,7,1,2,4,1,1,0
374,2026-02-08,13,121,9,4,4,5,2,0,2
374,2026-02-09,10,131,6,4,2,4,4,0,0
374,2026-02-10,17,148,13,4,4,9,2,0,2
375,2026-01-14,0,0,0,0,0,0,0,0,0
375,2026-01-15,0,0,0,0,0,0,0,0,0
375,2026-01-16,0,0,0,0,0,0,0,0,0
375,2026-01-17,0,0,0,0,0,0,0,0,0
375,2026-01-18,0,0,0,0,0,0,0,0,0
375,2026-01-19,0,0,0,0,0,0,0,0,0
375,2026-01-20,0,0,0,0,0,0,0,0,0
375,2026-01-21,0,0,0,0,0,0,0,0,0
375,2026-01-22,0,0,0,0,0,0,0,0,0
375,2026-01-23,0,0,0,0,0,0,0,0,0
375,2026-01-24,0,0,0,0,0,0,0,0,0
375,2026-01-25,9,9,8,1,2,4,0,2,1
375,2026-01-26,6,15,4,2,1,2,2,1,0
375,2026-01-27,5,20,4,1,1,3,1,0,0
375,2026-01-28,5,25,5,0,2,3,0,0,0
375,2026-01-29,12,37,11,1,2,7,0,2,1
375,2026-01-30,3,40,1,2,0,1,2,0,0
375,2026-01-31,9,49,9,0,3,6,0,0,0
375,2026-02-01,10,59,10,0,2,8,0,0,0
375,2026-02-02,6,65,6,0,2,3,0,1,0
375,2026-02-03,6,71,6,0,4,1,0,1,0
375,2026-02-04,8,79,7,1,3,3,1,1,0
375,2026-02-05,7,86,5,2,1,2,2,2,0
375,2026-02-06,9,95,7,2,2,5,1,0,1
375,2026-02-07,21,116,21,0,7,9,0,5,0
375,2026-02-08,10,126,9,1,7,1,1,1,0
375,2026-02-09,14,140,11,3,3,7,3,1,0
375,2026-02-10,18,158,17,1,3,11,1,3,0
376,2026-01-14,0,0,0,0,0,0,0,0,0
376,2026-01-15,0,0,0,0,0,0,0,0,0
376,2026-01-16,0,0,0,0,0,0,0,0,0
376,2026-01-17,0,0,0,0,0,0,0,0,0
376,2026-01-18,0,0,0,0,0,0,0,0,0
376,2026-01-19,0,0,0,0,0,0,0,0,0
376,2026-01-20,0,0,0,0,0,0,0,0,0
376,2026-01-21,0,0,0,0,0,0,0,0,0
376,2026-01-22,0,0,0,0,0,0,0,0,0
376,2026-01-23,0,0,0,0,0,0,0,0,0
376,2026-01-24,0,0,0,0,0,0,0,0,0
376,2026-01-25,4,4,4,0,0,4,0,0,0
376,2026-01-26,4,8,3,1,2,1,0,0,1
376,2026-01-27,3,11,2,1,2,0,1,0,0
376,2026-01-28,3,14,2,1,0,2,0,0,1
376,2026-01-29,5,19,5,0,1,4,0,0,0
376,2026-01-30,4,23,3,1,1,1,1,1,0
376,2026-01-31,2,25,2,0,1,1,0,0,0
376,2026-02-01,6,31,3,3,0,2,3,1,0
376,2026-02-02,8,39,5,3,3,2,2,0,1
376,2026-02-03,7,46,1,6,1,0,5,0,1
376,2026-02-04,6,52,5,1,1,3,0,1,1
376,2026-02-05,7,59,4,3,0,3,3,1,0
376,2026-02-06,8,67,5,3,1,1,3,3,0
376,2026-02-07,5,72,4,1,1,3,0,0,1
376,2026-02-08,10,82,6,4,2,3,3,1,1
376,2026-02-09,7,89,5,2,1,4,1,0,1
376,2026-02-10,13,102,6,7,2,3,4,1,3
377,2026-01-14,0,0,0,0,0,0,0,0,0
377,2026-01-15,0,0,0,0,0,0,0,0,0
377,2026-01-16,0,0,0,0,0,0,0,0,0
377,2026-01-17,0,0,0,0,0,0,0,0,0
377,2026-01-18,0,0,0,0,0,0,0,0,0
377,2026-01-19,0,0,0,0,0,0,0,0,0
377,2026-01-20,0,0,0,0,0,0,0,0,0
377,2026-01-21,0,0,0,0,0,0,0,0,0
377,2026-01-22,0,0,0,0,0,0,0,0,0
377,2026-01-23,0,0,0,0,0,0,0,0,0
377,2026-01-24,0,0,0,0,0,0,0,0,0
377,2026-01-25,2,2,2,0,0,2,0,0,0
377,2026-01-26,3,5,3,0,1,2,0,0,0
377,2026-01-27,4,9,4,0,2,2,0,0,0
377,2026-01-28,3,12,1,2,0,1,1,0,1
377,2026-01-29,2,14,2,0,2,0,0,0,0
377,2026-01-30,2,16,2,0,0,1,0,1,0
377,2026-01-31,2,18,2,0,0,1,0,1,0
377,2026-02-01,3,21,3,0,0,3,0,0,0
377,2026-02-02,4,25,4,0,1,2,0,1,0
377,2026-02-03,5,30,4,1,2,2,1,0,0
377,2026-02-04,1,31,1,0,1,0,0,0,0
377,2026-02-05,9,40,6,3,2,4,3,0,0
377,2026-02-06,2,42,2,0,2,0,0,0,0
377,2026-02-07,6,48,5,1,1,4,1,0,0
377,2026-02-08,6,54,4,2,1,2,1,1,1
377,2026-02-09,4,58,3,1,0,2,1,1,0
377,2026-02-10,7,65,6,1,1,5,1,0,0
378,2026-01-14,0,0,0,0,0,0,0,0,0
378,2026-01-15,0,0,0,0,0,0,0,0,0
378,2026-01-16,0,0,0,0,0,0,0,0,0
378,2026-01-17,0,0,0,0,0,0,0,0,0
378,2026-01-18,0,0,0,0,0,0,0,0,0
378,2026-01-19,0,0,0,0,0,0,0,0,0
378,2026-01-20,0,0,0,0,0,0,0,0,0
378,2026-01-21,0,0,0,0,0,0,0,0,0
378,2026-01-22,0,0,0,0,0,0,0,0,0
378,2026-01-23,0,0,0,0,0,0,0,0,0
378,2026-01-24,0,0,0,0,0,0,0,0,0
378,2026-01-25,9,9,6,3,1,4,3,1,0
378,2026-01-26,1,10,1,0,0,1,0,0,0
378,2026-01-27,5,15,5,0,1,3,0,1,0
378,2026-01-28,1,16,1,0,0,1,0,0,0
378,2026-01-29,5,21,4,1,2,2,1,0,0
378,2026-01-30,4,25,4,0,1,3,0,0,0
378,2026-01-31,7,32,5,2,0,4,2,1,0
378,2026-02-01,4,36,4,0,0,4,0,0,0
378,2026-02-02,3,39,3,0,1,2,0,0,0
378,2026-02-03,6,45,6,0,3,2,0,1,0
378,2026-02-04,6,51,5,1,0,2,1,3,0
378,2026-02-05,11,62,7,4,3,3,4,1,0
378,2026-02-06,6,68,4,2,1,3,1,0,1
378,2026-02-07,7,75,7,0,1,6,0,0,0
378,2026-02-08,11,86,11,0,3,7,0,1,0
378,2026-02-09,9,95,8,1,3,4,0,1,1
378,2026-02-10,6,101,5,1,1,4,0,0,1
379,2026-01-14,0,0,0,0,0,0,0,0,0
379,2026-01-15,0,0,0,0,0,0,0,0,0
379,2026-01-16,0,0,0,0,0,0,0,0,0
379,2026-01-17,0,0,0,0,0,0,0,0,0
379,2026-01-18,0,0,0,0,0,0,0,0,0
379,2026-01-19,0,0,0,0,0,0,0,0,0
379,2026-01-20,0,0,0,0,0,0,0,0,0
379,2026-01-21,0,0,0,0,0,0,0,0,0
379,2026-01-22,0,0,0,0,0,0,0,0,0
379,2026-01-23,0,0,0,0,0,0,0,0,0
379,2026-01-24,0,0,0,0,0,0,0,0,0
379,2026-01-25,3,3,2,1,0,1,1,1,0
379,2026-01-26,7,10,5,2,1,3,1,1,1
379,2026-01-27,4,14,4,0,1,3,0,0,0
379,2026-01-28,1,15,1,0,0,1,0,0,0
379,2026-01-29,2,17,2,0,2,0,0,0,0
379,2026-01-30,5,22,4,1,0,4,1,0,0
379,2026-01-31,3,25,3,0,0,2,0,1,0
379,2026-02-01,1,26,1,0,0,1,0,0,0
379,2026-02-02,5,31,4,1,1,2,1,1,0
379,2026-02-03,1,32,1,0,0,1,0,0,0
379,2026-02-04,4,36,4,0,0,4,0,0,0
379,2026-02-05,0,36,0,0,0,0,0,0,0
379,2026-02-06,2,38,2,0,0,2,0,0,0
379,2026-02-07,3,41,2,1,1,1,1,0,0
379,2026-02-08,3,44,3,0,1,1,0,1,0
379,2026-02-09,5,49,5,0,2,3,0,0,0
379,2026-02-10,1,50,1,0,0,1,0,0,0
380,2026-01-14,0,0,0,0,0,0,0,0,0
380,2026-01-15,0,0,0,0,0,0,0,0,0
380,2026-01-16,0,0,0,0,0,0,0,0,0
380,2026-01-17,0,0,0,0,0,0,0,0,0
380,2026-01-18,0,0,0,0,0,0,0,0,0
380,2026-01-19,0,0,0,0,0,0,0,0,0
380,2026-01-20,0,0,0,0,0,0,0,0,0
380,2026-01-21,0,0,0,0,0,0,0,0,0
380,2026-01-22,0,0,0,0,0,0,0,0,0
380,2026-01-23,0,0,0,0,0,0,0,0,0
380,2026-01-24,0,0,0,0,0,0,0,0,0
380,2026-01-25,5,5,4,1,1,3,0,0,1
380,2026-01-26,5,10,5,0,1,4,0,0,0
380,2026-01-27,4,14,2,2,0,1,1,1,1
380,2026-01-28,5,19,3,2,2,1,2,0,0
380,2026-01-29,1,20,1,0,1,0,0,0,0
380,2026-01-30,3,23,3,0,1,2,0,0,0
380,2026-01-31,5,28,5,0,1,4,0,0,0
380,2026-02-01,7,35,5,2,3,2,1,0,1
380,2026-02-02,4,39,3,1,1,2,0,0,1
380,2026-02-03,5,44,4,1,2,2,0,0,1
380,2026-02-04,5,49,5,0,2,1,0,2,0
380,2026-02-05,6,55,4,2,2,1,2,1,0
380,2026-02-06,13,68,12,1,8,4,1,0,0
380,2026-02-07,4,72,4,0,2,2,0,0,0
380,2026-02-08,4,76,4,0,1,3,0,0,0
380,2026-02-09,5,81,2,3,1,1,1,0,2
380,2026-02-10,6,87,4,2,1,3,2,0,0
381,2026-01-14,0,0,0,0,0,0,0,0,0
381,2026-01-15,0,0,0,0,0,0,0,0,0
381,2026-01-16,0,0,0,0,0,0,0,0,0
381,2026-01-17,0,0,0,0,0,0,0,0,0
381,2026-01-18,0,0,0,0,0,0,0,0,0
381,2026-01-19,0,0,0,0,0,0,0,0,0
381,2026-01-20,0,0,0,0,0,0,0,0,0
381,2026-01-21,0,0,0,0,0,0,0,0,0
381,2026-01-22,0,0,0,0,0,0,0,0,0
381,2026-01-23,0,0,0,0,0,0,0,0,0
381,2026-01-24,0,0,0,0,0,0,0,0,0
381,2026-01-25,6,6,4,2,2,1,2,1,0
381,2026-01-26,2,8,2,0,0,2,0,0,0
381,2026-01-27,5,13,3,2,0,3,2,0,0
381,2026-01-28,3,16,2,1,1,1,1,0,0
381,2026-01-29,3,19,2,1,1,1,0,0,1
381,2026-01-30,4,23,4,0,2,2,0,0,0
381,2026-01-31,3,26,3,0,1,1,0,1,0
381,2026-02-01,2,28,2,0,1,1,0,0,0
381,2026-02-02,4,32,3,1,0,2,0,1,1
381,2026-02-03,6,38,3,3,0,3,3,0,0
381,2026-02-04,1,39,1,0,0,1,0,0,0
381,2026-02-05,5,44,5,0,3,1,0,1,0
381,2026-02-06,6,50,5,1,1,1,1,3,0
381,2026-02-07,1,51,1,0,0,0,0,1,0
381,2026-02-08,6,57,6,0,2,4,0,0,0
381,2026-02-09,4,61,3,1,1,2,1,0,0
381,2026-02-10,3,64,3,0,0,3,0,0,0
382,2026-01-14,0,0,0,0,0,0,0,0,0
382,2026-01-15,0,0,0,0,0,0,0,0,0
382,2026-01-16,0,0,0,0,0,0,0,0,0
382,2026-01-17,0,0,0,0,0,0,0,0,0
382,2026-01-18,0,0,0,0,0,0,0,0,0
382,2026-01-19,0,0,0,0,0,0,0,0,0
382,2026-01-20,0,0,0,0,0,0,0,0,0
382,2026-01-21,0,0,0,0,0,0,0,0,0
382,2026-01-22,0,0,0,0,0,0,0,0,0
382,2026-01-23,0,0,0,0,0,0,0,0,0
382,2026-01-24,0,0,0,0,0,0,0,0,0
382,2026-01-25,2,2,2,0,0,1,0,1,0
382,2026-01-26,3,5,2,1,0,2,1,0,0
382,2026-01-27,2,7,1,1,0,1,0,0,1
382,2026-01-28,4,11,1,3,0,1,0,0,3
382,2026-01-29,1,12,0,1,0,0,1,0,0
382,2026-01-30,6,18,5,1,2,2,1,1,0
382,2026-01-31,3,21,3,0,0,3,0,0,0
382,2026-02-01,5,26,3,2,0,2,2,1,0
382,2026-02-02,1,27,0,1,0,0,0,0,1
382,2026-02-03,6,33,4,2,1,3,2,0,0
382,2026-02-04,7,40,6,1,0,6,1,0,0
382,2026-02-05,2,42,2,0,1,1,0,0,0
382,2026-02-06,6,48,6,0,2,4,0,0,0
382,2026-02-07,11,59,8,3,2,5,3,1,0
382,2026-02-08,4,63,3,1,2,1,1,0,0
382,2026-02-09,7,70,7,0,2,5,0,0,0
382,2026-02-10,11,81,10,1,3,5,0,2,1
383,2026-01-14,0,0,0,0,0,0,0,0,0
383,2026-01-15,0,0,0,0,0,0,0,0,0
383,2026-01-16,0,0,0,0,0,0,0,0,0
383,2026-01-17,0,0,0,0,0,0,0,0,0
383,2026-01-18,0,0,0,0,0,0,0,0,0
383,2026-01-19,0,0,0,0,0,0,0,0,0
383,2026-01-20,0,0,0,0,0,0,0,0,0
383,2026-01-21,0,0,0,0,0,0,0,0,0
383,2026-01-22,0,0,0,0,0,0,0,0,0
383,2026-01-23,0,0,0,0,0,0,0,0,0
383,2026-01-24,0,0,0,0,0,0,0,0,0
383,2026-01-25,11,11,8,3,3,4,2,1,1
383,2026-01-26,8,19,6,2,2,2,2,2,0
383,2026-01-27,1,20,1,0,0,1,0,0,0
383,2026-01-28,3,23,3,0,1,1,0,1,0
383,2026-01-29,2,25,2,0,0,1,0,1,0
383,2026-01-30,2,27,2,0,2,0,0,0,0
383,2026-01-31,4,31,3,1,2,1,1,0,0
383,2026-02-01,7,38,6,1,1,4,1,1,0
383,2026-02-02,4,42,3,1,1,2,0,0,1
383,2026-02-03,2,44,2,0,0,2,0,0,0
383,2026-02-04,9,53,8,1,3,4,1,1,0
383,2026-02-05,5,58,4,1,2,2,0,0,1
383,2026-02-06,11,69,10,1,2,5,1,3,0
383,2026-02-07,8,77,5,3,1,4,3,0,0
383,2026-02-08,11,88,10,1,1,9,1,0,0
383,2026-02-09,8,96,6,2,1,5,2,0,0
383,2026-02-10,15,111,12,3,5,7,3,0,0
384,2026-01-14,0,0,0,0,0,0,0,0,0
384,2026-01-15,0,0,0,0,0,0,0,0,0
384,2026-01-16,0,0,0,0,0,0,0,0,0
384,2026-01-17,0,0,0,0,0,0,0,0,0
384,2026-01-18,0,0,0,0,0,0,0,0,0
384,2026-01-19,0,0,0,0,0,0,0,0,0
384,2026-01-20,0,0,0,0,0,0,0,0,0
384,2026-01-21,0,0,0,0,0,0,0,0,0
384,2026-01-22,0,0,0,0,0,0,0,0,0
384,2026-01-23,0,0,0,0,0,0,0,0,0
384,2026-01-24,0,0,0,0,0,0,0,0,0
384,2026-01-25,4,4,3,1,2,0,0,1,1
384,2026-01-26,4,8,4,0,1,3,0,0,0
384,2026-01-27,4,12,4,0,1,0,0,3,0
384,2026-01-28,4,16,3,1,1,1,1,1,0
384,2026-01-29,4,20,4,0,0,3,0,1,0
384,2026-01-30,3,23,2,1,0,2,1,0,0
384,2026-01-31,7,30,7,0,4,3,0,0,0
384,2026-02-01,2,32,2,0,0,2,0,0,0
384,2026-02-02,8,40,7,1,4,2,1,1,0
384,2026-02-03,7,47,5,2,2,3,2,0,0
384,2026-02-04,5,52,2,3,2,0,2,0,1
384,2026-02-05,4,56,2,2,0,2,1,0,1
384,2026-02-06,7,63,4,3,1,3,3,0,0
384,2026-02-07,5,68,4,1,3,1,1,0,0
384,2026-02-08,2,70,1,1,0,1,1,0,0
384,2026-02-09,9,79,8,1,1,7,0,0,1
384,2026-02-10,10,89,9,1,2,6,1,1,0
385,2026-01-14,0,0,0,0,0,0,0,0,0
385,2026-01-15,0,0,0,0,0,0,0,0,0
385,2026-01-16,0,0,0,0,0,0,0,0,0
385,2026-01-17,0,0,0,0,0,0,0,0,0
385,2026-01-18,0,0,0,0,0,0,0,0,0
385,2026-01-19,0,0,0,0,0,0,0,0,0
385,2026-01-20,0,0,0,0,0,0,0,0,0
385,2026-01-21,0,0,0,0,0,0,0,0,0
385,2026-01-22,0,0,0,0,0,0,0,0,0
385,2026-01-23,0,0,0,0,0,0,0,0,0
385,2026-01-24,0,0,0,0,0,0,0,0,0
385,2026-01-25,6,6,5,1,2,2,1,1,0
385,2026-01-26,3,9,3,0,1,0,0,2,0
385,2026-01-27,3,12,3,0,1,2,0,0,0
385,2026-01-28,7,19,6,1,4,2,1,0,0
385,2026-01-29,3,22,1,2,0,1,2,0,0
385,2026-01-30,3,25,1,2,0,0,1,1,1
385,2026-01-31,5,30,4,1,3,1,1,0,0
385,2026-02-01,4,34,4,0,0,4,0,0,0
385,2026-02-02,8,42,3,5,0,2,4,1,1
385,2026-02-03,6,48,4,2,2,2,1,0,1
385,2026-02-04,10,58,7,3,1,6,1,0,2
385,2026-02-05,5,63,3,2,1,2,1,0,1
385,2026-02-06,4,67,3,1,0,3,0,0,1
385,2026-02-07,3,70,3,0,1,2,0,0,0
385,2026-02-08,10,80,7,3,3,4,2,0,1
385,2026-02-09,7,87,5,2,1,3,2,1,0
385,2026-02-10,7,94,5,2,3,1,2,1,0
386,2026-01-14,0,0,0,0,0,0,0,0,0
386,2026-01-15,0,0,0,0,0,0,0,0,0
386,2026-01-16,0,0,0,0,0,0,0,0,0
386,2026-01-17,0,0,0,0,0,0,0,0,0
386,2026-01-18,0,0,0,0,0,0,0,0,0
386,2026-01-19,0,0,0,0,0,0,0,0,0
386,2026-01-20,0,0,0,0,0,0,0,0,0
386,2026-01-21,0,0,0,0,0,0,0,0,0
386,2026-01-22,0,0,0,0,0,0,0,0,0
386,2026-01-23,0,0,0,0,0,0,0,0,0
386,2026-01-24,0,0,0,0,0,0,0,0,0
386,2026-01-25,1,1,1,0,0,1,0,0,0
386,2026-01-26,5,6,5,0,2,3,0,0,0
386,2026-01-27,3,9,2,1,1,1,1,0,0
386,2026-01-28,4,13,4,0,1,3,0,0,0
386,2026-01-29,3,16,2,1,0,2,1,0,0
386,2026-01-30,6,22,6,0,4,2,0,0,0
386,2026-01-31,3,25,3,0,0,3,0,0,0
386,2026-02-01,7,32,5,2,3,2,2,0,0
386,2026-02-02,3,35,3,0,1,2,0,0,0
386,2026-02-03,5,40,4,1,2,2,1,0,0
386,2026-02-04,2,42,2,0,1,1,0,0,0
386,2026-02-05,3,45,3,0,2,1,0,0,0
386,2026-02-06,2,47,2,0,0,2,0,0,0
386,2026-02-07,4,51,3,1,1,2,0,0,1
386,2026-02-08,3,54,3,0,0,3,0,0,0
386,2026-02-09,5,59,5,0,2,2,0,1,0
386,2026-02-10,6,65,5,1,1,4,0,0,1
387,2026-01-14,0,0,0,0,0,0,0,0,0
387,2026-01-15,0,0,0,0,0,0,0,0,0
387,2026-01-16,0,0,0,0,0,0,0,0,0
387,2026-01-17,0,0,0,0,0,0,0,0,0
387,2026-01-18,0,0,0,0,0,0,0,0,0
387,2026-01-19,0,0,0,0,0,0,0,0,0
387,2026-01-20,0,0,0,0,0,0,0,0,0
387,2026-01-21,0,0,0,0,0,0,0,0,0
387,2026-01-22,0,0,0,0,0,0,0,0,0
387,2026-01-23,0,0,0,0,0,0,0,0,0
387,2026-01-24,0,0,0,0,0,0,0,0,0
387,2026-01-25,10,10,9,1,5,4,0,0,1
387,2026-01-26,4,14,3,1,0,3,0,0,1
387,2026-01-27,5,19,3,2,2,1,1,0,1
387,2026-01-28,5,24,5,0,4,1,0,0,0
387,2026-01-29,4,28,3,1,0,3,1,0,0
387,2026-01-30,6,34,4,2,1,3,2,0,0
387,2026-01-31,7,41,5,2,2,3,1,0,1
387,2026-02-01,5,46,4,1,1,3,1,0,0
387,2026-02-02,8,54,6,2,2,3,2,1,0
387,2026-02-03,10,64,6,4,2,4,4,0,0
387,2026-02-04,9,73,6,3,1,5,3,0,0
387,2026-02-05,11,84,10,1,3,6,1,1,0
387,2026-02-06,12,96,12,0,4,7,0,1,0
387,2026-02-07,5,101,4,1,1,2,0,1,1
387,2026-02-08,15,116,14,1,4,7,1,3,0
387,2026-02-09,16,132,12,4,2,7,4,3,0
387,2026-02-10,12,144,11,1,3,6,0,2,1
388,2026-01-14,0,0,0,0,0,0,0,0,0
388,2026-01-15,0,0,0,0,0,0,0,0,0
388,2026-01-16,0,0,0,0,0,0,0,0,0
388,2026-01-17,0,0,0,0,0,0,0,0,0
388,2026-01-18,0,0,0,0,0,0,0,0,0
388,2026-01-19,0,0,0,0,0,0,0,0,0
388,2026-01-20,0,0,0,0,0,0,0,0,0
388,2026-01-21,0,0,0,0,0,0,0,0,0
388,2026-01-22,0,0,0,0,0,0,0,0,0
388,2026-01-23,0,0,0,0,0,0,0,0,0
388,2026-01-24,0,0,0,0,0,0,0,0,0
388,2026-01-25,4,4,2,2,1,1,1,0,1
388,2026-01-26,3,7,1,2,0,1,2,0,0
388,2026-01-27,1,8,1,0,1,0,0,0,0
388,2026-01-28,2,10,1,1,0,0,1,1,0
388,2026-01-29,0,10,0,0,0,0,0,0,0
388,2026-01-30,5,15,4,1,0,2,1,2,0
388,2026-01-31,5,20,4,1,1,3,1,0,0
388,2026-02-01,0,20,0,0,0,0,0,0,0
388,2026-02-02,8,28,5,3,1,4,2,0,1
388,2026-02-03,1,29,1,0,1,0,0,0,0
388,2026-02-04,5,34,5,0,1,3,0,1,0
388,2026-02-05,4,38,2,2,0,1,2,1,0
388,2026-02-06,7,45,5,2,1,4,1,0,1
388,2026-02-07,1,46,1,0,0,0,0,1,0
388,2026-02-08,4,50,3,1,0,2,0,1,1
388,2026-02-09,5,55,2,3,1,1,2,0,1
388,2026-02-10,11,66,8,3,3,3,2,2,1
389,2026-01-14,0,0,0,0,0,0,0,0,0
389,2026-01-15,0,0,0,0,0,0,0,0,0
389,2026-01-16,0,0,0,0,0,0,0,0,0
389,2026-01-17,0,0,0,0,0,0,0,0,0
389,2026-01-18,0,0,0,0,0,0,0,0,0
389,2026-01-19,0,0,0,0,0,0,0,0,0
389,2026-01-20,0,0,0,0,0,0,0,0,0
389,2026-01-21,0,0,0,0,0,0,0,0,0
389,2026-01-22,0,0,0,0,0,0,0,0,0
389,2026-01-23,0,0,0,0,0,0,0,0,0
389,2026-01-24,0,0,0,0,0,0,0,0,0
389,2026-01-25,5,5,3,2,1,1,2,1,0
389,2026-01-26,5,10,4,1,1,1,1,2,0
389,2026-01-27,4,14,1,3,0,1,2,0,1
389,2026-01-28,5,19,5,0,1,3,0,1,0
389,2026-01-29,1,20,1,0,1,0,0,0,0
389,2026-01-30,6,26,6,0,2,4,0,0,0
389,2026-01-31,5,31,2,3,0,2,3,0,0
389,2026-02-01,4,35,3,1,1,2,1,0,0
389,2026-02-02,5,40,3,2,1,1,2,1,0
389,2026-02-03,5,45,5,0,1,3,0,1,0
389,2026-02-04,5,50,1,4,1,0,4,0,0
389,2026-02-05,8,58,7,1,2,5,1,0,0
389,2026-02-06,5,63,4,1,1,2,0,1,1
389,2026-02-07,11,74,7,4,2,5,3,0,1
389,2026-02-08,7,81,6,1,4,2,1,0,0
389,2026-02-09,9,90,5,4,2,2,4,1,0
389,2026-02-10,11,101,5,6,1,4,4,0,2
390,2026-01-14,0,0,0,0,0,0,0,0,0
390,2026-01-15,0,0,0,0,0,0,0,0,0
390,2026-01-16,0,0,0,0,0,0,0,0,0
390,2026-01-17,0,0,0,0,0,0,0,0,0
390,2026-01-18,0,0,0,0,0,0,0,0,0
390,2026-01-19,0,0,0,0,0,0,0,0,0
390,2026-01-20,0,0,0,0,0,0,0,0,0
390,2026-01-21,0,0,0,0,0,0,0,0,0
390,2026-01-22,0,0,0,0,0,0,0,0,0
390,2026-01-23,0,0,0,0,0,0,0,0,0
390,2026-01-24,0,0,0,0,0,0,0,0,0
390,2026-01-25,8,8,6,2,0,6,2,0,0
390,2026-01-26,6,14,6,0,1,5,0,0,0
390,2026-01-27,6,20,4,2,1,3,1,0,1
390,2026-01-28,0,20,0,0,0,0,0,0,0
390,2026-01-29,3,23,3,0,1,2,0,0,0
390,2026-01-30,3,26,1,2,1,0,2,0,0
390,2026-01-31,7,33,4,3,0,3,2,1,1
390,2026-02-01,4,37,4,0,1,3,0,0,0
390,2026-02-02,4,41,3,1,1,2,0,0,1
390,2026-02-03,4,45,2,2,0,2,2,0,0
390,2026-02-04,8,53,5,3,3,2,3,0,0
390,2026-02-05,4,57,2,2,0,2,2,0,0
390,2026-02-06,6,63,6,0,1,4,0,1,0
390,2026-02-07,8,71,8,0,3,5,0,0,0
390,2026-02-08,10,81,8,2,1,6,1,1,1
390,2026-02-09,14,95,13,1,2,11,0,0,1
390,2026-02-10,6,101,5,1,1,3,1,1,0
391,2026-01-14,0,0,0,0,0,0,0,0,0
391,2026-01-15,0,0,0,0,0,0,0,0,0
391,2026-01-16,0,0,0,0,0,0,0,0,0
391,2026-01-17,0,0,0,0,0,0,0,0,0
391,2026-01-18,0,0,0,0,0,0,0,0,0
391,2026-01-19,0,0,0,0,0,0,0,0,0
391,2026-01-20,0,0,0,0,0,0,0,0,0
391,2026-01-21,0,0,0,0,0,0,0,0,0
391,2026-01-22,0,0,0,0,0,0,0,0,0
391,2026-01-23,0,0,0,0,0,0,0,0,0
391,2026-01-24,0,0,0,0,0,0,0,0,0
391,2026-01-25,5,5,5,0,0,4,0,1,0
391,2026-01-26,3,8,1,2,0,1,2,0,0
391,2026-01-27,5,13,5,0,2,3,0,0,0
391,2026-01-28,4,17,4,0,0,2,0,2,0
391,2026-01-29,4,21,2,2,1,1,1,0,1
391,2026-01-30,1,22,1,0,1,0,0,0,0
391,2026-01-31,7,29,6,1,2,3,0,1,1
391,2026-02-01,5,34,3,2,1,0,1,2,1
391,2026-02-02,11,45,9,2,2,6,2,1,0
391,2026-02-03,6,51,3,3,1,2,3,0,0
391,2026-02-04,11,62,8,3,3,5,2,0,1
391,2026-02-05,7,69,6,1,6,0,1,0,0
391,2026-02-06,3,72,1,2,0,0,2,1,0
391,2026-02-07,12,84,10,2,3,5,1,2,1
391,2026-02-08,5,89,5,0,2,2,0,1,0
391,2026-02-09,8,97,7,1,1,6,0,0,1
391,2026-02-10,5,102,5,0,1,4,0,0,0
392,2026-01-14,0,0,0,0,0,0,0,0,0
392,2026-01-15,0,0,0,0,0,0,0,0,0
392,2026-01-16,0,0,0,0,0,0,0,0,0
392,2026-01-17,0,0,0,0,0,0,0,0,0
392,2026-01-18,0,0,0,0,0,0,0,0,0
392,2026-01-19,0,0,0,0,0,0,0,0,0
392,2026-01-20,0,0,0,0,0,0,0,0,0
392,2026-01-21,0,0,0,0,0,0,0,0,0
392,2026-01-22,0,0,0,0,0,0,0,0,0
392,2026-01-23,0,0,0,0,0,0,0,0,0
392,2026-01-24,0,0,0,0,0,0,0,0,0
392,2026-01-25,6,6,3,3,0,2,3,1,0
392,2026-01-26,6,12,5,1,1,4,1,0,0
392,2026-01-27,5,17,5,0,1,4,0,0,0
392,2026-01-28,6,23,3,3,3,0,2,0,1
392,2026-01-29,4,27,4,0,2,1,0,1,0
392,2026-01-30,4,31,4,0,0,4,0,0,0
392,2026-01-31,6,37,6,0,3,2,0,1,0
392,2026-02-01,0,37,0,0,0,0,0,0,0
392,2026-02-02,10,47,10,0,5,3,0,2,0
392,2026-02-03,6,53,4,2,1,3,1,0,1
392,2026-02-04,8,61,7,1,2,4,1,1,0
392,2026-02-05,19,80,15,4,8,7,4,0,0
392,2026-02-06,11,91,9,2,2,7,2,0,0
392,2026-02-07,6,97,4,2,2,2,2,0,0
392,2026-02-08,17,114,13,4,3,9,3,1,1
392,2026-02-09,11,125,5,6,0,3,3,2,3
392,2026-02-10,12,137,8,4,2,6,2,0,2
393,2026-01-14,0,0,0,0,0,0,0,0,0
393,2026-01-15,0,0,0,0,0,0,0,0,0
393,2026-01-16,0,0,0,0,0,0,0,0,0
393,2026-01-17,0,0,0,0,0,0,0,0,0
393,2026-01-18,0,0,0,0,0,0,0,0,0
393,2026-01-19,0,0,0,0,0,0,0,0,0
393,2026-01-20,0,0,0,0,0,0,0,0,0
393,2026-01-21,0,0,0,0,0,0,0,0,0
393,2026-01-22,0,0,0,0,0,0,0,0,0
393,2026-01-23,0,0,0,0,0,0,0,0,0
393,2026-01-24,0,0,0,0,0,0,0,0,0
393,2026-01-25,5,5,4,1,1,3,0,0,1
393,2026-01-26,3,8,1,2,0,1,1,0,1
393,2026-01-27,1,9,1,0,0,1,0,0,0
393,2026-01-28,1,10,1,0,0,1,0,0,0
393,2026-01-29,2,12,2,0,0,2,0,0,0
393,2026-01-30,0,12,0,0,0,0,0,0,0
393,2026-01-31,2,14,1,1,1,0,1,0,0
393,2026-02-01,2,16,1,1,0,1,1,0,0
393,2026-02-02,5,21,5,0,1,3,0,1,0
393,2026-02-03,1,22,1,0,0,1,0,0,0
393,2026-02-04,6,28,5,1,1,3,1,1,0
393,2026-02-05,2,30,1,1,0,1,1,0,0
393,2026-02-06,7,37,4,3,1,2,3,1,0
393,2026-02-07,3,40,3,0,2,1,0,0,0
393,2026-02-08,5,45,5,0,2,2,0,1,0
393,2026-02-09,5,50,3,2,1,2,2,0,0
393,2026-02-10,3,53,2,1,0,2,1,0,0
394,2026-01-14,0,0,0,0,0,0,0,0,0
394,2026-01-15,0,0,0,0,0,0,0,0,0
394,2026-01-16,0,0,0,0,0,0,0,0,0
394,2026-01-17,0,0,0,0,0,0,0,0,0
394,2026-01-18,0,0,0,0,0,0,0,0,0
394,2026-01-19,0,0,0,0,0,0,0,0,0
394,2026-01-20,0,0,0,0,0,0,0,0,0
394,2026-01-21,0,0,0,0,0,0,0,0,0
394,2026-01-22,0,0,0,0,0,0,0,0,0
394,2026-01-23,0,0,0,0,0,0,0,0,0
394,2026-01-24,0,0,0,0,0,0,0,0,0
394,2026-01-25,6,6,3,3,0,1,1,2,2
394,2026-01-26,1,7,1,0,0,1,0,0,0
394,2026-01-27,6,13,4,2,2,2,2,0,0
394,2026-01-28,3,16,3,0,0,3,0,0,0
394,2026-01-29,2,18,1,1,0,1,0,0,1
394,2026-01-30,5,23,4,1,1,2,1,1,0
394,2026-01-31,6,29,5,1,2,3,0,0,1
394,2026-02-01,2,31,1,1,0,1,1,0,0
394,2026-02-02,7,38,5,2,2,2,1,1,1
394,2026-02-03,5,43,2,3,0,2,2,0,1
394,2026-02-04,4,47,2,2,2,0,2,0,0
394,2026-02-05,5,52,4,1,1,1,0,2,1
394,2026-02-06,4,56,2,2,0,2,2,0,0
394,2026-02-07,1,57,1,0,1,0,0,0,0
394,2026-02-08,6,63,4,2,1,2,2,1,0
394,2026-02-09,5,68,5,0,2,3,0,0,0
394,2026-02-10,3,71,3,0,2,1,0,0,0
395,2026-01-14,0,0,0,0,0,0,0,0,0
395,2026-01-15,0,0,0,0,0,0,0,0,0
395,2026-01-16,0,0,0,0,0,0,0,0,0
395,2026-01-17,0,0,0,0,0,0,0,0,0
395,2026-01-18,0,0,0,0,0,0,0,0,0
395,2026-01-19,0,0,0,0,0,0,0,0,0
395,2026-01-20,0,0,0,0,0,0,0,0,0
395,2026-01-21,0,0,0,0,0,0,0,0,0
395,2026-01-22,0,0,0,0,0,0,0,0,0
395,2026-01-23,0,0,0,0,0,0,0,0,0
395,2026-01-24,0,0,0,0,0,0,0,0,0
395,2026-01-25,6,6,6,0,2,4,0,0,0
395,2026-01-26,2,8,2,0,0,2,0,0,0
395,2026-01-27,4,12,3,1,1,1,1,1,0
395,2026-01-28,4,16,3,1,0,3,1,0,0
395,2026-01-29,0,16,0,0,0,0,0,0,0
395,2026-01-30,4,20,3,1,1,2,0,0,1
395,2026-01-31,2,22,1,1,0,1,0,0,1
395,2026-02-01,3,25,2,1,1,0,1,1,0
395,2026-02-02,5,30,3,2,1,2,2,0,0
395,2026-02-03,5,35,5,0,2,2,0,1,0
395,2026-02-04,2,37,2,0,0,2,0,0,0
395,2026-02-05,2,39,1,1,1,0,1,0,0
395,2026-02-06,5,44,3,2,0,3,2,0,0
395,2026-02-07,11,55,8,3,2,5,3,1,0
395,2026-02-08,3,58,3,0,2,0,0,1,0
395,2026-02-09,8,66,6,2,5,1,2,0,0
395,2026-02-10,3,69,2,1,2,0,0,0,1
396,2026-01-14,0,0,0,0,0,0,0,0,0
396,2026-01-15,0,0,0,0,0,0,0,0,0
396,2026-01-16,0,0,0,0,0,0,0,0,0
396,2026-01-17,0,0,0,0,0,0,0,0,0
396,2026-01-18,0,0,0,0,0,0,0,0,0
396,2026-01-19,0,0,0,0,0,0,0,0,0
396,2026-01-20,0,0,0,0,0,0,0,0,0
396,2026-01-21,0,0,0,0,0,0,0,0,0
396,2026-01-22,0,0,0,0,0,0,0,0,0
396,2026-01-23,0,0,0,0,0,0,0,0,0
396,2026-01-24,0,0,0,0,0,0,0,0,0
396,2026-01-25,7,7,5,2,0,4,2,1,0
396,2026-01-26,5,12,5,0,1,4,0,0,0
396,2026-01-27,6,18,4,2,2,2,2,0,0
396,2026-01-28,6,24,6,0,2,3,0,1,0
396,2026-01-29,7,31,6,1,3,2,1,1,0
396,2026-01-30,5,36,3,2,1,1,1,1,1
396,2026-01-31,9,45,7,2,2,5,2,0,0
396,2026-02-01,6,51,6,0,1,5,0,0,0
396,2026-02-02,9,60,6,3,1,4,2,1,1
396,2026-02-03,10,70,6,4,3,2,1,1,3
396,2026-02-04,5,75,3,2,0,3,1,0,1
396,2026-02-05,8,83,5,3,2,3,2,0,1
396,2026-02-06,16,99,12,4,4,8,4,0,0
396,2026-02-07,10,109,6,4,1,4,3,1,1
396,2026-02-08,14,123,12,2,3,7,2,2,0
396,2026-02-09,14,137,11,3,2,9,2,0,1
396,2026-02-10,10,147,9,1,4,4,0,1,1
397,2026-01-14,0,0,0,0,0,0,0,0,0
397,2026-01-15,0,0,0,0,0,0,0,0,0
397,2026-01-16,0,0,0,0,0,0,0,0,0
397,2026-01-17,0,0,0,0,0,0,0,0,0
397,2026-01-18,0,0,0,0,0,0,0,0,0
397,2026-01-19,0,0,0,0,0,0,0,0,0
397,2026-01-20,0,0,0,0,0,0,0,0,0
397,2026-01-21,0,0,0,0,0,0,0,0,0
397,2026-01-22,0,0,0,0,0,0,0,0,0
397,2026-01-23,0,0,0,0,0,0,0,0,0
397,2026-01-24,0,0,0,0,0,0,0,0,0
397,2026-01-25,4,4,2,2,2,0,1,0,1
397,2026-01-26,1,5,1,0,1,0,0,0,0
397,2026-01-27,3,8,3,0,0,2,0,1,0
397,2026-01-28,7,15,6,1,2,3,1,1,0
397,2026-01-29,4,19,4,0,2,1,0,1,0
397,2026-01-30,3,22,2,1,1,1,1,0,0
397,2026-01-31,2,24,1,1,0,1,1,0,0
397,2026-02-01,6,30,5,1,2,3,1,0,0
397,2026-02-02,5,35,3,2,1,2,2,0,0
397,2026-02-03,3,38,2,1,0,2,1,0,0
397,2026-02-04,7,45,4,3,1,3,3,0,0
397,2026-02-05,7,52,5,2,1,4,2,0,0
397,2026-02-06,6,58,3,3,2,1,3,0,0
397,2026-02-07,7,65,7,0,2,4,0,1,0
397,2026-02-08,9,74,6,3,0,4,2,2,1
397,2026-02-09,13,87,7,6,3,3,3,1,3
397,2026-02-10,5,92,2,3,2,0,3,0,0
398,2026-01-14,0,0,0,0,0,0,0,0,0
398,2026-01-15,0,0,0,0,0,0,0,0,0
398,2026-01-16,0,0,0,0,0,0,0,0,0
398,2026-01-17,0,0,0,0,0,0,0,0,0
398,2026-01-18,0,0,0,0,0,0,0,0,0
398,2026-01-19,0,0,0,0,0,0,0,0,0
398,2026-01-20,0,0,0,0,0,0,0,0,0
398,2026-01-21,0,0,0,0,0,0,0,0,0
398,2026-01-22,0,0,0,0,0,0,0,0,0
398,2026-01-23,0,0,0,0,0,0,0,0,0
398,2026-01-24,0,0,0,0,0,0,0,0,0
398,2026-01-25,5,5,5,0,4,1,0,0,0
398,2026-01-26,2,7,1,1,1,0,1,0,0
398,2026-01-27,9,16,7,2,1,5,2,1,0
398,2026-01-28,4,20,4,0,2,2,0,0,0
398,2026-01-29,3,23,2,1,0,2,1,0,0
398,2026-01-30,6,29,3,3,3,0,3,0,0
398,2026-01-31,8,37,6,2,2,3,2,1,0
398,2026-02-01,5,42,2,3,1,1,3,0,0
398,2026-02-02,9,51,6,3,2,3,2,1,1
398,2026-02-03,15,66,12,3,3,6,3,3,0
398,2026-02-04,3,69,3,0,0,3,0,0,0
398,2026-02-05,12,81,8,4,2,6,3,0,1
398,2026-02-06,7,88,6,1,1,4,0,1,1
398,2026-02-07,5,93,2,3,0,2,3,0,0
398,2026-02-08,5,98,4,1,1,2,1,1,0
398,2026-02-09,14,112,11,3,4,7,1,0,2
398,2026-02-10,9,121,6,3,1,4,3,1,0
399,2026-01-14,0,0,0,0,0,0,0,0,0
399,2026-01-15,0,0,0,0,0,0,0,0,0
399,2026-01-16,0,0,0,0,0,0,0,0,0
399,2026-01-17,0,0,0,0,0,0,0,0,0
399,2026-01-18,0,0,0,0,0,0,0,0,0
399,2026-01-19,0,0,0,0,0,0,0,0,0
399,2026-01-20,0,0,0,0,0,0,0,0,0
399,2026-01-21,0,0,0,0,0,0,0,0,0
399,2026-01-22,0,0,0,0,0,0,0,0,0
399,2026-01-23,0,0,0,0,0,0,0,0,0
399,2026-01-24,0,0,0,0,0,0,0,0,0
399,2026-01-25,7,7,6,1,1,3,1,2,0
399,2026-01-26,3,10,3,0,2,1,0,0,0
399,2026-01-27,2,12,2,0,0,2,0,0,0
399,2026-01-28,4,16,4,0,0,4,0,0,0
399,2026-01-29,4,20,4,0,1,3,0,0,0
399,2026-01-30,3,23,3,0,3,0,0,0,0
399,2026-01-31,5,28,5,0,3,1,0,1,0
399,2026-02-01,3,31,3,0,0,3,0,0,0
399,2026-02-02,3,34,2,1,1,0,1,1,0
399,2026-02-03,3,37,2,1,0,2,1,0,0
399,2026-02-04,3,40,3,0,1,2,0,0,0
399,2026-02-05,6,46,6,0,3,3,0,0,0
399,2026-02-06,7,53,5,2,2,3,2,0,0
399,2026-02-07,6,59,3,3,0,3,2,0,1
399,2026-02-08,4,63,3,1,0,3,1,0,0
399,2026-02-09,8,71,7,1,4,3,1,0,0
399,2026-02-10,7,78,6,1,1,4,1,1,0
400,2026-01-14,0,0,0,0,0,0,0,0,0
400,2026-01-15,0,0,0,0,0,0,0,0,0
400,2026-01-16,0,0,0,0,0,0,0,0,0
400,2026-01-17,0,0,0,0,0,0,0,0,0
400,2026-01-18,0,0,0,0,0,0,0,0,0
400,2026-01-19,0,0,0,0,0,0,0,0,0
400,2026-01-20,0,0,0,0,0,0,0,0,0
400,2026-01-21,0,0,0,0,0,0,0,0,0
400,2026-01-22,0,0,0,0,0,0,0,0,0
400,2026-01-23,0,0,0,0,0,0,0,0,0
400,2026-01-24,0,0,0,0,0,0,0,0,0
400,2026-01-25,4,4,1,3,0,0,2,1,1
400,2026-01-26,1,5,1,0,1,0,0,0,0
400,2026-01-27,2,7,1,1,0,0,1,1,0
400,2026-01-28,1,8,0,1,0,0,1,0,0
400,2026-01-29,3,11,3,0,2,1,0,0,0
400,2026-01-30,6,17,5,1,2,3,1,0,0
400,2026-01-31,4,21,3,1,1,1,1,1,0
400,2026-02-01,4,25,1,3,1,0,2,0,1
400,2026-02-02,5,30,4,1,1,3,1,0,0
400,2026-02-03,9,39,9,0,4,3,0,2,0
400,2026-02-04,9,48,7,2,2,4,2,1,0
400,2026-02-05,9,57,8,1,1,5,1,2,0
400,2026-02-06,8,65,4,4,1,3,2,0,2
400,2026-02-07,10,75,7,3,5,2,2,0,1
400,2026-02-08,7,82,6,1,1,3,1,2,0
400,2026-02-09,8,90,4,4,1,3,3,0,1
400,2026-02-10,10,100,7,3,1,3,3,3,0
401,2026-01-14,0,0,0,0,0,0,0,0,0
401,2026-01-15,0,0,0,0,0,0,0,0,0
401,2026-01-16,0,0,0,0,0,0,0,0,0
401,2026-01-17,0,0,0,0,0,0,0,0,0
401,2026-01-18,0,0,0,0,0,0,0,0,0
401,2026-01-19,0,0,0,0,0,0,0,0,0
401,2026-01-20,0,0,0,0,0,0,0,0,0
401,2026-01-21,0,0,0,0,0,0,0,0,0
401,2026-01-22,0,0,0,0,0,0,0,0,0
401,2026-01-23,0,0,0,0,0,0,0,0,0
401,2026-01-24,0,0,0,0,0,0,0,0,0
401,2026-01-25,6,6,6,0,3,2,0,1,0
401,2026-01-26,5,11,3,2,1,2,2,0,0
401,2026-01-27,4,15,3,1,1,2,0,0,1
401,2026-01-28,6,21,2,4,1,1,2,0,2
401,2026-01-29,3,24,1,2,0,0,2,1,0
401,2026-01-30,8,32,5,3,3,2,3,0,0
401,2026-01-31,4,36,4,0,1,3,0,0,0
401,2026-02-01,5,41,4,1,1,3,1,0,0
401,2026-02-02,4,45,4,0,2,1,0,1,0
401,2026-02-03,6,51,6,0,3,1,0,2,0
401,2026-02-04,14,65,12,2,4,7,2,1,0
401,2026-02-05,5,70,4,1,2,2,1,0,0
401,2026-02-06,10,80,10,0,6,4,0,0,0
401,2026-02-07,5,85,5,0,3,1,0,1,0
401,2026-02-08,12,97,10,2,3,6,2,1,0
401,2026-02-09,11,108,10,1,2,6,1,2,0
401,2026-02-10,13,121,9,4,4,4,2,1,2
402,2026-01-14,0,0,0,0,0,0,0,0,0
402,2026-01-15,0,0,0,0,0,0,0,0,0
402,2026-01-16,0,0,0,0,0,0,0,0,0
402,2026-01-17,0,0,0,0,0,0,0,0,0
402,2026-01-18,0,0,0,0,0,0,0,0,0
402,2026-01-19,0,0,0,0,0,0,0,0,0
402,2026-01-20,0,0,0,0,0,0,0,0,0
402,2026-01-21,0,0,0,0,0,0,0,0,0
402,2026-01-22,0,0,0,0,0,0,0,0,0
402,2026-01-23,0,0,0,0,0,0,0,0,0
402,2026-01-24,0,0,0,0,0,0,0,0,0
402,2026-01-25,5,5,4,1,1,3,0,0,1
402,2026-01-26,7,12,7,0,2,4,0,1,0
402,2026-01-27,1,13,1,0,1,0,0,0,0
402,2026-01-28,4,17,3,1,0,3,1,0,0
402,2026-01-29,2,19,1,1,1,0,1,0,0
402,2026-01-30,2,21,2,0,0,2,0,0,0
402,2026-01-31,6,27,5,1,2,3,1,0,0
402,2026-02-01,1,28,1,0,0,1,0,0,0
402,2026-02-02,2,30,2,0,0,2,0,0,0
402,2026-02-03,2,32,2,0,0,2,0,0,0
402,2026-02-04,1,33,0,1,0,0,1,0,0
402,2026-02-05,4,37,3,1,1,2,0,0,1
402,2026-02-06,5,42,5,0,2,3,0,0,0
402,2026-02-07,4,46,2,2,0,1,2,1,0
402,2026-02-08,5,51,4,1,2,1,1,1,0
402,2026-02-09,8,59,7,1,4,3,1,0,0
402,2026-02-10,7,66,7,0,1,5,0,1,0
403,2026-01-14,0,0,0,0,0,0,0,0,0
403,2026-01-15,0,0,0,0,0,0,0,0,0
403,2026-01-16,0,0,0,0,0,0,0,0,0
403,2026-01-17,0,0,0,0,0,0,0,0,0
403,2026-01-18,0,0,0,0,0,0,0,0,0
403,2026-01-19,0,0,0,0,0,0,0,0,0
403,2026-01-20,0,0,0,0,0,0,0,0,0
403,2026-01-21,0,0,0,0,0,0,0,0,0
403,2026-01-22,0,0,0,0,0,0,0,0,0
403,2026-01-23,0,0,0,0,0,0,0,0,0
403,2026-01-24,0,0,0,0,0,0,0,0,0
403,2026-01-25,8,8,7,1,2,5,1,0,0
403,2026-01-26,3,11,3,0,1,1,0,1,0
403,2026-01-27,1,12,1,0,0,1,0,0,0
403,2026-01-28,4,16,2,2,0,1,2,1,0
403,2026-01-29,2,18,1,1,0,1,0,0,1
403,2026-01-30,2,20,2,0,0,2,0,0,0
403,2026-01-31,7,27,6,1,1,5,0,0,1
403,2026-02-01,7,34,6,1,1,5,1,0,0
403,2026-02-02,7,41,6,1,1,4,0,1,1
403,2026-02-03,2,43,2,0,1,1,0,0,0
403,2026-02-04,6,49,6,0,3,3,0,0,0
403,2026-02-05,6,55,2,4,2,0,4,0,0
403,2026-02-06,3,58,3,0,1,2,0,0,0
403,2026-02-07,5,63,4,1,1,3,1,0,0
403,2026-02-08,10,73,9,1,3,4,1,2,0
403,2026-02-09,9,82,5,4,0,4,4,1,0
403,2026-02-10,6,88,2,4,0,2,4,0,0
404,2026-01-14,0,0,0,0,0,0,0,0,0
404,2026-01-15,0,0,0,0,0,0,0,0,0
404,2026-01-16,0,0,0,0,0,0,0,0,0
404,2026-01-17,0,0,0,0,0,0,0,0,0
404,2026-01-18,0,0,0,0,0,0,0,0,0
404,2026-01-19,0,0,0,0,0,0,0,0,0
404,2026-01-20,0,0,0,0,0,0,0,0,0
404,2026-01-21,0,0,0,0,0,0,0,0,0
404,2026-01-22,0,0,0,0,0,0,0,0,0
404,2026-01-23,0,0,0,0,0,0,0,0,0
404,2026-01-24,0,0,0,0,0,0,0,0,0
404,2026-01-25,11,11,9,2,1,7,2,1,0
404,2026-01-26,4,15,4,0,1,2,0,1,0
404,2026-01-27,3,18,3,0,0,3,0,0,0
404,2026-01-28,4,22,4,0,2,2,0,0,0
404,2026-01-29,6,28,6,0,1,5,0,0,0
404,2026-01-30,3,31,3,0,1,1,0,1,0
404,2026-01-31,2,33,2,0,0,2,0,0,0
404,2026-02-01,3,36,3,0,0,3,0,0,0
404,2026-02-02,10,46,7,3,1,5,2,1,1
404,2026-02-03,7,53,6,1,0,5,1,1,0
404,2026-02-04,12,65,10,2,1,7,1,2,1
404,2026-02-05,5,70,5,0,1,3,0,1,0
404,2026-02-06,7,77,7,0,3,3,0,1,0
404,2026-02-07,8,85,7,1,1,6,1,0,0
404,2026-02-08,10,95,9,1,3,6,1,0,0
404,2026-02-09,9,104,5,4,0,4,3,1,1
404,2026-02-10,9,113,9,0,2,3,0,4,0
405,2026-01-14,0,0,0,0,0,0,0,0,0
405,2026-01-15,0,0,0,0,0,0,0,0,0
405,2026-01-16,0,0,0,0,0,0,0,0,0
405,2026-01-17,0,0,0,0,0,0,0,0,0
405,2026-01-18,0,0,0,0,0,0,0,0,0
405,2026-01-19,0,0,0,0,0,0,0,0,0
405,2026-01-20,0,0,0,0,0,0,0,0,0
405,2026-01-21,0,0,0,0,0,0,0,0,0
405,2026-01-22,0,0,0,0,0,0,0,0,0
405,2026-01-23,0,0,0,0,0,0,0,0,0
405,2026-01-24,0,0,0,0,0,0,0,0,0
405,2026-01-25,12,12,12,0,4,8,0,0,0
405,2026-01-26,12,24,11,1,3,8,0,0,1
405,2026-01-27,3,27,3,0,1,2,0,0,0
405,2026-01-28,11,38,10,1,4,5,1,1,0
405,2026-01-29,8,46,6,2,2,2,2,2,0
405,2026-01-30,9,55,8,1,4,4,1,0,0
405,2026-01-31,8,63,6,2,0,5,2,1,0
405,2026-02-01,7,70,5,2,1,4,2,0,0
405,2026-02-02,11,81,10,1,1,8,1,1,0
405,2026-02-03,12,93,9,3,3,6,2,0,1
405,2026-02-04,17,110,11,6,3,6,3,2,3
405,2026-02-05,13,123,12,1,4,7,1,1,0
405,2026-02-06,11,134,8,3,3,4,2,1,1
405,2026-02-07,15,149,13,2,2,10,0,1,2
405,2026-02-08,4,153,3,1,1,2,1,0,0
405,2026-02-09,21,174,18,3,4,12,1,2,2
405,2026-02-10,16,190,13,3,3,7,2,3,1
406,2026-01-14,0,0,0,0,0,0,0,0,0
406,2026-01-15,0,0,0,0,0,0,0,0,0
406,2026-01-16,0,0,0,0,0,0,0,0,0
406,2026-01-17,0,0,0,0,0,0,0,0,0
406,2026-01-18,0,0,0,0,0,0,0,0,0
406,2026-01-19,0,0,0,0,0,0,0,0,0
406,2026-01-20,0,0,0,0,0,0,0,0,0
406,2026-01-21,0,0,0,0,0,0,0,0,0
406,2026-01-22,0,0,0,0,0,0,0,0,0
406,2026-01-23,0,0,0,0,0,0,0,0,0
406,2026-01-24,0,0,0,0,0,0,0,0,0
406,2026-01-25,4,4,3,1,1,1,1,1,0
406,2026-01-26,2,6,1,1,0,1,1,0,0
406,2026-01-27,2,8,1,1,0,1,1,0,0
406,2026-01-28,1,9,1,0,0,1,0,0,0
406,2026-01-29,6,15,4,2,2,1,0,1,2
406,2026-01-30,2,17,1,1,0,1,1,0,0
406,2026-01-31,1,18,1,0,0,1,0,0,0
406,2026-02-01,1,19,1,0,0,1,0,0,0
406,2026-02-02,2,21,2,0,2,0,0,0,0
406,2026-02-03,3,24,0,3,0,0,2,0,1
406,2026-02-04,6,30,6,0,2,4,0,0,0
406,2026-02-05,3,33,3,0,1,2,0,0,0
406,2026-02-06,4,37,4,0,1,3,0,0,0
406,2026-02-07,7,44,6,1,2,2,0,2,1
406,2026-02-08,8,52,6,2,4,1,2,1,0
406,2026-02-09,5,57,3,2,2,1,2,0,0
406,2026-02-10,5,62,4,1,1,3,1,0,0
407,2026-01-14,0,0,0,0,0,0,0,0,0
407,2026-01-15,0,0,0,0,0,0,0,0,0
407,2026-01-16,0,0,0,0,0,0,0,0,0
407,2026-01-17,0,0,0,0,0,0,0,0,0
407,2026-01-18,0,0,0,0,0,0,0,0,0
407,2026-01-19,0,0,0,0,0,0,0,0,0
407,2026-01-20,0,0,0,0,0,0,0,0,0
407,2026-01-21,0,0,0,0,0,0,0,0,0
407,2026-01-22,0,0,0,0,0,0,0,0,0
407,2026-01-23,0,0,0,0,0,0,0,0,0
407,2026-01-24,0,0,0,0,0,0,0,0,0
407,2026-01-25,4,4,3,1,0,2,1,1,0
407,2026-01-26,2,6,1,1,0,1,1,0,0
407,2026-01-27,4,10,2,2,0,2,1,0,1
407,2026-01-28,6,16,5,1,2,3,1,0,0
407,2026-01-29,5,21,2,3,1,1,3,0,0
407,2026-01-30,1,22,1,0,0,0,0,1,0
407,2026-01-31,3,25,1,2,0,1,1,0,1
407,2026-02-01,4,29,2,2,1,1,2,0,0
407,2026-02-02,4,33,4,0,1,2,0,1,0
407,2026-02-03,8,41,8,0,1,6,0,1,0
407,2026-02-04,8,49,6,2,2,2,2,2,0
407,2026-02-05,6,55,6,0,3,3,0,0,0
407,2026-02-06,8,63,6,2,2,3,2,1,0
407,2026-02-07,8,71,7,1,1,6,1,0,0
407,2026-02-08,14,85,10,4,3,7,3,0,1
407,2026-02-09,3,88,3,0,1,1,0,1,0
407,2026-02-10,10,98,8,2,3,2,1,3,1
408,2026-01-14,0,0,0,0,0,0,0,0,0
408,2026-01-15,0,0,0,0,0,0,0,0,0
408,2026-01-16,0,0,0,0,0,0,0,0,0
408,2026-01-17,0,0,0,0,0,0,0,0,0
408,2026-01-18,0,0,0,0,0,0,0,0,0
408,2026-01-19,0,0,0,0,0,0,0,0,0
408,2026-01-20,0,0,0,0,0,0,0,0,0
408,2026-01-21,0,0,0,0,0,0,0,0,0
408,2026-01-22,0,0,0,0,0,0,0,0,0
408,2026-01-23,0,0,0,0,0,0,0,0,0
408,2026-01-24,0,0,0,0,0,0,0,0,0
408,2026-01-25,6,6,6,0,3,3,0,0,0
408,2026-01-26,5,11,5,0,2,2,0,1,0
408,2026-01-27,4,15,3,1,0,2,1,1,0
408,2026-01-28,4,19,3,1,1,2,1,0,0
408,2026-01-29,3,22,3,0,2,1,0,0,0
408,2026-01-30,7,29,6,1,1,5,1,0,0
408,2026-01-31,6,35,4,2,1,3,2,0,0
408,2026-02-01,4,39,4,0,2,2,0,0,0
408,2026-02-02,4,43,4,0,2,2,0,0,0
408,2026-02-03,2,45,2,0,0,2,0,0,0
408,2026-02-04,7,52,5,2,3,2,1,0,1
408,2026-02-05,6,58,5,1,1,1,1,3,0
408,2026-02-06,5,63,4,1,0,3,0,1,1
408,2026-02-07,8,71,7,1,3,3,1,1,0
408,2026-02-08,7,78,7,0,2,4,0,1,0
408,2026-02-09,9,87,8,1,2,6,1,0,0
408,2026-02-10,7,94,7,0,4,3,0,0,0
409,2026-01-14,0,0,0,0,0,0,0,0,0
409,2026-01-15,0,0,0,0,0,0,0,0,0
409,2026-01-16,0,0,0,0,0,0,0,0,0
409,2026-01-17,0,0,0,0,0,0,0,0,0
409,2026-01-18,0,0,0,0,0,0,0,0,0
409,2026-01-19,0,0,0,0,0,0,0,0,0
409,2026-01-20,0,0,0,0,0,0,0,0,0
409,2026-01-21,0,0,0,0,0,0,0,0,0
409,2026-01-22,0,0,0,0,0,0,0,0,0
409,2026-01-23,0,0,0,0,0,0,0,0,0
409,2026-01-24,0,0,0,0,0,0,0,0,0
409,2026-01-25,4,4,3,1,0,3,1,0,0
409,2026-01-26,0,4,0,0,0,0,0,0,0
409,2026-01-27,4,8,3,1,2,0,1,1,0
409,2026-01-28,6,14,3,3,1,1,2,1,1
409,2026-01-29,4,18,3,1,1,1,1,1,0
409,2026-01-30,0,18,0,0,0,0,0,0,0
409,2026-01-31,7,25,7,0,0,7,0,0,0
409,2026-02-01,2,27,1,1,0,1,1,0,0
409,2026-02-02,3,30,3,0,1,2,0,0,0
409,2026-02-03,8,38,6,2,2,3,2,1,0
409,2026-02-04,1,39,0,1,0,0,1,0,0
409,2026-02-05,4,43,3,1,1,1,1,1,0
409,2026-02-06,7,50,6,1,1,4,1,1,0
409,2026-02-07,4,54,4,0,2,2,0,0,0
409,2026-02-08,5,59,3,2,1,2,1,0,1
409,2026-02-09,2,61,1,1,0,0,0,1,1
409,2026-02-10,7,68,5,2,2,3,2,0,0
410,2026-01-14,0,0,0,0,0,0,0,0,0
410,2026-01-15,0,0,0,0,0,0,0,0,0
410,2026-01-16,0,0,0,0,0,0,0,0,0
410,2026-01-17,0,0,0,0,0,0,0,0,0
410,2026-01-18,0,0,0,0,0,0,0,0,0
410,2026-01-19,0,0,0,0,0,0,0,0,0
410,2026-01-20,0,0,0,0,0,0,0,0,0
410,2026-01-21,0,0,0,0,0,0,0,0,0
410,2026-01-22,0,0,0,0,0,0,0,0,0
410,2026-01-23,0,0,0,0,0,0,0,0,0
410,2026-01-24,0,0,0,0,0,0,0,0,0
410,2026-01-25,3,3,3,0,1,2,0,0,0
410,2026-01-26,4,7,3,1,1,1,1,1,0
410,2026-01-27,2,9,1,1,0,1,1,0,0
410,2026-01-28,1,10,1,0,0,1,0,0,0
410,2026-01-29,3,13,3,0,2,1,0,0,0
410,2026-01-30,4,17,2,2,1,1,1,0,1
410,2026-01-31,3,20,2,1,1,1,1,0,0
410,2026-02-01,4,24,2,2,1,1,2,0,0
410,2026-02-02,0,24,0,0,0,0,0,0,0
410,2026-02-03,1,25,1,0,1,0,0,0,0
410,2026-02-04,5,30,4,1,0,4,0,0,1
410,2026-02-05,5,35,2,3,2,0,3,0,0
410,2026-02-06,4,39,3,1,1,2,1,0,0
410,2026-02-07,5,44,2,3,0,2,2,0,1
410,2026-02-08,3,47,3,0,1,2,0,0,0
410,2026-02-09,7,54,6,1,2,4,1,0,0
410,2026-02-10,4,58,4,0,1,2,0,1,0
411,2026-01-14,0,0,0,0,0,0,0,0,0
411,2026-01-15,0,0,0,0,0,0,0,0,0
411,2026-01-16,0,0,0,0,0,0,0,0,0
411,2026-01-17,0,0,0,0,0,0,0,0,0
411,2026-01-18,0,0,0,0,0,0,0,0,0
411,2026-01-19,0,0,0,0,0,0,0,0,0
411,2026-01-20,0,0,0,0,0,0,0,0,0
411,2026-01-21,0,0,0,0,0,0,0,0,0
411,2026-01-22,0,0,0,0,0,0,0,0,0
411,2026-01-23,0,0,0,0,0,0,0,0,0
411,2026-01-24,0,0,0,0,0,0,0,0,0
411,2026-01-25,7,7,5,2,2,3,1,0,1
411,2026-01-26,3,10,2,1,1,1,1,0,0
411,2026-01-27,4,14,3,1,1,1,1,1,0
411,2026-01-28,1,15,1,0,0,0,0,1,0
411,2026-01-29,3,18,3,0,2,1,0,0,0
411,2026-01-30,4,22,4,0,1,3,0,0,0
411,2026-01-31,1,23,1,0,1,0,0,0,0
411,2026-02-01,5,28,4,1,1,3,1,0,0
411,2026-02-02,6,34,5,1,3,2,0,0,1
411,2026-02-03,5,39,3,2,1,2,2,0,0
411,2026-02-04,4,43,3,1,0,3,1,0,0
411,2026-02-05,7,50,7,0,1,6,0,0,0
411,2026-02-06,4,54,3,1,2,1,1,0,0
411,2026-02-07,8,62,8,0,2,5,0,1,0
411,2026-02-08,5,67,5,0,2,2,0,1,0
411,2026-02-09,9,76,8,1,4,3,1,1,0
411,2026-02-10,7,83,6,1,0,6,0,0,1
412,2026-01-14,0,0,0,0,0,0,0,0,0
412,2026-01-15,0,0,0,0,0,0,0,0,0
412,2026-01-16,0,0,0,0,0,0,0,0,0
412,2026-01-17,0,0,0,0,0,0,0,0,0
412,2026-01-18,0,0,0,0,0,0,0,0,0
412,2026-01-19,0,0,0,0,0,0,0,0,0
412,2026-01-20,0,0,0,0,0,0,0,0,0
412,2026-01-21,0,0,0,0,0,0,0,0,0
412,2026-01-22,0,0,0,0,0,0,0,0,0
412,2026-01-23,0,0,0,0,0,0,0,0,0
412,2026-01-24,0,0,0,0,0,0,0,0,0
412,2026-01-25,3,3,3,0,0,3,0,0,0
412,2026-01-26,6,9,6,0,2,4,0,0,0
412,2026-01-27,2,11,2,0,1,1,0,0,0
412,2026-01-28,2,13,1,1,1,0,1,0,0
412,2026-01-29,4,17,4,0,0,3,0,1,0
412,2026-01-30,4,21,3,1,1,1,1,1,0
412,2026-01-31,4,25,3,1,0,1,1,2,0
412,2026-02-01,5,30,5,0,2,3,0,0,0
412,2026-02-02,7,37,6,1,2,4,1,0,0
412,2026-02-03,9,46,9,0,3,5,0,1,0
412,2026-02-04,9,55,7,2,2,4,1,1,1
412,2026-02-05,4,59,4,0,1,3,0,0,0
412,2026-02-06,7,66,4,3,1,2,2,1,1
412,2026-02-07,9,75,8,1,1,7,1,0,0
412,2026-02-08,8,83,5,3,2,3,2,0,1
412,2026-02-09,17,100,13,4,5,6,3,2,1
412,2026-02-10,6,106,4,2,1,3,2,0,0
413,2026-01-14,0,0,0,0,0,0,0,0,0
413,2026-01-15,0,0,0,0,0,0,0,0,0
413,2026-01-16,0,0,0,0,0,0,0,0,0
413,2026-01-17,0,0,0,0,0,0,0,0,0
413,2026-01-18,0,0,0,0,0,0,0,0,0
413,2026-01-19,0,0,0,0,0,0,0,0,0
413,2026-01-20,0,0,0,0,0,0,0,0,0
413,2026-01-21,0,0,0,0,0,0,0,0,0
413,2026-01-22,0,0,0,0,0,0,0,0,0
413,2026-01-23,0,0,0,0,0,0,0,0,0
413,2026-01-24,0,0,0,0,0,0,0,0,0
413,2026-01-25,3,3,2,1,0,1,1,1,0
413,2026-01-26,3,6,3,0,1,2,0,0,0
413,2026-01-27,2,8,2,0,1,1,0,0,0
413,2026-01-28,4,12,4,0,1,2,0,1,0
413,2026-01-29,1,13,1,0,0,1,0,0,0
413,2026-01-30,1,14,0,1,0,0,1,0,0
413,2026-01-31,3,17,3,0,2,1,0,0,0
413,2026-02-01,4,21,2,2,0,2,2,0,0
413,2026-02-02,2,23,2,0,2,0,0,0,0
413,2026-02-03,4,27,2,2,0,2,2,0,0
413,2026-02-04,4,31,4,0,1,3,0,0,0
413,2026-02-05,3,34,2,1,0,2,0,0,1
413,2026-02-06,7,41,7,0,1,2,0,4,0
413,2026-02-07,6,47,6,0,1,5,0,0,0
413,2026-02-08,11,58,9,2,4,4,1,1,1
413,2026-02-09,11,69,9,2,2,6,2,1,0
413,2026-02-10,3,72,1,2,0,1,0,0,2
414,2026-01-14,0,0,0,0,0,0,0,0,0
414,2026-01-15,0,0,0,0,0,0,0,0,0
414,2026-01-16,0,0,0,0,0,0,0,0,0
414,2026-01-17,0,0,0,0,0,0,0,0,0
414,2026-01-18,0,0,0,0,0,0,0,0,0
414,2026-01-19,0,0,0,0,0,0,0,0,0
414,2026-01-20,0,0,0,0,0,0,0,0,0
414,2026-01-21,0,0,0,0,0,0,0,0,0
414,2026-01-22,0,0,0,0,0,0,0,0,0
414,2026-01-23,0,0,0,0,0,0,0,0,0
414,2026-01-24,0,0,0,0,0,0,0,0,0
414,2026-01-25,4,4,2,2,2,0,2,0,0
414,2026-01-26,9,13,8,1,4,3,1,1,0
414,2026-01-27,4,17,4,0,1,3,0,0,0
414,2026-01-28,6,23,5,1,2,3,0,0,1
414,2026-01-29,7,30,6,1,1,3,1,2,0
414,2026-01-30,7,37,6,1,1,5,1,0,0
414,2026-01-31,10,47,6,4,1,5,2,0,2
414,2026-02-01,3,50,3,0,1,2,0,0,0
414,2026-02-02,8,58,8,0,1,6,0,1,0
414,2026-02-03,11,69,7,4,1,5,3,1,1
414,2026-02-04,10,79,9,1,3,6,1,0,0
414,2026-02-05,11,90,9,2,1,7,1,1,1
414,2026-02-06,6,96,2,4,0,1,3,1,1
414,2026-02-07,14,110,10,4,1,6,3,3,1
414,2026-02-08,12,122,7,5,2,5,3,0,2
414,2026-02-09,11,133,8,3,2,6,1,0,2
414,2026-02-10,12,145,9,3,2,5,2,2,1
415,2026-01-14,0,0,0,0,0,0,0,0,0
415,2026-01-15,0,0,0,0,0,0,0,0,0
415,2026-01-16,0,0,0,0,0,0,0,0,0
415,2026-01-17,0,0,0,0,0,0,0,0,0
415,2026-01-18,0,0,0,0,0,0,0,0,0
415,2026-01-19,0,0,0,0,0,0,0,0,0
415,2026-01-20,0,0,0,0,0,0,0,0,0
415,2026-01-21,0,0,0,0,0,0,0,0,0
415,2026-01-22,0,0,0,0,0,0,0,0,0
415,2026-01-23,0,0,0,0,0,0,0,0,0
415,2026-01-24,0,0,0,0,0,0,0,0,0
415,2026-01-25,2,2,2,0,0,2,0,0,0
415,2026-01-26,2,4,2,0,0,1,0,1,0
415,2026-01-27,2,6,2,0,1,1,0,0,0
415,2026-01-28,5,11,2,3,1,0,1,1,2
415,2026-01-29,3,14,2,1,0,2,1,0,0
415,2026-01-30,5,19,2,3,1,1,3,0,0
415,2026-01-31,0,19,0,0,0,0,0,0,0
415,2026-02-01,3,22,3,0,0,2,0,1,0
415,2026-02-02,7,29,5,2,3,2,1,0,1
415,2026-02-03,5,34,5,0,2,3,0,0,0
415,2026-02-04,5,39,4,1,0,3,1,1,0
415,2026-02-05,9,48,2,7,0,2,4,0,3
415,2026-02-06,6,54,6,0,2,3,0,1,0
415,2026-02-07,7,61,7,0,1,6,0,0,0
415,2026-02-08,5,66,3,2,2,0,2,1,0
415,2026-02-09,11,77,9,2,0,8,2,1,0
415,2026-02-10,6,83,6,0,3,2,0,1,0
416,2026-01-14,0,0,0,0,0,0,0,0,0
416,2026-01-15,0,0,0,0,0,0,0,0,0
416,2026-01-16,0,0,0,0,0,0,0,0,0
416,2026-01-17,0,0,0,0,0,0,0,0,0
416,2026-01-18,0,0,0,0,0,0,0,0,0
416,2026-01-19,0,0,0,0,0,0,0,0,0
416,2026-01-20,0,0,0,0,0,0,0,0,0
416,2026-01-21,0,0,0,0,0,0,0,0,0
416,2026-01-22,0,0,0,0,0,0,0,0,0
416,2026-01-23,0,0,0,0,0,0,0,0,0
416,2026-01-24,0,0,0,0,0,0,0,0,0
416,2026-01-25,6,6,4,2,0,4,2,0,0
416,2026-01-26,4,10,3,1,0,1,0,2,1
416,2026-01-27,6,16,5,1,0,4,0,1,1
416,2026-01-28,2,18,1,1,1,0,1,0,0
416,2026-01-29,3,21,1,2,0,1,2,0,0
416,2026-01-30,3,24,3,0,2,1,0,0,0
416,2026-01-31,5,29,3,2,1,2,1,0,1
416,2026-02-01,4,33,4,0,0,3,0,1,0
416,2026-02-02,1,34,1,0,0,1,0,0,0
416,2026-02-03,5,39,3,2,0,3,2,0,0
416,2026-02-04,1,40,0,1,0,0,0,0,1
416,2026-02-05,3,43,2,1,1,1,1,0,0
416,2026-02-06,6,49,5,1,0,5,1,0,0
416,2026-02-07,8,57,7,1,1,3,1,3,0
416,2026-02-08,6,63,6,0,1,5,0,0,0
416,2026-02-09,3,66,2,1,0,2,1,0,0
416,2026-02-10,6,72,6,0,3,3,0,0,0
417,2026-01-14,0,0,0,0,0,0,0,0,0
417,2026-01-15,0,0,0,0,0,0,0,0,0
417,2026-01-16,0,0,0,0,0,0,0,0,0
417,2026-01-17,0,0,0,0,0,0,0,0,0
417,2026-01-18,0,0,0,0,0,0,0,0,0
417,2026-01-19,0,0,0,0,0,0,0,0,0
417,2026-01-20,0,0,0,0,0,0,0,0,0
417,2026-01-21,0,0,0,0,0,0,0,0,0
417,2026-01-22,0,0,0,0,0,0,0,0,0
417,2026-01-23,0,0,0,0,0,0,0,0,0
417,2026-01-24,0,0,0,0,0,0,0,0,0
417,2026-01-25,8,8,3,5,1,0,4,2,1
417,2026-01-26,7,15,6,1,3,3,1,0,0
417,2026-01-27,8,23,6,2,0,6,2,0,0
417,2026-01-28,5,28,5,0,0,4,0,1,0
417,2026-01-29,11,39,8,3,3,5,3,0,0
417,2026-01-30,5,44,5,0,1,4,0,0,0
417,2026-01-31,4,48,4,0,1,3,0,0,0
417,2026-02-01,6,54,3,3,2,1,3,0,0
417,2026-02-02,9,63,8,1,0,6,1,2,0
417,2026-02-03,5,68,4,1,0,3,1,1,0
417,2026-02-04,14,82,11,3,5,5,3,1,0
417,2026-02-05,12,94,10,2,4,5,2,1,0
417,2026-02-06,7,101,5,2,1,4,2,0,0
417,2026-02-07,13,114,11,2,5,4,2,2,0
417,2026-02-08,13,127,11,2,4,6,2,1,0
417,2026-02-09,12,139,11,1,5,6,1,0,0
417,2026-02-10,14,153,14,0,0,12,0,2,0
418,2026-01-14,0,0,0,0,0,0,0,0,0
418,2026-01-15,0,0,0,0,0,0,0,0,0
418,2026-01-16,0,0,0,0,0,0,0,0,0
418,2026-01-17,0,0,0,0,0,0,0,0,0
418,2026-01-18,0,0,0,0,0,0,0,0,0
418,2026-01-19,0,0,0,0,0,0,0,0,0
418,2026-01-20,0,0,0,0,0,0,0,0,0
418,2026-01-21,0,0,0,0,0,0,0,0,0
418,2026-01-22,0,0,0,0,0,0,0,0,0
418,2026-01-23,0,0,0,0,0,0,0,0,0
418,2026-01-24,0,0,0,0,0,0,0,0,0
418,2026-01-25,4,4,4,0,1,3,0,0,0
418,2026-01-26,8,12,6,2,1,4,2,1,0
418,2026-01-27,3,15,2,1,1,1,1,0,0
418,2026-01-28,3,18,1,2,0,1,0,0,2
418,2026-01-29,3,21,2,1,1,1,0,0,1
418,2026-01-30,9,30,7,2,3,2,2,2,0
418,2026-01-31,8,38,7,1,2,4,1,1,0
418,2026-02-01,3,41,3,0,0,2,0,1,0
418,2026-02-02,10,51,8,2,1,6,2,1,0
418,2026-02-03,13,64,9,4,4,4,3,1,1
418,2026-02-04,13,77,12,1,6,4,1,2,0
418,2026-02-05,6,83,3,3,0,2,3,1,0
418,2026-02-06,8,91,7,1,1,5,1,1,0
418,2026-02-07,8,99,7,1,0,6,0,1,1
418,2026-02-08,13,112,12,1,2,7,1,3,0
418,2026-02-09,15,127,11,4,3,7,4,1,0
418,2026-02-10,11,138,6,5,1,5,4,0,1
419,2026-01-14,0,0,0,0,0,0,0,0,0
419,2026-01-15,0,0,0,0,0,0,0,0,0
419,2026-01-16,0,0,0,0,0,0,0,0,0
419,2026-01-17,0,0,0,0,0,0,0,0,0
419,2026-01-18,0,0,0,0,0,0,0,0,0
419,2026-01-19,0,0,0,0,0,0,0,0,0
419,2026-01-20,0,0,0,0,0,0,0,0,0
419,2026-01-21,0,0,0,0,0,0,0,0,0
419,2026-01-22,0,0,0,0,0,0,0,0,0
419,2026-01-23,0,0,0,0,0,0,0,0,0
419,2026-01-24,0,0,0,0,0,0,0,0,0
419,2026-01-25,5,5,3,2,2,1,1,0,1
419,2026-01-26,2,7,2,0,0,2,0,0,0
419,2026-01-27,5,12,2,3,1,1,2,0,1
419,2026-01-28,1,13,1,0,0,1,0,0,0
419,2026-01-29,2,15,2,0,0,2,0,0,0
419,2026-01-30,4,19,4,0,2,2,0,0,0
419,2026-01-31,6,25,4,2,3,1,2,0,0
419,2026-02-01,2,27,1,1,0,1,1,0,0
419,2026-02-02,4,31,4,0,2,1,0,1,0
419,2026-02-03,7,38,5,2,1,3,2,1,0
419,2026-02-04,5,43,3,2,0,3,1,0,1
419,2026-02-05,10,53,8,2,4,4,2,0,0
419,2026-02-06,11,64,9,2,3,6,2,0,0
419,2026-02-07,11,75,9,2,1,6,2,2,0
419,2026-02-08,10,85,9,1,3,5,1,1,0
419,2026-02-09,17,102,13,4,4,8,4,1,0
419,2026-02-10,17,119,13,4,1,12,4,0,0
420,2026-01-14,0,0,0,0,0,0,0,0,0
420,2026-01-15,0,0,0,0,0,0,0,0,0
420,2026-01-16,0,0,0,0,0,0,0,0,0
420,2026-01-17,0,0,0,0,0,0,0,0,0
420,2026-01-18,0,0,0,0,0,0,0,0,0
420,2026-01-19,0,0,0,0,0,0,0,0,0
420,2026-01-20,0,0,0,0,0,0,0,0,0
420,2026-01-21,0,0,0,0,0,0,0,0,0
420,2026-01-22,0,0,0,0,0,0,0,0,0
420,2026-01-23,0,0,0,0,0,0,0,0,0
420,2026-01-24,0,0,0,0,0,0,0,0,0
420,2026-01-25,7,7,7,0,0,6,0,1,0
420,2026-01-26,3,10,2,1,0,2,1,0,0
420,2026-01-27,2,12,1,1,0,1,1,0,0
420,2026-01-28,4,16,3,1,1,2,1,0,0
420,2026-01-29,7,23,6,1,1,5,0,0,1
420,2026-01-30,6,29,6,0,2,3,0,1,0
420,2026-01-31,2,31,2,0,1,1,0,0,0
420,2026-02-01,4,35,3,1,2,1,1,0,0
420,2026-02-02,7,42,5,2,1,4,1,0,1
420,2026-02-03,3,45,3,0,0,3,0,0,0
420,2026-02-04,7,52,5,2,2,2,1,1,1
420,2026-02-05,7,59,6,1,0,5,1,1,0
420,2026-02-06,9,68,9,0,2,7,0,0,0
420,2026-02-07,11,79,8,3,1,5,1,2,2
420,2026-02-08,5,84,4,1,1,2,1,1,0
420,2026-02-09,9,93,8,1,0,6,1,2,0
420,2026-02-10,8,101,4,4,0,4,4,0,0
421,2026-01-14,0,0,0,0,0,0,0,0,0
421,2026-01-15,0,0,0,0,0,0,0,0,0
421,2026-01-16,0,0,0,0,0,0,0,0,0
421,2026-01-17,0,0,0,0,0,0,0,0,0
421,2026-01-18,0,0,0,0,0,0,0,0,0
421,2026-01-19,0,0,0,0,0,0,0,0,0
421,2026-01-20,0,0,0,0,0,0,0,0,0
421,2026-01-21,0,0,0,0,0,0,0,0,0
421,2026-01-22,0,0,0,0,0,0,0,0,0
421,2026-01-23,0,0,0,0,0,0,0,0,0
421,2026-01-24,0,0,0,0,0,0,0,0,0
421,2026-01-25,13,13,9,4,3,5,4,1,0
421,2026-01-26,5,18,4,1,1,2,1,1,0
421,2026-01-27,5,23,4,1,0,2,1,2,0
421,2026-01-28,8,31,5,3,2,3,2,0,1
421,2026-01-29,2,33,1,1,1,0,0,0,1
421,2026-01-30,6,39,4,2,0,4,2,0,0
421,2026-01-31,7,46,7,0,2,4,0,1,0
421,2026-02-01,6,52,4,2,0,3,1,1,1
421,2026-02-02,6,58,5,1,1,3,1,1,0
421,2026-02-03,12,70,9,3,3,6,3,0,0
421,2026-02-04,7,77,6,1,3,2,0,1,1
421,2026-02-05,8,85,5,3,0,5,2,0,1
421,2026-02-06,13,98,7,6,1,5,5,1,1
421,2026-02-07,14,112,10,4,4,6,3,0,1
421,2026-02-08,10,122,8,2,3,5,2,0,0
421,2026-02-09,9,131,5,4,1,4,4,0,0
421,2026-02-10,9,140,7,2,2,4,2,1,0
422,2026-01-14,0,0,0,0,0,0,0,0,0
422,2026-01-15,0,0,0,0,0,0,0,0,0
422,2026-01-16,0,0,0,0,0,0,0,0,0
422,2026-01-17,0,0,0,0,0,0,0,0,0
422,2026-01-18,0,0,0,0,0,0,0,0,0
422,2026-01-19,0,0,0,0,0,0,0,0,0
422,2026-01-20,0,0,0,0,0,0,0,0,0
422,2026-01-21,0,0,0,0,0,0,0,0,0
422,2026-01-22,0,0,0,0,0,0,0,0,0
422,2026-01-23,0,0,0,0,0,0,0,0,0
422,2026-01-24,0,0,0,0,0,0,0,0,0
422,2026-01-25,7,7,5,2,2,3,2,0,0
422,2026-01-26,2,9,2,0,1,0,0,1,0
422,2026-01-27,6,15,4,2,2,2,1,0,1
422,2026-01-28,5,20,3,2,0,3,1,0,1
422,2026-01-29,4,24,3,1,2,1,1,0,0
422,2026-01-30,7,31,4,3,0,3,3,1,0
422,2026-01-31,6,37,4,2,2,2,0,0,2
422,2026-02-01,7,44,5,2,0,3,2,2,0
422,2026-02-02,6,50,4,2,2,2,2,0,0
422,2026-02-03,8,58,3,5,0,3,3,0,2
422,2026-02-04,5,63,3,2,0,3,2,0,0
422,2026-02-05,7,70,5,2,1,4,2,0,0
422,2026-02-06,4,74,3,1,1,2,1,0,0
422,2026-02-07,8,82,4,4,1,3,3,0,1
422,2026-02-08,4,86,3,1,2,0,1,1,0
422,2026-02-09,10,96,6,4,2,4,4,0,0
422,2026-02-10,6,102,4,2,0,3,1,1,1
423,2026-01-14,0,0,0,0,0,0,0,0,0
423,2026-01-15,0,0,0,0,0,0,0,0,0
423,2026-01-16,0,0,0,0,0,0,0,0,0
423,2026-01-17,0,0,0,0,0,0,0,0,0
423,2026-01-18,0,0,0,0,0,0,0,0,0
423,2026-01-19,0,0,0,0,0,0,0,0,0
423,2026-01-20,0,0,0,0,0,0,0,0,0
423,2026-01-21,0,0,0,0,0,0,0,0,0
423,2026-01-22,0,0,0,0,0,0,0,0,0
423,2026-01-23,0,0,0,0,0,0,0,0,0
423,2026-01-24,0,0,0,0,0,0,0,0,0
423,2026-01-25,5,5,3,2,2,1,1,0,1
423,2026-01-26,11,16,11,0,5,5,0,1,0
423,2026-01-27,3,19,1,2,0,1,1,0,1
423,2026-01-28,1,20,1,0,0,1,0,0,0
423,2026-01-29,4,24,3,1,0,3,1,0,0
423,2026-01-30,6,30,4,2,1,3,1,0,1
423,2026-01-31,7,37,4,3,0,3,2,1,1
423,2026-02-01,4,41,3,1,0,2,1,1,0
423,2026-02-02,5,46,3,2,2,1,2,0,0
423,2026-02-03,5,51,3,2,1,2,1,0,1
423,2026-02-04,7,58,6,1,0,6,1,0,0
423,2026-02-05,6,64,4,2,0,3,2,1,0
423,2026-02-06,9,73,9,0,3,5,0,1,0
423,2026-02-07,9,82,6,3,2,3,2,1,1
423,2026-02-08,6,88,5,1,1,3,1,1,0
423,2026-02-09,8,96,7,1,1,4,1,2,0
423,2026-02-10,15,111,10,5,3,7,3,0,2
424,2026-01-14,0,0,0,0,0,0,0,0,0
424,2026-01-15,0,0,0,0,0,0,0,0,0
424,2026-01-16,0,0,0,0,0,0,0,0,0
424,2026-01-17,0,0,0,0,0,0,0,0,0
424,2026-01-18,0,0,0,0,0,0,0,0,0
424,2026-01-19,0,0,0,0,0,0,0,0,0
424,2026-01-20,0,0,0,0,0,0,0,0,0
424,2026-01-21,0,0,0,0,0,0,0,0,0
424,2026-01-22,0,0,0,0,0,0,0,0,0
424,2026-01-23,0,0,0,0,0,0,0,0,0
424,2026-01-24,0,0,0,0,0,0,0,0,0
424,2026-01-25,2,2,2,0,0,1,0,1,0
424,2026-01-26,6,8,5,1,3,1,1,1,0
424,2026-01-27,2,10,2,0,1,0,0,1,0
424,2026-01-28,3,13,3,0,2,1,0,0,0
424,2026-01-29,4,17,3,1,2,0,1,1,0
424,2026-01-30,4,21,4,0,1,3,0,0,0
424,2026-01-31,4,25,4,0,2,2,0,0,0
424,2026-02-01,6,31,6,0,1,3,0,2,0
424,2026-02-02,2,33,2,0,1,1,0,0,0
424,2026-02-03,8,41,7,1,2,4,1,1,0
424,2026-02-04,9,50,7,2,3,3,2,1,0
424,2026-02-05,7,57,3,4,2,1,3,0,1
424,2026-02-06,6,63,4,2,1,2,2,1,0
424,2026-02-07,4,67,2,2,1,1,0,0,2
424,2026-02-08,12,79,9,3,3,4,1,2,2
424,2026-02-09,6,85,5,1,1,4,1,0,0
424,2026-02-10,6,91,6,0,2,3,0,1,0
425,2026-01-14,0,0,0,0,0,0,0,0,0
425,2026-01-15,0,0,0,0,0,0,0,0,0
425,2026-01-16,0,0,0,0,0,0,0,0,0
425,2026-01-17,0,0,0,0,0,0,0,0,0
425,2026-01-18,0,0,0,0,0,0,0,0,0
425,2026-01-19,0,0,0,0,0,0,0,0,0
425,2026-01-20,0,0,0,0,0,0,0,0,0
425,2026-01-21,0,0,0,0,0,0,0,0,0
425,2026-01-22,0,0,0,0,0,0,0,0,0
425,2026-01-23,0,0,0,0,0,0,0,0,0
425,2026-01-24,0,0,0,0,0,0,0,0,0
425,2026-01-25,6,6,6,0,1,3,0,2,0
425,2026-01-26,6,12,6,0,1,4,0,1,0
425,2026-01-27,1,13,1,0,0,1,0,0,0
425,2026-01-28,7,20,6,1,2,4,1,0,0
425,2026-01-29,2,22,1,1,0,0,0,1,1
425,2026-01-30,9,31,6,3,2,4,3,0,0
425,2026-01-31,10,41,8,2,0,7,2,1,0
425,2026-02-01,6,47,5,1,2,1,0,2,1
425,2026-02-02,6,53,6,0,1,5,0,0,0
425,2026-02-03,3,56,2,1,1,1,1,0,0
425,2026-02-04,11,67,9,2,2,6,2,1,0
425,2026-02-05,9,76,5,4,0,5,3,0,1
425,2026-02-06,9,85,8,1,1,6,0,1,1
425,2026-02-07,8,93,6,2,2,4,2,0,0
425,2026-02-08,10,103,6,4,2,4,4,0,0
425,2026-02-09,8,111,4,4,1,2,2,1,2
425,2026-02-10,5,116,4,1,1,3,1,0,0
426,2026-01-14,0,0,0,0,0,0,0,0,0
426,2026-01-15,0,0,0,0,0,0,0,0,0
426,2026-01-16,0,0,0,0,0,0,0,0,0
426,2026-01-17,0,0,0,0,0,0,0,0,0
426,2026-01-18,0,0,0,0,0,0,0,0,0
426,2026-01-19,0,0,0,0,0,0,0,0,0
426,2026-01-20,0,0,0,0,0,0,0,0,0
426,2026-01-21,0,0,0,0,0,0,0,0,0
426,2026-01-22,0,0,0,0,0,0,0,0,0
426,2026-01-23,0,0,0,0,0,0,0,0,0
426,2026-01-24,0,0,0,0,0,0,0,0,0
426,2026-01-25,6,6,5,1,2,2,0,1,1
426,2026-01-26,4,10,4,0,2,2,0,0,0
426,2026-01-27,7,17,6,1,3,3,1,0,0
426,2026-01-28,5,22,2,3,0,2,2,0,1
426,2026-01-29,2,24,2,0,1,1,0,0,0
426,2026-01-30,5,29,5,0,3,2,0,0,0
426,2026-01-31,8,37,5,3,0,4,3,1,0
426,2026-02-01,2,39,2,0,1,1,0,0,0
426,2026-02-02,7,46,7,0,3,4,0,0,0
426,2026-02-03,13,59,8,5,3,4,3,1,2
426,2026-02-04,8,67,7,1,2,5,1,0,0
426,2026-02-05,4,71,3,1,0,3,0,0,1
426,2026-02-06,7,78,5,2,1,4,2,0,0
426,2026-02-07,11,89,9,2,4,3,2,2,0
426,2026-02-08,5,94,4,1,1,3,1,0,0
426,2026-02-09,7,101,7,0,2,4,0,1,0
426,2026-02-10,8,109,7,1,2,3,1,2,0
427,2026-01-14,0,0,0,0,0,0,0,0,0
427,2026-01-15,0,0,0,0,0,0,0,0,0
427,2026-01-16,0,0,0,0,0,0,0,0,0
427,2026-01-17,0,0,0,0,0,0,0,0,0
427,2026-01-18,0,0,0,0,0,0,0,0,0
427,2026-01-19,0,0,0,0,0,0,0,0,0
427,2026-01-20,0,0,0,0,0,0,0,0,0
427,2026-01-21,0,0,0,0,0,0,0,0,0
427,2026-01-22,0,0,0,0,0,0,0,0,0
427,2026-01-23,0,0,0,0,0,0,0,0,0
427,2026-01-24,0,0,0,0,0,0,0,0,0
427,2026-01-25,6,6,4,2,1,3,2,0,0
427,2026-01-26,7,13,6,1,3,3,1,0,0
427,2026-01-27,4,17,3,1,2,1,0,0,1
427,2026-01-28,1,18,1,0,0,1,0,0,0
427,2026-01-29,4,22,4,0,2,2,0,0,0
427,2026-01-30,3,25,3,0,0,3,0,0,0
427,2026-01-31,5,30,4,1,1,2,1,1,0
427,2026-02-01,7,37,6,1,3,3,1,0,0
427,2026-02-02,3,40,3,0,2,1,0,0,0
427,2026-02-03,6,46,6,0,1,4,0,1,0
427,2026-02-04,7,53,5,2,4,1,1,0,1
427,2026-02-05,7,60,7,0,3,2,0,2,0
427,2026-02-06,8,68,7,1,3,3,1,1,0
427,2026-02-07,3,71,2,1,0,2,1,0,0
427,2026-02-08,9,80,8,1,2,6,1,0,0
427,2026-02-09,4,84,4,0,1,3,0,0,0
427,2026-02-10,12,96,9,3,0,8,3,1,0
428,2026-01-14,0,0,0,0,0,0,0,0,0
428,2026-01-15,0,0,0,0,0,0,0,0,0
428,2026-01-16,0,0,0,0,0,0,0,0,0
428,2026-01-17,0,0,0,0,0,0,0,0,0
428,2026-01-18,0,0,0,0,0,0,0,0,0
428,2026-01-19,0,0,0,0,0,0,0,0,0
428,2026-01-20,0,0,0,0,0,0,0,0,0
428,2026-01-21,0,0,0,0,0,0,0,0,0
428,2026-01-22,0,0,0,0,0,0,0,0,0
428,2026-01-23,0,0,0,0,0,0,0,0,0
428,2026-01-24,0,0,0,0,0,0,0,0,0
428,2026-01-25,1,1,1,0,0,1,0,0,0
428,2026-01-26,3,4,3,0,0,3,0,0,0
428,2026-01-27,2,6,2,0,0,2,0,0,0
428,2026-01-28,5,11,4,1,1,3,0,0,1
428,2026-01-29,3,14,2,1,0,1,0,1,1
428,2026-01-30,3,17,3,0,0,3,0,0,0
428,2026-01-31,2,19,2,0,1,1,0,0,0
428,2026-02-01,6,25,4,2,0,4,2,0,0
428,2026-02-02,7,32,7,0,2,5,0,0,0
428,2026-02-03,8,40,6,2,3,3,2,0,0
428,2026-02-04,5,45,5,0,2,3,0,0,0
428,2026-02-05,8,53,5,3,0,5,3,0,0
428,2026-02-06,10,63,9,1,4,5,0,0,1
428,2026-02-07,8,71,6,2,0,6,1,0,1
428,2026-02-08,6,77,4,2,2,2,1,0,1
428,2026-02-09,6,83,6,0,2,4,0,0,0
428,2026-02-10,11,94,4,7,0,4,6,0,1
429,2026-01-14,0,0,0,0,0,0,0,0,0
429,2026-01-15,0,0,0,0,0,0,0,0,0
429,2026-01-16,0,0,0,0,0,0,0,0,0
429,2026-01-17,0,0,0,0,0,0,0,0,0
429,2026-01-18,0,0,0,0,0,0,0,0,0
429,2026-01-19,0,0,0,0,0,0,0,0,0
429,2026-01-20,0,0,0,0,0,0,0,0,0
429,2026-01-21,0,0,0,0,0,0,0,0,0
429,2026-01-22,0,0,0,0,0,0,0,0,0
429,2026-01-23,0,0,0,0,0,0,0,0,0
429,2026-01-24,0,0,0,0,0,0,0,0,0
429,2026-01-25,3,3,1,2,0,1,2,0,0
429,2026-01-26,4,7,4,0,1,3,0,0,0
429,2026-01-27,0,7,0,0,0,0,0,0,0
429,2026-01-28,5,12,4,1,1,2,1,1,0
429,2026-01-29,1,13,1,0,0,1,0,0,0
429,2026-01-30,2,15,2,0,0,1,0,1,0
429,2026-01-31,3,18,3,0,1,2,0,0,0
429,2026-02-01,5,23,4,1,1,3,0,0,1
429,2026-02-02,4,27,3,1,0,3,0,0,1
429,2026-02-03,5,32,5,0,2,3,0,0,0
429,2026-02-04,8,40,7,1,1,3,1,3,0
429,2026-02-05,6,46,5,1,0,5,1,0,0
429,2026-02-06,3,49,3,0,1,1,0,1,0
429,2026-02-07,7,56,7,0,1,6,0,0,0
429,2026-02-08,12,68,12,0,1,11,0,0,0
429,2026-02-09,6,74,6,0,2,3,0,1,0
429,2026-02-10,5,79,5,0,3,2,0,0,0
430,2026-01-14,0,0,0,0,0,0,0,0,0
430,2026-01-15,0,0,0,0,0,0,0,0,0
430,2026-01-16,0,0,0,0,0,0,0,0,0
430,2026-01-17,0,0,0,0,0,0,0,0,0
430,2026-01-18,0,0,0,0,0,0,0,0,0
430,2026-01-19,0,0,0,0,0,0,0,0,0
430,2026-01-20,0,0,0,0,0,0,0,0,0
430,2026-01-21,0,0,0,0,0,0,0,0,0
430,2026-01-22,0,0,0,0,0,0,0,0,0
430,2026-01-23,0,0,0,0,0,0,0,0,0
430,2026-01-24,0,0,0,0,0,0,0,0,0
430,2026-01-25,3,3,2,1,0,1,1,1,0
430,2026-01-26,9,12,9,0,1,7,0,1,0
430,2026-01-27,4,16,4,0,1,3,0,0,0
430,2026-01-28,8,24,6,2,1,5,1,0,1
430,2026-01-29,3,27,2,1,1,1,0,0,1
430,2026-01-30,8,35,7,1,4,1,1,2,0
430,2026-01-31,6,41,4,2,2,2,1,0,1
430,2026-02-01,8,49,6,2,2,4,2,0,0
430,2026-02-02,11,60,9,2,3,5,1,1,1
430,2026-02-03,5,65,5,0,1,4,0,0,0
430,2026-02-04,8,73,8,0,2,6,0,0,0
430,2026-02-05,10,83,6,4,5,1,2,0,2
430,2026-02-06,9,92,8,1,2,6,0,0,1
430,2026-02-07,4,96,3,1,1,2,0,0,1
430,2026-02-08,13,109,11,2,6,4,1,1,1
430,2026-02-09,10,119,7,3,1,5,2,1,1
430,2026-02-10,14,133,10,4,4,5,4,1,0
431,2026-01-14,0,0,0,0,0,0,0,0,0
431,2026-01-15,0,0,0,0,0,0,0,0,0
431,2026-01-16,0,0,0,0,0,0,0,0,0
431,2026-01-17,0,0,0,0,0,0,0,0,0
431,2026-01-18,0,0,0,0,0,0,0,0,0
431,2026-01-19,0,0,0,0,0,0,0,0,0
431,2026-01-20,0,0,0,0,0,0,0,0,0
431,2026-01-21,0,0,0,0,0,0,0,0,0
431,2026-01-22,0,0,0,0,0,0,0,0,0
431,2026-01-23,0,0,0,0,0,0,0,0,0
431,2026-01-24,0,0,0,0,0,0,0,0,0
431,2026-01-25,4,4,3,1,1,2,1,0,0
431,2026-01-26,4,8,3,1,1,1,1,1,0
431,2026-01-27,4,12,3,1,1,2,1,0,0
431,2026-01-28,5,17,4,1,1,3,0,0,1
431,2026-01-29,2,19,1,1,1,0,0,0,1
431,2026-01-30,6,25,3,3,1,1,3,1,0
431,2026-01-31,4,29,3,1,1,2,1,0,0
431,2026-02-01,5,34,2,3,0,2,1,0,2
431,2026-02-02,8,42,7,1,2,5,1,0,0
431,2026-02-03,3,45,3,0,1,2,0,0,0
431,2026-02-04,9,54,6,3,1,3,3,2,0
431,2026-02-05,10,64,8,2,2,4,1,2,1
431,2026-02-06,7,71,6,1,0,6,1,0,0
431,2026-02-07,7,78,7,0,3,3,0,1,0
431,2026-02-08,14,92,9,5,0,7,5,2,0
431,2026-02-09,15,107,9,6,2,7,5,0,1
431,2026-02-10,10,117,7,3,4,1,1,2,2
432,2026-01-14,0,0,0,0,0,0,0,0,0
432,2026-01-15,0,0,0,0,0,0,0,0,0
432,2026-01-16,0,0,0,0,0,0,0,0,0
432,2026-01-17,0,0,0,0,0,0,0,0,0
432,2026-01-18,0,0,0,0,0,0,0,0,0
432,2026-01-19,0,0,0,0,0,0,0,0,0
432,2026-01-20,0,0,0,0,0,0,0,0,0
432,2026-01-21,0,0,0,0,0,0,0,0,0
432,2026-01-22,0,0,0,0,0,0,0,0,0
432,2026-01-23,0,0,0,0,0,0,0,0,0
432,2026-01-24,0,0,0,0,0,0,0,0,0
432,2026-01-25,8,8,8,0,3,5,0,0,0
432,2026-01-26,4,12,3,1,0,2,1,1,0
432,2026-01-27,2,14,1,1,1,0,1,0,0
432,2026-01-28,2,16,1,1,0,1,1,0,0
432,2026-01-29,5,21,4,1,1,3,1,0,0
432,2026-01-30,2,23,2,0,0,1,0,1,0
432,2026-01-31,3,26,2,1,0,2,1,0,0
432,2026-02-01,7,33,6,1,2,3,0,1,1
432,2026-02-02,5,38,5,0,2,3,0,0,0
432,2026-02-03,5,43,4,1,0,4,1,0,0
432,2026-02-04,7,50,6,1,3,2,1,1,0
432,2026-02-05,7,57,6,1,3,3,1,0,0
432,2026-02-06,6,63,5,1,4,1,0,0,1
432,2026-02-07,7,70,4,3,0,4,1,0,2
432,2026-02-08,5,75,2,3,1,1,2,0,1
432,2026-02-09,10,85,8,2,3,4,2,1,0
432,2026-02-10,11,96,7,4,4,2,3,1,1
433,2026-01-14,0,0,0,0,0,0,0,0,0
433,2026-01-15,0,0,0,0,0,0,0,0,0
433,2026-01-16,0,0,0,0,0,0,0,0,0
433,2026-01-17,0,0,0,0,0,0,0,0,0
433,2026-01-18,0,0,0,0,0,0,0,0,0
433,2026-01-19,0,0,0,0,0,0,0,0,0
433,2026-01-20,0,0,0,0,0,0,0,0,0
433,2026-01-21,0,0,0,0,0,0,0,0,0
433,2026-01-22,0,0,0,0,0,0,0,0,0
433,2026-01-23,0,0,0,0,0,0,0,0,0
433,2026-01-24,0,0,0,0,0,0,0,0,0
433,2026-01-25,12,12,10,2,3,7,1,0,1
433,2026-01-26,5,17,5,0,2,3,0,0,0
433,2026-01-27,6,23,4,2,2,1,2,1,0
433,2026-01-28,5,28,5,0,1,3,0,1,0
433,2026-01-29,3,31,3,0,1,2,0,0,0
433,2026-01-30,5,36,5,0,4,1,0,0,0
433,2026-01-31,11,47,9,2,2,5,2,2,0
433,2026-02-01,15,62,14,1,2,12,1,0,0
433,2026-02-02,8,70,6,2,2,3,2,1,0
433,2026-02-03,13,83,11,2,3,8,2,0,0
433,2026-02-04,15,98,12,3,4,7,1,1,2
433,2026-02-05,17,115,13,4,5,6,3,2,1
433,2026-02-06,10,125,7,3,3,3,2,1,1
433,2026-02-07,17,142,15,2,2,10,1,3,1
433,2026-02-08,18,160,12,6,4,8,4,0,2
433,2026-02-09,20,180,18,2,5,13,1,0,1
433,2026-02-10,19,199,13,6,7,6,5,0,1
434,2026-01-14,0,0,0,0,0,0,0,0,0
434,2026-01-15,0,0,0,0,0,0,0,0,0
434,2026-01-16,0,0,0,0,0,0,0,0,0
434,2026-01-17,0,0,0,0,0,0,0,0,0
434,2026-01-18,0,0,0,0,0,0,0,0,0
434,2026-01-19,0,0,0,0,0,0,0,0,0
434,2026-01-20,0,0,0,0,0,0,0,0,0
434,2026-01-21,0,0,0,0,0,0,0,0,0
434,2026-01-22,0,0,0,0,0,0,0,0,0
434,2026-01-23,0,0,0,0,0,0,0,0,0
434,2026-01-24,0,0,0,0,0,0,0,0,0
434,2026-01-25,9,9,8,1,4,3,0,1,1
434,2026-01-26,4,13,3,1,2,1,0,0,1
434,2026-01-27,1,14,1,0,1,0,0,0,0
434,2026-01-28,5,19,3,2,2,1,2,0,0
434,2026-01-29,3,22,2,1,0,1,1,1,0
434,2026-01-30,1,23,0,1,0,0,1,0,0
434,2026-01-31,4,27,4,0,2,2,0,0,0
434,2026-02-01,3,30,2,1,0,2,1,0,0
434,2026-02-02,4,34,2,2,1,1,2,0,0
434,2026-02-03,4,38,4,0,1,2,0,1,0
434,2026-02-04,3,41,2,1,0,2,0,0,1
434,2026-02-05,4,45,3,1,3,0,1,0,0
434,2026-02-06,5,50,3,2,0,3,1,0,1
434,2026-02-07,6,56,5,1,1,3,1,1,0
434,2026-02-08,11,67,8,3,1,6,3,1,0
434,2026-02-09,5,72,5,0,3,1,0,1,0
434,2026-02-10,10,82,8,2,2,3,2,3,0
435,2026-01-14,0,0,0,0,0,0,0,0,0
435,2026-01-15,0,0,0,0,0,0,0,0,0
435,2026-01-16,0,0,0,0,0,0,0,0,0
435,2026-01-17,0,0,0,0,0,0,0,0,0
435,2026-01-18,0,0,0,0,0,0,0,0,0
435,2026-01-19,0,0,0,0,0,0,0,0,0
435,2026-01-20,0,0,0,0,0,0,0,0,0
435,2026-01-21,0,0,0,0,0,0,0,0,0
435,2026-01-22,0,0,0,0,0,0,0,0,0
435,2026-01-23,0,0,0,0,0,0,0,0,0
435,2026-01-24,0,0,0,0,0,0,0,0,0
435,2026-01-25,7,7,6,1,0,5,0,1,1
435,2026-01-26,2,9,2,0,2,0,0,0,0
435,2026-01-27,7,16,6,1,1,3,1,2,0
435,2026-01-28,2,18,1,1,0,1,1,0,0
435,2026-01-29,1,19,1,0,1,0,0,0,0
435,2026-01-30,6,25,4,2,1,3,2,0,0
435,2026-01-31,2,27,1,1,0,1,0,0,1
435,2026-02-01,2,29,1,1,0,1,1,0,0
435,2026-02-02,13,42,9,4,3,6,3,0,1
435,2026-02-03,3,45,1,2,1,0,2,0,0
435,2026-02-04,3,48,0,3,0,0,3,0,0
435,2026-02-05,9,57,8,1,1,7,1,0,0
435,2026-02-06,3,60,1,2,1,0,1,0,1
435,2026-02-07,6,66,4,2,1,3,2,0,0
435,2026-02-08,10,76,7,3,2,4,3,1,0
435,2026-02-09,11,87,8,3,3,3,3,2,0
435,2026-02-10,7,94,6,1,0,5,1,1,0
436,2026-01-14,0,0,0,0,0,0,0,0,0
436,2026-01-15,0,0,0,0,0,0,0,0,0
436,2026-01-16,0,0,0,0,0,0,0,0,0
436,2026-01-17,0,0,0,0,0,0,0,0,0
436,2026-01-18,0,0,0,0,0,0,0,0,0
436,2026-01-19,0,0,0,0,0,0,0,0,0
436,2026-01-20,0,0,0,0,0,0,0,0,0
436,2026-01-21,0,0,0,0,0,0,0,0,0
436,2026-01-22,0,0,0,0,0,0,0,0,0
436,2026-01-23,0,0,0,0,0,0,0,0,0
436,2026-01-24,0,0,0,0,0,0,0,0,0
436,2026-01-25,6,6,6,0,1,4,0,1,0
436,2026-01-26,7,13,5,2,1,4,2,0,0
436,2026-01-27,1,14,0,1,0,0,1,0,0
436,2026-01-28,4,18,4,0,2,2,0,0,0
436,2026-01-29,11,29,9,2,5,3,2,1,0
436,2026-01-30,8,37,6,2,2,4,1,0,1
436,2026-01-31,4,41,2,2,1,1,2,0,0
436,2026-02-01,7,48,7,0,2,4,0,1,0
436,2026-02-02,6,54,4,2,2,2,2,0,0
436,2026-02-03,5,59,5,0,1,3,0,1,0
436,2026-02-04,8,67,6,2,5,1,2,0,0
436,2026-02-05,5,72,5,0,0,5,0,0,0
436,2026-02-06,9,81,9,0,3,5,0,1,0
436,2026-02-07,8,89,6,2,3,2,1,1,1
436,2026-02-08,9,98,9,0,1,4,0,4,0
436,2026-02-09,8,106,7,1,0,7,1,0,0
436,2026-02-10,7,113,3,4,0,2,3,1,1
437,2026-01-14,0,0,0,0,0,0,0,0,0
437,2026-01-15,0,0,0,0,0,0,0,0,0
437,2026-01-16,0,0,0,0,0,0,0,0,0
437,2026-01-17,0,0,0,0,0,0,0,0,0
437,2026-01-18,0,0,0,0,0,0,0,0,0
437,2026-01-19,0,0,0,0,0,0,0,0,0
437,2026-01-20,0,0,0,0,0,0,0,0,0
437,2026-01-21,0,0,0,0,0,0,0,0,0
437,2026-01-22,0,0,0,0,0,0,0,0,0
437,2026-01-23,0,0,0,0,0,0,0,0,0
437,2026-01-24,0,0,0,0,0,0,0,0,0
437,2026-01-25,5,5,4,1,0,4,1,0,0
437,2026-01-26,3,8,3,0,1,1,0,1,0
437,2026-01-27,5,13,5,0,1,4,0,0,0
437,2026-01-28,5,18,4,1,0,3,1,1,0
437,2026-01-29,5,23,4,1,0,4,0,0,1
437,2026-01-30,3,26,3,0,1,1,0,1,0
437,2026-01-31,3,29,3,0,2,1,0,0,0
437,2026-02-01,5,34,5,0,2,2,0,1,0
437,2026-02-02,4,38,4,0,2,1,0,1,0
437,2026-02-03,1,39,1,0,0,1,0,0,0
437,2026-02-04,2,41,2,0,1,1,0,0,0
437,2026-02-05,3,44,3,0,0,2,0,1,0
437,2026-02-06,4,48,3,1,1,1,1,1,0
437,2026-02-07,8,56,7,1,1,5,1,1,0
437,2026-02-08,4,60,4,0,1,3,0,0,0
437,2026-02-09,13,73,13,0,6,7,0,0,0
437,2026-02-10,4,77,4,0,0,4,0,0,0
438,2026-01-14,0,0,0,0,0,0,0,0,0
438,2026-01-15,0,0,0,0,0,0,0,0,0
438,2026-01-16,0,0,0,0,0,0,0,0,0
438,2026-01-17,0,0,0,0,0,0,0,0,0
438,2026-01-18,0,0,0,0,0,0,0,0,0
438,2026-01-19,0,0,0,0,0,0,0,0,0
438,2026-01-20,0,0,0,0,0,0,0,0,0
438,2026-01-21,0,0,0,0,0,0,0,0,0
438,2026-01-22,0,0,0,0,0,0,0,0,0
438,2026-01-23,0,0,0,0,0,0,0,0,0
438,2026-01-24,0,0,0,0,0,0,0,0,0
438,2026-01-25,6,6,4,2,3,1,2,0,0
438,2026-01-26,1,7,0,1,0,0,0,0,1
438,2026-01-27,2,9,2,0,0,2,0,0,0
438,2026-01-28,3,12,3,0,0,3,0,0,0
438,2026-01-29,1,13,1,0,0,1,0,0,0
438,2026-01-30,5,18,4,1,1,3,1,0,0
438,2026-01-31,1,19,1,0,0,1,0,0,0
438,2026-02-01,4,23,4,0,0,3,0,1,0
438,2026-02-02,5,28,5,0,0,5,0,0,0
438,2026-02-03,4,32,3,1,2,1,1,0,0
438,2026-02-04,8,40,6,2,0,6,2,0,0
438,2026-02-05,1,41,1,0,0,1,0,0,0
438,2026-02-06,3,44,2,1,1,0,1,1,0
438,2026-02-07,3,47,2,1,2,0,1,0,0
438,2026-02-08,4,51,3,1,1,1,1,1,0
438,2026-02-09,3,54,3,0,0,1,0,2,0
438,2026-02-10,3,57,2,1,1,1,0,0,1
439,2026-01-14,0,0,0,0,0,0,0,0,0
439,2026-01-15,0,0,0,0,0,0,0,0,0
439,2026-01-16,0,0,0,0,0,0,0,0,0
439,2026-01-17,0,0,0,0,0,0,0,0,0
439,2026-01-18,0,0,0,0,0,0,0,0,0
439,2026-01-19,0,0,0,0,0,0,0,0,0
439,2026-01-20,0,0,0,0,0,0,0,0,0
439,2026-01-21,0,0,0,0,0,0,0,0,0
439,2026-01-22,0,0,0,0,0,0,0,0,0
439,2026-01-23,0,0,0,0,0,0,0,0,0
439,2026-01-24,0,0,0,0,0,0,0,0,0
439,2026-01-25,7,7,7,0,1,4,0,2,0
439,2026-01-26,3,10,3,0,0,3,0,0,0
439,2026-01-27,3,13,2,1,0,2,1,0,0
439,2026-01-28,2,15,1,1,1,0,0,0,1
439,2026-01-29,2,17,2,0,1,1,0,0,0
439,2026-01-30,5,22,5,0,2,3,0,0,0
439,2026-01-31,2,24,2,0,0,1,0,1,0
439,2026-02-01,3,27,3,0,1,2,0,0,0
439,2026-02-02,5,32,4,1,1,2,1,1,0
439,2026-02-03,5,37,5,0,1,4,0,0,0
439,2026-02-04,1,38,1,0,0,1,0,0,0
439,2026-02-05,2,40,2,0,2,0,0,0,0
439,2026-02-06,6,46,6,0,1,3,0,2,0
439,2026-02-07,7,53,6,1,3,3,1,0,0
439,2026-02-08,6,59,6,0,2,4,0,0,0
439,2026-02-09,2,61,2,0,0,2,0,0,0
439,2026-02-10,6,67,5,1,1,4,1,0,0
440,2026-01-14,0,0,0,0,0,0,0,0,0
440,2026-01-15,0,0,0,0,0,0,0,0,0
440,2026-01-16,0,0,0,0,0,0,0,0,0
440,2026-01-17,0,0,0,0,0,0,0,0,0
440,2026-01-18,0,0,0,0,0,0,0,0,0
440,2026-01-19,0,0,0,0,0,0,0,0,0
440,2026-01-20,0,0,0,0,0,0,0,0,0
440,2026-01-21,0,0,0,0,0,0,0,0,0
440,2026-01-22,0,0,0,0,0,0,0,0,0
440,2026-01-23,0,0,0,0,0,0,0,0,0
440,2026-01-24,0,0,0,0,0,0,0,0,0
440,2026-01-25,7,7,6,1,1,5,1,0,0
440,2026-01-26,6,13,6,0,3,3,0,0,0
440,2026-01-27,6,19,5,1,1,2,1,2,0
440,2026-01-28,6,25,6,0,2,4,0,0,0
440,2026-01-29,4,29,4,0,0,2,0,2,0
440,2026-01-30,6,35,5,1,2,3,1,0,0
440,2026-01-31,9,44,8,1,5,3,0,0,1
440,2026-02-01,9,53,6,3,2,2,3,2,0
440,2026-02-02,12,65,12,0,8,4,0,0,0
440,2026-02-03,13,78,12,1,7,4,1,1,0
440,2026-02-04,14,92,13,1,5,8,0,0,1
440,2026-02-05,12,104,10,2,6,3,1,1,1
440,2026-02-06,19,123,17,2,4,12,1,1,1
440,2026-02-07,12,135,11,1,4,3,1,4,0
440,2026-02-08,16,151,13,3,5,7,3,1,0
440,2026-02-09,15,166,11,4,2,7,2,2,2
440,2026-02-10,16,182,14,2,2,10,1,2,1
441,2026-01-14,0,0,0,0,0,0,0,0,0
441,2026-01-15,0,0,0,0,0,0,0,0,0
441,2026-01-16,0,0,0,0,0,0,0,0,0
441,2026-01-17,0,0,0,0,0,0,0,0,0
441,2026-01-18,0,0,0,0,0,0,0,0,0
441,2026-01-19,0,0,0,0,0,0,0,0,0
441,2026-01-20,0,0,0,0,0,0,0,0,0
441,2026-01-21,0,0,0,0,0,0,0,0,0
441,2026-01-22,0,0,0,0,0,0,0,0,0
441,2026-01-23,0,0,0,0,0,0,0,0,0
441,2026-01-24,0,0,0,0,0,0,0,0,0
441,2026-01-25,11,11,11,0,4,7,0,0,0
441,2026-01-26,6,17,4,2,1,2,1,1,1
441,2026-01-27,8,25,5,3,2,3,3,0,0
441,2026-01-28,3,28,2,1,2,0,1,0,0
441,2026-01-29,1,29,1,0,1,0,0,0,0
441,2026-01-30,5,34,4,1,2,2,1,0,0
441,2026-01-31,7,41,5,2,3,2,2,0,0
441,2026-02-01,8,49,3,5,1,2,3,0,2
441,2026-02-02,8,57,6,2,2,4,2,0,0
441,2026-02-03,3,60,3,0,0,3,0,0,0
441,2026-02-04,10,70,9,1,3,6,1,0,0
441,2026-02-05,10,80,10,0,4,5,0,1,0
441,2026-02-06,8,88,6,2,2,4,2,0,0
441,2026-02-07,10,98,7,3,3,4,3,0,0
441,2026-02-08,6,104,6,0,0,5,0,1,0
441,2026-02-09,10,114,6,4,2,3,4,1,0
441,2026-02-10,11,125,8,3,2,6,3,0,0
442,2026-01-14,0,0,0,0,0,0,0,0,0
442,2026-01-15,0,0,0,0,0,0,0,0,0
442,2026-01-16,0,0,0,0,0,0,0,0,0
442,2026-01-17,0,0,0,0,0,0,0,0,0
442,2026-01-18,0,0,0,0,0,0,0,0,0
442,2026-01-19,0,0,0,0,0,0,0,0,0
442,2026-01-20,0,0,0,0,0,0,0,0,0
442,2026-01-21,0,0,0,0,0,0,0,0,0
442,2026-01-22,0,0,0,0,0,0,0,0,0
442,2026-01-23,0,0,0,0,0,0,0,0,0
442,2026-01-24,0,0,0,0,0,0,0,0,0
442,2026-01-25,9,9,8,1,3,5,1,0,0
442,2026-01-26,1,10,1,0,0,1,0,0,0
442,2026-01-27,4,14,4,0,2,2,0,0,0
442,2026-01-28,7,21,6,1,4,1,1,1,0
442,2026-01-29,6,27,5,1,4,1,1,0,0
442,2026-01-30,6,33,5,1,1,4,0,0,1
442,2026-01-31,9,42,7,2,1,6,2,0,0
442,2026-02-01,6,48,6,0,1,4,0,1,0
442,2026-02-02,7,55,7,0,1,5,0,1,0
442,2026-02-03,3,58,1,2,0,1,2,0,0
442,2026-02-04,13,71,7,6,3,4,6,0,0
442,2026-02-05,6,77,5,1,2,2,1,1,0
442,2026-02-06,7,84,7,0,1,6,0,0,0
442,2026-02-07,7,91,5,2,2,3,2,0,0
442,2026-02-08,7,98,4,3,0,3,1,1,2
442,2026-02-09,14,112,5,9,4,0,8,1,1
442,2026-02-10,14,126,14,0,5,6,0,3,0
443,2026-01-14,0,0,0,0,0,0,0,0,0
443,2026-01-15,0,0,0,0,0,0,0,0,0
443,2026-01-16,0,0,0,0,0,0,0,0,0
443,2026-01-17,0,0,0,0,0,0,0,0,0
443,2026-01-18,0,0,0,0,0,0,0,0,0
443,2026-01-19,0,0,0,0,0,0,0,0,0
443,2026-01-20,0,0,0,0,0,0,0,0,0
443,2026-01-21,0,0,0,0,0,0,0,0,0
443,2026-01-22,0,0,0,0,0,0,0,0,0
443,2026-01-23,0,0,0,0,0,0,0,0,0
443,2026-01-24,0,0,0,0,0,0,0,0,0
443,2026-01-25,12,12,12,0,2,7,0,3,0
443,2026-01-26,8,20,6,2,2,3,1,1,1
443,2026-01-27,3,23,3,0,1,2,0,0,0
443,2026-01-28,5,28,5,0,3,2,0,0,0
443,2026-01-29,3,31,3,0,2,1,0,0,0
443,2026-01-30,10,41,7,3,3,4,3,0,0
443,2026-01-31,4,45,4,0,2,1,0,1,0
443,2026-02-01,5,50,5,0,0,4,0,1,0
443,2026-02-02,8,58,7,1,1,6,1,0,0
443,2026-02-03,12,70,10,2,6,3,2,1,0
443,2026-02-04,10,80,8,2,1,7,0,0,2
443,2026-02-05,4,84,4,0,0,3,0,1,0
443,2026-02-06,11,95,8,3,1,7,2,0,1
443,2026-02-07,12,107,10,2,4,6,1,0,1
443,2026-02-08,12,119,8,4,3,3,3,2,1
443,2026-02-09,8,127,6,2,1,4,2,1,0
443,2026-02-10,9,136,7,2,1,5,1,1,1
444,2026-01-14,0,0,0,0,0,0,0,0,0
444,2026-01-15,0,0,0,0,0,0,0,0,0
444,2026-01-16,0,0,0,0,0,0,0,0,0
444,2026-01-17,0,0,0,0,0,0,0,0,0
444,2026-01-18,0,0,0,0,0,0,0,0,0
444,2026-01-19,0,0,0,0,0,0,0,0,0
444,2026-01-20,0,0,0,0,0,0,0,0,0
444,2026-01-21,0,0,0,0,0,0,0,0,0
444,2026-01-22,0,0,0,0,0,0,0,0,0
444,2026-01-23,0,0,0,0,0,0,0,0,0
444,2026-01-24,0,0,0,0,0,0,0,0,0
444,2026-01-25,6,6,5,1,2,3,1,0,0
444,2026-01-26,1,7,1,0,1,0,0,0,0
444,2026-01-27,1,8,1,0,0,1,0,0,0
444,2026-01-28,5,13,5,0,1,3,0,1,0
444,2026-01-29,4,17,4,0,1,3,0,0,0
444,2026-01-30,4,21,4,0,1,3,0,0,0
444,2026-01-31,6,27,5,1,2,3,1,0,0
444,2026-02-01,6,33,4,2,0,4,2,0,0
444,2026-02-02,10,43,5,5,3,2,4,0,1
444,2026-02-03,9,52,9,0,3,5,0,1,0
444,2026-02-04,4,56,3,1,0,3,1,0,0
444,2026-02-05,8,64,7,1,4,3,1,0,0
444,2026-02-06,5,69,3,2,0,3,2,0,0
444,2026-02-07,8,77,6,2,2,3,0,1,2
444,2026-02-08,10,87,6,4,1,4,3,1,1
444,2026-02-09,7,94,7,0,1,6,0,0,0
444,2026-02-10,8,102,7,1,3,4,1,0,0
445,2026-01-14,0,0,0,0,0,0,0,0,0
445,2026-01-15,0,0,0,0,0,0,0,0,0
445,2026-01-16,0,0,0,0,0,0,0,0,0
445,2026-01-17,0,0,0,0,0,0,0,0,0
445,2026-01-18,0,0,0,0,0,0,0,0,0
445,2026-01-19,0,0,0,0,0,0,0,0,0
445,2026-01-20,0,0,0,0,0,0,0,0,0
445,2026-01-21,0,0,0,0,0,0,0,0,0
445,2026-01-22,0,0,0,0,0,0,0,0,0
445,2026-01-23,0,0,0,0,0,0,0,0,0
445,2026-01-24,0,0,0,0,0,0,0,0,0
445,2026-01-25,10,10,8,2,2,5,1,1,1
445,2026-01-26,3,13,3,0,0,2,0,1,0
445,2026-01-27,1,14,1,0,1,0,0,0,0
445,2026-01-28,2,16,2,0,0,2,0,0,0
445,2026-01-29,8,24,8,0,2,6,0,0,0
445,2026-01-30,5,29,3,2,1,1,0,1,2
445,2026-01-31,6,35,6,0,3,3,0,0,0
445,2026-02-01,6,41,5,1,2,2,1,1,0
445,2026-02-02,7,48,6,1,2,4,0,0,1
445,2026-02-03,7,55,3,4,1,1,2,1,2
445,2026-02-04,5,60,3,2,0,3,1,0,1
445,2026-02-05,5,65,1,4,0,1,3,0,1
445,2026-02-06,11,76,7,4,4,3,4,0,0
445,2026-02-07,7,83,5,2,1,3,2,1,0
445,2026-02-08,12,95,9,3,4,5,2,0,1
445,2026-02-09,16,111,15,1,4,10,0,1,1
445,2026-02-10,7,118,4,3,1,2,2,1,1
446,2026-01-14,0,0,0,0,0,0,0,0,0
446,2026-01-15,0,0,0,0,0,0,0,0,0
446,2026-01-16,0,0,0,0,0,0,0,0,0
446,2026-01-17,0,0,0,0,0,0,0,0,0
446,2026-01-18,0,0,0,0,0,0,0,0,0
446,2026-01-19,0,0,0,0,0,0,0,0,0
446,2026-01-20,0,0,0,0,0,0,0,0,0
446,2026-01-21,0,0,0,0,0,0,0,0,0
446,2026-01-22,0,0,0,0,0,0,0,0,0
446,2026-01-23,0,0,0,0,0,0,0,0,0
446,2026-01-24,0,0,0,0,0,0,0,0,0
446,2026-01-25,9,9,8,1,0,8,1,0,0
446,2026-01-26,3,12,3,0,0,3,0,0,0
446,2026-01-27,4,16,4,0,1,3,0,0,0
446,2026-01-28,5,21,4,1,1,3,0,0,1
446,2026-01-29,3,24,2,1,0,2,0,0,1
446,2026-01-30,4,28,4,0,2,2,0,0,0
446,2026-01-31,7,35,6,1,0,6,1,0,0
446,2026-02-01,2,37,2,0,1,1,0,0,0
446,2026-02-02,4,41,4,0,0,4,0,0,0
446,2026-02-03,6,47,4,2,1,3,2,0,0
446,2026-02-04,5,52,3,2,0,2,2,1,0
446,2026-02-05,5,57,2,3,1,0,1,1,2
446,2026-02-06,10,67,7,3,2,5,2,0,1
446,2026-02-07,11,78,7,4,1,5,2,1,2
446,2026-02-08,8,86,3,5,1,2,3,0,2
446,2026-02-09,5,91,4,1,1,2,1,1,0
446,2026-02-10,6,97,1,5,0,1,3,0,2
447,2026-01-14,0,0,0,0,0,0,0,0,0
447,2026-01-15,0,0,0,0,0,0,0,0,0
447,2026-01-16,0,0,0,0,0,0,0,0,0
447,2026-01-17,0,0,0,0,0,0,0,0,0
447,2026-01-18,0,0,0,0,0,0,0,0,0
447,2026-01-19,0,0,0,0,0,0,0,0,0
447,2026-01-20,0,0,0,0,0,0,0,0,0
447,2026-01-21,0,0,0,0,0,0,0,0,0
447,2026-01-22,0,0,0,0,0,0,0,0,0
447,2026-01-23,0,0,0,0,0,0,0,0,0
447,2026-01-24,0,0,0,0,0,0,0,0,0
447,2026-01-25,6,6,5,1,1,3,1,1,0
447,2026-01-26,3,9,2,1,2,0,0,0,1
447,2026-01-27,6,15,4,2,2,2,2,0,0
447,2026-01-28,5,20,4,1,3,1,1,0,0
447,2026-01-29,5,25,3,2,2,1,2,0,0
447,2026-01-30,4,29,4,0,2,1,0,1,0
447,2026-01-31,7,36,5,2,1,3,2,1,0
447,2026-02-01,9,45,8,1,2,5,0,1,1
447,2026-02-02,8,53,8,0,3,5,0,0,0
447,2026-02-03,11,64,10,1,4,5,1,1,0
447,2026-02-04,12,76,11,1,6,4,1,1,0
447,2026-02-05,7,83,7,0,2,4,0,1,0
447,2026-02-06,9,92,9,0,2,7,0,0,0
447,2026-02-07,9,101,9,0,1,7,0,1,0
447,2026-02-08,5,106,4,1,2,2,1,0,0
447,2026-02-09,10,116,8,2,2,6,2,0,0
447,2026-02-10,11,127,11,0,3,6,0,2,0
448,2026-01-14,0,0,0,0,0,0,0,0,0
448,2026-01-15,0,0,0,0,0,0,0,0,0
448,2026-01-16,0,0,0,0,0,0,0,0,0
448,2026-01-17,0,0,0,0,0,0,0,0,0
448,2026-01-18,0,0,0,0,0,0,0,0,0
448,2026-01-19,0,0,0,0,0,0,0,0,0
448,2026-01-20,0,0,0,0,0,0,0,0,0
448,2026-01-21,0,0,0,0,0,0,0,0,0
448,2026-01-22,0,0,0,0,0,0,0,0,0
448,2026-01-23,0,0,0,0,0,0,0,0,0
448,2026-01-24,0,0,0,0,0,0,0,0,0
448,2026-01-25,3,3,2,1,0,2,1,0,0
448,2026-01-26,8,11,6,2,3,3,1,0,1
448,2026-01-27,5,16,3,2,0,3,2,0,0
448,2026-01-28,2,18,1,1,0,0,0,1,1
448,2026-01-29,1,19,1,0,0,0,0,1,0
448,2026-01-30,6,25,5,1,2,3,1,0,0
448,2026-01-31,9,34,6,3,1,4,2,1,1
448,2026-02-01,6,40,4,2,1,3,1,0,1
448,2026-02-02,8,48,6,2,2,4,2,0,0
448,2026-02-03,8,56,6,2,1,5,1,0,1
448,2026-02-04,5,61,3,2,1,2,2,0,0
448,2026-02-05,4,65,4,0,0,4,0,0,0
448,2026-02-06,8,73,5,3,2,2,3,1,0
448,2026-02-07,10,83,7,3,2,5,2,0,1
448,2026-02-08,9,92,7,2,4,2,1,1,1
448,2026-02-09,13,105,12,1,3,9,1,0,0
448,2026-02-10,14,119,11,3,3,8,2,0,1
449,2026-01-14,0,0,0,0,0,0,0,0,0
449,2026-01-15,0,0,0,0,0,0,0,0,0
449,2026-01-16,0,0,0,0,0,0,0,0,0
449,2026-01-17,0,0,0,0,0,0,0,0,0
449,2026-01-18,0,0,0,0,0,0,0,0,0
449,2026-01-19,0,0,0,0,0,0,0,0,0
449,2026-01-20,0,0,0,0,0,0,0,0,0
449,2026-01-21,0,0,0,0,0,0,0,0,0
449,2026-01-22,0,0,0,0,0,0,0,0,0
449,2026-01-23,0,0,0,0,0,0,0,0,0
449,2026-01-24,0,0,0,0,0,0,0,0,0
449,2026-01-25,3,3,3,0,3,0,0,0,0
449,2026-01-26,6,9,6,0,3,3,0,0,0
449,2026-01-27,2,11,1,1,0,1,1,0,0
449,2026-01-28,4,15,2,2,0,1,1,1,1
449,2026-01-29,1,16,1,0,0,1,0,0,0
449,2026-01-30,3,19,2,1,1,1,1,0,0
449,2026-01-31,3,22,3,0,2,1,0,0,0
449,2026-02-01,5,27,4,1,1,2,1,1,0
449,2026-02-02,5,32,5,0,1,2,0,2,0
449,2026-02-03,2,34,2,0,0,2,0,0,0
449,2026-02-04,6,40,5,1,0,4,1,1,0
449,2026-02-05,7,47,6,1,3,2,1,1,0
449,2026-02-06,2,49,2,0,0,1,0,1,0
449,2026-02-07,2,51,2,0,1,1,0,0,0
449,2026-02-08,5,56,4,1,1,2,1,1,0
449,2026-02-09,7,63,5,2,2,2,2,1,0
449,2026-02-10,2,65,2,0,0,2,0,0,0
450,2026-01-14,0,0,0,0,0,0,0,0,0
450,2026-01-15,0,0,0,0,0,0,0,0,0
450,2026-01-16,0,0,0,0,0,0,0,0,0
450,2026-01-17,0,0,0,0,0,0,0,0,0
450,2026-01-18,0,0,0,0,0,0,0,0,0
450,2026-01-19,0,0,0,0,0,0,0,0,0
450,2026-01-20,0,0,0,0,0,0,0,0,0
450,2026-01-21,0,0,0,0,0,0,0,0,0
450,2026-01-22,0,0,0,0,0,0,0,0,0
450,2026-01-23,0,0,0,0,0,0,0,0,0
450,2026-01-24,0,0,0,0,0,0,0,0,0
450,2026-01-25,7,7,7,0,0,7,0,0,0
450,2026-01-26,8,15,8,0,0,8,0,0,0
450,2026-01-27,3,18,1,2,0,1,2,0,0
450,2026-01-28,7,25,6,1,0,5,1,1,0
450,2026-01-29,2,27,2,0,1,1,0,0,0
450,2026-01-30,3,30,3,0,1,2,0,0,0
450,2026-01-31,4,34,2,2,1,1,2,0,0
450,2026-02-01,7,41,6,1,4,2,1,0,0
450,2026-02-02,2,43,1,1,0,1,1,0,0
450,2026-02-03,5,48,4,1,1,2,0,1,1
450,2026-02-04,6,54,5,1,0,4,1,1,0
450,2026-02-05,7,61,5,2,2,2,2,1,0
450,2026-02-06,6,67,6,0,1,5,0,0,0
450,2026-02-07,7,74,5,2,2,3,2,0,0
450,2026-02-08,5,79,4,1,2,1,1,1,0
450,2026-02-09,9,88,8,1,2,6,1,0,0
450,2026-02-10,6,94,6,0,2,4,0,0,0
451,2026-01-14,0,0,0,0,0,0,0,0,0
451,2026-01-15,0,0,0,0,0,0,0,0,0
451,2026-01-16,0,0,0,0,0,0,0,0,0
451,2026-01-17,0,0,0,0,0,0,0,0,0
451,2026-01-18,0,0,0,0,0,0,0,0,0
451,2026-01-19,0,0,0,0,0,0,0,0,0
451,2026-01-20,0,0,0,0,0,0,0,0,0
451,2026-01-21,0,0,0,0,0,0,0,0,0
451,2026-01-22,0,0,0,0,0,0,0,0,0
451,2026-01-23,0,0,0,0,0,0,0,0,0
451,2026-01-24,0,0,0,0,0,0,0,0,0
451,2026-01-25,4,4,3,1,1,2,1,0,0
451,2026-01-26,4,8,3,1,0,3,1,0,0
451,2026-01-27,5,13,5,0,0,4,0,1,0
451,2026-01-28,7,20,4,3,2,1,2,1,1
451,2026-01-29,8,28,8,0,3,4,0,1,0
451,2026-01-30,8,36,6,2,1,5,1,0,1
451,2026-01-31,8,44,8,0,2,6,0,0,0
451,2026-02-01,4,48,4,0,2,1,0,1,0
451,2026-02-02,10,58,4,6,1,2,4,1,2
451,2026-02-03,11,69,9,2,5,4,1,0,1
451,2026-02-04,11,80,8,3,2,6,2,0,1
451,2026-02-05,14,94,11,3,4,7,2,0,1
451,2026-02-06,10,104,9,1,4,4,0,1,1
451,2026-02-07,11,115,8,3,2,5,2,1,1
451,2026-02-08,10,125,9,1,3,6,1,0,0
451,2026-02-09,14,139,13,1,3,10,1,0,0
451,2026-02-10,12,151,10,2,6,3,2,1,0
452,2026-01-14,0,0,0,0,0,0,0,0,0
452,2026-01-15,0,0,0,0,0,0,0,0,0
452,2026-01-16,0,0,0,0,0,0,0,0,0
452,2026-01-17,0,0,0,0,0,0,0,0,0
452,2026-01-18,0,0,0,0,0,0,0,0,0
452,2026-01-19,0,0,0,0,0,0,0,0,0
452,2026-01-20,0,0,0,0,0,0,0,0,0
452,2026-01-21,0,0,0,0,0,0,0,0,0
452,2026-01-22,0,0,0,0,0,0,0,0,0
452,2026-01-23,0,0,0,0,0,0,0,0,0
452,2026-01-24,0,0,0,0,0,0,0,0,0
452,2026-01-25,9,9,8,1,0,7,0,1,1
452,2026-01-26,3,12,2,1,1,1,1,0,0
452,2026-01-27,2,14,1,1,0,1,1,0,0
452,2026-01-28,2,16,1,1,0,1,0,0,1
452,2026-01-29,2,18,1,1,1,0,0,0,1
452,2026-01-30,6,24,5,1,1,2,1,2,0
452,2026-01-31,3,27,2,1,2,0,1,0,0
452,2026-02-01,3,30,2,1,2,0,1,0,0
452,2026-02-02,2,32,2,0,1,1,0,0,0
452,2026-02-03,3,35,3,0,2,1,0,0,0
452,2026-02-04,5,40,3,2,0,3,1,0,1
452,2026-02-05,8,48,7,1,3,3,1,1,0
452,2026-02-06,5,53,4,1,3,1,1,0,0
452,2026-02-07,8,61,6,2,2,2,1,2,1
452,2026-02-08,8,69,8,0,2,6,0,0,0
452,2026-02-09,9,78,7,2,1,5,2,1,0
452,2026-02-10,10,88,6,4,1,5,4,0,0
453,2026-01-14,0,0,0,0,0,0,0,0,0
453,2026-01-15,0,0,0,0,0,0,0,0,0
453,2026-01-16,0,0,0,0,0,0,0,0,0
453,2026-01-17,0,0,0,0,0,0,0,0,0
453,2026-01-18,0,0,0,0,0,0,0,0,0
453,2026-01-19,0,0,0,0,0,0,0,0,0
453,2026-01-20,0,0,0,0,0,0,0,0,0
453,2026-01-21,0,0,0,0,0,0,0,0,0
453,2026-01-22,0,0,0,0,0,0,0,0,0
453,2026-01-23,0,0,0,0,0,0,0,0,0
453,2026-01-24,0,0,0,0,0,0,0,0,0
453,2026-01-25,7,7,5,2,3,2,1,0,1
453,2026-01-26,5,12,5,0,1,4,0,0,0
453,2026-01-27,6,18,5,1,2,2,1,1,0
453,2026-01-28,5,23,5,0,0,5,0,0,0
453,2026-01-29,2,25,2,0,0,2,0,0,0
453,2026-01-30,8,33,7,1,2,5,0,0,1
453,2026-01-31,5,38,4,1,3,1,0,0,1
453,2026-02-01,7,45,7,0,4,2,0,1,0
453,2026-02-02,5,50,4,1,1,3,0,0,1
453,2026-02-03,6,56,5,1,0,5,1,0,0
453,2026-02-04,6,62,5,1,1,3,1,1,0
453,2026-02-05,8,70,8,0,1,7,0,0,0
453,2026-02-06,11,81,9,2,3,5,1,1,1
453,2026-02-07,15,96,14,1,4,10,1,0,0
453,2026-02-08,8,104,6,2,4,2,0,0,2
453,2026-02-09,9,113,8,1,5,3,1,0,0
453,2026-02-10,9,122,8,1,4,2,1,2,0
454,2026-01-14,0,0,0,0,0,0,0,0,0
454,2026-01-15,0,0,0,0,0,0,0,0,0
454,2026-01-16,0,0,0,0,0,0,0,0,0
454,2026-01-17,0,0,0,0,0,0,0,0,0
454,2026-01-18,0,0,0,0,0,0,0,0,0
454,2026-01-19,0,0,0,0,0,0,0,0,0
454,2026-01-20,0,0,0,0,0,0,0,0,0
454,2026-01-21,0,0,0,0,0,0,0,0,0
454,2026-01-22,0,0,0,0,0,0,0,0,0
454,2026-01-23,0,0,0,0,0,0,0,0,0
454,2026-01-24,0,0,0,0,0,0,0,0,0
454,2026-01-25,10,10,8,2,1,5,2,2,0
454,2026-01-26,3,13,3,0,1,2,0,0,0
454,2026-01-27,5,18,4,1,3,1,0,0,1
454,2026-01-28,4,22,3,1,0,3,1,0,0
454,2026-01-29,8,30,8,0,2,4,0,2,0
454,2026-01-30,3,33,1,2,1,0,1,0,1
454,2026-01-31,5,38,4,1,1,3,0,0,1
454,2026-02-01,3,41,2,1,1,1,1,0,0
454,2026-02-02,6,47,5,1,1,4,0,0,1
454,2026-02-03,4,51,2,2,0,2,1,0,1
454,2026-02-04,8,59,7,1,0,6,1,1,0
454,2026-02-05,4,63,4,0,2,2,0,0,0
454,2026-02-06,13,76,9,4,4,4,3,1,1
454,2026-02-07,5,81,4,1,1,3,0,0,1
454,2026-02-08,11,92,6,5,3,3,5,0,0
454,2026-02-09,9,101,7,2,1,5,1,1,1
454,2026-02-10,12,113,10,2,3,4,2,3,0
455,2026-01-14,0,0,0,0,0,0,0,0,0
455,2026-01-15,0,0,0,0,0,0,0,0,0
455,2026-01-16,0,0,0,0,0,0,0,0,0
455,2026-01-17,0,0,0,0,0,0,0,0,0
455,2026-01-18,0,0,0,0,0,0,0,0,0
455,2026-01-19,0,0,0,0,0,0,0,0,0
455,2026-01-20,0,0,0,0,0,0,0,0,0
455,2026-01-21,0,0,0,0,0,0,0,0,0
455,2026-01-22,0,0,0,0,0,0,0,0,0
455,2026-01-23,0,0,0,0,0,0,0,0,0
455,2026-01-24,0,0,0,0,0,0,0,0,0
455,2026-01-25,5,5,4,1,2,2,1,0,0
455,2026-01-26,6,11,4,2,3,1,2,0,0
455,2026-01-27,6,17,5,1,1,4,1,0,0
455,2026-01-28,5,22,4,1,2,2,1,0,0
455,2026-01-29,8,30,8,0,2,6,0,0,0
455,2026-01-30,7,37,5,2,2,1,2,2,0
455,2026-01-31,5,42,4,1,2,1,1,1,0
455,2026-02-01,11,53,8,3,3,5,2,0,1
455,2026-02-02,10,63,7,3,1,5,2,1,1
455,2026-02-03,11,74,9,2,2,7,2,0,0
455,2026-02-04,9,83,8,1,2,6,0,0,1
455,2026-02-05,13,96,9,4,0,8,3,1,1
455,2026-02-06,8,104,8,0,3,5,0,0,0
455,2026-02-07,17,121,9,8,2,7,5,0,3
455,2026-02-08,9,130,7,2,3,4,2,0,0
455,2026-02-09,17,147,12,5,2,8,5,2,0
455,2026-02-10,7,154,5,2,1,3,2,1,0
456,2026-01-14,0,0,0,0,0,0,0,0,0
456,2026-01-15,0,0,0,0,0,0,0,0,0
456,2026-01-16,0,0,0,0,0,0,0,0,0
456,2026-01-17,0,0,0,0,0,0,0,0,0
456,2026-01-18,0,0,0,0,0,0,0,0,0
456,2026-01-19,0,0,0,0,0,0,0,0,0
456,2026-01-20,0,0,0,0,0,0,0,0,0
456,2026-01-21,0,0,0,0,0,0,0,0,0
456,2026-01-22,0,0,0,0,0,0,0,0,0
456,2026-01-23,0,0,0,0,0,0,0,0,0
456,2026-01-24,0,0,0,0,0,0,0,0,0
456,2026-01-25,3,3,2,1,2,0,1,0,0
456,2026-01-26,4,7,4,0,0,4,0,0,0
456,2026-01-27,6,13,3,3,1,2,1,0,2
456,2026-01-28,5,18,4,1,1,2,1,1,0
456,2026-01-29,2,20,2,0,2,0,0,0,0
456,2026-01-30,6,26,5,1,1,4,0,0,1
456,2026-01-31,6,32,4,2,2,2,2,0,0
456,2026-02-01,6,38,5,1,3,2,0,0,1
456,2026-02-02,8,46,7,1,1,6,1,0,0
456,2026-02-03,1,47,0,1,0,0,1,0,0
456,2026-02-04,7,54,5,2,3,1,1,1,1
456,2026-02-05,8,62,7,1,1,5,0,1,1
456,2026-02-06,10,72,10,0,2,8,0,0,0
456,2026-02-07,4,76,3,1,0,3,1,0,0
456,2026-02-08,12,88,9,3,3,5,1,1,2
456,2026-02-09,8,96,5,3,2,3,3,0,0
456,2026-02-10,8,104,7,1,1,5,1,1,0
457,2026-01-14,0,0,0,0,0,0,0,0,0
457,2026-01-15,0,0,0,0,0,0,0,0,0
457,2026-01-16,0,0,0,0,0,0,0,0,0
457,2026-01-17,0,0,0,0,0,0,0,0,0
457,2026-01-18,0,0,0,0,0,0,0,0,0
457,2026-01-19,0,0,0,0,0,0,0,0,0
457,2026-01-20,0,0,0,0,0,0,0,0,0
457,2026-01-21,0,0,0,0,0,0,0,0,0
457,2026-01-22,0,0,0,0,0,0,0,0,0
457,2026-01-23,0,0,0,0,0,0,0,0,0
457,2026-01-24,0,0,0,0,0,0,0,0,0
457,2026-01-25,12,12,5,7,2,3,7,0,0
457,2026-01-26,1,13,1,0,0,1,0,0,0
457,2026-01-27,7,20,5,2,1,4,1,0,1
457,2026-01-28,4,24,3,1,1,2,1,0,0
457,2026-01-29,7,31,5,2,1,4,2,0,0
457,2026-01-30,7,38,6,1,0,6,1,0,0
457,2026-01-31,2,40,2,0,1,0,0,1,0
457,2026-02-01,13,53,11,2,5,5,2,1,0
457,2026-02-02,10,63,7,3,4,3,3,0,0
457,2026-02-03,8,71,5,3,2,3,2,0,1
457,2026-02-04,8,79,7,1,1,5,1,1,0
457,2026-02-05,10,89,7,3,2,4,1,1,2
457,2026-02-06,13,102,11,2,3,7,1,1,1
457,2026-02-07,16,118,9,7,2,7,7,0,0
457,2026-02-08,15,133,10,5,4,3,5,3,0
457,2026-02-09,6,139,5,1,3,2,1,0,0
457,2026-02-10,18,157,13,5,2,11,4,0,1
458,2026-01-14,0,0,0,0,0,0,0,0,0
458,2026-01-15,0,0,0,0,0,0,0,0,0
458,2026-01-16,0,0,0,0,0,0,0,0,0
458,2026-01-17,0,0,0,0,0,0,0,0,0
458,2026-01-18,0,0,0,0,0,0,0,0,0
458,2026-01-19,0,0,0,0,0,0,0,0,0
458,2026-01-20,0,0,0,0,0,0,0,0,0
458,2026-01-21,0,0,0,0,0,0,0,0,0
458,2026-01-22,0,0,0,0,0,0,0,0,0
458,2026-01-23,0,0,0,0,0,0,0,0,0
458,2026-01-24,0,0,0,0,0,0,0,0,0
458,2026-01-25,9,9,8,1,3,4,0,1,1
458,2026-01-26,3,12,3,0,0,2,0,1,0
458,2026-01-27,2,14,2,0,1,1,0,0,0
458,2026-01-28,5,19,4,1,1,1,1,2,0
458,2026-01-29,4,23,2,2,0,2,0,0,2
458,2026-01-30,4,27,4,0,2,2,0,0,0
458,2026-01-31,3,30,2,1,1,1,1,0,0
458,2026-02-01,9,39,7,2,2,3,0,2,2
458,2026-02-02,4,43,3,1,0,3,0,0,1
458,2026-02-03,3,46,3,0,1,2,0,0,0
458,2026-02-04,12,58,9,3,5,4,3,0,0
458,2026-02-05,10,68,7,3,2,5,0,0,3
458,2026-02-06,2,70,2,0,1,1,0,0,0
458,2026-02-07,10,80,9,1,1,7,1,1,0
458,2026-02-08,12,92,8,4,4,4,4,0,0
458,2026-02-09,12,104,9,3,5,4,2,0,1
458,2026-02-10,13,117,11,2,2,8,2,1,0
459,2026-01-14,0,0,0,0,0,0,0,0,0
459,2026-01-15,0,0,0,0,0,0,0,0,0
459,2026-01-16,0,0,0,0,0,0,0,0,0
459,2026-01-17,0,0,0,0,0,0,0,0,0
459,2026-01-18,0,0,0,0,0,0,0,0,0
459,2026-01-19,0,0,0,0,0,0,0,0,0
459,2026-01-20,0,0,0,0,0,0,0,0,0
459,2026-01-21,0,0,0,0,0,0,0,0,0
459,2026-01-22,0,0,0,0,0,0,0,0,0
459,2026-01-23,0,0,0,0,0,0,0,0,0
459,2026-01-24,0,0,0,0,0,0,0,0,0
459,2026-01-25,2,2,2,0,0,2,0,0,0
459,2026-01-26,5,7,4,1,2,1,1,1,0
459,2026-01-27,2,9,2,0,0,2,0,0,0
459,2026-01-28,5,14,3,2,1,1,1,1,1
459,2026-01-29,4,18,4,0,1,3,0,0,0
459,2026-01-30,0,18,0,0,0,0,0,0,0
459,2026-01-31,1,19,1,0,0,1,0,0,0
459,2026-02-01,7,26,4,3,1,3,2,0,1
459,2026-02-02,6,32,4,2,0,3,2,1,0
459,2026-02-03,6,38,6,0,2,4,0,0,0
459,2026-02-04,6,44,5,1,2,2,1,1,0
459,2026-02-05,2,46,2,0,0,1,0,1,0
459,2026-02-06,7,53,7,0,1,5,0,1,0
459,2026-02-07,4,57,3,1,0,3,1,0,0
459,2026-02-08,6,63,6,0,1,5,0,0,0
459,2026-02-09,4,67,3,1,0,3,1,0,0
459,2026-02-10,5,72,4,1,0,2,1,2,0
460,2026-01-14,0,0,0,0,0,0,0,0,0
460,2026-01-15,0,0,0,0,0,0,0,0,0
460,2026-01-16,0,0,0,0,0,0,0,0,0
460,2026-01-17,0,0,0,0,0,0,0,0,0
460,2026-01-18,0,0,0,0,0,0,0,0,0
460,2026-01-19,0,0,0,0,0,0,0,0,0
460,2026-01-20,0,0,0,0,0,0,0,0,0
460,2026-01-21,0,0,0,0,0,0,0,0,0
460,2026-01-22,0,0,0,0,0,0,0,0,0
460,2026-01-23,0,0,0,0,0,0,0,0,0
460,2026-01-24,0,0,0,0,0,0,0,0,0
460,2026-01-25,5,5,4,1,2,2,0,0,1
460,2026-01-26,4,9,4,0,1,2,0,1,0
460,2026-01-27,3,12,3,0,0,3,0,0,0
460,2026-01-28,4,16,3,1,1,1,1,1,0
460,2026-01-29,5,21,3,2,3,0,2,0,0
460,2026-01-30,2,23,0,2,0,0,2,0,0
460,2026-01-31,6,29,4,2,0,3,2,1,0
460,2026-02-01,8,37,6,2,2,2,2,2,0
460,2026-02-02,2,39,2,0,1,1,0,0,0
460,2026-02-03,7,46,5,2,1,4,1,0,1
460,2026-02-04,9,55,8,1,1,6,1,1,0
460,2026-02-05,6,61,4,2,0,4,2,0,0
460,2026-02-06,9,70,7,2,3,3,2,1,0
460,2026-02-07,9,79,6,3,3,3,3,0,0
460,2026-02-08,6,85,6,0,0,5,0,1,0
460,2026-02-09,8,93,5,3,1,4,3,0,0
460,2026-02-10,8,101,7,1,2,5,1,0,0
461,2026-01-14,0,0,0,0,0,0,0,0,0
461,2026-01-15,0,0,0,0,0,0,0,0,0
461,2026-01-16,0,0,0,0,0,0,0,0,0
461,2026-01-17,0,0,0,0,0,0,0,0,0
461,2026-01-18,0,0,0,0,0,0,0,0,0
461,2026-01-19,0,0,0,0,0,0,0,0,0
461,2026-01-20,0,0,0,0,0,0,0,0,0
461,2026-01-21,0,0,0,0,0,0,0,0,0
461,2026-01-22,0,0,0,0,0,0,0,0,0
461,2026-01-23,0,0,0,0,0,0,0,0,0
461,2026-01-24,0,0,0,0,0,0,0,0,0
461,2026-01-25,13,13,11,2,2,6,2,3,0
461,2026-01-26,9,22,5,4,2,3,2,0,2
461,2026-01-27,4,26,4,0,1,3,0,0,0
461,2026-01-28,7,33,5,2,2,2,2,1,0
461,2026-01-29,9,42,8,1,2,4,0,2,1
461,2026-01-30,9,51,6,3,1,3,3,2,0
461,2026-01-31,6,57,6,0,2,4,0,0,0
461,2026-02-01,9,66,7,2,3,3,2,1,0
461,2026-02-02,8,74,4,4,1,3,3,0,1
461,2026-02-03,15,89,14,1,2,11,1,1,0
461,2026-02-04,16,105,12,4,3,7,3,2,1
461,2026-02-05,11,116,9,2,4,3,0,2,2
461,2026-02-06,15,131,11,4,2,7,3,2,1
461,2026-02-07,15,146,11,4,5,5,3,1,1
461,2026-02-08,23,169,15,8,4,10,7,1,1
461,2026-02-09,15,184,12,3,4,6,1,2,2
461,2026-02-10,7,191,7,0,2,4,0,1,0
462,2026-01-14,0,0,0,0,0,0,0,0,0
462,2026-01-15,0,0,0,0,0,0,0,0,0
462,2026-01-16,0,0,0,0,0,0,0,0,0
462,2026-01-17,0,0,0,0,0,0,0,0,0
462,2026-01-18,0,0,0,0,0,0,0,0,0
462,2026-01-19,0,0,0,0,0,0,0,0,0
462,2026-01-20,0,0,0,0,0,0,0,0,0
462,2026-01-21,0,0,0,0,0,0,0,0,0
462,2026-01-22,0,0,0,0,0,0,0,0,0
462,2026-01-23,0,0,0,0,0,0,0,0,0
462,2026-01-24,0,0,0,0,0,0,0,0,0
462,2026-01-25,8,8,5,3,1,4,3,0,0
462,2026-01-26,6,14,5,1,4,1,0,0,1
462,2026-01-27,9,23,8,1,4,4,1,0,0
462,2026-01-28,4,27,3,1,1,1,0,1,1
462,2026-01-29,5,32,4,1,1,3,1,0,0
462,2026-01-30,8,40,7,1,2,3,1,2,0
462,2026-01-31,5,45,4,1,2,0,0,2,1
462,2026-02-01,9,54,5,4,2,3,4,0,0
462,2026-02-02,9,63,8,1,2,6,1,0,0
462,2026-02-03,9,72,6,3,3,3,3,0,0
462,2026-02-04,8,80,5,3,0,5,0,0,3
462,2026-02-05,14,94,11,3,4,5,3,2,0
462,2026-02-06,11,105,8,3,4,3,3,1,0
462,2026-02-07,12,117,9,3,6,3,3,0,0
462,2026-02-08,14,131,12,2,2,10,1,0,1
462,2026-02-09,8,139,6,2,3,2,2,1,0
462,2026-02-10,11,150,9,2,3,5,2,1,0
463,2026-01-14,0,0,0,0,0,0,0,0,0
463,2026-01-15,0,0,0,0,0,0,0,0,0
463,2026-01-16,0,0,0,0,0,0,0,0,0
463,2026-01-17,0,0,0,0,0,0,0,0,0
463,2026-01-18,0,0,0,0,0,0,0,0,0
463,2026-01-19,0,0,0,0,0,0,0,0,0
463,2026-01-20,0,0,0,0,0,0,0,0,0
463,2026-01-21,0,0,0,0,0,0,0,0,0
463,2026-01-22,0,0,0,0,0,0,0,0,0
463,2026-01-23,0,0,0,0,0,0,0,0,0
463,2026-01-24,0,0,0,0,0,0,0,0,0
463,2026-01-25,4,4,3,1,0,3,1,0,0
463,2026-01-26,5,9,5,0,1,4,0,0,0
463,2026-01-27,2,11,2,0,0,2,0,0,0
463,2026-01-28,4,15,4,0,1,2,0,1,0
463,2026-01-29,2,17,1,1,0,1,1,0,0
463,2026-01-30,3,20,3,0,2,1,0,0,0
463,2026-01-31,2,22,2,0,0,2,0,0,0
463,2026-02-01,2,24,2,0,0,2,0,0,0
463,2026-02-02,5,29,5,0,0,4,0,1,0
463,2026-02-03,5,34,5,0,2,3,0,0,0
463,2026-02-04,3,37,3,0,1,1,0,1,0
463,2026-02-05,4,41,3,1,1,1,1,1,0
463,2026-02-06,5,46,4,1,2,2,1,0,0
463,2026-02-07,4,50,3,1,0,2,0,1,1
463,2026-02-08,4,54,2,2,2,0,2,0,0
463,2026-02-09,1,55,1,0,1,0,0,0,0
463,2026-02-10,6,61,5,1,2,2,1,1,0
464,2026-01-14,0,0,0,0,0,0,0,0,0
464,2026-01-15,0,0,0,0,0,0,0,0,0
464,2026-01-16,0,0,0,0,0,0,0,0,0
464,2026-01-17,0,0,0,0,0,0,0,0,0
464,2026-01-18,0,0,0,0,0,0,0,0,0
464,2026-01-19,0,0,0,0,0,0,0,0,0
464,2026-01-20,0,0,0,0,0,0,0,0,0
464,2026-01-21,0,0,0,0,0,0,0,0,0
464,2026-01-22,0,0,0,0,0,0,0,0,0
464,2026-01-23,0,0,0,0,0,0,0,0,0
464,2026-01-24,0,0,0,0,0,0,0,0,0
464,2026-01-25,7,7,5,2,1,3,1,1,1
464,2026-01-26,8,15,7,1,1,5,1,1,0
464,2026-01-27,0,15,0,0,0,0,0,0,0
464,2026-01-28,5,20,5,0,0,4,0,1,0
464,2026-01-29,4,24,4,0,2,2,0,0,0
464,2026-01-30,8,32,5,3,1,4,2,0,1
464,2026-01-31,5,37,2,3,1,1,3,0,0
464,2026-02-01,8,45,6,2,2,4,2,0,0
464,2026-02-02,2,47,1,1,0,1,1,0,0
464,2026-02-03,9,56,8,1,2,6,0,0,1
464,2026-02-04,5,61,3,2,0,2,1,1,1
464,2026-02-05,9,70,8,1,1,6,0,1,1
464,2026-02-06,7,77,5,2,0,5,1,0,1
464,2026-02-07,13,90,9,4,5,4,4,0,0
464,2026-02-08,8,98,8,0,3,3,0,2,0
464,2026-02-09,10,108,8,2,1,7,2,0,0
464,2026-02-10,11,119,11,0,2,8,0,1,0
465,2026-01-14,0,0,0,0,0,0,0,0,0
465,2026-01-15,0,0,0,0,0,0,0,0,0
465,2026-01-16,0,0,0,0,0,0,0,0,0
465,2026-01-17,0,0,0,0,0,0,0,0,0
465,2026-01-18,0,0,0,0,0,0,0,0,0
465,2026-01-19,0,0,0,0,0,0,0,0,0
465,2026-01-20,0,0,0,0,0,0,0,0,0
465,2026-01-21,0,0,0,0,0,0,0,0,0
465,2026-01-22,0,0,0,0,0,0,0,0,0
465,2026-01-23,0,0,0,0,0,0,0,0,0
465,2026-01-24,0,0,0,0,0,0,0,0,0
465,2026-01-25,8,8,5,3,1,3,3,1,0
465,2026-01-26,4,12,3,1,0,3,0,0,1
465,2026-01-27,3,15,2,1,1,0,1,1,0
465,2026-01-28,2,17,1,1,0,1,1,0,0
465,2026-01-29,8,25,5,3,2,2,2,1,1
465,2026-01-30,5,30,4,1,1,2,1,1,0
465,2026-01-31,1,31,1,0,0,1,0,0,0
465,2026-02-01,5,36,3,2,1,2,1,0,1
465,2026-02-02,4,40,3,1,1,2,1,0,0
465,2026-02-03,5,45,5,0,2,2,0,1,0
465,2026-02-04,3,48,3,0,0,2,0,1,0
465,2026-02-05,7,55,4,3,0,4,3,0,0
465,2026-02-06,5,60,4,1,0,4,1,0,0
465,2026-02-07,4,64,4,0,1,3,0,0,0
465,2026-02-08,10,74,8,2,3,5,2,0,0
465,2026-02-09,11,85,8,3,2,6,3,0,0
465,2026-02-10,10,95,7,3,1,5,2,1,1
466,2026-01-14,0,0,0,0,0,0,0,0,0
466,2026-01-15,0,0,0,0,0,0,0,0,0
466,2026-01-16,0,0,0,0,0,0,0,0,0
466,2026-01-17,0,0,0,0,0,0,0,0,0
466,2026-01-18,0,0,0,0,0,0,0,0,0
466,2026-01-19,0,0,0,0,0,0,0,0,0
466,2026-01-20,0,0,0,0,0,0,0,0,0
466,2026-01-21,0,0,0,0,0,0,0,0,0
466,2026-01-22,0,0,0,0,0,0,0,0,0
466,2026-01-23,0,0,0,0,0,0,0,0,0
466,2026-01-24,0,0,0,0,0,0,0,0,0
466,2026-01-25,10,10,7,3,2,4,2,1,1
466,2026-01-26,3,13,3,0,0,3,0,0,0
466,2026-01-27,3,16,2,1,0,2,0,0,1
466,2026-01-28,3,19,1,2,0,1,2,0,0
466,2026-01-29,2,21,2,0,1,0,0,1,0
466,2026-01-30,3,24,3,0,1,2,0,0,0
466,2026-01-31,4,28,4,0,2,2,0,0,0
466,2026-02-01,7,35,5,2,0,4,2,1,0
466,2026-02-02,3,38,2,1,1,1,1,0,0
466,2026-02-03,2,40,2,0,0,2,0,0,0
466,2026-02-04,7,47,5,2,2,3,2,0,0
466,2026-02-05,6,53,4,2,1,3,2,0,0
466,2026-02-06,3,56,3,0,0,3,0,0,0
466,2026-02-07,12,68,9,3,2,5,2,2,1
466,2026-02-08,7,75,5,2,1,4,2,0,0
466,2026-02-09,2,77,2,0,1,1,0,0,0
466,2026-02-10,6,83,5,1,3,2,0,0,1
467,2026-01-14,0,0,0,0,0,0,0,0,0
467,2026-01-15,0,0,0,0,0,0,0,0,0
467,2026-01-16,0,0,0,0,0,0,0,0,0
467,2026-01-17,0,0,0,0,0,0,0,0,0
467,2026-01-18,0,0,0,0,0,0,0,0,0
467,2026-01-19,0,0,0,0,0,0,0,0,0
467,2026-01-20,0,0,0,0,0,0,0,0,0
467,2026-01-21,0,0,0,0,0,0,0,0,0
467,2026-01-22,0,0,0,0,0,0,0,0,0
467,2026-01-23,0,0,0,0,0,0,0,0,0
467,2026-01-24,0,0,0,0,0,0,0,0,0
467,2026-01-25,5,5,3,2,2,0,1,1,1
467,2026-01-26,3,8,2,1,0,2,1,0,0
467,2026-01-27,0,8,0,0,0,0,0,0,0
467,2026-01-28,2,10,2,0,1,1,0,0,0
467,2026-01-29,5,15,4,1,0,4,1,0,0
467,2026-01-30,5,20,2,3,0,2,2,0,1
467,2026-01-31,3,23,3,0,1,2,0,0,0
467,2026-02-01,3,26,1,2,1,0,0,0,2
467,2026-02-02,7,33,4,3,2,1,3,1,0
467,2026-02-03,8,41,6,2,1,3,2,2,0
467,2026-02-04,4,45,3,1,1,2,0,0,1
467,2026-02-05,2,47,2,0,1,1,0,0,0
467,2026-02-06,5,52,4,1,1,3,0,0,1
467,2026-02-07,14,66,8,6,1,5,4,2,2
467,2026-02-08,1,67,1,0,0,1,0,0,0
467,2026-02-09,3,70,3,0,1,2,0,0,0
467,2026-02-10,4,74,3,1,0,3,1,0,0
468,2026-01-14,0,0,0,0,0,0,0,0,0
468,2026-01-15,0,0,0,0,0,0,0,0,0
468,2026-01-16,0,0,0,0,0,0,0,0,0
468,2026-01-17,0,0,0,0,0,0,0,0,0
468,2026-01-18,0,0,0,0,0,0,0,0,0
468,2026-01-19,0,0,0,0,0,0,0,0,0
468,2026-01-20,0,0,0,0,0,0,0,0,0
468,2026-01-21,0,0,0,0,0,0,0,0,0
468,2026-01-22,0,0,0,0,0,0,0,0,0
468,2026-01-23,0,0,0,0,0,0,0,0,0
468,2026-01-24,0,0,0,0,0,0,0,0,0
468,2026-01-25,5,5,4,1,1,3,1,0,0
468,2026-01-26,2,7,1,1,0,1,0,0,1
468,2026-01-27,5,12,5,0,1,3,0,1,0
468,2026-01-28,2,14,1,1,0,1,1,0,0
468,2026-01-29,3,17,2,1,2,0,0,0,1
468,2026-01-30,0,17,0,0,0,0,0,0,0
468,2026-01-31,4,21,3,1,3,0,0,0,1
468,2026-02-01,3,24,3,0,0,1,0,2,0
468,2026-02-02,7,31,6,1,1,3,1,2,0
468,2026-02-03,4,35,3,1,1,2,1,0,0
468,2026-02-04,8,43,6,2,2,4,1,0,1
468,2026-02-05,7,50,6,1,4,1,1,1,0
468,2026-02-06,8,58,5,3,1,4,2,0,1
468,2026-02-07,5,63,3,2,0,3,2,0,0
468,2026-02-08,3,66,1,2,0,1,2,0,0
468,2026-02-09,6,72,4,2,0,3,1,1,1
468,2026-02-10,8,80,3,5,0,3,5,0,0
469,2026-01-14,0,0,0,0,0,0,0,0,0
469,2026-01-15,0,0,0,0,0,0,0,0,0
469,2026-01-16,0,0,0,0,0,0,0,0,0
469,2026-01-17,0,0,0,0,0,0,0,0,0
469,2026-01-18,0,0,0,0,0,0,0,0,0
469,2026-01-19,0,0,0,0,0,0,0,0,0
469,2026-01-20,0,0,0,0,0,0,0,0,0
469,2026-01-21,0,0,0,0,0,0,0,0,0
469,2026-01-22,0,0,0,0,0,0,0,0,0
469,2026-01-23,0,0,0,0,0,0,0,0,0
469,2026-01-24,0,0,0,0,0,0,0,0,0
469,2026-01-25,2,2,2,0,1,1,0,0,0
469,2026-01-26,4,6,4,0,3,1,0,0,0
469,2026-01-27,3,9,2,1,1,1,0,0,1
469,2026-01-28,3,12,3,0,1,2,0,0,0
469,2026-01-29,5,17,2,3,0,2,3,0,0
469,2026-01-30,5,22,3,2,1,2,2,0,0
469,2026-01-31,1,23,1,0,0,1,0,0,0
469,2026-02-01,9,32,7,2,2,5,2,0,0
469,2026-02-02,4,36,3,1,1,2,1,0,0
469,2026-02-03,8,44,7,1,2,5,0,0,1
469,2026-02-04,5,49,5,0,2,3,0,0,0
469,2026-02-05,9,58,8,1,3,5,1,0,0
469,2026-02-06,6,64,4,2,2,2,1,0,1
469,2026-02-07,6,70,6,0,3,3,0,0,0
469,2026-02-08,6,76,5,1,1,4,1,0,0
469,2026-02-09,11,87,9,2,5,3,1,1,1
469,2026-02-10,8,95,6,2,4,2,1,0,1
470,2026-01-14,0,0,0,0,0,0,0,0,0
470,2026-01-15,0,0,0,0,0,0,0,0,0
470,2026-01-16,0,0,0,0,0,0,0,0,0
470,2026-01-17,0,0,0,0,0,0,0,0,0
470,2026-01-18,0,0,0,0,0,0,0,0,0
470,2026-01-19,0,0,0,0,0,0,0,0,0
470,2026-01-20,0,0,0,0,0,0,0,0,0
470,2026-01-21,0,0,0,0,0,0,0,0,0
470,2026-01-22,0,0,0,0,0,0,0,0,0
470,2026-01-23,0,0,0,0,0,0,0,0,0
470,2026-01-24,0,0,0,0,0,0,0,0,0
470,2026-01-25,4,4,4,0,2,2,0,0,0
470,2026-01-26,4,8,3,1,0,3,1,0,0
470,2026-01-27,5,13,2,3,2,0,1,0,2
470,2026-01-28,5,18,4,1,2,2,0,0,1
470,2026-01-29,6,24,6,0,3,3,0,0,0
470,2026-01-30,3,27,3,0,1,2,0,0,0
470,2026-01-31,5,32,4,1,1,3,1,0,0
470,2026-02-01,3,35,3,0,1,1,0,1,0
470,2026-02-02,8,43,8,0,2,5,0,1,0
470,2026-02-03,3,46,2,1,2,0,1,0,0
470,2026-02-04,10,56,9,1,3,3,1,3,0
470,2026-02-05,8,64,5,3,1,4,3,0,0
470,2026-02-06,4,68,2,2,0,2,0,0,2
470,2026-02-07,9,77,7,2,2,4,2,1,0
470,2026-02-08,7,84,6,1,2,4,1,0,0
470,2026-02-09,4,88,3,1,1,2,0,0,1
470,2026-02-10,8,96,6,2,2,3,2,1,0
471,2026-01-14,0,0,0,0,0,0,0,0,0
471,2026-01-15,0,0,0,0,0,0,0,0,0
471,2026-01-16,0,0,0,0,0,0,0,0,0
471,2026-01-17,0,0,0,0,0,0,0,0,0
471,2026-01-18,0,0,0,0,0,0,0,0,0
471,2026-01-19,0,0,0,0,0,0,0,0,0
471,2026-01-20,0,0,0,0,0,0,0,0,0
471,2026-01-21,0,0,0,0,0,0,0,0,0
471,2026-01-22,0,0,0,0,0,0,0,0,0
471,2026-01-23,0,0,0,0,0,0,0,0,0
471,2026-01-24,0,0,0,0,0,0,0,0,0
471,2026-01-25,3,3,3,0,2,1,0,0,0
471,2026-01-26,4,7,4,0,1,3,0,0,0
471,2026-01-27,3,10,2,1,1,1,0,0,1
471,2026-01-28,6,16,5,1,2,3,1,0,0
471,2026-01-29,8,24,7,1,2,5,0,0,1
471,2026-01-30,2,26,1,1,0,1,1,0,0
471,2026-01-31,5,31,4,1,2,2,1,0,0
471,2026-02-01,5,36,3,2,1,2,2,0,0
471,2026-02-02,7,43,6,1,3,2,0,1,1
471,2026-02-03,6,49,5,1,0,5,1,0,0
471,2026-02-04,9,58,9,0,3,5,0,1,0
471,2026-02-05,9,67,8,1,3,5,1,0,0
471,2026-02-06,9,76,5,4,0,5,4,0,0
471,2026-02-07,5,81,3,2,1,2,1,0,1
471,2026-02-08,12,93,10,2,2,8,2,0,0
471,2026-02-09,10,103,9,1,3,5,0,1,1
471,2026-02-10,6,109,5,1,3,2,1,0,0
472,2026-01-14,0,0,0,0,0,0,0,0,0
472,2026-01-15,0,0,0,0,0,0,0,0,0
472,2026-01-16,0,0,0,0,0,0,0,0,0
472,2026-01-17,0,0,0,0,0,0,0,0,0
472,2026-01-18,0,0,0,0,0,0,0,0,0
472,2026-01-19,0,0,0,0,0,0,0,0,0
472,2026-01-20,0,0,0,0,0,0,0,0,0
472,2026-01-21,0,0,0,0,0,0,0,0,0
472,2026-01-22,0,0,0,0,0,0,0,0,0
472,2026-01-23,0,0,0,0,0,0,0,0,0
472,2026-01-24,0,0,0,0,0,0,0,0,0
472,2026-01-25,8,8,7,1,3,4,1,0,0
472,2026-01-26,5,13,4,1,1,2,1,1,0
472,2026-01-27,3,16,2,1,0,2,0,0,1
472,2026-01-28,4,20,4,0,0,4,0,0,0
472,2026-01-29,6,26,5,1,2,2,1,1,0
472,2026-01-30,3,29,2,1,0,2,1,0,0
472,2026-01-31,7,36,6,1,2,4,1,0,0
472,2026-02-01,10,46,5,5,0,5,5,0,0
472,2026-02-02,8,54,5,3,1,4,3,0,0
472,2026-02-03,9,63,7,2,0,6,1,1,1
472,2026-02-04,5,68,5,0,2,2,0,1,0
472,2026-02-05,10,78,9,1,3,6,1,0,0
472,2026-02-06,8,86,7,1,2,4,0,1,1
472,2026-02-07,16,102,15,1,6,8,0,1,1
472,2026-02-08,10,112,8,2,2,6,1,0,1
472,2026-02-09,11,123,8,3,2,6,3,0,0
472,2026-02-10,18,141,11,7,3,5,6,3,1
473,2026-01-14,0,0,0,0,0,0,0,0,0
473,2026-01-15,0,0,0,0,0,0,0,0,0
473,2026-01-16,0,0,0,0,0,0,0,0,0
473,2026-01-17,0,0,0,0,0,0,0,0,0
473,2026-01-18,0,0,0,0,0,0,0,0,0
473,2026-01-19,0,0,0,0,0,0,0,0,0
473,2026-01-20,0,0,0,0,0,0,0,0,0
473,2026-01-21,0,0,0,0,0,0,0,0,0
473,2026-01-22,0,0,0,0,0,0,0,0,0
473,2026-01-23,0,0,0,0,0,0,0,0,0
473,2026-01-24,0,0,0,0,0,0,0,0,0
473,2026-01-25,4,4,4,0,2,1,0,1,0
473,2026-01-26,3,7,1,2,1,0,1,0,1
473,2026-01-27,4,11,4,0,1,3,0,0,0
473,2026-01-28,1,12,1,0,0,1,0,0,0
473,2026-01-29,5,17,4,1,2,1,1,1,0
473,2026-01-30,3,20,2,1,1,1,1,0,0
473,2026-01-31,3,23,2,1,0,1,1,1,0
473,2026-02-01,2,25,2,0,0,2,0,0,0
473,2026-02-02,5,30,1,4,0,1,2,0,2
473,2026-02-03,7,37,5,2,0,4,1,1,1
473,2026-02-04,6,43,4,2,0,4,2,0,0
473,2026-02-05,7,50,6,1,0,6,0,0,1
473,2026-02-06,10,60,8,2,2,6,2,0,0
473,2026-02-07,4,64,4,0,1,3,0,0,0
473,2026-02-08,8,72,7,1,2,3,1,2,0
473,2026-02-09,5,77,4,1,0,4,1,0,0
473,2026-02-10,4,81,3,1,0,3,0,0,1
474,2026-01-14,0,0,0,0,0,0,0,0,0
474,2026-01-15,0,0,0,0,0,0,0,0,0
474,2026-01-16,0,0,0,0,0,0,0,0,0
474,2026-01-17,0,0,0,0,0,0,0,0,0
474,2026-01-18,0,0,0,0,0,0,0,0,0
474,2026-01-19,0,0,0,0,0,0,0,0,0
474,2026-01-20,0,0,0,0,0,0,0,0,0
474,2026-01-21,0,0,0,0,0,0,0,0,0
474,2026-01-22,0,0,0,0,0,0,0,0,0
474,2026-01-23,0,0,0,0,0,0,0,0,0
474,2026-01-24,0,0,0,0,0,0,0,0,0
474,2026-01-25,5,5,3,2,1,2,2,0,0
474,2026-01-26,4,9,2,2,0,2,2,0,0
474,2026-01-27,6,15,5,1,3,2,1,0,0
474,2026-01-28,4,19,4,0,2,2,0,0,0
474,2026-01-29,4,23,3,1,1,1,1,1,0
474,2026-01-30,10,33,9,1,0,8,1,1,0
474,2026-01-31,5,38,5,0,3,2,0,0,0
474,2026-02-01,1,39,1,0,0,1,0,0,0
474,2026-02-02,10,49,9,1,1,8,1,0,0
474,2026-02-03,11,60,9,2,2,7,1,0,1
474,2026-02-04,5,65,4,1,1,2,1,1,0
474,2026-02-05,9,74,8,1,2,6,1,0,0
474,2026-02-06,10,84,8,2,0,6,2,2,0
474,2026-02-07,11,95,5,6,1,4,5,0,1
474,2026-02-08,6,101,3,3,0,2,2,1,1
474,2026-02-09,11,112,10,1,4,5,1,1,0
474,2026-02-10,20,132,16,4,4,12,4,0,0
475,2026-01-14,0,0,0,0,0,0,0,0,0
475,2026-01-15,0,0,0,0,0,0,0,0,0
475,2026-01-16,0,0,0,0,0,0,0,0,0
475,2026-01-17,0,0,0,0,0,0,0,0,0
475,2026-01-18,0,0,0,0,0,0,0,0,0
475,2026-01-19,0,0,0,0,0,0,0,0,0
475,2026-01-20,0,0,0,0,0,0,0,0,0
475,2026-01-21,0,0,0,0,0,0,0,0,0
475,2026-01-22,0,0,0,0,0,0,0,0,0
475,2026-01-23,0,0,0,0,0,0,0,0,0
475,2026-01-24,0,0,0,0,0,0,0,0,0
475,2026-01-25,11,11,8,3,0,6,3,2,0
475,2026-01-26,3,14,3,0,0,3,0,0,0
475,2026-01-27,5,19,2,3,0,2,2,0,1
475,2026-01-28,8,27,3,5,1,2,5,0,0
475,2026-01-29,9,36,7,2,2,4,1,1,1
475,2026-01-30,2,38,1,1,0,1,0,0,1
475,2026-01-31,5,43,4,1,2,1,0,1,1
475,2026-02-01,7,50,6,1,1,4,1,1,0
475,2026-02-02,10,60,8,2,3,4,0,1,2
475,2026-02-03,7,67,6,1,2,2,1,2,0
475,2026-02-04,15,82,13,2,4,9,2,0,0
475,2026-02-05,7,89,3,4,0,2,3,1,1
475,2026-02-06,13,102,11,2,4,7,2,0,0
475,2026-02-07,6,108,6,0,0,6,0,0,0
475,2026-02-08,18,126,12,6,2,9,3,1,3
475,2026-02-09,12,138,8,4,3,4,4,1,0
475,2026-02-10,8,146,4,4,2,2,1,0,3
476,2026-01-14,0,0,0,0,0,0,0,0,0
476,2026-01-15,0,0,0,0,0,0,0,0,0
476,2026-01-16,0,0,0,0,0,0,0,0,0
476,2026-01-17,0,0,0,0,0,0,0,0,0
476,2026-01-18,0,0,0,0,0,0,0,0,0
476,2026-01-19,0,0,0,0,0,0,0,0,0
476,2026-01-20,0,0,0,0,0,0,0,0,0
476,2026-01-21,0,0,0,0,0,0,0,0,0
476,2026-01-22,0,0,0,0,0,0,0,0,0
476,2026-01-23,0,0,0,0,0,0,0,0,0
476,2026-01-24,0,0,0,0,0,0,0,0,0
476,2026-01-25,13,13,10,3,3,7,3,0,0
476,2026-01-26,4,17,3,1,0,3,0,0,1
476,2026-01-27,0,17,0,0,0,0,0,0,0
476,2026-01-28,5,22,4,1,2,2,0,0,1
476,2026-01-29,5,27,3,2,1,1,2,1,0
476,2026-01-30,5,32,5,0,3,2,0,0,0
476,2026-01-31,5,37,4,1,1,2,0,1,1
476,2026-02-01,8,45,8,0,3,4,0,1,0
476,2026-02-02,11,56,9,2,2,7,2,0,0
476,2026-02-03,11,67,7,4,1,5,3,1,1
476,2026-02-04,12,79,9,3,4,3,1,2,2
476,2026-02-05,16,95,12,4,3,9,3,0,1
476,2026-02-06,19,114,11,8,2,7,6,2,2
476,2026-02-07,7,121,6,1,3,3,0,0,1
476,2026-02-08,12,133,8,4,3,4,2,1,2
476,2026-02-09,16,149,11,5,3,5,3,3,2
476,2026-02-10,13,162,11,2,6,4,0,1,2
477,2026-01-14,0,0,0,0,0,0,0,0,0
477,2026-01-15,0,0,0,0,0,0,0,0,0
477,2026-01-16,0,0,0,0,0,0,0,0,0
477,2026-01-17,0,0,0,0,0,0,0,0,0
477,2026-01-18,0,0,0,0,0,0,0,0,0
477,2026-01-19,0,0,0,0,0,0,0,0,0
477,2026-01-20,0,0,0,0,0,0,0,0,0
477,2026-01-21,0,0,0,0,0,0,0,0,0
477,2026-01-22,0,0,0,0,0,0,0,0,0
477,2026-01-23,0,0,0,0,0,0,0,0,0
477,2026-01-24,0,0,0,0,0,0,0,0,0
477,2026-01-25,7,7,4,3,2,2,2,0,1
477,2026-01-26,1,8,1,0,1,0,0,0,0
477,2026-01-27,3,11,2,1,1,1,1,0,0
477,2026-01-28,1,12,1,0,1,0,0,0,0
477,2026-01-29,3,15,3,0,1,2,0,0,0
477,2026-01-30,1,16,1,0,0,1,0,0,0
477,2026-01-31,4,20,4,0,2,2,0,0,0
477,2026-02-01,1,21,1,0,1,0,0,0,0
477,2026-02-02,3,24,3,0,1,2,0,0,0
477,2026-02-03,3,27,1,2,0,1,1,0,1
477,2026-02-04,3,30,3,0,2,1,0,0,0
477,2026-02-05,5,35,4,1,1,2,1,1,0
477,2026-02-06,2,37,1,1,1,0,1,0,0
477,2026-02-07,3,40,3,0,0,3,0,0,0
477,2026-02-08,4,44,3,1,0,1,1,2,0
477,2026-02-09,2,46,0,2,0,0,1,0,1
477,2026-02-10,5,51,5,0,2,2,0,1,0
478,2026-01-14,0,0,0,0,0,0,0,0,0
478,2026-01-15,0,0,0,0,0,0,0,0,0
478,2026-01-16,0,0,0,0,0,0,0,0,0
478,2026-01-17,0,0,0,0,0,0,0,0,0
478,2026-01-18,0,0,0,0,0,0,0,0,0
478,2026-01-19,0,0,0,0,0,0,0,0,0
478,2026-01-20,0,0,0,0,0,0,0,0,0
478,2026-01-21,0,0,0,0,0,0,0,0,0
478,2026-01-22,0,0,0,0,0,0,0,0,0
478,2026-01-23,0,0,0,0,0,0,0,0,0
478,2026-01-24,0,0,0,0,0,0,0,0,0
478,2026-01-25,8,8,5,3,0,5,1,0,2
478,2026-01-26,3,11,3,0,0,3,0,0,0
478,2026-01-27,8,19,8,0,0,8,0,0,0
478,2026-01-28,5,24,5,0,2,3,0,0,0
478,2026-01-29,9,33,7,2,3,4,0,0,2
478,2026-01-30,9,42,8,1,1,5,1,2,0
478,2026-01-31,8,50,7,1,1,5,1,1,0
478,2026-02-01,8,58,7,1,3,4,0,0,1
478,2026-02-02,12,70,10,2,2,7,2,1,0
478,2026-02-03,8,78,6,2,0,5,1,1,1
478,2026-02-04,9,87,8,1,3,3,1,2,0
478,2026-02-05,14,101,14,0,5,7,0,2,0
478,2026-02-06,10,111,10,0,4,6,0,0,0
478,2026-02-07,15,126,11,4,5,6,4,0,0
478,2026-02-08,16,142,10,6,1,8,5,1,1
478,2026-02-09,10,152,10,0,5,5,0,0,0
478,2026-02-10,16,168,12,4,6,6,2,0,2
479,2026-01-14,0,0,0,0,0,0,0,0,0
479,2026-01-15,0,0,0,0,0,0,0,0,0
479,2026-01-16,0,0,0,0,0,0,0,0,0
479,2026-01-17,0,0,0,0,0,0,0,0,0
479,2026-01-18,0,0,0,0,0,0,0,0,0
479,2026-01-19,0,0,0,0,0,0,0,0,0
479,2026-01-20,0,0,0,0,0,0,0,0,0
479,2026-01-21,0,0,0,0,0,0,0,0,0
479,2026-01-22,0,0,0,0,0,0,0,0,0
479,2026-01-23,0,0,0,0,0,0,0,0,0
479,2026-01-24,0,0,0,0,0,0,0,0,0
479,2026-01-25,4,4,3,1,2,0,1,1,0
479,2026-01-26,14,18,14,0,4,10,0,0,0
479,2026-01-27,2,20,2,0,0,2,0,0,0
479,2026-01-28,7,27,6,1,3,3,0,0,1
479,2026-01-29,4,31,3,1,2,1,1,0,0
479,2026-01-30,1,32,1,0,1,0,0,0,0
479,2026-01-31,9,41,9,0,6,3,0,0,0
479,2026-02-01,11,52,10,1,2,8,0,0,1
479,2026-02-02,4,56,3,1,1,1,1,1,0
479,2026-02-03,3,59,2,1,0,1,0,1,1
479,2026-02-04,5,64,4,1,1,3,1,0,0
479,2026-02-05,8,72,8,0,4,3,0,1,0
479,2026-02-06,14,86,11,3,3,7,3,1,0
479,2026-02-07,15,101,15,0,2,13,0,0,0
479,2026-02-08,11,112,11,0,2,8,0,1,0
479,2026-02-09,11,123,10,1,2,8,1,0,0
479,2026-02-10,10,133,6,4,3,3,3,0,1
480,2026-01-14,0,0,0,0,0,0,0,0,0
480,2026-01-15,0,0,0,0,0,0,0,0,0
480,2026-01-16,0,0,0,0,0,0,0,0,0
480,2026-01-17,0,0,0,0,0,0,0,0,0
480,2026-01-18,0,0,0,0,0,0,0,0,0
480,2026-01-19,0,0,0,0,0,0,0,0,0
480,2026-01-20,0,0,0,0,0,0,0,0,0
480,2026-01-21,0,0,0,0,0,0,0,0,0
480,2026-01-22,0,0,0,0,0,0,0,0,0
480,2026-01-23,0,0,0,0,0,0,0,0,0
480,2026-01-24,0,0,0,0,0,0,0,0,0
480,2026-01-25,6,6,6,0,3,3,0,0,0
480,2026-01-26,3,9,3,0,1,2,0,0,0
480,2026-01-27,1,10,1,0,0,1,0,0,0
480,2026-01-28,5,15,2,3,1,1,1,0,2
480,2026-01-29,3,18,1,2,1,0,2,0,0
480,2026-01-30,2,20,2,0,1,1,0,0,0
480,2026-01-31,4,24,4,0,0,3,0,1,0
480,2026-02-01,12,36,9,3,3,6,2,0,1
480,2026-02-02,3,39,2,1,1,1,0,0,1
480,2026-02-03,6,45,3,3,3,0,2,0,1
480,2026-02-04,3,48,2,1,0,2,1,0,0
480,2026-02-05,6,54,4,2,2,2,2,0,0
480,2026-02-06,8,62,5,3,1,4,3,0,0
480,2026-02-07,3,65,2,1,0,2,1,0,0
480,2026-02-08,4,69,3,1,0,1,1,2,0
480,2026-02-09,7,76,6,1,1,5,1,0,0
480,2026-02-10,5,81,4,1,0,4,0,0,1
481,2026-01-14,0,0,0,0,0,0,0,0,0
481,2026-01-15,0,0,0,0,0,0,0,0,0
481,2026-01-16,0,0,0,0,0,0,0,0,0
481,2026-01-17,0,0,0,0,0,0,0,0,0
481,2026-01-18,0,0,0,0,0,0,0,0,0
481,2026-01-19,0,0,0,0,0,0,0,0,0
481,2026-01-20,0,0,0,0,0,0,0,0,0
481,2026-01-21,0,0,0,0,0,0,0,0,0
481,2026-01-22,0,0,0,0,0,0,0,0,0
481,2026-01-23,0,0,0,0,0,0,0,0,0
481,2026-01-24,0,0,0,0,0,0,0,0,0
481,2026-01-25,10,10,10,0,3,4,0,3,0
481,2026-01-26,4,14,4,0,2,2,0,0,0
481,2026-01-27,3,17,3,0,1,2,0,0,0
481,2026-01-28,3,20,3,0,2,1,0,0,0
481,2026-01-29,6,26,6,0,2,4,0,0,0
481,2026-01-30,2,28,2,0,1,0,0,1,0
481,2026-01-31,11,39,10,1,4,4,0,2,1
481,2026-02-01,8,47,7,1,4,3,1,0,0
481,2026-02-02,7,54,3,4,1,2,3,0,1
481,2026-02-03,5,59,4,1,1,1,0,2,1
481,2026-02-04,2,61,2,0,0,2,0,0,0
481,2026-02-05,3,64,3,0,1,2,0,0,0
481,2026-02-06,6,70,6,0,6,0,0,0,0
481,2026-02-07,6,76,5,1,1,4,0,0,1
481,2026-02-08,7,83,4,3,1,2,2,1,1
481,2026-02-09,8,91,7,1,3,4,1,0,0
481,2026-02-10,8,99,6,2,3,3,2,0,0
482,2026-01-14,0,0,0,0,0,0,0,0,0
482,2026-01-15,0,0,0,0,0,0,0,0,0
482,2026-01-16,0,0,0,0,0,0,0,0,0
482,2026-01-17,0,0,0,0,0,0,0,0,0
482,2026-01-18,0,0,0,0,0,0,0,0,0
482,2026-01-19,0,0,0,0,0,0,0,0,0
482,2026-01-20,0,0,0,0,0,0,0,0,0
482,2026-01-21,0,0,0,0,0,0,0,0,0
482,2026-01-22,0,0,0,0,0,0,0,0,0
482,2026-01-23,0,0,0,0,0,0,0,0,0
482,2026-01-24,0,0,0,0,0,0,0,0,0
482,2026-01-25,5,5,5,0,1,4,0,0,0
482,2026-01-26,4,9,3,1,1,1,1,1,0
482,2026-01-27,4,13,3,1,2,1,1,0,0
482,2026-01-28,1,14,1,0,0,1,0,0,0
482,2026-01-29,4,18,4,0,2,2,0,0,0
482,2026-01-30,9,27,7,2,0,6,2,1,0
482,2026-01-31,4,31,3,1,0,3,1,0,0
482,2026-02-01,5,36,3,2,0,2,2,1,0
482,2026-02-02,6,42,4,2,2,1,1,1,1
482,2026-02-03,3,45,3,0,0,2,0,1,0
482,2026-02-04,6,51,5,1,1,4,1,0,0
482,2026-02-05,6,57,5,1,1,4,1,0,0
482,2026-02-06,5,62,4,1,2,2,1,0,0
482,2026-02-07,11,73,8,3,3,4,2,1,1
482,2026-02-08,9,82,9,0,2,6,0,1,0
482,2026-02-09,3,85,3,0,1,1,0,1,0
482,2026-02-10,7,92,6,1,2,4,1,0,0
483,2026-01-14,0,0,0,0,0,0,0,0,0
483,2026-01-15,0,0,0,0,0,0,0,0,0
483,2026-01-16,0,0,0,0,0,0,0,0,0
483,2026-01-17,0,0,0,0,0,0,0,0,0
483,2026-01-18,0,0,0,0,0,0,0,0,0
483,2026-01-19,0,0,0,0,0,0,0,0,0
483,2026-01-20,0,0,0,0,0,0,0,0,0
483,2026-01-21,0,0,0,0,0,0,0,0,0
483,2026-01-22,0,0,0,0,0,0,0,0,0
483,2026-01-23,0,0,0,0,0,0,0,0,0
483,2026-01-24,0,0,0,0,0,0,0,0,0
483,2026-01-25,9,9,8,1,1,6,0,1,1
483,2026-01-26,5,14,4,1,0,2,1,2,0
483,2026-01-27,1,15,1,0,0,0,0,1,0
483,2026-01-28,5,20,1,4,0,1,4,0,0
483,2026-01-29,6,26,5,1,1,4,1,0,0
483,2026-01-30,7,33,5,2,2,2,1,1,1
483,2026-01-31,10,43,6,4,2,4,3,0,1
483,2026-02-01,8,51,6,2,2,4,1,0,1
483,2026-02-02,8,59,5,3,1,4,1,0,2
483,2026-02-03,3,62,2,1,1,0,1,1,0
483,2026-02-04,7,69,6,1,2,4,1,0,0
483,2026-02-05,6,75,4,2,2,1,1,1,1
483,2026-02-06,7,82,6,1,2,3,1,1,0
483,2026-02-07,14,96,11,3,6,4,2,1,1
483,2026-02-08,8,104,7,1,3,4,1,0,0
483,2026-02-09,11,115,7,4,1,6,3,0,1
483,2026-02-10,12,127,9,3,2,6,3,1,0
484,2026-01-14,0,0,0,0,0,0,0,0,0
484,2026-01-15,0,0,0,0,0,0,0,0,0
484,2026-01-16,0,0,0,0,0,0,0,0,0
484,2026-01-17,0,0,0,0,0,0,0,0,0
484,2026-01-18,0,0,0,0,0,0,0,0,0
484,2026-01-19,0,0,0,0,0,0,0,0,0
484,2026-01-20,0,0,0,0,0,0,0,0,0
484,2026-01-21,0,0,0,0,0,0,0,0,0
484,2026-01-22,0,0,0,0,0,0,0,0,0
484,2026-01-23,0,0,0,0,0,0,0,0,0
484,2026-01-24,0,0,0,0,0,0,0,0,0
484,2026-01-25,3,3,2,1,1,1,1,0,0
484,2026-01-26,4,7,3,1,1,2,1,0,0
484,2026-01-27,4,11,4,0,1,3,0,0,0
484,2026-01-28,3,14,3,0,1,2,0,0,0
484,2026-01-29,2,16,2,0,1,0,0,1,0
484,2026-01-30,2,18,1,1,0,1,0,0,1
484,2026-01-31,9,27,8,1,3,2,1,3,0
484,2026-02-01,6,33,3,3,1,2,1,0,2
484,2026-02-02,4,37,3,1,0,2,0,1,1
484,2026-02-03,6,43,4,2,2,2,2,0,0
484,2026-02-04,7,50,7,0,3,1,0,3,0
484,2026-02-05,6,56,4,2,2,2,1,0,1
484,2026-02-06,4,60,3,1,2,1,0,0,1
484,2026-02-07,8,68,6,2,2,3,1,1,1
484,2026-02-08,6,74,6,0,1,5,0,0,0
484,2026-02-09,14,88,10,4,5,5,4,0,0
484,2026-02-10,7,95,5,2,0,5,1,0,1
485,2026-01-14,0,0,0,0,0,0,0,0,0
485,2026-01-15,0,0,0,0,0,0,0,0,0
485,2026-01-16,0,0,0,0,0,0,0,0,0
485,2026-01-17,0,0,0,0,0,0,0,0,0
485,2026-01-18,0,0,0,0,0,0,0,0,0
485,2026-01-19,0,0,0,0,0,0,0,0,0
485,2026-01-20,0,0,0,0,0,0,0,0,0
485,2026-01-21,0,0,0,0,0,0,0,0,0
485,2026-01-22,0,0,0,0,0,0,0,0,0
485,2026-01-23,0,0,0,0,0,0,0,0,0
485,2026-01-24,0,0,0,0,0,0,0,0,0
485,2026-01-25,3,3,3,0,2,1,0,0,0
485,2026-01-26,2,5,2,0,0,1,0,1,0
485,2026-01-27,6,11,6,0,0,5,0,1,0
485,2026-01-28,4,15,4,0,2,1,0,1,0
485,2026-01-29,4,19,3,1,1,1,1,1,0
485,2026-01-30,3,22,3,0,1,2,0,0,0
485,2026-01-31,2,24,2,0,0,2,0,0,0
485,2026-02-01,5,29,2,3,1,1,2,0,1
485,2026-02-02,2,31,2,0,0,2,0,0,0
485,2026-02-03,7,38,4,3,0,4,3,0,0
485,2026-02-04,7,45,5,2,1,4,2,0,0
485,2026-02-05,7,52,6,1,2,4,1,0,0
485,2026-02-06,8,60,6,2,2,4,2,0,0
485,2026-02-07,7,67,5,2,0,5,2,0,0
485,2026-02-08,4,71,4,0,0,4,0,0,0
485,2026-02-09,6,77,3,3,3,0,2,0,1
485,2026-02-10,6,83,5,1,3,1,1,1,0
486,2026-01-14,0,0,0,0,0,0,0,0,0
486,2026-01-15,0,0,0,0,0,0,0,0,0
486,2026-01-16,0,0,0,0,0,0,0,0,0
486,2026-01-17,0,0,0,0,0,0,0,0,0
486,2026-01-18,0,0,0,0,0,0,0,0,0
486,2026-01-19,0,0,0,0,0,0,0,0,0
486,2026-01-20,0,0,0,0,0,0,0,0,0
486,2026-01-21,0,0,0,0,0,0,0,0,0
486,2026-01-22,0,0,0,0,0,0,0,0,0
486,2026-01-23,0,0,0,0,0,0,0,0,0
486,2026-01-24,0,0,0,0,0,0,0,0,0
486,2026-01-25,6,6,5,1,2,3,0,0,1
486,2026-01-26,2,8,2,0,2,0,0,0,0
486,2026-01-27,7,15,6,1,1,3,1,2,0
486,2026-01-28,2,17,2,0,0,2,0,0,0
486,2026-01-29,3,20,2,1,0,1,1,1,0
486,2026-01-30,4,24,4,0,0,4,0,0,0
486,2026-01-31,4,28,4,0,1,3,0,0,0
486,2026-02-01,0,28,0,0,0,0,0,0,0
486,2026-02-02,5,33,5,0,0,4,0,1,0
486,2026-02-03,5,38,5,0,2,3,0,0,0
486,2026-02-04,8,46,8,0,2,6,0,0,0
486,2026-02-05,6,52,5,1,2,1,0,2,1
486,2026-02-06,7,59,6,1,3,3,1,0,0
486,2026-02-07,2,61,2,0,1,1,0,0,0
486,2026-02-08,12,73,11,1,2,7,1,2,0
486,2026-02-09,8,81,6,2,1,3,1,2,1
486,2026-02-10,6,87,6,0,2,3,0,1,0
487,2026-01-14,0,0,0,0,0,0,0,0,0
487,2026-01-15,0,0,0,0,0,0,0,0,0
487,2026-01-16,0,0,0,0,0,0,0,0,0
487,2026-01-17,0,0,0,0,0,0,0,0,0
487,2026-01-18,0,0,0,0,0,0,0,0,0
487,2026-01-19,0,0,0,0,0,0,0,0,0
487,2026-01-20,0,0,0,0,0,0,0,0,0
487,2026-01-21,0,0,0,0,0,0,0,0,0
487,2026-01-22,0,0,0,0,0,0,0,0,0
487,2026-01-23,0,0,0,0,0,0,0,0,0
487,2026-01-24,0,0,0,0,0,0,0,0,0
487,2026-01-25,7,7,5,2,0,3,1,2,1
487,2026-01-26,3,10,2,1,0,1,1,1,0
487,2026-01-27,4,14,1,3,0,0,1,1,2
487,2026-01-28,5,19,5,0,2,3,0,0,0
487,2026-01-29,8,27,5,3,1,3,3,1,0
487,2026-01-30,11,38,7,4,1,6,3,0,1
487,2026-01-31,2,40,1,1,1,0,1,0,0
487,2026-02-01,8,48,6,2,4,2,2,0,0
487,2026-02-02,13,61,12,1,5,4,1,3,0
487,2026-02-03,7,68,5,2,1,2,2,2,0
487,2026-02-04,11,79,7,4,0,6,3,1,1
487,2026-02-05,13,92,11,2,3,7,2,1,0
487,2026-02-06,8,100,6,2,1,4,2,1,0
487,2026-02-07,13,113,10,3,1,6,3,3,0
487,2026-02-08,12,125,8,4,2,6,3,0,1
487,2026-02-09,11,136,10,1,5,5,1,0,0
487,2026-02-10,9,145,7,2,3,3,1,1,1
488,2026-01-14,0,0,0,0,0,0,0,0,0
488,2026-01-15,0,0,0,0,0,0,0,0,0
488,2026-01-16,0,0,0,0,0,0,0,0,0
488,2026-01-17,0,0,0,0,0,0,0,0,0
488,2026-01-18,0,0,0,0,0,0,0,0,0
488,2026-01-19,0,0,0,0,0,0,0,0,0
488,2026-01-20,0,0,0,0,0,0,0,0,0
488,2026-01-21,0,0,0,0,0,0,0,0,0
488,2026-01-22,0,0,0,0,0,0,0,0,0
488,2026-01-23,0,0,0,0,0,0,0,0,0
488,2026-01-24,0,0,0,0,0,0,0,0,0
488,2026-01-25,6,6,4,2,0,3,2,1,0
488,2026-01-26,6,12,4,2,0,4,1,0,1
488,2026-01-27,7,19,5,2,3,2,2,0,0
488,2026-01-28,1,20,1,0,0,1,0,0,0
488,2026-01-29,6,26,5,1,4,1,1,0,0
488,2026-01-30,7,33,5,2,1,4,1,0,1
488,2026-01-31,3,36,2,1,0,2,1,0,0
488,2026-02-01,5,41,5,0,1,2,0,2,0
488,2026-02-02,5,46,4,1,2,1,0,1,1
488,2026-02-03,6,52,6,0,3,3,0,0,0
488,2026-02-04,4,56,3,1,1,2,1,0,0
488,2026-02-05,8,64,5,3,0,5,3,0,0
488,2026-02-06,6,70,2,4,0,1,1,1,3
488,2026-02-07,8,78,5,3,0,4,3,1,0
488,2026-02-08,9,87,9,0,0,9,0,0,0
488,2026-02-09,8,95,6,2,2,4,2,0,0
488,2026-02-10,8,103,6,2,2,3,1,1,1
489,2026-01-14,0,0,0,0,0,0,0,0,0
489,2026-01-15,0,0,0,0,0,0,0,0,0
489,2026-01-16,0,0,0,0,0,0,0,0,0
489,2026-01-17,0,0,0,0,0,0,0,0,0
489,2026-01-18,0,0,0,0,0,0,0,0,0
489,2026-01-19,0,0,0,0,0,0,0,0,0
489,2026-01-20,0,0,0,0,0,0,0,0,0
489,2026-01-21,0,0,0,0,0,0,0,0,0
489,2026-01-22,0,0,0,0,0,0,0,0,0
489,2026-01-23,0,0,0,0,0,0,0,0,0
489,2026-01-24,0,0,0,0,0,0,0,0,0
489,2026-01-25,8,8,5,3,1,3,3,1,0
489,2026-01-26,6,14,5,1,1,2,1,2,0
489,2026-01-27,6,20,4,2,1,3,1,0,1
489,2026-01-28,3,23,2,1,0,2,1,0,0
489,2026-01-29,2,25,2,0,0,2,0,0,0
489,2026-01-30,8,33,7,1,3,4,1,0,0
489,2026-01-31,0,33,0,0,0,0,0,0,0
489,2026-02-01,5,38,5,0,2,3,0,0,0
489,2026-02-02,6,44,5,1,2,2,1,1,0
489,2026-02-03,7,51,6,1,1,5,1,0,0
489,2026-02-04,10,61,9,1,4,4,1,1,0
489,2026-02-05,6,67,4,2,0,4,2,0,0
489,2026-02-06,7,74,5,2,1,3,2,1,0
489,2026-02-07,5,79,4,1,0,4,1,0,0
489,2026-02-08,3,82,2,1,1,1,1,0,0
489,2026-02-09,9,91,9,0,3,6,0,0,0
489,2026-02-10,6,97,4,2,0,4,1,0,1
490,2026-01-14,0,0,0,0,0,0,0,0,0
490,2026-01-15,0,0,0,0,0,0,0,0,0
490,2026-01-16,0,0,0,0,0,0,0,0,0
490,2026-01-17,0,0,0,0,0,0,0,0,0
490,2026-01-18,0,0,0,0,0,0,0,0,0
490,2026-01-19,0,0,0,0,0,0,0,0,0
490,2026-01-20,0,0,0,0,0,0,0,0,0
490,2026-01-21,0,0,0,0,0,0,0,0,0
490,2026-01-22,0,0,0,0,0,0,0,0,0
490,2026-01-23,0,0,0,0,0,0,0,0,0
490,2026-01-24,0,0,0,0,0,0,0,0,0
490,2026-01-25,4,4,2,2,0,2,2,0,0
490,2026-01-26,8,12,6,2,1,5,2,0,0
490,2026-01-27,5,17,4,1,1,3,1,0,0
490,2026-01-28,2,19,1,1,0,1,1,0,0
490,2026-01-29,3,22,3,0,2,1,0,0,0
490,2026-01-30,2,24,0,2,0,0,1,0,1
490,2026-01-31,2,26,1,1,1,0,1,0,0
490,2026-02-01,3,29,3,0,2,1,0,0,0
490,2026-02-02,7,36,7,0,2,4,0,1,0
490,2026-02-03,5,41,4,1,1,1,1,2,0
490,2026-02-04,10,51,7,3,2,5,2,0,1
490,2026-02-05,5,56,4,1,1,3,0,0,1
490,2026-02-06,3,59,2,1,1,1,1,0,0
490,2026-02-07,10,69,8,2,3,4,2,1,0
490,2026-02-08,9,78,9,0,3,6,0,0,0
490,2026-02-09,11,89,10,1,2,7,1,1,0
490,2026-02-10,5,94,2,3,1,1,2,0,1
491,2026-01-14,0,0,0,0,0,0,0,0,0
491,2026-01-15,0,0,0,0,0,0,0,0,0
491,2026-01-16,0,0,0,0,0,0,0,0,0
491,2026-01-17,0,0,0,0,0,0,0,0,0
491,2026-01-18,0,0,0,0,0,0,0,0,0
491,2026-01-19,0,0,0,0,0,0,0,0,0
491,2026-01-20,0,0,0,0,0,0,0,0,0
491,2026-01-21,0,0,0,0,0,0,0,0,0
491,2026-01-22,0,0,0,0,0,0,0,0,0
491,2026-01-23,0,0,0,0,0,0,0,0,0
491,2026-01-24,0,0,0,0,0,0,0,0,0
491,2026-01-25,9,9,6,3,0,5,3,1,0
491,2026-01-26,3,12,3,0,1,2,0,0,0
491,2026-01-27,1,13,1,0,1,0,0,0,0
491,2026-01-28,3,16,1,2,0,1,2,0,0
491,2026-01-29,4,20,2,2,0,1,2,1,0
491,2026-01-30,5,25,4,1,2,2,1,0,0
491,2026-01-31,3,28,3,0,0,2,0,1,0
491,2026-02-01,5,33,4,1,1,3,1,0,0
491,2026-02-02,6,39,6,0,4,2,0,0,0
491,2026-02-03,8,47,7,1,0,7,1,0,0
491,2026-02-04,5,52,5,0,4,1,0,0,0
491,2026-02-05,3,55,2,1,1,0,1,1,0
491,2026-02-06,7,62,6,1,1,4,1,1,0
491,2026-02-07,7,69,5,2,3,2,2,0,0
491,2026-02-08,4,73,4,0,0,3,0,1,0
491,2026-02-09,6,79,6,0,0,6,0,0,0
491,2026-02-10,5,84,5,0,2,3,0,0,0
492,2026-01-14,0,0,0,0,0,0,0,0,0
492,2026-01-15,0,0,0,0,0,0,0,0,0
492,2026-01-16,0,0,0,0,0,0,0,0,0
492,2026-01-17,0,0,0,0,0,0,0,0,0
492,2026-01-18,0,0,0,0,0,0,0,0,0
492,2026-01-19,0,0,0,0,0,0,0,0,0
492,2026-01-20,0,0,0,0,0,0,0,0,0
492,2026-01-21,0,0,0,0,0,0,0,0,0
492,2026-01-22,0,0,0,0,0,0,0,0,0
492,2026-01-23,0,0,0,0,0,0,0,0,0
492,2026-01-24,0,0,0,0,0,0,0,0,0
492,2026-01-25,8,8,6,2,0,3,2,3,0
492,2026-01-26,6,14,2,4,0,2,3,0,1
492,2026-01-27,8,22,7,1,4,2,1,1,0
492,2026-01-28,7,29,5,2,1,4,2,0,0
492,2026-01-29,5,34,5,0,0,4,0,1,0
492,2026-01-30,8,42,7,1,1,5,1,1,0
492,2026-01-31,9,51,7,2,5,1,2,1,0
492,2026-02-01,8,59,7,1,4,3,1,0,0
492,2026-02-02,8,67,6,2,2,4,2,0,0
492,2026-02-03,10,77,8,2,0,6,2,2,0
492,2026-02-04,5,82,5,0,0,4,0,1,0
492,2026-02-05,15,97,12,3,2,7,2,3,1
492,2026-02-06,11,108,9,2,1,7,2,1,0
492,2026-02-07,13,121,9,4,4,5,3,0,1
492,2026-02-08,14,135,12,2,6,5,2,1,0
492,2026-02-09,13,148,9,4,1,8,3,0,1
492,2026-02-10,9,157,8,1,0,6,1,2,0
493,2026-01-14,0,0,0,0,0,0,0,0,0
493,2026-01-15,0,0,0,0,0,0,0,0,0
493,2026-01-16,0,0,0,0,0,0,0,0,0
493,2026-01-17,0,0,0,0,0,0,0,0,0
493,2026-01-18,0,0,0,0,0,0,0,0,0
493,2026-01-19,0,0,0,0,0,0,0,0,0
493,2026-01-20,0,0,0,0,0,0,0,0,0
493,2026-01-21,0,0,0,0,0,0,0,0,0
493,2026-01-22,0,0,0,0,0,0,0,0,0
493,2026-01-23,0,0,0,0,0,0,0,0,0
493,2026-01-24,0,0,0,0,0,0,0,0,0
493,2026-01-25,5,5,5,0,3,2,0,0,0
493,2026-01-26,6,11,3,3,1,2,1,0,2
493,2026-01-27,6,17,6,0,1,4,0,1,0
493,2026-01-28,7,24,6,1,1,4,1,1,0
493,2026-01-29,7,31,6,1,1,4,1,1,0
493,2026-01-30,9,40,8,1,1,4,1,3,0
493,2026-01-31,9,49,8,1,2,5,1,1,0
493,2026-02-01,10,59,10,0,5,4,0,1,0
493,2026-02-02,5,64,5,0,0,3,0,2,0
493,2026-02-03,7,71,6,1,0,4,1,2,0
493,2026-02-04,12,83,10,2,1,8,2,1,0
493,2026-02-05,14,97,13,1,6,6,0,1,1
493,2026-02-06,15,112,14,1,7,7,1,0,0
493,2026-02-07,15,127,12,3,2,9,3,1,0
493,2026-02-08,12,139,10,2,4,6,2,0,0
493,2026-02-09,14,153,12,2,4,5,2,3,0
493,2026-02-10,12,165,10,2,5,5,2,0,0
494,2026-01-14,0,0,0,0,0,0,0,0,0
494,2026-01-15,0,0,0,0,0,0,0,0,0
494,2026-01-16,0,0,0,0,0,0,0,0,0
494,2026-01-17,0,0,0,0,0,0,0,0,0
494,2026-01-18,0,0,0,0,0,0,0,0,0
494,2026-01-19,0,0,0,0,0,0,0,0,0
494,2026-01-20,0,0,0,0,0,0,0,0,0
494,2026-01-21,0,0,0,0,0,0,0,0,0
494,2026-01-22,0,0,0,0,0,0,0,0,0
494,2026-01-23,0,0,0,0,0,0,0,0,0
494,2026-01-24,0,0,0,0,0,0,0,0,0
494,2026-01-25,7,7,4,3,1,3,2,0,1
494,2026-01-26,4,11,4,0,2,1,0,1,0
494,2026-01-27,3,14,3,0,1,2,0,0,0
494,2026-01-28,3,17,2,1,0,2,1,0,0
494,2026-01-29,2,19,2,0,1,1,0,0,0
494,2026-01-30,6,25,4,2,2,1,0,1,2
494,2026-01-31,2,27,2,0,1,1,0,0,0
494,2026-02-01,3,30,1,2,0,0,2,1,0
494,2026-02-02,6,36,5,1,1,3,1,1,0
494,2026-02-03,1,37,1,0,0,1,0,0,0
494,2026-02-04,11,48,7,4,2,5,2,0,2
494,2026-02-05,2,50,1,1,1,0,1,0,0
494,2026-02-06,7,57,6,1,2,4,1,0,0
494,2026-02-07,8,65,5,3,1,3,1,1,2
494,2026-02-08,5,70,4,1,0,3,1,1,0
494,2026-02-09,10,80,8,2,2,5,2,1,0
494,2026-02-10,5,85,5,0,2,2,0,1,0
495,2026-01-14,0,0,0,0,0,0,0,0,0
495,2026-01-15,0,0,0,0,0,0,0,0,0
495,2026-01-16,0,0,0,0,0,0,0,0,0
495,2026-01-17,0,0,0,0,0,0,0,0,0
495,2026-01-18,0,0,0,0,0,0,0,0,0
495,2026-01-19,0,0,0,0,0,0,0,0,0
495,2026-01-20,0,0,0,0,0,0,0,0,0
495,2026-01-21,0,0,0,0,0,0,0,0,0
495,2026-01-22,0,0,0,0,0,0,0,0,0
495,2026-01-23,0,0,0,0,0,0,0,0,0
495,2026-01-24,0,0,0,0,0,0,0,0,0
495,2026-01-25,4,4,3,1,1,2,1,0,0
495,2026-01-26,2,6,2,0,1,1,0,0,0
495,2026-01-27,3,9,3,0,1,1,0,1,0
495,2026-01-28,7,16,4,3,0,4,3,0,0
495,2026-01-29,3,19,3,0,0,1,0,2,0
495,2026-01-30,6,25,6,0,1,4,0,1,0
495,2026-01-31,6,31,3,3,0,3,3,0,0
495,2026-02-01,2,33,2,0,0,2,0,0,0
495,2026-02-02,3,36,3,0,1,2,0,0,0
495,2026-02-03,5,41,2,3,1,1,2,0,1
495,2026-02-04,5,46,3,2,2,1,1,0,1
495,2026-02-05,3,49,1,2,0,0,2,1,0
495,2026-02-06,4,53,3,1,1,1,1,1,0
495,2026-02-07,5,58,5,0,1,4,0,0,0
495,2026-02-08,8,66,6,2,2,3,1,1,1
495,2026-02-09,6,72,5,1,2,3,1,0,0
495,2026-02-10,5,77,4,1,2,1,1,1,0
496,2026-01-14,0,0,0,0,0,0,0,0,0
496,2026-01-15,0,0,0,0,0,0,0,0,0
496,2026-01-16,0,0,0,0,0,0,0,0,0
496,2026-01-17,0,0,0,0,0,0,0,0,0
496,2026-01-18,0,0,0,0,0,0,0,0,0
496,2026-01-19,0,0,0,0,0,0,0,0,0
496,2026-01-20,0,0,0,0,0,0,0,0,0
496,2026-01-21,0,0,0,0,0,0,0,0,0
496,2026-01-22,0,0,0,0,0,0,0,0,0
496,2026-01-23,0,0,0,0,0,0,0,0,0
496,2026-01-24,0,0,0,0,0,0,0,0,0
496,2026-01-25,8,8,7,1,1,5,1,1,0
496,2026-01-26,2,10,2,0,1,0,0,1,0
496,2026-01-27,2,12,2,0,0,2,0,0,0
496,2026-01-28,1,13,1,0,0,1,0,0,0
496,2026-01-29,1,14,1,0,0,1,0,0,0
496,2026-01-30,3,17,2,1,1,1,0,0,1
496,2026-01-31,5,22,5,0,2,3,0,0,0
496,2026-02-01,3,25,3,0,1,2,0,0,0
496,2026-02-02,4,29,3,1,1,1,1,1,0
496,2026-02-03,7,36,7,0,4,2,0,1,0
496,2026-02-04,6,42,5,1,1,4,1,0,0
496,2026-02-05,10,52,8,2,2,5,2,1,0
496,2026-02-06,8,60,8,0,1,6,0,1,0
496,2026-02-07,5,65,4,1,2,1,1,1,0
496,2026-02-08,4,69,3,1,0,3,1,0,0
496,2026-02-09,6,75,4,2,3,1,1,0,1
496,2026-02-10,7,82,2,5,1,1,3,0,2
497,2026-01-14,0,0,0,0,0,0,0,0,0
497,2026-01-15,0,0,0,0,0,0,0,0,0
497,2026-01-16,0,0,0,0,0,0,0,0,0
497,2026-01-17,0,0,0,0,0,0,0,0,0
497,2026-01-18,0,0,0,0,0,0,0,0,0
497,2026-01-19,0,0,0,0,0,0,0,0,0
497,2026-01-20,0,0,0,0,0,0,0,0,0
497,2026-01-21,0,0,0,0,0,0,0,0,0
497,2026-01-22,0,0,0,0,0,0,0,0,0
497,2026-01-23,0,0,0,0,0,0,0,0,0
497,2026-01-24,0,0,0,0,0,0,0,0,0
497,2026-01-25,8,8,8,0,4,4,0,0,0
497,2026-01-26,5,13,4,1,1,3,1,0,0
497,2026-01-27,3,16,3,0,0,2,0,1,0
497,2026-01-28,3,19,3,0,1,2,0,0,0
497,2026-01-29,3,22,3,0,1,2,0,0,0
497,2026-01-30,5,27,5,0,1,4,0,0,0
497,2026-01-31,3,30,3,0,2,1,0,0,0
497,2026-02-01,2,32,2,0,0,2,0,0,0
497,2026-02-02,6,38,5,1,1,4,0,0,1
497,2026-02-03,3,41,3,0,2,0,0,1,0
497,2026-02-04,7,48,6,1,4,2,0,0,1
497,2026-02-05,6,54,6,0,2,3,0,1,0
497,2026-02-06,5,59,5,0,2,3,0,0,0
497,2026-02-07,4,63,4,0,0,1,0,3,0
497,2026-02-08,4,67,4,0,0,4,0,0,0
497,2026-02-09,6,73,3,3,1,2,2,0,1
497,2026-02-10,5,78,5,0,2,3,0,0,0
498,2026-01-14,0,0,0,0,0,0,0,0,0
498,2026-01-15,0,0,0,0,0,0,0,0,0
498,2026-01-16,0,0,0,0,0,0,0,0,0
498,2026-01-17,0,0,0,0,0,0,0,0,0
498,2026-01-18,0,0,0,0,0,0,0,0,0
498,2026-01-19,0,0,0,0,0,0,0,0,0
498,2026-01-20,0,0,0,0,0,0,0,0,0
498,2026-01-21,0,0,0,0,0,0,0,0,0
498,2026-01-22,0,0,0,0,0,0,0,0,0
498,2026-01-23,0,0,0,0,0,0,0,0,0
498,2026-01-24,0,0,0,0,0,0,0,0,0
498,2026-01-25,4,4,3,1,1,2,1,0,0
498,2026-01-26,4,8,3,1,1,2,1,0,0
498,2026-01-27,5,13,5,0,1,4,0,0,0
498,2026-01-28,4,17,2,2,0,2,1,0,1
498,2026-01-29,2,19,1,1,0,1,0,0,1
498,2026-01-30,5,24,5,0,0,3,0,2,0
498,2026-01-31,1,25,0,1,0,0,1,0,0
498,2026-02-01,7,32,5,2,1,4,2,0,0
498,2026-02-02,5,37,3,2,1,2,1,0,1
498,2026-02-03,7,44,3,4,2,1,3,0,1
498,2026-02-04,2,46,2,0,0,1,0,1,0
498,2026-02-05,8,54,4,4,0,4,3,0,1
498,2026-02-06,7,61,5,2,1,4,2,0,0
498,2026-02-07,8,69,4,4,2,2,2,0,2
498,2026-02-08,5,74,3,2,1,2,2,0,0
498,2026-02-09,10,84,8,2,2,6,2,0,0
498,2026-02-10,5,89,1,4,1,0,3,0,1
499,2026-01-14,0,0,0,0,0,0,0,0,0
499,2026-01-15,0,0,0,0,0,0,0,0,0
499,2026-01-16,0,0,0,0,0,0,0,0,0
499,2026-01-17,0,0,0,0,0,0,0,0,0
499,2026-01-18,0,0,0,0,0,0,0,0,0
499,2026-01-19,0,0,0,0,0,0,0,0,0
499,2026-01-20,0,0,0,0,0,0,0,0,0
499,2026-01-21,0,0,0,0,0,0,0,0,0
499,2026-01-22,0,0,0,0,0,0,0,0,0
499,2026-01-23,0,0,0,0,0,0,0,0,0
499,2026-01-24,0,0,0,0,0,0,0,0,0
499,2026-01-25,3,3,1,2,0,1,2,0,0
499,2026-01-26,6,9,4,2,1,2,2,1,0
499,2026-01-27,0,9,0,0,0,0,0,0,0
499,2026-01-28,0,9,0,0,0,0,0,0,0
499,2026-01-29,2,11,2,0,1,1,0,0,0
499,2026-01-30,4,15,4,0,1,3,0,0,0
499,2026-01-31,4,19,3,1,0,3,1,0,0
499,2026-02-01,2,21,2,0,0,2,0,0,0
499,2026-02-02,3,24,3,0,2,1,0,0,0
499,2026-02-03,1,25,1,0,0,1,0,0,0
499,2026-02-04,5,30,3,2,0,2,1,1,1
499,2026-02-05,5,35,4,1,0,4,1,0,0
499,2026-02-06,5,40,3,2,2,0,1,1,1
499,2026-02-07,2,42,1,1,0,1,1,0,0
499,2026-02-08,9,51,7,2,2,5,2,0,0
499,2026-02-09,7,58,7,0,2,5,0,0,0
499,2026-02-10,3,61,3,0,0,2,0,1,0
500,2026-01-14,0,0,0,0,0,0,0,0,0
500,2026-01-15,0,0,0,0,0,0,0,0,0
500,2026-01-16,0,0,0,0,0,0,0,0,0
500,2026-01-17,0,0,0,0,0,0,0,0,0
500,2026-01-18,0,0,0,0,0,0,0,0,0
500,2026-01-19,0,0,0,0,0,0,0,0,0
500,2026-01-20,0,0,0,0,0,0,0,0,0
500,2026-01-21,0,0,0,0,0,0,0,0,0
500,2026-01-22,0,0,0,0,0,0,0,0,0
500,2026-01-23,0,0,0,0,0,0,0,0,0
500,2026-01-24,0,0,0,0,0,0,0,0,0
500,2026-01-25,10,10,9,1,3,4,1,2,0
500,2026-01-26,2,12,2,0,2,0,0,0,0
500,2026-01-27,2,14,2,0,0,2,0,0,0
500,2026-01-28,5,19,4,1,1,1,0,2,1
500,2026-01-29,5,24,3,2,0,3,2,0,0
500,2026-01-30,6,30,4,2,3,1,1,0,1
500,2026-01-31,2,32,1,1,0,1,1,0,0
500,2026-02-01,7,39,4,3,2,1,3,1,0
500,2026-02-02,6,45,5,1,3,2,1,0,0
500,2026-02-03,7,52,6,1,0,5,1,1,0
500,2026-02-04,8,60,8,0,2,4,0,2,0
500,2026-02-05,9,69,8,1,3,4,0,1,1
500,2026-02-06,7,76,6,1,1,5,1,0,0
500,2026-02-07,8,84,6,2,0,5,2,1,0
500,2026-02-08,7,91,6,1,2,4,0,0,1
500,2026-02-09,7,98,6,1,1,4,1,1,0
500,2026-02-10,6,104,5,1,4,1,0,0,1
