farm_id,x,y,county,district,species,production,observed_case,p_new_case
1,454041.272865852,4.6767454847226e6,Allegheny,Cliffside Park,duck,conventional,false,0.002
2,437886.164923934,4.64286726168917e6,Allegheny,Rockleigh,chicken,broiler_2,false,0.008
3,418430.342103822,4.67337312704002e6,Fulton,Roselle,chicken,broiler_2,false,0.006
4,415527.794992011,4.66355209886266e6,Fulton,Hightstown,duck,organic,false,0.006
5,435731.287823541,4.6704697647097e6,Fulton,Hulmeville,duck,conventional,false,0.0
6,412596.016275603,4.66863492455324e6,Fulton,Roselle,chicken,broiler_2,false,0.004
7,440294.49452272,4.67721263979843e6,Fulton,Logan,duck,organic,false,0.002
8,424341.446949416,4.67857961390029e6,Fulton,Secaucus,duck,conventional,false,0.004
9,435977.378832262,4.65763285534981e6,Allegheny,Demarest,duck,conventional,false,0.002
10,431866.164424147,4.64717003727031e6,Fulton,Harding,chicken,broiler_2,false,0.01
11,446155.777044772,4.66367865979842e6,Allegheny,Aberdeen,chicken,broiler_2,false,0.002
12,437880.378735591,4.64378755441469e6,Allegheny,Rockleigh,duck,conventional,false,0.0
13,419574.08055088,4.6607312789546e6,Fulton,Clifton,duck,conventional,false,0.002
14,454332.395392698,4.66956427249101e6,Allegheny,Cliffside Park,chicken,broiler_1,false,0.004
15,441947.368837493,4.64273822293494e6,Allegheny,Rockleigh,duck,conventional,false,0.01
16,437076.242944816,4.64995502079878e6,Allegheny,Rockleigh,chicken,broiler_2,false,0.0
17,441598.597243924,4.67157858194806e6,Allegheny,Aberdeen,chicken,layer,false,0.01
18,428891.102754204,4.65303946376217e6,Fulton,Harding,duck,conventional,false,0.008
19,428180.282533965,4.66164251930889e6,Fulton,Ocean,duck,conventional,false,0.0
20,440120.101581146,4.67306760326983e6,Fulton,Logan,duck,conventional,false,0.004
21,425658.402285226,4.64896765316886e6,Fulton,Hawthorne,chicken,broiler_2,false,0.01
22,411900.183819297,4.65231344899673e6,Fulton,Pleasantville,chicken,broiler_2,false,0.014
23,417303.246865776,4.6444103909442e6,Fulton,Linwood,duck,conventional,false,0.0
24,426325.189165517,4.66426872832176e6,Fulton,Newfield,duck,conventional,false,0.002
25,431972.162473826,4.67553821663368e6,Fulton,Logan,chicken,broiler_2,false,0.004
26,423699.746926879,4.65885657469126e6,Fulton,Ocean,duck,conventional,false,0.002
27,427883.4750168,4.67067430988018e6,Fulton,Newfield,chicken,broiler_1,false,0.016
28,413005.541766193,4.6439977333386e6,Fulton,Trenton,duck,conventional,false,0.002
29,435321.600439244,4.66748265138879e6,Fulton,Hulmeville,duck,conventional,false,0.004
30,424292.255620809,4.6707683540351e6,Fulton,Newfield,chicken,broiler_1,false,0.012
31,441028.274422852,4.65557894477807e6,Allegheny,Demarest,chicken,broiler_2,false,0.004
32,413170.340909648,4.65381678474466e6,Fulton,Pleasantville,duck,conventional,false,0.0
33,435780.054761252,4.67654103148205e6,Fulton,Logan,chicken,broiler_2,false,0.01
34,444072.27546089,4.65982094781717e6,Allegheny,Demarest,duck,conventional,false,0.002
35,414999.030144129,4.67015051058902e6,Fulton,Roselle,duck,conventional,false,0.004
36,451082.237513468,4.67783728668374e6,Allegheny,Guttenberg,chicken,broiler_2,false,0.008
37,448322.404336008,4.67230525446209e6,Allegheny,Cliffside Park,duck,conventional,false,0.004
38,426077.17889398,4.66023190289753e6,Fulton,Ocean,chicken,broiler_2,false,0.002
39,424865.441686395,4.6467747608584e6,Fulton,Linwood,duck,conventional,false,0.0
40,452366.581808465,4.67320090290228e6,Allegheny,Cliffside Park,chicken,broiler_2,false,0.01
41,407991.49628145,4.66067224234722e6,Fulton,Hightstown,duck,conventional,false,0.004
42,412409.329721632,4.65421489787198e6,Fulton,Pleasantville,duck,conventional,false,0.002
43,430147.303153406,4.6693692179377e6,Fulton,Newfield,duck,organic,false,0.0
44,444658.425164854,4.65775885383886e6,Allegheny,Demarest,chicken,broiler_2,false,0.006
45,425903.826497785,4.66251156981445e6,Fulton,Newfield,duck,conventional,false,0.002
46,427410.40664168,4.64562477271894e6,Fulton,Dublin,chicken,layer,false,0.008
47,420442.367126237,4.64544251435124e6,Fulton,Linwood,chicken,broiler_2,false,0.012
48,445524.767628611,4.67617067888048e6,Allegheny,Guttenberg,duck,organic,false,0.002
49,447040.373590937,4.67142991605723e6,Allegheny,Cliffside Park,chicken,broiler_2,false,0.008
50,431789.102470928,4.66151515789156e6,Fulton,Ocean,chicken,broiler_2,false,0.01
51,440985.158215273,4.67665703485415e6,Fulton,Logan,chicken,broiler_1,false,0.006
52,435284.837667529,4.65094343780009e6,Fulton,Harding,duck,conventional,false,0.004
53,419694.89403526,4.65592119709578e6,Fulton,Hawthorne,chicken,broiler_2,false,0.004
54,424074.986206176,4.67829512965639e6,Fulton,Secaucus,chicken,broiler_2,false,0.014
55,413550.640628739,4.64374048679874e6,Fulton,Trenton,chicken,layer,false,0.006
56,449104.927654323,4.67960019410668e6,Allegheny,Guttenberg,chicken,broiler_2,false,0.016
57,442680.606063927,4.66717004982705e6,Allegheny,Aberdeen,duck,conventional,false,0.004
58,413431.162663427,4.66802572902525e6,Fulton,Roselle,duck,conventional,false,0.0
59,438510.905730262,4.65354529493894e6,Allegheny,Demarest,duck,conventional,false,0.0
60,412991.373651504,4.6705985234825e6,Fulton,Roselle,duck,conventional,false,0.004
61,423897.425512557,4.64584233078316e6,Fulton,Linwood,chicken,broiler_2,false,0.024
62,449747.241014075,4.67963787997205e6,Allegheny,Guttenberg,duck,organic,false,0.0
63,437763.777403883,4.64440347993347e6,Allegheny,Rockleigh,duck,conventional,false,0.002
64,422261.358821054,4.66163578810269e6,Fulton,Newfield,duck,conventional,false,0.002
65,414468.404234953,4.65867727349927e6,Fulton,Hightstown,duck,conventional,false,0.0
66,410903.13976692,4.66253683078652e6,Fulton,Hightstown,duck,conventional,false,0.006
67,418983.64967209,4.66107357931425e6,Fulton,Clifton,duck,conventional,false,0.0
68,422386.420986281,4.65527772024553e6,Fulton,Hawthorne,duck,conventional,false,0.0
69,426308.247370383,4.67727629137284e6,Fulton,Secaucus,chicken,broiler_1,false,0.008
70,406669.358079174,4.64749168568089e6,Fulton,Trenton,chicken,broiler_1,false,0.012
71,447512.640441032,4.66514474633674e6,Allegheny,Aberdeen,duck,organic,false,0.0
72,446603.949964293,4.67809530872013e6,Allegheny,Guttenberg,chicken,broiler_1,false,0.01
73,406825.767785463,4.66499843933156e6,Fulton,Washington,chicken,broiler_1,false,0.008
74,436794.256016446,4.65663673525864e6,Allegheny,Demarest,duck,conventional,false,0.002
75,419649.383551341,4.66158372338928e6,Fulton,Clifton,duck,conventional,false,0.0
76,418573.146074602,4.65283076122419e6,Fulton,Clifton,chicken,broiler_2,false,0.006
77,423201.389527041,4.65607841217709e6,Fulton,Clifton,duck,conventional,false,0.002
78,425673.6063486,4.65897143520673e6,Fulton,Ocean,chicken,broiler_1,false,0.006
79,416529.888083096,4.64528309547416e6,Fulton,Trenton,chicken,broiler_1,false,0.008
80,421074.725433318,4.63746696821343e6,Fulton,Providence,duck,organic,false,0.002
81,438714.640331164,4.64490206208457e6,Allegheny,Rockleigh,duck,conventional,false,0.0
82,432036.990283542,4.64044782116876e6,Fulton,Harding,duck,conventional,false,0.002
83,425182.554537924,4.66250628611953e6,Fulton,Newfield,chicken,broiler_1,false,0.008
84,420880.679877838,4.6527381623257e6,Fulton,Clifton,duck,conventional,false,0.002
85,426291.760030266,4.65860643601673e6,Fulton,Hawthorne,duck,conventional,false,0.0
86,426458.538756832,4.63938071830268e6,Fulton,Providence,duck,organic,false,0.0
87,417341.520252376,4.66113199768584e6,Fulton,Hightstown,chicken,broiler_2,false,0.012
88,428071.14733235,4.66538883574225e6,Fulton,Newfield,duck,conventional,false,0.002
89,426808.376195992,4.6605900494411e6,Fulton,Ocean,duck,conventional,false,0.0
90,409066.891935292,4.65784292005055e6,Fulton,Pleasantville,duck,conventional,false,0.0
91,440072.58067379,4.66279275425222e6,Allegheny,Aberdeen,chicken,broiler_1,false,0.006
92,431033.714951305,4.64095662700758e6,Fulton,Harding,chicken,broiler_2,false,0.008
93,435232.25765494,4.64567818538515e6,Fulton,Harding,chicken,broiler_2,false,0.006
94,416031.009629535,4.6638204303028e6,Fulton,Hightstown,duck,conventional,false,0.002
95,430684.173753501,4.65292835437256e6,Fulton,Hawthorne,duck,conventional,false,0.0
96,436594.194572915,4.6546170072152e6,Allegheny,Demarest,chicken,broiler_2,false,0.01
97,435425.838217563,4.66855014401702e6,Fulton,Hulmeville,duck,organic,false,0.0
98,419541.157362684,4.63891345762217e6,Fulton,Providence,duck,organic,false,0.002
99,455348.350060491,4.6717430878115e6,Allegheny,Cliffside Park,chicken,broiler_2,false,0.002
100,423713.548478429,4.64021768045266e6,Fulton,Providence,chicken,broiler_2,false,0.012
101,420227.441787684,4.65560810605378e6,Fulton,Hawthorne,duck,conventional,false,0.004
102,433924.829880525,4.6584249225615e6,Fulton,Ocean,chicken,broiler_1,false,0.004
103,445093.808212358,4.66806845047751e6,Allegheny,Aberdeen,chicken,layer,false,0.01
104,409194.338460824,4.65620437439306e6,Fulton,Pleasantville,duck,conventional,false,0.002
105,433868.617636261,4.65634686697304e6,Fulton,Ocean,chicken,layer,false,0.004
106,424650.789000711,4.65714178474062e6,Fulton,Ocean,chicken,broiler_2,false,0.016
107,416160.065531596,4.68131343247111e6,Fulton,Secaucus,duck,conventional,false,0.002
108,427198.185407982,4.64671553166145e6,Fulton,Dublin,duck,conventional,false,0.002
109,418894.704425353,4.64691600359263e6,Fulton,Linwood,chicken,broiler_2,false,0.004
110,409517.80597904,4.65900081285652e6,Fulton,Pleasantville,chicken,broiler_1,false,0.012
111,419736.782333915,4.6694969932773e6,Fulton,Roselle,chicken,broiler_1,false,0.01
112,414541.043611067,4.65011923464936e6,Fulton,Clifton,duck,organic,false,0.004
113,436500.830840032,4.65095386777275e6,Allegheny,Demarest,duck,conventional,false,0.002
114,430990.03781635,4.65372243356333e6,Fulton,Hawthorne,duck,conventional,false,0.0
115,440694.25064516,4.6512706210677e6,Allegheny,Demarest,chicken,broiler_2,false,0.006
116,426509.228471797,4.65227880549261e6,Fulton,Hawthorne,chicken,broiler_2,false,0.016
117,413889.202270023,4.66185916742858e6,Fulton,Hightstown,duck,organic,false,0.0
118,411499.712393329,4.6532169848758e6,Fulton,Pleasantville,chicken,broiler_1,false,0.004
119,407984.267056647,4.64672296854996e6,Fulton,Trenton,duck,organic,false,0.002
120,422251.726647778,4.67115168511734e6,Fulton,Newfield,duck,conventional,false,0.006
121,428328.620677648,4.64924122861273e6,Fulton,Harding,duck,conventional,false,0.0
122,438351.290652948,4.66981238847996e6,Fulton,Hulmeville,duck,conventional,false,0.002
123,416639.731144184,4.64209912009037e6,Fulton,Rockaway,duck,conventional,false,0.0
124,423608.984054352,4.65077496093591e6,Fulton,Hawthorne,chicken,broiler_2,false,0.002
125,414921.450912578,4.64794194043328e6,Fulton,Trenton,chicken,broiler_2,false,0.008
126,414254.81216222,4.647433050068e6,Fulton,Trenton,duck,conventional,false,0.0
127,418999.717651639,4.67425435082752e6,Fulton,Secaucus,duck,conventional,false,0.002
128,409138.232380673,4.65190330972498e6,Fulton,Pleasantville,chicken,broiler_1,false,0.008
129,440094.874480568,4.65747868298549e6,Allegheny,Demarest,duck,conventional,false,0.0
130,421576.261786495,4.66542341071209e6,Fulton,Newfield,chicken,broiler_2,false,0.006
131,441857.366047381,4.66636216850922e6,Allegheny,Aberdeen,duck,conventional,false,0.0
132,409792.47485248,4.64017999056104e6,Fulton,Trenton,duck,conventional,false,0.002
133,435603.69427938,4.67426361615983e6,Fulton,Logan,duck,conventional,false,0.002
134,444762.979966986,4.65945728393063e6,Allegheny,Demarest,chicken,broiler_2,false,0.002
135,411020.465939986,4.65320046186312e6,Fulton,Pleasantville,chicken,broiler_2,false,0.008
136,409903.047135445,4.65649052318048e6,Fulton,Pleasantville,duck,conventional,false,0.002
137,424789.516123136,4.64042580999445e6,Fulton,Providence,duck,organic,false,0.0
138,440292.947812179,4.67657968681543e6,Fulton,Logan,chicken,broiler_2,false,0.008
139,422003.045853142,4.63786801225131e6,Fulton,Providence,chicken,broiler_2,false,0.006
140,415988.415448758,4.66375820072949e6,Fulton,Hightstown,duck,conventional,false,0.006
141,421347.09653273,4.65643893153645e6,Fulton,Clifton,duck,conventional,false,0.002
142,411151.827454814,4.64460335059205e6,Fulton,Trenton,chicken,broiler_1,false,0.008
143,424475.173858439,4.64054834975282e6,Fulton,Dublin,chicken,broiler_2,false,0.008
144,427788.198387002,4.64767792549654e6,Fulton,Dublin,duck,conventional,false,0.002
145,434831.421105329,4.66177149770885e6,Fulton,Hulmeville,chicken,broiler_1,false,0.0
146,433939.549295728,4.647341657732e6,Fulton,Harding,chicken,layer,false,0.022
147,444606.432518403,4.66675814152811e6,Allegheny,Aberdeen,duck,conventional,false,0.004
148,436178.948834964,4.647922830548e6,Fulton,Harding,duck,conventional,false,0.002
149,426837.194002642,4.66868013959547e6,Fulton,Newfield,duck,organic,false,0.002
150,442624.969538698,4.66397656194975e6,Allegheny,Aberdeen,chicken,broiler_2,false,0.008
151,438620.568255594,4.66725645907014e6,Allegheny,Aberdeen,chicken,broiler_1,false,0.0
152,437945.806929424,4.6753787364073e6,Fulton,Logan,duck,conventional,false,0.004
153,419266.500314853,4.66033045252125e6,Fulton,Clifton,duck,conventional,false,0.002
154,422455.366087162,4.67611864893474e6,Fulton,Secaucus,chicken,broiler_1,false,0.012
155,435307.316244312,4.64993889816151e6,Allegheny,Rockleigh,duck,conventional,false,0.0
156,421280.517394141,4.67260929742515e6,Fulton,Roselle,chicken,layer,false,0.012
157,420527.282535191,4.67963230803719e6,Fulton,Secaucus,duck,conventional,false,0.002
158,453858.835326027,4.68174308752501e6,Allegheny,Guttenberg,duck,conventional,false,0.002
159,445268.198725632,4.66099709738532e6,Allegheny,Aberdeen,duck,conventional,false,0.002
160,429412.248682873,4.66519477438417e6,Fulton,Newfield,chicken,broiler_1,false,0.006
161,442744.71328782,4.65222492106432e6,Allegheny,Demarest,chicken,layer,false,0.002
162,424826.342060592,4.65062438404738e6,Fulton,Hawthorne,duck,conventional,false,0.0
163,442940.917026319,4.6680474591139e6,Allegheny,Aberdeen,duck,conventional,false,0.0
164,426182.510960865,4.65966225720392e6,Fulton,Ocean,duck,conventional,false,0.002
165,428122.889088073,4.65387499191814e6,Fulton,Hawthorne,chicken,broiler_1,false,0.004
166,439930.223318152,4.66211520155244e6,Allegheny,Demarest,duck,organic,false,0.0
167,418342.859451204,4.65160301777365e6,Fulton,Clifton,chicken,layer,false,0.006
168,443193.455056924,4.66640844647401e6,Allegheny,Aberdeen,duck,organic,false,0.0
169,434285.855454084,4.66927220663427e6,Fulton,Hulmeville,duck,conventional,false,0.0
170,418016.992308042,4.6813896750467e6,Fulton,Secaucus,duck,conventional,false,0.004
171,438556.003903002,4.66692650620435e6,Allegheny,Aberdeen,duck,conventional,false,0.002
172,442067.537845267,4.67115119949764e6,Allegheny,Aberdeen,duck,conventional,false,0.0
173,418946.224782507,4.67968004651563e6,Fulton,Secaucus,duck,organic,false,0.002
174,410013.877576187,4.64923570181952e6,Fulton,Trenton,duck,organic,false,0.002
175,439682.981887284,4.66382091881769e6,Allegheny,Aberdeen,chicken,broiler_2,false,0.008
176,409889.583993853,4.66012702977009e6,Fulton,Pleasantville,chicken,broiler_1,false,0.01
177,443784.828687179,4.6709510594765e6,Allegheny,Aberdeen,duck,organic,false,0.002
178,440073.444282833,4.67918367645932e6,Fulton,Logan,chicken,broiler_1,false,0.002
179,423178.009968931,4.67369310954123e6,Fulton,Newfield,duck,organic,false,0.002
180,424912.971607334,4.65455090714677e6,Fulton,Hawthorne,chicken,broiler_1,false,0.02
181,430667.254317198,4.64621123630583e6,Fulton,Harding,duck,conventional,false,0.002
182,431747.518903568,4.64114789369087e6,Fulton,Harding,duck,conventional,false,0.002
183,433647.682440626,4.66996849943094e6,Fulton,Hulmeville,chicken,broiler_1,false,0.006
184,439390.023167488,4.66471323509519e6,Allegheny,Aberdeen,duck,conventional,false,0.0
185,440918.178232983,4.6598000418999e6,Allegheny,Demarest,chicken,broiler_1,false,0.008
186,436241.019278419,4.6538557145829e6,Allegheny,Demarest,chicken,broiler_2,false,0.004
187,431729.807820148,4.66713022437323e6,Fulton,Hulmeville,duck,conventional,false,0.004
188,434537.103295874,4.65930049923046e6,Fulton,Ocean,chicken,broiler_2,false,0.008
189,417492.282572613,4.65883362912586e6,Fulton,Clifton,duck,conventional,false,0.0
190,447258.617642999,4.67263976292083e6,Allegheny,Cliffside Park,duck,conventional,false,0.0
191,434651.597785473,4.65399636096356e6,Fulton,Harding,duck,conventional,false,0.0
192,405847.786593704,4.6678654159515e6,Fulton,Washington,duck,conventional,false,0.0
193,406219.321119427,4.6670986812695e6,Fulton,Washington,chicken,broiler_2,false,0.008
194,412693.801799912,4.64219508850601e6,Fulton,Trenton,duck,organic,false,0.002
195,412862.237094939,4.66237980463691e6,Fulton,Hightstown,chicken,broiler_1,false,0.012
196,441485.411491161,4.65037980510579e6,Allegheny,Rockleigh,chicken,broiler_2,false,0.002
197,416237.577903861,4.65017124698936e6,Fulton,Clifton,duck,conventional,false,0.006
198,432387.375535746,4.65776922485969e6,Fulton,Ocean,duck,conventional,false,0.0
199,411443.804718988,4.66311261724162e6,Fulton,Washington,chicken,broiler_2,false,0.008
200,416754.792341894,4.64043043403467e6,Fulton,Rockaway,chicken,broiler_1,false,0.016
201,426621.627700727,4.67726351215422e6,Fulton,Secaucus,duck,conventional,false,0.004
202,418438.563807474,4.68192644520568e6,Fulton,Secaucus,chicken,broiler_2,false,0.006
203,431113.096096323,4.65525190764472e6,Fulton,Ocean,duck,conventional,false,0.002
204,410855.486464399,4.66264173513971e6,Fulton,Hightstown,duck,conventional,false,0.004
205,433214.128633563,4.65755658543273e6,Fulton,Ocean,duck,conventional,false,0.0
206,411033.843726892,4.65266955649419e6,Fulton,Pleasantville,duck,conventional,false,0.002
207,424564.122776988,4.63848994809607e6,Fulton,Providence,chicken,layer,false,0.008
208,439781.54194693,4.65665039432806e6,Allegheny,Demarest,duck,conventional,false,0.0
209,425114.868318261,4.65724528748787e6,Fulton,Hawthorne,chicken,broiler_2,false,0.01
210,435319.575694157,4.67611803843639e6,Fulton,Logan,duck,conventional,false,0.002
211,416012.966095284,4.63656862945525e6,Fulton,Rockaway,chicken,broiler_1,false,0.01
212,426780.598851341,4.6785932065203e6,Fulton,Secaucus,chicken,broiler_2,false,0.01
213,430911.012447395,4.66437942237798e6,Fulton,Hulmeville,chicken,broiler_2,false,0.008
214,422164.552753118,4.63431321810449e6,Fulton,Rockaway,duck,conventional,false,0.002
215,407626.257583542,4.65068034517734e6,Fulton,Trenton,chicken,broiler_1,false,0.006
216,414673.220332666,4.66037462446185e6,Fulton,Hightstown,duck,conventional,false,0.002
217,438961.472852866,4.66995369737707e6,Fulton,Logan,duck,conventional,false,0.002
218,413973.989089755,4.6597440429443e6,Fulton,Hightstown,chicken,broiler_1,false,0.012
219,424719.865163777,4.68002830340435e6,Fulton,Secaucus,duck,organic,false,0.0
220,415003.348368399,4.65437880342674e6,Fulton,Pleasantville,duck,conventional,false,0.0
221,420723.632245731,4.642934408828e6,Fulton,Linwood,chicken,broiler_2,false,0.008
222,419153.621277352,4.67435171385248e6,Fulton,Secaucus,duck,conventional,false,0.0
223,434446.879328431,4.65212580207952e6,Fulton,Harding,chicken,broiler_2,false,0.004
224,416419.465986624,4.65475208017745e6,Fulton,Pleasantville,chicken,broiler_1,false,0.012
225,433151.109345252,4.64461878416171e6,Fulton,Harding,chicken,layer,false,0.0
226,418097.699791796,4.66972800932042e6,Fulton,Roselle,chicken,broiler_2,false,0.008
227,435020.780060217,4.64692047224638e6,Fulton,Harding,chicken,broiler_2,false,0.008
228,428488.057607136,4.64343366297159e6,Fulton,Dublin,chicken,broiler_2,false,0.006
229,425621.637761395,4.66021169094665e6,Fulton,Ocean,chicken,broiler_2,false,0.008
230,432124.722608647,4.67451380497757e6,Fulton,Logan,duck,conventional,false,0.004
231,427121.918115785,4.65183985374308e6,Fulton,Hawthorne,chicken,broiler_2,false,0.008
232,451676.954155609,4.6728746179509e6,Allegheny,Cliffside Park,duck,conventional,false,0.002
233,421481.491238562,4.65792987319559e6,Fulton,Clifton,duck,organic,false,0.002
234,438593.583616566,4.67155811671461e6,Fulton,Logan,chicken,broiler_2,false,0.008
235,406137.993406883,4.6568962806002e6,Fulton,Pleasantville,chicken,broiler_2,false,0.014
236,453025.900050832,4.68191240715468e6,Allegheny,Guttenberg,duck,conventional,false,0.002
237,411081.686420437,4.65711943518354e6,Fulton,Pleasantville,duck,conventional,false,0.004
238,447689.256675657,4.66257802718318e6,Allegheny,Aberdeen,duck,conventional,false,0.004
239,413148.387776429,4.65510736124001e6,Fulton,Pleasantville,chicken,broiler_2,false,0.012
240,428528.392093452,4.64426717325873e6,Fulton,Dublin,duck,conventional,false,0.002
241,436497.809641356,4.67752506300491e6,Fulton,Logan,duck,conventional,false,0.0
242,428763.780923089,4.6479902517345e6,Fulton,Harding,duck,conventional,false,0.0
243,419386.143183635,4.67968766505396e6,Fulton,Secaucus,duck,conventional,false,0.008
244,433528.183998211,4.67374544550088e6,Fulton,Logan,duck,conventional,false,0.004
245,439907.810519097,4.66638487487415e6,Allegheny,Aberdeen,duck,conventional,false,0.0
246,428884.580875953,4.65299937471457e6,Fulton,Harding,duck,conventional,false,0.0
247,433016.101889107,4.65660229842717e6,Fulton,Ocean,chicken,broiler_2,false,0.0
248,435812.360529125,4.65564599940926e6,Fulton,Ocean,duck,conventional,false,0.002
249,414783.34785922,4.66519599875445e6,Fulton,Washington,chicken,broiler_2,false,0.01
250,421587.279543983,4.64059055714566e6,Fulton,Providence,duck,organic,false,0.002
251,428801.600318672,4.64843901750106e6,Fulton,Harding,duck,conventional,false,0.0
252,418397.613788226,4.6400719470155e6,Fulton,Providence,chicken,broiler_2,false,0.014
253,440620.433448329,4.67550936187069e6,Fulton,Logan,duck,conventional,false,0.004
254,421431.509923993,4.67664667800203e6,Fulton,Secaucus,duck,conventional,false,0.004
255,428528.807997571,4.67290669906529e6,Fulton,Logan,duck,conventional,false,0.004
256,413900.803925511,4.6484366130125e6,Fulton,Trenton,duck,conventional,false,0.0
257,429531.883867212,4.6419715542384e6,Fulton,Dublin,duck,conventional,false,0.0
258,439678.899439038,4.64420921022364e6,Allegheny,Rockleigh,chicken,broiler_1,false,0.004
259,423793.591708829,4.65664241181235e6,Fulton,Clifton,duck,conventional,false,0.0
260,416384.145989951,4.67812166049435e6,Fulton,Secaucus,duck,conventional,false,0.004
261,422427.063290538,4.66369110183694e6,Fulton,Newfield,chicken,broiler_2,false,0.004
262,417477.486274216,4.66616049634177e6,Fulton,Roselle,chicken,broiler_1,false,0.006
263,419215.7446253,4.67467468334853e6,Fulton,Secaucus,chicken,broiler_1,false,0.008
264,429499.380392425,4.67650799601108e6,Fulton,Logan,duck,organic,false,0.002
265,424810.244329264,4.65662067060445e6,Fulton,Hawthorne,duck,conventional,false,0.0
266,417262.674757971,4.63968993769736e6,Fulton,Rockaway,duck,conventional,false,0.002
267,423011.547039314,4.66217276007373e6,Fulton,Newfield,chicken,broiler_2,false,0.006
268,417668.796385916,4.66714795070588e6,Fulton,Roselle,duck,conventional,false,0.002
269,420188.361469763,4.65774747025756e6,Fulton,Clifton,chicken,broiler_2,false,0.004
270,430518.944163932,4.6677367795726e6,Fulton,Newfield,chicken,broiler_1,false,0.006
271,419955.383769508,4.67882964180769e6,Fulton,Secaucus,duck,conventional,false,0.002
272,430740.488520084,4.67418968144525e6,Fulton,Logan,duck,conventional,false,0.0
273,443819.093419082,4.66031687911747e6,Allegheny,Demarest,chicken,broiler_2,false,0.01
274,422840.705817568,4.64893285803968e6,Fulton,Linwood,duck,conventional,false,0.0
275,447913.431527811,4.66154495935869e6,Allegheny,Aberdeen,duck,conventional,false,0.0
276,435075.187023544,4.65371695520706e6,Allegheny,Demarest,duck,conventional,false,0.002
277,407325.613144015,4.65849406560417e6,Fulton,Pleasantville,chicken,broiler_2,false,0.01
278,428711.93790461,4.66368903636755e6,Fulton,Ocean,chicken,broiler_1,false,0.008
279,428503.8907588,4.67564769419401e6,Fulton,Logan,duck,conventional,false,0.002
280,422153.592179907,4.63553998632957e6,Fulton,Rockaway,duck,conventional,false,0.004
281,448619.386852844,4.67318937761028e6,Allegheny,Cliffside Park,duck,conventional,false,0.002
282,449722.727359056,4.66035998771697e6,Allegheny,Demarest,duck,organic,false,0.006
283,434387.665027162,4.67797303871475e6,Fulton,Logan,duck,conventional,false,0.002
284,438883.270823632,4.66797771326267e6,Allegheny,Aberdeen,duck,organic,false,0.004
285,425814.661051838,4.6661696378159e6,Fulton,Newfield,chicken,broiler_2,false,0.008
286,453972.686306049,4.67751970866686e6,Allegheny,Cliffside Park,chicken,broiler_2,false,0.006
287,417846.847366965,4.64868912179842e6,Fulton,Linwood,duck,conventional,false,0.0
288,430494.118240102,4.6640859318658e6,Fulton,Hulmeville,chicken,layer,false,0.004
289,411584.919270797,4.64495534380665e6,Fulton,Trenton,chicken,broiler_2,false,0.01
290,421790.22241738,4.66127738382345e6,Fulton,Clifton,duck,conventional,false,0.0
291,410564.551473612,4.63954883815344e6,Fulton,Trenton,duck,conventional,false,0.002
292,419780.241631367,4.64734967078062e6,Fulton,Linwood,duck,conventional,false,0.0
293,415409.933137485,4.66077259991729e6,Fulton,Hightstown,duck,conventional,false,0.002
294,426770.601276659,4.67606109169266e6,Fulton,Secaucus,chicken,broiler_2,false,0.004
295,417585.154569333,4.67034582137657e6,Fulton,Roselle,chicken,broiler_2,false,0.008
296,433126.359000085,4.65423142544985e6,Fulton,Harding,chicken,broiler_2,false,0.002
297,423136.175244169,4.64076481153173e6,Fulton,Providence,duck,conventional,false,0.004
298,428170.787801033,4.66306035652638e6,Fulton,Ocean,chicken,broiler_2,false,0.014
299,443593.78632706,4.66338796101871e6,Allegheny,Aberdeen,chicken,broiler_2,false,0.002
300,445892.536767361,4.67365972470853e6,Allegheny,Cliffside Park,duck,conventional,false,0.002
301,416741.377923422,4.66510537208754e6,Fulton,Washington,chicken,broiler_2,false,0.01
302,430257.608502316,4.65502583045284e6,Fulton,Hawthorne,chicken,broiler_2,false,0.008
303,445037.551059318,4.67829789922697e6,Allegheny,Guttenberg,duck,conventional,false,0.012
304,408784.792079654,4.64895539374178e6,Fulton,Trenton,duck,conventional,false,0.002
305,417726.344641202,4.66172379652671e6,Fulton,Hightstown,chicken,broiler_2,false,0.01
306,427418.307915634,4.66488301500439e6,Fulton,Newfield,duck,conventional,false,0.002
307,444019.482832139,4.65713849655505e6,Allegheny,Demarest,duck,conventional,false,0.0
308,448831.562906831,4.65988533638169e6,Allegheny,Demarest,duck,organic,false,0.0
309,414570.960101428,4.66899625662901e6,Fulton,Roselle,duck,conventional,false,0.004
310,430873.450804726,4.65622732521069e6,Fulton,Ocean,chicken,broiler_2,false,0.004
311,421933.676036849,4.64775828024747e6,Fulton,Linwood,duck,conventional,false,0.004
312,428232.136479423,4.65845543525987e6,Fulton,Ocean,chicken,broiler_2,false,0.008
313,420785.169611762,4.64047976889968e6,Fulton,Providence,chicken,broiler_1,false,0.006
314,414599.543674446,4.656741121063e6,Fulton,Hightstown,chicken,broiler_2,false,0.012
315,421981.303754061,4.67343435377914e6,Fulton,Secaucus,duck,conventional,false,0.0
316,433514.959701859,4.65858936190359e6,Fulton,Ocean,chicken,broiler_1,false,0.002
317,424823.84728863,4.6429277851239e6,Fulton,Dublin,chicken,broiler_2,false,0.008
318,412715.837045155,4.64202517182227e6,Fulton,Trenton,chicken,broiler_2,false,0.006
319,434799.126937569,4.67484419641816e6,Fulton,Logan,chicken,broiler_1,false,0.0
320,419133.680470889,4.65913943268132e6,Fulton,Clifton,duck,conventional,false,0.0
321,445765.821710588,4.65981173346562e6,Allegheny,Demarest,chicken,broiler_2,false,0.002
322,434111.886238615,4.65498387232857e6,Fulton,Ocean,duck,conventional,false,0.002
323,422265.052883926,4.64402785533262e6,Fulton,Dublin,duck,conventional,false,0.002
324,448379.274532766,4.66046113486723e6,Allegheny,Demarest,duck,conventional,false,0.0
325,435105.172433102,4.66735949276641e6,Fulton,Hulmeville,duck,conventional,false,0.004
326,428149.987042269,4.64445860904259e6,Fulton,Dublin,duck,conventional,false,0.004
327,438817.343504357,4.65810040210429e6,Allegheny,Demarest,chicken,broiler_1,false,0.002
328,425437.050286883,4.65103240423034e6,Fulton,Hawthorne,duck,conventional,false,0.006
329,419231.534423269,4.67770547007261e6,Fulton,Secaucus,chicken,broiler_2,false,0.01
330,452040.000425241,4.68338844082878e6,Allegheny,Guttenberg,chicken,broiler_2,false,0.008
331,445532.784155944,4.67734460390318e6,Allegheny,Guttenberg,duck,conventional,false,0.004
332,419525.872661031,4.63440208794193e6,Fulton,Rockaway,duck,conventional,false,0.002
333,417332.749695517,4.6619309555213e6,Fulton,Hightstown,duck,organic,false,0.002
334,408781.659434259,4.6504789064549e6,Fulton,Trenton,chicken,broiler_1,false,0.008
335,452224.934051802,4.67335784513373e6,Allegheny,Cliffside Park,duck,organic,false,0.002
336,410387.582445722,4.6602282530502e6,Fulton,Hightstown,chicken,layer,false,0.006
337,433893.571472145,4.64230034639538e6,Fulton,Harding,chicken,broiler_1,false,0.002
338,437518.483330184,4.65723377822781e6,Allegheny,Demarest,duck,conventional,false,0.002
339,426793.048829491,4.67806172551595e6,Fulton,Secaucus,duck,conventional,false,0.002
340,423595.595129118,4.65500025748296e6,Fulton,Hawthorne,duck,organic,false,0.002
341,410059.142837715,4.66628338317787e6,Fulton,Washington,duck,organic,false,0.002
342,434390.295859618,4.66380227088096e6,Fulton,Hulmeville,duck,conventional,false,0.002
343,427410.785316727,4.66889837376662e6,Fulton,Newfield,duck,organic,false,0.0
344,437072.991904675,4.67121512334978e6,Fulton,Logan,duck,conventional,false,0.002
345,431166.842930967,4.64524205064372e6,Fulton,Dublin,chicken,broiler_2,false,0.004
346,440681.022661932,4.65186623569554e6,Allegheny,Demarest,duck,conventional,false,0.002
347,411847.165383709,4.66771194923102e6,Fulton,Washington,duck,conventional,false,0.006
348,442344.210429975,4.66944762051034e6,Allegheny,Aberdeen,duck,conventional,false,0.002
349,423127.44137987,4.64145089438516e6,Fulton,Dublin,chicken,broiler_1,false,0.008
350,450041.868617799,4.66064013607852e6,Allegheny,Demarest,chicken,broiler_2,false,0.008
351,451380.193522157,4.67579445155214e6,Allegheny,Cliffside Park,duck,organic,false,0.006
352,431299.54315899,4.66967490413738e6,Fulton,Hulmeville,duck,conventional,false,0.002
353,449008.969036154,4.67720185485029e6,Allegheny,Guttenberg,duck,organic,false,0.0
354,445145.003089235,4.65544252854278e6,Allegheny,Demarest,chicken,broiler_2,false,0.002
355,414849.523423531,4.66238555988157e6,Fulton,Hightstown,chicken,broiler_2,false,0.008
356,444177.303195887,4.67756083944625e6,Allegheny,Guttenberg,duck,conventional,false,0.0
357,423900.370107672,4.67776939974429e6,Fulton,Secaucus,chicken,broiler_2,false,0.01
358,415871.913489775,4.66445946282611e6,Fulton,Washington,duck,conventional,false,0.002
359,428250.143230396,4.66564520273876e6,Fulton,Newfield,duck,organic,false,0.0
360,414476.737480938,4.6424666537819e6,Fulton,Trenton,duck,conventional,false,0.002
361,439026.488385311,4.67133970449559e6,Fulton,Logan,duck,conventional,false,0.0
362,427993.168734306,4.65472148849535e6,Fulton,Hawthorne,duck,conventional,false,0.002
363,425434.981049585,4.63644598640766e6,Fulton,Providence,chicken,broiler_2,false,0.0
364,437406.612260075,4.66553194094713e6,Fulton,Hulmeville,duck,conventional,false,0.0
365,437363.243401408,4.64606822387173e6,Allegheny,Rockleigh,chicken,broiler_1,false,0.004
366,410716.305628897,4.66787583783814e6,Fulton,Washington,duck,conventional,false,0.004
367,440124.532298389,4.64778836937909e6,Allegheny,Rockleigh,chicken,broiler_2,false,0.008
368,452502.007186114,4.67550247133705e6,Allegheny,Cliffside Park,duck,conventional,false,0.002
369,410206.718459645,4.64827780218747e6,Fulton,Trenton,chicken,layer,false,0.008
370,424380.841899128,4.67321778513169e6,Fulton,Secaucus,duck,conventional,false,0.0
371,446706.069093884,4.66245340797074e6,Allegheny,Aberdeen,duck,conventional,false,0.002
372,421263.177458544,4.63981432673537e6,Fulton,Providence,duck,organic,false,0.002
373,442432.452730814,4.66257682219224e6,Allegheny,Aberdeen,chicken,broiler_2,false,0.004
374,432727.114889499,4.67247373481967e6,Fulton,Logan,duck,conventional,false,0.006
375,419993.488608645,4.64978413731416e6,Fulton,Linwood,duck,conventional,false,0.0
376,419750.710820423,4.66425738729474e6,Fulton,Newfield,chicken,broiler_1,false,0.008
377,435406.984825253,4.64759148402753e6,Fulton,Harding,chicken,broiler_2,false,0.012
378,415162.758775827,4.65846484337073e6,Fulton,Hightstown,duck,conventional,false,0.0
379,415290.52674362,4.63940722490508e6,Fulton,Rockaway,chicken,broiler_2,false,0.004
380,440133.477447284,4.67490999009095e6,Allegheny,Guttenberg,duck,conventional,false,0.002
381,418659.239098708,4.64036958464992e6,Fulton,Providence,chicken,broiler_1,false,0.004
382,422340.427593714,4.63415907397927e6,Fulton,Rockaway,chicken,broiler_1,false,0.012
383,439559.616494212,4.65445957150893e6,Allegheny,Demarest,duck,conventional,false,0.0
384,418382.912862147,4.64594196467923e6,Fulton,Linwood,chicken,broiler_2,false,0.006
385,437241.201555632,4.66698934732098e6,Allegheny,Aberdeen,chicken,broiler_2,false,0.004
386,426177.076693556,4.64941966068831e6,Fulton,Hawthorne,chicken,layer,false,0.006
387,452133.137911468,4.67983684197032e6,Allegheny,Guttenberg,duck,conventional,false,0.0
388,449266.718924782,4.66068830204246e6,Allegheny,Demarest,chicken,broiler_1,false,0.01
389,426456.662068534,4.64199721743321e6,Fulton,Dublin,chicken,broiler_2,false,0.006
390,423164.111353589,4.66683242377262e6,Fulton,Newfield,duck,conventional,false,0.002
391,432098.616431484,4.67300084506574e6,Fulton,Logan,chicken,broiler_2,false,0.008
392,404784.687621087,4.65716043211723e6,Fulton,Pleasantville,duck,organic,false,0.0
393,437574.673166174,4.64135788238394e6,Fulton,Harding,duck,conventional,false,0.0
394,420019.445894091,4.64542999150356e6,Fulton,Linwood,duck,conventional,false,0.004
395,423041.915892913,4.64718112738551e6,Fulton,Linwood,duck,conventional,false,0.002
396,447991.577035432,4.66307326768909e6,Allegheny,Aberdeen,chicken,broiler_2,false,0.008
397,411083.354321547,4.65293255694881e6,Fulton,Pleasantville,chicken,broiler_2,false,0.01
398,432677.646835197,4.64860076413431e6,Fulton,Harding,chicken,broiler_2,false,0.008
399,445614.13700582,4.68045537618504e6,Allegheny,Guttenberg,chicken,broiler_1,false,0.018
400,422676.59645683,4.65456204441424e6,Fulton,Hawthorne,chicken,broiler_2,false,0.004
401,440872.538463525,4.65866920889178e6,Allegheny,Demarest,chicken,layer,false,0.0
402,406451.905872677,4.65620183183472e6,Fulton,Pleasantville,duck,organic,false,0.002
403,428160.407298506,4.6509591215929e6,Fulton,Hawthorne,duck,conventional,false,0.0
404,417357.094232049,4.65780715605546e6,Fulton,Clifton,duck,organic,false,0.0
405,452888.856690553,4.67167067434845e6,Allegheny,Cliffside Park,duck,conventional,false,0.006
406,439391.771391733,4.64436433964289e6,Allegheny,Rockleigh,duck,organic,false,0.002
407,410637.800976349,4.65109339701461e6,Fulton,Pleasantville,duck,conventional,false,0.0
408,415050.32068474,4.68063283976978e6,Fulton,Secaucus,chicken,broiler_2,false,0.014
409,419998.301461137,4.63365072235991e6,Fulton,Rockaway,chicken,broiler_2,false,0.006
410,426448.504415974,4.64195734578345e6,Fulton,Dublin,chicken,broiler_2,false,0.012
411,438757.610496366,4.6703474478922e6,Fulton,Logan,duck,conventional,false,0.002
412,444770.152126804,4.67802719540681e6,Allegheny,Guttenberg,chicken,broiler_1,false,0.01
413,413720.619676075,4.64362072159409e6,Fulton,Trenton,chicken,broiler_2,false,0.004
414,433936.678092536,4.65574635915683e6,Fulton,Ocean,chicken,broiler_2,false,0.01
415,429443.917731771,4.67021313851037e6,Fulton,Newfield,duck,conventional,false,0.004
416,419159.729562556,4.67596566936024e6,Fulton,Secaucus,chicken,broiler_2,false,0.01
417,420961.810681608,4.64946700235422e6,Fulton,Linwood,chicken,broiler_1,false,0.006
418,422042.654123507,4.66950594591762e6,Fulton,Newfield,duck,conventional,false,0.002
419,453932.502500505,4.68057227180993e6,Allegheny,Guttenberg,duck,conventional,false,0.0
420,445057.480265552,4.65584124113269e6,Allegheny,Demarest,chicken,broiler_1,false,0.002
421,422029.567193334,4.66007319779975e6,Fulton,Clifton,chicken,broiler_2,false,0.002
422,408490.874014984,4.65314886077738e6,Fulton,Pleasantville,duck,conventional,false,0.002
423,428147.6066078,4.66995172828483e6,Fulton,Newfield,duck,conventional,false,0.002
424,446699.448003234,4.66567355765021e6,Allegheny,Aberdeen,chicken,broiler_1,false,0.014
425,446759.907974718,4.6709145781192e6,Allegheny,Cliffside Park,chicken,broiler_2,false,0.008
426,437844.257813149,4.64511950950878e6,Allegheny,Rockleigh,chicken,broiler_2,false,0.004
427,428803.067326006,4.66946305790112e6,Fulton,Newfield,chicken,broiler_1,false,0.002
428,426417.15011502,4.67976773942685e6,Fulton,Secaucus,duck,conventional,false,0.006
429,435522.566442833,4.6497604211911e6,Allegheny,Rockleigh,chicken,broiler_2,false,0.006
430,422127.088016088,4.64981159599702e6,Fulton,Linwood,chicken,broiler_1,false,0.006
431,417184.681335939,4.66170525610742e6,Fulton,Hightstown,duck,conventional,false,0.002
432,411570.526442208,4.64276554034454e6,Fulton,Trenton,duck,conventional,false,0.002
433,416964.426858447,4.63545368747724e6,Fulton,Rockaway,chicken,broiler_2,false,0.008
434,453582.553329034,4.67199802133059e6,Allegheny,Cliffside Park,chicken,broiler_1,false,0.01
435,422282.264362485,4.63799127594849e6,Fulton,Providence,duck,conventional,false,0.0
436,419081.37098117,4.65692139048234e6,Fulton,Clifton,chicken,broiler_2,false,0.008
437,434702.388197965,4.67837504166541e6,Fulton,Logan,duck,conventional,false,0.0
438,445107.390227619,4.66168128392492e6,Allegheny,Aberdeen,duck,conventional,false,0.0
439,426207.839784835,4.67737972942554e6,Fulton,Secaucus,duck,conventional,false,0.002
440,431004.535371157,4.65349539713873e6,Fulton,Hawthorne,duck,conventional,false,0.0
441,431332.930371227,4.66561216230572e6,Fulton,Hulmeville,duck,conventional,false,0.004
442,427504.78137023,4.64362365749537e6,Fulton,Dublin,duck,conventional,false,0.002
443,413057.844790581,4.65856735042784e6,Fulton,Hightstown,chicken,layer,false,0.006
444,432618.573401802,4.6747620033197e6,Fulton,Logan,chicken,broiler_2,false,0.006
445,449946.540042847,4.67803998971746e6,Allegheny,Guttenberg,chicken,broiler_2,false,0.008
446,425458.873029813,4.65758723616278e6,Fulton,Hawthorne,duck,conventional,false,0.004
447,419229.473394121,4.64116952429086e6,Fulton,Providence,duck,conventional,false,0.0
448,437178.947150441,4.67675072918506e6,Fulton,Logan,chicken,broiler_2,false,0.012
449,454421.601432632,4.68020687991531e6,Allegheny,Guttenberg,duck,conventional,false,0.0
450,434429.897117272,4.663244152671e6,Fulton,Hulmeville,duck,conventional,false,0.0
451,422744.59336654,4.64807829649777e6,Fulton,Linwood,duck,conventional,false,0.002
452,416864.258543882,4.64426502707565e6,Fulton,Linwood,chicken,broiler_2,false,0.004
453,424367.773368958,4.67419599167687e6,Fulton,Secaucus,chicken,broiler_1,false,0.0
454,426881.241421481,4.65390360177599e6,Fulton,Hawthorne,chicken,broiler_1,false,0.014
455,408735.490669089,4.64402556009235e6,Fulton,Trenton,duck,conventional,false,0.002
456,443710.674533312,4.65274990739463e6,Allegheny,Demarest,duck,conventional,false,0.0
457,413927.757013488,4.65024998245774e6,Fulton,Pleasantville,duck,conventional,false,0.004
458,417060.991609237,4.64171629315639e6,Fulton,Rockaway,chicken,broiler_1,false,0.01
459,420356.558229732,4.64033834942425e6,Fulton,Providence,duck,organic,false,0.0
460,412018.563784349,4.66906294370543e6,Fulton,Roselle,chicken,broiler_2,false,0.008
461,408805.608030785,4.66741474758783e6,Fulton,Washington,duck,conventional,false,0.002
462,446423.378060537,4.65746742080012e6,Allegheny,Demarest,chicken,broiler_2,false,0.0
463,414455.27441657,4.65899337325404e6,Fulton,Hightstown,chicken,broiler_2,false,0.012
464,436200.599911073,4.66934788243598e6,Fulton,Hulmeville,chicken,broiler_2,false,0.008
465,415537.850886535,4.64653407972723e6,Fulton,Trenton,chicken,broiler_1,false,0.012
466,426689.147582464,4.65937366008899e6,Fulton,Ocean,chicken,broiler_1,false,0.0
467,436715.785026122,4.64587886415009e6,Allegheny,Rockleigh,duck,conventional,false,0.0
468,412515.335429788,4.66441969839865e6,Fulton,Washington,chicken,broiler_2,false,0.012
469,428399.292217457,4.66400137810956e6,Fulton,Ocean,chicken,broiler_2,false,0.01
470,431221.987598534,4.64283329303902e6,Fulton,Harding,duck,conventional,false,0.002
471,444733.560570924,4.66646035921722e6,Allegheny,Aberdeen,duck,conventional,false,0.002
472,441266.126679973,4.66180371484025e6,Allegheny,Aberdeen,chicken,broiler_2,false,0.002
473,432291.619163382,4.63984601441707e6,Fulton,Harding,duck,organic,false,0.004
474,408384.476014142,4.65991572883784e6,Fulton,Hightstown,duck,conventional,false,0.0
475,425193.278375741,4.66327492857212e6,Fulton,Newfield,duck,conventional,false,0.002
476,437616.111378103,4.66074573580086e6,Allegheny,Demarest,duck,conventional,false,0.002
477,424236.466681444,4.66293209306706e6,Fulton,Newfield,duck,organic,false,0.0
478,437577.373722127,4.66299288465293e6,Allegheny,Demarest,duck,conventional,false,0.0
479,440706.501880136,4.64813111537858e6,Allegheny,Rockleigh,duck,conventional,false,0.0
480,428723.24042072,4.64706312036965e6,Fulton,Dublin,duck,conventional,false,0.002
481,441046.886322028,4.66143844238976e6,Allegheny,Aberdeen,duck,conventional,false,0.004
482,433419.680547259,4.65628857572749e6,Fulton,Ocean,duck,conventional,false,0.002
483,422862.566429976,4.64543108783979e6,Fulton,Linwood,duck,conventional,false,0.006
484,415140.923386006,4.64103417662948e6,Fulton,Trenton,chicken,broiler_2,false,0.01
485,425867.167114574,4.64097389467295e6,Fulton,Dublin,chicken,broiler_2,false,0.01
486,434801.629036123,4.66691105897954e6,Fulton,Hulmeville,chicken,broiler_1,false,0.008
487,452996.1347759,4.66759857108486e6,Allegheny,Cliffside Park,chicken,layer,false,0.008
488,434764.467866037,4.66187381315336e6,Fulton,Hulmeville,chicken,broiler_1,false,0.008
489,420105.320466545,4.66792970378285e6,Fulton,Roselle,duck,organic,false,0.002
490,434499.383718508,4.66533573663629e6,Fulton,Hulmeville,duck,conventional,false,0.0
491,427599.69144901,4.65964386464992e6,Fulton,Ocean,chicken,broiler_1,false,0.01
492,439165.587530994,4.64895304914841e6,Allegheny,Rockleigh,chicken,broiler_2,false,0.002
493,429842.43140842,4.64812130412833e6,Fulton,Harding,duck,organic,false,0.004
494,452313.634116205,4.67496809640826e6,Allegheny,Cliffside Park,duck,conventional,false,0.004
495,441875.073109735,4.64848434635605e6,Allegheny,Rockleigh,duck,conventional,false,0.004
496,434232.077629036,4.65179074665206e6,Fulton,Harding,duck,conventional,false,0.002
497,444193.183343618,4.67202576619739e6,Allegheny,Aberdeen,duck,conventional,false,0.002
498,426446.232365215,4.64450384766951e6,Fulton,Dublin,duck,conventional,false,0.0
499,438787.402039429,4.64731620871685e6,Allegheny,Rockleigh,chicken,broiler_2,false,0.008
500,436560.246067613,4.64546571810299e6,Fulton,Harding,duck,conventional,false,0.0
501,424286.130972482,4.67279072330525e6,Fulton,Secaucus,chicken,layer,false,0.014
502,423845.406118106,4.64042548774528e6,Fulton,Providence,chicken,broiler_2,false,0.018
503,435171.58946537,4.66722365424711e6,Fulton,Hulmeville,chicken,broiler_2,false,0.016
504,451911.446962381,4.67937169237737e6,Allegheny,Guttenberg,duck,conventional,false,0.002
505,437466.926749094,4.64565705102962e6,Allegheny,Rockleigh,chicken,broiler_2,false,0.01
506,444389.850922414,4.66313802037641e6,Allegheny,Aberdeen,duck,conventional,false,0.002
507,413636.156777373,4.65237237804715e6,Fulton,Pleasantville,duck,conventional,false,0.004
508,443770.394634963,4.64244011587405e6,Allegheny,Rockleigh,duck,conventional,false,0.008
509,436221.087801563,4.66116235834057e6,Allegheny,Demarest,duck,organic,false,0.0
510,435966.325113254,4.66026230259982e6,Allegheny,Demarest,duck,conventional,false,0.0
511,419057.587661922,4.67336894494789e6,Fulton,Secaucus,duck,conventional,false,0.002
512,440835.762493705,4.65237906744831e6,Allegheny,Demarest,chicken,broiler_2,false,0.002
513,435166.691825117,4.65083700724046e6,Fulton,Harding,duck,conventional,false,0.0
514,413544.642578649,4.64867204108994e6,Fulton,Trenton,duck,conventional,false,0.002
515,424059.695258709,4.65982593220274e6,Fulton,Ocean,chicken,broiler_2,false,0.012
516,446159.116192029,4.66035875007811e6,Allegheny,Aberdeen,duck,conventional,false,0.002
517,425830.66697603,4.66216395729009e6,Fulton,Newfield,duck,organic,false,0.002
518,410252.881927035,4.66444667708504e6,Fulton,Washington,duck,organic,false,0.004
519,429665.550079905,4.65744083466127e6,Fulton,Ocean,chicken,broiler_2,false,0.016
520,421939.330633523,4.67712285819814e6,Fulton,Secaucus,chicken,broiler_1,false,0.01
521,431066.02335367,4.64514929237749e6,Fulton,Dublin,chicken,broiler_1,false,0.014
522,456544.104001473,4.67112415967385e6,Allegheny,Cliffside Park,duck,conventional,false,0.002
523,454589.282866618,4.67142166763204e6,Allegheny,Cliffside Park,chicken,broiler_2,false,0.006
524,423946.140742982,4.6779998746869e6,Fulton,Secaucus,duck,conventional,false,0.004
525,408079.205339006,4.66057887338269e6,Fulton,Hightstown,duck,conventional,false,0.002
526,415840.493278214,4.63557339357373e6,Fulton,Rockaway,duck,conventional,false,0.0
527,442358.674716296,4.67547377966689e6,Allegheny,Guttenberg,duck,conventional,false,0.0
528,441163.821214911,4.65189752435744e6,Allegheny,Demarest,duck,organic,false,0.0
529,418307.322506387,4.6347969356057e6,Fulton,Rockaway,duck,conventional,false,0.0
530,437960.960000125,4.67825705712112e6,Fulton,Logan,duck,conventional,false,0.004
531,433212.120979799,4.65716774437389e6,Fulton,Ocean,duck,conventional,false,0.0
532,448538.678563915,4.67367398886329e6,Allegheny,Cliffside Park,chicken,broiler_2,false,0.012
533,418562.961515432,4.6780144847892e6,Fulton,Secaucus,duck,conventional,false,0.004
534,432180.085948239,4.66909536566819e6,Fulton,Hulmeville,chicken,broiler_2,false,0.01
535,413639.43126205,4.64892001228133e6,Fulton,Trenton,chicken,broiler_2,false,0.01
536,424662.759044907,4.65758631401561e6,Fulton,Ocean,duck,conventional,false,0.004
537,451338.550357467,4.67455340358209e6,Allegheny,Cliffside Park,chicken,layer,false,0.004
538,407507.159387067,4.65084608778652e6,Fulton,Trenton,duck,conventional,false,0.002
539,443349.763916761,4.66803650434754e6,Allegheny,Aberdeen,duck,conventional,false,0.004
540,433617.84706058,4.64601948731012e6,Fulton,Harding,chicken,broiler_2,false,0.008
541,449660.28186252,4.67430020854455e6,Allegheny,Cliffside Park,duck,conventional,false,0.0
542,416680.754001712,4.65017727456385e6,Fulton,Clifton,duck,conventional,false,0.002
543,426302.329186276,4.65815652611597e6,Fulton,Hawthorne,chicken,broiler_2,false,0.01
544,431203.496622619,4.66275042053741e6,Fulton,Ocean,chicken,broiler_2,false,0.006
545,421863.43456405,4.65547277591824e6,Fulton,Hawthorne,duck,conventional,false,0.002
546,451833.654122155,4.67602830599996e6,Allegheny,Cliffside Park,duck,organic,false,0.006
547,453839.645377657,4.6743056423047e6,Allegheny,Cliffside Park,chicken,broiler_2,false,0.006
548,412935.28513042,4.64469206443848e6,Fulton,Trenton,duck,conventional,false,0.002
549,440122.361051879,4.64454131614041e6,Allegheny,Rockleigh,chicken,broiler_1,false,0.004
550,434250.482141932,4.639343021845e6,Fulton,Harding,duck,conventional,false,0.002
551,429137.087231906,4.64450198853103e6,Fulton,Dublin,chicken,broiler_2,false,0.008
552,407743.15266691,4.65396863340381e6,Fulton,Pleasantville,duck,conventional,false,0.004
553,439527.361302303,4.66305892478633e6,Allegheny,Demarest,duck,organic,false,0.0
554,428220.711222832,4.66080552815346e6,Fulton,Ocean,duck,organic,false,0.004
555,421492.823813303,4.65991165536578e6,Fulton,Clifton,chicken,broiler_2,false,0.004
556,424607.522068652,4.65055847962951e6,Fulton,Hawthorne,duck,conventional,false,0.002
557,425564.00945436,4.64492606487145e6,Fulton,Dublin,duck,conventional,false,0.0
558,419722.623094888,4.65295596757331e6,Fulton,Clifton,duck,conventional,false,0.004
559,438322.668028545,4.67079032027443e6,Fulton,Logan,duck,conventional,false,0.0
560,434626.414923809,4.66682505884147e6,Fulton,Hulmeville,duck,conventional,false,0.0
561,445113.141949074,4.66722803139705e6,Allegheny,Aberdeen,duck,conventional,false,0.004
562,429656.093522609,4.67145394112599e6,Fulton,Logan,duck,conventional,false,0.002
563,443315.444751167,4.65967099755281e6,Allegheny,Demarest,chicken,layer,false,0.002
564,430408.906736962,4.66775835546101e6,Fulton,Newfield,duck,organic,false,0.004
565,425344.94154018,4.65994193195525e6,Fulton,Ocean,duck,conventional,false,0.002
566,426908.216290899,4.67071288893582e6,Fulton,Newfield,duck,conventional,false,0.004
567,417769.415725938,4.66222296373847e6,Fulton,Hightstown,duck,conventional,false,0.004
568,419611.757651617,4.66551525035216e6,Fulton,Newfield,chicken,broiler_2,false,0.012
569,413932.808960988,4.64557242026986e6,Fulton,Trenton,chicken,broiler_2,false,0.004
570,425558.815352243,4.6502172828478e6,Fulton,Hawthorne,chicken,broiler_2,false,0.016
571,412647.660591228,4.66739306358994e6,Fulton,Washington,chicken,broiler_2,false,0.008
572,426122.307753479,4.67597727543503e6,Fulton,Secaucus,chicken,broiler_2,false,0.008
573,409692.406307268,4.64591007449008e6,Fulton,Trenton,chicken,broiler_2,false,0.01
574,432238.225625931,4.64366551750629e6,Fulton,Harding,chicken,broiler_1,false,0.01
575,452251.212159172,4.67254827942031e6,Allegheny,Cliffside Park,duck,conventional,false,0.0
576,452346.474324718,4.67751854529172e6,Allegheny,Guttenberg,duck,organic,false,0.0
577,435200.358973718,4.67829463520057e6,Fulton,Logan,chicken,broiler_1,false,0.006
578,418220.15933141,4.63985431031908e6,Fulton,Providence,duck,conventional,false,0.002
579,425859.528087286,4.65990805367394e6,Fulton,Ocean,duck,conventional,false,0.004
580,431600.994252566,4.65668695102373e6,Fulton,Ocean,duck,conventional,false,0.002
581,413378.783236494,4.64082548922534e6,Fulton,Trenton,chicken,broiler_2,false,0.008
582,451903.967216141,4.67186211268162e6,Allegheny,Cliffside Park,chicken,broiler_2,false,0.014
583,436120.918506658,4.67325213297344e6,Fulton,Logan,chicken,broiler_2,false,0.012
584,422008.785388505,4.67359860519977e6,Fulton,Secaucus,chicken,broiler_2,false,0.004
585,432652.103944743,4.67828990737663e6,Fulton,Logan,duck,organic,false,0.0
586,447753.819501371,4.68198307889857e6,Allegheny,Guttenberg,chicken,broiler_2,false,0.006
587,410604.350563126,4.6578993477326e6,Fulton,Pleasantville,duck,conventional,false,0.002
588,425654.606027649,4.66737522264039e6,Fulton,Newfield,duck,conventional,false,0.002
589,423105.894729084,4.6541418205947e6,Fulton,Hawthorne,chicken,layer,false,0.012
590,446132.969862523,4.65869573836127e6,Allegheny,Demarest,duck,conventional,false,0.002
591,441851.001756434,4.65663860823762e6,Allegheny,Demarest,duck,conventional,false,0.0
592,414738.477601023,4.65603763234136e6,Fulton,Hightstown,chicken,broiler_2,false,0.01
593,415142.559616165,4.68033756077521e6,Fulton,Secaucus,duck,conventional,false,0.0
594,436868.61871278,4.65143790236066e6,Allegheny,Demarest,duck,conventional,false,0.0
595,427485.684925941,4.67071042873853e6,Fulton,Newfield,duck,organic,false,0.002
596,420746.457388497,4.63691715239149e6,Fulton,Providence,duck,conventional,false,0.0
597,412062.433279302,4.65242054468891e6,Fulton,Pleasantville,chicken,broiler_1,false,0.014
598,421321.819783562,4.66999937217303e6,Fulton,Newfield,chicken,broiler_1,false,0.006
599,420157.196637286,4.67794326580577e6,Fulton,Secaucus,chicken,broiler_2,false,0.0
600,441227.98473397,4.65414011502955e6,Allegheny,Demarest,chicken,broiler_2,false,0.006
601,454264.992629697,4.67023020834368e6,Allegheny,Cliffside Park,chicken,broiler_2,false,0.008
602,430712.730137115,4.67649841820556e6,Fulton,Logan,duck,conventional,false,0.004
603,434258.715621859,4.66294694317887e6,Fulton,Hulmeville,duck,organic,false,0.0
604,438324.009685355,4.64113918531998e6,Allegheny,Rockleigh,chicken,broiler_2,false,0.01
605,437011.121941198,4.65986268243202e6,Allegheny,Demarest,chicken,layer,false,0.004
606,429694.411690412,4.64605876041706e6,Fulton,Dublin,duck,organic,false,0.002
607,431522.789638033,4.65270937731868e6,Fulton,Hawthorne,chicken,broiler_2,false,0.014
608,436164.875118058,4.64678603963189e6,Fulton,Harding,duck,conventional,false,0.002
609,443759.183229781,4.66018994296985e6,Allegheny,Demarest,chicken,broiler_2,false,0.006
610,429592.859561563,4.65732597590697e6,Fulton,Ocean,duck,conventional,false,0.004
611,439367.152917054,4.67468385940843e6,Fulton,Logan,chicken,broiler_2,false,0.004
612,424318.093489861,4.64799009887278e6,Fulton,Linwood,duck,conventional,false,0.006
613,413147.539170135,4.6531298956625e6,Fulton,Pleasantville,duck,conventional,false,0.004
614,445976.766697664,4.65514501614904e6,Allegheny,Demarest,duck,conventional,false,0.002
615,410288.138252296,4.6436642702205e6,Fulton,Trenton,chicken,broiler_2,false,0.01
616,453342.12793695,4.67466928839245e6,Allegheny,Cliffside Park,duck,conventional,false,0.002
617,417052.715111942,4.66835553627151e6,Fulton,Roselle,chicken,broiler_2,false,0.004
618,445085.138262792,4.67051477195736e6,Allegheny,Aberdeen,duck,conventional,false,0.002
619,425293.143829234,4.67603136038357e6,Fulton,Secaucus,duck,conventional,false,0.0
620,434502.284595519,4.67172318664922e6,Fulton,Hulmeville,duck,conventional,false,0.002
621,422216.845996055,4.67604951611753e6,Fulton,Secaucus,chicken,broiler_1,false,0.012
622,411293.38066435,4.64712971756013e6,Fulton,Trenton,chicken,broiler_2,false,0.004
623,436368.31213712,4.6630280797316e6,Fulton,Hulmeville,duck,organic,false,0.0
624,434400.825400199,4.64433386848479e6,Fulton,Harding,duck,conventional,false,0.0
625,428808.840568765,4.65567266032436e6,Fulton,Ocean,duck,conventional,false,0.006
626,444249.74707435,4.67522174129844e6,Allegheny,Guttenberg,duck,conventional,false,0.002
627,430927.289630883,4.67838889290371e6,Fulton,Logan,duck,conventional,false,0.002
628,431547.669934251,4.67320501605354e6,Fulton,Logan,duck,conventional,false,0.0
629,427760.469723509,4.64065545855227e6,Fulton,Dublin,duck,organic,false,0.0
630,437484.027415046,4.65491391023252e6,Allegheny,Demarest,chicken,broiler_2,false,0.012
631,444344.885240562,4.68098354120972e6,Allegheny,Guttenberg,duck,conventional,false,0.004
632,409192.375569577,4.65201472321067e6,Fulton,Pleasantville,chicken,broiler_2,false,0.006
633,429211.945167447,4.67370259528533e6,Fulton,Logan,chicken,broiler_1,false,0.002
634,434693.477683254,4.644264433491e6,Fulton,Harding,duck,organic,false,0.004
635,421296.155681821,4.67168594608455e6,Fulton,Roselle,duck,conventional,false,0.002
636,434960.708364691,4.65812427260182e6,Fulton,Ocean,chicken,broiler_2,false,0.002
637,429628.141384613,4.65005977917335e6,Fulton,Harding,duck,conventional,false,0.002
638,439226.756839366,4.67409736997481e6,Fulton,Logan,duck,conventional,false,0.002
639,414281.511277984,4.66904839649029e6,Fulton,Roselle,duck,conventional,false,0.0
640,436663.298209312,4.66712332594309e6,Allegheny,Aberdeen,chicken,broiler_1,false,0.002
641,414517.894947808,4.66636528931856e6,Fulton,Roselle,chicken,broiler_2,false,0.01
642,429429.147353225,4.67729332959169e6,Fulton,Logan,chicken,broiler_2,false,0.016
643,428924.618296955,4.65611281730752e6,Fulton,Ocean,chicken,layer,false,0.004
644,407310.328855777,4.66288010160582e6,Fulton,Hightstown,duck,conventional,false,0.002
645,409024.304011687,4.66170553238812e6,Fulton,Hightstown,duck,conventional,false,0.002
646,418446.425517478,4.67467140952319e6,Fulton,Secaucus,chicken,broiler_2,false,0.008
647,450376.062153043,4.68269072824366e6,Allegheny,Guttenberg,duck,organic,false,0.0
648,409769.455358907,4.65368863517067e6,Fulton,Pleasantville,chicken,broiler_1,false,0.014
649,431692.985313585,4.65588742473536e6,Fulton,Ocean,duck,conventional,false,0.002
650,434887.350414867,4.64861981010681e6,Fulton,Harding,duck,conventional,false,0.008
651,431435.34520581,4.64278330314155e6,Fulton,Harding,duck,conventional,false,0.0
652,413494.772318224,4.65786376165042e6,Fulton,Hightstown,chicken,broiler_2,false,0.006
653,420167.720238248,4.66776498042074e6,Fulton,Roselle,duck,conventional,false,0.0
654,422685.635511473,4.64800228791333e6,Fulton,Linwood,duck,organic,false,0.002
655,442535.517140068,4.6429312124233e6,Allegheny,Rockleigh,chicken,layer,false,0.044
656,416984.23070957,4.64345437654012e6,Fulton,Linwood,duck,conventional,false,0.002
657,425003.392157555,4.66910446850657e6,Fulton,Newfield,chicken,broiler_1,false,0.0
658,438371.501880707,4.63941323690871e6,Allegheny,Rockleigh,duck,conventional,false,0.0
659,445105.876295657,4.6549920381726e6,Allegheny,Demarest,duck,conventional,false,0.0
660,413490.84593615,4.64440016293548e6,Fulton,Trenton,chicken,broiler_2,false,0.008
661,410582.437409974,4.66310500316751e6,Fulton,Washington,duck,conventional,false,0.0
662,452978.35002124,4.67467456730327e6,Allegheny,Cliffside Park,chicken,broiler_2,false,0.014
663,416393.818308125,4.64970111361718e6,Fulton,Linwood,duck,conventional,false,0.002
664,446772.250209701,4.67669947454012e6,Allegheny,Guttenberg,duck,conventional,false,0.002
665,447204.39973009,4.66734701554334e6,Allegheny,Aberdeen,duck,conventional,false,0.0
666,444225.3051192,4.6639144183675e6,Allegheny,Aberdeen,chicken,broiler_2,false,0.002
667,436788.063050824,4.66183307543908e6,Allegheny,Demarest,chicken,broiler_2,false,0.006
668,432199.462008064,4.64856516739195e6,Fulton,Harding,duck,organic,false,0.002
669,441425.507466902,4.64990942174975e6,Allegheny,Rockleigh,duck,organic,false,0.0
670,425887.574201058,4.6445922858299e6,Fulton,Dublin,duck,conventional,false,0.0
671,415780.684199408,4.64265510979409e6,Fulton,Trenton,chicken,broiler_2,false,0.006
672,456054.256452258,4.67172513430954e6,Allegheny,Cliffside Park,duck,conventional,false,0.004
673,421318.105516952,4.67421242116616e6,Fulton,Secaucus,duck,conventional,false,0.004
674,429532.787071478,4.6498329824847e6,Fulton,Harding,duck,conventional,false,0.004
675,431388.412598537,4.65187745671385e6,Fulton,Harding,duck,organic,false,0.002
676,436195.568179491,4.65259097831001e6,Allegheny,Demarest,chicken,broiler_1,false,0.002
677,447304.539499076,4.68069574069443e6,Allegheny,Guttenberg,duck,organic,false,0.0
678,414635.702284472,4.68236639734969e6,Fulton,Secaucus,duck,conventional,false,0.002
679,432770.138415596,4.67105910166904e6,Fulton,Hulmeville,duck,conventional,false,0.0
680,430151.938594278,4.65123763513745e6,Fulton,Harding,duck,conventional,false,0.004
681,421932.961642503,4.6775231763866e6,Fulton,Secaucus,duck,conventional,false,0.002
682,431576.372651052,4.66353029275089e6,Fulton,Hulmeville,duck,conventional,false,0.0
683,425497.956164492,4.63610032631138e6,Fulton,Providence,chicken,broiler_2,false,0.012
684,424502.739000653,4.63698618787829e6,Fulton,Providence,chicken,broiler_1,false,0.008
685,446117.471516172,4.68150200578411e6,Allegheny,Guttenberg,chicken,broiler_2,false,0.014
686,444472.070635183,4.65738940668339e6,Allegheny,Demarest,chicken,broiler_2,false,0.006
687,422396.691264066,4.65342064567289e6,Fulton,Hawthorne,chicken,broiler_2,false,0.008
688,413732.922953609,4.65572053851622e6,Fulton,Hightstown,duck,organic,false,0.002
689,426078.216181744,4.6625501874819e6,Fulton,Newfield,duck,organic,false,0.002
690,411911.922856034,4.66383737472327e6,Fulton,Washington,chicken,broiler_1,false,0.008
691,440747.265525774,4.65744950091123e6,Allegheny,Demarest,duck,conventional,false,0.002
692,410466.167018264,4.65201561718396e6,Fulton,Pleasantville,chicken,broiler_2,false,0.008
693,439960.756683967,4.64600698799428e6,Allegheny,Rockleigh,chicken,broiler_2,false,0.002
694,423366.449354299,4.64671291365757e6,Fulton,Linwood,duck,conventional,false,0.0
695,419015.042333776,4.64173923536488e6,Fulton,Linwood,chicken,broiler_2,false,0.006
696,445266.803795199,4.66585827486403e6,Allegheny,Aberdeen,chicken,broiler_1,false,0.004
697,417257.58080493,4.68050997860093e6,Fulton,Secaucus,duck,organic,false,0.002
698,419309.850080125,4.67839497383531e6,Fulton,Secaucus,duck,conventional,false,0.006
699,443669.623704515,4.6762400112968e6,Allegheny,Guttenberg,chicken,layer,false,0.002
700,410829.602237959,4.6490479707932e6,Fulton,Trenton,chicken,broiler_2,false,0.01
701,421042.684454566,4.65052765212716e6,Fulton,Linwood,duck,conventional,false,0.004
702,443997.389017994,4.65340428710472e6,Allegheny,Demarest,duck,organic,false,0.002
703,421786.65525903,4.64235114086568e6,Fulton,Providence,duck,conventional,false,0.0
704,412964.921554309,4.64580351283595e6,Fulton,Trenton,chicken,broiler_2,false,0.01
705,423402.23132428,4.6644764987286e6,Fulton,Newfield,duck,conventional,false,0.0
706,441443.653541946,4.66280118927376e6,Allegheny,Aberdeen,chicken,broiler_2,false,0.0
707,450387.384351497,4.67085434959949e6,Allegheny,Cliffside Park,duck,conventional,false,0.002
708,415772.704320002,4.65935275474553e6,Fulton,Hightstown,duck,conventional,false,0.01
709,451161.029455706,4.67626094994763e6,Allegheny,Cliffside Park,duck,organic,false,0.0
710,419126.834860384,4.64084111551701e6,Fulton,Providence,chicken,broiler_1,false,0.006
711,423529.805931898,4.66388493605702e6,Fulton,Newfield,chicken,broiler_2,false,0.008
712,434056.152328752,4.65574997836314e6,Fulton,Ocean,chicken,broiler_2,false,0.004
713,412265.656129853,4.65291579669813e6,Fulton,Pleasantville,chicken,layer,false,0.01
714,425113.701969777,4.6612952503224e6,Fulton,Ocean,duck,conventional,false,0.002
715,440079.724864588,4.67534293614421e6,Fulton,Logan,duck,organic,false,0.0
716,436458.471340674,4.65986745630713e6,Allegheny,Demarest,chicken,broiler_2,false,0.008
717,441482.62276217,4.66227224485442e6,Allegheny,Aberdeen,duck,organic,false,0.004
718,431266.955911677,4.66352190695166e6,Fulton,Hulmeville,duck,conventional,false,0.004
719,418229.395699063,4.67711665663048e6,Fulton,Secaucus,duck,conventional,false,0.004
720,429548.380712182,4.66544609199713e6,Fulton,Newfield,duck,conventional,false,0.0
721,408032.683871984,4.66126001306289e6,Fulton,Hightstown,duck,conventional,false,0.004
722,435678.547169908,4.64687692966365e6,Fulton,Harding,duck,organic,false,0.0
723,428352.408827567,4.66147052955763e6,Fulton,Ocean,duck,conventional,false,0.0
724,419235.689207441,4.66933679739695e6,Fulton,Roselle,chicken,broiler_2,false,0.006
725,440641.873718923,4.67941943949038e6,Fulton,Logan,duck,conventional,false,0.004
726,455167.087294319,4.67883090427793e6,Allegheny,Guttenberg,duck,conventional,false,0.0
727,434567.967628097,4.65869179757406e6,Fulton,Ocean,chicken,broiler_1,false,0.006
728,420919.29139524,4.65355076660442e6,Fulton,Clifton,duck,organic,false,0.0
729,418519.61116364,4.6750450528055e6,Fulton,Secaucus,duck,conventional,false,0.0
730,419984.137091882,4.64539503149085e6,Fulton,Linwood,chicken,broiler_2,false,0.008
731,419786.932413013,4.66359147874708e6,Fulton,Newfield,chicken,broiler_2,false,0.004
732,422551.510446548,4.67297219745987e6,Fulton,Newfield,duck,organic,false,0.002
733,454084.836393274,4.67640217003384e6,Allegheny,Cliffside Park,duck,conventional,false,0.002
734,452084.596453894,4.67932526374058e6,Allegheny,Guttenberg,duck,conventional,false,0.004
735,423790.71686534,4.66592567110592e6,Fulton,Newfield,duck,organic,false,0.0
736,412689.781245726,4.66348880173941e6,Fulton,Washington,duck,organic,false,0.004
737,410833.693048955,4.66280309233412e6,Fulton,Hightstown,chicken,broiler_1,false,0.01
738,441632.991107553,4.64605812391115e6,Allegheny,Rockleigh,duck,conventional,false,0.01
739,429585.386064134,4.66320404948278e6,Fulton,Hulmeville,duck,organic,false,0.004
740,446427.378305403,4.67924132294237e6,Allegheny,Guttenberg,chicken,broiler_2,false,0.014
741,436714.864676688,4.67549370653406e6,Fulton,Logan,chicken,broiler_2,false,0.018
742,435498.878733663,4.66786135373907e6,Fulton,Hulmeville,duck,conventional,false,0.002
743,418224.983141646,4.64166761503077e6,Fulton,Linwood,duck,conventional,false,0.002
744,432290.130232084,4.64921881434093e6,Fulton,Harding,chicken,layer,false,0.012
745,419895.454321259,4.65313832554979e6,Fulton,Clifton,duck,organic,false,0.0
746,439987.761285499,4.67338561128456e6,Fulton,Logan,duck,conventional,false,0.0
747,422799.34513359,4.65543320636749e6,Fulton,Hawthorne,chicken,broiler_2,false,0.004
748,414856.325346985,4.64585626611232e6,Fulton,Trenton,duck,conventional,false,0.002
749,448291.539385043,4.67300970006206e6,Allegheny,Cliffside Park,chicken,broiler_1,false,0.006
750,426313.400358875,4.68097491993563e6,Fulton,Secaucus,chicken,broiler_2,false,0.006
751,423800.3854503,4.66281249200494e6,Fulton,Newfield,chicken,broiler_2,false,0.012
752,432348.206812837,4.65877972171423e6,Fulton,Ocean,duck,conventional,false,0.0
753,418133.576410345,4.65156327538766e6,Fulton,Clifton,chicken,broiler_1,false,0.004
754,450739.155851817,4.67031402602452e6,Allegheny,Cliffside Park,duck,conventional,false,0.0
755,417529.656575422,4.64929958593454e6,Fulton,Linwood,chicken,broiler_2,false,0.008
756,407762.173818438,4.65427221759329e6,Fulton,Pleasantville,duck,conventional,false,0.0
757,453412.801486838,4.67855472133746e6,Allegheny,Guttenberg,chicken,layer,false,0.008
758,428225.109538241,4.66514312426385e6,Fulton,Newfield,chicken,broiler_2,false,0.014
759,416545.973532049,4.6555444291882e6,Fulton,Clifton,duck,organic,false,0.002
760,418184.198320111,4.6564197001641e6,Fulton,Clifton,duck,organic,false,0.006
761,435537.943250069,4.67340334021865e6,Fulton,Logan,duck,conventional,false,0.002
762,452929.983326378,4.66827433833542e6,Allegheny,Cliffside Park,duck,conventional,false,0.0
763,406980.440482326,4.66423433066271e6,Fulton,Washington,chicken,broiler_1,false,0.008
764,408507.037737443,4.64509851240904e6,Fulton,Trenton,duck,conventional,false,0.0
765,414239.924285654,4.64396639252324e6,Fulton,Trenton,chicken,broiler_2,false,0.004
766,439273.207002237,4.67092144949843e6,Fulton,Logan,chicken,broiler_2,false,0.0
767,410525.169533346,4.66249518212385e6,Fulton,Hightstown,duck,conventional,false,0.002
768,441727.977532584,4.6535444426637e6,Allegheny,Demarest,duck,conventional,false,0.002
769,412261.679222992,4.66359167710111e6,Fulton,Washington,chicken,broiler_1,false,0.014
770,450127.89641125,4.67144651328502e6,Allegheny,Cliffside Park,chicken,broiler_2,false,0.004
771,408638.082464525,4.64826383893416e6,Fulton,Trenton,chicken,broiler_1,false,0.012
772,414410.99117821,4.66939375406473e6,Fulton,Roselle,duck,conventional,false,0.0
773,416459.489243622,4.63667054648978e6,Fulton,Rockaway,duck,conventional,false,0.002
774,438432.25102408,4.64503217041324e6,Allegheny,Rockleigh,duck,conventional,false,0.004
775,418394.378657333,4.64395243458121e6,Fulton,Linwood,duck,conventional,false,0.002
776,439501.667479042,4.65480710694132e6,Allegheny,Demarest,chicken,broiler_2,false,0.002
777,431295.642545653,4.66605318125892e6,Fulton,Hulmeville,duck,conventional,false,0.006
778,421812.029702603,4.67996369082733e6,Fulton,Secaucus,duck,conventional,false,0.0
779,436931.537034655,4.65226451339607e6,Allegheny,Demarest,duck,conventional,false,0.0
780,431804.08206477,4.67139317410856e6,Fulton,Hulmeville,duck,organic,false,0.002
781,414973.960111765,4.64395318185256e6,Fulton,Trenton,chicken,broiler_2,false,0.008
782,421443.47601249,4.67891770319195e6,Fulton,Secaucus,duck,conventional,false,0.002
783,429852.462407389,4.66407481227976e6,Fulton,Hulmeville,duck,conventional,false,0.0
784,417388.852319483,4.64433398864848e6,Fulton,Linwood,duck,conventional,false,0.002
785,439259.46672988,4.67332586042225e6,Fulton,Logan,chicken,broiler_2,false,0.01
786,453228.942717498,4.66731812636877e6,Allegheny,Cliffside Park,chicken,broiler_2,false,0.01
787,426103.965068329,4.66051851004466e6,Fulton,Ocean,chicken,broiler_2,false,0.006
788,442536.901219078,4.67234859705997e6,Allegheny,Aberdeen,duck,conventional,false,0.002
789,410172.800928978,4.66619177817107e6,Fulton,Washington,chicken,broiler_2,false,0.008
790,445779.457513066,4.67562811189343e6,Allegheny,Cliffside Park,chicken,broiler_2,false,0.014
791,437420.569832511,4.66644911671426e6,Allegheny,Aberdeen,duck,conventional,false,0.0
792,430975.410783772,4.64959188838045e6,Fulton,Harding,duck,conventional,false,0.002
793,442747.011179934,4.66895149628218e6,Allegheny,Aberdeen,duck,conventional,false,0.0
794,414374.648882482,4.64248770262568e6,Fulton,Trenton,duck,conventional,false,0.004
795,436831.844958844,4.64663709632505e6,Allegheny,Rockleigh,duck,conventional,false,0.002
796,447163.310441799,4.67584220504048e6,Allegheny,Guttenberg,chicken,broiler_2,false,0.006
797,424131.151581475,4.68128634004526e6,Fulton,Secaucus,duck,conventional,false,0.002
798,432151.347234441,4.67582668041e6,Fulton,Logan,duck,organic,false,0.002
799,430073.291896958,4.67310941653551e6,Fulton,Logan,duck,organic,false,0.002
800,446424.948614979,4.66517996547751e6,Allegheny,Aberdeen,chicken,broiler_2,false,0.004
801,426059.571639259,4.66117156351765e6,Fulton,Ocean,duck,conventional,false,0.004
802,415321.98800619,4.68077472444982e6,Fulton,Secaucus,chicken,broiler_2,false,0.014
803,440060.449427781,4.67361696661133e6,Fulton,Logan,duck,conventional,false,0.002
804,429014.106820228,4.66202370810632e6,Fulton,Ocean,duck,conventional,false,0.0
805,413402.608188927,4.66386144536437e6,Fulton,Hightstown,duck,organic,false,0.002
806,417500.58591675,4.64411912022084e6,Fulton,Linwood,duck,conventional,false,0.002
807,424313.308078269,4.67431352544961e6,Fulton,Secaucus,duck,conventional,false,0.002
808,411048.056871234,4.65184612475144e6,Fulton,Pleasantville,chicken,broiler_2,false,0.004
809,418010.748798684,4.67833042766714e6,Fulton,Secaucus,chicken,broiler_2,false,0.004
810,425211.372889844,4.63381445480237e6,Fulton,Providence,chicken,layer,false,0.0
811,405409.525159978,4.66541863818631e6,Fulton,Washington,chicken,broiler_1,false,0.01
812,432758.871286749,4.6660097855865e6,Fulton,Hulmeville,chicken,broiler_1,false,0.01
813,434430.96530503,4.66956722085933e6,Fulton,Hulmeville,duck,organic,false,0.004
814,415743.779511466,4.63562372987263e6,Fulton,Rockaway,duck,conventional,false,0.0
815,431756.902288645,4.64217484680206e6,Fulton,Harding,duck,conventional,false,0.004
816,420821.255062763,4.67971972241194e6,Fulton,Secaucus,duck,conventional,false,0.004
817,416642.264113025,4.66603271628014e6,Fulton,Washington,duck,conventional,false,0.002
818,414522.560108894,4.6530427429041e6,Fulton,Pleasantville,duck,organic,false,0.002
819,444535.744228563,4.67081425379252e6,Allegheny,Aberdeen,duck,conventional,false,0.002
820,408503.920242051,4.66258030168979e6,Fulton,Hightstown,duck,conventional,false,0.0
821,441736.430487855,4.66406911049826e6,Allegheny,Aberdeen,duck,conventional,false,0.0
822,420274.814287181,4.67910564935581e6,Fulton,Secaucus,duck,organic,false,0.002
823,414056.564371873,4.67060075879581e6,Fulton,Roselle,chicken,broiler_2,false,0.01
824,432283.724872452,4.66764000260239e6,Fulton,Hulmeville,duck,conventional,false,0.002
825,439333.778930362,4.67120382351222e6,Fulton,Logan,duck,organic,false,0.004
826,439680.588351502,4.65177730252766e6,Allegheny,Demarest,duck,conventional,false,0.002
827,438076.428147507,4.67736030764202e6,Fulton,Logan,chicken,broiler_2,false,0.002
828,453159.05457148,4.66819473545566e6,Allegheny,Cliffside Park,chicken,layer,false,0.012
829,407860.411607121,4.66684329735604e6,Fulton,Washington,chicken,layer,false,0.008
830,426104.517450926,4.6694412256954e6,Fulton,Newfield,duck,conventional,false,0.002
831,439828.718942344,4.67933470368417e6,Fulton,Logan,duck,conventional,false,0.002
832,421972.383288561,4.63390217314137e6,Fulton,Rockaway,duck,conventional,false,0.0
833,430593.489285395,4.67714450637134e6,Fulton,Logan,duck,conventional,false,0.002
834,426198.089054491,4.65087805783753e6,Fulton,Hawthorne,duck,conventional,false,0.0
835,419717.507327179,4.65895502772579e6,Fulton,Clifton,chicken,layer,false,0.01
836,425336.321500856,4.67017988296399e6,Fulton,Newfield,duck,conventional,false,0.002
837,428701.007768579,4.65419324340765e6,Fulton,Hawthorne,chicken,broiler_1,false,0.004
838,413821.675232757,4.66684869123514e6,Fulton,Roselle,chicken,layer,false,0.004
839,427528.144447116,4.64690685868851e6,Fulton,Dublin,duck,conventional,false,0.004
840,446182.162094305,4.66902943564195e6,Allegheny,Aberdeen,duck,organic,false,0.0
841,427012.999797201,4.67469707708193e6,Fulton,Secaucus,duck,organic,false,0.0
842,425761.341075653,4.6597571957969e6,Fulton,Ocean,chicken,broiler_2,false,0.002
843,446012.76931184,4.6654533847086e6,Allegheny,Aberdeen,duck,conventional,false,0.0
844,427301.339322863,4.66531538898364e6,Fulton,Newfield,chicken,broiler_2,false,0.006
845,418010.101421445,4.64001641213419e6,Fulton,Providence,duck,conventional,false,0.0
846,427157.088212278,4.65840719271351e6,Fulton,Hawthorne,chicken,broiler_1,false,0.01
847,414524.552241427,4.65180032496434e6,Fulton,Pleasantville,duck,conventional,false,0.004
848,414515.636628726,4.65779722831961e6,Fulton,Hightstown,chicken,broiler_1,false,0.008
849,438637.785125444,4.64916743647494e6,Allegheny,Rockleigh,chicken,broiler_2,false,0.004
850,424161.347898273,4.6746764903134e6,Fulton,Secaucus,chicken,broiler_2,false,0.006
851,447627.922536845,4.66391474140442e6,Allegheny,Aberdeen,chicken,broiler_1,false,0.002
852,452783.477727895,4.67706929646794e6,Allegheny,Cliffside Park,chicken,broiler_2,false,0.008
853,436513.979685819,4.67834273830921e6,Fulton,Logan,duck,conventional,false,0.002
854,434835.466484496,4.6700995314386e6,Fulton,Hulmeville,duck,organic,false,0.0
855,427810.843363323,4.67114910012582e6,Fulton,Newfield,chicken,broiler_1,false,0.008
856,437932.246938856,4.67899889396936e6,Fulton,Logan,chicken,broiler_2,false,0.002
857,449552.053851881,4.67508262357996e6,Allegheny,Cliffside Park,chicken,broiler_2,false,0.018
858,437201.314083461,4.66428159800743e6,Fulton,Hulmeville,chicken,broiler_1,false,0.004
859,419158.745497888,4.64931327696279e6,Fulton,Linwood,duck,conventional,false,0.0
860,415201.10635244,4.65588101926962e6,Fulton,Hightstown,chicken,broiler_1,false,0.008
861,411774.831841823,4.64830564306094e6,Fulton,Trenton,chicken,broiler_2,false,0.012
862,442986.170472642,4.6593985427079e6,Allegheny,Demarest,duck,conventional,false,0.002
863,418715.601353229,4.67070689866731e6,Fulton,Roselle,duck,conventional,false,0.002
864,420013.397354291,4.66156461038931e6,Fulton,Clifton,duck,conventional,false,0.002
865,449111.666299891,4.67826192420256e6,Allegheny,Guttenberg,chicken,broiler_2,false,0.012
866,414448.78709467,4.67008706262854e6,Fulton,Roselle,duck,conventional,false,0.002
867,431586.99500201,4.6768371683848e6,Fulton,Logan,chicken,broiler_2,false,0.006
868,441406.190858559,4.66128308063774e6,Allegheny,Aberdeen,duck,conventional,false,0.002
869,426523.251333609,4.64916281447127e6,Fulton,Hawthorne,duck,conventional,false,0.006
870,408109.096254819,4.65530850806569e6,Fulton,Pleasantville,chicken,broiler_1,false,0.008
871,445997.630047777,4.66090145468331e6,Allegheny,Aberdeen,duck,conventional,false,0.0
872,428514.566793171,4.64504343522291e6,Fulton,Dublin,duck,conventional,false,0.0
873,417956.615063552,4.65386452485681e6,Fulton,Clifton,chicken,broiler_2,false,0.004
874,439473.370442583,4.66965104685416e6,Allegheny,Aberdeen,duck,organic,false,0.006
875,406649.82739098,4.66547344235705e6,Fulton,Washington,duck,conventional,false,0.004
876,410615.9866925,4.66228441775067e6,Fulton,Hightstown,chicken,broiler_1,false,0.006
877,443554.310083523,4.67059672147814e6,Allegheny,Aberdeen,chicken,broiler_2,false,0.0
878,421929.035492524,4.67287445785227e6,Fulton,Roselle,duck,conventional,false,0.0
879,410538.212189289,4.65803613804628e6,Fulton,Pleasantville,duck,organic,false,0.0
880,426562.755625797,4.65072435350788e6,Fulton,Hawthorne,duck,conventional,false,0.002
881,423914.955746231,4.66706217232401e6,Fulton,Newfield,duck,conventional,false,0.0
882,453637.29533614,4.6821016173202e6,Allegheny,Guttenberg,duck,conventional,false,0.0
883,434963.612081925,4.6487046000119e6,Allegheny,Rockleigh,duck,conventional,false,0.0
884,426048.083716399,4.67238711187103e6,Fulton,Secaucus,chicken,broiler_2,false,0.01
885,412740.556272503,4.64634009487936e6,Fulton,Trenton,duck,conventional,false,0.0
886,416242.056982391,4.66245771911548e6,Fulton,Hightstown,chicken,broiler_2,false,0.012
887,415074.293644591,4.65477937453387e6,Fulton,Pleasantville,chicken,broiler_1,false,0.002
888,426380.178971376,4.64056645145759e6,Fulton,Providence,duck,conventional,false,0.002
889,439120.13583521,4.65960433423343e6,Allegheny,Demarest,chicken,broiler_2,false,0.004
890,416797.754981227,4.65564826863771e6,Fulton,Clifton,chicken,broiler_2,false,0.01
891,418902.977327195,4.67660207675907e6,Fulton,Secaucus,chicken,broiler_2,false,0.004
892,429359.54195409,4.66418603553625e6,Fulton,Hulmeville,duck,conventional,false,0.004
893,429321.767628631,4.67112346268112e6,Fulton,Logan,duck,organic,false,0.002
894,410016.556952843,4.6681087798361e6,Fulton,Washington,duck,organic,false,0.0
895,424984.352284214,4.65197269123537e6,Fulton,Hawthorne,chicken,broiler_2,false,0.004
896,447834.02723542,4.67823067148761e6,Allegheny,Guttenberg,duck,conventional,false,0.0
897,412165.882045943,4.64048527598391e6,Fulton,Trenton,chicken,broiler_1,false,0.006
898,419516.200479856,4.67985737720864e6,Fulton,Secaucus,duck,conventional,false,0.002
899,414260.836242984,4.67100372703619e6,Fulton,Roselle,duck,conventional,false,0.0
900,424739.102216808,4.6707568628492e6,Fulton,Newfield,duck,conventional,false,0.0
901,435646.896971243,4.67258627816678e6,Fulton,Logan,duck,organic,false,0.004
902,451215.668008123,4.67885912639483e6,Allegheny,Guttenberg,chicken,broiler_1,false,0.006
903,420426.253908649,4.63561333772651e6,Fulton,Rockaway,chicken,broiler_1,false,0.006
904,419037.816242865,4.65241167705235e6,Fulton,Clifton,chicken,broiler_2,false,0.002
905,432809.722472168,4.66982085155856e6,Fulton,Hulmeville,duck,conventional,false,0.0
906,443899.015865757,4.67125731448814e6,Allegheny,Aberdeen,chicken,broiler_2,false,0.016
907,419957.063252806,4.64136033516632e6,Fulton,Linwood,duck,conventional,false,0.004
908,427216.503593421,4.6677991308387e6,Fulton,Newfield,chicken,broiler_2,false,0.01
909,448857.770583722,4.66120867944235e6,Allegheny,Demarest,chicken,broiler_1,false,0.002
910,427182.89914873,4.67851727982204e6,Fulton,Secaucus,duck,conventional,false,0.002
911,446726.267041463,4.66842611042421e6,Allegheny,Aberdeen,duck,conventional,false,0.002
912,440919.75145273,4.66791112697272e6,Allegheny,Aberdeen,duck,conventional,false,0.002
913,409872.663220468,4.64785608552218e6,Fulton,Trenton,duck,organic,false,0.004
914,412059.277096392,4.66896840870107e6,Fulton,Roselle,chicken,broiler_1,false,0.012
915,411653.624147887,4.65545656630235e6,Fulton,Pleasantville,chicken,broiler_1,false,0.008
916,433862.34377766,4.67760244338303e6,Fulton,Logan,chicken,layer,false,0.008
917,430310.212325068,4.66529519089442e6,Fulton,Newfield,chicken,broiler_2,false,0.004
918,431697.302823017,4.67564449172111e6,Fulton,Logan,duck,conventional,false,0.0
919,432663.791399039,4.64223847609927e6,Fulton,Harding,duck,conventional,false,0.002
920,425503.245602995,4.6409931997e6,Fulton,Dublin,duck,conventional,false,0.002
921,451787.345663143,4.6787140470386e6,Allegheny,Guttenberg,chicken,broiler_2,false,0.01
922,419167.956941721,4.64274480438194e6,Fulton,Linwood,chicken,broiler_2,false,0.006
923,452881.009277016,4.6768107536893e6,Allegheny,Cliffside Park,chicken,broiler_1,false,0.012
924,419362.811697865,4.64718599275981e6,Fulton,Linwood,chicken,broiler_1,false,0.01
925,443143.313237929,4.66588820670083e6,Allegheny,Aberdeen,chicken,layer,false,0.01
926,418352.184227918,4.65782189820444e6,Fulton,Clifton,duck,conventional,false,0.0
927,427097.911517182,4.67300917350305e6,Fulton,Secaucus,duck,conventional,false,0.004
928,435474.237506407,4.64803451771859e6,Fulton,Harding,chicken,broiler_1,false,0.01
929,417137.665824166,4.65454062677133e6,Fulton,Clifton,duck,organic,false,0.002
930,411079.206364878,4.6671004153864e6,Fulton,Washington,chicken,broiler_1,false,0.006
931,424488.547034865,4.63407315308238e6,Fulton,Providence,duck,conventional,false,0.002
932,440811.413918676,4.67574767262046e6,Allegheny,Guttenberg,chicken,layer,false,0.01
933,411370.850129768,4.66303182810687e6,Fulton,Washington,chicken,layer,false,0.002
934,438736.592933352,4.64621196135077e6,Allegheny,Rockleigh,duck,conventional,false,0.004
935,422438.353482309,4.64993882432752e6,Fulton,Linwood,chicken,layer,false,0.016
936,426921.152447977,4.64016075237102e6,Fulton,Dublin,duck,conventional,false,0.002
937,418118.080736885,4.64713601650822e6,Fulton,Linwood,duck,conventional,false,0.002
938,420894.157299223,4.64463208342526e6,Fulton,Linwood,duck,organic,false,0.004
939,411045.382103325,4.66301537171749e6,Fulton,Washington,duck,conventional,false,0.002
940,410409.679511997,4.66323934634556e6,Fulton,Washington,duck,conventional,false,0.0
941,446231.087562258,4.66955401974078e6,Allegheny,Aberdeen,duck,organic,false,0.0
942,451987.932062247,4.67292234807207e6,Allegheny,Cliffside Park,duck,conventional,false,0.0
943,430016.902908966,4.67421312155644e6,Fulton,Logan,duck,conventional,false,0.002
944,421470.181535542,4.6556866392339e6,Fulton,Hawthorne,duck,conventional,false,0.002
945,411125.756870462,4.64661671709444e6,Fulton,Trenton,duck,organic,false,0.004
946,441576.336997741,4.64236804919778e6,Allegheny,Rockleigh,duck,organic,false,0.006
947,454905.68291951,4.67990665807283e6,Allegheny,Guttenberg,chicken,broiler_1,false,0.012
948,447886.125870859,4.65952783387391e6,Allegheny,Demarest,chicken,broiler_2,false,0.004
949,411470.956489528,4.63924200941904e6,Fulton,Trenton,chicken,broiler_1,false,0.01
950,434420.590526458,4.66208434734151e6,Fulton,Hulmeville,chicken,broiler_2,false,0.006
951,423042.301484371,4.68191180364313e6,Fulton,Secaucus,duck,organic,false,0.004
952,439912.673550948,4.65816097789942e6,Allegheny,Demarest,chicken,broiler_2,true,0.0
953,447986.718208926,4.66683132103365e6,Allegheny,Aberdeen,duck,conventional,false,0.004
954,427508.400534513,4.67383165176702e6,Fulton,Logan,duck,conventional,false,0.008
955,443156.207101102,4.66030401816657e6,Allegheny,Demarest,duck,conventional,false,0.002
956,421935.242112213,4.63537041485877e6,Fulton,Rockaway,duck,conventional,false,0.002
957,419159.756491741,4.65688968747823e6,Fulton,Clifton,chicken,broiler_1,false,0.006
958,431243.430852969,4.65834350197937e6,Fulton,Ocean,chicken,broiler_1,false,0.004
959,449699.356108063,4.67265739649262e6,Allegheny,Cliffside Park,chicken,broiler_1,false,0.008
960,422847.089461729,4.67003977101359e6,Fulton,Newfield,duck,conventional,false,0.002
961,420337.926153964,4.64036882239453e6,Fulton,Providence,duck,conventional,false,0.002
962,450519.727233521,4.66619176265775e6,Allegheny,Cliffside Park,chicken,broiler_2,false,0.018
963,439987.415131848,4.64579992213731e6,Allegheny,Rockleigh,duck,organic,false,0.0
964,436629.059536952,4.67803531524617e6,Fulton,Logan,duck,conventional,false,0.0
965,430229.018259003,4.64110199675992e6,Fulton,Dublin,duck,conventional,false,0.006
966,430756.749314671,4.67014706528907e6,Fulton,Hulmeville,chicken,broiler_2,false,0.004
967,440073.863701103,4.66000080603359e6,Allegheny,Demarest,chicken,broiler_2,false,0.004
968,439873.197080056,4.6790744916956e6,Fulton,Logan,chicken,broiler_1,false,0.006
969,418578.660076849,4.6764866883598e6,Fulton,Secaucus,duck,organic,false,0.0
970,424382.382176316,4.65978174521053e6,Fulton,Ocean,duck,conventional,false,0.0
971,418677.625133618,4.67450925379752e6,Fulton,Secaucus,duck,conventional,false,0.002
972,432907.159439904,4.6790988839466e6,Fulton,Logan,duck,conventional,false,0.002
973,432422.440148523,4.66407237400769e6,Fulton,Hulmeville,chicken,broiler_1,false,0.004
974,409006.547525719,4.65852261417184e6,Fulton,Pleasantville,chicken,broiler_1,false,0.008
975,422421.720393138,4.64662725238554e6,Fulton,Linwood,chicken,broiler_2,false,0.0
976,433678.295720037,4.64171229956299e6,Fulton,Harding,chicken,broiler_2,false,0.008
977,430610.019205766,4.64193344235985e6,Fulton,Harding,chicken,broiler_2,false,0.008
978,435863.274421693,4.64615670476925e6,Fulton,Harding,duck,conventional,false,0.004
979,454285.982601756,4.68186952141228e6,Allegheny,Guttenberg,chicken,broiler_2,false,0.002
980,414336.271470244,4.64789528194599e6,Fulton,Trenton,duck,conventional,false,0.002
981,437631.268534806,4.66322318845909e6,Allegheny,Demarest,duck,conventional,false,0.002
982,437010.603894453,4.66694171320269e6,Allegheny,Aberdeen,chicken,broiler_1,false,0.006
983,440857.83106155,4.65633696527145e6,Allegheny,Demarest,duck,conventional,false,0.0
984,409838.867136598,4.66860651307388e6,Fulton,Washington,duck,conventional,false,0.002
985,424009.313639153,4.67754217750731e6,Fulton,Secaucus,chicken,broiler_2,false,0.012
986,420252.512618577,4.64825805353414e6,Fulton,Linwood,chicken,broiler_2,false,0.008
987,446240.577169668,4.65523021053257e6,Allegheny,Demarest,duck,conventional,false,0.002
988,430589.009996503,4.67146888916088e6,Fulton,Logan,duck,conventional,false,0.002
989,451732.057655142,4.67369695527109e6,Allegheny,Cliffside Park,duck,conventional,false,0.002
990,447614.70363518,4.67972226674732e6,Allegheny,Guttenberg,chicken,broiler_2,false,0.01
991,411405.23824224,4.66032564780056e6,Fulton,Hightstown,duck,conventional,false,0.0
992,438016.546514116,4.66215562330176e6,Allegheny,Demarest,duck,conventional,false,0.002
993,418315.741074044,4.63597220894513e6,Fulton,Rockaway,duck,conventional,false,0.004
994,438597.674551957,4.65118353747549e6,Allegheny,Rockleigh,duck,organic,false,0.0
995,438868.235871344,4.66700301548331e6,Allegheny,Aberdeen,duck,conventional,false,0.0
996,421622.229067134,4.67922938331622e6,Fulton,Secaucus,chicken,broiler_1,false,0.012
997,411872.041401452,4.65892885220508e6,Fulton,Hightstown,duck,conventional,false,0.002
998,450257.313112306,4.66939054749645e6,Allegheny,Cliffside Park,duck,organic,false,0.0
999,418437.070346351,4.66627918676547e6,Fulton,Newfield,chicken,broiler_1,false,0.01
1000,422728.210110772,4.64045084471829e6,Fulton,Providence,duck,organic,false,0.004
1001,420507.534723514,4.6481757910151e6,Fulton,Linwood,chicken,broiler_2,false,0.008
1002,428888.682983573,4.67454158058236e6,Fulton,Logan,chicken,broiler_2,false,0.01
1003,404637.55252065,4.65658887782119e6,Fulton,Pleasantville,chicken,broiler_2,false,0.008
1004,418902.73206315,4.67924308602507e6,Fulton,Secaucus,duck,conventional,false,0.0
1005,434945.518984136,4.66111816177492e6,Fulton,Hulmeville,duck,conventional,false,0.0
1006,408144.674661387,4.66159813019535e6,Fulton,Hightstown,duck,conventional,false,0.0
1007,440603.400765462,4.64937343157016e6,Allegheny,Rockleigh,duck,conventional,false,0.0
1008,426571.356512937,4.676448034444e6,Fulton,Secaucus,chicken,broiler_1,false,0.014
1009,444862.812409912,4.6771396950788e6,Allegheny,Guttenberg,duck,organic,false,0.0
1010,452818.475366477,4.68091053019508e6,Allegheny,Guttenberg,duck,organic,false,0.0
1011,438836.174707402,4.67901945893223e6,Fulton,Logan,duck,conventional,false,0.004
1012,410043.434695385,4.66307884339703e6,Fulton,Hightstown,chicken,broiler_2,false,0.01
1013,433078.529220388,4.6476165460353e6,Fulton,Harding,duck,conventional,false,0.004
1014,417190.072252425,4.65559105119669e6,Fulton,Clifton,duck,conventional,false,0.002
1015,426676.849728451,4.67842895215931e6,Fulton,Secaucus,chicken,broiler_1,false,0.006
1016,417332.044197395,4.64373326564182e6,Fulton,Linwood,duck,conventional,false,0.002
1017,436799.409826634,4.66841086440499e6,Fulton,Hulmeville,duck,conventional,false,0.002
1018,433904.364712098,4.65791881122105e6,Fulton,Ocean,duck,conventional,false,0.002
1019,415119.505455303,4.63861592959212e6,Fulton,Rockaway,chicken,broiler_1,false,0.01
1020,408870.147969795,4.64795158647392e6,Fulton,Trenton,chicken,broiler_2,false,0.006
1021,433637.411045308,4.64427428960869e6,Fulton,Harding,duck,conventional,false,0.002
1022,447468.385407696,4.67955816909131e6,Allegheny,Guttenberg,duck,conventional,false,0.0
1023,424620.052632014,4.6796366406402e6,Fulton,Secaucus,duck,conventional,false,0.0
1024,451022.06585448,4.67477742709289e6,Allegheny,Cliffside Park,chicken,broiler_2,false,0.01
1025,412511.089254774,4.65050311811028e6,Fulton,Pleasantville,duck,conventional,false,0.0
1026,451989.868852582,4.66899971433571e6,Allegheny,Cliffside Park,duck,conventional,false,0.002
1027,420547.58349011,4.67339555087114e6,Fulton,Secaucus,chicken,broiler_2,false,0.002
1028,448998.888786556,4.66902744853493e6,Allegheny,Aberdeen,chicken,layer,false,0.012
1029,425028.387232682,4.64991386031951e6,Fulton,Hawthorne,duck,organic,false,0.004
1030,426800.636685525,4.64569173773202e6,Fulton,Dublin,chicken,broiler_1,false,0.01
1031,438464.30150963,4.64964016075744e6,Allegheny,Rockleigh,chicken,broiler_2,false,0.006
1032,423827.007849225,4.66490431696444e6,Fulton,Newfield,duck,conventional,false,0.002
1033,447038.841905328,4.68161280537805e6,Allegheny,Guttenberg,duck,conventional,false,0.004
1034,441901.575358567,4.65166363578114e6,Allegheny,Demarest,chicken,broiler_2,false,0.006
1035,432811.799318347,4.66903989657824e6,Fulton,Hulmeville,duck,conventional,false,0.0
1036,421383.635184694,4.64732285799554e6,Fulton,Linwood,chicken,layer,false,0.002
1037,431055.017263006,4.67665063037966e6,Fulton,Logan,duck,conventional,false,0.0
1038,406746.690301191,4.6649924749083e6,Fulton,Washington,chicken,broiler_1,false,0.012
1039,416573.232621038,4.63415911161264e6,Fulton,Rockaway,duck,conventional,false,0.004
1040,435308.554943609,4.64364935544373e6,Fulton,Harding,chicken,broiler_2,false,0.006
1041,432631.158925832,4.64595338734626e6,Fulton,Harding,duck,conventional,false,0.006
1042,450379.047148341,4.68237201196273e6,Allegheny,Guttenberg,duck,conventional,false,0.0
1043,411593.259391274,4.65958337094447e6,Fulton,Hightstown,duck,conventional,false,0.006
1044,447438.766795413,4.66845408238644e6,Allegheny,Aberdeen,chicken,broiler_2,false,0.012
1045,417777.44937741,4.64817648457049e6,Fulton,Linwood,duck,conventional,false,0.002
1046,432567.844071684,4.67331894523386e6,Fulton,Logan,duck,conventional,false,0.004
1047,411315.826906617,4.66709562601041e6,Fulton,Washington,duck,conventional,false,0.0
1048,417154.781868783,4.64571288708845e6,Fulton,Trenton,duck,conventional,false,0.0
1049,432625.537916819,4.67726331083407e6,Fulton,Logan,chicken,broiler_2,false,0.008
1050,428497.688194833,4.67130684561618e6,Fulton,Secaucus,chicken,broiler_2,false,0.006
1051,433427.405167889,4.66161469260887e6,Fulton,Ocean,duck,conventional,false,0.0
1052,422644.402545584,4.64544505538994e6,Fulton,Linwood,chicken,broiler_1,false,0.006
1053,410829.443567071,4.64624509262285e6,Fulton,Trenton,chicken,broiler_1,false,0.012
1054,439734.043478071,4.64166865001667e6,Allegheny,Rockleigh,duck,conventional,false,0.002
1055,409325.09081606,4.66094909506688e6,Fulton,Hightstown,duck,conventional,false,0.002
1056,443487.696594459,4.65663901296069e6,Allegheny,Demarest,chicken,layer,false,0.004
1057,449244.635293122,4.67709504800244e6,Allegheny,Guttenberg,chicken,broiler_2,false,0.008
1058,404377.310609558,4.66464206370832e6,Fulton,Washington,chicken,broiler_1,false,0.018
1059,447909.047494091,4.67087619623667e6,Allegheny,Cliffside Park,chicken,broiler_1,false,0.008
1060,416368.897992501,4.65733234244506e6,Fulton,Hightstown,duck,conventional,false,0.0
1061,416732.501138257,4.65404979967957e6,Fulton,Clifton,duck,organic,false,0.002
1062,435551.681380675,4.64768184974103e6,Fulton,Harding,chicken,broiler_1,false,0.012
1063,422166.705369353,4.66331297782018e6,Fulton,Newfield,duck,conventional,false,0.004
1064,413276.409540668,4.6562672751725e6,Fulton,Hightstown,chicken,layer,false,0.002
1065,416667.572130635,4.65330170495838e6,Fulton,Clifton,chicken,broiler_1,false,0.006
1066,445183.902995394,4.67237525967079e6,Allegheny,Cliffside Park,duck,organic,false,0.0
1067,410338.849185568,4.65080756716196e6,Fulton,Pleasantville,duck,conventional,false,0.004
1068,445651.798075098,4.65830470240917e6,Allegheny,Demarest,duck,conventional,false,0.002
1069,418051.707277713,4.66892434504327e6,Fulton,Roselle,duck,conventional,false,0.0
1070,437516.277492113,4.64144122942285e6,Fulton,Harding,duck,conventional,false,0.002
1071,446204.511146275,4.65588349031564e6,Allegheny,Demarest,duck,organic,false,0.0
1072,411252.787401651,4.65167190071736e6,Fulton,Pleasantville,chicken,broiler_2,false,0.004
1073,417555.709502799,4.6682089664819e6,Fulton,Roselle,duck,organic,false,0.004
1074,422444.694927643,4.6817711868322e6,Fulton,Secaucus,chicken,layer,false,0.018
1075,415821.035948585,4.63506609916804e6,Fulton,Rockaway,chicken,broiler_2,false,0.008
1076,430431.825696441,4.66681553284963e6,Fulton,Newfield,chicken,layer,false,0.014
1077,413141.838742835,4.64514880347521e6,Fulton,Trenton,chicken,broiler_2,false,0.008
1078,415968.778091398,4.64295953969317e6,Fulton,Trenton,duck,conventional,false,0.006
1079,431258.488597527,4.6445570159707e6,Fulton,Harding,chicken,broiler_2,false,0.008
1080,423768.834970593,4.67616498766716e6,Fulton,Secaucus,chicken,broiler_2,false,0.006
1081,432689.222730366,4.66260531760881e6,Fulton,Ocean,duck,organic,false,0.002
1082,413571.333660021,4.64973168931627e6,Fulton,Trenton,duck,conventional,false,0.0
1083,443540.647836223,4.66789241129011e6,Allegheny,Aberdeen,chicken,layer,false,0.006
1084,431788.410717638,4.64827560023814e6,Fulton,Harding,duck,conventional,false,0.0
1085,448859.678673774,4.670942150917e6,Allegheny,Cliffside Park,duck,conventional,false,0.002
1086,420051.704826639,4.68015729006487e6,Fulton,Secaucus,chicken,broiler_2,false,0.008
1087,421468.523478882,4.63814833796903e6,Fulton,Providence,chicken,layer,false,0.016
1088,425720.676909031,4.66452446268186e6,Fulton,Newfield,chicken,broiler_2,false,0.0
1089,423937.596365794,4.65392920118543e6,Fulton,Hawthorne,duck,conventional,false,0.006
1090,418896.45732076,4.66019621134734e6,Fulton,Clifton,duck,organic,false,0.002
1091,433023.098612366,4.66740407398416e6,Fulton,Hulmeville,duck,conventional,false,0.0
1092,430766.367495951,4.66247720152122e6,Fulton,Ocean,duck,conventional,false,0.0
1093,419366.56165956,4.63723253683191e6,Fulton,Rockaway,chicken,broiler_2,false,0.01
1094,423570.943014076,4.64615587151728e6,Fulton,Linwood,chicken,broiler_2,false,0.01
1095,417598.746193547,4.64771937969329e6,Fulton,Linwood,chicken,layer,false,0.01
1096,419945.288645044,4.68037577443142e6,Fulton,Secaucus,chicken,broiler_2,false,0.01
1097,434127.837691564,4.64031369152948e6,Fulton,Harding,duck,conventional,false,0.004
1098,412162.074732477,4.65153281569663e6,Fulton,Pleasantville,duck,conventional,false,0.002
1099,417584.766703878,4.64975500853305e6,Fulton,Clifton,chicken,broiler_1,false,0.006
1100,403850.463581531,4.66451555214631e6,Fulton,Washington,chicken,layer,false,0.002
1101,431343.742961972,4.65015628374196e6,Fulton,Harding,duck,conventional,false,0.002
1102,441713.751402082,4.66717656896681e6,Allegheny,Aberdeen,duck,conventional,false,0.002
1103,454365.869817219,4.68691297170561e6,Indiana,Lakewood,duck,organic,false,0.004
1104,455173.851306974,4.68586319042998e6,Indiana,Lakewood,duck,conventional,false,0.002
1105,450821.248740545,4.64580238114365e6,Allegheny,Princeton,chicken,broiler_2,false,0.038
1106,464065.342603794,4.66278145867216e6,Allegheny,Orange,duck,conventional,false,0.0
1107,455376.681481646,4.67415965617844e6,Allegheny,Toms River,duck,conventional,false,0.0
1108,439910.433686819,4.69122197073742e6,Lancaster,Alloways Creek,duck,organic,false,0.002
1109,408189.203967772,4.63521360160025e6,Blair,Walpack,duck,conventional,false,0.0
1110,459546.92147782,4.68708611264798e6,Allegheny,Leonia,duck,conventional,false,0.014
1111,396011.393800896,4.65384604887745e6,Blair,Woodbury Heights,duck,organic,false,0.0
1112,406608.49018194,4.62781570942406e6,Fulton,Amboy,duck,organic,false,0.002
1113,393031.603051251,4.65787256460077e6,Blair,New Britain,chicken,broiler_1,false,0.006
1114,407848.408278391,4.62463515137216e6,Fulton,Sparta,duck,conventional,false,0.0
1115,463495.065932255,4.65883915849633e6,Allegheny,Orange,duck,conventional,false,0.012
1116,443281.405017965,4.68735585760061e6,Lancaster,Rockledge,duck,conventional,false,0.0
1117,457030.420781088,4.68540447337306e6,Allegheny,Leonia,duck,conventional,false,0.0
1118,411178.858325085,4.68327128258486e6,Lancaster,Tuckerton,duck,organic,false,0.002
1119,431663.723843193,4.69197518624127e6,Lancaster,Union Beach,chicken,broiler_1,false,0.012
1120,463032.540343869,4.6804529403921e6,Allegheny,Leonia,duck,conventional,false,0.008
1121,408592.546788761,4.66865529821212e6,Fulton,Mountain Lakes,duck,conventional,false,0.002
1122,455993.489301424,4.69241148278742e6,Indiana,Nockamixon,duck,conventional,false,0.01
1123,450944.958491772,4.66058851815816e6,Allegheny,Marion,chicken,broiler_2,false,0.012
1124,454454.253062308,4.68799779339262e6,Indiana,Lakewood,duck,conventional,false,0.01
1125,457756.676881706,4.65192687484625e6,Allegheny,Burlington,chicken,broiler_2,false,0.026
1126,461384.887542593,4.68395621342389e6,Allegheny,Leonia,duck,organic,false,0.002
1127,427671.947057145,4.6280775710075e6,Fulton,Gloucester City,chicken,layer,false,0.008
1128,432125.682808729,4.68286370055344e6,Lancaster,Lansdale,chicken,broiler_1,false,0.004
1129,466397.697443682,4.68449715492402e6,Indiana,Wharton,duck,organic,false,0.0
1130,404231.597087898,4.68760462493082e6,Lancaster,Tuckerton,chicken,broiler_2,false,0.014
1131,451335.547083043,4.68364314632251e6,Lancaster,Branchville,chicken,broiler_2,false,0.002
1132,460061.20964871,4.67550211703217e6,Allegheny,Toms River,chicken,layer,false,0.056
1133,401081.406571073,4.63624454730124e6,Blair,Walpack,chicken,broiler_1,false,0.008
1134,408814.345872574,4.65102368887535e6,Blair,Quinton,duck,organic,false,0.002
1135,435712.698459237,4.63732810546616e6,Allegheny,Orange Village,duck,conventional,false,0.0
1136,440794.83863461,4.6820112419766e6,Lancaster,Mantua,chicken,broiler_2,false,0.006
1137,447931.496546698,4.65548702582136e6,Allegheny,Durham,chicken,broiler_1,false,0.006
1138,409074.976984713,4.62747764611119e6,Fulton,Amboy,duck,conventional,false,0.004
1139,461677.403742229,4.67327203337592e6,Allegheny,Toms River,chicken,broiler_2,false,0.008
1140,401624.673879094,4.64667842325575e6,Blair,Quinton,chicken,layer,false,0.008
1141,436411.070019101,4.63787277979206e6,Allegheny,Orange Village,duck,conventional,false,0.0
1142,462464.606934591,4.67017686149634e6,Allegheny,Long Hill,duck,organic,false,0.002
1143,443547.688415756,4.62810911191607e6,Susquehanna,Cranford,duck,organic,false,0.006
1144,410509.929062342,4.62590741012767e6,Fulton,Amboy,chicken,broiler_2,false,0.006
1145,413302.971770653,4.68807513315602e6,Lancaster,Far Hills,chicken,broiler_2,false,0.01
1146,400303.228169315,4.64027612487392e6,Blair,Walpack,chicken,broiler_2,false,0.01
1147,438390.13343231,4.69172818679268e6,Lancaster,Alloways Creek,duck,conventional,false,0.0
1148,402292.004154057,4.67453358430374e6,Blair,Jefferson,duck,organic,false,0.004
1149,406749.58835225,4.63384036796103e6,Blair,Walpack,duck,conventional,false,0.004
1150,450496.689413169,4.64284931008982e6,Allegheny,Princeton,chicken,layer,false,0.034
1151,412851.678627668,4.67402002213658e6,Fulton,Rochelle Park,duck,conventional,false,0.012
1152,406924.527771672,4.68319556632607e6,Lancaster,Tuckerton,duck,organic,false,0.0
1153,398197.143525167,4.67586084209253e6,Blair,Jefferson,chicken,broiler_2,false,0.016
1154,449561.418718535,4.64526018038819e6,Allegheny,Princeton,chicken,layer,false,0.052
1155,454025.012749269,4.64878248413641e6,Allegheny,Durham,duck,conventional,false,0.004
1156,418280.809163884,4.63030761547699e6,Fulton,Lincoln Park,duck,organic,false,0.0
1157,403320.916920389,4.64281688098255e6,Blair,Quinton,chicken,broiler_1,false,0.002
1158,457247.782066408,4.6567982106118e6,Allegheny,Marion,duck,conventional,false,0.008
1159,416614.450286006,4.67449410873504e6,Fulton,Hilltown,chicken,broiler_1,false,0.006
1160,451193.081058506,4.68927903732788e6,Lancaster,Branchville,duck,conventional,false,0.002
1161,392731.762820214,4.65762118177761e6,Blair,New Britain,duck,conventional,false,0.0
1162,461367.05840381,4.68176713977397e6,Allegheny,Leonia,duck,conventional,false,0.004
1163,450590.494208278,4.64913365830824e6,Allegheny,Durham,chicken,broiler_2,false,0.022
1164,400888.55224213,4.65933570663819e6,Blair,New Britain,chicken,broiler_2,false,0.008
1165,403378.512564041,4.65231710193927e6,Blair,Quinton,duck,conventional,false,0.0
1166,447366.292174676,4.64622811785892e6,Allegheny,Princeton,duck,conventional,false,0.008
1167,402870.85860568,4.68211999943725e6,Blair,Branchburg,chicken,broiler_2,false,0.006
1168,450359.501330785,4.65365900594901e6,Allegheny,Burlington,chicken,broiler_2,false,0.038
1169,459277.210703987,4.671335852524e6,Allegheny,Long Hill,chicken,broiler_1,false,0.01
1170,416065.792727059,4.62985407968747e6,Fulton,Alpha,chicken,broiler_1,false,0.012
1171,456253.661192253,4.66250264518602e6,Allegheny,Marion,chicken,broiler_2,false,0.008
1172,448707.248622963,4.66687565073445e6,Allegheny,Marion,chicken,broiler_2,false,0.01
1173,399400.017759574,4.64921904293622e6,Blair,Quinton,chicken,broiler_1,false,0.012
1174,415822.722631357,4.63432811475005e6,Fulton,Alpha,duck,organic,false,0.002
1175,461100.223123056,4.68977436239305e6,Indiana,Lakewood,chicken,broiler_1,false,0.012
1176,450955.701649897,4.65867783011257e6,Allegheny,Marion,duck,conventional,false,0.004
1177,422116.763319571,4.68463578020615e6,Lancaster,Lansdale,duck,conventional,false,0.004
1178,428274.215579257,4.6807274090827e6,Lancaster,Lansdale,chicken,broiler_1,false,0.01
1179,433590.743115061,4.68908596108943e6,Lancaster,Union Beach,duck,conventional,false,0.006
1180,408021.151973828,4.6293417692146e6,Fulton,Amboy,chicken,broiler_1,false,0.004
1181,425934.372032979,4.6296716712948e6,Fulton,Gloucester City,duck,organic,false,0.002
1182,400010.007183542,4.67162753553151e6,Blair,Jefferson,duck,conventional,false,0.002
1183,405505.666237235,4.67545158194783e6,Blair,Branchburg,chicken,layer,false,0.01
1184,414136.756856774,4.62038157314629e6,Fulton,Delaware,chicken,broiler_2,false,0.012
1185,441034.492111988,4.63953188118232e6,Allegheny,Orange Village,duck,conventional,false,0.014
1186,412403.742410766,4.63316988631817e6,Fulton,Alpha,chicken,broiler_2,false,0.01
1187,460267.456244271,4.67891385026749e6,Allegheny,Leonia,chicken,broiler_2,false,0.024
1188,448547.725047872,4.65336466037879e6,Allegheny,Durham,duck,conventional,false,0.014
1189,457179.562230376,4.65959522828877e6,Allegheny,Marion,duck,organic,false,0.01
1190,452717.909067899,4.65883689858436e6,Allegheny,Marion,chicken,broiler_2,false,0.01
1191,400788.887740824,4.6733007673849e6,Blair,Jefferson,duck,organic,false,0.0
1192,460903.968015974,4.66031687436437e6,Allegheny,Orange,chicken,broiler_2,false,0.034
1193,448331.07601827,4.65142009205946e6,Allegheny,Durham,duck,conventional,false,0.002
1194,412336.751307456,4.69109470111464e6,Lancaster,Far Hills,duck,conventional,false,0.004
1195,398742.205560048,4.65082487265256e6,Blair,Woodbury Heights,chicken,broiler_2,false,0.012
1196,445750.439887138,4.68906273073476e6,Lancaster,Branchville,chicken,layer,false,0.008
1197,438499.600945126,4.6818660471185e6,Lancaster,Emerson,chicken,broiler_2,false,0.008
1198,406596.858495627,4.6420857216628e6,Blair,Walpack,chicken,layer,false,0.004
1199,410683.184834327,4.62843557560927e6,Fulton,Amboy,duck,conventional,false,0.002
1200,405787.773300531,4.68076914093293e6,Blair,Branchburg,chicken,layer,false,0.012
1201,444732.859348476,4.64600422285691e6,Allegheny,Princeton,chicken,broiler_1,false,0.042
1202,428883.394109309,4.68007614891597e6,Lancaster,Lansdale,duck,conventional,false,0.002
1203,434555.243846948,4.63123970032551e6,Fulton,Chesilhurst,chicken,broiler_1,false,0.014
1204,440280.578252587,4.62904978846751e6,Fulton,Green Lane,duck,conventional,false,0.002
1205,427778.703448916,4.68411071887513e6,Lancaster,Lansdale,duck,organic,false,0.004
1206,417030.579203285,4.6244170901037e6,Fulton,Verona,chicken,broiler_2,false,0.002
1207,456025.543581865,4.68407181164437e6,Allegheny,Leonia,duck,conventional,false,0.006
1208,439558.855296079,4.68508754863097e6,Lancaster,Carneys Point,duck,conventional,false,0.004
1209,401596.724110479,4.66457220282615e6,Blair,Carlstadt,chicken,broiler_2,false,0.004
1210,405912.491286634,4.64949853416031e6,Blair,Quinton,chicken,broiler_2,false,0.004
1211,457506.819755631,4.68051519452857e6,Allegheny,Leonia,duck,conventional,false,0.002
1212,414734.378160707,4.67524044051705e6,Fulton,Hilltown,duck,conventional,false,0.0
1213,393664.593561852,4.66636283881839e6,Blair,Vineland,duck,conventional,false,0.0
1214,452886.081274627,4.64927453002741e6,Allegheny,Burlington,chicken,broiler_2,false,0.04
1215,439107.471207868,4.68752165575997e6,Lancaster,Emerson,chicken,broiler_2,false,0.012
1216,449685.724240803,4.64618622467264e6,Allegheny,Princeton,chicken,broiler_2,false,0.028
1217,429837.221433447,4.6929729739308e6,Lancaster,Raritan,chicken,broiler_2,false,0.006
1218,396549.041383134,4.66759661110695e6,Blair,Vineland,chicken,broiler_2,false,0.018
1219,392955.650171778,4.66439674887775e6,Blair,Denville,duck,conventional,false,0.002
1220,423635.461732017,4.63251885565985e6,Fulton,Lincoln Park,duck,organic,false,0.006
1221,395458.292374749,4.67066426746354e6,Blair,Jefferson,duck,conventional,false,0.0
1222,450169.306896875,4.66760133404449e6,Allegheny,Marion,chicken,broiler_1,false,0.018
1223,411362.232785134,4.68984133292015e6,Lancaster,Far Hills,chicken,broiler_2,false,0.006
1224,448275.747321286,4.68828528451991e6,Lancaster,Branchville,duck,conventional,false,0.0
1225,452271.988619108,4.65754381120366e6,Allegheny,Marion,chicken,broiler_1,false,0.01
1226,409905.041567802,4.67583077397629e6,Fulton,Mountain Lakes,chicken,broiler_2,false,0.006
1227,407876.645516244,4.67055974477732e6,Fulton,Mountain Lakes,chicken,layer,false,0.008
1228,448062.459809253,4.65345456137923e6,Allegheny,Durham,chicken,broiler_1,false,0.014
1229,411672.02045859,4.68916366547251e6,Lancaster,Far Hills,chicken,broiler_1,false,0.002
1230,399186.794605323,4.67173027356402e6,Blair,Jefferson,duck,conventional,false,0.004
1231,407489.802546487,4.63624044894317e6,Blair,Walpack,duck,conventional,false,0.0
1232,409400.723488873,4.66997390227795e6,Fulton,Mountain Lakes,duck,organic,false,0.002
1233,456715.052383776,4.6665006501628e6,Allegheny,Long Hill,duck,conventional,false,0.004
1234,439508.305864746,4.69011658453287e6,Lancaster,Alloways Creek,duck,conventional,false,0.0
1235,430117.753921535,4.68209201615961e6,Lancaster,Lansdale,duck,conventional,false,0.0
1236,409373.908041618,4.67933952673809e6,Fulton,Mountain Lakes,duck,conventional,false,0.004
1237,461542.4065742,4.68795652685661e6,Indiana,Lakewood,duck,organic,false,0.002
1238,411368.586607517,4.62185399670001e6,Fulton,Sparta,chicken,broiler_1,false,0.012
1239,433348.475403258,4.69120050350672e6,Lancaster,Union Beach,duck,conventional,false,0.0
1240,431441.453895503,4.68244850693698e6,Lancaster,Lansdale,duck,conventional,false,0.0
1241,462040.652930372,4.67963021279283e6,Allegheny,Leonia,chicken,broiler_1,false,0.026
1242,414517.289738967,4.67647510833205e6,Fulton,Hilltown,chicken,broiler_2,false,0.01
1243,423007.139137071,4.68853268187802e6,Lancaster,Lansdale,duck,conventional,false,0.0
1244,429040.034463604,4.62523968414668e6,Fulton,Falls,duck,conventional,false,0.002
1245,414738.379248803,4.62374295241157e6,Fulton,Verona,duck,conventional,false,0.006
1246,450549.444168381,4.68890900505592e6,Lancaster,Branchville,duck,conventional,false,0.006
1247,404205.319652969,4.65964460267615e6,Blair,Carlstadt,duck,conventional,false,0.002
1248,401599.143856176,4.67098067454136e6,Blair,Jefferson,duck,conventional,false,0.004
1249,402391.220404892,4.68696121664312e6,Lancaster,Tuckerton,duck,conventional,false,0.0
1250,420265.486873113,4.62612243219433e6,Fulton,Lincoln Park,chicken,broiler_2,false,0.008
1251,436858.564616294,4.68051604743362e6,Lancaster,Emerson,duck,conventional,false,0.0
1252,414950.082897947,4.68482490120973e6,Lancaster,Tuckerton,chicken,layer,false,0.004
1253,403750.861762591,4.63725068041645e6,Blair,Walpack,chicken,broiler_2,false,0.008
1254,403429.700681542,4.6606085260091e6,Blair,Carlstadt,chicken,broiler_2,false,0.004
1255,401175.284537756,4.65215284954241e6,Blair,Quinton,chicken,layer,false,0.006
1256,407668.234756642,4.63789916390113e6,Blair,Walpack,chicken,broiler_2,false,0.016
1257,397679.032566474,4.67572873997154e6,Blair,Jefferson,duck,conventional,false,0.0
1258,462200.940875985,4.67495182008418e6,Allegheny,Toms River,duck,conventional,false,0.006
1259,435786.659748182,4.6315057166078e6,Fulton,Chesilhurst,duck,organic,false,0.0
1260,441955.573265254,4.68157885614794e6,Lancaster,Carneys Point,chicken,broiler_2,false,0.006
1261,405860.444902149,4.68829932438233e6,Lancaster,Kearny,chicken,broiler_1,false,0.006
1262,411675.358520042,4.63630486276963e6,Fulton,Alpha,duck,conventional,false,0.0
1263,453496.530258113,4.64044770415348e6,Allegheny,Union,chicken,layer,false,0.03
1264,442077.432801593,4.68861563010217e6,Lancaster,Alloways Creek,duck,conventional,false,0.004
1265,420864.40786683,4.68484609340226e6,Lancaster,Lansdale,duck,conventional,false,0.004
1266,456748.263772258,4.6638218572118e6,Allegheny,Marion,chicken,broiler_1,false,0.006
1267,414416.280118,4.62599445800675e6,Fulton,Amboy,duck,conventional,false,0.006
1268,454943.228328405,4.67829009675083e6,Allegheny,Toms River,duck,organic,false,0.002
1269,392033.66328783,4.66694394715959e6,Blair,Vineland,duck,conventional,false,0.006
1270,399519.885209178,4.65317366134984e6,Blair,Quinton,duck,conventional,false,0.004
1271,456811.367614253,4.66589955613101e6,Allegheny,Long Hill,duck,conventional,false,0.002
1272,428687.881451594,4.62402304579025e6,Fulton,Mine Hill,duck,conventional,false,0.0
1273,404102.12943691,4.65689139487455e6,Blair,New Britain,chicken,layer,false,0.004
1274,423129.947687003,4.62132081058032e6,Fulton,Mine Hill,chicken,broiler_2,false,0.008
1275,410121.740015095,4.62453421626771e6,Fulton,Amboy,duck,organic,false,0.0
1276,419824.301921691,4.68880373412337e6,Lancaster,Lansdale,duck,organic,false,0.002
1277,434788.182314991,4.63521331116313e6,Fulton,Little Egg Harbor,duck,conventional,false,0.0
1278,459915.491038815,4.65950467310198e6,Allegheny,Marion,chicken,broiler_1,false,0.044
1279,445635.4229162,4.64842593012506e6,Allegheny,Durham,duck,conventional,false,0.006
1280,441188.217144102,4.63098273927968e6,Fulton,Green Lane,duck,conventional,false,0.002
1281,412838.331718,4.62074167699458e6,Fulton,Sparta,duck,conventional,false,0.004
1282,458394.464960018,4.65776096427302e6,Allegheny,Marion,duck,conventional,false,0.006
1283,463313.406640723,4.67281511470004e6,Allegheny,Toms River,duck,conventional,false,0.008
1284,419825.698340081,4.63077165264942e6,Fulton,Lincoln Park,chicken,broiler_2,false,0.006
1285,423457.712018127,4.63006208929046e6,Fulton,Lincoln Park,chicken,broiler_2,false,0.004
1286,427052.315949084,4.63297448591087e6,Fulton,Gloucester City,duck,conventional,false,0.002
1287,421664.281511862,4.69429544100111e6,Lancaster,Far Hills,chicken,broiler_2,false,0.012
1288,429330.818105218,4.69314352536098e6,Lancaster,Raritan,chicken,broiler_2,false,0.014
1289,417104.762118109,4.62890672548756e6,Fulton,Lincoln Park,duck,conventional,false,0.0
1290,410923.427627062,4.67953582065048e6,Fulton,Hilltown,chicken,broiler_2,false,0.01
1291,460861.246066246,4.65780041102339e6,Allegheny,Orange,chicken,broiler_2,false,0.03
1292,403511.249076035,4.65539497802053e6,Blair,New Britain,chicken,broiler_2,false,0.006
1293,431738.864193532,4.62663603827744e6,Fulton,Falls,duck,conventional,false,0.002
1294,462834.924654753,4.6820037918675e6,Allegheny,Leonia,duck,conventional,false,0.012
1295,421900.537251055,4.69311613496747e6,Lancaster,Far Hills,duck,organic,false,0.0
1296,397559.065660231,4.6542564435308e6,Blair,Woodbury Heights,duck,organic,false,0.0
1297,426224.979385747,4.68402957143678e6,Lancaster,Lansdale,chicken,broiler_2,false,0.012
1298,462051.796843055,4.67367272645608e6,Allegheny,Toms River,chicken,broiler_2,false,0.022
1299,397968.530133835,4.64826656935795e6,Blair,Quinton,duck,conventional,false,0.002
1300,420938.356664552,4.62356580529542e6,Fulton,Verona,chicken,layer,false,0.01
1301,427210.042164896,4.63974980979964e6,Fulton,Byram,duck,conventional,false,0.002
1302,407333.6459071,4.65341665855065e6,Blair,New Britain,duck,conventional,false,0.0
1303,450288.459319399,4.66302624226748e6,Allegheny,Marion,duck,conventional,false,0.002
1304,427548.985740591,4.63034859112306e6,Fulton,Gloucester City,chicken,broiler_2,false,0.006
1305,445710.463933225,4.68820464159292e6,Lancaster,Branchville,duck,organic,false,0.002
1306,458640.443965231,4.6501694150017e6,Allegheny,Brigantine,duck,conventional,false,0.004
1307,418688.385952294,4.63769883880978e6,Fulton,Boggs,duck,conventional,false,0.004
1308,402099.553318353,4.66424336847995e6,Blair,Carlstadt,duck,organic,false,0.0
1309,407487.259166106,4.6889756896845e6,Lancaster,Kearny,duck,conventional,false,0.0
1310,429005.409698723,4.69382931289563e6,Lancaster,Raritan,chicken,broiler_1,false,0.006
1311,453580.254453068,4.66087974357934e6,Allegheny,Marion,duck,conventional,false,0.0
1312,411519.465296102,4.63836040177302e6,Fulton,Alpha,duck,conventional,false,0.002
1313,452403.664783418,4.68864270634366e6,Lancaster,Branchville,duck,organic,false,0.006
1314,395214.040306454,4.66759645064322e6,Blair,Vineland,duck,conventional,false,0.002
1315,408523.496371219,4.63775494460303e6,Blair,Walpack,duck,conventional,false,0.0
1316,455224.835973793,4.65249899398763e6,Allegheny,Burlington,chicken,broiler_2,false,0.024
1317,430142.668878983,4.63160182703696e6,Fulton,Gloucester City,chicken,broiler_1,false,0.008
1318,422454.312391568,4.69437580208755e6,Lancaster,Raritan,duck,organic,false,0.0
1319,436011.886807254,4.64016435838262e6,Allegheny,Orange Village,duck,conventional,false,0.004
1320,403483.353295463,4.67334889587078e6,Blair,Jefferson,duck,conventional,false,0.006
1321,433522.014869677,4.63066573879366e6,Fulton,Chesilhurst,chicken,broiler_2,false,0.012
1322,415140.365150528,4.69031628803521e6,Lancaster,Far Hills,duck,conventional,false,0.002
1323,412324.189224963,4.68952366156533e6,Lancaster,Far Hills,chicken,layer,false,0.008
1324,431155.587349958,4.68298714715887e6,Lancaster,Lansdale,chicken,broiler_2,false,0.014
1325,456846.182132921,4.6717848261307e6,Allegheny,Toms River,chicken,broiler_1,false,0.004
1326,427098.281094892,4.63226284921809e6,Fulton,Gloucester City,duck,conventional,false,0.0
1327,461647.18878858,4.66966443321893e6,Allegheny,Long Hill,duck,conventional,false,0.004
1328,423423.298066085,4.68733022717499e6,Lancaster,Lansdale,duck,conventional,false,0.002
1329,461371.257682862,4.66711618716904e6,Allegheny,Long Hill,duck,conventional,false,0.006
1330,454827.242533641,4.68899783051475e6,Indiana,Lakewood,duck,conventional,false,0.0
1331,442291.973875099,4.6363904121619e6,Allegheny,Orange Village,chicken,broiler_2,false,0.026
1332,400671.339896808,4.67140672528982e6,Blair,Jefferson,duck,organic,false,0.0
1333,456402.31505076,4.64728541833036e6,Allegheny,Durham,duck,conventional,false,0.004
1334,466426.590871583,4.6679417468108e6,Allegheny,Long Hill,duck,conventional,false,0.016
1335,407975.817526075,4.66833055850055e6,Fulton,Mountain Lakes,duck,conventional,false,0.008
1336,427810.809749528,4.63581782812104e6,Fulton,Byram,chicken,broiler_2,false,0.008
1337,437369.852990034,4.68570451027814e6,Lancaster,Emerson,duck,conventional,false,0.002
1338,442664.513275822,4.64063974659872e6,Allegheny,Orange Village,duck,conventional,false,0.006
1339,440386.346278722,4.62814230674359e6,Fulton,Green Lane,chicken,broiler_2,false,0.008
1340,437562.671402559,4.62821004445658e6,Fulton,Chesilhurst,chicken,broiler_2,false,0.004
1341,406514.517900535,4.68489401366794e6,Lancaster,Tuckerton,duck,conventional,false,0.002
1342,399429.366304854,4.64772162209766e6,Blair,Quinton,duck,conventional,false,0.004
1343,461385.371803811,4.6705503511948e6,Allegheny,Long Hill,chicken,broiler_2,false,0.012
1344,430016.134039042,4.68122330368774e6,Lancaster,Lansdale,duck,conventional,false,0.004
1345,428144.95708207,4.68918974455864e6,Lancaster,Lansdale,duck,conventional,false,0.0
1346,402959.320194071,4.68785197605607e6,Lancaster,Kearny,chicken,broiler_2,false,0.006
1347,436428.451358701,4.68043441850831e6,Lancaster,Emerson,duck,organic,false,0.002
1348,403706.349823749,4.64999538912575e6,Blair,Quinton,duck,conventional,false,0.0
1349,428469.29843886,4.68077422380422e6,Lancaster,Lansdale,duck,conventional,false,0.0
1350,461415.867556225,4.66241536568181e6,Allegheny,Orange,duck,conventional,false,0.0
1351,459935.129931764,4.65916654438061e6,Allegheny,Marion,duck,conventional,false,0.016
1352,463478.280518152,4.68977574052849e6,Indiana,Lakewood,duck,conventional,false,0.006
1353,458815.63616719,4.65472820870743e6,Allegheny,Oldmans,duck,organic,false,0.006
1354,437337.603883623,4.69129756350867e6,Lancaster,Alloways Creek,chicken,layer,false,0.016
1355,441623.653102065,4.63291011803783e6,Fulton,Chesilhurst,chicken,broiler_2,false,0.036
1356,454437.88838479,4.67509095382745e6,Allegheny,Toms River,duck,conventional,false,0.002
1357,424466.732911322,4.68459438756614e6,Lancaster,Lansdale,duck,conventional,false,0.002
1358,429273.889781458,4.68244002584039e6,Lancaster,Lansdale,duck,conventional,false,0.002
1359,431123.942611447,4.63119040190889e6,Fulton,Chesilhurst,duck,conventional,false,0.0
1360,421949.726890423,4.62965374089079e6,Fulton,Lincoln Park,chicken,broiler_2,false,0.004
1361,428948.122053722,4.68746077197594e6,Lancaster,Lansdale,duck,organic,false,0.0
1362,461695.464100304,4.69073468202252e6,Indiana,Lakewood,duck,conventional,false,0.0
1363,431250.705819878,4.68032038214641e6,Lancaster,Lansdale,duck,organic,false,0.002
1364,420814.858368638,4.62332461133138e6,Fulton,Verona,chicken,broiler_1,false,0.006
1365,426556.727904065,4.62334789839527e6,Fulton,Gloucester City,chicken,broiler_2,false,0.006
1366,405127.764474558,4.67609326229698e6,Blair,Branchburg,chicken,broiler_1,false,0.01
1367,442559.589518959,4.68924906723001e6,Lancaster,Alloways Creek,duck,conventional,false,0.008
1368,407817.292654545,4.63720818234707e6,Blair,Walpack,duck,organic,false,0.002
1369,451623.007489377,4.64077910227889e6,Allegheny,Union,duck,conventional,false,0.01
1370,403498.378918127,4.66873848119248e6,Blair,Carlstadt,duck,organic,false,0.0
1371,421371.798223306,4.68481252861876e6,Lancaster,Lansdale,duck,conventional,false,0.002
1372,419756.371365288,4.68900888520408e6,Lancaster,Lansdale,chicken,layer,false,0.006
1373,437988.512876995,4.63137909506953e6,Fulton,Chesilhurst,chicken,layer,false,0.002
1374,450966.506035215,4.68939322515973e6,Lancaster,Branchville,chicken,broiler_1,false,0.002
1375,408253.575279845,4.67237886283719e6,Fulton,Mountain Lakes,chicken,broiler_2,false,0.004
1376,468104.302249286,4.67259480364212e6,Allegheny,Lacey,chicken,broiler_1,false,0.032
1377,404803.879832745,4.6310867562269e6,Fulton,Amboy,chicken,broiler_2,false,0.006
1378,445909.633714115,4.6838731860619e6,Lancaster,Mantua,duck,conventional,false,0.002
1379,420925.05005943,4.68934871727087e6,Lancaster,Lansdale,duck,conventional,false,0.0
1380,418993.842673894,4.63070591529102e6,Fulton,Lincoln Park,chicken,broiler_2,false,0.0
1381,402738.689467351,4.63612218948061e6,Blair,Walpack,duck,conventional,false,0.002
1382,408689.716698415,4.63517915072692e6,Blair,Walpack,chicken,broiler_2,false,0.01
1383,445028.950387104,4.69133084304043e6,Lancaster,Alloways Creek,duck,conventional,false,0.002
1384,465816.3520759,4.68130830112874e6,Indiana,Wharton,chicken,layer,false,0.026
1385,407754.035654653,4.62975917162692e6,Fulton,Amboy,duck,conventional,false,0.0
1386,400875.416610351,4.66427585429853e6,Blair,Carlstadt,chicken,broiler_1,false,0.01
1387,419607.402830571,4.69104849767567e6,Lancaster,Lansdale,duck,organic,false,0.002
1388,457697.301057182,4.65263056655268e6,Allegheny,Oldmans,chicken,broiler_2,false,0.046
1389,395231.314342879,4.65967557414566e6,Blair,New Britain,duck,conventional,false,0.0
1390,418267.939796729,4.68986465354436e6,Lancaster,Far Hills,duck,conventional,false,0.0
1391,459063.548246658,4.67263189584138e6,Allegheny,Toms River,chicken,broiler_2,false,0.008
1392,408688.67001072,4.639644596852e6,Blair,Walpack,duck,conventional,false,0.0
1393,451283.954767091,4.64431958829362e6,Allegheny,Princeton,duck,conventional,false,0.004
1394,402806.274223678,4.67123641875323e6,Blair,Jefferson,chicken,broiler_2,false,0.006
1395,408292.386082204,4.67947151732838e6,Lancaster,Tuckerton,duck,conventional,false,0.002
1396,396385.334987674,4.66143333107987e6,Blair,Vineland,duck,organic,false,0.002
1397,412605.966389059,4.63057957621549e6,Fulton,Amboy,duck,organic,false,0.0
1398,398177.19783435,4.6724911350481e6,Blair,Jefferson,chicken,broiler_1,false,0.012
1399,465786.078448578,4.66574160076634e6,Allegheny,Long Hill,duck,conventional,false,0.01
1400,403120.302887452,4.65469918712653e6,Blair,New Britain,chicken,broiler_2,false,0.004
1401,419166.021264298,4.63769336253397e6,Fulton,Boggs,duck,organic,false,0.002
1402,426432.77420034,4.63670097089464e6,Fulton,Byram,chicken,broiler_2,false,0.01
1403,441082.667938953,4.6291027222925e6,Fulton,Green Lane,chicken,broiler_2,false,0.01
1404,451683.094386373,4.68566087417935e6,Lancaster,Branchville,duck,conventional,false,0.002
1405,393266.016306098,4.65292036580127e6,Blair,Woodbury Heights,duck,conventional,false,0.004
1406,397699.770348213,4.66546596639137e6,Blair,Vineland,duck,conventional,false,0.002
1407,445497.393790481,4.65247846080882e6,Allegheny,Durham,duck,organic,false,0.002
1408,442066.157083586,4.6441354760848e6,Allegheny,Princeton,duck,conventional,false,0.01
1409,447268.159524447,4.68873941933208e6,Lancaster,Branchville,chicken,broiler_2,false,0.0
1410,458313.43309633,4.69251656260577e6,Indiana,Nockamixon,chicken,broiler_1,false,0.034
1411,405257.192629443,4.68825587819939e6,Lancaster,Kearny,duck,conventional,false,0.0
1412,452414.396694853,4.69365834338941e6,Lancaster,Branchville,duck,conventional,false,0.0
1413,412390.372581741,4.67359356575517e6,Fulton,Mountain Lakes,duck,conventional,false,0.004
1414,453237.957578868,4.64006578058233e6,Allegheny,Union,chicken,broiler_2,false,0.016
1415,421333.316210581,4.62822461603286e6,Fulton,Lincoln Park,chicken,layer,false,0.006
1416,431505.974280348,4.6259012350967e6,Fulton,Falls,chicken,broiler_2,false,0.008
1417,455549.324539452,4.66875498795644e6,Allegheny,Long Hill,duck,conventional,false,0.002
1418,427119.546075839,4.62566070358043e6,Fulton,Gloucester City,duck,organic,false,0.0
1419,400893.718554907,4.65863367402153e6,Blair,New Britain,duck,conventional,false,0.0
1420,453546.574555343,4.64647326726729e6,Allegheny,Durham,duck,organic,false,0.008
1421,448567.811071372,4.64690447895272e6,Allegheny,Durham,chicken,broiler_1,false,0.028
1422,419832.785916312,4.68521053313777e6,Lancaster,Lansdale,chicken,broiler_2,false,0.01
1423,430986.363364893,4.63149842022267e6,Fulton,Chesilhurst,chicken,broiler_1,false,0.004
1424,447971.826337796,4.64525531725858e6,Allegheny,Princeton,chicken,broiler_1,false,0.032
1425,397397.006083318,4.6498677578747e6,Blair,Woodbury Heights,duck,conventional,false,0.0
1426,446630.64568097,4.6415221699471e6,Allegheny,Princeton,duck,conventional,false,0.006
1427,435201.947781055,4.68506290347081e6,Lancaster,Emerson,duck,organic,false,0.004
1428,408305.794778509,4.67796973388073e6,Fulton,Mountain Lakes,duck,organic,false,0.004
1429,451076.713752113,4.63927494845387e6,Allegheny,Union,duck,conventional,false,0.016
1430,449114.93773105,4.63584660221592e6,Susquehanna,Cranford,duck,conventional,false,0.006
1431,456006.524629167,4.66206855853071e6,Allegheny,Marion,chicken,broiler_2,false,0.01
1432,402270.037494184,4.68335985644798e6,Blair,Branchburg,duck,conventional,false,0.002
1433,452805.853124759,4.65473126231905e6,Allegheny,Burlington,chicken,broiler_2,false,0.036
1434,447785.513478487,4.68733760489672e6,Lancaster,Branchville,duck,conventional,false,0.0
1435,443738.074939571,4.68474134889998e6,Lancaster,Rockledge,chicken,broiler_2,false,0.004
1436,454911.024041228,4.69135769263872e6,Lancaster,Branchville,duck,organic,false,0.012
1437,399546.755477202,4.66232023816848e6,Blair,Carlstadt,duck,conventional,false,0.0
1438,452973.885295861,4.69226145412561e6,Lancaster,Branchville,duck,conventional,false,0.008
1439,445985.929965967,4.6463005147533e6,Allegheny,Princeton,chicken,layer,false,0.032
1440,461792.156858003,4.6656746625767e6,Allegheny,Long Hill,duck,organic,false,0.002
1441,430594.340943756,4.68807672424007e6,Lancaster,Lansdale,chicken,layer,false,0.006
1442,434193.484201322,4.68299666696978e6,Lancaster,Emerson,duck,conventional,false,0.004
1443,421736.392739469,4.62936953935244e6,Fulton,Lincoln Park,chicken,broiler_2,false,0.006
1444,451308.955673851,4.6498959151854e6,Allegheny,Durham,duck,conventional,false,0.01
1445,405548.255588684,4.64456426688132e6,Blair,Quinton,duck,conventional,false,0.004
1446,412001.782355212,4.68880695553872e6,Lancaster,Far Hills,chicken,broiler_2,false,0.006
1447,428073.880589713,4.63609155274109e6,Fulton,Byram,duck,conventional,false,0.0
1448,420697.654273824,4.63071609255632e6,Fulton,Lincoln Park,duck,conventional,false,0.0
1449,404952.835366113,4.68126877382609e6,Lancaster,Tuckerton,chicken,broiler_2,false,0.004
1450,425451.497765672,4.63026050747695e6,Fulton,Gloucester City,chicken,broiler_2,false,0.014
1451,466697.878189963,4.67270267448395e6,Allegheny,Lacey,duck,conventional,false,0.004
1452,407807.329938788,4.67568530021655e6,Fulton,Mountain Lakes,chicken,broiler_2,false,0.006
1453,414384.42675044,4.68745230020197e6,Lancaster,Far Hills,duck,conventional,false,0.002
1454,412689.447233862,4.69167617598914e6,Lancaster,Far Hills,chicken,broiler_2,false,0.012
1455,403668.017885715,4.65758666459868e6,Blair,New Britain,duck,conventional,false,0.0
1456,438307.809088562,4.6335885536939e6,Fulton,Chesilhurst,duck,conventional,false,0.002
1457,402304.445911407,4.6518852887381e6,Blair,Quinton,duck,conventional,false,0.002
1458,436991.08171256,4.63140108105099e6,Fulton,Chesilhurst,duck,conventional,false,0.002
1459,428668.435563183,4.63510107508173e6,Fulton,Byram,duck,conventional,false,0.0
1460,441235.843071251,4.64030934801174e6,Allegheny,Orange Village,chicken,layer,false,0.022
1461,431939.335591269,4.68308875938268e6,Lancaster,Lansdale,duck,conventional,false,0.0
1462,404094.176745015,4.68705534768334e6,Lancaster,Tuckerton,duck,conventional,false,0.004
1463,430934.528610618,4.6811596151338e6,Lancaster,Lansdale,duck,conventional,false,0.002
1464,432365.388050847,4.62583733123688e6,Fulton,Falls,duck,conventional,false,0.002
1465,414912.440716009,4.62448417063424e6,Fulton,Verona,duck,conventional,false,0.002
1466,411525.062961124,4.67138653920359e6,Fulton,Mountain Lakes,duck,conventional,false,0.0
1467,399016.105426005,4.64897721860342e6,Blair,Quinton,duck,organic,false,0.002
1468,399089.273513299,4.65953437872127e6,Blair,Vineland,chicken,layer,false,0.006
1469,393366.783337447,4.6532559307952e6,Blair,Woodbury Heights,duck,conventional,false,0.006
1470,457561.521715162,4.67057112082634e6,Allegheny,Toms River,chicken,broiler_2,false,0.006
1471,413843.444261518,4.69190958139556e6,Lancaster,Far Hills,duck,conventional,false,0.002
1472,445177.803090868,4.65019774994953e6,Allegheny,Durham,duck,organic,false,0.006
1473,415722.120719567,4.62750677358647e6,Fulton,Verona,duck,conventional,false,0.002
1474,456526.332646105,4.69217461987308e6,Indiana,Nockamixon,duck,conventional,false,0.012
1475,445006.989465977,4.64095950546744e6,Allegheny,Orange Village,chicken,broiler_2,false,0.036
1476,427534.921135341,4.69169554584898e6,Lancaster,Raritan,duck,conventional,false,0.002
1477,420692.277099978,4.68221862636202e6,Lancaster,Lansdale,chicken,broiler_2,false,0.002
1478,448501.9999442,4.64399539490145e6,Allegheny,Princeton,chicken,broiler_1,false,0.026
1479,459391.005533107,4.65261275784457e6,Allegheny,Oldmans,chicken,broiler_2,false,0.032
1480,419547.035747712,4.62901173407161e6,Fulton,Lincoln Park,chicken,broiler_2,false,0.002
1481,443845.104169752,4.68502517976937e6,Lancaster,Rockledge,duck,conventional,false,0.0
1482,403319.554214993,4.68327546210501e6,Lancaster,Tuckerton,chicken,broiler_2,false,0.004
1483,459163.875579211,4.68099005387917e6,Allegheny,Leonia,duck,conventional,false,0.01
1484,420883.558580135,4.68436619059864e6,Lancaster,Lansdale,duck,conventional,false,0.002
1485,410166.384293297,4.69059229312125e6,Lancaster,Far Hills,chicken,broiler_2,false,0.004
1486,399641.876408583,4.65448022106682e6,Blair,Quinton,duck,conventional,false,0.002
1487,415122.873160906,4.62677513533914e6,Fulton,Verona,duck,conventional,false,0.002
1488,451989.789536333,4.63793476297667e6,Allegheny,Union,chicken,broiler_1,false,0.048
1489,420386.581542824,4.63073180079721e6,Fulton,Lincoln Park,chicken,broiler_2,false,0.006
1490,413313.545625859,4.62995509660161e6,Fulton,Amboy,duck,conventional,false,0.0
1491,430381.381521075,4.69176553036502e6,Lancaster,Union Beach,chicken,broiler_2,false,0.01
1492,466210.14303291,4.661372466784e6,Allegheny,Orange,chicken,broiler_2,false,0.032
1493,462480.337796864,4.66449082485843e6,Allegheny,Orange,duck,conventional,false,0.0
1494,434273.202491323,4.68021147827553e6,Lancaster,Emerson,duck,conventional,false,0.0
1495,405659.919908819,4.68035756879102e6,Blair,Branchburg,chicken,broiler_2,false,0.006
1496,408693.644255034,4.68766641560336e6,Lancaster,Tuckerton,chicken,broiler_2,false,0.008
1497,412769.404011211,4.62352759470346e6,Fulton,Verona,chicken,broiler_1,false,0.004
1498,454393.543297581,4.69577687895424e6,Indiana,Nockamixon,duck,conventional,false,0.006
1499,404157.824313685,4.65752328049408e6,Blair,New Britain,chicken,layer,false,0.014
1500,405586.68826712,4.63611456574971e6,Blair,Walpack,chicken,broiler_2,false,0.002
1501,458407.394886459,4.65347298090405e6,Allegheny,Oldmans,duck,organic,false,0.002
1502,413731.612012425,4.62584071323447e6,Fulton,Amboy,chicken,broiler_1,false,0.016
1503,441447.227802963,4.68147044571795e6,Lancaster,Mantua,chicken,broiler_2,false,0.014
1504,456096.134120515,4.64085501052612e6,Allegheny,Union,duck,conventional,false,0.01
1505,412801.336233823,4.68444359821541e6,Lancaster,Tuckerton,chicken,broiler_2,false,0.008
1506,426325.698656149,4.63090440440965e6,Fulton,Gloucester City,chicken,layer,false,0.01
1507,401215.854180602,4.66751006858877e6,Blair,Carlstadt,duck,conventional,false,0.002
1508,455517.495999246,4.66347039836127e6,Allegheny,Long Hill,duck,conventional,false,0.0
1509,406087.189347621,4.64490376720784e6,Blair,Quinton,chicken,broiler_2,false,0.016
1510,395730.34599424,4.67319997128673e6,Blair,Jefferson,duck,conventional,false,0.0
1511,438189.598217072,4.68105268288997e6,Lancaster,Emerson,duck,conventional,false,0.0
1512,395430.953487357,4.65959171202592e6,Blair,New Britain,chicken,broiler_1,false,0.002
1513,414912.551797181,4.63833391564492e6,Fulton,Alpha,chicken,broiler_2,false,0.006
1514,411968.058070797,4.68888948704329e6,Lancaster,Far Hills,chicken,broiler_1,false,0.016
1515,400007.138024813,4.68386568275677e6,Blair,Branchburg,duck,organic,false,0.002
1516,448281.712311601,4.63931379765705e6,Allegheny,Orange Village,chicken,broiler_1,false,0.036
1517,444932.34488711,4.6818684015128e6,Lancaster,Mantua,chicken,broiler_2,false,0.006
1518,400602.073302768,4.63267491008555e6,Blair,Woodbine,duck,organic,false,0.006
1519,431889.284154924,4.63907823400295e6,Fulton,Byram,duck,organic,false,0.002
1520,397578.928079991,4.66957527520275e6,Blair,Jefferson,chicken,broiler_2,false,0.01
1521,424299.583772909,4.62617535986692e6,Fulton,Gloucester City,duck,organic,false,0.002
1522,454879.845529201,4.6835428748028e6,Allegheny,Leonia,duck,conventional,false,0.006
1523,436956.43716404,4.68220681418812e6,Lancaster,Emerson,chicken,broiler_2,false,0.004
1524,424717.926868603,4.69190921275781e6,Lancaster,Raritan,duck,conventional,false,0.0
1525,454358.664988303,4.63725321301424e6,Susquehanna,Amwell,chicken,broiler_1,false,0.036
1526,457728.427810905,4.68414001055687e6,Allegheny,Leonia,duck,organic,false,0.002
1527,463006.116947137,4.67935918189824e6,Allegheny,Toms River,duck,conventional,false,0.002
1528,395273.788035238,4.67165642263934e6,Blair,Jefferson,duck,conventional,false,0.004
1529,449652.580855577,4.68300408419593e6,Lancaster,Branchville,chicken,broiler_2,false,0.012
1530,465451.350863695,4.67493559593851e6,Allegheny,Lacey,chicken,broiler_1,false,0.032
1531,428082.829012618,4.62521467101989e6,Fulton,Falls,duck,conventional,false,0.0
1532,434684.816918725,4.63058955105603e6,Fulton,Chesilhurst,duck,conventional,false,0.0
1533,399404.638110405,4.64425757983046e6,Blair,Quinton,duck,conventional,false,0.002
1534,431955.958361946,4.68516252646656e6,Lancaster,Emerson,duck,conventional,false,0.002
1535,463508.235396334,4.69013437813328e6,Indiana,Lakewood,chicken,broiler_2,false,0.012
1536,404091.331703176,4.6801986428581e6,Lancaster,Tuckerton,duck,conventional,false,0.0
1537,467376.589591536,4.66748048922062e6,Allegheny,Long Hill,duck,conventional,false,0.014
1538,464154.796407925,4.66256409883943e6,Allegheny,Orange,duck,conventional,false,0.006
1539,395522.76722947,4.65102243964417e6,Blair,Woodbury Heights,duck,conventional,false,0.002
1540,408781.255097459,4.68063102181136e6,Lancaster,Tuckerton,chicken,broiler_2,false,0.006
1541,430342.79502674,4.6261597084653e6,Fulton,Falls,duck,organic,false,0.002
1542,451387.024373131,4.63520902823801e6,Susquehanna,Amwell,duck,organic,false,0.01
1543,460084.9594488,4.67743842502142e6,Allegheny,Toms River,duck,conventional,false,0.004
1544,400957.862844564,4.6623415322849e6,Blair,Carlstadt,duck,conventional,false,0.0
1545,431277.706517267,4.62697323009327e6,Fulton,Falls,duck,conventional,false,0.0
1546,420030.417354628,4.63075223789739e6,Fulton,Lincoln Park,chicken,broiler_2,false,0.006
1547,405880.529291983,4.6923170301854e6,Lancaster,Hampton,chicken,broiler_1,false,0.004
1548,409652.94334276,4.66941974783658e6,Fulton,Mountain Lakes,chicken,broiler_2,false,0.008
1549,408063.739177546,4.63295715793814e6,Blair,Walpack,duck,organic,false,0.004
1550,417083.852207658,4.62978482739432e6,Fulton,Lincoln Park,chicken,broiler_2,false,0.006
1551,407110.846693936,4.67350133247105e6,Fulton,Mountain Lakes,chicken,broiler_1,false,0.014
1552,399952.556950171,4.64386569115854e6,Blair,Quinton,duck,conventional,false,0.002
1553,403412.580293992,4.68337175908309e6,Lancaster,Tuckerton,duck,conventional,false,0.0
1554,429556.921355932,4.6921120122897e6,Lancaster,Union Beach,duck,organic,false,0.002
1555,443049.830035847,4.68870078935188e6,Lancaster,Alloways Creek,duck,conventional,false,0.0
1556,418306.043500078,4.68692774445953e6,Lancaster,Far Hills,chicken,broiler_2,false,0.004
1557,410247.74873117,4.67556525775082e6,Fulton,Mountain Lakes,duck,conventional,false,0.0
1558,411096.879269154,4.6762638311516e6,Fulton,Hilltown,chicken,broiler_2,false,0.006
1559,464267.396515487,4.68158990657954e6,Indiana,Wharton,duck,conventional,false,0.008
1560,462500.781359911,4.6607202446133e6,Allegheny,Orange,duck,conventional,false,0.01
1561,464076.73153903,4.68778792268688e6,Indiana,Wharton,duck,conventional,false,0.002
1562,419505.110666649,4.69401445842019e6,Lancaster,Far Hills,chicken,broiler_2,false,0.008
1563,413374.281721088,4.62371537644717e6,Fulton,Verona,duck,conventional,false,0.002
1564,399216.018384839,4.65300918611306e6,Blair,Woodbury Heights,duck,conventional,false,0.004
1565,416944.917772353,4.69086786081783e6,Lancaster,Far Hills,chicken,broiler_1,false,0.01
1566,425164.368592223,4.63192263897755e6,Fulton,Gloucester City,duck,conventional,false,0.002
1567,412715.090438259,4.69027094174814e6,Lancaster,Far Hills,duck,conventional,false,0.004
1568,415661.290496093,4.68863477034e6,Lancaster,Far Hills,chicken,broiler_2,false,0.006
1569,451013.31099723,4.64766738302976e6,Allegheny,Durham,chicken,broiler_1,false,0.024
1570,463905.479051648,4.65802463667906e6,Allegheny,Orange,duck,conventional,false,0.002
1571,409395.62793325,4.63818824938188e6,Blair,Walpack,chicken,broiler_2,false,0.01
1572,414791.225141374,4.67987868822994e6,Fulton,Spotswood,chicken,broiler_1,false,0.006
1573,459231.296854943,4.65209854891794e6,Allegheny,Burlington,duck,organic,false,0.008
1574,450192.44610042,4.69129073730514e6,Lancaster,Branchville,chicken,broiler_2,false,0.004
1575,425257.644953605,4.69062203713119e6,Lancaster,Lansdale,duck,conventional,false,0.0
1576,465314.923451519,4.68235536342989e6,Indiana,Wharton,chicken,broiler_2,false,0.016
1577,411880.650100953,4.63645382301655e6,Fulton,Alpha,duck,conventional,false,0.002
1578,427425.650760532,4.6279363391476e6,Fulton,Gloucester City,duck,organic,false,0.004
1579,399756.792142854,4.65263652198572e6,Blair,Woodbury Heights,chicken,broiler_2,false,0.01
1580,452107.782450399,4.64758279099531e6,Allegheny,Durham,duck,conventional,false,0.008
1581,442871.599703034,4.69407419978241e6,Lancaster,Alloways Creek,chicken,broiler_2,false,0.006
1582,396006.616222463,4.6415930071539e6,Blair,Harmony,duck,conventional,false,0.0
1583,447895.408446356,4.64388170626165e6,Allegheny,Princeton,duck,conventional,false,0.006
1584,399801.923586998,4.66357399507513e6,Blair,Carlstadt,duck,conventional,false,0.0
1585,410493.227991028,4.67211014382088e6,Fulton,Mountain Lakes,duck,conventional,false,0.0
1586,444028.363157004,4.63800982791526e6,Allegheny,Orange Village,duck,organic,false,0.006
1587,432144.089845337,4.62841004306453e6,Fulton,Falls,duck,conventional,false,0.004
1588,457091.366137156,4.68291062627937e6,Allegheny,Leonia,duck,conventional,false,0.002
1589,406185.042901227,4.64889332514339e6,Blair,Quinton,chicken,broiler_2,false,0.004
1590,409762.20670232,4.64295405244281e6,Blair,Walpack,chicken,broiler_2,false,0.012
1591,411501.795680329,4.67264616062317e6,Fulton,Mountain Lakes,duck,organic,false,0.0
1592,463755.830350113,4.67527254060481e6,Allegheny,Toms River,duck,conventional,false,0.012
1593,462052.504863303,4.68154050913874e6,Allegheny,Leonia,duck,conventional,false,0.004
1594,405380.92478446,4.6762383989354e6,Blair,Branchburg,chicken,broiler_2,false,0.008
1595,422906.749635641,4.68515260316195e6,Lancaster,Lansdale,duck,conventional,false,0.0
1596,396165.328568212,4.64351499044533e6,Blair,Harmony,duck,conventional,false,0.002
1597,410993.622189217,4.68400878536497e6,Lancaster,Tuckerton,chicken,broiler_2,false,0.008
1598,430413.670093345,4.6904609529115e6,Lancaster,Union Beach,chicken,broiler_1,false,0.012
1599,430854.333239169,4.68027586510456e6,Lancaster,Lansdale,duck,conventional,false,0.0
1600,402764.462398286,4.64453189473603e6,Blair,Quinton,duck,conventional,false,0.0
1601,451948.679020413,4.66505472748015e6,Allegheny,Marion,duck,organic,false,0.006
1602,399010.644327258,4.64486574060453e6,Blair,Quinton,duck,organic,false,0.002
1603,407213.096735161,4.64018020670269e6,Blair,Walpack,chicken,broiler_1,false,0.008
1604,436614.695209697,4.63598594037498e6,Fulton,Little Egg Harbor,duck,conventional,false,0.004
1605,419104.830495979,4.69400735952437e6,Lancaster,Far Hills,duck,conventional,false,0.002
1606,462143.98050992,4.67179503175132e6,Allegheny,Toms River,duck,organic,false,0.0
1607,401119.519266982,4.63248936216555e6,Blair,Walpack,chicken,broiler_2,false,0.006
1608,420783.081595748,4.62867189974499e6,Fulton,Lincoln Park,duck,conventional,false,0.002
1609,443061.806042119,4.63545950858911e6,Allegheny,Orange Village,chicken,broiler_2,false,0.046
1610,454785.200717474,4.66245964704965e6,Allegheny,Marion,duck,organic,false,0.0
1611,450974.474956729,4.64691837385915e6,Allegheny,Durham,duck,conventional,false,0.006
1612,458404.124858228,4.64977437390435e6,Allegheny,Brigantine,chicken,broiler_1,false,0.016
1613,433680.202149567,4.68172958656784e6,Lancaster,Emerson,duck,conventional,false,0.0
1614,393806.813873624,4.65928670370158e6,Blair,New Britain,duck,conventional,false,0.0
1615,397136.289783976,4.67145276742521e6,Blair,Jefferson,chicken,broiler_1,false,0.008
1616,404577.764933472,4.67693869057077e6,Blair,Branchburg,duck,conventional,false,0.004
1617,452061.360357705,4.65375450615957e6,Allegheny,Burlington,chicken,broiler_2,false,0.042
1618,449595.409395145,4.65641399421111e6,Allegheny,Burlington,duck,conventional,false,0.006
1619,409639.170079355,4.64391735206341e6,Blair,Walpack,chicken,broiler_2,false,0.006
1620,430015.062480849,4.62715342776015e6,Fulton,Falls,duck,organic,false,0.0
1621,461846.433214822,4.6585520447248e6,Allegheny,Orange,duck,conventional,false,0.012
1622,410078.376720183,4.68305815808744e6,Lancaster,Tuckerton,duck,conventional,false,0.004
1623,405493.446770104,4.68963960853294e6,Lancaster,Kearny,chicken,broiler_1,false,0.006
1624,438013.188728709,4.69126101748211e6,Lancaster,Alloways Creek,duck,conventional,false,0.002
1625,403787.038522371,4.66059954335586e6,Blair,Carlstadt,chicken,broiler_2,false,0.002
1626,416477.920065894,4.69014678330998e6,Lancaster,Far Hills,chicken,broiler_2,false,0.004
1627,403136.681798623,4.6524105564401e6,Blair,Quinton,duck,conventional,false,0.0
1628,460653.678854811,4.68136624615208e6,Allegheny,Leonia,duck,conventional,false,0.004
1629,447578.612885601,4.63313397365719e6,Susquehanna,Cranford,duck,conventional,false,0.008
1630,432241.117153671,4.68271381886868e6,Lancaster,Emerson,chicken,broiler_1,false,0.004
1631,407640.773198744,4.64421205973719e6,Blair,Quinton,duck,conventional,false,0.002
1632,405194.569682249,4.67394388541499e6,Blair,Branchburg,chicken,broiler_1,false,0.008
1633,454156.775449578,4.68969931515698e6,Lancaster,Branchville,chicken,broiler_2,true,0.0
1634,395426.58368292,4.66817084614945e6,Blair,Vineland,chicken,broiler_2,false,0.026
1635,453846.091890546,4.6426329982948e6,Allegheny,Union,duck,conventional,false,0.01
1636,423995.575495488,4.69005585891674e6,Lancaster,Lansdale,chicken,broiler_1,false,0.012
1637,439539.747018311,4.63077803667784e6,Fulton,Chesilhurst,chicken,broiler_1,false,0.004
1638,442434.404010654,4.68508462943432e6,Lancaster,Carneys Point,duck,organic,false,0.002
1639,429134.855712312,4.68107391464307e6,Lancaster,Lansdale,chicken,layer,false,0.002
1640,437337.695947275,4.6851012354369e6,Lancaster,Emerson,duck,conventional,false,0.0
1641,409068.170925695,4.63420876529372e6,Fulton,Alpha,chicken,broiler_2,false,0.004
1642,454547.249362845,4.6640168267628e6,Allegheny,Long Hill,chicken,broiler_2,false,0.018
1643,404042.644599491,4.64957655944629e6,Blair,Quinton,duck,conventional,false,0.006
1644,457072.919740224,4.68792124092629e6,Indiana,Lakewood,duck,conventional,false,0.006
1645,429323.352050417,4.62532613278758e6,Fulton,Falls,duck,conventional,false,0.002
1646,435433.559682765,4.68752302563716e6,Lancaster,Emerson,duck,organic,false,0.002
1647,459998.335611661,4.68748948951346e6,Indiana,Lakewood,duck,conventional,false,0.01
1648,467901.618722359,4.66686004342155e6,Allegheny,Long Hill,chicken,broiler_1,false,0.042
1649,426326.169594181,4.63475021799418e6,Fulton,Byram,duck,conventional,false,0.004
1650,407943.802931381,4.67929043142507e6,Lancaster,Tuckerton,chicken,layer,false,0.012
1651,454975.353115215,4.67591617082329e6,Allegheny,Toms River,duck,conventional,false,0.0
1652,457468.845372559,4.69362141846844e6,Indiana,Nockamixon,duck,conventional,false,0.008
1653,453412.329423378,4.63845881059348e6,Susquehanna,Amwell,duck,conventional,false,0.012
1654,456298.336926407,4.65731125214793e6,Allegheny,Marion,chicken,broiler_1,false,0.04
1655,397711.047461948,4.64124560562725e6,Blair,Harmony,chicken,layer,false,0.01
1656,400978.91709662,4.64483893648872e6,Blair,Quinton,chicken,broiler_2,false,0.02
1657,446864.469490305,4.68336209868515e6,Lancaster,Mantua,duck,conventional,false,0.0
1658,456072.614480781,4.6516042341254e6,Allegheny,Burlington,duck,organic,false,0.006
1659,427881.925803373,4.62460863608088e6,Fulton,Mine Hill,duck,conventional,false,0.006
1660,454731.315729681,4.67536596506958e6,Allegheny,Toms River,chicken,broiler_1,false,0.01
1661,429636.0607724,4.63530308547486e6,Fulton,Somers Point,duck,organic,false,0.004
1662,427394.734918488,4.69240681572982e6,Lancaster,Raritan,duck,conventional,false,0.0
1663,459768.534724138,4.68314445843738e6,Allegheny,Leonia,duck,conventional,false,0.002
1664,430571.279078171,4.68414286050182e6,Lancaster,Lansdale,chicken,broiler_2,false,0.006
1665,398006.688935248,4.66012855931163e6,Blair,Vineland,duck,conventional,false,0.0
1666,463329.550753692,4.68704660000848e6,Indiana,Wharton,chicken,broiler_2,false,0.02
1667,457758.294720055,4.66373117110164e6,Allegheny,Marion,chicken,broiler_2,false,0.01
1668,454070.831047407,4.63877615373974e6,Susquehanna,Amwell,chicken,broiler_2,false,0.02
1669,443408.343681498,4.62804975319058e6,Susquehanna,Barrington,duck,conventional,false,0.002
1670,401674.719734622,4.655949986902e6,Blair,New Britain,duck,conventional,false,0.002
1671,423339.774243854,4.68468258707336e6,Lancaster,Lansdale,chicken,broiler_1,false,0.006
1672,448348.517697798,4.64017586343024e6,Allegheny,Orange Village,duck,conventional,false,0.006
1673,407464.712426117,4.67289099194367e6,Fulton,Mountain Lakes,chicken,layer,false,0.012
1674,401939.575660955,4.64041900132666e6,Blair,Walpack,duck,conventional,false,0.0
1675,402110.869031275,4.68444468437577e6,Blair,Branchburg,chicken,broiler_2,false,0.008
1676,432489.511252974,4.62441203972865e6,Fulton,Falls,duck,conventional,false,0.0
1677,459107.616026278,4.66695954666494e6,Allegheny,Long Hill,chicken,broiler_2,false,0.002
1678,393792.778761116,4.65777188446083e6,Blair,New Britain,duck,conventional,false,0.0
1679,454345.219722867,4.66463863676271e6,Allegheny,Long Hill,chicken,broiler_2,false,0.008
1680,393762.856037422,4.65754089316232e6,Blair,New Britain,duck,conventional,false,0.002
1681,403574.505220769,4.63546338385178e6,Blair,Walpack,chicken,broiler_2,false,0.01
1682,426184.997378285,4.63779067340518e6,Fulton,Byram,chicken,broiler_2,false,0.006
1683,403278.719499053,4.65340875790145e6,Blair,Quinton,chicken,broiler_2,false,0.018
1684,414761.423318958,4.63076125192091e6,Fulton,Alpha,duck,conventional,false,0.0
1685,402066.641998421,4.66449134362881e6,Blair,Carlstadt,chicken,layer,false,0.01
1686,411388.146341063,4.6884188721375e6,Lancaster,Far Hills,duck,organic,false,0.0
1687,400454.222302018,4.67222406144724e6,Blair,Jefferson,chicken,layer,false,0.008
1688,440641.071605484,4.63640021037042e6,Allegheny,Orange Village,chicken,broiler_2,false,0.032
1689,410169.798063421,4.63483313897917e6,Fulton,Alpha,chicken,broiler_1,false,0.01
1690,429217.840688036,4.68867724381334e6,Lancaster,Lansdale,duck,conventional,false,0.002
1691,401704.306334673,4.68851072722459e6,Lancaster,Kearny,duck,conventional,false,0.002
1692,422695.383189156,4.62494736192678e6,Fulton,Mine Hill,chicken,broiler_2,false,0.008
1693,426790.973514726,4.62911573646726e6,Fulton,Gloucester City,duck,organic,false,0.0
1694,438313.017419648,4.68870398492247e6,Lancaster,Emerson,duck,conventional,false,0.004
1695,457817.255513178,4.69322982806621e6,Indiana,Nockamixon,duck,conventional,false,0.008
1696,427088.65522634,4.62787932229856e6,Fulton,Gloucester City,duck,organic,false,0.004
1697,409185.469382141,4.62923663663317e6,Fulton,Amboy,duck,organic,false,0.002
1698,415749.305805805,4.6268031217087e6,Fulton,Verona,chicken,broiler_1,false,0.002
1699,455063.004783497,4.64216636955055e6,Allegheny,Union,duck,conventional,false,0.006
1700,427449.992066513,4.62233222655113e6,Fulton,Mine Hill,chicken,broiler_2,false,0.01
1701,400743.716575607,4.63393764746085e6,Blair,Walpack,duck,conventional,false,0.002
1702,454737.058794432,4.66581932376973e6,Allegheny,Long Hill,chicken,broiler_2,false,0.006
1703,400217.21008227,4.64398270391326e6,Blair,Quinton,chicken,broiler_2,false,0.002
1704,454488.673235591,4.65168298422712e6,Allegheny,Burlington,duck,conventional,false,0.006
1705,422218.026035747,4.62934425150945e6,Fulton,Lincoln Park,duck,conventional,false,0.0
1706,459811.609091344,4.67862569331731e6,Allegheny,Leonia,duck,conventional,false,0.004
1707,396127.947544635,4.67556523368549e6,Blair,Jefferson,chicken,broiler_2,false,0.01
1708,447703.859023296,4.63395485264527e6,Susquehanna,Cranford,duck,conventional,false,0.008
1709,439031.410092428,4.63689911202953e6,Allegheny,Orange Village,chicken,broiler_2,false,0.016
1710,417765.814099901,4.63195418731423e6,Fulton,Alpha,chicken,broiler_1,false,0.006
1711,455978.552032766,4.6423931552324e6,Allegheny,Union,duck,conventional,false,0.01
1712,451689.208714906,4.64792592064609e6,Allegheny,Durham,duck,conventional,false,0.01
1713,464101.515432685,4.67428606332237e6,Allegheny,Toms River,duck,conventional,false,0.012
1714,429027.995831104,4.68501323988007e6,Lancaster,Lansdale,duck,conventional,false,0.0
1715,450119.366109574,4.64522605969021e6,Allegheny,Princeton,duck,conventional,false,0.012
1716,418288.307293188,4.68701641906125e6,Lancaster,Far Hills,chicken,broiler_2,false,0.006
1717,412628.213841903,4.67711589995089e6,Fulton,Hilltown,chicken,broiler_1,false,0.01
1718,450093.893768479,4.69038190828205e6,Lancaster,Branchville,duck,conventional,false,0.0
1719,443966.216050103,4.63387943170073e6,Fulton,Green Lane,duck,organic,false,0.014
1720,452557.638768495,4.65423272844612e6,Allegheny,Burlington,chicken,broiler_2,false,0.038
1721,444739.113934439,4.63573058932427e6,Allegheny,Orange Village,chicken,broiler_1,false,0.032
1722,394966.823370775,4.64793943433874e6,Blair,Winslow,chicken,broiler_1,false,0.008
1723,447054.331799631,4.63931101771524e6,Allegheny,Orange Village,duck,conventional,false,0.002
1724,397004.749940472,4.67751925901497e6,Blair,Branchburg,duck,conventional,false,0.0
1725,409571.613770168,4.63407842231023e6,Fulton,Alpha,duck,conventional,false,0.002
1726,463362.486387952,4.67224385131447e6,Allegheny,Toms River,chicken,broiler_2,false,0.01
1727,405171.456479843,4.63875132712362e6,Blair,Walpack,chicken,broiler_1,false,0.002
1728,457513.36610699,4.6833868592393e6,Allegheny,Leonia,duck,organic,false,0.006
1729,430294.479659087,4.68794709547758e6,Lancaster,Lansdale,duck,conventional,false,0.0
1730,436465.387487073,4.62903768197817e6,Fulton,Chesilhurst,chicken,broiler_1,false,0.01
1731,423791.186535962,4.68642097643086e6,Lancaster,Lansdale,duck,conventional,false,0.0
1732,402261.258049299,4.67618732667943e6,Blair,Branchburg,duck,conventional,false,0.004
1733,455001.36202888,4.65414655881199e6,Allegheny,Burlington,duck,conventional,false,0.014
1734,403436.328473591,4.67609879968379e6,Blair,Branchburg,chicken,broiler_2,false,0.004
1735,461487.168612966,4.66636778009384e6,Allegheny,Long Hill,duck,organic,false,0.002
1736,401380.665505309,4.63137418911585e6,Blair,Woodbine,chicken,broiler_2,false,0.012
1737,456700.904574719,4.66018044665557e6,Allegheny,Marion,duck,conventional,false,0.004
1738,448479.088211971,4.64851789399296e6,Allegheny,Durham,chicken,broiler_1,false,0.032
1739,401909.491170106,4.67996773183659e6,Blair,Branchburg,duck,organic,false,0.002
1740,451841.64554046,4.65270163929732e6,Allegheny,Burlington,chicken,broiler_2,false,0.034
1741,456249.442303055,4.64307965834783e6,Allegheny,Union,duck,conventional,false,0.008
1742,440524.625192971,4.69021085818943e6,Lancaster,Alloways Creek,duck,conventional,false,0.004
1743,452290.652014632,4.6620913369847e6,Allegheny,Marion,duck,conventional,false,0.002
1744,405517.337553296,4.68431888408111e6,Lancaster,Tuckerton,duck,organic,false,0.0
1745,409860.052610354,4.62500333021852e6,Fulton,Amboy,duck,conventional,false,0.002
1746,428037.697772851,4.63170732912642e6,Fulton,Gloucester City,duck,conventional,false,0.0
1747,461590.620244678,4.67395891862927e6,Allegheny,Toms River,chicken,broiler_2,false,0.018
1748,449420.144243421,4.63765247437213e6,Allegheny,Orange Village,duck,conventional,false,0.004
1749,427737.723808616,4.62552824657328e6,Fulton,Gloucester City,duck,organic,false,0.002
1750,419916.925296429,4.62627437296396e6,Fulton,Lincoln Park,duck,conventional,false,0.004
1751,405821.834299494,4.68852209202926e6,Lancaster,Kearny,chicken,broiler_1,false,0.012
1752,430184.193744573,4.6787666248345e6,Lancaster,Emerson,duck,organic,false,0.0
1753,405742.652513322,4.6908275941558e6,Lancaster,Hampton,duck,conventional,false,0.0
1754,443631.527470326,4.69374873845109e6,Lancaster,Alloways Creek,chicken,broiler_2,false,0.006
1755,453761.368743515,4.64023957053193e6,Allegheny,Union,duck,organic,false,0.0
1756,455781.126830304,4.68871923849898e6,Indiana,Lakewood,chicken,broiler_1,false,0.024
1757,437556.533142738,4.68208109868689e6,Lancaster,Emerson,duck,organic,false,0.0
1758,408457.702384498,4.69088695058299e6,Lancaster,Kearny,chicken,broiler_2,false,0.012
1759,457994.118541821,4.67547912051464e6,Allegheny,Toms River,duck,conventional,false,0.0
1760,460209.325597983,4.67721216543208e6,Allegheny,Toms River,duck,conventional,false,0.004
1761,404670.557538148,4.6504100311445e6,Blair,Quinton,duck,conventional,false,0.002
1762,455135.614429649,4.68557415601404e6,Indiana,Lakewood,chicken,broiler_2,false,0.024
1763,411687.690247328,4.62865370946126e6,Fulton,Amboy,duck,conventional,false,0.004
1764,462306.476835847,4.67134315094135e6,Allegheny,Toms River,duck,conventional,false,0.004
1765,393329.844051493,4.66217390655772e6,Blair,Denville,duck,conventional,false,0.002
1766,452873.14760047,4.68428121091727e6,Lancaster,Branchville,duck,conventional,false,0.002
1767,456443.414102816,4.67139760118927e6,Allegheny,Toms River,chicken,broiler_1,false,0.006
1768,429043.032385564,4.63467287911068e6,Fulton,Somers Point,chicken,broiler_2,false,0.01
1769,439486.413689357,4.6332014404694e6,Fulton,Chesilhurst,duck,conventional,false,0.0
1770,457297.684658488,4.65195724923838e6,Allegheny,Burlington,duck,conventional,false,0.012
1771,408492.837983881,4.63102142116386e6,Blair,Walpack,chicken,broiler_2,false,0.014
1772,423239.49495545,4.62377594696487e6,Fulton,Mine Hill,duck,organic,false,0.002
1773,411197.533072608,4.673176924586e6,Fulton,Mountain Lakes,duck,conventional,false,0.002
1774,457067.463771457,4.66536167695645e6,Allegheny,Long Hill,chicken,broiler_1,false,0.014
1775,422026.594247931,4.68943906416524e6,Lancaster,Lansdale,chicken,broiler_2,false,0.004
1776,400016.742541484,4.66271435917505e6,Blair,Carlstadt,duck,conventional,false,0.002
1777,409949.30148377,4.6775274011458e6,Fulton,Hilltown,duck,conventional,false,0.0
1778,451416.49923947,4.66509857984575e6,Allegheny,Marion,duck,conventional,false,0.0
1779,418021.736604047,4.69288322064045e6,Lancaster,Far Hills,duck,organic,false,0.0
1780,405769.359340884,4.68993320896937e6,Lancaster,Kearny,duck,conventional,false,0.008
1781,461881.791875789,4.68095513752302e6,Allegheny,Leonia,duck,conventional,false,0.006
1782,400215.388091333,4.67534289042015e6,Blair,Jefferson,duck,organic,false,0.002
1783,405818.992636445,4.67078686985926e6,Fulton,Mountain Lakes,duck,conventional,false,0.004
1784,403110.437064402,4.66808445945569e6,Blair,Carlstadt,duck,conventional,false,0.004
1785,399239.900556174,4.67079854378806e6,Blair,Carlstadt,duck,organic,false,0.004
1786,405050.673165767,4.65850954133919e6,Blair,Carlstadt,chicken,broiler_2,false,0.006
1787,457458.766247023,4.66376080338577e6,Allegheny,Marion,duck,conventional,false,0.0
1788,404135.716839328,4.64926412118561e6,Blair,Quinton,duck,conventional,false,0.0
1789,452829.926569417,4.65993786851583e6,Allegheny,Marion,duck,organic,false,0.0
1790,394901.175061425,4.64328077519731e6,Blair,Mantoloking,duck,conventional,false,0.004
1791,455839.175632466,4.69144010916971e6,Lancaster,Branchville,duck,conventional,false,0.0
1792,399736.469761905,4.68323974819739e6,Blair,Branchburg,chicken,broiler_2,false,0.002
1793,408055.537120216,4.62711208223115e6,Fulton,Amboy,duck,organic,false,0.0
1794,421406.426415862,4.62540117177038e6,Fulton,Lincoln Park,duck,organic,false,0.004
1795,446418.614123366,4.68695842876707e6,Lancaster,Rockledge,duck,conventional,false,0.0
1796,403081.957373635,4.66073218772902e6,Blair,Carlstadt,chicken,broiler_2,false,0.01
1797,422409.967804434,4.62404211410575e6,Fulton,Mine Hill,chicken,broiler_2,false,0.01
1798,407286.297031537,4.64030865175623e6,Blair,Walpack,duck,conventional,false,0.0
1799,419284.287731438,4.6314479033274e6,Fulton,Lincoln Park,duck,conventional,false,0.0
1800,454940.374723584,4.63945569769032e6,Susquehanna,Amwell,duck,organic,false,0.012
1801,402859.348789372,4.68032959460893e6,Blair,Branchburg,chicken,broiler_2,false,0.006
1802,433295.593269617,4.63417861619142e6,Fulton,Somers Point,duck,conventional,false,0.0
1803,446153.029260768,4.69119763552046e6,Lancaster,Alloways Creek,chicken,broiler_1,false,0.0
1804,396470.827110173,4.67428583506e6,Blair,Jefferson,duck,conventional,false,0.002
1805,401601.677416441,4.67147881027905e6,Blair,Jefferson,duck,conventional,false,0.002
1806,463993.933540106,4.67664729701962e6,Allegheny,Toms River,chicken,broiler_2,false,0.04
1807,428857.765891138,4.63339017750107e6,Fulton,Somers Point,chicken,broiler_2,false,0.006
1808,425807.023412684,4.62172253881086e6,Fulton,Mine Hill,duck,organic,false,0.0
1809,465366.187161456,4.67632219224548e6,Allegheny,Toms River,duck,conventional,false,0.014
1810,398633.157002869,4.65012786747008e6,Blair,Quinton,chicken,broiler_1,false,0.01
1811,455663.857047387,4.64726117417284e6,Allegheny,Durham,duck,conventional,false,0.008
1812,397424.008162407,4.64868732473644e6,Blair,Quinton,chicken,broiler_2,false,0.008
1813,459942.272450758,4.69102045917818e6,Indiana,Lakewood,chicken,broiler_2,false,0.02
1814,428358.924923319,4.6268105201876e6,Fulton,Gloucester City,chicken,broiler_2,false,0.008
1815,408885.434807751,4.67142515413815e6,Fulton,Mountain Lakes,duck,conventional,false,0.0
1816,423569.389703848,4.62691638560644e6,Fulton,Lincoln Park,chicken,layer,false,0.01
1817,406610.519028697,4.67290982443186e6,Fulton,Mountain Lakes,chicken,broiler_2,false,0.008
1818,462202.895717433,4.67816326164983e6,Allegheny,Toms River,chicken,broiler_1,false,0.028
1819,424271.658443691,4.62293688210499e6,Fulton,Mine Hill,duck,organic,false,0.004
1820,467553.357315168,4.66918122927215e6,Allegheny,Long Hill,chicken,broiler_2,false,0.034
1821,407183.770707409,4.62817309947896e6,Fulton,Amboy,chicken,broiler_1,false,0.01
1822,456499.468532584,4.68407668791987e6,Allegheny,Leonia,duck,conventional,false,0.004
1823,435096.912353999,4.68664376116527e6,Lancaster,Emerson,chicken,broiler_2,false,0.008
1824,415706.736500439,4.68527239213149e6,Lancaster,Far Hills,chicken,broiler_2,false,0.002
1825,454495.714679329,4.64768354771087e6,Allegheny,Durham,chicken,broiler_1,false,0.044
1826,394001.365036951,4.66045478378131e6,Blair,New Britain,chicken,broiler_1,false,0.006
1827,399605.728984998,4.67048880844181e6,Blair,Carlstadt,duck,conventional,false,0.0
1828,462198.912723011,4.67058937469635e6,Allegheny,Long Hill,chicken,broiler_1,false,0.012
1829,404646.559278619,4.66365472433617e6,Blair,Carlstadt,duck,organic,false,0.0
1830,407088.003727085,4.68814975497792e6,Lancaster,Tuckerton,duck,conventional,false,0.006
1831,429802.253694769,4.68678290750781e6,Lancaster,Lansdale,chicken,broiler_2,false,0.008
1832,463348.649069113,4.66544466741615e6,Allegheny,Long Hill,duck,conventional,false,0.0
1833,463916.278645957,4.68058572654096e6,Allegheny,Passaic,chicken,broiler_2,false,0.036
1834,451836.062657052,4.64532967975368e6,Allegheny,Princeton,duck,conventional,false,0.008
1835,416356.811983988,4.62936528436288e6,Fulton,Lincoln Park,duck,organic,false,0.002
1836,450623.135865663,4.63355101550448e6,Susquehanna,Cranford,chicken,broiler_2,false,0.046
1837,454461.659815821,4.68897449516689e6,Indiana,Lakewood,duck,organic,false,0.0
1838,434150.583200968,4.63916321855555e6,Allegheny,Orange Village,duck,organic,false,0.0
1839,450830.667198616,4.64392859349092e6,Allegheny,Princeton,duck,conventional,false,0.01
1840,414831.103834736,4.6340723719121e6,Fulton,Alpha,duck,organic,false,0.002
1841,448702.301962221,4.69052531870374e6,Lancaster,Branchville,duck,organic,false,0.0
1842,453873.875897588,4.64377086290993e6,Allegheny,Union,duck,conventional,false,0.006
1843,410062.479371066,4.67124009118736e6,Fulton,Mountain Lakes,chicken,broiler_1,false,0.008
1844,431129.664650783,4.63281114749864e6,Fulton,Somers Point,chicken,broiler_2,false,0.008
1845,458393.158697529,4.67680191971021e6,Allegheny,Toms River,chicken,broiler_2,false,0.002
1846,404229.639313924,4.64199137320667e6,Blair,Walpack,chicken,broiler_2,false,0.004
1847,424514.610714178,4.62152359808608e6,Fulton,Mine Hill,chicken,broiler_2,false,0.008
1848,437887.411088664,4.68862916177062e6,Lancaster,Emerson,duck,organic,false,0.0
1849,466467.671719534,4.68491830871217e6,Indiana,Wharton,chicken,broiler_2,true,0.0
1850,460360.515872227,4.65544835623797e6,Allegheny,Oldmans,chicken,broiler_2,false,0.028
1851,453311.708229282,4.64287549485447e6,Allegheny,Union,chicken,broiler_2,false,0.03
1852,407968.681708221,4.66972818616031e6,Fulton,Mountain Lakes,chicken,broiler_1,false,0.002
1853,460349.995750239,4.68808952713616e6,Indiana,Lakewood,chicken,broiler_2,false,0.022
1854,434425.049705033,4.63435638788755e6,Fulton,Somers Point,duck,organic,false,0.0
1855,391884.821558747,4.66254188649491e6,Blair,Denville,duck,conventional,false,0.0
1856,403480.828799298,4.66391687675087e6,Blair,Carlstadt,chicken,broiler_1,false,0.004
1857,457142.266384242,4.64796129707191e6,Allegheny,Brigantine,duck,conventional,false,0.002
1858,406374.31119743,4.63207305136423e6,Blair,Walpack,duck,conventional,false,0.004
1859,418236.414345016,4.6889476625041e6,Lancaster,Far Hills,duck,conventional,false,0.0
1860,451180.119543789,4.6362147430615e6,Susquehanna,Cranford,duck,conventional,false,0.008
1861,433392.441387882,4.63038726855865e6,Fulton,Chesilhurst,chicken,broiler_2,false,0.01
1862,454825.399443253,4.63879959426799e6,Susquehanna,Amwell,chicken,broiler_2,false,0.044
1863,419557.432636961,4.69016084391933e6,Lancaster,Lansdale,duck,conventional,false,0.002
1864,413497.46996806,4.67325268080769e6,Fulton,Mountain Lakes,chicken,broiler_2,false,0.01
1865,410565.319266083,4.6248023761718e6,Fulton,Amboy,chicken,broiler_2,false,0.012
1866,423992.367639814,4.6838348155373e6,Lancaster,Lansdale,duck,conventional,false,0.004
1867,443426.995637403,4.63478783914216e6,Fulton,Green Lane,duck,organic,false,0.006
1868,436714.134547055,4.68883131558316e6,Lancaster,Emerson,duck,conventional,false,0.0
1869,455468.528461071,4.64272824948023e6,Allegheny,Union,chicken,broiler_1,false,0.028
1870,458671.261027626,4.65297657514644e6,Allegheny,Oldmans,chicken,broiler_2,false,0.026
1871,432797.091338544,4.69209953913267e6,Lancaster,Union Beach,duck,conventional,false,0.004
1872,413116.135728369,4.688790267871e6,Lancaster,Far Hills,chicken,broiler_1,false,0.01
1873,396592.723845746,4.64010259427594e6,Blair,Tabernacle,duck,conventional,false,0.002
1874,408743.155239301,4.63968631960975e6,Blair,Walpack,chicken,broiler_2,false,0.008
1875,396922.014064968,4.65163138918773e6,Blair,Woodbury Heights,chicken,broiler_1,false,0.006
1876,399987.423921925,4.6551665337107e6,Blair,New Britain,duck,conventional,false,0.0
1877,404896.375788837,4.63515014091818e6,Blair,Walpack,chicken,broiler_2,false,0.014
1878,402046.137599053,4.68429169678239e6,Blair,Branchburg,chicken,broiler_2,false,0.012
1879,402565.431803171,4.66107650995025e6,Blair,Carlstadt,duck,organic,false,0.004
1880,449515.91494762,4.69500814598297e6,Lancaster,Alloways Creek,duck,conventional,false,0.012
1881,442954.818321458,4.68900000312312e6,Lancaster,Alloways Creek,duck,conventional,false,0.0
1882,421818.767742022,4.69475584450202e6,Lancaster,Raritan,duck,conventional,false,0.002
1883,455760.244010274,4.69144009393265e6,Lancaster,Branchville,duck,conventional,false,0.004
1884,413770.27793008,4.62381979808727e6,Fulton,Verona,chicken,broiler_2,false,0.01
1885,460370.553986745,4.66695318451462e6,Allegheny,Long Hill,duck,organic,false,0.004
1886,452543.146964104,4.63850009562018e6,Susquehanna,Amwell,duck,organic,false,0.002
1887,447063.005560429,4.64397508809924e6,Allegheny,Princeton,duck,conventional,false,0.012
1888,416378.209571965,4.62407919828749e6,Fulton,Verona,chicken,broiler_2,false,0.012
1889,458506.344067193,4.66034203714922e6,Allegheny,Marion,duck,organic,false,0.012
1890,407581.233890229,4.67654699011307e6,Fulton,Mountain Lakes,duck,conventional,false,0.0
1891,462218.127420018,4.65909056351906e6,Allegheny,Orange,duck,conventional,false,0.008
1892,445440.051345734,4.6820898990549e6,Lancaster,Mantua,duck,organic,false,0.0
1893,459713.555202703,4.67970823863266e6,Allegheny,Leonia,chicken,broiler_2,false,0.028
1894,398481.50637587,4.64898925325034e6,Blair,Quinton,duck,conventional,false,0.0
1895,433404.808728354,4.6333465016875e6,Fulton,Chesilhurst,chicken,broiler_2,false,0.01
1896,427626.456236944,4.68336026995112e6,Lancaster,Lansdale,duck,organic,false,0.0
1897,405699.647972761,4.64916717801186e6,Blair,Quinton,chicken,broiler_2,false,0.01
1898,403625.979913983,4.63903585843405e6,Blair,Walpack,duck,organic,false,0.002
1899,433795.829842031,4.68504886331171e6,Lancaster,Emerson,duck,conventional,false,0.0
1900,418024.460377051,4.6246224691375e6,Fulton,Verona,duck,conventional,false,0.0
1901,450706.496404761,4.69053392811685e6,Lancaster,Branchville,duck,conventional,false,0.002
1902,424129.590699442,4.69041948837475e6,Lancaster,Lansdale,chicken,broiler_2,false,0.014
1903,424931.47533881,4.62864143282431e6,Fulton,Gloucester City,duck,conventional,false,0.004
1904,457740.181784736,4.67782599030116e6,Allegheny,Toms River,duck,conventional,false,0.0
1905,405577.875397011,4.64236377829612e6,Blair,Quinton,chicken,broiler_2,false,0.01
1906,407648.947726484,4.69282745604036e6,Lancaster,Kearny,chicken,broiler_2,false,0.014
1907,401751.849680628,4.66461228441338e6,Blair,Carlstadt,chicken,broiler_2,false,0.01
1908,454424.623812651,4.64714471479072e6,Allegheny,Durham,chicken,broiler_1,false,0.026
1909,446010.260754683,4.69464564317573e6,Lancaster,Alloways Creek,chicken,broiler_1,false,0.006
1910,403764.045484036,4.67018951679584e6,Blair,Carlstadt,duck,conventional,false,0.002
1911,402640.44265513,4.66205543477056e6,Blair,Carlstadt,duck,conventional,false,0.004
1912,448133.47122236,4.63152293348367e6,Susquehanna,Cranford,duck,conventional,false,0.012
1913,399554.967578872,4.65035870741249e6,Blair,Quinton,chicken,broiler_1,false,0.004
1914,394632.628401872,4.64427771745283e6,Blair,Harmony,duck,conventional,false,0.0
1915,453536.583790845,4.63845999705344e6,Susquehanna,Amwell,chicken,broiler_2,false,0.024
1916,447981.329021444,4.63818705556704e6,Allegheny,Orange Village,duck,conventional,false,0.01
1917,428892.789587587,4.68061412475461e6,Lancaster,Lansdale,duck,conventional,false,0.004
1918,416022.616230877,4.68369036288114e6,Lancaster,Tuckerton,chicken,broiler_2,false,0.004
1919,396216.718003717,4.65426132044096e6,Blair,Woodbury Heights,chicken,broiler_1,false,0.004
1920,396197.636251261,4.65124097511354e6,Blair,Woodbury Heights,chicken,layer,false,0.008
1921,411798.482294044,4.69432617280532e6,Lancaster,Alpine,duck,organic,false,0.0
1922,396690.057516247,4.67718337375994e6,Blair,Branchburg,duck,conventional,false,0.006
1923,449775.716233315,4.63409537974849e6,Susquehanna,Cranford,duck,conventional,false,0.004
1924,414833.629148008,4.63138660134589e6,Fulton,Alpha,duck,conventional,false,0.0
1925,430512.123796059,4.62974920165386e6,Fulton,Gloucester City,chicken,broiler_2,false,0.008
1926,412765.063768507,4.624355623774e6,Fulton,Verona,chicken,broiler_2,false,0.014
1927,465035.106376998,4.67742974172698e6,Allegheny,Toms River,chicken,broiler_2,false,0.02
1928,394022.20994441,4.67208702553139e6,Blair,Jefferson,chicken,broiler_2,false,0.004
1929,424668.537426014,4.68757913366947e6,Lancaster,Lansdale,duck,conventional,false,0.002
1930,456049.889109111,4.66118565896796e6,Allegheny,Marion,duck,conventional,false,0.002
1931,411287.898918226,4.67401125472957e6,Fulton,Rochelle Park,duck,conventional,false,0.002
1932,394722.184674518,4.67285002244878e6,Blair,Jefferson,chicken,broiler_2,false,0.014
1933,461753.332321398,4.67311590074804e6,Allegheny,Toms River,duck,conventional,false,0.002
1934,445671.394920137,4.68204372276774e6,Lancaster,Mantua,duck,conventional,false,0.002
1935,398002.720548938,4.63838746527202e6,Blair,Tabernacle,chicken,broiler_2,false,0.012
1936,430417.634699788,4.62377597283778e6,Fulton,Falls,chicken,broiler_2,false,0.014
1937,424102.021520102,4.69474561461978e6,Lancaster,Raritan,chicken,broiler_2,false,0.016
1938,400958.436535324,4.65334009668871e6,Blair,Quinton,duck,conventional,false,0.002
1939,463728.309682026,4.68908351018359e6,Indiana,Wharton,duck,conventional,false,0.004
1940,409332.28939906,4.64262881597255e6,Blair,Walpack,duck,conventional,false,0.002
1941,414302.581009455,4.62318361179188e6,Fulton,Verona,duck,organic,false,0.0
1942,400663.493504606,4.67454042591592e6,Blair,Jefferson,duck,conventional,false,0.0
1943,456994.418910395,4.66172985764948e6,Allegheny,Marion,chicken,broiler_1,false,0.008
1944,455790.969480558,4.65966688327709e6,Allegheny,Marion,duck,organic,false,0.004
1945,399691.734361375,4.65639080162811e6,Blair,New Britain,duck,conventional,false,0.0
1946,422160.455366235,4.68314825259598e6,Lancaster,Lansdale,duck,organic,false,0.002
1947,459919.699245798,4.65390190350323e6,Allegheny,Oldmans,chicken,broiler_2,false,0.016
1948,394041.301069848,4.66546798356751e6,Blair,Vineland,chicken,broiler_1,false,0.012
1949,417232.465400427,4.67363497896757e6,Fulton,Hilltown,duck,organic,false,0.004
1950,434160.566524645,4.68116075493739e6,Lancaster,Emerson,chicken,broiler_2,false,0.002
1951,461296.46856386,4.66609012629431e6,Allegheny,Long Hill,duck,conventional,false,0.002
1952,432896.850306326,4.63798712936364e6,Fulton,Byram,chicken,broiler_1,false,0.014
1953,457939.9976257,4.6828473428318e6,Allegheny,Leonia,chicken,broiler_2,false,0.024
1954,436130.827976355,4.63387937537124e6,Fulton,Little Egg Harbor,chicken,broiler_2,false,0.014
1955,432792.369804882,4.63654027910098e6,Fulton,Byram,chicken,broiler_2,false,0.012
1956,410241.247627184,4.6758357167522e6,Fulton,Mountain Lakes,chicken,broiler_2,false,0.01
1957,467498.634713167,4.67473962656643e6,Allegheny,Lacey,chicken,broiler_2,false,0.024
1958,455042.663833998,4.68626282608608e6,Indiana,Lakewood,duck,conventional,false,0.01
1959,411152.447868967,4.6345991822415e6,Fulton,Alpha,chicken,broiler_1,false,0.01
1960,449346.838826865,4.63192940322297e6,Susquehanna,Cranford,duck,conventional,false,0.016
1961,398426.776806972,4.65623803026376e6,Blair,New Britain,duck,conventional,false,0.002
1962,445229.666206882,4.69085287423787e6,Lancaster,Branchville,duck,conventional,false,0.002
1963,431961.198708959,4.68775220910253e6,Lancaster,Union Beach,duck,conventional,false,0.004
1964,460479.306755459,4.68441676634349e6,Allegheny,Leonia,duck,conventional,false,0.006
1965,394286.448462078,4.66045137204861e6,Blair,New Britain,duck,conventional,false,0.0
1966,431347.595110606,4.63896013089075e6,Fulton,Byram,chicken,broiler_2,false,0.006
1967,404002.872896675,4.67112580937808e6,Blair,Jefferson,chicken,broiler_2,false,0.014
1968,402752.360907384,4.68062756551296e6,Blair,Branchburg,chicken,broiler_1,false,0.004
1969,419404.011608197,4.62143213836731e6,Fulton,Verona,duck,conventional,false,0.0
1970,455112.198416143,4.6700976875009e6,Allegheny,Long Hill,chicken,broiler_2,false,0.008
1971,440776.781917558,4.68507795933699e6,Lancaster,Carneys Point,duck,conventional,false,0.0
1972,405603.692800112,4.66989936566093e6,Fulton,Mountain Lakes,chicken,broiler_2,false,0.006
1973,406105.618461752,4.68245912603952e6,Lancaster,Tuckerton,duck,conventional,false,0.004
1974,397103.397351271,4.67660109962866e6,Blair,Jefferson,duck,organic,false,0.006
1975,410616.33525177,4.68812053146452e6,Lancaster,Tuckerton,chicken,broiler_2,false,0.01
1976,449563.336563666,4.65865012591587e6,Allegheny,Burlington,chicken,broiler_2,false,0.0
1977,406873.853571078,4.6300941609431e6,Blair,Walpack,chicken,broiler_2,false,0.006
1978,416303.644770053,4.62650784847859e6,Fulton,Verona,duck,conventional,false,0.006
1979,395525.633247084,4.64762478051316e6,Blair,Harmony,chicken,broiler_2,false,0.008
1980,428701.252759476,4.69293081409448e6,Lancaster,Raritan,chicken,broiler_2,false,0.012
1981,402989.814284983,4.67864405952806e6,Blair,Branchburg,chicken,broiler_2,false,0.01
1982,430439.51037389,4.69239245051879e6,Lancaster,Raritan,chicken,broiler_1,false,0.008
1983,442539.423873318,4.64087612120151e6,Allegheny,Orange Village,duck,conventional,false,0.006
1984,464711.257356884,4.66589174847825e6,Allegheny,Long Hill,duck,conventional,false,0.002
1985,399923.149525224,4.67711204551713e6,Blair,Branchburg,duck,organic,false,0.0
1986,392733.102604537,4.66411992073291e6,Blair,Denville,duck,conventional,false,0.0
1987,408205.328494384,4.69042478868277e6,Lancaster,Kearny,duck,conventional,false,0.004
1988,446452.978599404,4.64298969384276e6,Allegheny,Princeton,duck,conventional,false,0.01
1989,401368.050086689,4.65390014055801e6,Blair,Quinton,chicken,broiler_2,false,0.01
1990,407957.748002381,4.68842794743946e6,Lancaster,Tuckerton,chicken,broiler_1,false,0.008
1991,406297.581846129,4.65997228117523e6,Blair,Carlstadt,chicken,broiler_2,false,0.002
1992,452221.303157081,4.65765201124547e6,Allegheny,Marion,duck,conventional,false,0.004
1993,407022.862669406,4.67407646439814e6,Fulton,Mountain Lakes,chicken,broiler_1,false,0.006
1994,459534.528365453,4.66751924558887e6,Allegheny,Long Hill,duck,organic,false,0.002
1995,459065.759024865,4.67678640154385e6,Allegheny,Toms River,duck,conventional,false,0.01
1996,446961.841241118,4.69176617053098e6,Lancaster,Alloways Creek,chicken,broiler_2,false,0.01
1997,409603.988365865,4.69039486723812e6,Lancaster,Far Hills,duck,conventional,false,0.002
1998,411470.09513842,4.69025340213897e6,Lancaster,Far Hills,chicken,broiler_1,false,0.008
1999,440344.854893788,4.63822592423514e6,Allegheny,Orange Village,duck,conventional,false,0.002
2000,438986.553100008,4.62749959116276e6,Fulton,Green Lane,duck,conventional,false,0.006
2001,453852.161842799,4.64741022902758e6,Allegheny,Durham,chicken,broiler_2,false,0.04
2002,457256.286446927,4.67698834688564e6,Allegheny,Toms River,duck,organic,false,0.0
2003,413876.906633849,4.69106688887159e6,Lancaster,Far Hills,duck,conventional,false,0.004
2004,412642.802201887,4.67906398939068e6,Fulton,Hilltown,duck,conventional,false,0.0
2005,464779.090311199,4.66731320044994e6,Allegheny,Long Hill,duck,conventional,false,0.002
2006,455724.160859631,4.68920770027099e6,Indiana,Lakewood,duck,organic,false,0.012
2007,414471.204979259,4.67715996026712e6,Fulton,Hilltown,duck,conventional,false,0.0
2008,444522.894826945,4.63259291769615e6,Susquehanna,Cranford,duck,conventional,false,0.006
2009,462623.809041083,4.68533208077965e6,Allegheny,Leonia,duck,organic,false,0.0
2010,406139.172442358,4.67069230745322e6,Fulton,Mountain Lakes,duck,conventional,false,0.002
2011,465651.665511445,4.68283307997781e6,Indiana,Wharton,duck,organic,false,0.01
2012,466813.302569363,4.67956057484e6,Allegheny,Passaic,duck,conventional,false,0.004
2013,403392.210322361,4.68024961186914e6,Blair,Branchburg,chicken,broiler_2,false,0.008
2014,401680.868827202,4.67954018319232e6,Blair,Branchburg,chicken,broiler_2,false,0.004
2015,394792.620237671,4.6606446170496e6,Blair,Vineland,chicken,broiler_1,false,0.016
2016,457906.533474587,4.67735077569692e6,Allegheny,Toms River,duck,conventional,false,0.002
2017,435098.924689748,4.62692958054005e6,Fulton,Falls,duck,conventional,false,0.0
2018,395030.098901108,4.65705321183968e6,Blair,New Britain,duck,organic,false,0.004
2019,410229.814658861,4.69313390323513e6,Lancaster,Kearny,chicken,broiler_2,false,0.004
2020,465313.270893121,4.67187465764594e6,Allegheny,Lacey,chicken,broiler_2,false,0.036
2021,401351.333259699,4.6449342271665e6,Blair,Quinton,duck,conventional,false,0.0
2022,465699.748345969,4.68226363139032e6,Indiana,Wharton,duck,conventional,false,0.006
2023,441979.940193569,4.63337877058941e6,Fulton,Chesilhurst,chicken,broiler_1,false,0.046
2024,458631.720348309,4.69092512752854e6,Indiana,Lakewood,duck,conventional,false,0.006
2025,462295.377656418,4.69082868243596e6,Indiana,Lakewood,chicken,broiler_2,false,0.024
2026,428943.752501508,4.62662635222197e6,Fulton,Gloucester City,chicken,broiler_2,false,0.016
2027,411275.94803128,4.6234127910976e6,Fulton,Amboy,chicken,broiler_2,false,0.012
2028,464719.8091319,4.66841120067308e6,Allegheny,Long Hill,duck,conventional,false,0.0
2029,408999.721996081,4.63164800837675e6,Blair,Walpack,chicken,broiler_1,false,0.008
2030,438434.196631862,4.69164590965826e6,Lancaster,Alloways Creek,duck,organic,false,0.004
2031,415800.18600381,4.62532357405811e6,Fulton,Verona,chicken,broiler_2,false,0.01
2032,444716.723804632,4.63054029368302e6,Susquehanna,Cranford,duck,conventional,false,0.008
2033,415115.685531509,4.6273222571063e6,Fulton,Verona,chicken,layer,false,0.002
2034,446674.623614449,4.63662933489667e6,Susquehanna,Cranford,chicken,broiler_2,false,0.036
2035,402734.022788559,4.6529938715118e6,Blair,Quinton,chicken,layer,false,0.002
2036,408406.547831436,4.66881391821481e6,Fulton,Mountain Lakes,duck,organic,false,0.0
2037,421867.786997635,4.6223907983847e6,Fulton,Mine Hill,duck,conventional,false,0.0
2038,435329.858483284,4.63587525595198e6,Fulton,Little Egg Harbor,duck,conventional,false,0.004
2039,397581.688206055,4.67627758582659e6,Blair,Jefferson,chicken,broiler_1,false,0.008
2040,428181.220250521,4.62503415607609e6,Fulton,Falls,chicken,broiler_1,false,0.018
2041,395564.402407024,4.67115158665516e6,Blair,Jefferson,duck,conventional,false,0.006
2042,437353.521129196,4.63210434789917e6,Fulton,Chesilhurst,duck,organic,false,0.002
2043,426977.076335185,4.63394387486151e6,Fulton,Gloucester City,duck,conventional,false,0.0
2044,427056.724855929,4.63056989430183e6,Fulton,Gloucester City,chicken,broiler_2,false,0.01
2045,426458.522324503,4.68475821160599e6,Lancaster,Lansdale,chicken,broiler_2,false,0.012
2046,450430.383855898,4.64264862345093e6,Allegheny,Princeton,duck,organic,false,0.012
2047,423448.169807181,4.63114950578137e6,Fulton,Lincoln Park,chicken,broiler_2,false,0.002
2048,438050.468782637,4.68488240656357e6,Lancaster,Emerson,chicken,broiler_2,false,0.008
2049,437900.344714044,4.62878102243484e6,Fulton,Chesilhurst,duck,conventional,false,0.0
2050,408218.61856209,4.68516156678429e6,Lancaster,Tuckerton,duck,organic,false,0.0
2051,409911.476371023,4.68197647540135e6,Fulton,Hilltown,chicken,broiler_1,false,0.012
2052,391946.284349594,4.66226471935862e6,Blair,Denville,chicken,broiler_2,false,0.004
2053,427609.170306271,4.68662333763181e6,Lancaster,Lansdale,duck,conventional,false,0.004
2054,410275.349257182,4.63898019082981e6,Fulton,Alpha,chicken,layer,false,0.002
2055,448997.807973589,4.65693762733014e6,Allegheny,Burlington,duck,conventional,false,0.0
2056,450153.064079621,4.64642553714627e6,Allegheny,Princeton,duck,conventional,false,0.0
2057,449100.453678184,4.63387880200252e6,Susquehanna,Cranford,duck,conventional,false,0.012
2058,420388.357924921,4.68365767320487e6,Lancaster,Lansdale,duck,conventional,false,0.0
2059,403627.369269444,4.64236428981831e6,Blair,Quinton,duck,conventional,false,0.0
2060,430534.461860415,4.63628973491669e6,Fulton,Somers Point,duck,conventional,false,0.0
2061,453548.579413416,4.69076115273053e6,Lancaster,Branchville,chicken,broiler_2,false,0.024
2062,415008.847890506,4.6257693191963e6,Fulton,Verona,chicken,broiler_1,false,0.008
2063,435958.972500837,4.63642818888467e6,Fulton,Little Egg Harbor,duck,conventional,false,0.002
2064,404688.171071009,4.66301194863832e6,Blair,Carlstadt,chicken,broiler_2,false,0.002
2065,414096.435615161,4.6275771829772e6,Fulton,Amboy,chicken,broiler_2,false,0.012
2066,460339.432016217,4.65621135703483e6,Allegheny,Oldmans,duck,organic,false,0.016
2067,430448.778599708,4.63123990989244e6,Fulton,Gloucester City,chicken,broiler_2,false,0.01
2068,454812.317287297,4.677079066762e6,Allegheny,Toms River,duck,organic,false,0.002
2069,402493.365852362,4.64110084238622e6,Blair,Walpack,duck,organic,false,0.004
2070,407384.839674594,4.68038330783443e6,Lancaster,Tuckerton,chicken,broiler_2,false,0.006
2071,446004.056166426,4.63748506783574e6,Susquehanna,Cranford,duck,conventional,false,0.004
2072,437625.51919708,4.62745046662873e6,Fulton,Green Lane,duck,conventional,false,0.0
2073,460138.256472907,4.67792371272953e6,Allegheny,Toms River,duck,conventional,false,0.006
2074,449222.683812058,4.63168268315613e6,Susquehanna,Cranford,chicken,layer,false,0.038
2075,396986.576345012,4.66720865956893e6,Blair,Vineland,duck,conventional,false,0.0
2076,424294.602054582,4.68703451929485e6,Lancaster,Lansdale,chicken,broiler_2,false,0.004
2077,425080.238480265,4.62789748058923e6,Fulton,Gloucester City,duck,conventional,false,0.002
2078,430966.716151187,4.62861818879124e6,Fulton,Gloucester City,duck,conventional,false,0.002
2079,421313.992254708,4.69060133007553e6,Lancaster,Lansdale,duck,organic,false,0.004
2080,403458.379875129,4.66029037540475e6,Blair,Carlstadt,chicken,broiler_2,false,0.008
2081,455088.847774879,4.6413924687938e6,Allegheny,Union,duck,conventional,false,0.014
2082,403771.392451376,4.66045693496486e6,Blair,Carlstadt,chicken,layer,false,0.006
2083,452084.331285302,4.69455181065664e6,Lancaster,Alloways Creek,duck,conventional,false,0.008
2084,408855.863276623,4.69163268084582e6,Lancaster,Kearny,duck,conventional,false,0.006
2085,418653.946090722,4.68621574727599e6,Lancaster,Lansdale,duck,conventional,false,0.01
2086,399903.43243752,4.67128071173254e6,Blair,Jefferson,chicken,broiler_1,false,0.006
2087,462870.564974121,4.66521359145472e6,Allegheny,Orange,chicken,broiler_1,false,0.006
2088,455273.997623355,4.69327208235794e6,Indiana,Nockamixon,chicken,broiler_2,false,0.018
2089,444419.213987892,4.63380119590043e6,Susquehanna,Cranford,chicken,layer,false,0.038
2090,443091.305112515,4.62796441576672e6,Susquehanna,Cranford,duck,conventional,false,0.0
2091,453030.510102096,4.66271480335757e6,Allegheny,Marion,duck,conventional,false,0.002
2092,460911.130793049,4.68179698492876e6,Allegheny,Leonia,duck,conventional,false,0.014
2093,453325.314349215,4.65026888818309e6,Allegheny,Burlington,duck,conventional,false,0.016
2094,449334.267812117,4.65344315529053e6,Allegheny,Burlington,chicken,broiler_1,false,0.042
2095,400033.673911102,4.6399615413196e6,Blair,Walpack,duck,conventional,false,0.0
2096,426740.238140599,4.62320856515874e6,Fulton,Mine Hill,duck,organic,false,0.002
2097,420064.223077506,4.62697888254082e6,Fulton,Lincoln Park,duck,organic,false,0.002
2098,461843.8806487,4.66251782320607e6,Allegheny,Orange,duck,conventional,false,0.0
2099,445981.017010134,4.64750329159495e6,Allegheny,Princeton,chicken,layer,false,0.038
2100,464215.969192835,4.68661619504979e6,Indiana,Wharton,chicken,broiler_1,false,0.022
2101,423419.055705693,4.62999628356053e6,Fulton,Lincoln Park,chicken,broiler_1,false,0.004
2102,402406.610969266,4.66662196179984e6,Blair,Carlstadt,chicken,broiler_2,false,0.01
2103,439307.500633616,4.62708277513765e6,Fulton,Green Lane,duck,organic,false,0.0
2104,440711.920290005,4.62938858364668e6,Fulton,Green Lane,duck,organic,false,0.004
2105,403787.778222603,4.63281055332901e6,Blair,Walpack,duck,conventional,false,0.008
2106,423333.111551837,4.62474983990732e6,Fulton,Mine Hill,chicken,broiler_2,false,0.012
2107,436307.027800375,4.68260181086867e6,Lancaster,Emerson,duck,organic,false,0.0
2108,461970.742593119,4.66033634493234e6,Allegheny,Orange,duck,organic,false,0.006
2109,453907.496933408,4.63587980846717e6,Susquehanna,Amwell,duck,conventional,false,0.008
2110,402676.865609906,4.64730613112535e6,Blair,Quinton,duck,conventional,false,0.002
2111,396730.18973458,4.65360610328675e6,Blair,Woodbury Heights,duck,conventional,false,0.0
2112,450318.53875732,4.69411360595458e6,Lancaster,Alloways Creek,chicken,broiler_1,false,0.012
2113,400947.022552654,4.64483528450198e6,Blair,Quinton,duck,conventional,false,0.002
2114,446547.44263237,4.690398386919e6,Lancaster,Branchville,chicken,broiler_2,false,0.002
2115,451416.801929586,4.65034661297845e6,Allegheny,Durham,duck,conventional,false,0.006
2116,394027.863611888,4.67227027397584e6,Blair,Jefferson,duck,organic,false,0.0
2117,452847.213048776,4.63733816578803e6,Susquehanna,Amwell,chicken,broiler_2,false,0.034
2118,403064.267935548,4.68720037273603e6,Lancaster,Tuckerton,duck,organic,false,0.002
2119,406100.141540052,4.62717554353166e6,Fulton,Amboy,duck,conventional,false,0.004
2120,401168.509757862,4.65167602189391e6,Blair,Quinton,duck,conventional,false,0.002
2121,456259.721244146,4.66960806464874e6,Allegheny,Long Hill,chicken,broiler_1,false,0.004
2122,399608.534867145,4.65017223445637e6,Blair,Quinton,duck,conventional,false,0.004
2123,429483.21762404,4.68088597260145e6,Lancaster,Lansdale,duck,conventional,false,0.002
2124,449493.06571444,4.68442882040851e6,Lancaster,Branchville,duck,conventional,false,0.002
2125,399535.920756911,4.67064217228887e6,Blair,Carlstadt,chicken,layer,false,0.01
2126,415037.952197786,4.63466599188465e6,Fulton,Alpha,duck,organic,false,0.002
2127,403953.836572545,4.65770594363128e6,Blair,New Britain,duck,organic,false,0.0
2128,393203.045814924,4.66798175105379e6,Blair,Vineland,duck,conventional,false,0.0
2129,445488.611730438,4.68371380362514e6,Lancaster,Mantua,chicken,broiler_1,false,0.004
2130,392227.694579663,4.66757684408091e6,Blair,Vineland,duck,conventional,false,0.0
2131,398030.594179423,4.66733867211839e6,Blair,Vineland,chicken,broiler_2,false,0.012
2132,418170.230943955,4.62814508793808e6,Fulton,Lincoln Park,duck,conventional,false,0.0
2133,447174.657842158,4.64301818120059e6,Allegheny,Princeton,duck,conventional,false,0.004
2134,422674.046251628,4.62172102032159e6,Fulton,Mine Hill,chicken,broiler_2,false,0.012
2135,459346.802760217,4.66856010170084e6,Allegheny,Long Hill,duck,conventional,false,0.0
2136,442322.94555973,4.63556150779766e6,Allegheny,Orange Village,chicken,broiler_1,false,0.022
2137,413534.316799928,4.68608950363517e6,Lancaster,Far Hills,duck,conventional,false,0.0
2138,454859.411747745,4.6498023609821e6,Allegheny,Burlington,duck,organic,false,0.01
2139,451272.966957421,4.69416902679976e6,Lancaster,Alloways Creek,duck,conventional,false,0.006
2140,458148.102283667,4.6563375562509e6,Allegheny,Oldmans,duck,conventional,false,0.014
2141,434341.7833824,4.63280683296086e6,Fulton,Chesilhurst,chicken,broiler_2,false,0.014
2142,395657.470162411,4.67209150491701e6,Blair,Jefferson,chicken,broiler_1,false,0.008
2143,440127.024737825,4.63707073328561e6,Allegheny,Orange Village,duck,organic,false,0.008
2144,430859.212959359,4.63436098530595e6,Fulton,Somers Point,chicken,broiler_2,false,0.01
2145,413930.921214483,4.62434994308554e6,Fulton,Verona,chicken,broiler_2,false,0.01
2146,439906.062378427,4.68129979436259e6,Lancaster,Mantua,chicken,broiler_1,false,0.006
2147,454458.693929071,4.66184903228898e6,Allegheny,Marion,chicken,broiler_2,false,0.014
2148,409153.129822421,4.63095667803911e6,Blair,Walpack,chicken,broiler_2,false,0.01
2149,438002.548663355,4.68917232076089e6,Lancaster,Emerson,chicken,broiler_2,false,0.016
2150,405367.961083807,4.63605148550734e6,Blair,Walpack,chicken,broiler_1,false,0.006
2151,425930.872637494,4.69087869969838e6,Lancaster,Lansdale,chicken,broiler_2,false,0.014
2152,453306.068232719,4.68992763168549e6,Lancaster,Branchville,duck,conventional,false,0.0
2153,449938.189775781,4.68729833977013e6,Lancaster,Branchville,duck,organic,false,0.002
2154,403521.705795284,4.65934990842294e6,Blair,Carlstadt,chicken,broiler_1,false,0.006
2155,422775.204884227,4.62419060213399e6,Fulton,Mine Hill,duck,conventional,false,0.004
2156,404144.383404814,4.63493029515745e6,Blair,Walpack,chicken,broiler_1,false,0.02
2157,456260.639631719,4.66688683536252e6,Allegheny,Long Hill,duck,conventional,false,0.004
2158,435925.648256151,4.63968605845605e6,Allegheny,Orange Village,duck,conventional,false,0.004
2159,449305.674289216,4.68762213707735e6,Lancaster,Branchville,duck,conventional,false,0.0
2160,429834.048878779,4.69042854557208e6,Lancaster,Lansdale,duck,organic,false,0.0
2161,437146.717745142,4.63403350145359e6,Fulton,Chesilhurst,duck,conventional,false,0.002
2162,445880.198148327,4.63597919482783e6,Susquehanna,Cranford,duck,conventional,false,0.006
2163,402201.697734984,4.64627078487444e6,Blair,Quinton,duck,conventional,false,0.0
2164,427057.319414115,4.62847660102983e6,Fulton,Gloucester City,duck,conventional,false,0.0
2165,447771.976326282,4.63737594236724e6,Susquehanna,Cranford,chicken,broiler_1,false,0.036
2166,456596.970301707,4.68282584044682e6,Allegheny,Leonia,duck,organic,false,0.012
2167,429880.775518759,4.68354447114731e6,Lancaster,Lansdale,duck,conventional,false,0.002
2168,449748.145889687,4.66219674505788e6,Allegheny,Marion,duck,conventional,false,0.002
2169,418581.009949023,4.63300742543099e6,Fulton,Lincoln Park,chicken,broiler_2,false,0.008
2170,403071.773492562,4.68553189956059e6,Lancaster,Tuckerton,duck,conventional,false,0.0
2171,462758.814134438,4.67129614627406e6,Allegheny,Toms River,chicken,broiler_2,false,0.008
2172,447293.905472569,4.65701415869627e6,Allegheny,Burlington,chicken,broiler_2,false,0.004
2173,454272.045811353,4.69399219491081e6,Indiana,Nockamixon,duck,conventional,false,0.008
2174,464356.18401316,4.67927246669792e6,Allegheny,Passaic,chicken,broiler_1,false,0.024
2175,414136.529379559,4.63973835899148e6,Fulton,Alpha,duck,conventional,false,0.004
2176,421455.025930804,4.68674670929844e6,Lancaster,Lansdale,duck,conventional,false,0.002
2177,405423.350882302,4.67684077393413e6,Blair,Branchburg,duck,conventional,false,0.004
2178,460821.21999422,4.67512211058638e6,Allegheny,Toms River,chicken,broiler_2,false,0.036
2179,428013.991755417,4.63423205818686e6,Fulton,Somers Point,chicken,broiler_2,false,0.01
2180,406087.784453957,4.67868947878711e6,Blair,Branchburg,chicken,broiler_1,false,0.012
2181,404294.873576009,4.63554406558819e6,Blair,Walpack,chicken,broiler_2,false,0.002
2182,399841.729372263,4.63901019240354e6,Blair,Tabernacle,duck,conventional,false,0.0
2183,403762.728949405,4.645922349651e6,Blair,Quinton,chicken,broiler_2,false,0.004
2184,427455.933557951,4.68170400895501e6,Lancaster,Lansdale,duck,conventional,false,0.006
2185,407874.143054235,4.64085751229862e6,Blair,Walpack,chicken,broiler_2,false,0.004
2186,411800.143938981,4.62521245425692e6,Fulton,Amboy,chicken,layer,false,0.01
2187,418774.580338328,4.68533912745618e6,Lancaster,Lansdale,duck,conventional,false,0.004
2188,456196.363880637,4.69310271700421e6,Indiana,Nockamixon,chicken,broiler_2,false,0.024
2189,422380.455083867,4.63093602922538e6,Fulton,Lincoln Park,chicken,broiler_2,false,0.008
2190,434545.978154366,4.63146478847315e6,Fulton,Chesilhurst,chicken,broiler_1,false,0.006
2191,433295.403998136,4.68288438893236e6,Lancaster,Emerson,duck,conventional,false,0.006
2192,410027.86245379,4.63305133213148e6,Fulton,Alpha,duck,conventional,false,0.0
2193,447257.614025997,4.63416464713939e6,Susquehanna,Cranford,chicken,broiler_1,false,0.04
2194,407084.972604934,4.67888665390235e6,Blair,Branchburg,duck,conventional,false,0.0
2195,439941.545499568,4.68874471004632e6,Lancaster,Alloways Creek,chicken,broiler_2,false,0.006
2196,409227.568981273,4.64102248207466e6,Blair,Walpack,duck,conventional,false,0.002
2197,457595.695819332,4.6772580172634e6,Allegheny,Toms River,duck,conventional,false,0.002
2198,459055.281460396,4.66482647123757e6,Allegheny,Long Hill,duck,conventional,false,0.002
2199,424218.903520248,4.69174227888769e6,Lancaster,Raritan,chicken,broiler_1,false,0.012
2200,423373.036212287,4.68881350247842e6,Lancaster,Lansdale,chicken,broiler_2,false,0.006
2201,408481.920413783,4.62770053263709e6,Fulton,Amboy,chicken,broiler_2,false,0.004
2202,432103.929432593,4.63433084716169e6,Fulton,Somers Point,chicken,broiler_1,false,0.008
2203,399284.348063037,4.67798958135535e6,Blair,Branchburg,duck,conventional,false,0.0
2204,423106.168017851,4.62397892198061e6,Fulton,Mine Hill,chicken,broiler_2,false,0.012
2205,415410.380569152,4.54302643044535e6,Cumberland,Mendham,duck,conventional,false,0.002
2206,422940.912562104,4.52699883494934e6,Berks,Sea Bright,chicken,broiler_2,false,0.002
2207,413540.99788824,4.51247327171846e6,Mifflin,Oxford,duck,conventional,false,0.002
2208,412872.679308443,4.53482309214555e6,Berks,Elmer,duck,organic,false,0.0
2209,424818.23551343,4.52258998986199e6,Berks,Ocean City,chicken,broiler_2,false,0.0
2210,445043.384540383,4.53057849168724e6,Berks,Arlington,duck,conventional,false,0.002
2211,410328.986533775,4.53078423873394e6,Cumberland,Mount Olive,duck,conventional,false,0.0
2212,445771.870633816,4.52469893973182e6,Berks,Little Falls,chicken,broiler_2,false,0.0
2213,410063.259986392,4.52909783918094e6,Cumberland,Mount Olive,chicken,broiler_2,false,0.008
2214,419356.83873475,4.55599371283064e6,Cumberland,Hammonton,chicken,broiler_1,false,0.0
2215,429014.305827352,4.54650160982206e6,Berks,Tenafly,chicken,broiler_1,false,0.004
2216,430882.605465002,4.52456634591852e6,Berks,Freehold,chicken,broiler_1,false,0.008
2217,439947.286092525,4.53165492889373e6,Berks,Arlington,chicken,broiler_2,false,0.004
2218,443157.970249387,4.51575724414526e6,Berks,Franklin Lakes,duck,organic,false,0.002
2219,410000.773750919,4.54462613269419e6,Cumberland,Roxbury,chicken,broiler_1,false,0.004
2220,444068.23105474,4.52775487235909e6,Berks,Bogota,duck,organic,false,0.002
2221,430579.0755683,4.5533528324163e6,Susquehanna,Lyndhurst,duck,conventional,false,0.004
2222,414052.871317791,4.51129489044538e6,Mifflin,Oxford,chicken,broiler_1,false,0.018
2223,420408.49394905,4.54963085106237e6,Berks,Tenafly,chicken,broiler_1,false,0.004
2224,428901.711587496,4.55514346352502e6,Susquehanna,Lyndhurst,duck,organic,false,0.0
2225,415750.784416081,4.55004280183538e6,Cumberland,Mendham,chicken,broiler_2,false,0.002
2226,433191.578290093,4.5453154644237e6,Berks,Stratford,duck,conventional,false,0.0
2227,415361.569516404,4.53301222077309e6,Berks,Elmer,chicken,broiler_2,false,0.006
2228,445165.956865259,4.52636634503671e6,Berks,Little Falls,duck,organic,false,0.0
2229,408528.412330857,4.52875487874187e6,Cumberland,Mount Olive,duck,conventional,false,0.006
2230,419722.495938632,4.54099412896062e6,Cumberland,Montvale,chicken,broiler_2,false,0.0
2231,443449.113002115,4.51599881197972e6,Berks,Franklin Lakes,chicken,broiler_2,false,0.004
2232,407233.248595614,4.5472918771942e6,Cumberland,Roxbury,duck,conventional,false,0.002
2233,416233.55178382,4.51257042582599e6,Mifflin,Oxford,chicken,layer,false,0.01
2234,429525.282052938,4.54293499293098e6,Berks,Liberty,duck,organic,true,0.0
2235,410899.033646949,4.52760665025334e6,Cumberland,Mount Olive,duck,conventional,false,0.002
2236,423724.1575811,4.51583516804196e6,Mifflin,Penndel,chicken,broiler_2,false,0.004
2237,431066.393777749,4.55426315688763e6,Susquehanna,Lyndhurst,chicken,broiler_2,false,0.0
2238,437498.057508583,4.52961480118726e6,Berks,Carteret,duck,organic,false,0.002
2239,419030.474193353,4.5160789487271e6,Mifflin,Penndel,chicken,broiler_2,false,0.004
2240,424024.332801945,4.53733415191504e6,Cumberland,Harvey Cedars,chicken,broiler_2,false,0.012
2241,435916.546804564,4.52227228002661e6,Berks,Haddon,chicken,broiler_2,false,0.004
2242,446633.119714071,4.52370794929213e6,Berks,Little Falls,duck,conventional,false,0.0
2243,442845.11515946,4.53066742318795e6,Berks,Arlington,duck,conventional,true,0.0
2244,432627.663540152,4.55294440645208e6,Berks,Stratford,chicken,broiler_2,false,0.002
2245,430474.805724949,4.52095380678878e6,Berks,Wallington,duck,conventional,false,0.002
2246,422459.898783163,4.53507268530156e6,Cumberland,Harvey Cedars,duck,conventional,false,0.002
2247,429300.398238481,4.53413431616261e6,Berks,Elk,chicken,broiler_2,false,0.004
2248,434816.971369312,4.54116305295111e6,Berks,Sayreville,duck,organic,false,0.0
2249,403364.532439083,4.52867591731333e6,Cumberland,Mount Olive,chicken,broiler_2,false,0.012
2250,437679.91434717,4.52362019974248e6,Berks,Haddon,chicken,broiler_2,false,0.008
2251,427939.534897011,4.5537409323231e6,Susquehanna,Lyndhurst,duck,conventional,false,0.002
2252,413714.658972286,4.55250564120366e6,Cumberland,Mendham,chicken,broiler_2,false,0.004
2253,422046.188938402,4.55713606581003e6,Cumberland,Hammonton,duck,conventional,false,0.0
2254,417010.255048592,4.52974229096981e6,Berks,Elmer,chicken,broiler_2,false,0.004
2255,419138.101339444,4.52917571047949e6,Berks,Elmer,chicken,broiler_1,false,0.002
2256,419600.027876519,4.53999193077658e6,Cumberland,Montvale,chicken,broiler_2,false,0.006
2257,430114.946716794,4.54696991921732e6,Berks,Tenafly,duck,conventional,false,0.002
2258,445160.707325165,4.51941288055448e6,Berks,Little Falls,chicken,broiler_2,false,0.008
2259,428059.409487714,4.52766548147835e6,Berks,Freehold,duck,conventional,false,0.002
2260,420541.797698445,4.54784117916419e6,Cumberland,Mendham,chicken,broiler_2,false,0.004
2261,441565.171517078,4.52643104650681e6,Berks,Bogota,chicken,broiler_2,false,0.01
2262,425771.322340787,4.52670840866094e6,Berks,Sea Bright,chicken,broiler_1,false,0.006
2263,429295.623581472,4.54031446112114e6,Berks,Liberty,duck,organic,false,0.0
2264,416109.071568456,4.54267174947327e6,Cumberland,Montvale,chicken,broiler_2,false,0.008
2265,408214.219415232,4.53324354401386e6,Cumberland,Mount Olive,duck,conventional,false,0.0
2266,432845.349542835,4.52574872886613e6,Berks,Freehold,duck,conventional,false,0.002
2267,433169.431843668,4.5501541026466e6,Berks,Stratford,duck,conventional,false,0.0
2268,438617.541974408,4.54481334749378e6,Berks,Manalapan,chicken,broiler_2,false,0.002
2269,411918.151578991,4.52856958715277e6,Cumberland,Mount Olive,duck,conventional,false,0.002
2270,426900.092949839,4.53265198614408e6,Berks,Elk,duck,conventional,false,0.0
2271,450169.696257086,4.52258117731392e6,Berks,Little Falls,duck,organic,false,0.0
2272,404978.26742277,4.53745504290758e6,Cumberland,Wildwood Crest,duck,conventional,false,0.002
2273,412090.061941612,4.52141109928342e6,Mifflin,Edgewater,duck,conventional,false,0.002
2274,445029.536078801,4.52787090989237e6,Berks,Little Falls,chicken,broiler_2,false,0.008
2275,442639.663391681,4.51363458912697e6,Berks,Plainfield,chicken,broiler_2,false,0.012
2276,434625.721687751,4.51418968675938e6,Berks,Chatham,chicken,layer,false,0.0
2277,407738.693525038,4.5416447653161e6,Cumberland,Wildwood Crest,duck,conventional,false,0.0
2278,416305.32259267,4.52333541455508e6,Mifflin,Edgewater,duck,conventional,false,0.0
2279,419754.10424777,4.53559641793379e6,Cumberland,Harvey Cedars,chicken,broiler_2,false,0.008
2280,426567.910606358,4.52339752779186e6,Berks,Ocean City,chicken,broiler_2,false,0.004
2281,425717.621653665,4.51707667918177e6,Berks,Wallington,chicken,broiler_2,false,0.006
2282,433026.305463209,4.53184523475853e6,Berks,Hazlet,duck,organic,false,0.0
2283,439767.612469184,4.52578281844445e6,Berks,Carteret,chicken,broiler_2,false,0.006
2284,441884.800633249,4.51593773467449e6,Berks,Franklin Lakes,chicken,broiler_2,false,0.016
2285,433673.724477697,4.53413798822299e6,Berks,Hazlet,chicken,broiler_1,false,0.008
2286,445916.027827891,4.52469582733923e6,Berks,Little Falls,chicken,broiler_2,false,0.004
2287,441659.256374218,4.52079607776923e6,Berks,Little Falls,chicken,broiler_2,false,0.0
2288,418195.99068089,4.51975171730294e6,Mifflin,Oxford,duck,conventional,false,0.002
2289,417397.904226307,4.55888165233474e6,Cumberland,Hammonton,duck,conventional,false,0.0
2290,424724.952681655,4.56024464026612e6,Susquehanna,Lyndhurst,chicken,layer,false,0.006
2291,437542.120467592,4.51054348900788e6,Berks,Plainfield,duck,conventional,false,0.008
2292,435862.645681679,4.54640157711968e6,Berks,Manalapan,duck,conventional,false,0.002
2293,421289.481261814,4.51916039337252e6,Mifflin,Oxford,chicken,broiler_2,false,0.002
2294,428504.075844112,4.56177084137216e6,Susquehanna,Lyndhurst,duck,organic,false,0.0
2295,417641.159840742,4.55329927513305e6,Cumberland,Hammonton,duck,conventional,false,0.0
2296,413677.53844091,4.53389344618302e6,Berks,Elmer,chicken,broiler_2,false,0.008
2297,411161.361846052,4.54000287734609e6,Cumberland,Wildwood Crest,chicken,broiler_2,false,0.008
2298,419369.973554939,4.51703255721589e6,Mifflin,Penndel,chicken,broiler_2,false,0.004
2299,424517.50390015,4.53478108504485e6,Berks,Elk,duck,conventional,false,0.002
2300,432110.710840317,4.52420401294835e6,Berks,Freehold,duck,organic,false,0.002
2301,437116.151378032,4.5310442612374e6,Berks,Carteret,chicken,broiler_1,false,0.002
2302,426250.93279737,4.51253538719955e6,Mifflin,Morris Plains,chicken,broiler_2,false,0.004
2303,443997.589550463,4.52094388849848e6,Berks,Little Falls,duck,conventional,false,0.004
2304,425335.795169182,4.54134916530929e6,Berks,Liberty,duck,conventional,false,0.0
2305,423168.28863044,4.55932826006953e6,Susquehanna,Lyndhurst,chicken,layer,false,0.006
2306,408398.36849994,4.52682376153505e6,Cumberland,Mount Olive,duck,conventional,false,0.0
2307,419631.113545446,4.53434416496254e6,Cumberland,Harvey Cedars,duck,conventional,false,0.002
2308,447995.210609985,4.52015678767341e6,Berks,Little Falls,duck,conventional,false,0.0
2309,426048.116483371,4.54537662883047e6,Berks,Liberty,chicken,layer,false,0.006
2310,412520.723203685,4.54678216368786e6,Cumberland,Roxbury,chicken,broiler_2,false,0.006
2311,437554.649221256,4.5506903213684e6,Berks,Stratford,chicken,broiler_1,false,0.002
2312,439775.363258811,4.53330668806209e6,Berks,Arlington,duck,conventional,false,0.002
2313,427069.728603003,4.55710509414389e6,Susquehanna,Lyndhurst,duck,conventional,false,0.0
2314,443805.737494445,4.54527208295219e6,Berks,Manalapan,chicken,broiler_2,false,0.002
2315,438768.708059734,4.54747904819077e6,Berks,Manalapan,chicken,broiler_2,false,0.006
2316,431988.607924421,4.5162671870988e6,Berks,Chatham,chicken,broiler_2,false,0.008
2317,417727.571377612,4.52281587615823e6,Mifflin,Edgewater,duck,conventional,false,0.0
2318,414948.935050027,4.5260857019117e6,Mifflin,Edgewater,chicken,broiler_2,false,0.01
2319,425953.992254835,4.55089508275598e6,Berks,Tenafly,duck,organic,true,0.0
2320,411206.126337083,4.5464547819596e6,Cumberland,Roxbury,duck,conventional,false,0.002
2321,411064.489770454,4.55647707470431e6,Cumberland,Hammonton,duck,conventional,false,0.002
2322,422498.682531619,4.55976238431604e6,Susquehanna,Lyndhurst,chicken,broiler_2,false,0.0
2323,445667.549388899,4.53632143120536e6,Berks,Arlington,chicken,broiler_2,false,0.002
2324,411863.480998108,4.5476729961591e6,Cumberland,Roxbury,duck,conventional,false,0.002
2325,425268.323939485,4.55678645298321e6,Susquehanna,Lyndhurst,duck,conventional,false,0.0
2326,434036.368645079,4.52351387524926e6,Berks,Haddon,chicken,broiler_1,false,0.01
2327,426661.635149536,4.55145122939644e6,Berks,Tenafly,duck,conventional,false,0.0
2328,424413.65756427,4.54753332474817e6,Berks,Tenafly,duck,organic,false,0.0
2329,407596.129478978,4.54388987185485e6,Cumberland,Roxbury,duck,conventional,false,0.0
2330,403590.402631165,4.52843939494176e6,Cumberland,Mount Olive,chicken,broiler_2,false,0.008
2331,426629.353718018,4.51694873669578e6,Berks,Wallington,duck,conventional,false,0.002
2332,428686.785170381,4.55616725480725e6,Susquehanna,Lyndhurst,chicken,broiler_1,false,0.004
2333,439045.128838369,4.52848117140794e6,Berks,Carteret,chicken,broiler_2,false,0.002
2334,417469.193998799,4.52002768563084e6,Mifflin,Oxford,chicken,broiler_2,false,0.0
2335,416998.56937771,4.53906141345018e6,Cumberland,Montvale,chicken,broiler_2,false,0.004
2336,427177.906871267,4.53712290323709e6,Berks,Fairfield,duck,organic,false,0.0
2337,444067.546293666,4.53769120746545e6,Berks,Arlington,duck,conventional,false,0.002
2338,413745.845131253,4.54672246312216e6,Cumberland,Roxbury,duck,conventional,false,0.0
2339,413690.049917899,4.5234836299366e6,Mifflin,Edgewater,chicken,broiler_2,false,0.0
2340,430018.77532123,4.51282133646504e6,Berks,Chatham,duck,conventional,false,0.002
2341,417227.758688485,4.55583279507495e6,Cumberland,Hammonton,chicken,broiler_2,false,0.0
2342,421354.25829361,4.51603846644671e6,Mifflin,Penndel,chicken,broiler_1,false,0.004
2343,428562.275445209,4.56161341055604e6,Susquehanna,Lyndhurst,duck,conventional,false,0.0
2344,419611.370312587,4.52269682689222e6,Berks,Ocean City,duck,organic,false,0.0
2345,411911.768770787,4.52163674094526e6,Mifflin,Edgewater,duck,organic,false,0.0
2346,430015.549012599,4.52778046741399e6,Berks,Freehold,chicken,layer,false,0.004
2347,436154.477952084,4.54183273441971e6,Berks,Sayreville,chicken,broiler_2,false,0.006
2348,419528.8958267,4.53748221944627e6,Cumberland,Harvey Cedars,chicken,broiler_1,false,0.008
2349,411308.421846682,4.53176318340897e6,Cumberland,Mount Olive,chicken,broiler_2,false,0.006
2350,437209.69808491,4.55259971970803e6,Berks,Stratford,duck,conventional,false,0.0
2351,425675.87681836,4.52744676054113e6,Berks,Sea Bright,chicken,broiler_2,false,0.004
2352,441430.781425725,4.53789667883849e6,Berks,Hazlet,chicken,broiler_2,false,0.0
2353,431808.388558453,4.5468924018631e6,Berks,Stratford,chicken,broiler_2,false,0.002
2354,434193.45497671,4.51852534988619e6,Berks,Franklin Lakes,duck,conventional,false,0.0
2355,437934.579762276,4.5211867838859e6,Berks,Haddon,duck,organic,false,0.006
2356,422686.958508182,4.53747343048313e6,Cumberland,Harvey Cedars,chicken,broiler_2,false,0.0
2357,430726.491735405,4.54819196683172e6,Berks,Tenafly,duck,conventional,false,0.002
2358,430866.873913791,4.54322461825845e6,Berks,Liberty,chicken,broiler_2,false,0.006
2359,426035.055387618,4.5347789788189e6,Berks,Elk,duck,conventional,false,0.006
2360,413860.121895639,4.53081392523831e6,Berks,Elmer,duck,conventional,false,0.002
2361,435417.955696148,4.51581393567196e6,Berks,Chatham,duck,conventional,false,0.0
2362,420504.654362184,4.52803443806387e6,Berks,Sea Bright,chicken,broiler_2,false,0.004
2363,439132.77866863,4.51619234009394e6,Berks,Franklin Lakes,chicken,broiler_2,false,0.0
2364,439792.821382379,4.54608218582099e6,Berks,Manalapan,duck,conventional,false,0.002
2365,442920.337426687,4.52304371719992e6,Berks,Little Falls,chicken,broiler_2,false,0.006
2366,411805.713233849,4.55497499573394e6,Cumberland,Mendham,duck,organic,false,0.002
2367,445824.021827233,4.53768524249147e6,Berks,Arlington,duck,conventional,false,0.0
2368,420722.833234334,4.53190707621193e6,Berks,Elmer,duck,conventional,false,0.002
2369,422946.489714373,4.52316745847019e6,Berks,Ocean City,duck,organic,false,0.0
2370,427075.964724394,4.5218884554788e6,Berks,Ocean City,chicken,broiler_2,true,0.0
2371,421794.805967106,4.53392121658241e6,Berks,Elk,duck,conventional,false,0.0
2372,412740.819872693,4.53250028562519e6,Berks,Elmer,chicken,layer,false,0.014
2373,433831.277282335,4.54035253103901e6,Berks,Sayreville,duck,conventional,false,0.0
2374,424394.36347606,4.524909119526e6,Berks,Sea Bright,duck,conventional,false,0.002
2375,411578.566646567,4.53732967280867e6,Cumberland,Wildwood Crest,duck,conventional,false,0.004
2376,424530.265192925,4.55800715534007e6,Susquehanna,Lyndhurst,chicken,broiler_2,true,0.0
2377,410129.336583145,4.54821833610514e6,Cumberland,Roxbury,duck,conventional,false,0.002
2378,432521.428112437,4.5382137367873e6,Berks,Sayreville,chicken,broiler_2,false,0.0
2379,431081.48008533,4.51490511268066e6,Berks,Chatham,duck,conventional,false,0.0
2380,408734.691298752,4.53756882431198e6,Cumberland,Wildwood Crest,chicken,broiler_2,false,0.006
2381,428509.070185929,4.53917535616131e6,Berks,Fairfield,duck,conventional,false,0.0
2382,434121.626684399,4.54387738702255e6,Berks,Sayreville,duck,conventional,false,0.004
2383,407481.521723873,4.54284288494278e6,Cumberland,Roxbury,chicken,broiler_1,false,0.01
2384,420520.67758098,4.5416914468055e6,Cumberland,Montvale,chicken,broiler_1,false,0.002
2385,423113.531594333,4.53601784006362e6,Cumberland,Harvey Cedars,duck,conventional,false,0.002
2386,421959.090959917,4.5402844198978e6,Cumberland,Montvale,duck,organic,false,0.0
2387,423630.157051192,4.53335428302979e6,Berks,Elk,duck,conventional,false,0.0
2388,428700.747886146,4.51357172361305e6,Mifflin,Morris Plains,duck,organic,false,0.0
2389,445527.349588246,4.53849373271483e6,Berks,Arlington,chicken,broiler_2,false,0.008
2390,414823.278296748,4.53175521114567e6,Berks,Elmer,duck,conventional,false,0.002
2391,426384.078599937,4.51574784155905e6,Mifflin,Morris Plains,chicken,broiler_2,false,0.01
2392,416371.353287625,4.53871580240009e6,Cumberland,Montvale,duck,conventional,false,0.0
2393,431916.554119992,4.53215366843053e6,Berks,Elk,chicken,broiler_1,false,0.008
2394,438423.031509641,4.54338949099405e6,Berks,Manalapan,duck,conventional,false,0.0
2395,425345.122050855,4.52442305250116e6,Berks,Ocean City,chicken,broiler_2,true,0.0
2396,435691.857486477,4.53797517965199e6,Berks,Hazlet,chicken,broiler_2,true,0.0
2397,436183.504331451,4.52666014012583e6,Berks,Carteret,duck,conventional,false,0.002
2398,427438.905717326,4.51350908828893e6,Mifflin,Morris Plains,duck,conventional,false,0.002
2399,428859.967671197,4.51887266699284e6,Berks,Wallington,chicken,broiler_2,false,0.004
2400,440428.888223818,4.51145899796876e6,Berks,Plainfield,chicken,broiler_2,false,0.008
2401,442575.815330299,4.53230514324008e6,Berks,Arlington,chicken,broiler_2,false,0.0
2402,426376.648786729,4.51996297205352e6,Berks,Ocean City,chicken,broiler_2,false,0.002
2403,431110.116487255,4.54787265535169e6,Berks,Stratford,chicken,broiler_1,false,0.002
2404,426088.784608865,4.52882397583089e6,Berks,Sea Bright,chicken,broiler_1,false,0.008
2405,416847.186960846,4.53386678425103e6,Cumberland,Harvey Cedars,duck,organic,false,0.002
2406,415940.665962182,4.5418871159771e6,Cumberland,Montvale,duck,conventional,false,0.0
2407,447068.040791383,4.5246779036085e6,Berks,Little Falls,chicken,broiler_2,false,0.004
2408,423323.56352484,4.52619996138772e6,Berks,Sea Bright,duck,conventional,false,0.0
2409,440622.673911195,4.52755782038699e6,Berks,Carteret,chicken,broiler_1,false,0.008
2410,419914.428979316,4.53156160124327e6,Berks,Elmer,duck,conventional,false,0.002
2411,436115.441417299,4.52016597442625e6,Berks,Haddon,duck,conventional,false,0.0
2412,444633.849897309,4.52329639630457e6,Berks,Little Falls,duck,conventional,false,0.0
2413,423108.296138957,4.52974833320898e6,Berks,Sea Bright,chicken,broiler_2,false,0.002
2414,430523.986496427,4.54064222365254e6,Berks,Liberty,chicken,broiler_2,false,0.006
2415,416342.884390878,4.53427649106136e6,Cumberland,Harvey Cedars,duck,conventional,false,0.0
2416,443631.619284546,4.52683265631417e6,Berks,Bogota,chicken,layer,false,0.004
2417,410695.18107155,4.54419579702774e6,Cumberland,Roxbury,chicken,broiler_2,false,0.002
2418,409920.126200668,4.53647549006701e6,Cumberland,Wildwood Crest,chicken,broiler_1,false,0.006
2419,421288.160288042,4.51870003257193e6,Mifflin,Oxford,chicken,broiler_2,false,0.0
2420,429106.633439974,4.55819878140092e6,Susquehanna,Lyndhurst,chicken,broiler_1,true,0.0
2421,432015.476946093,4.54256032109852e6,Berks,Liberty,chicken,broiler_2,false,0.004
2422,413855.359438653,4.54675059545053e6,Cumberland,Roxbury,chicken,broiler_2,false,0.002
2423,413775.733807628,4.52968295091566e6,Berks,Elmer,duck,conventional,false,0.004
2424,447210.161422462,4.52430440609212e6,Berks,Little Falls,chicken,broiler_2,false,0.002
2425,429769.611683156,4.51876201084434e6,Berks,Wallington,chicken,layer,true,0.0
2426,432765.209499855,4.5568918645325e6,Susquehanna,Lyndhurst,duck,organic,false,0.004
2427,405513.989943941,4.54249460509268e6,Cumberland,Wildwood Crest,duck,conventional,false,0.0
2428,443611.166159301,4.53644196263944e6,Berks,Arlington,chicken,layer,false,0.002
2429,440053.131488737,4.54759377709463e6,Berks,Manalapan,chicken,broiler_2,false,0.004
2430,425103.146892646,4.53550154543706e6,Berks,Elk,chicken,broiler_1,false,0.0
2431,428016.777718826,4.54232508658843e6,Berks,Liberty,duck,conventional,false,0.002
2432,432048.900804312,4.55648220190744e6,Susquehanna,Lyndhurst,chicken,broiler_2,false,0.01
2433,405527.879427268,4.54361163641371e6,Cumberland,Roxbury,duck,conventional,false,0.002
2434,416648.208195493,4.55173224485595e6,Cumberland,Mendham,duck,organic,false,0.002
2435,426027.629710707,4.552835776518e6,Berks,Tenafly,chicken,broiler_2,false,0.004
2436,440848.726785831,4.51097083578915e6,Berks,Plainfield,chicken,broiler_2,false,0.016
2437,429168.399418232,4.55701123562333e6,Susquehanna,Lyndhurst,chicken,broiler_1,false,0.0
2438,441196.813876669,4.54189262414807e6,Berks,Sayreville,chicken,broiler_1,true,0.0
2439,426321.50071357,4.51588313635201e6,Mifflin,Morris Plains,duck,conventional,false,0.0
2440,436709.468659608,4.51661718499355e6,Berks,Chatham,duck,conventional,false,0.002
2441,434733.974372006,4.53143417217586e6,Berks,Carteret,chicken,broiler_2,false,0.01
2442,422334.983865987,4.53421942722805e6,Cumberland,Harvey Cedars,duck,conventional,false,0.0
2443,422658.14152727,4.53556359342702e6,Cumberland,Harvey Cedars,chicken,broiler_2,false,0.008
2444,414137.277611579,4.52282353246687e6,Mifflin,Edgewater,chicken,broiler_2,false,0.006
2445,420601.940553889,4.52383060324397e6,Mifflin,Edgewater,duck,conventional,false,0.0
2446,419397.409833514,4.53190185417934e6,Berks,Elmer,duck,conventional,false,0.0
2447,442172.603810158,4.53218336063627e6,Berks,Arlington,chicken,broiler_1,true,0.0
2448,416730.332887887,4.53248416901092e6,Berks,Elmer,chicken,broiler_2,false,0.004
2449,424157.49676246,4.52699525149459e6,Berks,Sea Bright,duck,conventional,false,0.0
2450,443422.089558175,4.50790407860586e6,Berks,Plainfield,duck,conventional,false,0.0
2451,425338.092956119,4.54983197833108e6,Berks,Tenafly,chicken,broiler_1,false,0.008
2452,429174.758603553,4.52163152168375e6,Berks,Wallington,chicken,layer,false,0.008
2453,413107.808417725,4.5499970490192e6,Cumberland,Mendham,chicken,layer,false,0.008
2454,420035.629410415,4.55008798699508e6,Berks,Tenafly,duck,conventional,false,0.0
2455,436728.720278083,4.51878971743008e6,Berks,Franklin Lakes,duck,conventional,false,0.0
2456,439123.05756806,4.52956118075316e6,Berks,Carteret,duck,organic,false,0.0
2457,407391.262799069,4.53517279620447e6,Cumberland,Wildwood Crest,duck,organic,false,0.004
2458,432637.731269808,4.51079321749265e6,Berks,Chatham,duck,conventional,false,0.0
2459,440467.168811513,4.51830082579792e6,Berks,Franklin Lakes,chicken,broiler_2,false,0.002
2460,412562.20584184,4.5516414243594e6,Cumberland,Mendham,chicken,broiler_2,false,0.004
2461,440355.319801473,4.520257114377e6,Berks,Haddon,chicken,broiler_2,false,0.006
2462,430925.633623076,4.53049422573185e6,Berks,Freehold,duck,conventional,false,0.002
2463,443192.293916874,4.53530263016486e6,Berks,Arlington,duck,conventional,false,0.002
2464,426564.056520687,4.54253175642317e6,Berks,Liberty,chicken,layer,false,0.0
2465,423683.159317332,4.5544563918815e6,Cumberland,Hammonton,chicken,broiler_2,false,0.008
2466,413818.90900991,4.5521334665954e6,Cumberland,Mendham,duck,conventional,false,0.0
2467,432955.832770631,4.54099930385644e6,Berks,Sayreville,chicken,broiler_2,true,0.0
2468,437764.432843605,4.52548078016744e6,Berks,Carteret,chicken,broiler_2,false,0.0
2469,431529.532416896,4.53391493508712e6,Berks,Elk,chicken,broiler_2,false,0.008
2470,439497.20503615,4.52324868287882e6,Berks,Bogota,duck,conventional,false,0.0
2471,409171.653671152,4.53876131920107e6,Cumberland,Wildwood Crest,chicken,broiler_2,false,0.008
2472,417296.698090388,4.5377727432219e6,Cumberland,Montvale,chicken,broiler_2,false,0.004
2473,424678.555405992,4.54974002562727e6,Berks,Tenafly,chicken,broiler_2,false,0.0
2474,431240.033472722,4.55254229518756e6,Berks,Stratford,duck,conventional,false,0.0
2475,434853.606792016,4.54729893449004e6,Berks,Stratford,chicken,layer,false,0.002
2476,425675.486458278,4.55177700760045e6,Berks,Tenafly,duck,conventional,false,0.0
2477,422706.899318947,4.52292547841693e6,Berks,Ocean City,duck,organic,false,0.004
2478,430751.145505225,4.53808861505785e6,Berks,Fairfield,duck,conventional,false,0.002
2479,441084.552007121,4.51821865244746e6,Berks,Franklin Lakes,chicken,broiler_1,false,0.004
2480,432259.570627255,4.55548678173335e6,Susquehanna,Lyndhurst,chicken,broiler_2,false,0.004
2481,435394.083010975,4.55686966746459e6,Berks,Stratford,chicken,broiler_2,true,0.0
2482,427405.755843978,4.54219294748374e6,Berks,Liberty,duck,conventional,false,0.004
2483,413564.09461216,4.53754725077327e6,Cumberland,Wildwood Crest,duck,conventional,false,0.002
2484,420387.346953862,4.54047073839175e6,Cumberland,Montvale,chicken,broiler_1,false,0.002
2485,439601.955701387,4.52920677948896e6,Berks,Carteret,duck,organic,true,0.0
2486,426390.225348742,4.53381412997981e6,Berks,Elk,chicken,broiler_2,false,0.01
2487,412950.598811184,4.531090730715e6,Cumberland,Mount Olive,chicken,broiler_2,false,0.02
2488,431162.89859172,4.51990750305879e6,Berks,Wallington,duck,conventional,false,0.004
2489,418271.914430733,4.51725334001521e6,Mifflin,Oxford,chicken,layer,false,0.006
2490,424726.542757516,4.54139952309355e6,Berks,Liberty,chicken,broiler_2,true,0.0
2491,435135.466447184,4.52930870767942e6,Berks,Carteret,chicken,broiler_1,false,0.006
2492,428190.821464994,4.55363291364076e6,Susquehanna,Lyndhurst,duck,conventional,false,0.0
2493,435407.371104409,4.51140947754395e6,Berks,Plainfield,chicken,broiler_2,false,0.004
2494,428490.387843157,4.5520497372163e6,Berks,Stratford,chicken,broiler_2,false,0.002
2495,411815.927010222,4.54976781316439e6,Cumberland,Roxbury,chicken,broiler_2,true,0.0
2496,419019.664649,4.5152457968985e6,Mifflin,Oxford,duck,conventional,false,0.0
2497,407061.885555622,4.5463432356379e6,Cumberland,Roxbury,chicken,broiler_2,false,0.004
2498,423927.316351457,4.53754518220802e6,Cumberland,Harvey Cedars,duck,conventional,false,0.002
2499,432571.018894182,4.53099071635031e6,Berks,Freehold,chicken,broiler_2,false,0.008
2500,429727.552819885,4.54831698173549e6,Berks,Tenafly,chicken,broiler_2,false,0.002
2501,415555.013486247,4.5464826911682e6,Cumberland,Mendham,duck,conventional,false,0.0
2502,449538.882259852,4.52329142762436e6,Berks,Little Falls,duck,conventional,false,0.0
2503,435608.764306188,4.53690900953939e6,Berks,Hazlet,chicken,broiler_1,false,0.004
2504,408468.558594374,4.52782559294783e6,Cumberland,Mount Olive,chicken,broiler_2,false,0.008
2505,436062.795505902,4.5313484035579e6,Berks,Carteret,duck,organic,false,0.002
2506,419620.877633699,4.52726579013703e6,Mifflin,Edgewater,duck,conventional,false,0.0
2507,412499.639173405,4.53759284359846e6,Cumberland,Wildwood Crest,duck,conventional,false,0.0
2508,410639.554467275,4.55550829228315e6,Cumberland,Hammonton,duck,conventional,false,0.002
2509,415972.990932918,4.53814666727034e6,Cumberland,Montvale,chicken,broiler_2,false,0.006
2510,410322.954483736,4.52873186159561e6,Cumberland,Mount Olive,chicken,broiler_2,false,0.014
2511,428620.88250104,4.53094712378412e6,Berks,Freehold,duck,conventional,false,0.002
2512,405558.366579629,4.53540082736054e6,Cumberland,Wildwood Crest,chicken,broiler_2,false,0.008
2513,444604.582703677,4.5242485739268e6,Berks,Little Falls,duck,organic,false,0.0
2514,444969.921063529,4.54046783785967e6,Berks,Arlington,duck,conventional,false,0.002
2515,434989.720779906,4.51667144543166e6,Berks,Franklin Lakes,chicken,broiler_2,false,0.002
2516,417773.799969644,4.52797545515826e6,Mifflin,Edgewater,chicken,broiler_2,false,0.006
2517,434417.609244848,4.53746463921307e6,Berks,Sayreville,chicken,broiler_2,false,0.002
2518,431437.925756272,4.553536003792e6,Susquehanna,Lyndhurst,duck,conventional,false,0.0
2519,436158.830375797,4.51169257723304e6,Berks,Plainfield,chicken,layer,false,0.004
2520,411026.768830757,4.51168817250868e6,Mifflin,Oxford,chicken,broiler_1,false,0.004
2521,427904.305931637,4.55588860303483e6,Susquehanna,Lyndhurst,duck,conventional,false,0.004
2522,435260.111255682,4.53635543608564e6,Berks,Hazlet,chicken,broiler_1,false,0.004
2523,428147.239459345,4.51047328962183e6,Mifflin,Morris Plains,duck,conventional,false,0.004
2524,439594.302877958,4.52054214951701e6,Berks,Haddon,chicken,broiler_1,false,0.002
2525,409030.752115292,4.53164217650422e6,Cumberland,Mount Olive,chicken,layer,false,0.01
2526,415940.888274284,4.55293822823696e6,Cumberland,Hammonton,duck,conventional,false,0.0
2527,411192.094906168,4.54457526671197e6,Cumberland,Roxbury,chicken,broiler_2,false,0.002
2528,425567.445672814,4.53748680840975e6,Berks,Fairfield,duck,organic,false,0.0
2529,427504.366233392,4.539841915982e6,Berks,Fairfield,chicken,layer,false,0.004
2530,429630.171171614,4.53671178026346e6,Berks,Fairfield,duck,conventional,false,0.0
2531,410563.415806999,4.53804194691827e6,Cumberland,Wildwood Crest,chicken,broiler_2,false,0.006
2532,409786.822055104,4.52876918983689e6,Cumberland,Mount Olive,chicken,broiler_2,false,0.01
2533,441516.914508697,4.54770415119332e6,Berks,Manalapan,duck,conventional,true,0.0
2534,446860.755214472,4.53237024211643e6,Berks,Arlington,duck,conventional,false,0.0
2535,441135.814472739,4.54273659505036e6,Berks,Sayreville,chicken,broiler_1,false,0.006
2536,417937.333374091,4.5173846638894e6,Mifflin,Oxford,chicken,broiler_2,false,0.006
2537,437949.970136541,4.5263011646044e6,Berks,Carteret,chicken,broiler_1,false,0.004
2538,423884.549458271,4.52452415627582e6,Berks,Sea Bright,chicken,broiler_2,false,0.004
2539,406492.598648541,4.53832905367015e6,Cumberland,Wildwood Crest,duck,conventional,false,0.0
2540,408956.240728204,4.53005238862505e6,Cumberland,Mount Olive,duck,conventional,false,0.0
2541,437778.476590919,4.54529924340628e6,Berks,Manalapan,chicken,broiler_2,false,0.004
2542,438186.806581201,4.51008814654003e6,Berks,Plainfield,chicken,broiler_2,false,0.01
2543,421748.717473676,4.52108600684935e6,Berks,Ocean City,chicken,broiler_1,false,0.006
2544,439656.676125711,4.53718776308097e6,Berks,Hazlet,duck,conventional,false,0.0
2545,430346.256209,4.53007661806645e6,Berks,Freehold,chicken,broiler_1,false,0.006
2546,407247.369675195,4.53451234397522e6,Cumberland,Wildwood Crest,chicken,broiler_1,false,0.008
2547,435564.69090451,4.51122915864114e6,Berks,Plainfield,chicken,broiler_1,false,0.004
2548,436176.821927232,4.52590960250092e6,Berks,Freehold,duck,organic,false,0.002
2549,411718.944641418,4.55541086919164e6,Cumberland,Hammonton,chicken,broiler_2,false,0.002
2550,419168.39277635,4.53355507272852e6,Berks,Elmer,chicken,layer,false,0.0
2551,411371.212145497,4.5291123340178e6,Cumberland,Mount Olive,duck,conventional,false,0.002
2552,413145.092376511,4.53060059608229e6,Cumberland,Mount Olive,chicken,broiler_2,false,0.008
2553,438897.910267706,4.54379121640119e6,Berks,Manalapan,chicken,layer,false,0.002
2554,413791.231080896,4.52090185488973e6,Mifflin,Edgewater,duck,conventional,false,0.002
2555,403309.957240054,4.53026361027935e6,Cumberland,Mount Olive,duck,conventional,false,0.0
2556,407463.118578676,4.53793765452643e6,Cumberland,Wildwood Crest,chicken,broiler_2,false,0.01
2557,413118.428778966,4.54791281207594e6,Cumberland,Roxbury,duck,conventional,false,0.0
2558,414417.916957428,4.51022396380395e6,Mifflin,Oxford,chicken,layer,false,0.01
2559,425090.109874675,4.52372976844847e6,Berks,Ocean City,chicken,broiler_2,true,0.0
2560,444402.368924838,4.52732237521431e6,Berks,Little Falls,chicken,broiler_1,false,0.004
2561,435525.426249376,4.51655087311986e6,Berks,Chatham,duck,conventional,false,0.002
2562,427258.10229313,4.54246047454856e6,Berks,Liberty,duck,organic,false,0.002
2563,441094.708967966,4.54252642678241e6,Berks,Sayreville,duck,conventional,false,0.0
2564,429893.877964567,4.55899019736472e6,Susquehanna,Lyndhurst,duck,conventional,false,0.002
2565,418900.276667254,4.51482868551549e6,Mifflin,Oxford,duck,organic,false,0.002
2566,429363.383306171,4.54683034329765e6,Berks,Tenafly,duck,conventional,false,0.0
2567,433029.389266626,4.53790857469199e6,Berks,Sayreville,chicken,broiler_2,false,0.002
2568,441899.351719681,4.51198353978823e6,Berks,Plainfield,duck,conventional,false,0.004
2569,438620.477921091,4.51038227724642e6,Berks,Plainfield,duck,conventional,false,0.006
2570,441612.563547912,4.52216318324409e6,Berks,Bogota,chicken,broiler_2,false,0.004
2571,430330.904354736,4.51919539690752e6,Berks,Wallington,chicken,broiler_2,false,0.002
2572,437162.335505494,4.55375736568902e6,Berks,Stratford,chicken,layer,false,0.008
2573,423240.18213036,4.51228397091413e6,Mifflin,Morris Plains,chicken,broiler_2,false,0.014
2574,438473.131378413,4.52710065986895e6,Berks,Carteret,chicken,broiler_2,false,0.0
2575,421815.93910207,4.53610411696244e6,Cumberland,Harvey Cedars,duck,organic,false,0.002
2576,408940.365986985,4.55074787148927e6,Cumberland,Roxbury,chicken,broiler_1,false,0.006
2577,446875.202115001,4.51746570964686e6,Berks,Franklin Lakes,chicken,broiler_2,false,0.018
2578,430153.058381008,4.55688784465823e6,Susquehanna,Lyndhurst,chicken,layer,false,0.002
2579,431626.05296025,4.52481379684637e6,Berks,Freehold,chicken,layer,false,0.004
2580,426053.695501452,4.51794989847087e6,Berks,Wallington,duck,conventional,false,0.002
2581,415559.210226252,4.52237285264953e6,Mifflin,Edgewater,duck,conventional,false,0.0
2582,421882.895921414,4.53878117104052e6,Cumberland,Montvale,duck,conventional,false,0.0
2583,440760.920604333,4.5222334603838e6,Berks,Bogota,chicken,broiler_2,false,0.006
2584,442774.150544986,4.53366877540338e6,Berks,Arlington,duck,conventional,false,0.0
2585,447141.254637303,4.52436043108684e6,Berks,Little Falls,duck,conventional,false,0.0
2586,437258.21101973,4.54563707539016e6,Berks,Manalapan,chicken,layer,false,0.004
2587,413714.469354979,4.55279626946427e6,Cumberland,Mendham,duck,conventional,false,0.002
2588,420957.368793842,4.54619789564998e6,Cumberland,Mendham,chicken,broiler_1,false,0.008
2589,445249.757020591,4.5318952015159e6,Berks,Arlington,duck,conventional,false,0.0
2590,411897.897138362,4.52255664494826e6,Mifflin,Edgewater,duck,conventional,false,0.008
2591,412234.007246095,4.53972259533541e6,Cumberland,Wildwood Crest,chicken,broiler_2,false,0.016
2592,440784.496077659,4.52246605283097e6,Berks,Bogota,chicken,broiler_2,false,0.002
2593,426591.239947149,4.55170357208727e6,Berks,Tenafly,duck,conventional,false,0.002
2594,416774.966750842,4.54147519856107e6,Cumberland,Montvale,duck,conventional,false,0.0
2595,422309.372588422,4.55196993792043e6,Berks,Tenafly,duck,organic,false,0.0
2596,423265.632412177,4.51362496546468e6,Mifflin,Penndel,duck,organic,false,0.0
2597,434740.29273012,4.51094100757248e6,Berks,Plainfield,duck,conventional,false,0.0
2598,406496.195541584,4.54299318864636e6,Cumberland,Wildwood Crest,chicken,broiler_1,false,0.008
2599,448867.197949684,4.52351374374775e6,Berks,Little Falls,chicken,layer,false,0.0
2600,453107.55421438,4.52060595241192e6,Berks,Little Falls,duck,conventional,false,0.0
2601,417238.71946883,4.53016631743158e6,Berks,Elmer,duck,conventional,false,0.0
2602,412672.260691126,4.53363385641199e6,Berks,Elmer,duck,conventional,false,0.004
2603,413781.750128663,4.55624423736087e6,Cumberland,Hammonton,duck,organic,false,0.0
2604,432206.216459531,4.5429074627841e6,Berks,Liberty,chicken,broiler_2,false,0.006
2605,415159.686390304,4.54856666164901e6,Cumberland,Mendham,chicken,layer,false,0.004
2606,442611.253404917,4.51779637451647e6,Berks,Franklin Lakes,chicken,broiler_1,false,0.002
2607,417029.502500031,4.5255058280195e6,Mifflin,Edgewater,duck,conventional,false,0.002
2608,446586.156926158,4.52594149122308e6,Berks,Little Falls,chicken,broiler_2,false,0.004
2609,429382.045092391,4.51372570113083e6,Mifflin,Morris Plains,chicken,broiler_2,false,0.008
2610,440554.149453913,4.54202051975363e6,Berks,Sayreville,chicken,broiler_2,true,0.0
2611,423859.130661002,4.52547297809277e6,Berks,Sea Bright,duck,conventional,false,0.0
2612,415868.768811846,4.51548776706511e6,Mifflin,Oxford,duck,conventional,false,0.0
2613,412054.154542601,4.54253932710848e6,Cumberland,Mendham,chicken,broiler_2,false,0.006
2614,432035.680554289,4.55424868208146e6,Susquehanna,Lyndhurst,chicken,broiler_1,false,0.002
2615,429726.361140086,4.54558136646246e6,Berks,Liberty,duck,organic,false,0.0
2616,427113.043455643,4.52167981145388e6,Berks,Ocean City,duck,organic,false,0.0
2617,408785.751124974,4.52980095707966e6,Cumberland,Mount Olive,duck,conventional,false,0.002
2618,413255.1059607,4.52020151194928e6,Mifflin,Edgewater,duck,conventional,false,0.002
2619,429398.403047061,4.53501846752425e6,Berks,Elk,chicken,broiler_2,false,0.002
2620,439509.265903732,4.53924598876874e6,Berks,Hazlet,duck,conventional,false,0.0
2621,421296.092951263,4.55253496854502e6,Berks,Tenafly,chicken,broiler_2,false,0.002
2622,407384.516179438,4.52576026465947e6,Cumberland,Mount Olive,chicken,layer,false,0.008
2623,412207.798988165,4.53676712878245e6,Cumberland,Wildwood Crest,duck,organic,false,0.002
2624,424382.135513531,4.54171206347521e6,Berks,Liberty,chicken,broiler_2,false,0.002
2625,416675.775797622,4.51744739507675e6,Mifflin,Oxford,chicken,broiler_2,false,0.002
2626,426337.619689534,4.5146594154755e6,Mifflin,Morris Plains,duck,conventional,false,0.0
2627,414354.419470181,4.55057493274052e6,Cumberland,Mendham,duck,conventional,false,0.002
2628,437414.701994477,4.54820557948364e6,Berks,Manalapan,duck,conventional,false,0.0
2629,418364.360459048,4.52889613891674e6,Berks,Elmer,chicken,broiler_2,false,0.004
2630,441885.793837585,4.52556008017302e6,Berks,Bogota,duck,conventional,false,0.002
2631,415104.077432835,4.53519066087776e6,Cumberland,Harvey Cedars,duck,conventional,false,0.0
2632,442900.515638383,4.5150923824758e6,Berks,Franklin Lakes,duck,conventional,false,0.002
2633,421087.018287568,4.54992067056712e6,Berks,Tenafly,duck,conventional,false,0.002
2634,405940.584307475,4.53575203856543e6,Cumberland,Wildwood Crest,chicken,broiler_1,false,0.002
2635,436521.27671296,4.53459377066714e6,Berks,Hazlet,chicken,broiler_1,false,0.004
2636,409688.107858026,4.5342582057503e6,Cumberland,Wildwood Crest,duck,organic,false,0.002
2637,437247.862913134,4.5342326745129e6,Berks,Hazlet,duck,organic,false,0.0
2638,437790.117090635,4.52074226261966e6,Berks,Haddon,chicken,broiler_2,false,0.006
2639,440597.404200151,4.51083475649031e6,Berks,Plainfield,chicken,broiler_1,false,0.002
2640,441201.579484869,4.5384869208774e6,Berks,Hazlet,chicken,broiler_1,false,0.004
2641,432362.197262096,4.5176530399583e6,Berks,Chatham,chicken,broiler_2,false,0.006
2642,422370.299474977,4.55351671452974e6,Cumberland,Hammonton,chicken,broiler_2,false,0.008
2643,433032.505760751,4.51465562909496e6,Berks,Chatham,duck,organic,false,0.0
2644,422093.222162447,4.51997683365233e6,Berks,Ocean City,duck,conventional,false,0.0
2645,421060.775738269,4.53292479553343e6,Berks,Elk,chicken,layer,false,0.006
2646,452940.494590652,4.5213653758672e6,Berks,Little Falls,duck,conventional,false,0.002
2647,414168.448513714,4.53694509474442e6,Cumberland,Wildwood Crest,chicken,layer,false,0.01
2648,415205.300894955,4.53586114549159e6,Cumberland,Harvey Cedars,chicken,broiler_2,false,0.006
2649,418108.127503752,4.54531540418326e6,Cumberland,Mendham,chicken,layer,false,0.004
2650,447938.150195387,4.53638688598425e6,Berks,Arlington,duck,conventional,false,0.004
2651,427935.031255108,4.55101392754873e6,Berks,Tenafly,duck,conventional,false,0.0
2652,430474.298480174,4.54311947869172e6,Berks,Liberty,duck,conventional,false,0.0
2653,433206.353039364,4.55833453341036e6,Susquehanna,Lyndhurst,duck,conventional,false,0.002
2654,414938.037359468,4.5143996749781e6,Mifflin,Oxford,chicken,broiler_2,false,0.01
2655,408152.421541293,4.53158147069262e6,Cumberland,Mount Olive,chicken,broiler_1,false,0.012
2656,426335.595122795,4.53086725033263e6,Berks,Freehold,chicken,broiler_2,false,0.0
2657,440710.535127161,4.52841189085086e6,Berks,Carteret,chicken,broiler_2,false,0.002
2658,427702.329462408,4.56213125269794e6,Susquehanna,Lyndhurst,duck,conventional,false,0.0
2659,429195.388437233,4.53827749084908e6,Berks,Fairfield,chicken,broiler_1,false,0.012
2660,432534.437110552,4.52143824057829e6,Berks,Wallington,duck,conventional,false,0.002
2661,414536.524832325,4.54473656326455e6,Cumberland,Mendham,chicken,broiler_2,false,0.008
2662,429617.380742044,4.5407618114086e6,Berks,Liberty,duck,conventional,false,0.0
2663,427935.737481391,4.527617445566e6,Berks,Freehold,chicken,broiler_2,false,0.006
2664,422543.832219753,4.53285512504377e6,Berks,Elk,duck,conventional,false,0.0
2665,425832.984899973,4.55668598768798e6,Susquehanna,Lyndhurst,chicken,layer,false,0.002
2666,438723.075729957,4.52852500940378e6,Berks,Carteret,chicken,broiler_1,false,0.006
2667,430206.833830644,4.54501781842764e6,Berks,Liberty,chicken,broiler_1,true,0.0
2668,426129.15562257,4.5152193015327e6,Mifflin,Morris Plains,chicken,broiler_2,false,0.002
2669,449103.548856127,4.52399152904801e6,Berks,Little Falls,duck,conventional,false,0.0
2670,431575.01036676,4.55240922478361e6,Berks,Stratford,duck,conventional,false,0.002
2671,435761.961326514,4.52145103885921e6,Berks,Haddon,chicken,broiler_2,false,0.0
2672,403326.752557495,4.53022087950215e6,Cumberland,Mount Olive,chicken,broiler_2,false,0.002
2673,418489.986163101,4.52621200569599e6,Mifflin,Edgewater,duck,conventional,false,0.004
2674,434713.375756437,4.54147886690129e6,Berks,Sayreville,chicken,broiler_1,false,0.002
2675,420120.55786814,4.53568357629543e6,Cumberland,Harvey Cedars,chicken,broiler_2,false,0.002
2676,411363.134469186,4.54384768825516e6,Cumberland,Roxbury,chicken,broiler_2,false,0.0
2677,407790.570305374,4.52635898713387e6,Cumberland,Mount Olive,chicken,broiler_2,false,0.01
2678,416890.560996313,4.52888818563575e6,Berks,Elmer,chicken,broiler_2,false,0.004
2679,424178.774841056,4.53701318869427e6,Cumberland,Harvey Cedars,chicken,broiler_1,false,0.004
2680,411987.089987005,4.53703313237385e6,Cumberland,Wildwood Crest,chicken,broiler_1,false,0.008
2681,447118.945321032,4.52159291082045e6,Berks,Little Falls,chicken,broiler_2,false,0.0
2682,432069.448191669,4.55787367275546e6,Susquehanna,Lyndhurst,chicken,layer,false,0.008
2683,448297.244141593,4.53690113791362e6,Berks,Arlington,chicken,broiler_2,false,0.004
2684,415021.307723107,4.53750897583296e6,Cumberland,Harvey Cedars,duck,organic,false,0.002
2685,407597.81524035,4.53360615199104e6,Cumberland,Wildwood Crest,chicken,broiler_2,false,0.006
2686,426022.915134672,4.51418065808253e6,Mifflin,Morris Plains,duck,organic,false,0.0
2687,414421.725774319,4.52115731934309e6,Mifflin,Edgewater,chicken,broiler_2,false,0.002
2688,410767.388006545,4.55180095059227e6,Cumberland,Mendham,chicken,broiler_2,false,0.004
2689,410859.233066037,4.55394613444762e6,Cumberland,Hammonton,duck,organic,false,0.0
2690,432047.534206721,4.55549143167775e6,Susquehanna,Lyndhurst,chicken,broiler_2,false,0.002
2691,419658.656814301,4.55495308662283e6,Cumberland,Hammonton,chicken,broiler_2,false,0.006
2692,425281.569179844,4.51380290708478e6,Mifflin,Morris Plains,duck,organic,false,0.0
2693,423648.059254818,4.52638068608819e6,Berks,Sea Bright,duck,conventional,false,0.002
2694,407643.657460716,4.548234233617e6,Cumberland,Roxbury,duck,conventional,false,0.0
2695,415826.239131282,4.54261891822058e6,Cumberland,Montvale,duck,conventional,false,0.002
2696,418684.35196719,4.52370679515553e6,Mifflin,Edgewater,duck,conventional,false,0.0
2697,431158.356070399,4.52134949963997e6,Berks,Wallington,chicken,broiler_1,false,0.002
2698,420986.195086341,4.55511005079465e6,Cumberland,Hammonton,chicken,layer,false,0.004
2699,440854.412939076,4.51988080569069e6,Berks,Franklin Lakes,chicken,broiler_1,false,0.004
2700,418804.677380955,4.5283405979598e6,Berks,Sea Bright,duck,organic,false,0.004
2701,444526.965525483,4.53345535092437e6,Berks,Arlington,duck,conventional,false,0.002
2702,433898.306804675,4.54944945626958e6,Berks,Stratford,duck,conventional,false,0.004
2703,425558.297167803,4.51207374145739e6,Mifflin,Morris Plains,duck,conventional,false,0.002
2704,442188.900401924,4.53028752380059e6,Berks,Bogota,duck,conventional,false,0.0
2705,432778.279695025,4.54097658550062e6,Berks,Sayreville,chicken,broiler_2,false,0.0
2706,447177.387511083,4.5272549277462e6,Berks,Little Falls,chicken,broiler_1,false,0.006
2707,437207.459762067,4.53004209935329e6,Berks,Carteret,chicken,broiler_1,false,0.004
2708,417700.459731051,4.55268864858978e6,Cumberland,Hammonton,chicken,broiler_2,false,0.0
2709,423025.66271593,4.52205924304134e6,Berks,Ocean City,chicken,layer,false,0.004
2710,425266.377658526,4.55528490066501e6,Susquehanna,Lyndhurst,duck,conventional,false,0.002
2711,436134.616573694,4.54281351606386e6,Berks,Manalapan,chicken,broiler_1,false,0.004
2712,431005.372896507,4.55005522469945e6,Berks,Stratford,chicken,broiler_1,false,0.004
2713,436783.628048027,4.53597375416044e6,Berks,Hazlet,chicken,broiler_2,false,0.004
2714,419205.885224555,4.54473117299287e6,Cumberland,Mendham,chicken,broiler_2,false,0.004
2715,424938.778810034,4.54140952415589e6,Berks,Liberty,chicken,broiler_1,false,0.0
2716,406015.806135491,4.5356439014567e6,Cumberland,Wildwood Crest,duck,organic,false,0.002
2717,419349.391973196,4.55881939094499e6,Cumberland,Hammonton,chicken,broiler_2,false,0.008
2718,432488.821151309,4.53811894187164e6,Berks,Sayreville,duck,conventional,false,0.002
2719,425901.959276108,4.51308349135456e6,Mifflin,Morris Plains,chicken,broiler_2,false,0.004
2720,451200.037938409,4.51937577181329e6,Berks,Little Falls,chicken,broiler_2,false,0.012
2721,434017.792628722,4.55775823143781e6,Susquehanna,Lyndhurst,chicken,broiler_2,false,0.012
2722,435103.669593114,4.51575827929105e6,Berks,Chatham,chicken,broiler_2,false,0.004
2723,426633.408413229,4.54815168057822e6,Berks,Tenafly,chicken,broiler_1,false,0.0
2724,404058.178828689,4.54684480494187e6,Cumberland,Roxbury,duck,conventional,false,0.004
2725,416145.040032957,4.52854184657451e6,Berks,Elmer,chicken,broiler_2,false,0.01
2726,406758.363005774,4.52969249510088e6,Cumberland,Mount Olive,duck,conventional,false,0.002
2727,422940.486063014,4.54621209564033e6,Berks,Tenafly,duck,conventional,false,0.0
2728,423513.002372517,4.52090499080049e6,Berks,Ocean City,duck,conventional,false,0.0
2729,434810.549332954,4.53628973126986e6,Berks,Hazlet,chicken,layer,false,0.0
2730,439930.320392011,4.5364333837792e6,Berks,Hazlet,chicken,broiler_2,false,0.0
2731,422485.431508278,4.53245547219219e6,Berks,Elk,chicken,layer,false,0.002
2732,412579.578226694,4.52163973984427e6,Mifflin,Edgewater,duck,organic,false,0.0
2733,427733.529675949,4.55060211412442e6,Berks,Tenafly,duck,conventional,false,0.0
2734,420639.890826661,4.54253999075417e6,Cumberland,Montvale,duck,conventional,false,0.002
2735,410139.216334228,4.54508941485635e6,Cumberland,Roxbury,duck,conventional,false,0.002
2736,433462.752040884,4.53215237598634e6,Berks,Carteret,duck,conventional,false,0.004
2737,420078.486624093,4.53237645112775e6,Berks,Elmer,duck,conventional,false,0.004
2738,426608.775913063,4.52487087957897e6,Berks,Ocean City,duck,conventional,false,0.0
2739,429646.296698207,4.52783682979502e6,Berks,Freehold,chicken,broiler_2,false,0.008
2740,428180.166717961,4.52242003044653e6,Berks,Ocean City,duck,conventional,false,0.0
2741,425408.598778803,4.55023031727815e6,Berks,Tenafly,duck,conventional,false,0.0
2742,426176.17874156,4.53825578219137e6,Berks,Fairfield,chicken,broiler_2,false,0.008
2743,434045.285557846,4.52819722781479e6,Berks,Carteret,chicken,broiler_2,true,0.0
2744,414165.855076749,4.52095117698278e6,Mifflin,Edgewater,duck,conventional,false,0.0
2745,431171.83090577,4.55413452028952e6,Susquehanna,Lyndhurst,duck,organic,false,0.002
2746,442341.581615109,4.50970128388936e6,Berks,Plainfield,chicken,broiler_2,false,0.012
2747,431851.574261734,4.54530886404341e6,Berks,Stratford,chicken,broiler_2,false,0.006
2748,408079.728677386,4.52776879337818e6,Cumberland,Mount Olive,duck,organic,false,0.0
2749,407337.473268021,4.5314236839605e6,Cumberland,Mount Olive,chicken,broiler_1,false,0.012
2750,432704.490851604,4.55643995368763e6,Susquehanna,Lyndhurst,duck,conventional,false,0.002
2751,422113.518271175,4.55128979744259e6,Berks,Tenafly,duck,organic,false,0.0
2752,410235.771660605,4.5342329232296e6,Cumberland,Wildwood Crest,chicken,broiler_2,false,0.004
2753,428975.196470672,4.55202252676343e6,Berks,Stratford,duck,conventional,false,0.0
2754,437030.37581601,4.52893468476685e6,Berks,Carteret,duck,organic,false,0.0
2755,412247.229495415,4.53220838742489e6,Cumberland,Mount Olive,duck,conventional,false,0.002
2756,414231.267095137,4.55223663567194e6,Cumberland,Hammonton,duck,conventional,false,0.0
2757,425519.507756638,4.54543426960426e6,Berks,Liberty,duck,conventional,false,0.004
2758,433665.996776307,4.55918785306156e6,Susquehanna,Lyndhurst,chicken,broiler_2,false,0.002
2759,410569.991759701,4.52641477431667e6,Cumberland,Mount Olive,duck,conventional,false,0.002
2760,415554.895527992,4.53667941389436e6,Cumberland,Harvey Cedars,duck,organic,false,0.002
2761,437398.584030439,4.54890098777461e6,Berks,Manalapan,duck,conventional,false,0.0
2762,425525.96440659,4.52076082447704e6,Berks,Ocean City,chicken,broiler_2,false,0.002
2763,426058.325384899,4.52637900280254e6,Berks,Sea Bright,duck,conventional,false,0.0
2764,415440.184626068,4.51979987720783e6,Mifflin,Oxford,duck,conventional,false,0.002
2765,439448.654369329,4.53553774865438e6,Berks,Hazlet,chicken,layer,false,0.004
2766,414548.617744475,4.52555979731967e6,Mifflin,Edgewater,duck,conventional,false,0.006
2767,443216.740611745,4.52027067029344e6,Berks,Little Falls,duck,conventional,false,0.002
2768,409012.711270093,4.52876453646025e6,Cumberland,Mount Olive,chicken,broiler_2,false,0.0
2769,435307.04594272,4.54714635465852e6,Berks,Manalapan,duck,organic,false,0.0
2770,425864.315929455,4.53162860505393e6,Berks,Elk,duck,conventional,false,0.002
2771,431371.186537786,4.55005434632567e6,Berks,Stratford,duck,conventional,false,0.002
2772,432954.657233606,4.52252676474004e6,Berks,Haddon,duck,conventional,false,0.002
2773,437437.668585412,4.51431081364245e6,Berks,Chatham,duck,conventional,false,0.002
2774,426167.52461617,4.53336158056199e6,Berks,Elk,duck,conventional,false,0.002
2775,445938.406954293,4.52339883108766e6,Berks,Little Falls,duck,conventional,false,0.0
2776,429579.449582757,4.53996385763154e6,Berks,Liberty,duck,conventional,false,0.004
2777,444669.47947745,4.51990267081824e6,Berks,Little Falls,duck,conventional,false,0.002
2778,426867.283745845,4.52399239162944e6,Berks,Ocean City,duck,conventional,false,0.0
2779,438225.231374192,4.50739966762147e6,Berks,Plainfield,duck,conventional,false,0.004
2780,410607.487034148,4.55269391029211e6,Cumberland,Hammonton,chicken,broiler_1,false,0.008
2781,425606.953801943,4.52923716974963e6,Berks,Sea Bright,duck,conventional,false,0.002
2782,418588.012023913,4.5153012299126e6,Mifflin,Oxford,duck,organic,false,0.004
2783,408289.750659748,4.54237280164065e6,Cumberland,Wildwood Crest,duck,conventional,false,0.0
2784,414988.002409288,4.55568099358016e6,Cumberland,Hammonton,chicken,broiler_2,false,0.002
2785,438750.501988132,4.52363588834779e6,Berks,Bogota,chicken,broiler_2,false,0.002
2786,425885.248283345,4.50938830894708e6,Mifflin,Morris Plains,chicken,broiler_2,false,0.01
2787,446635.028817654,4.52949932204993e6,Berks,Little Falls,duck,conventional,false,0.004
2788,406778.90262242,4.53563837708059e6,Cumberland,Wildwood Crest,duck,conventional,false,0.004
2789,431292.884571351,4.54449202062906e6,Berks,Liberty,chicken,broiler_1,false,0.004
2790,426580.421501372,4.51683532499258e6,Berks,Wallington,chicken,layer,false,0.002
2791,425221.858288195,4.52108442434882e6,Berks,Ocean City,chicken,broiler_1,false,0.0
2792,445673.266898393,4.51748487195127e6,Berks,Franklin Lakes,duck,conventional,false,0.0
2793,441059.348205163,4.54560310646977e6,Berks,Manalapan,chicken,broiler_2,false,0.006
2794,431399.31443304,4.55122412482506e6,Berks,Stratford,duck,conventional,false,0.002
2795,417095.106440954,4.55262075348753e6,Cumberland,Hammonton,chicken,broiler_2,false,0.004
2796,425313.010051344,4.51196143429485e6,Mifflin,Morris Plains,chicken,broiler_1,false,0.008
2797,444016.692899116,4.52397367229243e6,Berks,Little Falls,chicken,broiler_2,false,0.008
2798,433787.367119724,4.53057112436295e6,Berks,Carteret,chicken,broiler_2,false,0.004
2799,413592.652311424,4.51315417949945e6,Mifflin,Oxford,chicken,broiler_1,false,0.014
2800,422002.848868702,4.5180475535544e6,Mifflin,Oxford,duck,conventional,false,0.0
2801,422026.837150786,4.53207919624645e6,Berks,Elk,chicken,broiler_1,false,0.008
2802,418175.701578896,4.55921149234645e6,Cumberland,Hammonton,chicken,layer,false,0.0
2803,416289.1716104,4.5318682575232e6,Berks,Elmer,duck,conventional,false,0.002
2804,411053.2478078,4.54391527690675e6,Cumberland,Roxbury,chicken,broiler_1,false,0.006
2805,419796.361639165,4.52139513963037e6,Mifflin,Oxford,duck,conventional,false,0.0
2806,410829.611031612,4.54004350895812e6,Cumberland,Wildwood Crest,duck,conventional,false,0.0
2807,446749.885853297,4.53216873787041e6,Berks,Arlington,chicken,broiler_2,false,0.006
2808,425217.626980904,4.51985284211955e6,Berks,Wallington,duck,organic,false,0.0
2809,431340.443776888,4.54489527445727e6,Berks,Liberty,chicken,broiler_1,false,0.006
2810,425150.470713706,4.54108880058672e6,Berks,Fairfield,chicken,layer,false,0.0
2811,416628.356639978,4.5297830593383e6,Berks,Elmer,chicken,broiler_1,false,0.008
2812,435882.8938502,4.5434756724626e6,Berks,Sayreville,duck,conventional,false,0.0
2813,437436.795544908,4.53578441456012e6,Berks,Hazlet,chicken,broiler_2,false,0.004
2814,428044.139614115,4.55515068245835e6,Susquehanna,Lyndhurst,chicken,broiler_2,false,0.01
2815,420556.865651502,4.55697052862854e6,Cumberland,Hammonton,duck,conventional,false,0.002
2816,424976.563079806,4.56029366503419e6,Susquehanna,Lyndhurst,duck,organic,false,0.0
2817,425803.185035866,4.56125457312956e6,Susquehanna,Lyndhurst,chicken,broiler_1,false,0.014
2818,405418.479497449,4.53207767662566e6,Cumberland,Wildwood Crest,chicken,broiler_1,false,0.01
2819,418209.394448525,4.53491513153876e6,Cumberland,Harvey Cedars,chicken,broiler_2,false,0.008
2820,445428.39221249,4.53694249946876e6,Berks,Arlington,chicken,broiler_2,false,0.002
2821,434948.407463871,4.52455273648194e6,Berks,Freehold,duck,conventional,false,0.004
2822,432244.694877591,4.54107552290111e6,Berks,Sayreville,chicken,broiler_2,false,0.004
2823,424366.533674457,4.53628014861768e6,Cumberland,Harvey Cedars,duck,conventional,false,0.0
2824,428088.078767674,4.53099468740892e6,Berks,Freehold,chicken,broiler_2,false,0.004
2825,426674.995902001,4.55423668290012e6,Susquehanna,Lyndhurst,chicken,broiler_2,false,0.006
2826,416610.068219369,4.5565041369077e6,Cumberland,Hammonton,chicken,broiler_2,false,0.002
2827,439107.690695802,4.51609074084382e6,Berks,Franklin Lakes,chicken,broiler_1,false,0.004
2828,444685.765367202,4.53401244773596e6,Berks,Arlington,chicken,broiler_1,false,0.008
2829,430124.412001559,4.51450901522397e6,Berks,Wallington,chicken,broiler_2,false,0.0
2830,425485.356012107,4.52771779858382e6,Berks,Sea Bright,chicken,broiler_2,false,0.002
2831,448905.123756795,4.53350339023106e6,Berks,Arlington,chicken,broiler_1,false,0.004
2832,412654.368330055,4.54440495326081e6,Cumberland,Mendham,duck,conventional,false,0.002
2833,427175.005016564,4.55390533601204e6,Berks,Tenafly,duck,conventional,false,0.0
2834,418767.026469588,4.54877571115523e6,Cumberland,Mendham,chicken,broiler_1,false,0.006
2835,444006.030726903,4.53467689164948e6,Berks,Arlington,duck,conventional,false,0.002
2836,415950.24877643,4.54608801625092e6,Cumberland,Mendham,chicken,broiler_1,false,0.008
2837,442230.332226183,4.51532262120725e6,Berks,Franklin Lakes,duck,conventional,false,0.0
2838,430615.677437974,4.5593233095898e6,Susquehanna,Lyndhurst,duck,organic,true,0.0
2839,431511.135931563,4.51693878339715e6,Berks,Chatham,chicken,broiler_2,false,0.004
2840,426120.474813489,4.55896592326807e6,Susquehanna,Lyndhurst,chicken,broiler_2,false,0.004
2841,446786.192264798,4.52369693020472e6,Berks,Little Falls,chicken,broiler_1,false,0.006
2842,411511.753471247,4.54127930752249e6,Cumberland,Roxbury,duck,conventional,false,0.0
2843,405996.786848562,4.52612675993561e6,Cumberland,Mount Olive,duck,conventional,false,0.006
2844,414620.558957345,4.52947254535859e6,Berks,Elmer,chicken,broiler_2,false,0.01
2845,426161.893939688,4.528782089649e6,Berks,Sea Bright,chicken,broiler_2,false,0.004
2846,444760.97022499,4.52176483857006e6,Berks,Little Falls,duck,organic,false,0.0
2847,436487.848677506,4.54419287086311e6,Berks,Manalapan,chicken,broiler_1,false,0.0
2848,430404.858764968,4.51172725593856e6,Berks,Chatham,duck,conventional,false,0.0
2849,420847.56484918,4.54568700713417e6,Cumberland,Montvale,duck,conventional,false,0.0
2850,440218.204255608,4.50743985256144e6,Berks,Plainfield,duck,conventional,false,0.002
2851,409515.786356715,4.53646347670593e6,Cumberland,Wildwood Crest,chicken,broiler_2,false,0.01
2852,411351.582121749,4.54485105442263e6,Cumberland,Roxbury,duck,conventional,false,0.0
2853,424618.144152882,4.54258969766477e6,Berks,Liberty,chicken,broiler_1,false,0.002
2854,445462.977136295,4.53070737515218e6,Berks,Arlington,chicken,layer,false,0.008
2855,429491.004793078,4.56160885905217e6,Susquehanna,Lyndhurst,duck,conventional,false,0.0
2856,436327.24406732,4.52080507197431e6,Berks,Haddon,duck,conventional,false,0.0
2857,421990.452036449,4.54424525673783e6,Cumberland,Montvale,duck,conventional,false,0.0
2858,432013.36880592,4.52327402191102e6,Berks,Freehold,duck,conventional,false,0.002
2859,424062.563369349,4.55010035670159e6,Berks,Tenafly,chicken,broiler_2,false,0.008
2860,420727.908501868,4.52929254595379e6,Berks,Sea Bright,duck,conventional,false,0.002
2861,416536.397925426,4.53533535710934e6,Cumberland,Harvey Cedars,chicken,layer,false,0.004
2862,431104.336890993,4.54249565728969e6,Berks,Liberty,chicken,broiler_2,false,0.002
2863,411698.018354769,4.54492013408348e6,Cumberland,Roxbury,duck,conventional,false,0.0
2864,423080.865985105,4.53526163584286e6,Cumberland,Harvey Cedars,duck,organic,false,0.004
2865,436800.931974579,4.5447376585823e6,Berks,Manalapan,duck,conventional,false,0.002
2866,409539.857058384,4.52910542973319e6,Cumberland,Mount Olive,chicken,broiler_1,false,0.006
2867,414228.319146976,4.51505120138292e6,Mifflin,Oxford,chicken,layer,false,0.008
2868,431487.82738983,4.53149090463168e6,Berks,Elk,chicken,broiler_2,false,0.002
2869,441579.629042667,4.5079147314652e6,Berks,Plainfield,duck,conventional,false,0.0
2870,415925.012112469,4.5488957102523e6,Cumberland,Mendham,duck,conventional,false,0.0
2871,429799.378971912,4.55412940192319e6,Susquehanna,Lyndhurst,chicken,broiler_2,false,0.002
2872,422353.584116822,4.53286413343164e6,Berks,Elk,duck,conventional,false,0.0
2873,428104.723908353,4.54571276646786e6,Berks,Liberty,duck,conventional,false,0.0
2874,421494.758243726,4.53334032118305e6,Berks,Elk,chicken,broiler_2,false,0.006
2875,425204.354985604,4.52811812837861e6,Berks,Sea Bright,duck,conventional,false,0.0
2876,418228.912606905,4.52548009470329e6,Mifflin,Edgewater,duck,conventional,false,0.0
2877,415529.658728855,4.5480044767994e6,Cumberland,Mendham,chicken,broiler_2,false,0.006
2878,432371.429235897,4.5408341872446e6,Berks,Sayreville,chicken,broiler_1,false,0.004
2879,414862.873688402,4.5280182090818e6,Berks,Elmer,chicken,broiler_2,false,0.01
2880,434412.781720003,4.5432134094051e6,Berks,Sayreville,duck,conventional,false,0.002
2881,416269.612947876,4.55789540556744e6,Cumberland,Hammonton,duck,conventional,false,0.002
2882,440309.285983319,4.52663665884928e6,Berks,Carteret,duck,conventional,false,0.0
2883,406922.505249464,4.54092254045693e6,Cumberland,Wildwood Crest,duck,conventional,false,0.0
2884,449674.123648779,4.52103605918483e6,Berks,Little Falls,duck,conventional,false,0.0
2885,439308.072456507,4.52587971002919e6,Berks,Carteret,chicken,broiler_2,false,0.004
2886,417582.455131084,4.55930258781571e6,Cumberland,Hammonton,duck,conventional,false,0.0
2887,432223.235579176,4.5480747797302e6,Berks,Stratford,chicken,layer,false,0.0
2888,403169.892811352,4.52706070204387e6,Cumberland,Mount Olive,chicken,broiler_2,false,0.016
2889,433727.246843989,4.51579563032802e6,Berks,Chatham,duck,conventional,false,0.0
2890,431014.407749036,4.53416520480499e6,Berks,Elk,chicken,broiler_2,false,0.006
2891,443615.525299398,4.53397572263684e6,Berks,Arlington,chicken,broiler_2,false,0.004
2892,424441.200874293,4.55648023801582e6,Susquehanna,Lyndhurst,chicken,broiler_1,false,0.004
2893,442292.838269203,4.50564171239905e6,Berks,Plainfield,chicken,layer,false,0.006
2894,439207.603379761,4.55021437921169e6,Berks,Manalapan,chicken,broiler_2,false,0.01
2895,426611.643594083,4.54402664347032e6,Berks,Liberty,chicken,broiler_1,false,0.01
2896,426077.792760493,4.52293319993674e6,Berks,Ocean City,duck,organic,false,0.004
2897,418616.815960281,4.55342028220304e6,Cumberland,Hammonton,chicken,broiler_1,false,0.008
2898,442346.119990231,4.53134444083332e6,Berks,Bogota,duck,conventional,false,0.0
2899,431662.163498923,4.50937121987614e6,Berks,Chatham,chicken,broiler_1,false,0.008
2900,422457.622916091,4.52819512994396e6,Berks,Sea Bright,duck,conventional,false,0.0
2901,426502.316266498,4.52188227391369e6,Berks,Ocean City,chicken,broiler_1,false,0.0
2902,414845.002389584,4.52561638295006e6,Mifflin,Edgewater,duck,conventional,false,0.0
2903,426873.85905262,4.51629064035024e6,Mifflin,Morris Plains,duck,conventional,false,0.002
2904,428658.86729968,4.54016338009243e6,Berks,Liberty,chicken,broiler_1,false,0.012
2905,443030.539932316,4.50548581739741e6,Berks,Plainfield,chicken,broiler_1,false,0.01
2906,411381.588375514,4.52868697620609e6,Cumberland,Mount Olive,duck,conventional,false,0.002
2907,442446.422368341,4.54646815054467e6,Berks,Manalapan,duck,conventional,false,0.0
2908,418917.553432042,4.55668810881646e6,Cumberland,Hammonton,chicken,broiler_2,false,0.0
2909,430479.529260086,4.52196652137131e6,Berks,Wallington,chicken,broiler_1,false,0.002
2910,430222.162815466,4.55124325974847e6,Berks,Stratford,chicken,broiler_2,false,0.006
2911,431446.526288014,4.55113867822206e6,Berks,Stratford,duck,conventional,false,0.002
2912,422097.284260523,4.53197339911291e6,Berks,Elk,duck,conventional,false,0.0
2913,445045.273255655,4.52489827545486e6,Berks,Little Falls,duck,conventional,false,0.0
2914,445840.897222452,4.51925575439928e6,Berks,Little Falls,duck,organic,false,0.0
2915,426307.550201128,4.54192482469452e6,Berks,Liberty,chicken,broiler_2,false,0.0
2916,426833.815493231,4.55079612112365e6,Berks,Tenafly,chicken,broiler_2,false,0.002
2917,432977.453288211,4.53261263307158e6,Berks,Hazlet,duck,conventional,false,0.002
2918,417839.340108653,4.54676788883127e6,Cumberland,Mendham,chicken,broiler_1,false,0.004
2919,437606.435799785,4.52554033161574e6,Berks,Carteret,chicken,broiler_2,false,0.004
2920,426865.815877714,4.54233199422599e6,Berks,Liberty,chicken,broiler_2,false,0.002
2921,409779.368009646,4.52718485306152e6,Cumberland,Mount Olive,chicken,broiler_2,false,0.004
2922,413527.260174564,4.55106310665084e6,Cumberland,Mendham,chicken,layer,false,0.004
2923,436421.021188502,4.54220123372213e6,Berks,Sayreville,duck,conventional,false,0.0
2924,412094.48902076,4.52078218111973e6,Mifflin,Edgewater,chicken,broiler_1,false,0.01
2925,411971.455293455,4.5479930429857e6,Cumberland,Roxbury,duck,conventional,false,0.002
2926,425183.300741763,4.54463162500967e6,Berks,Liberty,chicken,broiler_2,false,0.004
2927,433326.315201301,4.51898821269408e6,Berks,Chatham,chicken,broiler_2,false,0.008
2928,406403.879599737,4.53867626191579e6,Cumberland,Wildwood Crest,chicken,broiler_1,false,0.002
2929,447128.44936781,4.51740652243392e6,Berks,Franklin Lakes,chicken,broiler_2,false,0.012
2930,416810.476656187,4.54332287912586e6,Cumberland,Mendham,chicken,broiler_2,false,0.006
2931,441455.226956637,4.53512264652993e6,Berks,Arlington,chicken,layer,false,0.004
2932,442818.433001956,4.53454218661564e6,Berks,Arlington,chicken,broiler_2,false,0.004
2933,418092.167130878,4.55301708175544e6,Cumberland,Hammonton,chicken,broiler_2,false,0.0
2934,432084.121428719,4.51666606423381e6,Berks,Chatham,duck,conventional,false,0.0
2935,406543.133103129,4.52705079677164e6,Cumberland,Mount Olive,chicken,broiler_2,false,0.008
2936,427267.864199055,4.55891271380539e6,Susquehanna,Lyndhurst,chicken,broiler_2,true,0.0
2937,415369.505934332,4.53316025861346e6,Berks,Elmer,duck,conventional,false,0.0
2938,427977.545841904,4.55974076194029e6,Susquehanna,Lyndhurst,chicken,broiler_2,false,0.004
2939,426574.263759331,4.56011129137457e6,Susquehanna,Lyndhurst,duck,conventional,false,0.004
2940,438282.948589257,4.51986439009916e6,Berks,Haddon,chicken,broiler_2,false,0.002
2941,434524.55482893,4.55340124874625e6,Berks,Stratford,chicken,broiler_2,false,0.002
2942,416078.822586919,4.52324476586261e6,Mifflin,Edgewater,duck,organic,false,0.0
2943,414905.514363011,4.520417042184e6,Mifflin,Edgewater,chicken,broiler_1,false,0.008
2944,436690.296794875,4.53378245157784e6,Berks,Hazlet,chicken,broiler_2,false,0.002
2945,427019.671405261,4.55849368293524e6,Susquehanna,Lyndhurst,chicken,broiler_2,true,0.0
2946,426564.793729185,4.52666241264958e6,Berks,Sea Bright,chicken,broiler_1,false,0.004
2947,420823.56769998,4.52275516992702e6,Berks,Ocean City,duck,conventional,false,0.0
2948,425020.231311746,4.53801272529351e6,Berks,Fairfield,chicken,broiler_2,false,0.002
2949,438771.61639079,4.54583531003603e6,Berks,Manalapan,duck,conventional,false,0.0
2950,435368.74196686,4.52021882624052e6,Berks,Haddon,chicken,layer,false,0.014
2951,409733.234692301,4.55871552147106e6,Cumberland,Hammonton,duck,conventional,false,0.0
2952,430509.83943092,4.55697100080612e6,Susquehanna,Lyndhurst,duck,conventional,false,0.0
2953,428312.95869999,4.52327183534625e6,Berks,Ocean City,duck,organic,true,0.0
2954,420131.293088045,4.55025365645467e6,Berks,Tenafly,chicken,broiler_2,false,0.01
2955,416400.67127747,4.52740989981192e6,Mifflin,Edgewater,chicken,broiler_2,false,0.004
2956,421348.622790859,4.51950680485079e6,Berks,Ocean City,chicken,broiler_1,false,0.004
2957,412643.417677849,4.53078829387647e6,Cumberland,Mount Olive,chicken,broiler_2,false,0.012
2958,425506.173517192,4.54618308657999e6,Berks,Liberty,chicken,broiler_1,false,0.004
2959,449701.474409275,4.52033598017525e6,Berks,Little Falls,chicken,layer,false,0.008
2960,418156.416048259,4.52891175353326e6,Berks,Elmer,chicken,broiler_1,false,0.002
2961,442319.744412022,4.54741435222803e6,Berks,Manalapan,duck,conventional,false,0.0
2962,439915.004883157,4.51302002690031e6,Berks,Plainfield,duck,conventional,false,0.0
2963,433832.454626558,4.53391392524032e6,Berks,Hazlet,chicken,broiler_2,false,0.008
2964,428112.259387317,4.52401066565649e6,Berks,Ocean City,chicken,broiler_2,false,0.004
2965,413056.833756067,4.55863096980985e6,Cumberland,Hammonton,chicken,broiler_2,false,0.008
2966,408932.961691835,4.54251687519522e6,Cumberland,Wildwood Crest,chicken,broiler_1,false,0.002
2967,416602.076473314,4.51696545935589e6,Mifflin,Oxford,chicken,broiler_2,false,0.0
2968,436697.957671626,4.54446603809436e6,Berks,Manalapan,chicken,broiler_2,true,0.0
2969,423380.247421691,4.52047928792244e6,Berks,Ocean City,chicken,broiler_2,true,0.0
2970,433775.009133916,4.55500059762076e6,Susquehanna,Lyndhurst,chicken,broiler_2,true,0.0
2971,411661.301236079,4.53012543631061e6,Cumberland,Mount Olive,chicken,broiler_2,false,0.006
2972,415326.877357712,4.55546661108408e6,Cumberland,Hammonton,duck,organic,false,0.0
2973,438815.584071095,4.50592768067252e6,Berks,Plainfield,chicken,broiler_2,false,0.004
2974,411347.009279484,4.5593086215482e6,Cumberland,Hammonton,chicken,broiler_1,false,0.004
2975,417566.368822386,4.54085057726434e6,Cumberland,Montvale,duck,conventional,false,0.0
2976,423529.133923779,4.55931596189634e6,Susquehanna,Lyndhurst,chicken,broiler_2,false,0.006
2977,408600.801172434,4.54350429456013e6,Cumberland,Roxbury,chicken,broiler_2,false,0.006
2978,422992.743466272,4.55037476789792e6,Berks,Tenafly,chicken,broiler_2,false,0.008
2979,440246.293115445,4.51713701370713e6,Berks,Franklin Lakes,chicken,broiler_2,false,0.002
2980,417296.806730523,4.53643972866167e6,Cumberland,Harvey Cedars,chicken,broiler_1,false,0.008
2981,437007.63317062,4.51609696270845e6,Berks,Chatham,chicken,broiler_1,false,0.008
2982,406321.157778248,4.53084965553119e6,Cumberland,Mount Olive,duck,organic,false,0.004
2983,426851.822950143,4.55364091279819e6,Berks,Tenafly,chicken,broiler_2,false,0.002
2984,411598.697863395,4.52426744815401e6,Mifflin,Edgewater,duck,conventional,false,0.004
2985,421420.415735217,4.51607370143712e6,Mifflin,Penndel,duck,organic,false,0.002
2986,419840.253879073,4.53832472699139e6,Cumberland,Harvey Cedars,chicken,broiler_1,false,0.004
2987,421597.891435434,4.55077728587889e6,Berks,Tenafly,duck,conventional,false,0.0
2988,414514.908727113,4.51376458032618e6,Mifflin,Oxford,duck,organic,false,0.0
2989,419019.249702259,4.51869429309903e6,Mifflin,Oxford,duck,conventional,false,0.0
2990,436043.273968325,4.55479036411111e6,Berks,Stratford,chicken,broiler_2,false,0.012
2991,440771.896905105,4.5111388774478e6,Berks,Plainfield,chicken,layer,false,0.008
2992,407063.022533176,4.53633633506914e6,Cumberland,Wildwood Crest,duck,conventional,false,0.002
2993,428661.751424404,4.56417506283211e6,Susquehanna,Lyndhurst,chicken,broiler_2,false,0.008
2994,414579.141664816,4.55056492416228e6,Cumberland,Mendham,duck,conventional,false,0.0
2995,418943.4183836,4.51673616078203e6,Mifflin,Oxford,chicken,broiler_2,false,0.004
2996,430809.24568303,4.537436381113e6,Berks,Fairfield,chicken,broiler_2,true,0.0
2997,425366.921461853,4.53196878125609e6,Berks,Elk,chicken,broiler_2,false,0.008
2998,437686.53698792,4.53481298523969e6,Berks,Hazlet,duck,conventional,false,0.0
2999,419263.699649793,4.54501431662394e6,Cumberland,Mendham,duck,organic,false,0.0
3000,438654.364359967,4.50793975839747e6,Berks,Plainfield,chicken,broiler_1,false,0.006
3001,412507.731282292,4.54933529096439e6,Cumberland,Mendham,chicken,broiler_2,false,0.0
3002,430713.213867495,4.56306163498227e6,Susquehanna,Lyndhurst,duck,conventional,false,0.0
3003,447283.339849503,4.53640656391661e6,Berks,Arlington,chicken,broiler_1,false,0.006
3004,424419.329329826,4.519064846628e6,Berks,Wallington,duck,conventional,false,0.0
3005,426619.409626518,4.55737963705234e6,Susquehanna,Lyndhurst,duck,conventional,false,0.0
3006,430283.403162702,4.54270625829714e6,Berks,Liberty,duck,conventional,false,0.0
3007,425327.942442122,4.53930426783654e6,Berks,Fairfield,duck,conventional,false,0.0
3008,427641.759732172,4.51525442200024e6,Mifflin,Morris Plains,duck,conventional,false,0.0
3009,421186.726745541,4.53824680270739e6,Cumberland,Harvey Cedars,chicken,broiler_2,false,0.004
3010,446159.097772323,4.52728368415257e6,Berks,Little Falls,duck,organic,false,0.0
3011,411181.089033956,4.5446220588142e6,Cumberland,Roxbury,duck,conventional,false,0.0
3012,425552.130465264,4.53181067607343e6,Berks,Elk,chicken,broiler_1,false,0.0
3013,445560.374145039,4.53465308853794e6,Berks,Arlington,chicken,broiler_2,true,0.0
3014,428918.835336366,4.54068834804663e6,Berks,Liberty,duck,organic,false,0.002
3015,412132.650224791,4.54288960889068e6,Cumberland,Mendham,chicken,broiler_2,false,0.004
3016,415582.357323951,4.53303118424402e6,Berks,Elmer,chicken,broiler_2,false,0.008
3017,410074.603291008,4.53632322552319e6,Cumberland,Wildwood Crest,chicken,broiler_2,false,0.012
3018,415429.899088284,4.5307376211177e6,Berks,Elmer,duck,conventional,false,0.002
3019,433995.184827514,4.54333246460632e6,Berks,Sayreville,duck,conventional,false,0.0
3020,430329.564607107,4.55723530478097e6,Susquehanna,Lyndhurst,chicken,broiler_2,false,0.01
3021,433011.082679841,4.54015659917922e6,Berks,Sayreville,chicken,broiler_2,false,0.0
3022,446957.747814569,4.53402828882476e6,Berks,Arlington,chicken,broiler_2,false,0.004
3023,425760.135313043,4.54830351813542e6,Berks,Tenafly,chicken,layer,true,0.0
3024,413784.62905787,4.54033427411946e6,Cumberland,Montvale,chicken,broiler_2,false,0.004
3025,425467.63123994,4.55379156710878e6,Susquehanna,Lyndhurst,chicken,broiler_2,false,0.008
3026,426070.447212925,4.54144681861297e6,Berks,Liberty,chicken,broiler_1,false,0.004
3027,424182.691389579,4.54473791303804e6,Berks,Liberty,chicken,broiler_2,true,0.0
3028,426506.124556816,4.52069133046819e6,Berks,Ocean City,duck,conventional,false,0.0
3029,421582.230224523,4.55964190101459e6,Susquehanna,Lyndhurst,chicken,broiler_2,false,0.008
3030,427709.781583174,4.54796736646735e6,Berks,Tenafly,duck,conventional,false,0.004
3031,412520.574738777,4.55406220070564e6,Cumberland,Hammonton,chicken,broiler_1,false,0.002
3032,444033.246204338,4.54010337825775e6,Berks,Arlington,chicken,layer,false,0.002
3033,417735.484449234,4.55720547960138e6,Cumberland,Hammonton,chicken,broiler_2,false,0.006
3034,416625.575493369,4.52505264901277e6,Mifflin,Edgewater,duck,conventional,false,0.0
3035,414007.507529284,4.53707833122831e6,Cumberland,Wildwood Crest,duck,conventional,false,0.002
3036,426917.127729381,4.54263344183e6,Berks,Liberty,duck,conventional,false,0.0
3037,425625.605987438,4.54700325427859e6,Berks,Tenafly,chicken,broiler_1,false,0.002
3038,435997.063204405,4.51451756113393e6,Berks,Chatham,chicken,broiler_2,false,0.002
3039,441395.546203082,4.51510136257956e6,Berks,Franklin Lakes,chicken,broiler_1,false,0.012
3040,420804.639570503,4.54814838541544e6,Berks,Tenafly,chicken,broiler_1,false,0.004
3041,427041.058716655,4.52541050193706e6,Berks,Ocean City,duck,conventional,false,0.0
3042,419201.64861615,4.54986835064646e6,Cumberland,Mendham,duck,conventional,false,0.0
3043,409647.911945598,4.55163475374977e6,Cumberland,Roxbury,duck,organic,false,0.004
3044,422556.330775901,4.52412200694472e6,Berks,Ocean City,chicken,broiler_2,false,0.006
3045,435579.152887482,4.52847977342576e6,Berks,Carteret,chicken,broiler_1,false,0.002
3046,436832.211229398,4.5515832595432e6,Berks,Stratford,chicken,layer,true,0.0
3047,410891.231951736,4.53499543020014e6,Cumberland,Wildwood Crest,chicken,broiler_2,false,0.014
3048,427760.691764207,4.56246845745672e6,Susquehanna,Lyndhurst,duck,conventional,false,0.0
3049,429964.745703845,4.55896407897094e6,Susquehanna,Lyndhurst,duck,conventional,false,0.002
3050,441422.046942353,4.50513962932691e6,Berks,Plainfield,chicken,broiler_2,false,0.002
3051,432120.001867699,4.53349916356497e6,Berks,Elk,duck,organic,false,0.0
3052,443222.120960025,4.51426424537908e6,Berks,Plainfield,duck,conventional,false,0.0
3053,439134.740652486,4.51178552186407e6,Berks,Plainfield,duck,conventional,false,0.0
3054,415011.136054088,4.51447986586205e6,Mifflin,Oxford,duck,conventional,false,0.0
3055,427787.524564094,4.56210713263658e6,Susquehanna,Lyndhurst,chicken,broiler_2,false,0.006
3056,435080.2250082,4.5415080406344e6,Berks,Sayreville,chicken,broiler_1,false,0.004
3057,423949.109311786,4.51417699834782e6,Mifflin,Penndel,chicken,broiler_2,false,0.004
3058,417779.088945453,4.53352500035454e6,Cumberland,Harvey Cedars,duck,conventional,false,0.0
3059,424139.709906154,4.54090908029113e6,Berks,Fairfield,duck,conventional,false,0.0
3060,435174.696809663,4.527341310629e6,Berks,Carteret,chicken,broiler_1,false,0.0
3061,444712.292787981,4.52690028827817e6,Berks,Little Falls,chicken,broiler_2,false,0.008
3062,415091.808365106,4.5398920762449e6,Cumberland,Montvale,duck,conventional,false,0.006
3063,426017.186741916,4.56217834781752e6,Susquehanna,Lyndhurst,chicken,broiler_2,false,0.002
3064,425567.419134236,4.54802459087579e6,Berks,Tenafly,chicken,broiler_2,false,0.002
3065,419703.596122022,4.54402663974543e6,Cumberland,Montvale,chicken,broiler_2,false,0.008
3066,432034.678419498,4.51041603666406e6,Berks,Chatham,duck,conventional,false,0.0
3067,418897.769557411,4.5496929881934e6,Cumberland,Mendham,chicken,broiler_2,false,0.006
3068,420770.377932177,4.5555244770532e6,Cumberland,Hammonton,chicken,broiler_2,false,0.006
3069,421029.573839856,4.55588743656269e6,Cumberland,Hammonton,chicken,broiler_2,false,0.002
3070,407299.582550791,4.54227273053773e6,Cumberland,Wildwood Crest,duck,organic,false,0.0
3071,419946.014865087,4.51660801622472e6,Mifflin,Penndel,chicken,broiler_2,false,0.012
3072,425796.812079187,4.52568429057805e6,Berks,Ocean City,chicken,broiler_1,false,0.002
3073,446526.150629964,4.53158849132006e6,Berks,Arlington,chicken,layer,false,0.006
3074,416941.000458822,4.5383199812086e6,Cumberland,Montvale,chicken,broiler_1,false,0.006
3075,441358.111461633,4.54727943997945e6,Berks,Manalapan,chicken,broiler_2,false,0.002
3076,430941.124932339,4.52836735924794e6,Berks,Freehold,duck,conventional,false,0.0
3077,427579.849076588,4.50944102740916e6,Mifflin,Morris Plains,duck,organic,false,0.002
3078,408734.478741083,4.55033561913595e6,Cumberland,Roxbury,chicken,broiler_2,false,0.01
3079,428965.473065828,4.5472254622939e6,Berks,Tenafly,chicken,broiler_2,true,0.0
3080,413532.516466938,4.55736130123116e6,Cumberland,Hammonton,chicken,broiler_2,false,0.002
3081,433186.798694266,4.52706434645841e6,Berks,Freehold,duck,conventional,false,0.0
3082,416768.327477885,4.5356622211253e6,Cumberland,Harvey Cedars,chicken,broiler_2,false,0.01
3083,419703.733478813,4.52394358495269e6,Mifflin,Edgewater,duck,conventional,false,0.0
3084,420690.485048184,4.5393798257173e6,Cumberland,Montvale,chicken,broiler_2,false,0.008
3085,440499.484169323,4.53673601655147e6,Berks,Hazlet,chicken,broiler_2,true,0.0
3086,425084.625016971,4.52409814130902e6,Berks,Ocean City,chicken,broiler_1,false,0.0
3087,409043.581932182,4.55484278972505e6,Cumberland,Hammonton,chicken,layer,false,0.01
3088,434417.467262763,4.51530834774786e6,Berks,Chatham,duck,conventional,false,0.006
3089,416201.914461375,4.51874103197573e6,Mifflin,Oxford,duck,organic,false,0.0
3090,438500.402169478,4.52506530618699e6,Berks,Freehold,duck,organic,false,0.0
3091,422376.195084696,4.52374349259246e6,Berks,Ocean City,chicken,broiler_1,false,0.006
3092,430451.509843195,4.55499915239587e6,Susquehanna,Lyndhurst,chicken,broiler_2,false,0.006
3093,418806.151459273,4.5185866693875e6,Mifflin,Oxford,duck,conventional,false,0.0
3094,443685.084337118,4.51998378631838e6,Berks,Franklin Lakes,chicken,broiler_2,false,0.008
3095,421212.739240606,4.515829038172e6,Mifflin,Penndel,chicken,broiler_2,false,0.008
3096,419107.519089926,4.51770676240486e6,Mifflin,Oxford,chicken,layer,false,0.01
3097,436855.708979203,4.5493434807893e6,Berks,Stratford,chicken,broiler_2,false,0.004
3098,426045.571601111,4.52327975716892e6,Berks,Ocean City,chicken,broiler_2,false,0.002
3099,404078.520983566,4.54511837711974e6,Cumberland,Roxbury,duck,conventional,false,0.0
3100,413869.929624299,4.54672333500049e6,Cumberland,Roxbury,duck,conventional,false,0.002
3101,434944.013503403,4.54416710197417e6,Berks,Sayreville,chicken,broiler_1,false,0.004
3102,432863.467956045,4.52598094280946e6,Berks,Freehold,duck,conventional,false,0.004
3103,428704.862012096,4.54670973995073e6,Berks,Tenafly,duck,conventional,false,0.0
3104,433131.521116803,4.5337179972487e6,Berks,Hazlet,duck,conventional,false,0.002
3105,431989.411106343,4.53005546067413e6,Berks,Freehold,chicken,broiler_2,false,0.004
3106,435124.091430363,4.53780105070926e6,Berks,Sayreville,chicken,broiler_1,false,0.004
3107,419625.796321716,4.5422811904674e6,Cumberland,Montvale,duck,organic,false,0.0
3108,438376.676246161,4.52964168352473e6,Berks,Carteret,duck,conventional,false,0.002
3109,426681.856742399,4.54466680463591e6,Berks,Liberty,chicken,broiler_2,false,0.004
3110,424447.490955027,4.53645103410916e6,Cumberland,Harvey Cedars,chicken,broiler_2,false,0.002
3111,423911.201595916,4.54579540641677e6,Berks,Tenafly,chicken,broiler_2,false,0.004
3112,411667.117221756,4.53391246798941e6,Berks,Elmer,chicken,broiler_2,false,0.006
3113,431854.353924429,4.53001149299557e6,Berks,Freehold,duck,conventional,false,0.0
3114,444271.779155612,4.53712792011959e6,Berks,Arlington,duck,conventional,false,0.0
3115,421950.348219332,4.51449773777741e6,Mifflin,Penndel,duck,organic,false,0.0
3116,430009.160238872,4.53038016783222e6,Berks,Freehold,chicken,broiler_2,false,0.0
3117,440861.127621129,4.53348106088151e6,Berks,Arlington,duck,conventional,false,0.0
3118,444336.661813143,4.53759879492266e6,Berks,Arlington,chicken,broiler_1,false,0.006
3119,431609.695887235,4.55375073394364e6,Susquehanna,Lyndhurst,duck,conventional,false,0.0
3120,439422.856164311,4.53199360290216e6,Berks,Carteret,chicken,broiler_1,false,0.002
3121,445407.317588036,4.52954584682391e6,Berks,Little Falls,duck,conventional,false,0.002
3122,432739.091525892,4.52685034550693e6,Berks,Freehold,duck,organic,false,0.002
3123,420048.557646324,4.54614114193307e6,Cumberland,Mendham,duck,conventional,false,0.0
3124,417633.023148595,4.54106753119672e6,Cumberland,Montvale,duck,conventional,false,0.002
3125,413126.174027394,4.52992462537891e6,Cumberland,Mount Olive,duck,conventional,false,0.002
3126,408482.510243756,4.54864911081889e6,Cumberland,Roxbury,duck,organic,false,0.002
3127,442834.842177882,4.5298308703101e6,Berks,Bogota,chicken,broiler_2,false,0.004
3128,431200.588651049,4.53194268832467e6,Berks,Elk,duck,conventional,false,0.002
3129,416612.01999674,4.53526184820097e6,Cumberland,Harvey Cedars,duck,conventional,false,0.002
3130,414312.284476629,4.52403342815465e6,Mifflin,Edgewater,chicken,broiler_1,false,0.004
3131,412325.258230809,4.51091849500797e6,Mifflin,Oxford,chicken,layer,false,0.006
3132,418545.176026066,4.55782411166719e6,Cumberland,Hammonton,chicken,broiler_2,false,0.006
3133,430003.669304644,4.55060250255765e6,Berks,Stratford,chicken,broiler_2,true,0.0
3134,407056.608778086,4.55070622539761e6,Cumberland,Roxbury,duck,conventional,false,0.0
3135,414814.159301589,4.51805353743574e6,Mifflin,Oxford,duck,conventional,false,0.0
3136,444097.02069717,4.53416314219847e6,Berks,Arlington,duck,conventional,false,0.002
3137,432776.850218833,4.53099079854859e6,Berks,Carteret,duck,organic,false,0.002
3138,408353.573913949,4.52825854475832e6,Cumberland,Mount Olive,duck,conventional,false,0.004
3139,440653.77528673,4.5374765732724e6,Berks,Hazlet,chicken,broiler_2,false,0.0
3140,408902.829477535,4.55087110644939e6,Cumberland,Roxbury,chicken,broiler_1,false,0.008
3141,441986.105746687,4.51863489259021e6,Berks,Franklin Lakes,chicken,broiler_1,false,0.004
3142,412890.18155723,4.5540469625816e6,Cumberland,Mendham,duck,organic,false,0.002
3143,415463.971981048,4.53869328942837e6,Cumberland,Montvale,chicken,broiler_1,false,0.004
3144,419294.356815244,4.556233835814e6,Cumberland,Hammonton,chicken,broiler_1,true,0.0
3145,411980.195745899,4.53527081903534e6,Cumberland,Wildwood Crest,chicken,broiler_1,false,0.004
3146,440979.32324198,4.52301022526658e6,Berks,Bogota,chicken,broiler_2,false,0.006
3147,441389.38285382,4.5084085661009e6,Berks,Plainfield,chicken,broiler_2,false,0.006
3148,427422.077677055,4.56280734121032e6,Susquehanna,Lyndhurst,chicken,broiler_2,false,0.01
3149,423097.353332446,4.53344960835132e6,Berks,Elk,chicken,broiler_1,false,0.004
3150,428809.276448481,4.51310059824786e6,Mifflin,Morris Plains,chicken,broiler_1,false,0.006
3151,405074.186349211,4.54369346050535e6,Cumberland,Roxbury,chicken,broiler_2,false,0.002
3152,439949.526696507,4.5438721343331e6,Berks,Manalapan,chicken,broiler_1,false,0.006
3153,411386.180167031,4.54173454116044e6,Cumberland,Roxbury,duck,conventional,false,0.0
3154,438782.027624859,4.52765697902549e6,Berks,Carteret,duck,conventional,false,0.0
3155,414087.317961951,4.53219097716796e6,Berks,Elmer,duck,organic,false,0.0
3156,421311.839547299,4.52723487146367e6,Berks,Sea Bright,chicken,broiler_2,false,0.008
3157,441418.548432782,4.52294966508182e6,Berks,Bogota,chicken,broiler_2,false,0.002
3158,418603.938996724,4.52222109061826e6,Mifflin,Oxford,chicken,broiler_2,false,0.014
3159,435418.898426974,4.55639523263716e6,Berks,Stratford,duck,conventional,false,0.002
3160,435660.683981115,4.53929964881536e6,Berks,Hazlet,duck,conventional,false,0.0
3161,409603.647127804,4.53232866520817e6,Cumberland,Mount Olive,chicken,broiler_2,false,0.012
3162,427277.215611524,4.55490040735219e6,Susquehanna,Lyndhurst,chicken,broiler_1,false,0.004
3163,440235.961479992,4.50599726855356e6,Berks,Plainfield,chicken,broiler_2,false,0.018
3164,440377.193096231,4.5110365819291e6,Berks,Plainfield,duck,conventional,false,0.0
3165,436264.730792754,4.53478141774084e6,Berks,Hazlet,chicken,broiler_1,false,0.004
3166,435179.131657413,4.49574294319268e6,Mifflin,Sussex,duck,conventional,false,0.0
3167,454804.023437324,4.52032291219241e6,Berks,Point Pleasant,duck,organic,false,0.002
3168,406143.913209237,4.50322614287063e6,Mifflin,Penns Grove,chicken,broiler_2,false,0.004
3169,446652.002169813,4.50714722406649e6,Berks,Harrison,chicken,broiler_1,false,0.01
3170,463252.663420131,4.52817268784691e6,Berks,Warwick,duck,conventional,false,0.006
3171,407133.186118725,4.51971347261374e6,Mifflin,Hainesport,chicken,broiler_1,false,0.006
3172,439865.613523171,4.55555950684215e6,Berks,Berlin,chicken,broiler_1,false,0.018
3173,426187.971321367,4.57716919395523e6,Lycoming,Avalon,duck,organic,false,0.004
3174,398098.273512235,4.56096623525551e6,Cumberland,Lawnside,chicken,broiler_1,false,0.004
3175,436303.664514395,4.56204398095534e6,Susquehanna,Closter,chicken,broiler_2,false,0.028
3176,443886.826150127,4.49555625151362e6,Luzerne,Paulsboro,chicken,broiler_2,false,0.006
3177,398964.139669754,4.54263647492155e6,Cumberland,Point Pleasant Beach,chicken,broiler_2,false,0.008
3178,434562.793103162,4.56317023681972e6,Susquehanna,Closter,chicken,broiler_1,true,0.0
3179,460085.445311442,4.53770925213944e6,Berks,Jersey City,chicken,broiler_2,false,0.02
3180,418930.082285264,4.50327084805544e6,Mifflin,Holland,duck,organic,false,0.002
3181,410017.886313803,4.51879114618499e6,Mifflin,Hainesport,chicken,broiler_1,false,0.006
3182,448838.345386043,4.53948457698158e6,Berks,Brooklawn,chicken,broiler_2,false,0.01
3183,402323.375434529,4.54538644287484e6,Cumberland,Belvidere,duck,conventional,false,0.002
3184,426745.957184882,4.56988259786846e6,Lycoming,Horsham,duck,organic,false,0.0
3185,433652.836530767,4.51035110032061e6,Berks,Waterford,chicken,broiler_2,false,0.004
3186,435444.166138634,4.5033492164519e6,Berks,Helmetta,duck,conventional,false,0.004
3187,465321.334602894,4.52397877689554e6,Berks,Warwick,chicken,broiler_1,false,0.04
3188,457098.795119403,4.53663719537577e6,Berks,Manasquan,duck,conventional,false,0.006
3189,459347.906549841,4.54143867867746e6,Berks,Belleville,duck,conventional,false,0.012
3190,452966.432954158,4.53739591817892e6,Berks,Edgewater Park,chicken,broiler_2,false,0.024
3191,398789.008711131,4.51681458763712e6,Mifflin,Westfield,chicken,broiler_2,false,0.004
3192,439124.620697173,4.55626250141073e6,Berks,Berlin,chicken,broiler_2,false,0.022
3193,462740.581214905,4.51685723014582e6,Berks,Warwick,duck,organic,false,0.008
3194,458836.563067348,4.54275788358156e6,Berks,Rutherford,chicken,layer,false,0.034
3195,412237.27398988,4.50210649965335e6,Mifflin,Stanhope,chicken,broiler_2,false,0.008
3196,437528.971312186,4.5026579883101e6,Berks,Helmetta,duck,conventional,false,0.002
3197,408493.213093594,4.56345269140224e6,Cumberland,Estell Manor,duck,conventional,false,0.0
3198,451141.170423799,4.49928496665382e6,Luzerne,Gwynedd,chicken,broiler_2,false,0.004
3199,448252.026885574,4.50001786676842e6,Berks,Harrison,chicken,broiler_1,false,0.012
3200,407058.212817693,4.50770274767347e6,Mifflin,Penns Grove,duck,conventional,false,0.0
3201,410062.076989361,4.51060177978606e6,Mifflin,Long Branch,chicken,broiler_1,false,0.012
3202,449425.830643272,4.54230554880725e6,Berks,Perkasie,chicken,broiler_2,false,0.006
3203,457613.397602537,4.5438673372113e6,Berks,Rutherford,chicken,broiler_1,false,0.026
3204,412389.701513516,4.51679044421172e6,Mifflin,Hainesport,duck,conventional,false,0.002
3205,451539.506427006,4.54299262282298e6,Berks,Ocean Gate,duck,conventional,false,0.0
3206,408953.822942709,4.50331884956853e6,Mifflin,Penns Grove,chicken,broiler_2,false,0.01
3207,399679.980197551,4.56095744280425e6,Cumberland,Lawnside,duck,conventional,false,0.0
3208,398089.21111285,4.52023865666702e6,Mifflin,Westfield,duck,conventional,false,0.0
3209,437286.824835732,4.56040548147695e6,Susquehanna,Closter,duck,conventional,false,0.008
3210,425021.001995302,4.49724264946135e6,Mifflin,Middletown,chicken,broiler_2,false,0.008
3211,453357.241147936,4.5291217212745e6,Berks,Belmar,duck,conventional,false,0.006
3212,397683.69577634,4.51498948796981e6,Mifflin,Netcong,chicken,broiler_2,false,0.006
3213,453551.449602385,4.53570361094132e6,Berks,Bayonne,duck,conventional,false,0.0
3214,448968.311121454,4.50051806386175e6,Berks,Harrison,chicken,broiler_2,false,0.012
3215,438440.978817475,4.55603753794822e6,Berks,Berlin,chicken,broiler_1,false,0.004
3216,433479.522174382,4.50736957728881e6,Berks,Waterford,chicken,broiler_2,false,0.01
3217,449717.651745233,4.53165369838476e6,Berks,Belmar,chicken,broiler_2,false,0.002
3218,447118.88528307,4.54397631945553e6,Berks,Lake Como,chicken,broiler_2,false,0.006
3219,447682.308599415,4.51082420903466e6,Berks,Harrison,duck,conventional,false,0.002
3220,407960.6233023,4.56887248556323e6,Cumberland,Estell Manor,chicken,broiler_2,false,0.008
3221,399689.932190454,4.53746240628612e6,Cumberland,Point Pleasant Beach,chicken,broiler_2,false,0.012
3222,456277.755455564,4.51405055794316e6,Berks,Point Pleasant,duck,conventional,false,0.002
3223,442143.342710957,4.56147392280524e6,Berks,Berlin,duck,conventional,false,0.006
3224,417840.63788858,4.50133432068525e6,Mifflin,Middletown,duck,conventional,false,0.0
3225,401580.091462277,4.55072217794276e6,Cumberland,Belvidere,chicken,broiler_1,false,0.014
3226,424331.995292939,4.50025914473878e6,Mifflin,Riverton,duck,conventional,false,0.002
3227,393500.517584902,4.55198877584672e6,Cumberland,Rumson,duck,organic,false,0.002
3228,430252.994475116,4.57420927253709e6,Lycoming,Mansfield,chicken,broiler_2,false,0.006
3229,444447.120913205,4.51470844865271e6,Berks,Harrison,chicken,broiler_1,false,0.014
3230,440350.990443183,4.50391366659385e6,Berks,Helmetta,chicken,broiler_2,false,0.002
3231,407759.584662686,4.51924153334927e6,Mifflin,Hainesport,chicken,layer,false,0.006
3232,452348.091489166,4.54500804051248e6,Berks,Bernardsville,chicken,broiler_2,false,0.004
3233,399562.594064067,4.54665015782086e6,Cumberland,Belvidere,chicken,broiler_1,false,0.006
3234,402347.764605943,4.5279754267213e6,Cumberland,Medford Lakes,chicken,broiler_2,false,0.01
3235,392606.321244072,4.54435050092968e6,Cumberland,Camden,duck,conventional,false,0.002
3236,407278.021643303,4.50593126748511e6,Mifflin,Penns Grove,chicken,broiler_1,false,0.01
3237,425493.74867685,4.57394891609486e6,Lycoming,Mansfield,duck,conventional,false,0.0
3238,453323.862317721,4.5012027059414e6,Luzerne,Gwynedd,chicken,broiler_1,false,0.01
3239,431364.582798908,4.49567705586533e6,Mifflin,Sussex,duck,conventional,false,0.002
3240,449832.554016535,4.52813632925401e6,Berks,Belmar,chicken,broiler_1,false,0.0
3241,400959.571842539,4.54292797699008e6,Cumberland,Point Pleasant Beach,duck,organic,false,0.006
3242,440886.234438542,4.56371285773783e6,Berks,Berlin,duck,conventional,false,0.002
3243,436737.443137818,4.57178624839206e6,Susquehanna,Galloway,duck,conventional,false,0.002
3244,461784.51301735,4.51136892326518e6,Luzerne,Morrisville,chicken,broiler_2,false,0.042
3245,420405.719395356,4.56804422918258e6,Lycoming,Horsham,chicken,broiler_2,false,0.006
3246,418963.649900776,4.5102973668825e6,Mifflin,Downe,duck,conventional,false,0.0
3247,433336.897721156,4.56227153824526e6,Susquehanna,Closter,duck,organic,false,0.004
3248,451155.971273036,4.5488601894781e6,Berks,Bernardsville,chicken,broiler_2,true,0.0
3249,425168.779812091,4.50517611793304e6,Mifflin,Wenonah,chicken,broiler_2,false,0.002
3250,399276.025073221,4.51395691923313e6,Mifflin,Westfield,duck,conventional,false,0.004
3251,446443.13978274,4.50454853183416e6,Berks,Harrison,chicken,broiler_2,false,0.018
3252,412626.039282196,4.50220604037682e6,Mifflin,Stanhope,duck,conventional,false,0.0
3253,405454.411391611,4.50955605255563e6,Mifflin,Long Branch,chicken,broiler_2,false,0.0
3254,421456.751405494,4.55879624943351e6,Lycoming,Willingboro,chicken,broiler_2,false,0.004
3255,411177.898278774,4.57298792876593e6,Lycoming,Marlboro,chicken,broiler_2,false,0.01
3256,400820.024864235,4.522955273641e6,Cumberland,Medford Lakes,duck,conventional,false,0.006
3257,455991.478108643,4.54594564098474e6,Berks,Rutherford,chicken,broiler_1,false,0.036
3258,435264.691396908,4.49819556208597e6,Berks,Helmetta,duck,conventional,false,0.0
3259,420831.272533053,4.56898200187406e6,Lycoming,Horsham,chicken,broiler_2,false,0.006
3260,397476.414866184,4.54223287759305e6,Cumberland,Point Pleasant Beach,chicken,broiler_2,false,0.006
3261,451214.176942315,4.514878539835e6,Berks,Point Pleasant,chicken,broiler_2,false,0.012
3262,450102.877261468,4.51409953356894e6,Berks,Point Pleasant,duck,conventional,false,0.002
3263,396682.066661359,4.51898003323796e6,Mifflin,Netcong,chicken,broiler_2,false,0.014
3264,422424.726956091,4.56641926863724e6,Lycoming,Horsham,duck,conventional,false,0.0
3265,397355.201013251,4.52080958123862e6,Mifflin,Westfield,chicken,broiler_2,false,0.004
3266,391858.407499466,4.53017253146571e6,Cumberland,Longport,chicken,broiler_2,false,0.004
3267,461339.969294701,4.53439047347013e6,Berks,Bayonne,chicken,broiler_2,false,0.014
3268,406718.564395876,4.51740745295142e6,Mifflin,Hainesport,chicken,layer,false,0.012
3269,410128.715983821,4.50262203908522e6,Mifflin,Stanhope,chicken,broiler_2,false,0.012
3270,449992.347728032,4.51681901340565e6,Berks,Point Pleasant,chicken,broiler_2,false,0.002
3271,443080.535250767,4.5471414635003e6,Berks,Bellefonte,duck,conventional,false,0.0
3272,440867.253794258,4.56774108621709e6,Susquehanna,Elizabeth,chicken,broiler_2,false,0.024
3273,435204.599810178,4.56326873035455e6,Susquehanna,Closter,duck,organic,false,0.0
3274,429155.346053487,4.50324006967396e6,Mifflin,Riverton,chicken,broiler_1,false,0.01
3275,424977.482653301,4.56742517031717e6,Lycoming,Horsham,chicken,broiler_1,false,0.002
3276,451539.790898894,4.5307690895268e6,Berks,Belmar,chicken,broiler_2,false,0.004
3277,422259.772801645,4.50278676859263e6,Mifflin,Wenonah,duck,conventional,false,0.004
3278,424219.121987258,4.56620145222719e6,Lycoming,Horsham,duck,conventional,false,0.0
3279,404644.691625946,4.5206655300974e6,Mifflin,Hainesport,chicken,broiler_2,false,0.002
3280,412412.109717401,4.5671210174592e6,Lycoming,Absecon,duck,conventional,false,0.002
3281,400814.919588075,4.56194580726244e6,Cumberland,Lawnside,duck,organic,false,0.0
3282,446108.2188592,4.49883857558679e6,Berks,Helmetta,chicken,broiler_2,false,0.012
3283,405212.520269714,4.54249838412934e6,Cumberland,Point Pleasant Beach,chicken,layer,false,0.006
3284,437872.57787021,4.50074166869526e6,Berks,Helmetta,duck,conventional,false,0.002
3285,461228.420530177,4.52293408301023e6,Berks,Warwick,duck,organic,false,0.01
3286,441403.153048348,4.55801844681901e6,Berks,Berlin,chicken,broiler_1,false,0.012
3287,396419.111240274,4.54057142528445e6,Cumberland,Point Pleasant Beach,chicken,broiler_2,false,0.006
3288,395832.534229613,4.54367740036405e6,Cumberland,Camden,chicken,broiler_2,false,0.012
3289,459341.372493592,4.5145255053636e6,Luzerne,Morrisville,duck,conventional,false,0.0
3290,397033.273573387,4.55013628496183e6,Cumberland,Rumson,chicken,broiler_1,false,0.006
3291,420148.972829575,4.57150792137275e6,Lycoming,Absecon,chicken,broiler_2,false,0.006
3292,457208.747429906,4.54135957893744e6,Berks,Rutherford,duck,organic,false,0.0
3293,438964.672522412,4.55411561014157e6,Berks,Berlin,duck,conventional,false,0.0
3294,404751.591548289,4.50329459591515e6,Mifflin,Long Branch,duck,conventional,false,0.004
3295,414662.820387258,4.56159745627461e6,Lycoming,Barnegat,duck,conventional,false,0.004
3296,449851.374416431,4.51236649282784e6,Berks,Point Pleasant,chicken,broiler_2,false,0.014
3297,403620.853947835,4.50985164877826e6,Mifflin,Long Branch,duck,conventional,false,0.004
3298,457344.222146621,4.52956506096146e6,Berks,Belmar,duck,conventional,false,0.0
3299,445046.265374712,4.49473014156545e6,Luzerne,Paulsboro,duck,organic,false,0.004
3300,422722.167396878,4.50603505988915e6,Mifflin,Holland,chicken,layer,false,0.014
3301,429120.549291955,4.57730901463307e6,Lycoming,Avalon,chicken,layer,false,0.006
3302,449707.751126504,4.55702371364794e6,Berks,Woodbridge,duck,organic,false,0.002
3303,448954.175615722,4.53094408918083e6,Berks,Belmar,duck,conventional,false,0.0
3304,434797.142785921,4.55863100240751e6,Susquehanna,Closter,duck,organic,false,0.002
3305,416892.546025503,4.50303208250526e6,Mifflin,Holland,duck,organic,false,0.008
3306,420653.265384003,4.50313293666688e6,Mifflin,Holland,chicken,layer,false,0.004
3307,403676.546591257,4.53440961903465e6,Cumberland,Teterboro,duck,conventional,false,0.0
3308,461441.211312636,4.53760576817534e6,Berks,Jersey City,chicken,broiler_1,false,0.014
3309,403025.339031373,4.51546409955631e6,Mifflin,Hainesport,duck,conventional,false,0.002
3310,396651.977764551,4.52213212797634e6,Cumberland,Medford Lakes,duck,conventional,false,0.0
3311,443865.811188822,4.55236727610705e6,Berks,Bellefonte,chicken,broiler_1,true,0.0
3312,459230.883616685,4.53157090263791e6,Berks,Bayonne,duck,organic,false,0.004
3313,398556.817182835,4.53065510257541e6,Cumberland,Hillsdale,chicken,broiler_2,false,0.008
3314,398653.595265928,4.50949003832212e6,Mifflin,Caldwell,duck,conventional,false,0.002
3315,408218.340431536,4.56706067835539e6,Cumberland,Estell Manor,chicken,layer,false,0.006
3316,427982.129894434,4.49781516075708e6,Mifflin,Sussex,chicken,broiler_1,false,0.008
3317,434680.665395757,4.57360227180443e6,Susquehanna,Galloway,chicken,broiler_2,false,0.024
3318,407384.267144489,4.56763070088037e6,Cumberland,Estell Manor,chicken,layer,false,0.01
3319,399841.460204734,4.54732672287441e6,Cumberland,Belvidere,duck,organic,false,0.004
3320,463737.817151273,4.51542633961602e6,Luzerne,Morrisville,duck,conventional,false,0.008
3321,407187.680061867,4.55190087729038e6,Cumberland,Belvidere,chicken,broiler_2,false,0.002
3322,431452.501443944,4.56225937265685e6,Susquehanna,Closter,chicken,broiler_1,false,0.004
3323,409421.483919254,4.51244914415027e6,Mifflin,Hainesport,chicken,broiler_2,false,0.01
3324,411950.080215193,4.56303210514733e6,Lycoming,Barnegat,duck,organic,false,0.0
3325,459179.215238089,4.53247968837596e6,Berks,Bayonne,chicken,layer,false,0.014
3326,398836.033159318,4.53679808584039e6,Cumberland,Point Pleasant Beach,duck,conventional,false,0.006
3327,393669.558058943,4.52819449610295e6,Cumberland,Manchester,chicken,layer,false,0.008
3328,392624.819877613,4.53183484577802e6,Cumberland,Longport,chicken,broiler_2,false,0.008
3329,405104.622621595,4.56184952787603e6,Cumberland,Estell Manor,chicken,broiler_2,false,0.012
3330,398949.752638583,4.5543447568991e6,Cumberland,Belvidere,chicken,broiler_2,false,0.008
3331,402962.635248341,4.50830954494709e6,Mifflin,Long Branch,duck,conventional,false,0.004
3332,418404.782041706,4.50321821796411e6,Mifflin,Holland,chicken,broiler_2,false,0.008
3333,406051.320763602,4.57104870516839e6,Cumberland,Estell Manor,duck,conventional,false,0.0
3334,446788.859244468,4.55731207854971e6,Berks,Berlin,chicken,broiler_1,false,0.034
3335,458244.223973192,4.51687999823364e6,Berks,Point Pleasant,chicken,broiler_1,false,0.04
3336,440596.60093993,4.55494146158346e6,Berks,Berlin,duck,conventional,false,0.006
3337,418890.890781233,4.56514660987336e6,Lycoming,Willingboro,duck,conventional,false,0.004
3338,458642.7689251,4.53741334316632e6,Berks,Manasquan,chicken,broiler_2,false,0.014
3339,460020.325085284,4.52967945589562e6,Berks,Belmar,chicken,broiler_2,false,0.028
3340,439657.340512224,4.49261523764227e6,Luzerne,Paulsboro,chicken,broiler_2,false,0.008
3341,454383.996784473,4.50837803979412e6,Berks,Harrison,chicken,broiler_2,false,0.01
3342,408594.508140003,4.56321414534731e6,Cumberland,Estell Manor,chicken,broiler_1,false,0.004
3343,409940.82356082,4.51081380720555e6,Mifflin,Long Branch,chicken,broiler_1,false,0.008
3344,434660.886577508,4.50133624945287e6,Berks,Helmetta,duck,conventional,false,0.0
3345,421129.68463017,4.51391113677827e6,Mifflin,Gloucester,chicken,broiler_2,false,0.004
3346,456286.252893553,4.51685788887821e6,Berks,Point Pleasant,chicken,broiler_2,false,0.008
3347,424929.413323925,4.5040138850318e6,Mifflin,Wenonah,duck,conventional,false,0.002
3348,455225.881512653,4.54690137380448e6,Berks,Bernardsville,chicken,broiler_2,false,0.02
3349,446398.23181836,4.550279788666e6,Berks,Pennsville,chicken,broiler_2,false,0.022
3350,391497.404629135,4.54705944553527e6,Cumberland,Camden,chicken,broiler_2,false,0.01
3351,423047.603918573,4.50358067586664e6,Mifflin,Wenonah,duck,organic,false,0.002
3352,416352.13583974,4.56455872479456e6,Lycoming,Willingboro,chicken,broiler_1,false,0.004
3353,420463.668362611,4.50528084092322e6,Mifflin,Holland,duck,conventional,false,0.006
3354,437366.055153762,4.4965363342135e6,Mifflin,Sussex,chicken,broiler_1,false,0.004
3355,402020.790045711,4.53765478069742e6,Cumberland,Point Pleasant Beach,chicken,layer,false,0.01
3356,449579.261294861,4.53473573930649e6,Berks,Patton,chicken,layer,false,0.002
3357,404972.849916134,4.50918006367759e6,Mifflin,Long Branch,chicken,broiler_1,false,0.01
3358,418294.611111704,4.50205601694161e6,Mifflin,Middletown,chicken,broiler_2,false,0.008
3359,439747.219540146,4.5620748204298e6,Susquehanna,Closter,chicken,broiler_2,false,0.016
3360,419263.895498043,4.57152385452479e6,Lycoming,Absecon,chicken,broiler_2,false,0.004
3361,414459.003226243,4.57000204728607e6,Lycoming,Absecon,duck,conventional,false,0.0
3362,416310.205535457,4.56952347062893e6,Lycoming,Absecon,chicken,broiler_1,false,0.004
3363,410940.164463984,4.50529651694584e6,Mifflin,Penns Grove,duck,conventional,false,0.002
3364,463025.897111761,4.51359300665432e6,Luzerne,Morrisville,duck,organic,false,0.01
3365,427692.714828,4.57051179776564e6,Lycoming,Horsham,chicken,broiler_2,false,0.002
3366,406838.977692921,4.50504182962724e6,Mifflin,Long Branch,chicken,broiler_2,false,0.008
3367,452348.768152704,4.54032120879625e6,Berks,Pohatcong,chicken,broiler_2,false,0.004
3368,402348.803174695,4.53473671576516e6,Cumberland,Teterboro,chicken,broiler_1,false,0.01
3369,397187.053544299,4.55899155559452e6,Cumberland,Lawnside,chicken,broiler_2,false,0.004
3370,457433.90997891,4.53184285748361e6,Berks,Bayonne,duck,conventional,false,0.006
3371,458993.310125557,4.52740018699899e6,Berks,Belmar,chicken,broiler_1,false,0.024
3372,409042.607655663,4.52390834091653e6,Cumberland,Edison,duck,conventional,false,0.004
3373,446700.242175641,4.5119693647289e6,Berks,Harrison,duck,conventional,false,0.002
3374,453639.877398505,4.51460826025352e6,Berks,Point Pleasant,duck,organic,false,0.004
3375,397943.13722879,4.55658585395536e6,Cumberland,Lawnside,chicken,broiler_2,false,0.01
3376,405513.747406958,4.55062670030441e6,Cumberland,Belvidere,duck,conventional,false,0.0
3377,395504.323079922,4.5505111540116e6,Cumberland,Rumson,duck,conventional,false,0.008
3378,402270.602131425,4.51694605548912e6,Mifflin,Westfield,chicken,broiler_2,false,0.004
3379,449203.916625009,4.51493028281292e6,Berks,Point Pleasant,duck,organic,false,0.0
3380,445183.793225479,4.50418967687933e6,Berks,Harrison,chicken,broiler_2,false,0.008
3381,454885.882036341,4.54187876454074e6,Berks,Bernardsville,duck,conventional,false,0.0
3382,459449.049068618,4.51387525235956e6,Luzerne,Morrisville,duck,organic,false,0.01
3383,445862.170979023,4.56034348108075e6,Berks,Berlin,chicken,layer,true,0.0
3384,422824.876792154,4.51285001453312e6,Mifflin,Gloucester,duck,organic,false,0.002
3385,442500.443012597,4.55009964442728e6,Berks,Bellefonte,duck,conventional,false,0.0
3386,410675.324913415,4.56742172749722e6,Lycoming,Barnegat,chicken,broiler_2,false,0.016
3387,457920.298504587,4.51740009094289e6,Berks,Point Pleasant,duck,conventional,false,0.01
3388,456343.627366826,4.50807155706899e6,Luzerne,Gwynedd,chicken,broiler_2,false,0.01
3389,431273.585817166,4.50645160842141e6,Berks,Waterford,chicken,broiler_2,false,0.012
3390,443946.157802282,4.50672916529909e6,Berks,Harrison,chicken,broiler_2,false,0.012
3391,439776.188509613,4.56970645418101e6,Susquehanna,Elizabeth,chicken,broiler_2,false,0.022
3392,449800.803168736,4.53920748630394e6,Berks,Brooklawn,chicken,broiler_1,false,0.004
3393,444839.473370332,4.55666452311225e6,Berks,Berlin,chicken,broiler_2,false,0.026
3394,404692.477165366,4.56697833907623e6,Cumberland,Estell Manor,duck,conventional,false,0.0
3395,405707.059304137,4.50956872670985e6,Mifflin,Long Branch,duck,conventional,false,0.002
3396,432377.539047233,4.49788902565644e6,Mifflin,Sussex,chicken,broiler_2,false,0.012
3397,408576.085859679,4.56307643601522e6,Cumberland,Estell Manor,duck,conventional,false,0.0
3398,455708.680714806,4.52800585074671e6,Berks,Belmar,chicken,broiler_2,false,0.024
3399,422304.095923004,4.57177476964518e6,Lycoming,Avalon,chicken,layer,false,0.002
3400,454976.82401732,4.53223107380688e6,Berks,Belmar,chicken,broiler_2,false,0.016
3401,451884.562011405,4.54299341290865e6,Berks,Ocean Gate,chicken,layer,false,0.004
3402,408586.311257281,4.55291500907485e6,Cumberland,Belvidere,duck,organic,false,0.0
3403,450828.988867679,4.49861448974288e6,Luzerne,Gwynedd,chicken,broiler_2,false,0.01
3404,456782.300039914,4.509973849083e6,Luzerne,Gwynedd,chicken,broiler_2,false,0.008
3405,414918.215793125,4.56640319546962e6,Lycoming,Absecon,chicken,broiler_2,false,0.004
3406,453901.94465343,4.50053429902869e6,Luzerne,Gwynedd,chicken,broiler_2,false,0.012
3407,445752.105562278,4.5069296624852e6,Berks,Harrison,duck,conventional,false,0.004
3408,444530.892688005,4.4938277765188e6,Luzerne,Paulsboro,duck,conventional,false,0.002
3409,396713.995088123,4.55271663113367e6,Cumberland,Rumson,chicken,broiler_2,false,0.01
3410,409834.460389668,4.5705170076559e6,Lycoming,Absecon,duck,conventional,false,0.004
3411,440512.767316349,4.49630874922686e6,Luzerne,Paulsboro,duck,conventional,false,0.002
3412,408299.216242731,4.52578112271482e6,Cumberland,Edison,chicken,broiler_1,false,0.006
3413,400312.066802559,4.5494257866488e6,Cumberland,Rumson,duck,conventional,false,0.002
3414,435993.126464971,4.56645766049391e6,Susquehanna,Elizabeth,chicken,broiler_2,false,0.0
3415,422717.96659522,4.57132828804378e6,Lycoming,Avalon,duck,organic,false,0.0
3416,441283.412014075,4.54132777027209e6,Berks,Lake Como,chicken,broiler_2,false,0.002
3417,432838.486334106,4.56785336424182e6,Lycoming,Mansfield,duck,conventional,false,0.008
3418,422175.32879638,4.50753138473504e6,Mifflin,Holland,chicken,broiler_1,false,0.01
3419,446688.056752983,4.55157734447516e6,Berks,Pennsville,duck,conventional,false,0.008
3420,464562.093420223,4.52668989788675e6,Berks,Warwick,chicken,broiler_1,false,0.02
3421,442880.384103015,4.50949917856033e6,Berks,Harrison,chicken,broiler_1,false,0.008
3422,402174.113452339,4.50671299565526e6,Mifflin,Caldwell,duck,conventional,false,0.004
3423,449986.315851198,4.50366974932355e6,Berks,Harrison,chicken,broiler_1,false,0.006
3424,445370.732556405,4.50342216080852e6,Berks,Harrison,chicken,broiler_2,false,0.01
3425,419062.20599494,4.50462986901159e6,Mifflin,Holland,chicken,broiler_2,false,0.014
3426,391307.504412201,4.53550483762488e6,Cumberland,Shrewsbury,duck,conventional,false,0.0
3427,452502.493177164,4.5453518717866e6,Berks,Bernardsville,duck,conventional,false,0.002
3428,446169.092872682,4.5063170550857e6,Berks,Harrison,duck,conventional,false,0.006
3429,440014.667901026,4.55996867256049e6,Susquehanna,Closter,chicken,broiler_2,false,0.018
3430,432504.866291589,4.5102217986682e6,Berks,Waterford,chicken,broiler_2,false,0.008
3431,407720.823595518,4.52400046405492e6,Cumberland,Edison,chicken,broiler_2,false,0.012
3432,397734.126857664,4.54900110759936e6,Cumberland,Rumson,duck,conventional,false,0.0
3433,453611.366610546,4.51820902316211e6,Berks,Point Pleasant,duck,conventional,false,0.0
3434,402880.241230656,4.56785350937722e6,Cumberland,Estell Manor,duck,organic,false,0.0
3435,409051.990257769,4.56230068617924e6,Cumberland,Deal,duck,conventional,false,0.0
3436,463249.711597911,4.52778805082868e6,Berks,Warwick,duck,conventional,false,0.002
3437,443857.643036903,4.55180643306535e6,Berks,Bellefonte,duck,conventional,false,0.006
3438,463315.863983241,4.51654959515111e6,Berks,Warwick,duck,conventional,false,0.004
3439,454656.176467004,4.51837512305836e6,Berks,Point Pleasant,chicken,broiler_2,false,0.01
3440,459083.26295609,4.53295196230487e6,Berks,Bayonne,duck,organic,false,0.002
3441,418479.362031851,4.50035973684783e6,Mifflin,Middletown,chicken,broiler_1,false,0.006
3442,403551.90765542,4.56609866441056e6,Cumberland,Estell Manor,duck,organic,false,0.004
3443,420685.864026721,4.5741889478865e6,Lycoming,Avalon,duck,conventional,false,0.002
3444,457065.264417217,4.52257940802393e6,Berks,Warwick,chicken,broiler_2,false,0.026
3445,398475.163652526,4.54009191421836e6,Cumberland,Point Pleasant Beach,chicken,broiler_1,false,0.01
3446,449348.785613343,4.49625511891259e6,Luzerne,Paulsboro,chicken,broiler_1,false,0.008
3447,449209.434631504,4.4975481589252e6,Berks,Harrison,chicken,broiler_2,false,0.012
3448,401432.991436396,4.56582069031717e6,Cumberland,Estell Manor,chicken,broiler_1,false,0.008
3449,448630.611413856,4.53850141231292e6,Berks,Brooklawn,chicken,broiler_1,false,0.006
3450,453349.755973239,4.54435088879065e6,Berks,Bernardsville,chicken,broiler_2,false,0.006
3451,453659.053863005,4.5473181295519e6,Berks,Bernardsville,duck,conventional,false,0.012
3452,447489.091640023,4.49943883494317e6,Berks,Helmetta,duck,conventional,false,0.004
3453,393845.969031524,4.53048825704153e6,Cumberland,Longport,duck,conventional,false,0.002
3454,397910.470114792,4.55402065586558e6,Cumberland,Rumson,chicken,broiler_2,false,0.002
3455,399414.688321762,4.55567788350982e6,Cumberland,Lawnside,chicken,layer,false,0.012
3456,445263.568823657,4.55186747206968e6,Berks,Bellefonte,duck,conventional,false,0.004
3457,436767.256341765,4.55987004457002e6,Susquehanna,Closter,duck,conventional,false,0.002
3458,397991.532677101,4.52407719810601e6,Cumberland,Medford Lakes,chicken,broiler_2,false,0.008
3459,411055.78636855,4.5197047939282e6,Mifflin,Hainesport,duck,conventional,false,0.004
3460,462074.169466105,4.52311981622791e6,Berks,Warwick,chicken,broiler_1,false,0.026
3461,455475.677021542,4.50721063546264e6,Luzerne,Gwynedd,chicken,broiler_1,false,0.004
3462,444295.556855935,4.51439751223695e6,Berks,Harrison,duck,conventional,false,0.004
3463,395833.345741,4.52905585847674e6,Cumberland,Longport,duck,conventional,false,0.0
3464,455529.659380137,4.52540907430352e6,Berks,Belmar,duck,conventional,false,0.006
3465,395074.882019148,4.53680547728968e6,Cumberland,Point Pleasant Beach,chicken,broiler_2,false,0.012
3466,400261.574659353,4.5416635120562e6,Cumberland,Point Pleasant Beach,chicken,broiler_2,false,0.012
3467,443427.431681981,4.49571562381454e6,Luzerne,Paulsboro,chicken,layer,false,0.014
3468,436978.257040258,4.57364922403865e6,Susquehanna,Galloway,duck,organic,false,0.0
3469,455298.762016988,4.54335548405331e6,Berks,Bernardsville,chicken,broiler_2,false,0.022
3470,454778.92179528,4.52658104537836e6,Berks,Belmar,chicken,broiler_1,false,0.024
3471,425095.440728827,4.56338716459173e6,Lycoming,Horsham,duck,organic,false,0.0
3472,412287.065221075,4.57294190132294e6,Lycoming,Absecon,chicken,broiler_2,false,0.006
3473,417469.021057256,4.57141454023807e6,Lycoming,Absecon,chicken,broiler_2,false,0.008
3474,402233.743802712,4.56623206035135e6,Cumberland,Estell Manor,duck,conventional,false,0.002
3475,429174.08926818,4.57194234802955e6,Lycoming,Mansfield,duck,conventional,false,0.0
3476,395444.00384305,4.54015770149066e6,Cumberland,Point Pleasant Beach,chicken,broiler_1,false,0.002
3477,437043.878299519,4.57073237111747e6,Susquehanna,Elizabeth,chicken,broiler_2,false,0.016
3478,450914.598179927,4.52923589385349e6,Berks,Belmar,chicken,layer,false,0.004
3479,457017.226181641,4.53888073968463e6,Berks,Belleville,duck,conventional,false,0.006
3480,408851.009118464,4.5655850856923e6,Lycoming,Absecon,duck,conventional,false,0.002
3481,446038.699503861,4.55747182077973e6,Berks,Berlin,chicken,broiler_1,false,0.0
3482,449212.438872162,4.52694345372356e6,Berks,Belmar,duck,conventional,false,0.002
3483,432996.394486205,4.5684483406358e6,Lycoming,Mansfield,chicken,layer,false,0.02
3484,444951.156435915,4.51028110418509e6,Berks,Harrison,duck,conventional,false,0.002
3485,444279.245436012,4.51024190232732e6,Berks,Harrison,chicken,layer,false,0.018
3486,392913.634256891,4.54266212180085e6,Cumberland,Camden,duck,organic,false,0.0
3487,400475.925559767,4.51628496238534e6,Mifflin,Westfield,duck,conventional,false,0.002
3488,405581.792452775,4.51883287089389e6,Mifflin,Hainesport,duck,conventional,false,0.002
3489,446605.060405263,4.54225436583749e6,Berks,Lake Como,duck,conventional,false,0.0
3490,404054.965629885,4.51391408828741e6,Mifflin,Caldwell,duck,organic,false,0.0
3491,456107.665992362,4.53424071268704e6,Berks,Bayonne,chicken,broiler_2,false,0.03
3492,442438.504664664,4.55615044846854e6,Berks,Berlin,duck,conventional,false,0.004
3493,448329.795325463,4.5508940735658e6,Berks,Perkasie,chicken,broiler_2,false,0.012
3494,430595.97344716,4.49837775934455e6,Mifflin,Sussex,duck,conventional,false,0.002
3495,427211.126669371,4.56684876858357e6,Lycoming,Horsham,duck,conventional,false,0.0
3496,400032.982430514,4.53512304013044e6,Cumberland,Hillsdale,chicken,broiler_2,false,0.01
3497,433035.999110206,4.49805040805536e6,Mifflin,Sussex,chicken,broiler_2,false,0.006
3498,399240.62364076,4.5445669925816e6,Cumberland,Point Pleasant Beach,chicken,broiler_2,false,0.014
3499,409021.654450698,4.51382463183405e6,Mifflin,Hainesport,duck,organic,false,0.002
3500,402164.997298131,4.52464373545073e6,Cumberland,Medford Lakes,duck,organic,false,0.004
3501,420176.35285904,4.50082345202349e6,Mifflin,Riverton,chicken,broiler_2,false,0.008
3502,454764.662156707,4.52272337960409e6,Berks,Belmar,chicken,broiler_1,false,0.028
3503,405408.783273278,4.5093686712925e6,Mifflin,Long Branch,chicken,broiler_2,false,0.016
3504,455902.328417842,4.53937905616153e6,Berks,Belleville,chicken,broiler_2,false,0.014
3505,419706.903341397,4.57053024909809e6,Lycoming,Absecon,chicken,broiler_2,false,0.002
3506,393951.647248992,4.53303599990984e6,Cumberland,Longport,duck,conventional,false,0.002
3507,441459.581715426,4.55538023281309e6,Berks,Berlin,duck,conventional,false,0.006
3508,439308.973104179,4.49624245523766e6,Luzerne,Paulsboro,chicken,broiler_2,false,0.01
3509,454463.225605223,4.51942639238255e6,Berks,Point Pleasant,duck,conventional,false,0.004
3510,413964.483190756,4.57161712875737e6,Lycoming,Absecon,duck,conventional,false,0.002
3511,460849.260523712,4.53594438670418e6,Berks,Jersey City,chicken,broiler_2,false,0.032
3512,405151.95878241,4.52569112649741e6,Cumberland,Edison,chicken,broiler_2,false,0.012
3513,403082.070888029,4.5192695721621e6,Mifflin,Westfield,duck,organic,false,0.004
3514,427627.407550873,4.5048203350311e6,Mifflin,Wenonah,duck,conventional,false,0.0
3515,450775.801131406,4.51056352676656e6,Berks,Point Pleasant,chicken,layer,false,0.008
3516,405116.865614159,4.50264184362236e6,Mifflin,Livingston,duck,conventional,false,0.002
3517,452012.961237981,4.50695906419731e6,Berks,Harrison,chicken,broiler_2,false,0.008
3518,398715.523473437,4.56441922430248e6,Cumberland,Lawnside,duck,conventional,false,0.004
3519,419592.113407521,4.50687411969292e6,Mifflin,Holland,duck,conventional,false,0.006
3520,455390.086835404,4.54827185053159e6,Berks,Bernardsville,chicken,broiler_2,false,0.01
3521,419847.515206468,4.56476723721085e6,Lycoming,Willingboro,chicken,broiler_1,false,0.004
3522,395928.671088556,4.54549506800394e6,Cumberland,Camden,duck,conventional,false,0.002
3523,403735.152523826,4.51337288609077e6,Mifflin,Caldwell,chicken,broiler_2,false,0.006
3524,398382.418339357,4.52185861116035e6,Cumberland,Medford Lakes,duck,conventional,false,0.0
3525,445988.273377144,4.55872518595879e6,Berks,Berlin,chicken,broiler_2,false,0.014
3526,453982.765418437,4.55137281705574e6,Berks,Port Matilda,duck,conventional,true,0.0
3527,442137.348155292,4.56649087634486e6,Berks,Taylor,duck,conventional,false,0.002
3528,448872.980175394,4.5015626511196e6,Berks,Harrison,chicken,broiler_2,false,0.006
3529,435769.594108161,4.50239646116958e6,Berks,Helmetta,duck,organic,false,0.0
3530,398023.184316963,4.55006594169146e6,Cumberland,Rumson,duck,organic,false,0.002
3531,451977.321495074,4.53657367568558e6,Berks,Patton,duck,conventional,false,0.0
3532,399287.205198368,4.53566566296669e6,Cumberland,Hillsdale,chicken,layer,false,0.006
3533,402074.47900931,4.52320916368984e6,Cumberland,Medford Lakes,duck,organic,false,0.002
3534,404226.025770352,4.54034708328785e6,Cumberland,Point Pleasant Beach,duck,conventional,false,0.002
3535,435261.967003111,4.5663978941619e6,Susquehanna,Closter,chicken,broiler_1,true,0.0
3536,398142.700783574,4.54140507713849e6,Cumberland,Point Pleasant Beach,chicken,broiler_1,false,0.014
3537,436547.358676133,4.55503786596396e6,Berks,Berlin,duck,organic,false,0.0
3538,431309.159865361,4.50515037081244e6,Berks,Waterford,duck,conventional,false,0.004
3539,455566.261904951,4.52373995501892e6,Berks,Belmar,duck,conventional,false,0.002
3540,454836.007809427,4.53251580879869e6,Berks,Belmar,chicken,broiler_1,false,0.026
3541,429223.934378123,4.56683896125316e6,Lycoming,Mansfield,chicken,broiler_2,false,0.002
3542,405494.993313174,4.54857836888636e6,Cumberland,Belvidere,chicken,broiler_2,false,0.002
3543,420710.932512866,4.56881379335254e6,Lycoming,Horsham,duck,organic,false,0.002
3544,456278.776080457,4.54991189837769e6,Berks,Port Matilda,chicken,broiler_2,false,0.01
3545,432241.071628024,4.4961442252447e6,Mifflin,Sussex,chicken,broiler_2,false,0.008
3546,446219.985654885,4.50140303528643e6,Berks,Helmetta,duck,conventional,false,0.004
3547,441781.831188833,4.5617937787809e6,Berks,Berlin,chicken,broiler_1,false,0.014
3548,394371.66267504,4.51946749558093e6,Mifflin,Netcong,chicken,broiler_1,false,0.008
3549,445113.775717293,4.54732145335551e6,Berks,Bellefonte,duck,conventional,false,0.002
3550,404032.063363208,4.52498550625537e6,Cumberland,Edison,chicken,broiler_1,false,0.006
3551,408483.735418628,4.55667122338909e6,Cumberland,Deal,chicken,broiler_2,false,0.002
3552,410505.535168857,4.56372790899966e6,Lycoming,Barnegat,chicken,broiler_2,false,0.016
3553,434001.352455904,4.50018802514345e6,Berks,Helmetta,chicken,broiler_2,false,0.014
3554,413123.698027851,4.51724768283332e6,Mifflin,Hainesport,chicken,broiler_1,false,0.004
3555,436564.166549936,4.57323472902562e6,Susquehanna,Galloway,duck,organic,true,0.0
3556,422800.902437914,4.50817883782961e6,Mifflin,Holland,chicken,broiler_1,false,0.01
3557,459385.020606874,4.51528671736823e6,Berks,Point Pleasant,duck,conventional,false,0.006
3558,444297.683012749,4.54941164589412e6,Berks,Bellefonte,duck,conventional,false,0.0
3559,403469.58232526,4.53851633233865e6,Cumberland,Point Pleasant Beach,chicken,broiler_2,false,0.014
3560,458520.873949511,4.5155341620819e6,Berks,Point Pleasant,chicken,broiler_1,false,0.05
3561,402207.170635112,4.52728121589545e6,Cumberland,Medford Lakes,chicken,broiler_1,false,0.006
3562,404184.91002474,4.50348414536472e6,Mifflin,Long Branch,chicken,broiler_2,false,0.01
3563,446025.610757171,4.55034218860619e6,Berks,Pennsville,duck,conventional,false,0.002
3564,413627.426086718,4.57210614062388e6,Lycoming,Absecon,duck,organic,false,0.004
3565,397761.084698359,4.53681765189711e6,Cumberland,Point Pleasant Beach,chicken,broiler_2,false,0.01
3566,408534.29470402,4.49953336485993e6,Mifflin,Chesterfield,chicken,broiler_2,false,0.0
3567,445083.237292957,4.54281769397038e6,Berks,Lake Como,duck,conventional,false,0.0
3568,420747.450050835,4.51422512223977e6,Mifflin,Gloucester,duck,organic,false,0.0
3569,440244.188942098,4.56611859230669e6,Berks,Berlin,duck,conventional,false,0.01
3570,407767.258163649,4.56560878693665e6,Cumberland,Estell Manor,duck,conventional,false,0.002
3571,447284.091777386,4.55893932292422e6,Berks,Berlin,duck,organic,false,0.008
3572,430344.492476677,4.50715661920577e6,Berks,Waterford,chicken,broiler_2,false,0.01
3573,397753.652368117,4.53598136404586e6,Cumberland,Hillsdale,chicken,broiler_1,false,0.006
3574,442962.99253001,4.49471000398037e6,Luzerne,Paulsboro,chicken,broiler_2,false,0.008
3575,449543.443104411,4.51233730803465e6,Berks,Point Pleasant,chicken,broiler_2,false,0.016
3576,435630.407002729,4.56965895432182e6,Susquehanna,Elizabeth,chicken,broiler_2,false,0.02
3577,455727.019308154,4.52076683986265e6,Berks,Point Pleasant,duck,conventional,false,0.004
3578,461440.415649243,4.52262901408246e6,Berks,Warwick,chicken,broiler_1,false,0.02
3579,436710.388290621,4.56414174604113e6,Susquehanna,Closter,chicken,broiler_2,false,0.014
3580,393240.672497353,4.53594647184134e6,Cumberland,Longport,duck,organic,false,0.002
3581,442135.324509508,4.49812763957861e6,Berks,Helmetta,duck,conventional,false,0.002
3582,442862.614857804,4.55938413277501e6,Berks,Berlin,duck,conventional,false,0.002
3583,399157.699800099,4.53405373889606e6,Cumberland,Hillsdale,chicken,broiler_1,false,0.016
3584,418489.737554068,4.56001973942002e6,Lycoming,Willingboro,chicken,broiler_2,false,0.004
3585,400671.620988162,4.52534344557135e6,Cumberland,Medford Lakes,duck,organic,false,0.0
3586,414309.687659353,4.51980609396967e6,Mifflin,Hainesport,duck,organic,false,0.0
3587,392053.958674918,4.54964054952865e6,Cumberland,Rumson,duck,conventional,false,0.002
3588,411138.297830261,4.51393700089837e6,Mifflin,Hainesport,chicken,layer,false,0.014
3589,451546.310536111,4.4984553248111e6,Luzerne,Gwynedd,chicken,broiler_1,false,0.004
3590,399631.794794271,4.55884798688102e6,Cumberland,Lawnside,duck,organic,false,0.004
3591,403902.034053681,4.53516762945062e6,Cumberland,Teterboro,duck,conventional,false,0.0
3592,401443.217778983,4.52785974444775e6,Cumberland,Medford Lakes,duck,conventional,false,0.002
3593,443232.387312286,4.54281196452697e6,Berks,Lake Como,chicken,broiler_1,false,0.002
3594,432937.963502885,4.57076636541826e6,Susquehanna,Elizabeth,duck,conventional,false,0.0
3595,396731.267941831,4.54170051410015e6,Cumberland,Point Pleasant Beach,chicken,broiler_1,false,0.006
3596,440869.932153614,4.55395315200656e6,Berks,Berlin,duck,conventional,false,0.002
3597,427824.293847736,4.50492062119855e6,Mifflin,Wenonah,chicken,broiler_1,false,0.004
3598,450794.10565118,4.52226000791155e6,Berks,Belmar,duck,conventional,false,0.0
3599,395142.634090788,4.55505646183012e6,Cumberland,Rumson,chicken,broiler_1,false,0.008
3600,423669.629337043,4.51282547483316e6,Mifflin,Gloucester,duck,conventional,false,0.002
3601,421787.59435396,4.57116590071687e6,Lycoming,Avalon,chicken,broiler_2,false,0.002
3602,450949.567956085,4.51853285173478e6,Berks,Point Pleasant,chicken,broiler_1,false,0.014
3603,450407.776327539,4.52817003414972e6,Berks,Belmar,chicken,broiler_2,false,0.01
3604,408950.78155463,4.52262956940331e6,Cumberland,Edison,duck,conventional,false,0.0
3605,434532.302284602,4.56745064398105e6,Susquehanna,Closter,duck,organic,false,0.006
3606,460647.721711248,4.53439131060892e6,Berks,Bayonne,chicken,broiler_2,false,0.028
3607,454602.218642302,4.51952724440612e6,Berks,Point Pleasant,duck,conventional,false,0.004
3608,399877.18124984,4.55860102476955e6,Cumberland,Lawnside,duck,organic,false,0.004
3609,406248.785473788,4.506942160148e6,Mifflin,Long Branch,duck,conventional,false,0.0
3610,400219.256162362,4.50824310435433e6,Mifflin,Long Branch,chicken,layer,false,0.012
3611,420354.858742052,4.56495220353734e6,Lycoming,Willingboro,chicken,broiler_2,false,0.002
3612,405408.314233154,4.54899481598161e6,Cumberland,Belvidere,duck,conventional,false,0.0
3613,416223.054448169,4.50174427959246e6,Mifflin,Stanhope,duck,conventional,false,0.004
3614,415204.058356487,4.50395934941903e6,Mifflin,Stanhope,chicken,broiler_1,false,0.008
3615,440001.931024159,4.55266630009994e6,Berks,Berlin,chicken,broiler_1,true,0.0
3616,413908.765593448,4.50280874526123e6,Mifflin,Stanhope,duck,conventional,false,0.004
3617,459092.003494071,4.51003991117298e6,Luzerne,Gwynedd,chicken,broiler_2,false,0.008
3618,400305.221439686,4.51010014745057e6,Mifflin,Caldwell,duck,organic,false,0.002
3619,456015.262156053,4.51637952259213e6,Berks,Point Pleasant,duck,conventional,false,0.004
3620,402950.355490632,4.51270443876262e6,Mifflin,Caldwell,chicken,broiler_2,false,0.004
3621,446345.25270091,4.49943491599566e6,Berks,Helmetta,chicken,broiler_2,false,0.006
3622,393223.265491019,4.55337023122696e6,Cumberland,New Providence,chicken,broiler_2,false,0.002
3623,426844.439300334,4.50286805572842e6,Mifflin,Wenonah,duck,organic,false,0.002
3624,432541.379248979,4.57062064212273e6,Lycoming,Mansfield,chicken,broiler_1,true,0.0
3625,439909.370166981,4.55083798515962e6,Berks,Bellefonte,duck,conventional,false,0.0
3626,405407.325305769,4.51378114128563e6,Mifflin,Caldwell,chicken,broiler_2,false,0.01
3627,464010.607597458,4.51850711929271e6,Berks,Warwick,chicken,broiler_2,false,0.034
3628,457507.813437913,4.53053714594794e6,Berks,Bayonne,chicken,broiler_2,true,0.0
3629,429731.407382686,4.57342510856646e6,Lycoming,Mansfield,chicken,broiler_2,false,0.0
3630,424225.922882264,4.57172429698256e6,Lycoming,Avalon,chicken,broiler_2,true,0.0
3631,417239.853467621,4.57212625879252e6,Lycoming,Absecon,chicken,broiler_2,false,0.008
3632,438028.977645601,4.50435440982262e6,Berks,Waterford,duck,conventional,false,0.002
3633,432006.450625583,4.57681386181492e6,Susquehanna,Mount Holly,duck,conventional,false,0.002
3634,453377.579841189,4.51040165709009e6,Berks,Point Pleasant,duck,conventional,false,0.0
3635,416907.353363779,4.57179637463554e6,Lycoming,Absecon,chicken,broiler_2,false,0.002
3636,395697.975478446,4.52983580637373e6,Cumberland,Longport,chicken,broiler_2,false,0.01
3637,445538.720426175,4.49379096907918e6,Luzerne,Paulsboro,duck,conventional,false,0.0
3638,443272.461255371,4.56101934432565e6,Berks,Berlin,chicken,broiler_2,false,0.022
3639,445484.883074563,4.55005266442414e6,Berks,Bellefonte,duck,organic,false,0.002
3640,440537.443362735,4.50343979203127e6,Berks,Helmetta,chicken,broiler_2,false,0.008
3641,450298.256592094,4.50680173798882e6,Berks,Harrison,chicken,broiler_1,false,0.004
3642,396227.408680612,4.54646772915005e6,Cumberland,Rumson,chicken,broiler_2,false,0.01
3643,408557.33842111,4.50025812512513e6,Mifflin,Chesterfield,chicken,broiler_1,false,0.012
3644,460809.120575743,4.5191437456302e6,Berks,Point Pleasant,duck,conventional,false,0.012
3645,413934.979915248,4.56403830127568e6,Lycoming,Barnegat,chicken,broiler_2,false,0.002
3646,441728.289743546,4.54068359805093e6,Berks,Allenhurst,duck,organic,false,0.0
3647,447979.431915948,4.5501095828225e6,Berks,Perkasie,duck,organic,false,0.008
3648,420920.995269063,4.57347195245936e6,Lycoming,Avalon,chicken,broiler_2,false,0.002
3649,458167.570091419,4.54347975008418e6,Berks,Rutherford,chicken,broiler_2,false,0.022
3650,456063.475126946,4.51589248361057e6,Berks,Point Pleasant,chicken,broiler_2,false,0.006
3651,397006.017285878,4.52038940523613e6,Mifflin,Westfield,chicken,layer,false,0.006
3652,444640.830603477,4.55221982852727e6,Berks,Bellefonte,duck,conventional,false,0.0
3653,428472.758920732,4.57605113070538e6,Lycoming,Avalon,chicken,broiler_1,false,0.0
3654,450028.349761897,4.55544481252042e6,Berks,Pennsville,chicken,broiler_2,false,0.022
3655,445918.352357718,4.51053106233011e6,Berks,Harrison,duck,conventional,false,0.0
3656,403926.48299074,4.53368830045497e6,Cumberland,Teterboro,duck,conventional,false,0.002
3657,419706.338060715,4.56098281277772e6,Lycoming,Willingboro,duck,conventional,false,0.0
3658,458757.546904961,4.52282477164766e6,Berks,Warwick,duck,conventional,false,0.002
3659,408938.261177359,4.50896762130994e6,Mifflin,Penns Grove,duck,conventional,false,0.0
3660,398605.315414113,4.56039895074911e6,Cumberland,Lawnside,duck,conventional,false,0.004
3661,397114.30421089,4.54045259998361e6,Cumberland,Point Pleasant Beach,chicken,broiler_1,false,0.02
3662,398772.230145043,4.54635474356114e6,Cumberland,Rumson,chicken,layer,false,0.008
3663,397387.271021182,4.52357675470104e6,Cumberland,Medford Lakes,duck,conventional,false,0.004
3664,443032.288265436,4.51229975117206e6,Berks,Harrison,chicken,broiler_2,false,0.016
3665,410519.699047931,4.51479176681893e6,Mifflin,Hainesport,chicken,broiler_2,false,0.01
3666,401806.903272549,4.53737679504091e6,Cumberland,Point Pleasant Beach,chicken,broiler_1,false,0.01
3667,451953.200639789,4.53326003237674e6,Berks,Belmar,chicken,broiler_1,false,0.004
3668,453031.147768867,4.52482563631639e6,Berks,Belmar,chicken,broiler_1,false,0.028
3669,449387.319284909,4.51652253755811e6,Berks,Point Pleasant,chicken,broiler_2,false,0.008
3670,445728.025968385,4.50308097359432e6,Berks,Harrison,duck,conventional,false,0.0
3671,434214.430974414,4.50334993466758e6,Mifflin,Riverton,chicken,broiler_1,false,0.006
3672,451188.198013125,4.54436498486936e6,Berks,Bernardsville,duck,organic,false,0.0
3673,409226.474039417,4.50962903698314e6,Mifflin,Penns Grove,chicken,broiler_1,false,0.01
3674,400525.906451153,4.51893784203559e6,Mifflin,Westfield,chicken,broiler_2,false,0.008
3675,455935.048939304,4.51318133028425e6,Berks,Point Pleasant,chicken,layer,false,0.008
3676,411500.59018864,4.56489974225688e6,Lycoming,Barnegat,duck,conventional,false,0.006
3677,400379.206416024,4.56547975072329e6,Cumberland,Estell Manor,duck,conventional,false,0.002
3678,424331.262983867,4.56288146053604e6,Lycoming,Horsham,chicken,broiler_2,false,0.008
3679,424845.38384762,4.49870723838449e6,Mifflin,Riverton,duck,conventional,false,0.002
3680,423408.040284813,4.50869512430169e6,Mifflin,Holland,chicken,broiler_1,false,0.012
3681,405936.299433772,4.56892526348985e6,Cumberland,Estell Manor,chicken,broiler_1,false,0.002
3682,411472.730686792,4.5705589200231e6,Lycoming,Absecon,duck,conventional,false,0.004
3683,408623.088596076,4.51279009918999e6,Mifflin,Long Branch,chicken,broiler_2,false,0.006
3684,402858.146181653,4.51531973802233e6,Mifflin,Hainesport,chicken,broiler_1,false,0.012
3685,449224.923424185,4.5073664059028e6,Berks,Harrison,duck,conventional,false,0.002
3686,424934.779597641,4.56253857891193e6,Lycoming,Horsham,chicken,broiler_2,false,0.002
3687,446728.307860808,4.50378340469471e6,Berks,Harrison,chicken,broiler_1,false,0.006
3688,426331.856503991,4.49856733587054e6,Mifflin,Riverton,chicken,broiler_2,false,0.016
3689,396664.911576739,4.53662279695231e6,Cumberland,Point Pleasant Beach,chicken,broiler_2,false,0.01
3690,451677.367951021,4.50733113598725e6,Berks,Harrison,duck,conventional,false,0.006
3691,395799.63463103,4.52545069148904e6,Cumberland,Medford Lakes,chicken,broiler_2,false,0.012
3692,399950.632695384,4.53816914292629e6,Cumberland,Point Pleasant Beach,chicken,broiler_2,false,0.012
3693,394997.656981986,4.51855061614317e6,Mifflin,Netcong,chicken,broiler_1,false,0.002
3694,408768.502951352,4.5511817789719e6,Cumberland,Belvidere,duck,organic,false,0.0
3695,390914.375174608,4.526091258861e6,Cumberland,Manchester,duck,organic,false,0.0
3696,460300.47210932,4.5348790674772e6,Berks,Bayonne,duck,conventional,false,0.008
3697,429654.344441212,4.50638304446604e6,Berks,Waterford,chicken,broiler_1,false,0.01
3698,444774.145625087,4.54926543575734e6,Berks,Bellefonte,chicken,broiler_1,false,0.01
3699,408627.692673322,4.5594335719671e6,Cumberland,Deal,duck,conventional,false,0.006
3700,457420.182548068,4.5110687696084e6,Berks,Point Pleasant,chicken,broiler_2,false,0.004
3701,457977.880706915,4.54489355620184e6,Berks,Rutherford,chicken,broiler_2,false,0.02
3702,401324.937149303,4.51351736752992e6,Mifflin,Caldwell,chicken,layer,false,0.006
3703,408508.428784371,4.52029956049791e6,Cumberland,Edison,chicken,broiler_1,false,0.004
3704,435146.919337606,4.56096103282378e6,Susquehanna,Closter,duck,conventional,false,0.01
3705,435569.742507593,4.56598557341921e6,Susquehanna,Closter,duck,conventional,false,0.002
3706,456841.273277252,4.53974933849939e6,Berks,Belleville,chicken,broiler_2,false,0.032
3707,428616.55028822,4.50467542774402e6,Mifflin,Wenonah,duck,conventional,false,0.006
3708,414409.066232912,4.50960968494256e6,Mifflin,Downe,duck,conventional,false,0.004
3709,440450.992610082,4.56852960890456e6,Susquehanna,Elizabeth,duck,conventional,false,0.008
3710,397916.928177541,4.53622241373484e6,Cumberland,Hillsdale,duck,conventional,false,0.004
3711,454195.005330483,4.53805084377555e6,Berks,Manasquan,chicken,broiler_2,false,0.024
3712,457022.03240454,4.53645644717962e6,Berks,Manasquan,chicken,broiler_1,false,0.03
3713,459959.18728145,4.51274139915262e6,Luzerne,Morrisville,duck,organic,false,0.008
3714,402736.586280806,4.5132269597484e6,Mifflin,Caldwell,chicken,broiler_2,false,0.01
3715,398161.966306689,4.55617816953544e6,Cumberland,Lawnside,chicken,broiler_2,false,0.012
3716,443932.789551469,4.55580768555066e6,Berks,Berlin,duck,conventional,false,0.006
3717,398835.941262548,4.55209766014965e6,Cumberland,Rumson,duck,conventional,false,0.002
3718,450838.816081439,4.5053987916174e6,Berks,Harrison,duck,conventional,false,0.0
3719,429957.124369336,4.50136809196443e6,Mifflin,Riverton,chicken,broiler_1,false,0.006
3720,451066.935619506,4.50291605079503e6,Luzerne,Gwynedd,duck,conventional,false,0.0
3721,404894.112585654,4.55203769633252e6,Cumberland,Belvidere,duck,organic,false,0.002
3722,446928.279554637,4.55378998959294e6,Berks,Pennsville,duck,organic,true,0.0
3723,414877.02276669,4.50009004621298e6,Mifflin,Folsom,chicken,broiler_2,false,0.012
3724,401307.14389288,4.51833396903024e6,Mifflin,Westfield,chicken,broiler_1,false,0.008
3725,407998.070719969,4.5240487153039e6,Cumberland,Edison,chicken,broiler_2,false,0.008
3726,426243.532056311,4.57271329798866e6,Lycoming,Mansfield,chicken,broiler_1,false,0.002
3727,439784.862328333,4.50354452904707e6,Berks,Helmetta,duck,conventional,false,0.002
3728,397902.796036533,4.55185796817709e6,Cumberland,Rumson,chicken,broiler_2,false,0.012
3729,399919.960991635,4.55175797500254e6,Cumberland,Rumson,duck,conventional,false,0.002
3730,465574.640829716,4.51980328409823e6,Berks,Warwick,chicken,broiler_2,false,0.038
3731,451497.029734321,4.51044207779981e6,Berks,Point Pleasant,chicken,broiler_2,false,0.002
3732,456456.189622899,4.51944479373706e6,Berks,Point Pleasant,chicken,broiler_2,false,0.008
3733,457958.361933955,4.51243390385425e6,Berks,Point Pleasant,chicken,broiler_2,false,0.006
3734,403114.12836232,4.54036233532533e6,Cumberland,Point Pleasant Beach,chicken,broiler_2,false,0.008
3735,403941.320456049,4.54214871358968e6,Cumberland,Point Pleasant Beach,chicken,broiler_1,false,0.004
3736,403851.09461893,4.54114287819743e6,Cumberland,Point Pleasant Beach,duck,conventional,false,0.0
3737,436862.847030946,4.5590977821088e6,Susquehanna,Closter,chicken,broiler_2,false,0.016
3738,461195.425360603,4.52584782020062e6,Berks,Warwick,duck,organic,false,0.002
3739,451874.983197088,4.53749428292281e6,Berks,Southampton,duck,conventional,false,0.0
3740,434296.17858745,4.49511196136361e6,Mifflin,Sussex,chicken,broiler_1,false,0.012
3741,420904.616190499,4.50934294222931e6,Mifflin,Downe,chicken,broiler_2,false,0.022
3742,438085.835326292,4.5671113783534e6,Susquehanna,Elizabeth,chicken,broiler_2,false,0.03
3743,448341.788135025,4.54922164818072e6,Berks,Perkasie,chicken,layer,false,0.004
3744,392105.691412503,4.53602297555305e6,Cumberland,Longport,chicken,broiler_2,false,0.006
3745,441702.99322597,4.56758053632394e6,Susquehanna,Elizabeth,duck,conventional,false,0.0
3746,448423.784063159,4.51617919777777e6,Berks,Point Pleasant,duck,organic,false,0.002
3747,412395.564703917,4.51782662298817e6,Mifflin,Hainesport,duck,conventional,false,0.006
3748,451391.536184614,4.51436139188662e6,Berks,Point Pleasant,duck,conventional,false,0.002
3749,423549.931971592,4.49949107434239e6,Mifflin,Riverton,chicken,broiler_1,false,0.006
3750,441101.95207252,4.56659459449943e6,Berks,Taylor,duck,conventional,false,0.004
3751,434185.710260642,4.57578203844248e6,Susquehanna,Mount Holly,duck,organic,false,0.002
3752,395805.311205026,4.53205867192892e6,Cumberland,Longport,duck,organic,false,0.004
3753,440432.85552212,4.50132694000298e6,Berks,Helmetta,chicken,broiler_2,false,0.004
3754,449326.801615526,4.54927702551803e6,Berks,Bernardsville,chicken,broiler_1,false,0.006
3755,458489.339625241,4.53127559427551e6,Berks,Bayonne,duck,conventional,false,0.01
3756,406156.755854782,4.56895063838821e6,Cumberland,Estell Manor,duck,conventional,false,0.002
3757,396801.017704838,4.51969383663524e6,Mifflin,Netcong,chicken,broiler_2,false,0.01
3758,453948.335223153,4.53648980546783e6,Berks,Bayonne,duck,organic,false,0.002
3759,448453.517396831,4.53736099525504e6,Berks,Brooklawn,chicken,broiler_2,false,0.004
3760,449917.405478103,4.54765227221064e6,Berks,Bernardsville,duck,conventional,false,0.002
3761,442992.699068941,4.54819579721232e6,Berks,Bellefonte,chicken,broiler_2,false,0.008
3762,442093.452677613,4.56203302679418e6,Berks,Berlin,duck,conventional,false,0.0
3763,441840.607686405,4.56812258953387e6,Susquehanna,Elizabeth,chicken,broiler_2,true,0.0
3764,425842.376225113,4.50149005602361e6,Mifflin,Riverton,duck,conventional,false,0.002
3765,410639.093572357,4.52154317153852e6,Cumberland,Edison,duck,conventional,false,0.0
3766,404914.380496092,4.53137678281088e6,Cumberland,Hillsdale,chicken,layer,false,0.002
3767,398732.029793293,4.51577197275957e6,Mifflin,Westfield,chicken,broiler_2,false,0.002
3768,443072.674012595,4.54029633725671e6,Berks,Allenhurst,duck,organic,false,0.002
3769,401260.671483908,4.51873328750318e6,Mifflin,Westfield,chicken,broiler_1,false,0.01
3770,414418.094820087,4.50360298629552e6,Mifflin,Stanhope,chicken,broiler_2,false,0.01
3771,427970.802847261,4.56621799694413e6,Susquehanna,Closter,duck,conventional,false,0.0
3772,440214.571752199,4.50328092336436e6,Berks,Helmetta,duck,organic,false,0.002
3773,452598.373895988,4.53028151868461e6,Berks,Belmar,duck,conventional,false,0.01
3774,403692.322348473,4.51611779681262e6,Mifflin,Hainesport,duck,organic,false,0.002
3775,434381.848380824,4.5095260175154e6,Berks,Waterford,duck,conventional,false,0.002
3776,447544.987886646,4.53117707135721e6,Berks,Belmar,chicken,broiler_1,false,0.006
3777,417160.137943072,4.50064667353067e6,Mifflin,Middletown,duck,conventional,false,0.006
3778,399147.916650688,4.53748820400198e6,Cumberland,Point Pleasant Beach,duck,conventional,false,0.004
3779,441821.457784991,4.49811999442965e6,Luzerne,Paulsboro,chicken,broiler_2,false,0.01
3780,429312.588987025,4.49699430784252e6,Mifflin,Sussex,chicken,broiler_2,false,0.01
3781,440672.41782536,4.4977086609276e6,Luzerne,Paulsboro,chicken,broiler_2,false,0.014
3782,394929.031385538,4.53689199096051e6,Cumberland,Point Pleasant Beach,duck,conventional,false,0.0
3783,405836.798943361,4.53149259810969e6,Cumberland,Hillsdale,chicken,broiler_2,false,0.016
3784,395826.713522617,4.5365611185162e6,Cumberland,Point Pleasant Beach,duck,conventional,false,0.0
3785,402296.182236524,4.52405390431833e6,Cumberland,Edison,chicken,broiler_1,false,0.01
3786,402755.695855773,4.5621668469419e6,Cumberland,Lawnside,duck,organic,false,0.002
3787,419431.078811946,4.50550707143756e6,Mifflin,Holland,chicken,broiler_1,false,0.012
3788,414518.403937843,4.56276907990508e6,Lycoming,Barnegat,duck,conventional,false,0.006
3789,405369.463799695,4.56880717556534e6,Cumberland,Estell Manor,chicken,broiler_2,false,0.0
3790,412703.957153565,4.50906343287299e6,Mifflin,Downe,duck,conventional,false,0.0
3791,463250.935875719,4.51905834951166e6,Berks,Warwick,duck,conventional,false,0.006
3792,462640.224947601,4.51692873164899e6,Berks,Warwick,chicken,layer,false,0.042
3793,414384.64073711,4.56450081245556e6,Lycoming,Barnegat,chicken,broiler_2,false,0.01
3794,432215.011323988,4.50847414509501e6,Berks,Waterford,chicken,broiler_2,false,0.01
3795,394786.024592374,4.54778451392339e6,Cumberland,Rumson,chicken,broiler_1,false,0.008
3796,460370.897546707,4.52478119419437e6,Berks,Warwick,chicken,broiler_1,false,0.016
3797,419859.089797095,4.56124537201544e6,Lycoming,Willingboro,duck,organic,false,0.0
3798,437618.418276031,4.49319677285443e6,Mifflin,Sussex,duck,conventional,false,0.0
3799,437163.678716703,4.57041177485537e6,Susquehanna,Elizabeth,duck,conventional,false,0.0
3800,399208.141422972,4.55115329083115e6,Cumberland,Rumson,chicken,broiler_2,false,0.008
3801,394713.48365276,4.51921948580602e6,Mifflin,Netcong,chicken,layer,false,0.01
3802,407511.92114651,4.50827303275486e6,Mifflin,Penns Grove,chicken,broiler_2,false,0.01
3803,401444.189213213,4.56791769833717e6,Cumberland,Estell Manor,chicken,broiler_2,false,0.004
3804,465793.375236573,4.51926759839845e6,Berks,Warwick,chicken,broiler_2,false,0.036
3805,445111.553968475,4.55906594357818e6,Berks,Berlin,chicken,broiler_2,true,0.0
3806,418529.328060464,4.57400122461756e6,Lycoming,New York,duck,conventional,false,0.0
3807,419652.538894032,4.50274821777799e6,Mifflin,Middletown,chicken,broiler_2,false,0.012
3808,404091.082689047,4.52005506807559e6,Mifflin,Hainesport,chicken,layer,false,0.008
3809,426401.838915363,4.50397361584291e6,Mifflin,Wenonah,duck,organic,false,0.002
3810,406045.628002485,4.55643987493694e6,Cumberland,Deal,duck,organic,false,0.0
3811,414393.727962871,4.55954787113361e6,Lycoming,Barnegat,chicken,broiler_2,false,0.008
3812,425067.824543093,4.50855469321855e6,Mifflin,Holland,chicken,broiler_2,false,0.008
3813,453179.642357221,4.54573213563472e6,Berks,Bernardsville,duck,conventional,false,0.0
3814,459945.094570956,4.50993426531526e6,Luzerne,Gwynedd,duck,conventional,false,0.016
3815,454580.463176216,4.54944974390254e6,Berks,Port Matilda,duck,conventional,false,0.004
3816,401535.598385128,4.5433214462962e6,Cumberland,Point Pleasant Beach,chicken,broiler_1,false,0.004
3817,456393.613778125,4.53255053580287e6,Berks,Bayonne,duck,conventional,false,0.01
3818,401836.975968388,4.51392161399899e6,Mifflin,Caldwell,chicken,broiler_2,false,0.01
3819,440581.8293216,4.4991070680688e6,Luzerne,Paulsboro,duck,conventional,false,0.002
3820,429807.046898188,4.56592115191624e6,Susquehanna,Closter,duck,conventional,false,0.0
3821,455605.638683399,4.54062999824337e6,Berks,Belleville,chicken,broiler_2,false,0.018
3822,415285.102464455,4.56411853849536e6,Lycoming,Barnegat,chicken,broiler_2,false,0.006
3823,406094.753935686,4.52528944370004e6,Cumberland,Edison,duck,organic,false,0.0
3824,409318.583474773,4.57168534086942e6,Lycoming,Marlboro,duck,conventional,false,0.006
3825,406014.912868997,4.50992258184974e6,Mifflin,Long Branch,duck,conventional,false,0.002
3826,410199.712411135,4.50261801500282e6,Mifflin,Stanhope,chicken,layer,false,0.01
3827,403145.765102281,4.53934671194818e6,Cumberland,Point Pleasant Beach,chicken,broiler_1,false,0.006
3828,462095.382575365,4.51749120612444e6,Berks,Warwick,duck,conventional,false,0.016
3829,397382.205210405,4.55900312153925e6,Cumberland,Lawnside,chicken,broiler_2,false,0.01
3830,431489.048898884,4.56248474817576e6,Susquehanna,Closter,duck,conventional,false,0.0
3831,424543.754671665,4.57604905657867e6,Lycoming,Avalon,duck,organic,false,0.0
3832,412754.945318973,4.5717537466825e6,Lycoming,Absecon,duck,conventional,false,0.002
3833,417931.006260889,4.49985687513106e6,Mifflin,Middletown,duck,conventional,false,0.002
3834,403114.246084382,4.55083087807377e6,Cumberland,Belvidere,duck,organic,false,0.0
3835,460123.214053641,4.51293872559215e6,Luzerne,Morrisville,chicken,broiler_2,false,0.032
3836,441439.922181022,4.55579218453726e6,Berks,Berlin,chicken,broiler_2,false,0.022
3837,396281.639121329,4.5372278054134e6,Cumberland,Point Pleasant Beach,chicken,layer,false,0.014
3838,450376.975905895,4.50553905683134e6,Berks,Harrison,chicken,broiler_2,false,0.008
3839,428351.892154879,4.50262508619705e6,Mifflin,Riverton,duck,organic,false,0.0
3840,427938.209462856,4.50902427932008e6,Mifflin,Wenonah,duck,conventional,false,0.0
3841,406600.354254268,4.51317649857071e6,Mifflin,Caldwell,chicken,broiler_2,false,0.004
3842,413456.637204726,4.4987809569684e6,Mifflin,Folsom,duck,organic,false,0.002
3843,426165.893609719,4.57566853695181e6,Lycoming,Mansfield,duck,conventional,false,0.0
3844,429199.721383507,4.56482005409667e6,Susquehanna,Closter,duck,organic,false,0.0
3845,394038.454610057,4.54257775479431e6,Cumberland,Camden,duck,conventional,false,0.006
3846,444224.601472208,4.56664985025895e6,Berks,Taylor,chicken,broiler_2,false,0.022
3847,404477.227977881,4.51147321921481e6,Mifflin,Caldwell,duck,conventional,false,0.002
3848,398731.750082557,4.54265454765958e6,Cumberland,Point Pleasant Beach,duck,conventional,false,0.004
3849,453585.442075149,4.5487304401628e6,Berks,Bernardsville,duck,organic,false,0.01
3850,433003.123461485,4.56696677678073e6,Susquehanna,Closter,duck,conventional,false,0.008
3851,408935.512933383,4.50166828735214e6,Mifflin,Chesterfield,duck,conventional,false,0.0
3852,435310.909188424,4.55869556150208e6,Susquehanna,Closter,chicken,broiler_2,false,0.008
3853,448258.891774364,4.49877175982357e6,Berks,Helmetta,duck,conventional,false,0.002
3854,396574.675019798,4.53844129676048e6,Cumberland,Point Pleasant Beach,chicken,layer,false,0.006
3855,403448.646036984,4.55011317366014e6,Cumberland,Belvidere,chicken,broiler_1,false,0.002
3856,435451.885812866,4.56797945409762e6,Susquehanna,Elizabeth,chicken,broiler_2,false,0.018
3857,447054.14446075,4.52967850713752e6,Berks,Belmar,chicken,broiler_2,true,0.0
3858,436185.1851745,4.56020865036699e6,Susquehanna,Closter,chicken,broiler_2,true,0.0
3859,442772.017890474,4.54282053570021e6,Berks,Lake Como,duck,organic,false,0.0
3860,403468.089158494,4.54930651163637e6,Cumberland,Belvidere,chicken,broiler_1,false,0.002
3861,439492.041603347,4.49235732002528e6,Luzerne,Paulsboro,chicken,broiler_1,false,0.004
3862,441541.124631387,4.55405329409237e6,Berks,Berlin,chicken,broiler_1,false,0.03
3863,391169.749966867,4.53117686409253e6,Cumberland,Longport,chicken,broiler_2,false,0.012
3864,402151.371140074,4.51508473692832e6,Mifflin,Caldwell,chicken,broiler_1,false,0.01
3865,444411.277401249,4.50691178709285e6,Berks,Harrison,duck,conventional,false,0.0
3866,444957.378221034,4.50159807145464e6,Berks,Helmetta,duck,conventional,false,0.0
3867,410614.667641485,4.51557844569684e6,Mifflin,Hainesport,chicken,broiler_2,false,0.008
3868,447346.359758578,4.55907734536421e6,Berks,Berlin,chicken,broiler_1,false,0.02
3869,412179.703938826,4.517375779654e6,Mifflin,Hainesport,duck,conventional,false,0.002
3870,437382.640896863,4.50371036837604e6,Berks,Waterford,duck,conventional,false,0.0
3871,396834.190728483,4.54923342950667e6,Cumberland,Rumson,duck,conventional,false,0.006
3872,398762.723290267,4.53667703161816e6,Cumberland,Point Pleasant Beach,chicken,broiler_2,false,0.008
3873,422405.692023692,4.56608974133826e6,Lycoming,Horsham,chicken,broiler_2,false,0.004
3874,454677.823981056,4.53447716271668e6,Berks,Bayonne,duck,conventional,false,0.01
3875,397856.006386808,4.5549426575402e6,Cumberland,Rumson,chicken,broiler_1,false,0.004
3876,437487.521401624,4.50336380376588e6,Berks,Waterford,duck,organic,false,0.0
3877,428069.074981975,4.50237636766228e6,Mifflin,Riverton,duck,organic,false,0.006
3878,395105.117269304,4.54200643330154e6,Cumberland,Point Pleasant Beach,duck,conventional,false,0.002
3879,404321.887241816,4.51582131746166e6,Mifflin,Hainesport,chicken,broiler_2,false,0.006
3880,445253.054522149,4.54677116343993e6,Berks,Bellefonte,chicken,broiler_2,false,0.004
3881,453574.968942873,4.5075633881859e6,Berks,Harrison,chicken,broiler_2,false,0.006
3882,453768.344684695,4.50996771147983e6,Berks,Point Pleasant,duck,conventional,false,0.004
3883,414439.679275115,4.50293850172899e6,Mifflin,Stanhope,duck,conventional,false,0.002
3884,396751.257838075,4.54997301286385e6,Cumberland,Rumson,chicken,broiler_2,false,0.004
3885,430356.199259655,4.5645054448882e6,Susquehanna,Closter,duck,conventional,false,0.002
3886,399204.980612171,4.54462452970246e6,Cumberland,Point Pleasant Beach,chicken,broiler_2,false,0.008
3887,409967.367957581,4.57113465203806e6,Lycoming,Marlboro,chicken,layer,false,0.004
3888,426467.666759051,4.5059531754857e6,Mifflin,Wenonah,duck,conventional,false,0.002
3889,395652.803109507,4.54478818432812e6,Cumberland,Camden,duck,conventional,false,0.002
3890,403566.59150619,4.50552114000203e6,Mifflin,Long Branch,duck,organic,false,0.0
3891,448050.885102833,4.50243803677292e6,Berks,Harrison,duck,conventional,false,0.0
3892,466074.060601877,4.51941447468134e6,Berks,Warwick,chicken,broiler_2,false,0.04
3893,454778.763130942,4.5300839144123e6,Berks,Belmar,chicken,broiler_1,false,0.022
3894,420450.408952448,4.50062737114561e6,Mifflin,Riverton,duck,organic,false,0.002
3895,399237.598085754,4.55503292524485e6,Cumberland,Belvidere,chicken,broiler_1,false,0.012
3896,420068.346226206,4.56126371625048e6,Lycoming,Willingboro,chicken,broiler_2,false,0.006
3897,429848.191146756,4.50279612659454e6,Mifflin,Riverton,chicken,broiler_1,false,0.006
3898,436512.963340985,4.50473415000639e6,Berks,Waterford,chicken,broiler_2,false,0.008
3899,442623.880310133,4.55221744012523e6,Berks,Bellefonte,chicken,broiler_2,true,0.0
3900,390842.821322176,4.5325338440779e6,Cumberland,Longport,chicken,broiler_1,false,0.004
3901,456697.800248518,4.54207838055299e6,Berks,Rutherford,duck,conventional,false,0.006
3902,450054.567820448,4.55665529314062e6,Berks,Woodbridge,duck,conventional,false,0.004
3903,403203.374052446,4.563627873638e6,Cumberland,Estell Manor,chicken,broiler_1,false,0.006
3904,416434.336295877,4.50633102660795e6,Mifflin,Stanhope,chicken,broiler_1,false,0.008
3905,454005.916804978,4.50639133372896e6,Luzerne,Gwynedd,chicken,broiler_2,false,0.004
3906,397525.250840741,4.55604016748905e6,Cumberland,Rumson,chicken,broiler_2,false,0.012
3907,391970.926837657,4.54465525642696e6,Cumberland,Camden,duck,organic,false,0.002
3908,406114.006465428,4.56023268057483e6,Cumberland,Deal,duck,conventional,false,0.004
3909,458137.389844623,4.52767736686832e6,Berks,Belmar,chicken,broiler_2,false,0.026
3910,421580.266720986,4.56970813987978e6,Lycoming,Horsham,duck,organic,false,0.0
3911,451673.398134171,4.53738793928389e6,Berks,Southampton,duck,conventional,false,0.004
3912,414510.266611334,4.50058491968664e6,Mifflin,Stanhope,duck,conventional,false,0.004
3913,454371.002434789,4.52708782655985e6,Berks,Belmar,duck,conventional,false,0.008
3914,451904.784751923,4.54869852085634e6,Berks,Bernardsville,duck,conventional,false,0.0
3915,399266.774059236,4.5315439245677e6,Cumberland,Hillsdale,duck,conventional,false,0.002
3916,433913.872510072,4.50449993267474e6,Mifflin,Riverton,duck,organic,false,0.002
3917,423034.300677979,4.56773677419107e6,Lycoming,Horsham,duck,conventional,false,0.002
3918,428925.437862849,4.57565368397339e6,Lycoming,Avalon,chicken,layer,true,0.0
3919,444817.927387782,4.56075682568943e6,Berks,Berlin,chicken,broiler_2,false,0.024
3920,402574.382482853,4.50625132009096e6,Mifflin,Long Branch,chicken,broiler_1,false,0.012
3921,443373.477806576,4.54450592538955e6,Berks,Lake Como,chicken,layer,false,0.008
3922,451959.420311249,4.51705469414317e6,Berks,Point Pleasant,duck,conventional,false,0.0
3923,410070.851669395,4.50930206679184e6,Mifflin,Penns Grove,duck,conventional,false,0.002
3924,406063.56805685,4.54963487666975e6,Cumberland,Belvidere,chicken,broiler_2,false,0.002
3925,425007.006931884,4.50675898694692e6,Mifflin,Wenonah,duck,conventional,false,0.0
3926,419776.208198519,4.50744833632854e6,Mifflin,Holland,chicken,broiler_2,false,0.01
3927,408697.070802753,4.55100549946647e6,Cumberland,Belvidere,duck,organic,false,0.002
3928,459171.099379733,4.53193274323405e6,Berks,Bayonne,chicken,broiler_2,false,0.016
3929,420596.010558922,4.49886297549925e6,Mifflin,Riverton,duck,conventional,false,0.002
3930,415962.890930929,4.56435930520059e6,Lycoming,Barnegat,chicken,broiler_2,false,0.002
3931,410975.979431823,4.51953817952585e6,Mifflin,Hainesport,chicken,broiler_2,false,0.004
3932,401050.471643568,4.50902183780343e6,Mifflin,Long Branch,chicken,broiler_1,false,0.004
3933,391394.794833915,4.53308921988164e6,Cumberland,Longport,chicken,broiler_2,false,0.008
3934,407350.96894329,4.511735782521e6,Mifflin,Long Branch,chicken,broiler_2,false,0.004
3935,392662.182735601,4.54381097143722e6,Cumberland,Camden,chicken,broiler_1,false,0.01
3936,406257.294234198,4.52454805758595e6,Cumberland,Edison,duck,conventional,false,0.002
3937,402112.880694466,4.56119924193599e6,Cumberland,Lawnside,duck,conventional,false,0.0
3938,428498.865969358,4.5062003155241e6,Mifflin,Wenonah,chicken,broiler_2,false,0.01
3939,405787.030322172,4.51825736399912e6,Mifflin,Hainesport,chicken,layer,false,0.004
3940,418972.493875003,4.50865347772813e6,Mifflin,Downe,chicken,broiler_2,false,0.012
3941,450928.35670135,4.50482817162999e6,Luzerne,Gwynedd,duck,conventional,false,0.0
3942,398503.125735872,4.53440985880649e6,Cumberland,Hillsdale,duck,conventional,false,0.004
3943,447398.381237916,4.54623630432374e6,Berks,Lake Como,chicken,broiler_2,false,0.002
3944,451397.799008081,4.542701626439e6,Berks,Ocean Gate,duck,conventional,false,0.002
3945,431179.992786577,4.50827070738485e6,Berks,Waterford,duck,conventional,false,0.0
3946,424518.325997917,4.57145544561638e6,Lycoming,Avalon,chicken,broiler_2,false,0.006
3947,453435.091442922,4.5099687951025e6,Berks,Point Pleasant,chicken,broiler_1,false,0.012
3948,390610.301471353,4.54492827587489e6,Cumberland,Camden,duck,organic,false,0.002
3949,392336.119952292,4.53847525359794e6,Cumberland,Shrewsbury,chicken,broiler_2,false,0.008
3950,415444.538839952,4.50174635950658e6,Mifflin,Stanhope,chicken,broiler_2,false,0.004
3951,408551.439406567,4.50339647898945e6,Mifflin,Penns Grove,duck,conventional,false,0.008
3952,411449.038421955,4.51099423344199e6,Mifflin,Penns Grove,chicken,broiler_2,false,0.006
3953,453137.453517483,4.5355904088182e6,Berks,Bayonne,chicken,broiler_2,false,0.022
3954,433955.415871157,4.50824621606387e6,Berks,Waterford,duck,conventional,false,0.0
3955,438660.950663688,4.49687419920225e6,Luzerne,Paulsboro,duck,organic,false,0.0
3956,432609.499382096,4.56930378761395e6,Lycoming,Mansfield,chicken,broiler_2,false,0.032
3957,446492.265697378,4.49289214597708e6,Luzerne,Paulsboro,chicken,broiler_2,false,0.004
3958,458169.472747514,4.52291740244163e6,Berks,Warwick,duck,conventional,false,0.008
3959,391774.10599479,4.54208708572735e6,Cumberland,Camden,duck,conventional,false,0.0
3960,438032.242929222,4.56084965259046e6,Susquehanna,Closter,chicken,broiler_2,false,0.02
3961,409115.534861142,4.56396414490655e6,Lycoming,Barnegat,chicken,broiler_1,false,0.006
3962,409405.238150389,4.55565806368976e6,Cumberland,Deal,chicken,broiler_2,false,0.004
3963,417087.598062067,4.57066653781468e6,Lycoming,Absecon,duck,conventional,false,0.0
3964,464088.419780555,4.51471542214154e6,Luzerne,Morrisville,duck,organic,false,0.008
3965,441744.369870435,4.56149003116892e6,Berks,Berlin,chicken,broiler_2,false,0.026
3966,431162.790473395,4.49748430067412e6,Mifflin,Sussex,duck,conventional,false,0.004
3967,439488.772893879,4.57129681793456e6,Susquehanna,Elizabeth,duck,conventional,false,0.008
3968,409014.460106865,4.52484422761948e6,Cumberland,Edison,chicken,layer,false,0.01
3969,459244.553388467,4.51508210912219e6,Luzerne,Morrisville,chicken,broiler_2,false,0.034
3970,441137.776775171,4.55206247501097e6,Berks,Bellefonte,chicken,broiler_2,false,0.004
3971,406412.931002135,4.51337634106739e6,Mifflin,Caldwell,chicken,layer,false,0.008
3972,407641.847656001,4.51865611786893e6,Mifflin,Hainesport,chicken,broiler_1,false,0.008
3973,459716.427367068,4.51095090004807e6,Luzerne,Gwynedd,duck,conventional,false,0.002
3974,410840.656589337,4.56563232348851e6,Lycoming,Barnegat,chicken,broiler_2,false,0.012
3975,451074.043326141,4.52927397655962e6,Berks,Belmar,chicken,broiler_1,false,0.008
3976,405853.761482859,4.50407494150655e6,Mifflin,Long Branch,duck,conventional,false,0.002
3977,461611.401705607,4.51857082822606e6,Berks,Point Pleasant,duck,conventional,false,0.01
3978,396294.593434609,4.52853756559203e6,Cumberland,Longport,duck,conventional,false,0.0
3979,397434.29252618,4.55577447004491e6,Cumberland,Rumson,chicken,broiler_2,false,0.006
3980,432566.624692549,4.50626093344711e6,Berks,Waterford,chicken,broiler_1,false,0.006
3981,451394.383373469,4.52734310380831e6,Berks,Belmar,chicken,broiler_2,false,0.006
3982,417021.793162171,4.56769451129978e6,Lycoming,Willingboro,duck,conventional,false,0.002
3983,429491.847759763,4.57515029156283e6,Lycoming,Mansfield,chicken,broiler_1,false,0.002
3984,455425.522045204,4.5345383876051e6,Berks,Bayonne,duck,conventional,false,0.008
3985,412590.047078335,4.56904567566239e6,Lycoming,Absecon,duck,conventional,false,0.0
3986,442312.053871367,4.55101384602934e6,Berks,Bellefonte,chicken,layer,false,0.004
3987,427831.594341745,4.50798335709214e6,Mifflin,Wenonah,duck,organic,false,0.004
3988,423910.3496852,4.49907977787223e6,Mifflin,Riverton,duck,conventional,false,0.002
3989,443363.713515865,4.56205645102967e6,Berks,Berlin,chicken,broiler_2,false,0.012
3990,410223.943138544,4.50343236474584e6,Mifflin,Stanhope,duck,conventional,false,0.002
3991,413414.363848845,4.50715376419463e6,Mifflin,Stanhope,chicken,broiler_2,false,0.016
3992,441706.846787513,4.49339401040219e6,Luzerne,Paulsboro,duck,conventional,false,0.0
3993,408469.663514119,4.56294444324336e6,Cumberland,Estell Manor,duck,conventional,false,0.002
3994,429216.927512465,4.50208210548549e6,Mifflin,Riverton,duck,organic,false,0.0
3995,454951.608483508,4.54325125418285e6,Berks,Bernardsville,duck,conventional,false,0.0
3996,425356.09237011,4.56814979007025e6,Lycoming,Horsham,chicken,broiler_1,false,0.004
3997,465735.532162435,4.52210740267821e6,Berks,Warwick,duck,conventional,false,0.01
3998,411943.575909082,4.50131726150635e6,Mifflin,Folsom,duck,conventional,false,0.006
3999,401924.050961534,4.53486695523096e6,Cumberland,Hillsdale,duck,conventional,false,0.002
4000,402571.807429493,4.51535252709024e6,Mifflin,Hainesport,duck,conventional,false,0.002
4001,458393.738316874,4.5321349102942e6,Berks,Bayonne,duck,conventional,false,0.004
4002,464245.78817603,4.52425573005242e6,Berks,Warwick,chicken,broiler_1,false,0.022
4003,409424.219557774,4.55744797469134e6,Cumberland,Deal,chicken,broiler_1,false,0.002
4004,428633.330634453,4.56444078404088e6,Susquehanna,Closter,chicken,broiler_1,false,0.008
4005,430951.492978519,4.56378943322125e6,Susquehanna,Closter,duck,conventional,false,0.0
4006,459294.342196255,4.51207471161731e6,Luzerne,Morrisville,duck,organic,false,0.004
4007,447412.392096652,4.50506307859076e6,Berks,Harrison,duck,conventional,false,0.0
4008,433583.685146581,4.51122862003276e6,Berks,Waterford,chicken,broiler_2,false,0.004
4009,454942.618109531,4.52126050750124e6,Berks,Belmar,chicken,broiler_2,false,0.024
4010,426780.068153541,4.49718734572381e6,Mifflin,Riverton,duck,conventional,false,0.0
4011,396972.376898604,4.5310473825699e6,Cumberland,Longport,chicken,broiler_2,false,0.002
4012,422410.18273745,4.5700917481907e6,Lycoming,Avalon,duck,conventional,false,0.0
4013,394484.704701349,4.53818222021669e6,Cumberland,Point Pleasant Beach,duck,conventional,false,0.006
4014,459818.540122227,4.53173159027828e6,Berks,Bayonne,chicken,broiler_2,false,0.018
4015,406647.451171289,4.52201883916437e6,Cumberland,Edison,duck,conventional,false,0.0
4016,399494.185248446,4.56340544154142e6,Cumberland,Lawnside,chicken,broiler_2,false,0.01
4017,414875.854871263,4.56833539825495e6,Lycoming,Absecon,duck,organic,false,0.002
4018,456405.033427276,4.53794410745607e6,Berks,Manasquan,chicken,layer,false,0.03
4019,419347.313387034,4.56966245432695e6,Lycoming,Horsham,chicken,broiler_1,false,0.006
4020,419147.184205804,4.50392686829637e6,Mifflin,Holland,chicken,broiler_1,false,0.002
4021,423298.740740792,4.50908150369956e6,Mifflin,Holland,chicken,broiler_1,false,0.014
4022,412611.212720242,4.50874141793158e6,Mifflin,Downe,duck,conventional,false,0.0
4023,425195.821005743,4.49643972615331e6,Mifflin,Middletown,duck,conventional,false,0.004
4024,433149.694278491,4.50328915512337e6,Mifflin,Riverton,chicken,broiler_2,false,0.012
4025,420063.220997824,4.50556938887494e6,Mifflin,Holland,chicken,broiler_2,false,0.008
4026,422619.167599926,4.49964548588062e6,Mifflin,Riverton,chicken,broiler_2,false,0.004
4027,446055.413505601,4.49854620898054e6,Berks,Helmetta,duck,conventional,false,0.004
4028,417846.656290023,4.51340353810318e6,Mifflin,Downe,chicken,broiler_2,false,0.004
4029,399226.086263017,4.5107820787145e6,Mifflin,Caldwell,duck,conventional,false,0.006
4030,431575.467928673,4.56341134596573e6,Susquehanna,Closter,chicken,layer,false,0.004
4031,442837.489095311,4.4977220414854e6,Berks,Helmetta,chicken,broiler_2,false,0.008
4032,391305.956510072,4.5412390841851e6,Cumberland,Camden,chicken,broiler_2,false,0.008
4033,413207.055673796,4.50310683228364e6,Mifflin,Stanhope,duck,conventional,false,0.004
4034,460082.415628667,4.5304530390264e6,Berks,Belmar,duck,conventional,false,0.012
4035,400814.144005625,4.56532971077414e6,Cumberland,Estell Manor,duck,conventional,false,0.002
4036,437731.442988258,4.50435545910206e6,Berks,Waterford,chicken,broiler_2,false,0.002
4037,423923.832756918,4.56824673863362e6,Lycoming,Horsham,duck,conventional,false,0.006
4038,402199.955637084,4.5358621638231e6,Cumberland,Point Pleasant Beach,duck,conventional,false,0.0
4039,392548.067795026,4.54591232269363e6,Cumberland,Camden,chicken,broiler_2,false,0.008
4040,448640.227260438,4.54468538234228e6,Berks,Lake Como,duck,conventional,false,0.0
4041,447007.723014365,4.55740059194396e6,Berks,Berlin,duck,conventional,false,0.004
4042,430082.990075717,4.56886540231266e6,Lycoming,Mansfield,duck,conventional,false,0.0
4043,436994.469491217,4.56399956749508e6,Susquehanna,Closter,chicken,broiler_2,false,0.038
4044,445586.020647977,4.55058937683625e6,Berks,Pennsville,chicken,broiler_2,false,0.014
4045,447003.64561466,4.54457004724607e6,Berks,Lake Como,chicken,broiler_2,false,0.006
4046,403299.062921924,4.5377886786474e6,Cumberland,Point Pleasant Beach,duck,conventional,false,0.0
4047,457442.818048934,4.51545908287514e6,Berks,Point Pleasant,chicken,broiler_2,false,0.004
4048,404939.491318853,4.5151588225991e6,Mifflin,Hainesport,duck,organic,false,0.004
4049,395472.268063579,4.52009689755056e6,Cumberland,Medford Lakes,duck,conventional,false,0.002
4050,392754.251122847,4.53624643356384e6,Cumberland,Longport,chicken,broiler_2,false,0.008
4051,398413.872338932,4.52971609002842e6,Cumberland,Hillsdale,duck,conventional,false,0.002
4052,419424.003026507,4.50665742096802e6,Mifflin,Holland,duck,conventional,false,0.002
4053,449710.573484893,4.53888372621278e6,Berks,Brooklawn,duck,conventional,false,0.0
4054,395095.003404224,4.55006313473579e6,Cumberland,Rumson,chicken,broiler_2,false,0.008
4055,419122.52391659,4.57004358106919e6,Lycoming,Horsham,duck,conventional,false,0.002
4056,452927.593165739,4.51157736939025e6,Berks,Point Pleasant,duck,conventional,false,0.002
4057,438858.951361609,4.55138692806083e6,Berks,Berlin,chicken,broiler_2,false,0.002
4058,447992.59378084,4.55198226235466e6,Berks,Pennsville,duck,organic,false,0.006
4059,450755.173832885,4.51592482349585e6,Berks,Point Pleasant,duck,conventional,false,0.0
4060,459853.487665483,4.52835660923837e6,Berks,Warwick,chicken,broiler_1,false,0.012
4061,432206.43229877,4.57465496678367e6,Susquehanna,Mount Holly,chicken,broiler_2,false,0.032
4062,456682.084615066,4.53451165068972e6,Berks,Bayonne,chicken,broiler_2,false,0.022
4063,393233.776994419,4.55310158257471e6,Cumberland,New Providence,chicken,broiler_2,false,0.012
4064,431570.292710746,4.56765274370202e6,Lycoming,Mansfield,duck,conventional,false,0.002
4065,429774.933166771,4.49896838754648e6,Mifflin,Sussex,duck,organic,false,0.0
4066,391795.936744151,4.52387700704839e6,Cumberland,Manchester,chicken,broiler_2,false,0.014
4067,412288.485101833,4.5680962737865e6,Lycoming,Absecon,chicken,broiler_2,false,0.002
4068,451734.859505841,4.49941664055236e6,Luzerne,Gwynedd,chicken,broiler_2,false,0.014
4069,424211.856275292,4.57597736494104e6,Lycoming,Avalon,duck,conventional,false,0.0
4070,445199.829685268,4.54476702190999e6,Berks,Lake Como,chicken,broiler_2,false,0.01
4071,394709.00069483,4.53479447172877e6,Cumberland,Longport,chicken,broiler_2,false,0.012
4072,406688.067067245,4.50944855090719e6,Mifflin,Long Branch,duck,conventional,false,0.002
4073,458290.223857831,4.52954278988924e6,Berks,Belmar,chicken,broiler_2,false,0.028
4074,404284.702101843,4.56734878164447e6,Cumberland,Estell Manor,duck,conventional,false,0.004
4075,401379.363000843,4.52881386604419e6,Cumberland,Hillsdale,chicken,broiler_2,false,0.006
4076,402318.593351225,4.50915292039414e6,Mifflin,Long Branch,chicken,broiler_2,false,0.004
4077,442660.900423987,4.4975454241327e6,Berks,Helmetta,duck,conventional,false,0.002
4078,408084.979947081,4.51497310905911e6,Mifflin,Hainesport,chicken,broiler_2,false,0.008
4079,409232.234696016,4.55940935338812e6,Cumberland,Deal,chicken,broiler_2,false,0.006
4080,407894.610418299,4.56006251088999e6,Cumberland,Deal,chicken,broiler_2,false,0.008
4081,398819.50678825,4.54757462543673e6,Cumberland,Rumson,chicken,broiler_2,false,0.004
4082,395400.44151699,4.55291097592117e6,Cumberland,Rumson,chicken,broiler_2,false,0.01
4083,391261.328255165,4.54865738133035e6,Cumberland,Somerdale,duck,conventional,false,0.002
4084,423423.904003176,4.49990282523971e6,Mifflin,Riverton,duck,organic,false,0.004
4085,431509.249811561,4.49804873183981e6,Mifflin,Sussex,duck,conventional,false,0.004
4086,444618.541241165,4.55904036155821e6,Berks,Berlin,chicken,broiler_2,false,0.024
4087,418103.045839164,4.51036546326141e6,Mifflin,Downe,duck,organic,false,0.002
4088,445270.063674172,4.55708454214951e6,Berks,Berlin,chicken,broiler_1,true,0.0
4089,444765.721700463,4.56150481555665e6,Berks,Berlin,duck,conventional,false,0.006
4090,412172.454727479,4.57137826447427e6,Lycoming,Absecon,chicken,broiler_1,false,0.008
4091,439189.740983378,4.50418895921659e6,Berks,Waterford,duck,conventional,false,0.002
4092,409959.96280596,4.56035851180247e6,Cumberland,Deal,duck,conventional,false,0.002
4093,448862.423304528,4.51720559890281e6,Berks,Point Pleasant,chicken,broiler_1,false,0.002
4094,443696.689793,4.49339157320993e6,Luzerne,Paulsboro,chicken,broiler_1,false,0.01
4095,435357.435037143,4.49441439297933e6,Mifflin,Sussex,chicken,broiler_2,false,0.01
4096,423470.474177833,4.57305332837422e6,Lycoming,Avalon,duck,conventional,false,0.0
4097,400893.985953455,4.54865749436007e6,Cumberland,Belvidere,duck,conventional,false,0.004
4098,408356.144115542,4.50135795462398e6,Mifflin,Chesterfield,chicken,broiler_2,false,0.004
4099,399237.59985147,4.55360440943476e6,Cumberland,Belvidere,chicken,broiler_2,false,0.004
4100,459586.244131147,4.51725673908393e6,Berks,Point Pleasant,duck,conventional,false,0.006
4101,422364.335843694,4.51063222845673e6,Mifflin,Holland,chicken,broiler_2,false,0.006
4102,460650.673776227,4.5163420089045e6,Berks,Point Pleasant,chicken,broiler_1,false,0.048
4103,391975.094690554,4.5297118698972e6,Cumberland,Longport,chicken,broiler_2,false,0.01
4104,419166.789493171,4.57393818076061e6,Lycoming,New York,chicken,broiler_1,false,0.006
4105,397993.035135486,4.55802375931596e6,Cumberland,Lawnside,chicken,broiler_1,false,0.012
4106,428464.402536677,4.56470820773008e6,Susquehanna,Closter,chicken,broiler_1,true,0.0
4107,400253.569182783,4.55122886390435e6,Cumberland,Rumson,chicken,broiler_2,false,0.02
4108,432628.998811612,4.56515840139709e6,Susquehanna,Closter,chicken,broiler_1,false,0.004
4109,453901.56821255,4.50253087700442e6,Luzerne,Gwynedd,duck,conventional,false,0.0
4110,433920.07019283,4.55976987126213e6,Susquehanna,Closter,duck,organic,false,0.0
4111,433690.78447452,4.57082274135652e6,Susquehanna,Elizabeth,chicken,broiler_2,false,0.024
4112,410396.438392352,4.56998559758085e6,Lycoming,Absecon,duck,conventional,false,0.006
4113,455557.119582821,4.53759549703635e6,Berks,Manasquan,chicken,broiler_1,false,0.02
4114,392808.382772656,4.55185879206586e6,Cumberland,Rumson,duck,conventional,false,0.002
4115,446995.348706511,4.49924883492779e6,Berks,Helmetta,chicken,broiler_2,false,0.008
4116,401414.559328672,4.50671677546866e6,Mifflin,Caldwell,duck,conventional,false,0.0
4117,411339.18205741,4.50043141165066e6,Mifflin,Stanhope,duck,conventional,false,0.0
4118,454974.821705599,4.54136825526148e6,Berks,Belleville,chicken,broiler_2,true,0.0
4119,457930.155563719,4.52306599908958e6,Berks,Warwick,chicken,broiler_1,false,0.018
4120,408244.61265815,4.51932970729704e6,Mifflin,Hainesport,duck,conventional,false,0.002
4121,451867.723354555,4.54347180072344e6,Berks,Ocean Gate,duck,conventional,false,0.0
4122,420280.735229269,4.50239729731432e6,Mifflin,Middletown,chicken,broiler_2,false,0.016
4123,447336.252728324,4.50436709803372e6,Berks,Harrison,duck,conventional,false,0.002
4124,455537.831345557,4.53300428131108e6,Berks,Belmar,chicken,broiler_2,false,0.026
4125,406170.533928054,4.5060845702548e6,Mifflin,Long Branch,chicken,broiler_2,false,0.012
4126,398290.061633754,4.52154699647887e6,Mifflin,Westfield,duck,organic,false,0.0
4127,300717.904722144,4.60863919176215e6,Venango,Ambler,duck,conventional,false,0.002
4128,427285.342706342,4.48869337954262e6,Mifflin,Sussex,chicken,broiler_2,false,0.014
4129,383587.065954847,4.52920959087478e6,Cumberland,Millstone,duck,conventional,false,0.0
4130,331924.366356079,4.54859421574485e6,Schuylkill,Kenilworth,duck,conventional,false,0.008
4131,371460.429670829,4.52434460896303e6,Cumberland,Bergen,chicken,broiler_2,false,0.014
4132,400369.495937965,4.50383761049032e6,Mifflin,Livingston,chicken,broiler_2,false,0.006
4133,327454.618988189,4.62398948520493e6,Venango,Ridgewood Village,chicken,layer,false,0.008
4134,440336.839643757,4.62183595008076e6,Susquehanna,Barrington,duck,organic,false,0.004
4135,315521.306646522,4.57873076890064e6,Venango,Weymouth,chicken,broiler_1,false,0.012
4136,476970.040258961,4.5458311661111e6,Berks,Port Matilda,chicken,broiler_2,false,0.04
4137,497184.489973136,4.68466979388984e6,Allegheny,Farmingdale,duck,organic,false,0.006
4138,371726.638017076,4.62680284769953e6,Blair,Pompton Lakes,duck,conventional,false,0.004
4139,370213.055491027,4.58686767832719e6,Mercer,Wayne,duck,conventional,false,0.002
4140,464001.923587247,4.7174777950456e6,Indiana,Morristown,chicken,broiler_2,false,0.03
4141,398706.969405152,4.58283250210989e6,Lycoming,Hoboken,duck,organic,false,0.002
4142,388714.111038772,4.58017409355936e6,Cumberland,Interlaken,duck,conventional,false,0.006
4143,419979.446178236,4.60771672321965e6,Susquehanna,Commercial,chicken,broiler_2,false,0.006
4144,392847.972498446,4.49641598457324e6,Mifflin,Elsinboro,duck,conventional,false,0.0
4145,436653.499444821,4.69471151505048e6,Lancaster,Alloways Creek,duck,conventional,false,0.0
4146,393754.875990649,4.59403232991156e6,Lycoming,New Hanover,chicken,layer,false,0.016
4147,495444.081558421,4.48706311880863e6,Luzerne,Medford,chicken,broiler_2,false,0.01
4148,378360.671674655,4.5840490365559e6,Mercer,Greenville,duck,conventional,false,0.002
4149,372080.554414768,4.53492177674058e6,Cumberland,Highlands,duck,conventional,false,0.002
4150,368376.225796702,4.62642408461153e6,Blair,Pompton Lakes,duck,conventional,false,0.004
4151,492451.111654999,4.71317810167088e6,Indiana,Bedminster,chicken,broiler_2,false,0.02
4152,358632.956988077,4.54106693552256e6,Schuylkill,Bethlehem,duck,conventional,false,0.002
4153,424915.602122978,4.49547878007406e6,Mifflin,Middletown,chicken,broiler_2,false,0.008
4154,401870.288341363,4.49497489369466e6,Mifflin,Chesterfield,chicken,broiler_2,false,0.004
4155,399158.950863209,4.70082823730192e6,Lancaster,Riegelsville,duck,conventional,false,0.004
4156,344750.869793284,4.61725498991881e6,Venango,Totowa,duck,conventional,false,0.0
4157,492284.285859682,4.50114599602983e6,Luzerne,Teaneck,chicken,broiler_2,false,0.016
4158,380340.606693995,4.57400810599481e6,Cumberland,Windsor,chicken,broiler_1,false,0.014
4159,499919.006745405,4.71274721953821e6,Indiana,Fairview,duck,conventional,false,0.006
4160,463926.455009564,4.64054926028741e6,Allegheny,Brigantine,duck,conventional,false,0.004
4161,398070.393600651,4.50171928226078e6,Mifflin,Green Brook,chicken,broiler_2,false,0.008
4162,474345.8976913,4.68262816120315e6,Indiana,Ship Bottom,chicken,broiler_2,true,0.0
4163,334670.272170949,4.62242628903241e6,Venango,Red Bank,duck,conventional,false,0.004
4164,449097.560652531,4.56271536448039e6,Berks,Taylor,duck,conventional,false,0.008
4165,369702.733941072,4.64090140247231e6,Blair,Woodbury,duck,conventional,false,0.004
4166,424556.001784757,4.48885087934831e6,Mifflin,Sussex,chicken,broiler_2,false,0.022
4167,346074.995492458,4.62213552871653e6,Venango,Totowa,chicken,layer,false,0.01
4168,380504.134047305,4.60581245915776e6,Lycoming,Lindenwold,duck,conventional,false,0.0
4169,392236.862821349,4.58964912332607e6,Lycoming,New Hanover,chicken,broiler_2,false,0.012
4170,328663.787331301,4.59172911456743e6,Venango,Clark,chicken,broiler_2,false,0.004
4171,377580.515878131,4.62539730265967e6,Blair,Ho-Ho-Kus,chicken,layer,false,0.008
4172,348211.825271814,4.59780919666312e6,Mercer,Harrington Park,duck,organic,false,0.002
4173,342703.040004636,4.61381126155473e6,Venango,Totowa,chicken,broiler_2,false,0.014
4174,469208.781161973,4.48120920203086e6,Luzerne,Haworth,duck,organic,false,0.004
4175,346634.851294325,4.54960481279635e6,Schuylkill,Independence,duck,conventional,false,0.002
4176,354322.297832054,4.59035798627847e6,Mercer,Garfield,duck,conventional,false,0.004
4177,361329.652810315,4.53252337793239e6,Cumberland,Ridgefield,duck,organic,false,0.002
4178,392512.634263821,4.4961498564243e6,Mifflin,Elsinboro,duck,organic,false,0.0
4179,332664.513197953,4.5951058247745e6,Venango,Tewksbury,chicken,broiler_2,false,0.004
4180,305528.925756178,4.56455703862348e6,Schuylkill,Worth,chicken,broiler_1,false,0.006
4181,386785.93458559,4.54540828811934e6,Cumberland,Somerdale,chicken,broiler_2,false,0.01
4182,470121.420974423,4.53010875655882e6,Berks,Irvington,duck,conventional,false,0.012
4183,479893.361478349,4.6734586733472e6,Allegheny,Mountainside,chicken,layer,false,0.024
4184,470020.991248051,4.56190189636354e6,Berks,Barnegat Light,chicken,broiler_2,false,0.034
4185,451157.849868053,4.48314636178125e6,Luzerne,Paulsboro,chicken,broiler_2,false,0.006
4186,379972.705102673,4.5698377609731e6,Cumberland,Philipsburg,chicken,broiler_1,false,0.004
4187,363841.132895697,4.5660801575026e6,Cumberland,Alexandria,chicken,broiler_2,false,0.01
4188,494224.931993042,4.48901939677827e6,Luzerne,Medford,duck,organic,false,0.004
4189,384699.225135023,4.5567876790403e6,Cumberland,Magnolia,duck,organic,false,0.002
4190,381699.401793568,4.58007909299226e6,Mercer,Bass River,duck,organic,false,0.0
4191,458635.02129995,4.54816158518495e6,Berks,Rutherford,chicken,layer,false,0.028
4192,342599.84564612,4.52958721412443e6,Schuylkill,Brick,duck,conventional,false,0.0
4193,472344.657090046,4.4578332741738e6,Luzerne,Norristown,duck,conventional,false,0.002
4194,376773.650917664,4.6048645835877e6,Lycoming,Lindenwold,duck,conventional,false,0.0
4195,329671.242227032,4.59235374728544e6,Venango,Clark,chicken,broiler_2,false,0.008
4196,354482.330542421,4.54013636162857e6,Schuylkill,Bloomfield,chicken,broiler_1,false,0.006
4197,470090.034110911,4.54652469068724e6,Berks,Port Matilda,chicken,broiler_2,false,0.032
4198,389687.430982212,4.57854031056333e6,Cumberland,Interlaken,duck,organic,false,0.0
4199,325250.681973108,4.56591286214703e6,Schuylkill,Frenchtown,duck,conventional,false,0.0
4200,456225.069742716,4.69573883847501e6,Indiana,Nockamixon,chicken,broiler_2,false,0.026
4201,453877.222362669,4.59753012347615e6,Susquehanna,Parsippany-Troy Hills,duck,conventional,false,0.004
4202,391523.658709404,4.5631785889835e6,Cumberland,Moonachie,duck,conventional,false,0.0
4203,463276.267293562,4.56573934667876e6,Berks,Warren,duck,conventional,false,0.01
4204,316029.269181084,4.55188367334382e6,Schuylkill,Glassboro,duck,conventional,false,0.0
4205,460711.735395039,4.48988431796285e6,Luzerne,New Milford,chicken,broiler_2,false,0.008
4206,348886.862644925,4.55080507879541e6,Schuylkill,Cape May,chicken,broiler_2,false,0.01
4207,454120.666875394,4.72013082852635e6,Indiana,Palisades Park,duck,conventional,false,0.004
4208,408314.53281359,4.57727857350208e6,Lycoming,Marlboro,chicken,layer,false,0.006
4209,416942.028083301,4.58696433154211e6,Lycoming,Maple Shade,duck,conventional,false,0.002
4210,339943.169001587,4.53749866598912e6,Schuylkill,Brick,duck,organic,false,0.004
4211,394031.765270669,4.71214884676771e6,Lancaster,Florence,duck,conventional,false,0.0
4212,372322.332061285,4.65335714376267e6,Blair,Bradley Beach,duck,conventional,false,0.0
4213,436127.280328736,4.57661324619348e6,Susquehanna,Galloway,chicken,broiler_2,false,0.026
4214,301329.05674174,4.58771247609994e6,Venango,Plainsboro,chicken,broiler_2,false,0.012
4215,474116.416868202,4.65553631627133e6,Allegheny,Marlborough,duck,conventional,false,0.0
4216,321794.210034532,4.59619991253386e6,Venango,Hamilton,chicken,broiler_2,false,0.018
4217,472892.56852278,4.73017328833196e6,Indiana,Sandyston,chicken,broiler_2,false,0.026
4218,417897.218740018,4.71227340378066e6,Lancaster,Woodland,duck,conventional,false,0.0
4219,388953.036714329,4.65724423827684e6,Blair,Denville,duck,conventional,false,0.0
4220,425834.914783155,4.71520075380417e6,Lancaster,Brunswick,chicken,broiler_2,false,0.004
4221,365386.757036916,4.55519681861518e6,Cumberland,Bellmawr,chicken,layer,false,0.006
4222,494383.538083855,4.48047624347173e6,Luzerne,Medford,chicken,broiler_2,false,0.002
4223,423118.039053118,4.60390966134534e6,Susquehanna,Palmyra,duck,conventional,false,0.002
4224,460397.764985508,4.46502511470193e6,Luzerne,Union City,chicken,broiler_2,false,0.004
4225,486446.302444448,4.47330968233989e6,Luzerne,Merchantville,duck,organic,false,0.0
4226,390201.752965841,4.6288702953939e6,Blair,Butler,chicken,broiler_2,false,0.006
4227,457468.724626458,4.62753054818907e6,Susquehanna,Cape May Point,chicken,broiler_2,false,0.046
4228,463607.038590627,4.7152371821167e6,Indiana,Morristown,chicken,layer,false,0.024
4229,452733.01927809,4.57643957413965e6,Susquehanna,Kingwood,chicken,broiler_2,true,0.0
4230,337276.269365582,4.56755954381152e6,Schuylkill,State College,chicken,broiler_2,false,0.01
4231,411139.869080888,4.71406665787736e6,Lancaster,Bloomingdale,chicken,broiler_2,false,0.01
4232,429265.446399583,4.5842926881906e6,Lycoming,Berkeley Heights,chicken,broiler_2,false,0.014
4233,388731.20632371,4.52088012103776e6,Cumberland,Spring Lake,chicken,layer,false,0.008
4234,381770.781011658,4.65233484608953e6,Blair,Hatboro,duck,conventional,false,0.002
4235,477309.504069809,4.68901092449636e6,Indiana,Bryn Athyn,duck,conventional,false,0.002
4236,469839.277698942,4.52098516123564e6,Berks,Warwick,chicken,broiler_2,false,0.028
4237,484428.858272889,4.71551988262486e6,Indiana,Robbinsville,duck,conventional,false,0.012
4238,369227.937384949,4.64102087349242e6,Blair,Woodbury,chicken,broiler_2,false,0.01
4239,462145.390276178,4.57829454423279e6,Berks,Merion,chicken,broiler_2,false,0.02
4240,366356.869614753,4.63442478699826e6,Blair,Somerville,chicken,broiler_1,false,0.008
4241,468965.234313234,4.57863003462203e6,Berks,Warren,duck,organic,false,0.01
4242,405321.394494094,4.6923894165255e6,Lancaster,Hampton,duck,conventional,false,0.006
4243,439806.743165485,4.60988596544665e6,Susquehanna,Newark,chicken,broiler_1,false,0.0
4244,418761.824276272,4.58645672209174e6,Lycoming,Limerick,chicken,broiler_2,false,0.012
4245,483999.06175298,4.50828719387051e6,Luzerne,Hardyston,chicken,broiler_1,false,0.034
4246,477538.194722361,4.66888951148942e6,Allegheny,Lacey,duck,conventional,false,0.012
4247,337582.900327536,4.61297441611809e6,Venango,Maurice River,duck,conventional,false,0.0
4248,471352.950880905,4.57405221146985e6,Berks,Warren,duck,organic,false,0.004
4249,384318.451576543,4.6354201568175e6,Blair,Ho-Ho-Kus,duck,conventional,false,0.0
4250,371337.149626952,4.60779698677378e6,Mercer,Monmouth Beach,chicken,broiler_1,false,0.008
4251,388869.949659467,4.62419296686396e6,Blair,Butler,chicken,broiler_2,false,0.008
4252,464483.101729614,4.53711543236254e6,Berks,Jersey City,chicken,broiler_2,false,0.028
4253,367596.16024914,4.53987385125541e6,Cumberland,Hackensack,chicken,broiler_2,false,0.006
4254,458318.85328709,4.62995800015856e6,Susquehanna,Cape May Point,duck,conventional,false,0.004
4255,370419.15393142,4.54527886391691e6,Cumberland,Hackensack,chicken,broiler_1,false,0.008
4256,360283.15197745,4.56740549760515e6,Schuylkill,Allendale,chicken,broiler_2,false,0.008
4257,473458.143742951,4.67336443092565e6,Allegheny,Lacey,duck,conventional,false,0.004
4258,430344.54711757,4.72162731716891e6,Lancaster,Chester,duck,conventional,false,0.002
4259,355040.251928772,4.55716427652955e6,Schuylkill,Woodlynne,chicken,broiler_2,false,0.006
4260,438889.18432979,4.58698787675533e6,Susquehanna,Lumberton,chicken,layer,false,0.02
4261,332182.287535247,4.59338565243707e6,Venango,Clark,duck,organic,false,0.004
4262,310459.932594861,4.60392577428855e6,Venango,Ambler,duck,conventional,false,0.004
4263,371580.851001181,4.54245318141003e6,Cumberland,Hackensack,duck,conventional,false,0.0
4264,427724.342653023,4.70401425419788e6,Lancaster,Bay Head,chicken,broiler_2,false,0.006
4265,375930.28764244,4.53061868844688e6,Cumberland,Pequannock,duck,organic,false,0.002
4266,402460.906684988,4.61777993771511e6,Fulton,Sparta,duck,conventional,false,0.002
4267,461644.809845395,4.6517684295032e6,Allegheny,Oldmans,duck,conventional,false,0.006
4268,459282.985003036,4.618702868871e6,Susquehanna,Wrightstown,duck,conventional,false,0.01
4269,464489.788762555,4.64092059394226e6,Allegheny,Brigantine,duck,conventional,false,0.008
4270,370944.143534898,4.64295412117369e6,Blair,Woodbury,chicken,broiler_1,false,0.002
4271,340774.523226048,4.54604507549988e6,Schuylkill,Fanwood,chicken,broiler_2,false,0.012
4272,451795.367958619,4.4571610345362e6,Luzerne,Lakehurst,chicken,broiler_2,false,0.002
4273,464903.95305843,4.5001542805071e6,Luzerne,Fredon,duck,conventional,false,0.022
4274,354375.542115135,4.62316186653725e6,Mercer,Atlantic City,duck,organic,false,0.002
4275,418643.161878613,4.60014448553786e6,Lycoming,Cranbury,duck,conventional,false,0.002
4276,398616.822593865,4.61283898510982e6,Blair,Hopatcong,chicken,broiler_2,false,0.01
4277,366905.071401659,4.58533589673236e6,Mercer,Wayne,duck,conventional,false,0.0
4278,495155.331485709,4.4807421218911e6,Luzerne,Medford,duck,conventional,false,0.002
4279,502847.498391866,4.71252019579763e6,Indiana,Fairview,chicken,broiler_1,false,0.044
4280,362903.96545646,4.63285999112862e6,Blair,Somerville,duck,conventional,false,0.002
4281,466852.286398746,4.48950929790304e6,Luzerne,Pine Hill,chicken,broiler_2,false,0.012
4282,498481.902588191,4.71021529134906e6,Indiana,Allentown,chicken,broiler_1,false,0.024
4283,466089.09667126,4.53504323758174e6,Berks,Irvington,chicken,broiler_1,false,0.012
4284,408110.725075996,4.71433221867221e6,Lancaster,Bloomingdale,chicken,broiler_2,false,0.008
4285,422447.15797841,4.48999041646518e6,Mifflin,Cherry Hill,chicken,broiler_1,false,0.006
4286,379496.536462196,4.61915166000116e6,Blair,Pottsgrove,chicken,broiler_1,false,0.012
4287,443571.477053631,4.57446122905361e6,Susquehanna,Kingwood,duck,conventional,false,0.012
4288,425645.180039026,4.5834058303323e6,Lycoming,Berkeley Heights,duck,conventional,false,0.0
4289,369850.647212503,4.61077114204266e6,Mercer,Monmouth Beach,chicken,layer,false,0.004
4290,389503.107684128,4.65161689830959e6,Blair,Glen Rock,chicken,broiler_2,false,0.012
4291,312655.846914052,4.58579396445939e6,Venango,Plainsboro,duck,organic,false,0.004
4292,496051.272514554,4.47866587485889e6,Luzerne,Old Bridge,duck,conventional,false,0.0
4293,380124.153017098,4.62669104185569e6,Blair,Pottsgrove,chicken,broiler_2,false,0.01
4294,352718.152309966,4.55248996535016e6,Schuylkill,Cape May,duck,conventional,false,0.0
4295,439964.70221822,4.57628499693557e6,Susquehanna,Galloway,duck,conventional,false,0.008
4296,421841.568780092,4.60291115248298e6,Susquehanna,Palmyra,chicken,broiler_1,false,0.008
4297,329505.750441354,4.60290929463895e6,Venango,Keyport,duck,conventional,false,0.004
4298,401437.743172866,4.70107317048981e6,Lancaster,Riegelsville,chicken,broiler_2,false,0.01
4299,368099.140848851,4.6431482590826e6,Blair,Woodbury,duck,conventional,false,0.002
4300,357278.595989585,4.54471770984173e6,Schuylkill,Bethlehem,chicken,broiler_1,false,0.01
4301,379841.087671431,4.54880293442038e6,Cumberland,Somerdale,chicken,broiler_2,false,0.008
4302,488849.403539289,4.67282108618893e6,Allegheny,Colts Neck,chicken,broiler_2,false,0.0
4303,486278.795163432,4.6930348686538e6,Indiana,Stockton,duck,conventional,false,0.008
4304,373506.255911118,4.59569865091151e6,Mercer,Mullica,chicken,broiler_2,false,0.014
4305,330387.045180311,4.56478933597568e6,Schuylkill,Audubon Park,duck,organic,false,0.006
4306,463351.545829738,4.60260888328989e6,Susquehanna,Pennsauken,duck,conventional,false,0.004
4307,472029.256734287,4.68007993278065e6,Indiana,Ship Bottom,chicken,broiler_2,false,0.02
4308,390350.58429277,4.48724374860809e6,Mifflin,Saddle Brook,duck,conventional,false,0.006
4309,465827.254875083,4.49982241365817e6,Luzerne,Fredon,duck,conventional,false,0.006
4310,382631.111140481,4.50057282012723e6,Mifflin,Springfield,chicken,broiler_2,false,0.014
4311,359094.127318357,4.54367588714565e6,Cumberland,Ferguson,chicken,broiler_1,false,0.004
4312,341336.99714949,4.62388773601453e6,Venango,Totowa,duck,conventional,false,0.002
4313,437683.459995462,4.60944000190946e6,Susquehanna,Newark,chicken,broiler_1,false,0.01
4314,382430.093978625,4.58868570517713e6,Mercer,Oceanport,chicken,broiler_1,false,0.008
4315,371364.886568509,4.58466998877073e6,Mercer,Clinton,duck,organic,false,0.002
4316,466510.885139364,4.64842427208592e6,Allegheny,Marlborough,duck,conventional,false,0.008
4317,385182.914772436,4.61236721901939e6,Blair,Ventnor City,duck,conventional,false,0.004
4318,374630.068649523,4.62813972732115e6,Blair,Ho-Ho-Kus,duck,conventional,false,0.0
4319,405486.607782397,4.58440953254953e6,Lycoming,Cheltenham,duck,conventional,false,0.004
4320,377076.366104109,4.60921111444077e6,Lycoming,Lindenwold,chicken,broiler_2,false,0.01
4321,434878.679917257,4.60498646169672e6,Susquehanna,Hackettstown,duck,conventional,false,0.002
4322,382976.102264027,4.53653576431446e6,Cumberland,Perkiomen,duck,conventional,false,0.0
4323,387144.764701509,4.6565988825435e6,Blair,Bloomsbury,duck,organic,false,0.004
4324,397922.935477573,4.70311664737721e6,Lancaster,Riegelsville,chicken,broiler_2,false,0.008
4325,313721.213108448,4.55334288795056e6,Schuylkill,Glassboro,duck,conventional,false,0.01
4326,429429.850002103,4.60267815546079e6,Susquehanna,Palmyra,chicken,layer,false,0.002
4327,455555.909338926,4.59783897261848e6,Susquehanna,Parsippany-Troy Hills,chicken,layer,false,0.02
4328,474304.860636861,4.6750479958776e6,Allegheny,Lacey,chicken,broiler_2,false,0.02
4329,367860.863864236,4.52227623444057e6,Cumberland,Bergen,duck,conventional,false,0.0
4330,331954.136549414,4.59653957264138e6,Venango,Tewksbury,chicken,broiler_2,false,0.016
4331,402925.460949429,4.5818413703763e6,Lycoming,Marlboro,duck,conventional,false,0.004
4332,477792.278377905,4.6785887700004e6,Allegheny,Mountainside,duck,organic,false,0.01
4333,465251.922457957,4.70012135584382e6,Indiana,Paramus,chicken,broiler_2,false,0.026
4334,471604.996922667,4.53236584351733e6,Berks,Irvington,chicken,broiler_2,false,0.048
4335,327307.063406538,4.60287826607112e6,Venango,Montville,chicken,broiler_2,false,0.012
4336,446683.854763428,4.56924591328686e6,Berks,Taylor,duck,conventional,false,0.004
4337,410568.455331368,4.60219637032527e6,Lycoming,Haddonfield,chicken,layer,false,0.01
4338,367656.08091057,4.52945958281626e6,Cumberland,Ringwood,duck,organic,false,0.002
4339,382008.250663204,4.62004155814127e6,Blair,Pottsgrove,chicken,layer,false,0.014
4340,424947.287367268,4.61216438972935e6,Susquehanna,Commercial,duck,conventional,false,0.004
4341,335729.90644075,4.56259418010786e6,Schuylkill,Watchung,chicken,broiler_2,false,0.01
4342,338448.237319053,4.56428075559281e6,Schuylkill,State College,chicken,broiler_1,false,0.006
4343,383104.604844661,4.5228782805382e6,Cumberland,Spring Lake,chicken,broiler_2,false,0.004
4344,378354.773494504,4.64451991396603e6,Blair,Stillwater,duck,conventional,false,0.0
4345,355484.338215523,4.57149690120807e6,Mercer,Lambertville,chicken,broiler_2,false,0.002
4346,416611.140831147,4.7151696045398e6,Lancaster,Howell,duck,conventional,false,0.002
4347,431955.115509325,4.58194320250309e6,Lycoming,Avalon,duck,conventional,false,0.002
4348,448918.638072081,4.70467366009354e6,Lancaster,Maplewood,chicken,layer,false,0.028
4349,463955.472226689,4.56160424635402e6,Berks,Barnegat Light,duck,conventional,false,0.006
4350,478603.330547017,4.54420035875296e6,Berks,Port Matilda,duck,organic,false,0.014
4351,330257.569900208,4.54773205570065e6,Schuylkill,Kenilworth,chicken,layer,false,0.004
4352,375208.888644277,4.57185106484962e6,Cumberland,Philipsburg,chicken,broiler_2,false,0.01
4353,461033.38760578,4.62886436193788e6,Susquehanna,Dumont,chicken,broiler_2,false,0.044
4354,449812.653470426,4.49114183034297e6,Luzerne,Paulsboro,chicken,broiler_2,false,0.012
4355,406561.784439913,4.57678496610382e6,Lycoming,Marlboro,duck,conventional,false,0.002
4356,499163.462418739,4.71943482864617e6,Indiana,Stafford,duck,conventional,false,0.012
4357,416392.272979158,4.70583205642268e6,Lancaster,Rocky Hill,chicken,broiler_1,false,0.016
4358,392290.033192856,4.63440008956913e6,Blair,Tabernacle,duck,conventional,false,0.002
4359,474726.121539234,4.7086400741131e6,Indiana,Corbin City,chicken,broiler_1,false,0.012
4360,318674.423339667,4.58888234838692e6,Venango,Port Republic,chicken,broiler_2,false,0.008
4361,348573.827277913,4.54429718376364e6,Schuylkill,Englewood Cliffs,chicken,broiler_2,false,0.006
4362,378400.506889158,4.55903975965931e6,Cumberland,Magnolia,duck,conventional,false,0.0
4363,359734.175294881,4.5883950055292e6,Mercer,Delanco,duck,conventional,false,0.002
4364,381324.22538821,4.62967701672287e6,Blair,Ho-Ho-Kus,chicken,broiler_2,false,0.014
4365,336043.100030645,4.55741499745944e6,Schuylkill,Watchung,chicken,broiler_1,false,0.01
4366,460528.947114862,4.60710491583497e6,Susquehanna,Montague,chicken,broiler_2,false,0.03
4367,461696.118607905,4.48510034796749e6,Luzerne,New Milford,chicken,broiler_1,false,0.002
4368,496978.956630161,4.71220677149414e6,Indiana,Berkeley,duck,conventional,false,0.004
4369,363520.530523764,4.55944058958364e6,Cumberland,Bellmawr,duck,conventional,false,0.002
4370,314943.471210354,4.59383733324321e6,Venango,Northvale,duck,conventional,false,0.002
4371,383564.280370223,4.59920457294786e6,Lycoming,Delran,chicken,broiler_2,false,0.014
4372,364598.822278792,4.55562890285132e6,Schuylkill,Hillsborough,chicken,broiler_2,false,0.012
4373,473602.388413646,4.64966450762547e6,Allegheny,Spring Lake Heights,duck,conventional,false,0.004
4374,439430.363200242,4.61932824727237e6,Susquehanna,Montgomery,duck,organic,false,0.0
4375,319973.722395836,4.55320851712965e6,Schuylkill,Glassboro,duck,organic,false,0.002
4376,374893.577844789,4.51988029446669e6,Cumberland,Bergen,chicken,broiler_2,false,0.014
4377,407437.201893652,4.61767507081099e6,Fulton,Sparta,chicken,broiler_2,false,0.008
4378,454292.049249782,4.70523501697378e6,Lancaster,Maplewood,chicken,broiler_2,false,0.024
4379,330872.703980669,4.57879444503254e6,Venango,Deptford,chicken,layer,false,0.016
4380,464725.542119475,4.7261980497307e6,Indiana,Lawrence,duck,conventional,false,0.002
4381,371428.972579551,4.56034350270709e6,Cumberland,Bellmawr,chicken,broiler_2,false,0.014
4382,484948.319723345,4.68601801956746e6,Indiana,Paterson,duck,conventional,false,0.0
4383,373237.282434117,4.65929195627618e6,Blair,Bradley Beach,chicken,broiler_2,false,0.012
4384,480486.01100181,4.48062233609491e6,Luzerne,Haworth,duck,organic,false,0.002
4385,361557.078359771,4.52897711757679e6,Cumberland,Ringwood,chicken,broiler_2,false,0.02
4386,458309.835546949,4.46311700108435e6,Luzerne,Lakehurst,chicken,broiler_2,false,0.008
4387,470838.183785005,4.67904081858577e6,Allegheny,Passaic,duck,conventional,false,0.002
4388,345766.19893184,4.55695657247961e6,Schuylkill,Dover,chicken,broiler_2,false,0.002
4389,446934.021984986,4.72413650050366e6,Lancaster,Westville,chicken,broiler_2,false,0.01
4390,428343.841507939,4.48577113864236e6,Mifflin,Hillside,chicken,layer,false,0.01
4391,349097.066355388,4.55511217596933e6,Schuylkill,Cape May,chicken,broiler_2,false,0.006
4392,442229.572414805,4.57329363955082e6,Susquehanna,Kingwood,chicken,broiler_1,false,0.026
4393,317663.997871505,4.59276809913249e6,Venango,Northvale,duck,conventional,false,0.002
4394,495832.059082139,4.48337759644905e6,Luzerne,Medford,duck,conventional,false,0.0
4395,500354.184303616,4.7189194153738e6,Indiana,Stafford,chicken,broiler_2,false,0.046
4396,463297.717022885,4.54947695029927e6,Berks,Port Matilda,chicken,broiler_1,false,0.016
4397,461374.995028761,4.49720418597695e6,Luzerne,Fredon,duck,conventional,false,0.0
4398,377421.13594466,4.62729833459258e6,Blair,Ho-Ho-Kus,chicken,broiler_1,false,0.006
4399,391292.874882873,4.48966535696454e6,Mifflin,Saddle Brook,chicken,broiler_2,false,0.004
4400,452081.19966601,4.56617873697736e6,Berks,Taylor,chicken,broiler_2,false,0.024
4401,371669.329889196,4.56038803521836e6,Cumberland,Bellmawr,chicken,broiler_2,false,0.004
4402,374974.796210508,4.637475676928e6,Blair,Stillwater,chicken,broiler_1,false,0.006
4403,398479.065623649,4.58172577965196e6,Lycoming,Hoboken,duck,conventional,false,0.002
4404,472224.393044508,4.69338768419405e6,Indiana,Bryn Athyn,chicken,broiler_2,false,0.022
4405,415500.732997176,4.61042475377383e6,Lycoming,Lebanon,duck,conventional,false,0.002
4406,488386.679905029,4.50251670784431e6,Luzerne,Teaneck,duck,conventional,false,0.004
4407,346041.877127142,4.5755815873396e6,Mercer,Metuchen,chicken,broiler_2,false,0.022
4408,344328.059475868,4.55883860192338e6,Schuylkill,Dover,duck,conventional,false,0.002
4409,466540.626827493,4.46617701012894e6,Luzerne,Pemberton,chicken,broiler_2,false,0.01
4410,465301.621190754,4.53494186396242e6,Berks,Irvington,chicken,broiler_1,false,0.022
4411,490327.088461137,4.47747773708285e6,Luzerne,Old Bridge,duck,conventional,false,0.002
4412,327121.11448823,4.58088151478436e6,Venango,Deptford,chicken,broiler_1,false,0.008
4413,479116.842975138,4.7229758780222e6,Indiana,Wales,duck,conventional,false,0.002
4414,357584.010730408,4.61833872905024e6,Mercer,Mount Arlington,chicken,broiler_2,false,0.01
4415,390313.243049579,4.52484596185516e6,Cumberland,Manchester,chicken,layer,false,0.016
4416,472454.732062478,4.68559985539039e6,Indiana,Bryn Athyn,duck,conventional,false,0.0
4417,444617.261002982,4.56890009017386e6,Susquehanna,Kingwood,chicken,broiler_2,false,0.02
4418,351024.920769584,4.57840335975748e6,Mercer,Lambertville,duck,conventional,false,0.002
4419,413793.824821773,4.71342836045003e6,Lancaster,Bloomingdale,duck,conventional,false,0.006
4420,362484.050037577,4.57495843816203e6,Mercer,Ogdensburg,duck,conventional,false,0.0
4421,395323.407314913,4.62032136002827e6,Blair,Loch Arbour Village,duck,conventional,false,0.002
4422,351034.97300852,4.61728544610247e6,Mercer,Mount Arlington,chicken,layer,false,0.008
4423,488508.510984937,4.46279821313689e6,Luzerne,Andover,duck,conventional,false,0.0
4424,377297.099266822,4.54487701642245e6,Cumberland,Bergenfield,chicken,broiler_1,false,0.014
4425,368243.041417212,4.5953308508174e6,Mercer,Mannington,chicken,layer,false,0.008
4426,381865.23223665,4.65742444285598e6,Blair,Perth Amboy,duck,organic,false,0.0
4427,469404.758714802,4.46358054525371e6,Luzerne,Prospect Park,chicken,broiler_2,false,0.008
4428,473356.453368184,4.49238294570923e6,Luzerne,Pine Hill,duck,conventional,false,0.008
4429,377251.931880739,4.58329318351633e6,Mercer,Greenville,duck,conventional,false,0.0
4430,456867.688997965,4.7124337960667e6,Indiana,Brielle,chicken,broiler_2,false,0.024
4431,451528.927598265,4.57291518436203e6,Susquehanna,Kingwood,chicken,broiler_2,false,0.024
4432,463676.192567357,4.48974492130099e6,Luzerne,New Milford,duck,conventional,false,0.004
4433,363935.853651789,4.59572857566888e6,Mercer,Middle,chicken,broiler_1,false,0.022
4434,447795.751317932,4.46560140357784e6,Luzerne,Cedar Grove,chicken,broiler_2,false,0.006
4435,489159.209421193,4.66987922110913e6,Allegheny,Colts Neck,duck,conventional,false,0.004
4436,417310.306868793,4.60526832796492e6,Lycoming,Haddonfield,chicken,broiler_2,false,0.01
4437,405140.470478483,4.6160287337184e6,Fulton,Sparta,duck,conventional,false,0.002
4438,441425.960979967,4.48043316896218e6,Luzerne,Douglass,duck,conventional,false,0.002
4439,463465.416220891,4.56531205829483e6,Berks,Barnegat Light,chicken,broiler_2,false,0.036
4440,470297.115605884,4.65877045754894e6,Allegheny,Orange,chicken,broiler_1,false,0.036
4441,465761.404596635,4.5301026762334e6,Berks,Irvington,duck,conventional,false,0.002
4442,333103.060005453,4.54241156314551e6,Schuylkill,Kenilworth,duck,conventional,false,0.0
4443,334916.281350228,4.59469616688483e6,Venango,Tewksbury,duck,conventional,false,0.002
4444,373040.252028445,4.62748173839078e6,Blair,Pompton Lakes,duck,conventional,false,0.002
4445,388272.483413511,4.60468765748978e6,Lycoming,Swedesboro,duck,conventional,false,0.002
4446,382215.371772229,4.57378792349255e6,Cumberland,Windsor,duck,conventional,false,0.002
4447,471224.667521069,4.52881695109921e6,Berks,Irvington,duck,conventional,false,0.008
4448,464563.980656882,4.65370567250831e6,Allegheny,Oldmans,duck,organic,false,0.002
4449,393532.034589242,4.62153185222547e6,Blair,Hopatcong,duck,conventional,false,0.004
4450,415384.598585549,4.48988868007959e6,Mifflin,Margate City,chicken,broiler_2,false,0.012
4451,476616.985848444,4.67833791118096e6,Allegheny,Mountainside,chicken,layer,false,0.026
4452,387501.562223917,4.55911218016269e6,Cumberland,Moonachie,chicken,broiler_2,false,0.014
4453,404606.006891768,4.62426351500424e6,Blair,Woodbine,chicken,broiler_1,false,0.01
4454,431045.38705306,4.71890466316311e6,Lancaster,Chester,duck,conventional,false,0.002
4455,402386.531298085,4.59932318873949e6,Lycoming,Woolwich,duck,organic,false,0.0
4456,447637.497161199,4.47229073656631e6,Luzerne,Woodstown,duck,conventional,false,0.0
4457,441520.676506558,4.57574364167367e6,Susquehanna,Galloway,duck,conventional,false,0.004
4458,320750.147500705,4.5644841168331e6,Schuylkill,Frenchtown,duck,conventional,false,0.0
4459,416091.53161698,4.60597597697644e6,Lycoming,Haddonfield,chicken,broiler_2,false,0.012
4460,408146.09934115,4.57415534923629e6,Lycoming,Marlboro,chicken,layer,false,0.008
4461,407338.616716789,4.59088891214603e6,Lycoming,Montclair,duck,conventional,false,0.002
4462,317226.836902274,4.58931540747435e6,Venango,Port Republic,duck,conventional,false,0.0
4463,349328.343663652,4.57094648446028e6,Schuylkill,Wanaque,duck,organic,false,0.002
4464,317542.986879129,4.55439675485698e6,Schuylkill,Glassboro,duck,conventional,false,0.002
4465,454424.643876278,4.62904290854589e6,Susquehanna,Cape May Point,duck,conventional,false,0.014
4466,415750.735707459,4.59378021413286e6,Lycoming,Maple Shade,duck,conventional,false,0.002
4467,385242.523659741,4.55969972361586e6,Cumberland,Moonachie,duck,conventional,false,0.008
4468,489782.352604731,4.47228535883899e6,Luzerne,Merchantville,duck,conventional,false,0.002
4469,472957.204459877,4.71700782046461e6,Indiana,Collingswood,duck,conventional,false,0.012
4470,470935.953824403,4.72775156760839e6,Indiana,Lawrence,chicken,broiler_1,false,0.044
4471,322715.815823749,4.59153578147266e6,Venango,Port Republic,chicken,broiler_2,false,0.01
4472,450561.444286989,4.63108377164703e6,Susquehanna,Cranford,duck,conventional,false,0.004
4473,454515.75155968,4.61083969606734e6,Susquehanna,Unionville,chicken,layer,false,0.03
4474,322761.321858052,4.56745264067233e6,Schuylkill,Frenchtown,duck,conventional,false,0.002
4475,394043.991745038,4.58333002198572e6,Lycoming,Hoboken,chicken,broiler_2,false,0.012
4476,401903.76814355,4.48533149270042e6,Mifflin,Roosevelt,duck,conventional,false,0.0
4477,455689.544666462,4.73592232701419e6,Indiana,Ewing,chicken,broiler_1,false,0.002
4478,405750.832924611,4.49838220020134e6,Mifflin,Chesterfield,duck,conventional,false,0.002
4479,382735.774226658,4.5750944266372e6,Cumberland,Windsor,chicken,broiler_1,false,0.008
4480,414404.37639162,4.60179698113551e6,Lycoming,Haddonfield,chicken,broiler_1,false,0.004
4481,449880.080320324,4.45848029330359e6,Luzerne,Cedar Grove,duck,conventional,false,0.0
4482,342463.539132873,4.55400166684476e6,Schuylkill,Independence,duck,conventional,false,0.0
4483,369211.390101432,4.57707556027507e6,Mercer,Dunellen,chicken,broiler_1,false,0.008
4484,504825.637308789,4.7195427783661e6,Indiana,Stafford,chicken,broiler_1,false,0.036
4485,424359.108298171,4.48202444956077e6,Mifflin,Hillside,chicken,broiler_2,false,0.006
4486,379561.427248639,4.52671618975475e6,Cumberland,Bound Brook,duck,conventional,false,0.0
4487,456080.67265992,4.47074832180754e6,Luzerne,Tullytown,chicken,broiler_1,false,0.006
4488,458597.128485705,4.73237441885493e6,Indiana,Ewing,chicken,broiler_1,false,0.018
4489,470401.398793689,4.6561044352113e6,Allegheny,Marlborough,duck,organic,false,0.006
4490,358923.57527051,4.60178376082654e6,Mercer,Lopatcong,chicken,layer,false,0.016
4491,378029.079740592,4.64824707400125e6,Blair,Hatboro,chicken,broiler_2,false,0.014
4492,302271.655856518,4.61085319894987e6,Venango,Ambler,duck,conventional,false,0.0
4493,451878.201634578,4.58500460710828e6,Susquehanna,Flemington,chicken,broiler_1,false,0.008
4494,382845.850650224,4.58425651977154e6,Mercer,Bass River,chicken,layer,false,0.008
4495,382952.866629594,4.51293909756735e6,Mifflin,Piscataway,chicken,broiler_2,false,0.012
4496,381123.698870322,4.54049248754833e6,Cumberland,Hackensack,duck,conventional,false,0.006
4497,368488.087867623,4.57372213371264e6,Mercer,Dunellen,chicken,broiler_1,false,0.01
4498,460985.670333787,4.6212095613538e6,Susquehanna,Wrightstown,chicken,broiler_2,false,0.036
4499,473193.669349354,4.71472390474627e6,Indiana,Collingswood,chicken,broiler_2,false,0.028
4500,341844.70279917,4.58391250635556e6,Mercer,Chalfont,chicken,broiler_2,false,0.018
4501,371175.122847797,4.61213040850675e6,Mercer,Monmouth Beach,chicken,broiler_2,false,0.008
4502,332960.255309665,4.58346403172364e6,Mercer,Chalfont,chicken,broiler_2,false,0.008
4503,382825.03994701,4.60256293449549e6,Lycoming,Lindenwold,duck,conventional,false,0.002
4504,468606.990056991,4.66033067296894e6,Allegheny,Manville,duck,organic,false,0.006
4505,348247.524681346,4.53837031821443e6,Schuylkill,Neptune,duck,conventional,false,0.006
4506,484948.731414503,4.50745932771259e6,Luzerne,Hardyston,duck,conventional,false,0.0
4507,500557.716694298,4.47839903372523e6,Luzerne,Old Bridge,duck,conventional,false,0.0
4508,487129.219896557,4.73155707542796e6,Indiana,Wales,chicken,layer,false,0.028
4509,463756.136999476,4.54265957553468e6,Berks,Rutherford,duck,organic,false,0.004
4510,410882.851704485,4.57629246281218e6,Lycoming,Marlboro,duck,conventional,false,0.004
4511,368515.695334004,4.59705170678391e6,Mercer,Mannington,duck,conventional,false,0.002
4512,339940.014103291,4.53239279575384e6,Schuylkill,Hamburg,chicken,broiler_1,false,0.012
4513,473745.090322206,4.69646591659754e6,Indiana,Lafayette,duck,conventional,false,0.002
4514,376588.802488229,4.60559196227378e6,Lycoming,Lindenwold,chicken,layer,false,0.016
4515,469352.1638241,4.53925840534661e6,Berks,Irvington,chicken,layer,false,0.048
4516,495414.103576289,4.47090548265805e6,Luzerne,Old Bridge,chicken,broiler_1,false,0.008
4517,311496.911210612,4.60085027622047e6,Venango,Eatontown,chicken,broiler_2,false,0.016
4518,318014.88727595,4.57498422653336e6,Schuylkill,Victory Gardens,duck,conventional,false,0.0
4519,390831.867467691,4.60450660689253e6,Lycoming,Swedesboro,duck,conventional,false,0.002
4520,471145.296584429,4.51859993420105e6,Berks,Warwick,duck,conventional,false,0.008
4521,436529.670766996,4.69709322109575e6,Lancaster,Union Beach,duck,organic,false,0.0
4522,383391.502992022,4.58561517765331e6,Mercer,Bass River,duck,conventional,false,0.006
4523,443167.782378144,4.72908133086386e6,Lancaster,Westville,duck,conventional,false,0.0
4524,462870.555176543,4.62759417916615e6,Susquehanna,Knowlton,duck,conventional,false,0.01
4525,358723.49605062,4.57195530820416e6,Mercer,Dunellen,duck,organic,false,0.0
4526,343498.286882721,4.57834468558163e6,Mercer,Metuchen,duck,organic,false,0.004
4527,340096.547173822,4.54054929620407e6,Schuylkill,Potter,chicken,broiler_1,false,0.008
4528,355197.992819754,4.56143475492553e6,Schuylkill,Woodlynne,duck,conventional,false,0.0
4529,440243.125569113,4.59935380017853e6,Susquehanna,Frelinghuysen,duck,conventional,false,0.004
4530,434299.829349063,4.61130818973118e6,Susquehanna,Newark,chicken,broiler_2,false,0.004
4531,448998.18510577,4.56187022143348e6,Berks,Woodbridge,chicken,broiler_2,false,0.018
4532,306649.085868157,4.55421919117152e6,Schuylkill,Worth,chicken,broiler_2,false,0.012
4533,306707.195013292,4.60886691254184e6,Venango,Ambler,chicken,broiler_2,false,0.004
4534,468287.932624414,4.69994499010652e6,Indiana,Jackson,chicken,broiler_2,false,0.02
4535,361849.961581986,4.61045519880885e6,Mercer,Deerfield,duck,organic,false,0.002
4536,493355.627344443,4.68340432100225e6,Allegheny,Farmingdale,duck,organic,false,0.014
4537,452448.67961537,4.61895130788095e6,Susquehanna,Beach Haven,chicken,broiler_2,false,0.044
4538,365320.96973199,4.52700655970962e6,Cumberland,Ringwood,chicken,broiler_2,false,0.01
4539,396201.987836906,4.70806866287479e6,Lancaster,Florence,duck,organic,false,0.002
4540,349344.123489325,4.57063116760956e6,Schuylkill,Wanaque,chicken,broiler_2,false,0.02
4541,478497.164439981,4.46755389020285e6,Luzerne,Roselle Park,duck,conventional,false,0.002
4542,452911.48085268,4.4728622035347e6,Luzerne,Tullytown,duck,conventional,false,0.002
4543,440194.522763307,4.71921814609838e6,Lancaster,Matawan,duck,conventional,false,0.002
4544,363225.165801413,4.56478596388986e6,Cumberland,Alexandria,duck,conventional,false,0.0
4545,412256.891606415,4.71815956145104e6,Lancaster,High Bridge,duck,conventional,false,0.002
4546,479664.598988654,4.47341195084449e6,Luzerne,Roselle Park,chicken,broiler_2,false,0.008
4547,423265.96918091,4.69653658845996e6,Lancaster,Raritan,chicken,broiler_1,false,0.01
4548,469403.99685881,4.68937305864561e6,Indiana,Wharton,duck,organic,false,0.006
4549,405540.127709788,4.57382922258397e6,Lycoming,Marlboro,duck,organic,false,0.002
4550,382397.836435733,4.63604391012648e6,Blair,Stillwater,duck,conventional,false,0.004
4551,335604.587008145,4.54996987887569e6,Schuylkill,Fanwood,duck,conventional,false,0.002
4552,456295.053645718,4.61411984752523e6,Susquehanna,Green,chicken,broiler_2,false,0.032
4553,460436.053803154,4.48598941368104e6,Luzerne,New Milford,duck,conventional,false,0.002
4554,409691.119875124,4.60617329771909e6,Lycoming,Haddonfield,duck,conventional,false,0.002
4555,366780.21221938,4.56216900067205e6,Cumberland,Alexandria,chicken,broiler_2,false,0.002
4556,396995.573259013,4.4925577195701e6,Mifflin,Elmwood Park,chicken,broiler_2,false,0.004
4557,469390.651315523,4.70114625813018e6,Indiana,Jackson,duck,conventional,false,0.006
4558,506559.277831335,4.71119691558684e6,Indiana,Bridgewater,chicken,broiler_2,false,0.036
4559,493745.16865227,4.67263757242586e6,Allegheny,Colts Neck,chicken,broiler_2,false,0.032
4560,462878.732275428,4.63023453813248e6,Susquehanna,Shamong,chicken,broiler_1,false,0.036
4561,303708.727181076,4.57598139509159e6,Schuylkill,Linden,chicken,broiler_1,false,0.008
4562,457550.448510785,4.71885888362266e6,Indiana,Greenwich,duck,organic,false,0.004
4563,325768.454579977,4.61421057772781e6,Venango,New Brunswick,chicken,broiler_2,false,0.01
4564,328184.415477101,4.58951552845886e6,Venango,Clark,duck,conventional,false,0.002
4565,454695.570398822,4.60586632598788e6,Susquehanna,Keansburg,chicken,broiler_2,false,0.01
4566,466839.25602261,4.57648702922502e6,Berks,Warren,chicken,broiler_1,false,0.038
4567,304832.290370938,4.58945536540479e6,Venango,Woodland Park,chicken,broiler_1,false,0.008
4568,371242.613370195,4.63970848094697e6,Blair,Woodbury,duck,organic,false,0.0
4569,480998.508589939,4.48497591565403e6,Luzerne,Haworth,chicken,broiler_2,false,0.006
4570,470762.733338934,4.64687457143237e6,Allegheny,Marlborough,duck,organic,false,0.004
4571,362305.373186132,4.55375250263401e6,Schuylkill,Hillsborough,duck,conventional,false,0.004
4572,430894.92456715,4.57857427343223e6,Susquehanna,Mount Holly,duck,conventional,false,0.0
4573,454140.675916539,4.59076397557713e6,Susquehanna,Sea Girt,duck,conventional,false,0.006
4574,457614.396637285,4.7048687516125e6,Lancaster,Maplewood,duck,conventional,false,0.004
4575,386706.86510355,4.5777033380047e6,Cumberland,Interlaken,chicken,broiler_1,false,0.014
4576,470342.171105896,4.72731694357142e6,Indiana,Lawrence,chicken,broiler_1,false,0.042
4577,314267.713870854,4.59931109778218e6,Venango,Eatontown,duck,organic,false,0.004
4578,389156.726052941,4.70682291072007e6,Lancaster,Florence,duck,conventional,false,0.002
4579,401316.53875448,4.59934052912761e6,Lycoming,Woolwich,chicken,broiler_2,false,0.008
4580,309429.978521185,4.58833213681613e6,Venango,Plainsboro,chicken,broiler_2,false,0.004
4581,409854.627188842,4.61404561581861e6,Lycoming,Lebanon,chicken,broiler_2,false,0.014
4582,442668.143691556,4.57160340703859e6,Susquehanna,Kingwood,duck,conventional,false,0.0
4583,472470.816056399,4.50901337719125e6,Luzerne,Hardyston,chicken,broiler_2,false,0.014
4584,405596.355586522,4.70063521571011e6,Lancaster,Riegelsville,chicken,broiler_1,false,0.014
4585,485669.519529743,4.67891439447571e6,Allegheny,Peapack-Gladstone,chicken,broiler_1,false,0.02
4586,439783.933653233,4.705309887405e6,Lancaster,Norriton,chicken,broiler_2,false,0.004
4587,401433.009885397,4.58412202535228e6,Lycoming,Tavistock,chicken,broiler_2,false,0.014
4588,347658.007182072,4.53763421049424e6,Schuylkill,Neptune,duck,conventional,false,0.002
4589,469463.588673497,4.69927832363014e6,Indiana,Jackson,chicken,broiler_2,false,0.018
4590,386678.163385042,4.62496496321243e6,Blair,Butler,duck,conventional,false,0.0
4591,404049.862675013,4.58226494575053e6,Lycoming,Marlboro,chicken,broiler_2,false,0.01
4592,453625.06464164,4.72204339536361e6,Indiana,Palisades Park,chicken,broiler_2,false,0.022
4593,466439.958584147,4.54068722132909e6,Berks,Jersey City,duck,conventional,false,0.006
4594,343531.71679404,4.59762811107987e6,Mercer,Harrington Park,chicken,broiler_1,false,0.008
4595,453162.368538977,4.574753953941e6,Susquehanna,Kingwood,chicken,broiler_1,true,0.0
4596,497508.206944737,4.47292955002597e6,Luzerne,Old Bridge,duck,conventional,false,0.002
4597,459163.513414796,4.58648298694959e6,Susquehanna,Sea Girt,duck,conventional,false,0.008
4598,324527.60290092,4.5917075289027e6,Venango,Hamilton,chicken,broiler_2,false,0.002
4599,446209.348019543,4.56898588105773e6,Susquehanna,Kingwood,duck,conventional,false,0.0
4600,475295.258425383,4.62196733722148e6,Susquehanna,Surf City,duck,conventional,false,0.002
4601,452063.100373345,4.58342413522902e6,Susquehanna,Sea Girt,chicken,broiler_1,false,0.026
4602,444043.602126429,4.69582718581757e6,Lancaster,Alloways Creek,duck,conventional,false,0.0
4603,458695.24924418,4.5452050389901e6,Berks,Rutherford,chicken,layer,false,0.016
4604,348392.785164456,4.59194003398205e6,Mercer,Benner,duck,conventional,false,0.002
4605,347311.959484469,4.53473930546742e6,Schuylkill,Neptune,chicken,broiler_2,false,0.01
4606,396013.846472732,4.59480355959692e6,Lycoming,Readington,chicken,broiler_2,false,0.004
4607,364162.795305705,4.63941208977592e6,Blair,Woodbury,duck,conventional,false,0.0
4608,466697.303312757,4.66215889383473e6,Allegheny,Manville,duck,conventional,false,0.0
4609,311069.401290533,4.5955771682865e6,Venango,Cinnaminson,duck,conventional,false,0.0
4610,368957.906075914,4.54851465104589e6,Cumberland,Ferguson,chicken,broiler_2,false,0.002
4611,322053.129248806,4.61896613458786e6,Venango,Moreland,duck,conventional,false,0.0
4612,443801.407324333,4.48950956875174e6,Luzerne,Paulsboro,duck,conventional,false,0.004
4613,468007.968309974,4.68954627633339e6,Indiana,Wharton,chicken,broiler_2,false,0.038
4614,299977.349501038,4.59962139740289e6,Venango,Eastampton,chicken,broiler_2,false,0.006
4615,479405.441742756,4.49190409910037e6,Luzerne,Pine Hill,chicken,broiler_2,false,0.026
4616,464292.1979039,4.71616004970638e6,Indiana,Morristown,duck,conventional,false,0.002
4617,470712.333118804,4.51063236173907e6,Luzerne,Morrisville,duck,organic,false,0.004
4618,451555.95460777,4.47388211265849e6,Luzerne,Tullytown,duck,conventional,false,0.002
4619,394042.022149423,4.61106855587282e6,Blair,Hopatcong,duck,conventional,false,0.004
4620,368655.488727435,4.59466200239307e6,Mercer,Mannington,chicken,broiler_2,false,0.004
4621,425140.803498555,4.5887786563565e6,Lycoming,Berkeley Heights,duck,conventional,false,0.0
4622,410460.160306129,4.62037610705259e6,Fulton,Sparta,chicken,broiler_1,false,0.01
4623,454994.951031131,4.48014499302639e6,Luzerne,Fieldsboro,chicken,broiler_2,false,0.008
4624,388749.740961074,4.65490878867339e6,Blair,Woodbury Heights,chicken,broiler_2,false,0.004
4625,321567.234404714,4.59570503875131e6,Venango,Hamilton,chicken,broiler_2,false,0.014
4626,470208.267129418,4.50620057196844e6,Luzerne,Morrisville,chicken,broiler_2,false,0.034
4627,449802.588645788,4.61231311950457e6,Susquehanna,Unionville,duck,organic,false,0.01
4628,351100.031926907,4.59468337330657e6,Mercer,Harrington Park,chicken,broiler_1,false,0.002
4629,407840.994798291,4.61120386151036e6,Lycoming,Lebanon,duck,organic,false,0.002
4630,434283.229002851,4.48137067943184e6,Luzerne,Douglass,chicken,broiler_1,false,0.008
4631,482747.456735099,4.47816021743983e6,Luzerne,Haworth,duck,conventional,false,0.002
4632,336518.659592877,4.60961800831797e6,Venango,Maurice River,duck,conventional,false,0.002
4633,333104.553042776,4.60134848498973e6,Venango,Laurel Springs,chicken,broiler_1,false,0.008
4634,415978.660751018,4.59010415223379e6,Lycoming,Maple Shade,chicken,broiler_1,false,0.012
4635,329611.44056046,4.62238060692055e6,Venango,Ridgewood Village,chicken,broiler_2,false,0.002
4636,385755.113558396,4.53376678828017e6,Cumberland,Shrewsbury,duck,conventional,false,0.0
4637,383626.923897547,4.51620781850513e6,Cumberland,Spring Lake,chicken,broiler_1,false,0.006
4638,329462.607144861,4.57923034717436e6,Venango,Deptford,chicken,broiler_2,false,0.016
4639,346806.590443659,4.603093486828e6,Mercer,Weehawken,chicken,broiler_1,false,0.004
4640,423005.044003419,4.70103193464452e6,Lancaster,Mount Ephraim,chicken,layer,false,0.006
4641,355195.234165788,4.6177622923683e6,Mercer,Mount Arlington,duck,organic,false,0.004
4642,441179.482036398,4.59148396680663e6,Susquehanna,Lumberton,chicken,broiler_1,false,0.016
4643,478548.871507721,4.49396012584753e6,Luzerne,Pine Hill,chicken,broiler_2,false,0.036
4644,425406.915118267,4.4899066336596e6,Mifflin,Sussex,duck,conventional,false,0.0
4645,465812.76996517,4.6553044456642e6,Allegheny,Oldmans,duck,conventional,false,0.006
4646,422949.35232185,4.61942709510672e6,Fulton,Mine Hill,duck,organic,false,0.0
4647,474216.594902137,4.66945688446712e6,Allegheny,Lacey,duck,organic,false,0.008
4648,397071.545884508,4.57084995445018e6,Cumberland,Bridgeton,duck,organic,false,0.002
4649,298437.508523269,4.6009435896085e6,Venango,Eastampton,duck,conventional,false,0.002
4650,343738.159048519,4.57222751762337e6,Schuylkill,Wanaque,duck,organic,false,0.002
4651,337642.723490091,4.62096172355496e6,Venango,Red Bank,duck,conventional,false,0.006
4652,398943.482142285,4.60452098322457e6,Lycoming,Monroe,duck,conventional,false,0.0
4653,359256.290682799,4.58858344640568e6,Mercer,Delanco,duck,conventional,false,0.002
4654,388071.815439793,4.54300769349466e6,Cumberland,Camden,chicken,broiler_2,false,0.016
4655,480692.624594055,4.49940314969337e6,Luzerne,Fredon,duck,conventional,false,0.006
4656,361806.625871155,4.54313209904605e6,Cumberland,Ferguson,duck,conventional,false,0.002
4657,359234.513629384,4.59244178282328e6,Mercer,Walker,duck,conventional,false,0.002
4658,476441.68122975,4.72971792522348e6,Indiana,Sandyston,chicken,broiler_2,false,0.014
4659,427951.915343938,4.57996361332897e6,Lycoming,Avalon,chicken,broiler_1,false,0.0
4660,422229.392569202,4.58868745442798e6,Lycoming,Island Heights,duck,conventional,false,0.006
4661,474994.234893629,4.52261421661249e6,Berks,Middlesex,duck,conventional,false,0.008
4662,364176.190943483,4.59406808535885e6,Mercer,Middle,chicken,broiler_2,false,0.008
4663,343015.712034952,4.57828372296033e6,Mercer,Metuchen,duck,conventional,false,0.0
4664,474872.278973017,4.48991394502459e6,Luzerne,Pine Hill,duck,conventional,false,0.002
4665,455748.351195437,4.73484904491958e6,Indiana,Ewing,chicken,broiler_1,false,0.004
4666,386832.833278622,4.52612411772291e6,Cumberland,Manchester,duck,conventional,false,0.0
4667,350758.573120512,4.61995423605066e6,Mercer,Atlantic City,chicken,broiler_1,false,0.004
4668,329448.129009017,4.55006302765329e6,Schuylkill,Kenilworth,duck,organic,false,0.006
4669,407186.89392054,4.70056667484285e6,Lancaster,Riegelsville,chicken,broiler_1,false,0.016
4670,382235.503212039,4.51671050972505e6,Cumberland,Spring Lake,chicken,broiler_1,false,0.01
4671,426293.283025262,4.71466263598103e6,Lancaster,Brunswick,duck,conventional,false,0.0
4672,338879.422261603,4.56821658261149e6,Schuylkill,State College,duck,conventional,false,0.004
4673,452702.351466216,4.62206356411312e6,Susquehanna,Beach Haven,chicken,broiler_2,false,0.028
4674,307880.354473117,4.61361789616774e6,Venango,Kinnelon,chicken,broiler_2,false,0.01
4675,396832.544863947,4.59062244409374e6,Lycoming,Tavistock,chicken,broiler_2,false,0.004
4676,380992.544171024,4.55711962817419e6,Cumberland,Magnolia,chicken,broiler_1,false,0.012
4677,393822.920352037,4.70699220320482e6,Lancaster,Florence,chicken,broiler_2,false,0.0
4678,479287.846679939,4.50315748584351e6,Luzerne,Fredon,chicken,broiler_1,false,0.018
4679,303729.31134075,4.60884612398759e6,Venango,Ambler,chicken,broiler_1,false,0.006
4680,368775.038456238,4.55577336943848e6,Cumberland,Avon-by-the-Sea,chicken,broiler_2,false,0.01
4681,360758.775987458,4.56909883261967e6,Mercer,Dunellen,duck,conventional,false,0.004
4682,363514.986552834,4.56400547441141e6,Cumberland,Alexandria,duck,conventional,false,0.004
4683,478775.355076147,4.51359869230765e6,Luzerne,Hardyston,duck,organic,false,0.002
4684,308767.055043618,4.56921795865638e6,Schuylkill,Linden,chicken,broiler_1,false,0.008
4685,359406.841879208,4.59159828877124e6,Mercer,Egg Harbor City,chicken,broiler_2,false,0.002
4686,423171.675553319,4.59891240021635e6,Susquehanna,Palmyra,chicken,broiler_2,false,0.016
4687,413309.152072676,4.7252231888367e6,Lancaster,High Bridge,duck,organic,false,0.002
4688,433776.775065101,4.48701755423216e6,Luzerne,Douglass,duck,organic,false,0.006
4689,495153.692325502,4.70784877845849e6,Indiana,Huston,chicken,broiler_2,false,0.026
4690,456179.500087418,4.62311283742417e6,Susquehanna,Beach Haven,duck,conventional,false,0.01
4691,383503.887429222,4.61669412353384e6,Blair,Pottsgrove,duck,conventional,false,0.004
4692,318859.089001556,4.60043089093699e6,Venango,Eatontown,chicken,broiler_1,false,0.008
4693,365709.944831099,4.55493836016918e6,Cumberland,Avon-by-the-Sea,duck,organic,false,0.004
4694,476734.966778414,4.4987445957607e6,Luzerne,Fredon,chicken,broiler_2,false,0.018
4695,344297.665302848,4.56721162775234e6,Schuylkill,Wanaque,chicken,broiler_2,false,0.004
4696,483362.814040512,4.72733551081203e6,Indiana,Wales,duck,conventional,false,0.01
4697,384409.790164712,4.50503674654591e6,Mifflin,Springfield,chicken,broiler_2,false,0.008
4698,468498.191791578,4.48065852307216e6,Luzerne,Haworth,duck,conventional,false,0.004
4699,420914.725744768,4.60426143195309e6,Lycoming,Haddonfield,chicken,broiler_2,false,0.006
4700,399061.041418772,4.59463862728775e6,Lycoming,Readington,duck,conventional,false,0.0
4701,342531.427431268,4.57519353539603e6,Mercer,Metuchen,duck,conventional,false,0.0
4702,442955.873218384,4.70456094272551e6,Lancaster,Norriton,chicken,layer,false,0.002
4703,314651.762323878,4.56186442400897e6,Schuylkill,Blairstown,duck,conventional,false,0.0
4704,451074.934140069,4.72083601621314e6,Indiana,Neptune City,chicken,broiler_1,false,0.038
4705,456719.863424849,4.47918136795634e6,Luzerne,Tinton Falls,duck,organic,false,0.0
4706,421022.303533106,4.59053968921173e6,Lycoming,Island Heights,duck,conventional,false,0.0
4707,305737.395855728,4.58389725343096e6,Venango,Plainsboro,duck,organic,false,0.002
4708,484728.715863519,4.46757404782241e6,Luzerne,Dennis,chicken,broiler_2,false,0.01
4709,319418.411763087,4.61006355896564e6,Venango,Montville,duck,conventional,false,0.006
4710,307604.309322297,4.57323384946769e6,Schuylkill,Linden,chicken,broiler_2,false,0.006
4711,500685.746677183,4.70833273992815e6,Indiana,Allentown,duck,conventional,false,0.008
4712,473341.200657104,4.53094881844832e6,Berks,Irvington,duck,conventional,false,0.02
4713,360491.746178642,4.54357083376176e6,Cumberland,Ferguson,duck,organic,false,0.004
4714,365417.515883401,4.53174478383412e6,Cumberland,Highlands,duck,conventional,false,0.002
4715,483357.360083108,4.69772051369735e6,Indiana,Stockton,chicken,broiler_2,false,0.022
4716,488122.943790149,4.51293758724783e6,Luzerne,Hardyston,duck,conventional,false,0.002
4717,367323.406403072,4.58232940004252e6,Mercer,Clinton,chicken,broiler_1,false,0.008
4718,460860.296317533,4.71752359629255e6,Indiana,Greenwich,chicken,broiler_2,false,0.03
4719,356213.995035508,4.57609824862003e6,Mercer,Lambertville,chicken,broiler_1,false,0.012
4720,366825.260723833,4.62255642577984e6,Blair,Pompton Lakes,duck,conventional,false,0.0
4721,376482.537505701,4.53519832248919e6,Cumberland,Pequannock,duck,conventional,false,0.0
4722,482368.474946854,4.72357535953375e6,Indiana,Wales,duck,conventional,false,0.0
4723,432759.437307568,4.61304186308673e6,Susquehanna,Newark,duck,organic,false,0.0
4724,455533.191799368,4.73045753256135e6,Indiana,Milford,duck,conventional,false,0.014
4725,316035.501822878,4.58233445458732e6,Venango,Port Republic,chicken,broiler_2,false,0.012
4726,361247.385705878,4.5635538327992e6,Schuylkill,Allendale,chicken,layer,false,0.01
4727,386170.558497513,4.66729715056547e6,Blair,Hopewell,duck,conventional,false,0.004
4728,361792.353952958,4.60482889487625e6,Mercer,Lopatcong,duck,conventional,false,0.0
4729,478039.761929169,4.69433421950538e6,Indiana,Paterson,duck,conventional,false,0.004
4730,323499.948819224,4.55810501949613e6,Schuylkill,Frenchtown,duck,conventional,false,0.006
4731,466156.44618634,4.65155155602181e6,Allegheny,Marlborough,duck,conventional,false,0.006
4732,383991.594680702,4.62481353616484e6,Blair,Pottsgrove,duck,conventional,false,0.0
4733,429188.243400139,4.72089439283262e6,Lancaster,Chester,chicken,broiler_2,false,0.006
4734,372471.183538673,4.54565378021443e6,Cumberland,Bergenfield,duck,conventional,false,0.002
4735,417768.770586132,4.48858053697024e6,Mifflin,Margate City,chicken,broiler_2,false,0.008
4736,372354.020638933,4.60379537539544e6,Lycoming,Lindenwold,duck,conventional,false,0.004
4737,384561.182641116,4.55300730026967e6,Cumberland,Somerdale,chicken,broiler_2,false,0.008
4738,452882.214230832,4.47025327485507e6,Luzerne,Tullytown,duck,conventional,false,0.004
4739,356820.813759625,4.54946306926794e6,Schuylkill,Englewood Cliffs,chicken,broiler_2,false,0.01
4740,452584.673845247,4.5722731012336e6,Susquehanna,Kingwood,chicken,broiler_2,false,0.02
4741,333999.525033817,4.60885002239883e6,Venango,Wildwood,chicken,broiler_2,false,0.006
4742,461958.192428119,4.69515759616989e6,Indiana,Paramus,chicken,broiler_2,false,0.012
4743,360001.750291795,4.62725106441649e6,Blair,Somerville,duck,conventional,false,0.002
4744,389257.939062391,4.5569169007139e6,Cumberland,Florham Park,chicken,broiler_1,false,0.006
4745,363706.432247942,4.61932251544072e6,Mercer,Milltown,chicken,broiler_1,false,0.012
4746,474361.537274214,4.68219779492625e6,Indiana,Ship Bottom,duck,organic,false,0.006
4747,428414.075032117,4.72136592237139e6,Lancaster,Chester,chicken,broiler_1,false,0.006
4748,318681.163769765,4.56954875256281e6,Schuylkill,Victory Gardens,chicken,broiler_2,false,0.002
4749,502119.410255145,4.4627471358373e6,Luzerne,River,duck,conventional,false,0.004
4750,374767.815459971,4.63567782788391e6,Blair,Stillwater,duck,conventional,false,0.0
4751,421269.930428905,4.60543351422691e6,Susquehanna,Palmyra,duck,conventional,false,0.0
4752,474389.536730666,4.50647952624437e6,Luzerne,Hardyston,chicken,broiler_2,false,0.014
4753,487974.462112643,4.50961590568787e6,Luzerne,Hardyston,chicken,broiler_1,false,0.024
4754,395688.348879569,4.49389873899888e6,Mifflin,Elmwood Park,duck,conventional,false,0.008
4755,505431.010316518,4.46660284211387e6,Luzerne,Riverdale,duck,conventional,false,0.004
4756,311305.132677865,4.59045013182757e6,Venango,Northvale,duck,organic,false,0.0
4757,336439.526526301,4.6159879413286e6,Venango,Red Bank,duck,organic,false,0.004
4758,472417.842678824,4.70158755729354e6,Indiana,Old Tappan,chicken,broiler_1,false,0.024
4759,489318.324905237,4.72007456286971e6,Indiana,Clayton,chicken,broiler_2,false,0.046
4760,387237.643452017,4.49881431606397e6,Mifflin,Springfield,duck,conventional,false,0.002
4761,384817.793700585,4.56761222174114e6,Cumberland,Frederick,chicken,broiler_2,false,0.008
4762,449163.871233066,4.71366524310479e6,Indiana,Little Ferry,duck,conventional,false,0.006
4763,396537.593863607,4.56232753932912e6,Cumberland,Lawnside,chicken,broiler_1,false,0.006
4764,476517.373788639,4.67071208019211e6,Allegheny,Lacey,duck,conventional,false,0.004
4765,463328.200059611,4.48665619688094e6,Luzerne,Fieldsboro,chicken,broiler_1,false,0.002
4766,337077.697258134,4.53680372113497e6,Schuylkill,Potter,chicken,broiler_2,false,0.002
4767,370323.311516398,4.610255621664e6,Mercer,Monmouth Beach,chicken,broiler_1,false,0.006
4768,480655.035565995,4.54357256834721e6,Berks,Port Matilda,duck,conventional,false,0.008
4769,380646.936848392,4.58935806428028e6,Mercer,Oceanport,duck,conventional,false,0.002
4770,371232.934818044,4.58892364679546e6,Mercer,White,duck,conventional,false,0.002
4771,478566.854462632,4.52740152284146e6,Berks,Middlesex,duck,conventional,false,0.01
4772,459111.839879559,4.54985521836904e6,Berks,Port Matilda,duck,organic,false,0.012
4773,414094.075405833,4.58647645954403e6,Lycoming,Maple Shade,chicken,broiler_1,false,0.014
4774,480666.468016576,4.68769657552306e6,Indiana,Paterson,duck,conventional,false,0.0
4775,350162.957249422,4.60266486704652e6,Mercer,Weehawken,duck,conventional,false,0.0
4776,372596.829713792,4.63699832397352e6,Blair,Stillwater,chicken,layer,false,0.008
4777,321436.501022644,4.55313488139071e6,Schuylkill,Glassboro,duck,conventional,false,0.002
4778,464360.883689544,4.4637476261823e6,Luzerne,Prospect Park,duck,conventional,false,0.0
4779,344616.315014708,4.53409099583844e6,Schuylkill,Neptune,duck,conventional,false,0.002
4780,368219.246038528,4.64101837993709e6,Blair,Woodbury,chicken,broiler_2,false,0.012
4781,502239.409366609,4.47663112653664e6,Luzerne,Old Bridge,duck,organic,false,0.004
4782,328963.680249446,4.59232419999649e6,Venango,Clark,duck,conventional,false,0.004
4783,386636.457784177,4.63342869874117e6,Blair,Alloway,duck,conventional,false,0.002
4784,472458.82652583,4.57251872883249e6,Berks,Warren,chicken,broiler_1,false,0.02
4785,473094.155491496,4.70258890215993e6,Indiana,Old Tappan,chicken,broiler_1,false,0.022
4786,350872.746593921,4.55660391782684e6,Schuylkill,Woodlynne,chicken,broiler_2,false,0.002
4787,431391.972886864,4.70493268639752e6,Lancaster,Bay Head,duck,conventional,false,0.002
4788,487276.616349789,4.72107746159932e6,Indiana,Clayton,chicken,broiler_2,false,0.012
4789,435514.943846705,4.58084557689897e6,Susquehanna,Mount Holly,duck,conventional,false,0.016
4790,393137.326739274,4.67417792242675e6,Blair,Jefferson,chicken,broiler_2,false,0.012
4791,486467.445007693,4.69375889920011e6,Indiana,Stockton,duck,organic,false,0.002
4792,478487.443189017,4.65574556809467e6,Allegheny,Spring Lake Heights,duck,conventional,false,0.008
4793,439228.103283895,4.49101979120885e6,Luzerne,Douglass,duck,conventional,false,0.004
4794,484805.229458796,4.47833825873645e6,Luzerne,Merchantville,duck,conventional,false,0.002
4795,492057.947926272,4.48149491354577e6,Luzerne,Medford,duck,conventional,false,0.002
4796,386601.266149413,4.57557047396351e6,Cumberland,Interlaken,chicken,broiler_2,false,0.016
4797,456398.470517834,4.49066602741277e6,Luzerne,New Milford,chicken,broiler_2,false,0.008
4798,353335.448944929,4.6248078987548e6,Mercer,Atlantic City,chicken,broiler_2,false,0.01
4799,358126.620289169,4.56658090455758e6,Schuylkill,Allendale,chicken,broiler_2,false,0.008
4800,333131.503580528,4.61757672390603e6,Venango,Red Bank,duck,conventional,false,0.0
4801,448350.100389154,4.48923515784449e6,Luzerne,Paulsboro,chicken,broiler_2,false,0.008
4802,315998.495445046,4.59794820868151e6,Venango,Eatontown,duck,conventional,false,0.0
4803,315507.698516192,4.57693852155853e6,Venango,Weymouth,chicken,broiler_2,false,0.002
4804,395916.940789543,4.63313086865735e6,Blair,Tabernacle,duck,conventional,false,0.004
4805,492568.452959573,4.47717747704657e6,Luzerne,Old Bridge,chicken,layer,false,0.012
4806,449427.668036135,4.60041118439048e6,Susquehanna,Egg Harbor,duck,conventional,false,0.002
4807,447275.377417642,4.56933810136968e6,Berks,Taylor,duck,organic,false,0.006
4808,456143.968916349,4.47043698601399e6,Luzerne,Tullytown,chicken,broiler_2,false,0.002
4809,462430.027513745,4.53483231871244e6,Berks,Bayonne,chicken,broiler_2,false,0.016
4810,445876.42461973,4.61082099745007e6,Susquehanna,Langhorne,duck,organic,false,0.01
4811,392226.740476497,4.58983441889017e6,Lycoming,New Hanover,chicken,broiler_2,false,0.002
4812,407354.498991504,4.61477666857952e6,Lycoming,Lebanon,duck,organic,false,0.0
4813,359407.438639583,4.62421047678302e6,Mercer,Milltown,duck,conventional,false,0.004
4814,440416.587764582,4.71943448341836e6,Lancaster,Matawan,duck,conventional,false,0.0
4815,466241.110440274,4.50522767166142e6,Luzerne,Morrisville,duck,conventional,false,0.016
4816,313712.913199481,4.57626398277847e6,Venango,Weymouth,chicken,broiler_2,false,0.006
4817,486958.314153173,4.67495565394858e6,Allegheny,Snow Shoe,chicken,broiler_2,false,0.014
4818,415535.792127938,4.70371603336722e6,Lancaster,Mount Ephraim,duck,organic,false,0.0
4819,360937.052694385,4.62707485084764e6,Blair,Somerville,duck,conventional,false,0.002
4820,465993.03027103,4.57327556928597e6,Berks,Warren,chicken,broiler_2,false,0.044
4821,476084.605244134,4.73067862334626e6,Indiana,Sandyston,duck,organic,false,0.004
4822,479458.499187354,4.517051711621e6,Luzerne,Hardyston,duck,organic,false,0.002
4823,396969.968449908,4.5793233123393e6,Lycoming,Hoboken,duck,conventional,false,0.002
4824,325706.822251753,4.57954927327569e6,Schuylkill,Victory Gardens,duck,conventional,false,0.002
4825,397651.646476167,4.61682706777988e6,Blair,Loch Arbour Village,duck,conventional,false,0.004
4826,398957.377013946,4.61580935196502e6,Blair,Loch Arbour Village,chicken,broiler_2,false,0.008
4827,328859.873971604,4.60043012690753e6,Venango,Laurel Springs,duck,conventional,false,0.002
4828,328823.835741797,4.57360722118111e6,Schuylkill,Audubon Park,chicken,broiler_2,false,0.006
4829,379252.919319971,4.59962122573839e6,Lycoming,Delran,chicken,broiler_2,false,0.008
4830,479589.25677282,4.51950664576263e6,Luzerne,Hardyston,chicken,broiler_2,false,0.028
4831,461431.263827266,4.69782225425144e6,Indiana,Pilesgrove,chicken,broiler_2,false,0.038
4832,374580.702832387,4.60976662951512e6,Mercer,Monmouth Beach,duck,organic,false,0.0
4833,477507.605188021,4.51360923711288e6,Luzerne,Hardyston,chicken,broiler_1,false,0.042
4834,380171.647530756,4.62375865179605e6,Blair,Pottsgrove,chicken,broiler_2,false,0.016
4835,345275.813842212,4.59218267398037e6,Mercer,Benner,duck,conventional,false,0.0
4836,403867.780061325,4.59553853929441e6,Lycoming,Tavistock,duck,conventional,false,0.002
4837,444464.124924951,4.72978248069322e6,Lancaster,Westville,chicken,broiler_2,false,0.008
4838,341777.139246207,4.62040347785255e6,Venango,Totowa,chicken,broiler_2,false,0.014
4839,415510.351064185,4.71461646516974e6,Lancaster,Howell,duck,organic,false,0.002
4840,479172.733359466,4.50509281055318e6,Luzerne,Fredon,duck,conventional,false,0.002
4841,476482.375685432,4.66643152869886e6,Allegheny,Ridgefield Park Village,duck,conventional,false,0.008
4842,404844.390299051,4.69807852998115e6,Lancaster,Riegelsville,duck,conventional,false,0.002
4843,380966.99296785,4.6391815860873e6,Blair,Stillwater,chicken,layer,false,0.006
4844,388885.414087034,4.598455649188e6,Lycoming,Readington,duck,conventional,false,0.006
4845,483967.642588661,4.65367577647855e6,Allegheny,Fair Haven,duck,conventional,false,0.012
4846,345474.044485089,4.59677962071188e6,Mercer,Harrington Park,chicken,broiler_1,false,0.006
4847,390203.152530949,4.52998075713806e6,Cumberland,Longport,chicken,broiler_2,false,0.004
4848,444938.323564966,4.70261792248009e6,Lancaster,Norriton,chicken,broiler_2,true,0.0
4849,486014.834305248,4.66220930266577e6,Allegheny,Fair Haven,duck,conventional,false,0.012
4850,369473.849641515,4.56173689189227e6,Cumberland,Alexandria,duck,conventional,false,0.002
4851,477100.894508314,4.52298020455322e6,Berks,Middlesex,duck,conventional,false,0.006
4852,325974.327293698,4.53664830947741e6,Schuylkill,Salem,duck,conventional,false,0.004
4853,495290.911617134,4.68293606975483e6,Allegheny,Farmingdale,chicken,broiler_2,false,0.03
4854,447115.242192363,4.46779225192748e6,Luzerne,Tullytown,chicken,broiler_2,false,0.014
4855,482948.045144278,4.71284908642835e6,Indiana,Robbinsville,chicken,broiler_2,false,0.036
4856,343550.570770194,4.5389010224149e6,Schuylkill,Highland Park,chicken,broiler_2,false,0.018
4857,474650.330743856,4.53357641842847e6,Berks,Irvington,chicken,broiler_1,false,0.026
4858,399885.430097238,4.69449536086203e6,Lancaster,Waldwick,duck,conventional,false,0.002
4859,359305.04925686,4.54255960872612e6,Schuylkill,Bethlehem,chicken,broiler_2,false,0.008
4860,483101.046312202,4.71251571233384e6,Indiana,Robbinsville,chicken,broiler_1,false,0.03
4861,376605.304987988,4.57902219214382e6,Mercer,Bass River,duck,organic,false,0.0
4862,402430.69227402,4.5902121750475e6,Lycoming,Tavistock,duck,organic,false,0.002
4863,325652.061281974,4.60179658222822e6,Venango,Montville,chicken,broiler_1,false,0.012
4864,410870.498229627,4.58258229427177e6,Lycoming,Califon,chicken,broiler_2,false,0.006
4865,423426.541721504,4.61950154158135e6,Fulton,Mine Hill,duck,organic,false,0.002
4866,476115.761676062,4.53980494789685e6,Berks,Irvington,duck,conventional,false,0.016
4867,464977.900158076,4.50300775367103e6,Luzerne,Fredon,duck,organic,false,0.012
4868,401408.405734249,4.69968189165126e6,Lancaster,Riegelsville,chicken,broiler_1,false,0.008
4869,380424.050292402,4.60939492674715e6,Lycoming,Lindenwold,duck,conventional,false,0.004
4870,359637.722660459,4.55619253200851e6,Schuylkill,Summit,chicken,broiler_1,false,0.008
4871,350782.758172719,4.59828152792525e6,Mercer,Harrington Park,chicken,broiler_1,false,0.006
4872,379274.760553085,4.53698252257494e6,Cumberland,Perkiomen,duck,conventional,false,0.006
4873,376171.818037024,4.58897848146935e6,Mercer,Greenville,chicken,broiler_2,false,0.01
4874,395386.182466917,4.49587684877092e6,Mifflin,Elmwood Park,chicken,broiler_1,false,0.018
4875,338275.027947197,4.55318387035486e6,Schuylkill,Fanwood,duck,conventional,false,0.002
4876,323266.081649011,4.56407252422017e6,Schuylkill,Frenchtown,duck,conventional,false,0.01
4877,318763.539478304,4.58084164137558e6,Venango,Weymouth,chicken,broiler_2,false,0.012
4878,485088.375152145,4.47438015890895e6,Luzerne,Merchantville,chicken,broiler_2,false,0.016
4879,440879.570570949,4.59978497636483e6,Susquehanna,Winfield,duck,conventional,false,0.0
4880,366968.765253953,4.57604421129294e6,Mercer,Dunellen,chicken,broiler_2,false,0.004
4881,385726.166221282,4.63790168926852e6,Blair,Alloway,chicken,broiler_2,false,0.016
4882,462511.81089142,4.71117622072439e6,Indiana,Morristown,chicken,broiler_1,false,0.024
4883,384302.559581284,4.57149364037118e6,Cumberland,Windsor,chicken,broiler_1,false,0.018
4884,384700.886717728,4.65356891193154e6,Blair,Glen Rock,duck,conventional,false,0.0
4885,449637.819918205,4.5721703932091e6,Susquehanna,Kingwood,chicken,broiler_2,true,0.0
4886,483520.784727553,4.67921340303249e6,Allegheny,Peapack-Gladstone,duck,conventional,false,0.008
4887,425639.038701095,4.71474907009672e6,Lancaster,Brunswick,duck,organic,false,0.002
4888,348114.221640021,4.6042104808289e6,Mercer,Weehawken,chicken,broiler_2,false,0.012
4889,430459.546729684,4.59417408250052e6,Lycoming,Ramsey,duck,conventional,false,0.0
4890,357034.203714992,4.56786665681921e6,Mercer,Dunellen,chicken,broiler_1,false,0.016
4891,323866.012055168,4.61272827444065e6,Venango,New Brunswick,chicken,layer,false,0.008
4892,462630.448275125,4.64209135420447e6,Allegheny,Brigantine,chicken,layer,false,0.016
4893,336097.077904777,4.61119709847356e6,Venango,Maurice River,duck,conventional,false,0.006
4894,412856.804781088,4.72649105348486e6,Lancaster,High Bridge,duck,conventional,false,0.0
4895,428180.190949075,4.70632223788235e6,Lancaster,Bay Head,duck,conventional,false,0.0
4896,375449.181103827,4.60191226674656e6,Lycoming,Lindenwold,duck,organic,false,0.0
4897,408428.949664711,4.62091837407633e6,Fulton,Sparta,chicken,broiler_2,false,0.016
4898,340836.033184811,4.5881366824895e6,Mercer,Chalfont,chicken,broiler_1,false,0.008
4899,396066.481678301,4.59434975938849e6,Lycoming,Readington,chicken,broiler_2,false,0.016
4900,465198.023567357,4.68833772514617e6,Indiana,Wharton,chicken,broiler_1,false,0.016
4901,459333.119918403,4.55588516609374e6,Berks,Port Matilda,duck,conventional,false,0.01
4902,382905.203225611,4.66005180922925e6,Blair,Bloomsbury,duck,conventional,false,0.008
4903,468303.377495962,4.5039977665225e6,Luzerne,Morrisville,chicken,broiler_2,false,0.032
4904,415204.792244536,4.57827116076381e6,Lycoming,New York,chicken,broiler_2,false,0.016
4905,356362.700186469,4.56898213569688e6,Mercer,Dunellen,duck,conventional,false,0.004
4906,402216.87002197,4.61323170584233e6,Lycoming,Monroe,duck,conventional,false,0.002
4907,447005.41234703,4.72158387561409e6,Indiana,Neptune City,duck,conventional,false,0.002
4908,468548.339886809,4.47412683876916e6,Luzerne,Morris,duck,conventional,false,0.0
4909,401234.505489103,4.59223393371545e6,Lycoming,Tavistock,duck,organic,false,0.0
4910,446492.788659441,4.58960438113418e6,Susquehanna,Flemington,duck,conventional,false,0.012
4911,339838.94968709,4.53085323707011e6,Schuylkill,Brick,chicken,broiler_2,false,0.002
4912,326880.861981962,4.59870104262776e6,Venango,Laurel Springs,duck,conventional,false,0.002
4913,473381.515162691,4.72970706823422e6,Indiana,Sandyston,duck,conventional,false,0.004
4914,424533.102130294,4.61609843672502e6,Fulton,Mine Hill,chicken,broiler_2,false,0.006
4915,433595.807066988,4.5924707798407e6,Lycoming,Little Silver,chicken,broiler_1,false,0.0
4916,361782.01127065,4.62017881894087e6,Mercer,Milltown,duck,conventional,false,0.004
4917,439881.055754645,4.57517089214389e6,Susquehanna,Galloway,duck,organic,false,0.002
4918,390445.561593957,4.49098857613254e6,Mifflin,Saddle Brook,duck,conventional,false,0.0
4919,387831.099976325,4.55851762213646e6,Cumberland,Moonachie,duck,organic,false,0.004
4920,372574.75292003,4.61369804964213e6,Mercer,Monmouth Beach,duck,conventional,false,0.002
4921,440887.502706744,4.62560735244543e6,Fulton,Green Lane,duck,conventional,false,0.002
4922,363189.862827199,4.55427754744365e6,Schuylkill,Hillsborough,chicken,broiler_2,false,0.014
4923,340660.680593394,4.60553038983595e6,Venango,River Edge,chicken,broiler_2,false,0.01
4924,324464.760505275,4.62419855570708e6,Venango,Ridgewood Village,chicken,broiler_2,false,0.008
4925,468145.315211049,4.53016753958293e6,Berks,Irvington,chicken,broiler_2,false,0.028
4926,308922.447058873,4.56209261059984e6,Schuylkill,Worth,chicken,broiler_2,false,0.002
4927,345788.572395638,4.58247006031694e6,Mercer,Metuchen,chicken,broiler_1,false,0.008
4928,496588.180446861,4.681559452261e6,Allegheny,Snow Shoe,duck,conventional,false,0.004
4929,448250.945434453,4.63013051326164e6,Susquehanna,Cranford,duck,conventional,false,0.008
4930,376837.878195125,4.64619444670216e6,Blair,Hatboro,chicken,broiler_1,false,0.008
4931,462597.148455794,4.56741008490907e6,Berks,Warren,duck,conventional,false,0.01
4932,449264.053199692,4.46573357948148e6,Luzerne,Cedar Grove,duck,organic,false,0.002
4933,387316.660216344,4.57969825476782e6,Cumberland,Interlaken,chicken,broiler_2,false,0.01
4934,367578.6250462,4.59912444379205e6,Mercer,Mannington,duck,conventional,false,0.0
4935,317793.140220808,4.56017365714796e6,Schuylkill,Mahwah,chicken,broiler_1,false,0.008
4936,431760.202700589,4.7006167649657e6,Lancaster,Phillipsburg,duck,conventional,false,0.002
4937,438201.374268933,4.58859423890571e6,Susquehanna,Lumberton,duck,organic,false,0.002
4938,495217.37981885,4.49372090271666e6,Luzerne,Medford,duck,organic,false,0.014
4939,502561.350937441,4.47192343045211e6,Luzerne,Old Bridge,duck,conventional,false,0.002
4940,434463.692019494,4.62345461729723e6,Fulton,Falls,duck,conventional,false,0.002
4941,435121.488899566,4.61704021354797e6,Susquehanna,Montgomery,chicken,broiler_2,false,0.0
4942,355743.136720416,4.53854013957272e6,Schuylkill,Bloomfield,duck,conventional,false,0.0
4943,371811.684958975,4.64243202568763e6,Blair,Stillwater,chicken,broiler_2,false,0.012
4944,462266.653547336,4.46928378538694e6,Luzerne,Union City,chicken,broiler_1,false,0.012
4945,467044.729645333,4.46396326427707e6,Luzerne,Prospect Park,duck,conventional,false,0.002
4946,328869.509328105,4.54040799357534e6,Schuylkill,Salem,chicken,broiler_2,false,0.01
4947,388960.029830092,4.60415192849328e6,Lycoming,Swedesboro,duck,conventional,false,0.002
4948,405492.658940993,4.69688057420985e6,Lancaster,Riegelsville,chicken,broiler_1,false,0.018
4949,476468.925303286,4.65128594255564e6,Allegheny,Spring Lake Heights,duck,conventional,false,0.004
4950,455763.633959483,4.72401401116384e6,Indiana,Palisades Park,duck,conventional,false,0.008
4951,351700.322439868,4.60356433591963e6,Mercer,Oradell,chicken,broiler_2,false,0.01
4952,408729.446653303,4.61779167059184e6,Fulton,Sparta,chicken,broiler_1,false,0.012
4953,408476.124468859,4.58827929266537e6,Lycoming,Montclair,chicken,broiler_1,false,0.01
4954,409116.599544058,4.61175458481147e6,Lycoming,Lebanon,chicken,broiler_2,false,0.008
4955,431055.742821025,4.58962283859028e6,Lycoming,Berkeley Heights,duck,conventional,false,0.0
4956,368661.358609848,4.56430237213688e6,Cumberland,Alexandria,duck,conventional,false,0.0
4957,345324.667794129,4.56235029415316e6,Schuylkill,Dover,chicken,broiler_2,false,0.01
4958,382027.47669494,4.56402804929701e6,Cumberland,Jenkintown,chicken,broiler_2,false,0.004
4959,497629.136333653,4.46093675247894e6,Luzerne,River,duck,conventional,false,0.0
4960,400177.842411748,4.59551105646031e6,Lycoming,Readington,duck,organic,false,0.002
4961,451537.607963272,4.62268423910693e6,Susquehanna,Beach Haven,chicken,layer,false,0.036
4962,396886.165447335,4.48486441084609e6,Mifflin,Roosevelt,chicken,broiler_2,false,0.018
4963,331742.818883366,4.60661762764483e6,Venango,Wildwood,duck,conventional,false,0.004
4964,410120.273358683,4.59449467186697e6,Lycoming,National Park,duck,organic,false,0.0
4965,412406.049999375,4.72542810029829e6,Lancaster,High Bridge,duck,conventional,false,0.002
4966,440288.451903726,4.70135999373112e6,Lancaster,Park Ridge,chicken,broiler_1,false,0.006
4967,493476.242522333,4.48830861527681e6,Luzerne,Medford,chicken,broiler_2,false,0.006
4968,361009.119016,4.56561266747553e6,Schuylkill,Allendale,duck,organic,false,0.002
4969,458389.491389739,4.46554157877085e6,Luzerne,Cedar Grove,chicken,broiler_2,false,0.01
4970,370342.293434859,4.62776472086899e6,Blair,Pompton Lakes,chicken,broiler_2,false,0.006
4971,379860.273464649,4.60630317562005e6,Lycoming,Lindenwold,duck,conventional,false,0.0
4972,389514.058310855,4.64998646285405e6,Blair,Glen Rock,duck,organic,false,0.002
4973,377396.10319957,4.63264876417711e6,Blair,Ho-Ho-Kus,chicken,broiler_2,false,0.006
4974,468687.725007462,4.50889770438108e6,Luzerne,Morrisville,chicken,broiler_2,false,0.044
4975,403726.689297614,4.5870787036833e6,Lycoming,Midland Park,duck,organic,false,0.0
4976,426226.391830125,4.60740362753313e6,Susquehanna,Commercial,chicken,broiler_2,false,0.004
4977,374727.956162876,4.66736916226219e6,Blair,Audubon,duck,conventional,false,0.002
4978,438993.628329803,4.73023562997628e6,Lancaster,Westville,duck,conventional,false,0.002
4979,459858.123680142,4.63225150331837e6,Susquehanna,Englewood,duck,conventional,false,0.004
4980,467816.826319541,4.67545389463666e6,Allegheny,Lacey,chicken,broiler_1,false,0.028
4981,408126.372106919,4.60767932551622e6,Lycoming,Lebanon,duck,conventional,false,0.004
4982,347425.35869526,4.56436509986824e6,Schuylkill,Wanaque,duck,conventional,false,0.004
4983,347191.474656514,4.56000786716176e6,Schuylkill,Wanaque,chicken,layer,false,0.006
4984,485070.296739636,4.66512072366119e6,Allegheny,Colts Neck,chicken,broiler_2,false,0.006
4985,392494.768561822,4.60666714773163e6,Lycoming,Haledon,chicken,broiler_2,false,0.008
4986,416875.76026381,4.61298059724877e6,Fulton,Delaware,duck,conventional,false,0.0
4987,418381.404919547,4.59452848931346e6,Lycoming,Cranbury,duck,conventional,false,0.002
4988,466866.347579606,4.58345870180213e6,Berks,Merion,duck,organic,false,0.004
4989,328207.437156159,4.61643025298535e6,Venango,Ridgewood Village,chicken,broiler_1,false,0.01
4990,313591.942785522,4.59041593308185e6,Venango,Northvale,duck,conventional,false,0.002
4991,467591.302538087,4.50248533182395e6,Luzerne,Fredon,chicken,broiler_2,false,0.036
4992,460426.613739743,4.63564290827686e6,Susquehanna,Amwell,chicken,broiler_1,false,0.046
4993,492376.487683579,4.70728509045724e6,Indiana,Huston,duck,conventional,false,0.016
4994,331945.803233986,4.60753224031691e6,Venango,Wildwood,duck,conventional,false,0.0
4995,339045.838148186,4.57837374145479e6,Mercer,Chalfont,chicken,layer,false,0.012
4996,329051.632629508,4.55333340320737e6,Schuylkill,Rahway,duck,conventional,false,0.002
4997,388164.956223612,4.56049819978594e6,Cumberland,Moonachie,chicken,layer,false,0.002
4998,389126.137585395,4.62575320348247e6,Blair,Butler,chicken,broiler_2,false,0.004
4999,432378.987978589,4.72567499960972e6,Lancaster,Shiloh,duck,conventional,false,0.002
5000,435135.286910528,4.48369442596081e6,Luzerne,Douglass,duck,conventional,false,0.002
5001,487247.220365048,4.68268216655358e6,Allegheny,Peapack-Gladstone,duck,organic,false,0.008
5002,347827.447888878,4.55603839306988e6,Schuylkill,Dover,chicken,broiler_2,false,0.01
5003,466927.299723083,4.50125822963034e6,Luzerne,Fredon,duck,conventional,false,0.008
5004,475837.815274093,4.66866863304195e6,Allegheny,Lacey,duck,organic,false,0.006
5005,404874.506070435,4.57300984980198e6,Lycoming,Marlboro,chicken,broiler_1,false,0.004
5006,407220.485089397,4.71556020960276e6,Lancaster,High Bridge,chicken,broiler_2,false,0.008
5007,357144.203983396,4.55049251946221e6,Schuylkill,Cape May,duck,conventional,false,0.0
5008,367070.800819607,4.65126431220601e6,Blair,Bradley Beach,duck,conventional,false,0.002
5009,387736.843840164,4.51472331249811e6,Cumberland,Spring Lake,duck,organic,false,0.004
5010,340108.49614528,4.54137213151313e6,Schuylkill,Potter,duck,conventional,false,0.0
5011,489297.952348841,4.68549741151781e6,Allegheny,Peapack-Gladstone,duck,conventional,false,0.002
5012,372650.177574043,4.5440812267086e6,Cumberland,Bergenfield,duck,organic,false,0.002
5013,383126.711633975,4.52652727015881e6,Cumberland,Millstone,chicken,broiler_2,false,0.014
5014,393443.567775865,4.56868804112877e6,Cumberland,Bridgeton,duck,conventional,false,0.004
5015,342335.004971888,4.59003716755799e6,Venango,Tewksbury,chicken,broiler_2,false,0.006
5016,403566.47594296,4.70973536465538e6,Lancaster,Plumsted,duck,conventional,false,0.0
5017,311169.437394168,4.57452774608296e6,Venango,Weymouth,chicken,layer,false,0.012
5018,367838.511758698,4.61560606420782e6,Mercer,Milltown,chicken,broiler_2,false,0.01
5019,391754.893510635,4.69749370441663e6,Lancaster,Riegelsville,duck,organic,false,0.004
5020,324932.766359436,4.53932123169435e6,Schuylkill,Salem,duck,conventional,false,0.002
5021,419258.498985852,4.58385127361917e6,Lycoming,Limerick,chicken,broiler_2,false,0.008
5022,484195.098047785,4.46221474188825e6,Luzerne,Curtin,duck,conventional,false,0.006
5023,458403.418916702,4.60012305125015e6,Susquehanna,Keansburg,chicken,layer,false,0.022
5024,365829.735490276,4.58802344568686e6,Mercer,Wayne,duck,conventional,false,0.002
5025,358318.766992658,4.54009290569262e6,Schuylkill,Bethlehem,chicken,broiler_2,false,0.004
5026,503499.132596564,4.71948757478837e6,Indiana,Stafford,chicken,broiler_2,false,0.052
5027,460312.715726091,4.49563525560287e6,Luzerne,New Milford,duck,conventional,false,0.004
5028,381018.880462484,4.58015549464045e6,Mercer,Bass River,chicken,broiler_2,false,0.006
5029,476073.079699048,4.69139038432776e6,Indiana,Bryn Athyn,duck,organic,false,0.006
5030,461280.576981896,4.60966253089397e6,Susquehanna,Montague,chicken,broiler_1,false,0.048
5031,386626.543081351,4.6605112455705e6,Blair,Denville,duck,conventional,false,0.002
5032,363044.516786536,4.56678867399264e6,Mercer,Dunellen,duck,conventional,false,0.0
5033,462652.788032943,4.50947045470141e6,Luzerne,Morrisville,duck,conventional,false,0.014
5034,469972.036799222,4.71915982764835e6,Indiana,Wall,chicken,broiler_1,false,0.022
5035,457951.071128026,4.7003247881177e6,Indiana,Pilesgrove,duck,organic,false,0.006
5036,310576.017839056,4.56717197295287e6,Schuylkill,Blairstown,duck,organic,false,0.004
5037,407592.876993858,4.6191313671308e6,Fulton,Sparta,chicken,broiler_1,false,0.006
5038,423684.767472828,4.72513620474839e6,Lancaster,Scotch Plains,duck,organic,false,0.004
5039,474939.220876649,4.70797949022607e6,Indiana,Corbin City,chicken,layer,false,0.038
5040,455979.038533793,4.48781167187751e6,Luzerne,New Milford,chicken,broiler_2,false,0.006
5041,443081.861874419,4.70125563529704e6,Lancaster,Norriton,chicken,broiler_2,false,0.01
5042,392089.517760379,4.61308383227874e6,Lycoming,Swedesboro,chicken,broiler_2,false,0.004
5043,434489.520058983,4.59585966536454e6,Lycoming,Little Silver,duck,conventional,false,0.0
5044,344160.59979759,4.61653112156981e6,Venango,Totowa,duck,conventional,false,0.002
5045,399058.937409255,4.59006836116739e6,Lycoming,Tavistock,chicken,layer,false,0.01
5046,312958.346107888,4.56550457580927e6,Schuylkill,Westampton,duck,conventional,false,0.006
5047,320729.62364806,4.5501149193575e6,Schuylkill,Oaklyn,chicken,broiler_2,false,0.012
5048,327495.333945949,4.57891072262314e6,Schuylkill,Audubon Park,chicken,broiler_2,false,0.01
5049,460075.905856304,4.70574262908402e6,Indiana,Brielle,duck,conventional,false,0.006
5050,377431.53927908,4.53064088563576e6,Cumberland,Pequannock,duck,conventional,false,0.006
5051,459965.253643235,4.61045995031154e6,Susquehanna,Montague,duck,conventional,false,0.01
5052,342342.336087293,4.59688311668449e6,Venango,Tewksbury,chicken,broiler_2,false,0.008
5053,377670.526775998,4.54812525423761e6,Cumberland,Bergenfield,duck,conventional,false,0.008
5054,428649.195347561,4.71099596481888e6,Lancaster,Brunswick,chicken,broiler_2,false,0.008
5055,462678.029787183,4.59374237111631e6,Susquehanna,Gibbsboro,duck,conventional,false,0.014
5056,470138.085251714,4.66234077935217e6,Allegheny,Manville,duck,conventional,false,0.008
5057,466335.381879303,4.48470715883325e6,Luzerne,Pine Hill,duck,organic,false,0.002
5058,484748.356283746,4.7152111474945e6,Indiana,Robbinsville,duck,conventional,false,0.01
5059,441956.770993777,4.59405677147895e6,Susquehanna,Frelinghuysen,duck,organic,false,0.006
5060,370466.227568468,4.56669396130772e6,Cumberland,Alexandria,duck,conventional,false,0.002
5061,385634.959941224,4.49796970562258e6,Mifflin,Springfield,chicken,broiler_2,false,0.012
5062,357272.246528563,4.54665889148179e6,Schuylkill,Englewood Cliffs,chicken,broiler_2,false,0.01
5063,469452.051503795,4.65213178418877e6,Allegheny,Marlborough,duck,conventional,false,0.006
5064,420412.755484748,4.59417762451212e6,Lycoming,Cranbury,chicken,broiler_2,false,0.014
5065,333953.594827661,4.60864641518293e6,Venango,Wildwood,chicken,broiler_1,false,0.006
5066,406783.08053767,4.61020880013214e6,Lycoming,Lebanon,duck,organic,false,0.002
5067,483484.674191573,4.46660156866865e6,Luzerne,Curtin,chicken,broiler_1,false,0.006
5068,416629.697007805,4.72510960696266e6,Lancaster,Scotch Plains,duck,conventional,false,0.0
5069,438278.608674692,4.70620910627714e6,Lancaster,Norriton,chicken,broiler_1,false,0.004
5070,470133.498630501,4.52315267788393e6,Berks,Warwick,duck,conventional,false,0.004
5071,446956.181926543,4.56427618226856e6,Berks,Taylor,chicken,broiler_1,false,0.022
5072,474242.591354352,4.47020191318867e6,Luzerne,Roselle Park,chicken,broiler_1,false,0.006
5073,382269.915260256,4.63433270106269e6,Blair,Ho-Ho-Kus,duck,conventional,false,0.002
5074,418866.177910802,4.70724694243294e6,Lancaster,Rocky Hill,duck,organic,false,0.0
5075,468004.641315864,4.5746842110564e6,Berks,Warren,duck,conventional,false,0.01
5076,376514.041209386,4.60007177911304e6,Lycoming,Lindenwold,duck,conventional,false,0.0
5077,395501.055352774,4.50363536157654e6,Mifflin,Seaside Heights,duck,conventional,false,0.0
5078,426334.998693685,4.72520580091325e6,Lancaster,Chester,duck,conventional,false,0.0
5079,387426.862274495,4.61742735585695e6,Blair,Ventnor City,duck,conventional,false,0.002
5080,421916.161953025,4.58330603743756e6,Lycoming,Limerick,chicken,broiler_1,false,0.01
5081,416165.324883105,4.57884069601766e6,Lycoming,New York,chicken,broiler_1,false,0.004
5082,439365.831569331,4.62315664967525e6,Susquehanna,Barrington,duck,conventional,false,0.004
5083,478452.848705999,4.45907201553652e6,Luzerne,Curtin,duck,conventional,false,0.004
5084,457749.26167314,4.63903433664977e6,Susquehanna,Amwell,duck,conventional,false,0.014
5085,349200.775551232,4.55379311209702e6,Schuylkill,Cape May,chicken,broiler_2,false,0.01
5086,472273.161264321,4.72058407282858e6,Indiana,Wall,chicken,broiler_1,false,0.038
5087,388282.668835562,4.52327172883984e6,Cumberland,Manchester,duck,conventional,false,0.0
5088,335826.898702479,4.56200232314126e6,Schuylkill,Watchung,duck,conventional,false,0.002
5089,415460.852729117,4.72578902424746e6,Lancaster,Scotch Plains,duck,conventional,false,0.002
5090,390175.29422891,4.55829345059151e6,Cumberland,Florham Park,duck,conventional,false,0.0
5091,454410.560030191,4.69892966796854e6,Lancaster,Maplewood,duck,organic,false,0.006
5092,436782.139712396,4.61118761437821e6,Susquehanna,Newark,chicken,broiler_2,false,0.006
5093,365950.318168563,4.64817512068203e6,Blair,Woodbury,chicken,broiler_2,false,0.012
5094,420819.08286634,4.60332208186389e6,Susquehanna,Palmyra,duck,conventional,false,0.0
5095,340136.213240444,4.56389261851808e6,Schuylkill,State College,duck,conventional,false,0.002
5096,382283.479223341,4.58808249039256e6,Mercer,Oceanport,chicken,broiler_1,false,0.016
5097,336917.291698806,4.55074103259344e6,Schuylkill,Fanwood,duck,conventional,false,0.0
5098,363460.405075227,4.6218906694856e6,Mercer,Milltown,duck,conventional,false,0.0
5099,342444.321905749,4.62073336786046e6,Venango,Totowa,chicken,broiler_2,false,0.014
5100,309672.844560763,4.61506424736423e6,Venango,Kinnelon,duck,conventional,false,0.0
5101,348185.541357021,4.55201077671309e6,Schuylkill,Independence,duck,conventional,false,0.0
5102,436392.750919045,4.62634129431709e6,Fulton,Falls,duck,organic,false,0.0
5103,470145.570789652,4.50444038118849e6,Luzerne,Morrisville,chicken,broiler_2,false,0.048
5104,391723.114000139,4.63911722086769e6,Blair,Alloway,duck,organic,false,0.0
5105,464972.812777144,4.60336464667036e6,Susquehanna,Pennsauken,duck,conventional,false,0.004
5106,315424.116568381,4.61521775271466e6,Venango,Moreland,chicken,broiler_2,false,0.01
5107,459953.081682575,4.59215118523339e6,Susquehanna,Sea Girt,chicken,broiler_2,false,0.042
5108,427669.515937461,4.71228422833589e6,Lancaster,Brunswick,chicken,broiler_2,false,0.008
5109,335129.750396991,4.56868446375308e6,Schuylkill,State College,duck,conventional,false,0.0
5110,394245.513772032,4.57480250343212e6,Cumberland,Interlaken,chicken,broiler_2,false,0.008
5111,478406.892822881,4.66494113588369e6,Allegheny,Harris,chicken,broiler_1,false,0.036
5112,487783.945293301,4.47880609880399e6,Luzerne,Merchantville,duck,conventional,false,0.0
5113,478407.805134783,4.46010038300058e6,Luzerne,Curtin,duck,conventional,false,0.002
5114,385083.452898837,4.64432581251412e6,Blair,Haddon Heights,duck,organic,false,0.0
5115,344809.341766207,4.57013302855988e6,Schuylkill,Wanaque,duck,conventional,false,0.006
5116,488586.143040928,4.4727730345481e6,Luzerne,Merchantville,duck,organic,false,0.002
5117,484344.305984405,4.69323615881029e6,Indiana,Stockton,chicken,broiler_2,false,0.024
5118,364682.548427291,4.53882581087658e6,Cumberland,Ridgefield,chicken,broiler_1,false,0.008
5119,333554.927822591,4.61673802972476e6,Venango,Red Bank,chicken,broiler_2,false,0.002
5120,425405.517147136,4.71270664936227e6,Lancaster,Brunswick,chicken,broiler_2,false,0.004
5121,471557.554463994,4.47150777573804e6,Luzerne,Pemberton,chicken,broiler_1,false,0.002
5122,446994.702908735,4.72742371558516e6,Lancaster,Westville,chicken,broiler_1,false,0.008
5123,462388.573078026,4.46079551028461e6,Luzerne,Prospect Park,duck,organic,false,0.002
5124,340938.403263937,4.60958105683086e6,Venango,Maurice River,duck,conventional,false,0.002
5125,408362.006921692,4.6218037748515e6,Fulton,Sparta,duck,organic,false,0.004
5126,487411.597233558,4.70402718889536e6,Indiana,Beachwood,duck,conventional,false,0.002
5127,428990.972250101,4.49265137530745e6,Mifflin,Sussex,chicken,broiler_1,false,0.008
5128,384631.277567187,4.55948178837388e6,Cumberland,Magnolia,duck,conventional,false,0.0
5129,316247.771551339,4.59510285428147e6,Venango,Northvale,duck,organic,false,0.0
5130,375958.451264973,4.66709883687318e6,Blair,Audubon,duck,conventional,false,0.002
5131,476271.53220432,4.70666012919969e6,Indiana,Corbin City,duck,conventional,false,0.002
5132,383107.646975867,4.6090162138522e6,Lycoming,Swedesboro,duck,conventional,false,0.002
5133,457720.700893278,4.47652488471906e6,Luzerne,Franklin,duck,organic,false,0.0
5134,412801.599358519,4.58590790391936e6,Lycoming,Califon,chicken,broiler_2,false,0.004
5135,478789.155249198,4.67400601048905e6,Allegheny,Mountainside,chicken,broiler_2,false,0.026
5136,388226.762720313,4.62999299722147e6,Blair,Butler,chicken,broiler_2,false,0.012
5137,486431.249392415,4.71431076801213e6,Indiana,Robbinsville,duck,conventional,false,0.004
5138,468604.877699252,4.56784351984221e6,Berks,Barnegat Light,duck,conventional,false,0.012
5139,454283.695547075,4.62341882111502e6,Susquehanna,Beach Haven,chicken,broiler_2,false,0.03
5140,375225.993422192,4.66886392525051e6,Blair,Audubon,chicken,broiler_1,false,0.022
5141,500631.915291059,4.46224304964957e6,Luzerne,River,duck,organic,false,0.0
5142,389664.370059069,4.61784534334934e6,Blair,Ventnor City,chicken,broiler_2,false,0.006
5143,460038.950908018,4.56197393945872e6,Berks,Barnegat Light,chicken,broiler_1,false,0.036
5144,375929.008081153,4.61408079194845e6,Blair,Pottsgrove,duck,conventional,false,0.0
5145,460253.388174507,4.63878540298655e6,Susquehanna,Amwell,duck,conventional,false,0.008
5146,395169.50043021,4.61934713855452e6,Blair,Loch Arbour Village,duck,conventional,false,0.0
5147,392207.463140703,4.55271617620773e6,Cumberland,New Providence,chicken,broiler_2,false,0.018
5148,434712.704876928,4.59895520524287e6,Susquehanna,Fair Lawn,duck,conventional,false,0.004
5149,390977.547766364,4.57704939376224e6,Cumberland,Interlaken,duck,organic,false,0.0
5150,476701.15314141,4.69896174556186e6,Indiana,Buena Vista,chicken,broiler_2,false,0.022
5151,468702.800680691,4.6568060495362e6,Allegheny,Orange,duck,organic,false,0.006
5152,428009.441706626,4.59154895145292e6,Lycoming,Ramsey,duck,conventional,false,0.0
5153,411067.536840501,4.60149563055198e6,Lycoming,Haddonfield,duck,organic,false,0.004
5154,449923.6321541,4.71907685712736e6,Indiana,Neptune City,chicken,broiler_2,false,0.028
5155,500262.810315513,4.70769019983402e6,Indiana,Allentown,chicken,broiler_2,false,0.038
5156,470457.911029996,4.48127453777279e6,Luzerne,Haworth,chicken,broiler_2,false,0.002
5157,353715.258148976,4.61559101111314e6,Mercer,Mount Arlington,duck,conventional,false,0.002
5158,417888.426345462,4.6078089369655e6,Lycoming,Haddonfield,chicken,broiler_2,false,0.01
5159,402955.250339312,4.70175193473393e6,Lancaster,Riegelsville,duck,conventional,false,0.0
5160,420881.925878005,4.59102954110312e6,Lycoming,Island Heights,duck,organic,false,0.0
5161,321654.939749214,4.56811266960554e6,Schuylkill,Frenchtown,chicken,broiler_2,false,0.014
5162,395808.721230772,4.71267196861069e6,Lancaster,Florence,chicken,broiler_2,false,0.01
5163,370788.725214171,4.59880013003631e6,Mercer,Mannington,chicken,broiler_1,false,0.01
5164,425385.257493241,4.61296928922471e6,Susquehanna,Commercial,chicken,broiler_1,false,0.0
5165,480721.20071963,4.54572293860433e6,Berks,Port Matilda,chicken,broiler_2,false,0.044
5166,409563.340419999,4.69912027783997e6,Lancaster,Lavallette,duck,conventional,false,0.002
5167,467134.582791738,4.68782185725565e6,Indiana,Wharton,chicken,broiler_2,false,0.02
5168,394714.577421125,4.5643017223745e6,Cumberland,Lawnside,chicken,layer,false,0.01
5169,443245.702942438,4.57254161916965e6,Susquehanna,Kingwood,duck,conventional,false,0.002
5170,458665.933263991,4.60670015943773e6,Susquehanna,Montague,chicken,broiler_2,false,0.012
5171,460400.418211597,4.54792897458811e6,Berks,Rutherford,duck,conventional,false,0.01
5172,383391.909640546,4.63324472979439e6,Blair,Ho-Ho-Kus,duck,conventional,false,0.002
5173,478009.076042157,4.66068712238653e6,Allegheny,Harris,chicken,broiler_2,false,0.04
5174,475465.386366304,4.71397066692094e6,Indiana,Collingswood,chicken,broiler_2,false,0.036
5175,458906.784777188,4.62700368856205e6,Susquehanna,Cape May Point,chicken,broiler_1,false,0.028
5176,396759.715433422,4.56833611665856e6,Cumberland,Bridgeton,duck,organic,false,0.0
5177,366477.618454732,4.64790814354227e6,Blair,Woodbury,chicken,broiler_2,false,0.006
5178,404290.100753104,4.49457591455904e6,Mifflin,Chesterfield,chicken,broiler_1,false,0.0
5179,483706.18437896,4.48518045341295e6,Luzerne,Pine Hill,duck,conventional,false,0.002
5180,372387.183441346,4.53465893884362e6,Cumberland,Highlands,chicken,broiler_2,false,0.006
5181,355838.33508189,4.62628468684882e6,Mercer,Atlantic City,duck,conventional,false,0.002
5182,479564.119048426,4.47317425031348e6,Luzerne,Roselle Park,chicken,broiler_1,false,0.006
5183,473523.911112233,4.65546738990007e6,Allegheny,Marlborough,chicken,broiler_2,false,0.042
5184,473973.841508704,4.69994744738755e6,Indiana,Old Tappan,chicken,broiler_2,false,0.032
5185,428675.750220633,4.58369300125027e6,Lycoming,Berkeley Heights,duck,conventional,false,0.002
5186,309059.142296754,4.57702403765252e6,Venango,Plainsboro,duck,conventional,false,0.0
5187,317256.56215052,4.55567597843174e6,Schuylkill,Glassboro,duck,conventional,false,0.0
5188,406135.139938287,4.72021722184063e6,Lancaster,High Bridge,duck,conventional,false,0.008
5189,333761.825684682,4.56685878270349e6,Schuylkill,Audubon Park,duck,conventional,false,0.006
5190,375490.259970492,4.53395587353934e6,Cumberland,Pequannock,duck,conventional,false,0.002
5191,486439.613394703,4.48098663448143e6,Luzerne,Medford,chicken,broiler_2,false,0.01
5192,459117.256758937,4.64250482389506e6,Allegheny,Union,chicken,broiler_1,false,0.018
5193,324017.326041123,4.54427444674378e6,Schuylkill,Salem,chicken,broiler_2,false,0.01
5194,435652.422908127,4.59257024180149e6,Susquehanna,Lumberton,duck,conventional,false,0.0
5195,483531.997376284,4.51379235142253e6,Luzerne,Hardyston,duck,conventional,false,0.002
5196,466082.364226397,4.7283212898209e6,Indiana,Lawrence,chicken,broiler_2,false,0.014
5197,337302.274660926,4.56520595755006e6,Schuylkill,State College,chicken,broiler_1,false,0.008
5198,409408.086924665,4.6182744165526e6,Fulton,Sparta,duck,conventional,false,0.0
5199,480667.98527689,4.67451833006428e6,Allegheny,Mountainside,duck,conventional,false,0.008
5200,454983.446064999,4.60310127612098e6,Susquehanna,Keansburg,duck,conventional,false,0.004
5201,356391.803981578,4.58814902218299e6,Mercer,Garfield,chicken,broiler_1,false,0.012
5202,412361.77870257,4.48495922212455e6,Mifflin,River Vale,chicken,broiler_2,false,0.01
5203,451054.295767324,4.62068876059671e6,Susquehanna,Beach Haven,chicken,broiler_1,false,0.028
5204,460510.324350617,4.63099663203576e6,Susquehanna,Englewood,duck,conventional,false,0.018
5205,372059.652517158,4.52723921218606e6,Cumberland,Highlands,chicken,broiler_2,false,0.006
5206,415309.663448322,4.70558569603508e6,Lancaster,Rocky Hill,duck,organic,false,0.002
5207,470899.406443571,4.56411917500311e6,Berks,Barnegat Light,chicken,broiler_1,false,0.034
5208,339865.466509091,4.57020421365883e6,Schuylkill,State College,duck,conventional,false,0.002
5209,350475.914785107,4.55294815582325e6,Schuylkill,Cape May,chicken,broiler_2,false,0.008
5210,368789.669004455,4.57449801887043e6,Mercer,Dunellen,chicken,broiler_1,false,0.014
5211,391747.981818391,4.58513284259125e6,Lycoming,Hoboken,duck,conventional,false,0.0
5212,358401.204179138,4.60182903634248e6,Mercer,Lopatcong,duck,conventional,false,0.0
5213,468127.469117253,4.65889363599797e6,Allegheny,Orange,duck,conventional,false,0.01
5214,400687.127032595,4.61922840649808e6,Blair,Loch Arbour Village,duck,organic,false,0.0
5215,425536.977566087,4.58653217940729e6,Lycoming,Berkeley Heights,chicken,broiler_2,false,0.002
5216,343200.832585811,4.53503222816001e6,Schuylkill,Brick,chicken,broiler_2,false,0.004
5217,395141.088144753,4.67806777637567e6,Blair,Jefferson,chicken,broiler_2,false,0.01
5218,471103.907801863,4.67281862077814e6,Allegheny,Lacey,chicken,broiler_2,false,0.034
5219,307263.330571588,4.58047820813519e6,Venango,Plainsboro,duck,conventional,false,0.002
5220,464895.323709046,4.527605747554e6,Berks,Irvington,chicken,layer,false,0.018
5221,346709.578667255,4.55314707071256e6,Schuylkill,Independence,chicken,broiler_2,false,0.006
5222,450249.851749448,4.58372134564819e6,Susquehanna,Moorestown,chicken,broiler_1,false,0.016
5223,486963.507177531,4.48731829300464e6,Luzerne,Pine Hill,duck,organic,false,0.002
5224,453149.362286525,4.49604735251855e6,Luzerne,Gwynedd,duck,conventional,false,0.002
5225,433393.086194056,4.7257311105818e6,Lancaster,Shiloh,chicken,broiler_2,false,0.0
5226,450869.192955574,4.62381684936083e6,Susquehanna,Beach Haven,chicken,broiler_2,false,0.038
5227,315979.021364351,4.59422626554133e6,Venango,Northvale,duck,organic,false,0.004
5228,413542.651382964,4.60539141005243e6,Lycoming,Haddonfield,chicken,layer,false,0.008
5229,480927.895608575,4.7284845025739e6,Indiana,Wales,duck,organic,true,0.0
5230,451553.519221508,4.62277413104498e6,Susquehanna,Beach Haven,chicken,broiler_1,false,0.046
5231,467578.015407849,4.51477593895665e6,Berks,Warwick,chicken,layer,false,0.058
5232,484478.085604024,4.49244713597772e6,Luzerne,Teaneck,chicken,broiler_1,false,0.048
5233,365040.85897168,4.60717660093846e6,Mercer,Deerfield,duck,conventional,false,0.002
5234,470361.148513042,4.50955762256959e6,Luzerne,Morrisville,duck,conventional,false,0.01
5235,480100.205511187,4.52242380396942e6,Berks,Middlesex,chicken,broiler_1,false,0.036
5236,490409.17126782,4.50873116963658e6,Luzerne,Hardyston,chicken,broiler_2,false,0.022
5237,328888.696023591,4.60037519175111e6,Venango,Laurel Springs,chicken,broiler_1,false,0.01
5238,455087.574495878,4.71216688015167e6,Indiana,Greenwich,duck,organic,false,0.0
5239,355194.528027811,4.59039261973742e6,Mercer,Garfield,duck,organic,false,0.0
5240,472767.238313872,4.72557765375063e6,Indiana,Sandyston,chicken,broiler_2,false,0.026
5241,431124.218689895,4.70299689639778e6,Lancaster,Bay Head,duck,conventional,false,0.002
5242,469512.646647805,4.66879572994282e6,Allegheny,Lacey,duck,organic,false,0.018
5243,460936.394155065,4.63273255970328e6,Susquehanna,Englewood,chicken,broiler_2,false,0.036
5244,352408.144087362,4.59929350179661e6,Mercer,Harrington Park,chicken,broiler_1,false,0.012
5245,394273.461492113,4.70803298608036e6,Lancaster,Florence,duck,organic,false,0.002
5246,471986.53452168,4.49801706171922e6,Luzerne,Fredon,chicken,broiler_2,false,0.036
5247,480416.686040729,4.5450672878753e6,Berks,Port Matilda,chicken,broiler_2,false,0.026
5248,309652.474019482,4.60792234032143e6,Venango,Long Beach,duck,conventional,false,0.002
5249,443718.451287167,4.69950719683096e6,Lancaster,Park Ridge,duck,conventional,false,0.0
5250,456696.921789951,4.47603996744972e6,Luzerne,Tinton Falls,duck,organic,false,0.0
5251,399244.784581636,4.50676284033265e6,Mifflin,Caldwell,duck,conventional,false,0.004
5252,468866.017525583,4.53099494316623e6,Berks,Irvington,chicken,broiler_2,false,0.024
5253,382839.876364575,4.58877462877558e6,Mercer,Oceanport,chicken,broiler_2,false,0.004
5254,371371.225312129,4.63245896969556e6,Blair,Pompton Lakes,chicken,broiler_1,false,0.006
5255,364990.771888632,4.60850505126419e6,Mercer,Lopatcong,duck,conventional,false,0.0
5256,319162.478805432,4.6227761987041e6,Venango,Moreland,duck,conventional,false,0.0
5257,302648.798079824,4.6017196998741e6,Venango,Eastampton,chicken,broiler_2,false,0.004
5258,459672.352884536,4.6297501756918e6,Susquehanna,Dumont,duck,organic,false,0.01
5259,306593.050159418,4.57176344306913e6,Schuylkill,Linden,duck,conventional,false,0.002
5260,384480.811476554,4.53747182091872e6,Cumberland,Perkiomen,chicken,layer,false,0.012
5261,434555.191687649,4.62008839797154e6,Susquehanna,Montgomery,chicken,broiler_2,false,0.012
5262,305706.056899419,4.5920072107677e6,Venango,Woodland Park,duck,conventional,false,0.004
5263,376783.569936592,4.54651348193148e6,Cumberland,Bergenfield,chicken,broiler_2,false,0.004
5264,400598.697112253,4.6009083990812e6,Lycoming,Woolwich,duck,conventional,false,0.004
5265,448978.545502297,4.47480727600001e6,Luzerne,Woodstown,duck,conventional,false,0.0
5266,380001.315756415,4.53293084946543e6,Cumberland,Perkiomen,chicken,broiler_2,false,0.01
5267,439425.387429819,4.57662113926023e6,Susquehanna,Galloway,duck,organic,false,0.006
5268,493015.331902765,4.69759709962041e6,Indiana,Glen Gardner,chicken,layer,false,0.018
5269,404600.053502231,4.70191313334037e6,Lancaster,Riegelsville,duck,conventional,false,0.002
5270,435896.880239505,4.72764711735483e6,Lancaster,Shiloh,duck,conventional,false,0.0
5271,478932.533850838,4.46815795985703e6,Luzerne,Roselle Park,duck,conventional,false,0.002
5272,378107.311866718,4.63718351854051e6,Blair,Stillwater,chicken,layer,false,0.014
5273,487511.605170867,4.48674202984523e6,Luzerne,Pine Hill,duck,conventional,false,0.0
5274,379729.246365678,4.56552629093688e6,Cumberland,Jenkintown,chicken,broiler_2,false,0.01
5275,378676.118252691,4.66649864914752e6,Blair,Audubon,chicken,broiler_2,false,0.006
5276,307606.916253827,4.60310103924869e6,Venango,Ambler,duck,conventional,false,0.0
5277,412411.606870324,4.70169479481947e6,Lancaster,Mount Ephraim,duck,conventional,false,0.002
5278,389292.994122567,4.57135921715978e6,Cumberland,Interlaken,duck,conventional,false,0.0
5279,455293.529164611,4.60973846264134e6,Susquehanna,Keansburg,duck,organic,false,0.006
5280,465257.915943057,4.63755588150115e6,Allegheny,Brigantine,chicken,broiler_2,false,0.02
5281,478207.831379809,4.70840869848297e6,Indiana,Corbin City,duck,conventional,false,0.008
5282,382466.051294257,4.61330314757077e6,Blair,Ventnor City,duck,organic,false,0.0
5283,373122.293985576,4.62868852114174e6,Blair,Pompton Lakes,duck,conventional,false,0.0
5284,336342.6260858,4.53693596940216e6,Schuylkill,Potter,chicken,broiler_2,false,0.006
5285,495877.794392924,4.72235882703441e6,Indiana,Clayton,chicken,broiler_2,false,0.034
5286,455085.865100817,4.46433826974749e6,Luzerne,Cedar Grove,chicken,broiler_2,false,0.004
5287,461499.222501632,4.56205196237763e6,Berks,Barnegat Light,chicken,broiler_1,false,0.028
5288,394564.810509175,4.63366698413551e6,Blair,Tabernacle,duck,conventional,false,0.002
5289,390191.014624802,4.50159608368465e6,Mifflin,Elsinboro,duck,conventional,false,0.002
5290,456296.148293093,4.46006545045454e6,Luzerne,Lakehurst,duck,conventional,false,0.002
5291,412464.902563625,4.71551132059228e6,Lancaster,Bloomingdale,duck,organic,false,0.002
5292,482426.221707134,4.70670143715677e6,Indiana,Corbin City,chicken,broiler_2,false,0.024
5293,468407.328303325,4.58250159593384e6,Berks,Merion,chicken,broiler_2,false,0.032
5294,364720.519986297,4.57763880629728e6,Mercer,Ogdensburg,chicken,broiler_2,false,0.006
5295,489908.640484886,4.72284151465012e6,Indiana,Clayton,chicken,broiler_1,false,0.048
5296,331843.585803397,4.55889993007285e6,Schuylkill,Watchung,duck,conventional,false,0.004
5297,476506.165931803,4.72641485539834e6,Indiana,Sandyston,duck,conventional,false,0.008
5298,491781.060854253,4.67430636416529e6,Allegheny,Colts Neck,chicken,broiler_2,false,0.028
5299,371147.486052877,4.61183271651815e6,Mercer,Monmouth Beach,chicken,broiler_1,false,0.006
5300,424874.93083012,4.69926416853292e6,Lancaster,Mount Ephraim,duck,conventional,false,0.0
5301,447022.326246683,4.6014760003697e6,Susquehanna,Egg Harbor,duck,conventional,false,0.008
5302,334684.466150494,4.55142496226941e6,Schuylkill,Fanwood,duck,conventional,false,0.004
5303,320288.403184047,4.60985321488566e6,Venango,Montville,chicken,broiler_2,false,0.006
5304,478991.332436392,4.49642549025233e6,Luzerne,Pine Hill,chicken,broiler_2,false,0.034
5305,388315.275392806,4.56476112188014e6,Cumberland,Frederick,duck,conventional,false,0.0
5306,361567.671538573,4.63239806099477e6,Blair,Somerville,duck,conventional,false,0.006
5307,327136.417659611,4.61485798221293e6,Venango,Ridgewood Village,duck,conventional,false,0.0
5308,358896.478853511,4.5611657073343e6,Schuylkill,Summit,duck,conventional,false,0.006
5309,399321.081984949,4.62292175000969e6,Blair,Loch Arbour Village,duck,conventional,false,0.0
5310,476807.587026653,4.70119112888935e6,Indiana,Corbin City,chicken,broiler_2,false,0.02
5311,370644.201829644,4.64514428591405e6,Blair,Woodbury,chicken,broiler_2,false,0.008
5312,392201.001575102,4.69782060378893e6,Lancaster,Riegelsville,duck,conventional,false,0.0
5313,462946.75666625,4.60394113621498e6,Susquehanna,Pennsauken,duck,conventional,false,0.008
5314,463207.210340494,4.70555266055828e6,Indiana,Voorhees,duck,conventional,false,0.008
5315,370966.880311088,4.53934971587737e6,Cumberland,Hackensack,chicken,broiler_2,false,0.004
5316,374082.226480116,4.63397642894399e6,Blair,Ho-Ho-Kus,duck,organic,false,0.002
5317,451714.115384647,4.59770887117639e6,Susquehanna,Parsippany-Troy Hills,duck,conventional,false,0.006
5318,405634.292583066,4.62058545290123e6,Blair,Woodbine,chicken,broiler_2,false,0.006
5319,338928.28543075,4.60064203940293e6,Venango,Tewksbury,duck,organic,false,0.006
5320,468515.356231824,4.71465054789732e6,Indiana,Morristown,duck,conventional,false,0.004
5321,374284.799208584,4.62658857701674e6,Blair,Pompton Lakes,duck,conventional,false,0.006
5322,477423.697407175,4.70708423498243e6,Indiana,Corbin City,duck,conventional,false,0.01
5323,435536.166453955,4.70991254373998e6,Lancaster,Pitman,duck,conventional,false,0.002
5324,373826.386178028,4.59407873107141e6,Mercer,White,duck,conventional,false,0.002
5325,466612.889041618,4.60620969430194e6,Susquehanna,Pennsauken,chicken,broiler_2,false,0.028
5326,468295.386465341,4.46021306887064e6,Luzerne,Norristown,duck,conventional,false,0.002
5327,351476.922530406,4.56611258263057e6,Schuylkill,Wanaque,duck,conventional,false,0.002
5328,339113.342316169,4.58089883150862e6,Mercer,Chalfont,duck,conventional,false,0.002
5329,404549.240382619,4.70602615167234e6,Lancaster,Skippack,duck,organic,false,0.002
5330,464713.54605404,4.64034200133687e6,Allegheny,Brigantine,duck,conventional,false,0.006
5331,384481.339693919,4.64356999119018e6,Blair,Haddon Heights,duck,conventional,false,0.0
5332,450193.642506322,4.58838808210293e6,Susquehanna,Flemington,chicken,broiler_2,false,0.034
5333,306224.202356411,4.57579546775193e6,Venango,Weymouth,chicken,broiler_2,false,0.014
5334,415558.95769479,4.70622817969357e6,Lancaster,Rocky Hill,duck,conventional,false,0.002
5335,391763.458721996,4.56784631093557e6,Cumberland,Bridgeton,chicken,broiler_1,false,0.008
5336,383347.562881835,4.5442280990192e6,Cumberland,Somerdale,duck,conventional,false,0.004
5337,337536.199235888,4.59985873743355e6,Venango,Tewksbury,chicken,layer,false,0.006
5338,398824.404899505,4.63316977137005e6,Blair,Tabernacle,duck,conventional,false,0.0
5339,457079.531389869,4.6414533633183e6,Allegheny,Union,duck,organic,false,0.01
5340,375913.069984579,4.56736870967207e6,Cumberland,Jenkintown,chicken,broiler_2,false,0.006
5341,397369.017183278,4.63096444019769e6,Blair,Woodbine,duck,conventional,false,0.0
5342,478060.639518222,4.46950560165546e6,Luzerne,Roselle Park,chicken,broiler_1,false,0.01
5343,418825.545319841,4.59306178006382e6,Lycoming,Maple Shade,duck,conventional,false,0.002
5344,454454.659169592,4.49147981395451e6,Luzerne,Paulsboro,chicken,broiler_2,false,0.016
5345,342876.232379367,4.61642754535885e6,Venango,Totowa,chicken,broiler_2,false,0.016
5346,437427.594109482,4.58596265189549e6,Susquehanna,Lumberton,chicken,broiler_2,false,0.024
5347,358412.158352896,4.59670471782094e6,Mercer,Middle,chicken,broiler_2,false,0.006
5348,404627.032146696,4.58173531646652e6,Lycoming,Cheltenham,duck,conventional,false,0.0
5349,449310.144569025,4.72606061186132e6,Indiana,Millburn,chicken,broiler_1,false,0.04
5350,369797.317046799,4.59151954003316e6,Mercer,White,chicken,layer,false,0.002
5351,455810.618918709,4.71839993796258e6,Indiana,Greenwich,duck,conventional,false,0.002
5352,483087.865303535,4.49801802738555e6,Luzerne,Teaneck,chicken,broiler_2,false,0.022
5353,374432.288231378,4.66117635390699e6,Blair,Audubon,chicken,broiler_1,false,0.008
5354,375947.196025146,4.53250193246146e6,Cumberland,Pequannock,chicken,broiler_1,false,0.004
5355,366134.25185196,4.64127750247147e6,Blair,Woodbury,duck,conventional,false,0.0
5356,462378.931597649,4.48971141488436e6,Luzerne,New Milford,duck,organic,false,0.004
5357,323577.267655633,4.57285786003307e6,Schuylkill,Victory Gardens,duck,conventional,false,0.0
5358,377341.063492431,4.64508412432732e6,Blair,Stillwater,duck,conventional,false,0.0
5359,352316.128547371,4.55310753411452e6,Schuylkill,Cape May,chicken,broiler_2,false,0.006
5360,357483.214648628,4.60767905879872e6,Mercer,Lopatcong,chicken,broiler_1,false,0.006
5361,378282.225207935,4.55495856266851e6,Cumberland,Magnolia,duck,organic,false,0.0
5362,438725.919349653,4.58777701947591e6,Susquehanna,Lumberton,chicken,broiler_1,false,0.024
5363,441030.809647285,4.70541196963674e6,Lancaster,Norriton,duck,organic,false,0.0
5364,341054.700626818,4.55562538743496e6,Schuylkill,Independence,duck,conventional,false,0.0
5365,482569.721101164,4.70835755416677e6,Indiana,Robbinsville,duck,conventional,false,0.004
5366,398439.855957071,4.71323617345967e6,Lancaster,Plumsted,chicken,broiler_2,false,0.014
5367,450787.072337557,4.46549809073934e6,Luzerne,Cedar Grove,chicken,broiler_2,false,0.008
5368,465864.748813042,4.47088777767592e6,Luzerne,Union City,chicken,broiler_2,false,0.018
5369,454940.70474575,4.59781861382078e6,Susquehanna,Parsippany-Troy Hills,chicken,broiler_1,false,0.02
5370,474365.700725534,4.70158657678871e6,Indiana,Corbin City,chicken,broiler_1,true,0.0
5371,464389.465303436,4.56788489533117e6,Berks,Warren,duck,conventional,false,0.002
5372,460025.92244857,4.46135811578135e6,Luzerne,Lakehurst,chicken,broiler_2,false,0.01
5373,459719.415392383,4.71371808180326e6,Indiana,Morristown,chicken,broiler_2,false,0.018
5374,371436.335631312,4.58775948347718e6,Mercer,White,chicken,broiler_2,false,0.02
5375,339131.286820064,4.55357228144566e6,Schuylkill,Fanwood,duck,conventional,false,0.002
5376,460781.012684953,4.49036928266451e6,Luzerne,New Milford,chicken,broiler_2,false,0.006
5377,342501.465237529,4.55989326415791e6,Schuylkill,Dover,chicken,broiler_2,false,0.004
5378,468817.814667397,4.47523528069601e6,Luzerne,Morris,chicken,broiler_2,false,0.008
5379,430976.790300531,4.61207697560102e6,Susquehanna,Commercial,chicken,broiler_2,false,0.004
5380,458908.509468532,4.71615773266842e6,Indiana,Greenwich,duck,conventional,false,0.006
5381,486841.549357219,4.65675758781574e6,Allegheny,Fair Haven,duck,conventional,false,0.004
5382,420144.450488385,4.70250088316414e6,Lancaster,Mount Ephraim,duck,conventional,false,0.002
5383,331651.988593312,4.54869896231889e6,Schuylkill,Kenilworth,chicken,broiler_2,false,0.01
5384,373302.444805407,4.53743533851894e6,Cumberland,Hackensack,duck,conventional,false,0.006
5385,421817.570523851,4.59057745922479e6,Lycoming,Island Heights,chicken,broiler_2,false,0.008
5386,469337.828047017,4.66593945896505e6,Allegheny,Manville,duck,conventional,false,0.004
5387,350562.162234237,4.59805865562324e6,Mercer,Harrington Park,chicken,broiler_2,false,0.004
5388,399550.913096965,4.50084246450072e6,Mifflin,Green Brook,chicken,broiler_2,false,0.018
5389,320038.218251368,4.58322656994084e6,Venango,Deptford,chicken,broiler_2,false,0.014
5390,358826.048932294,4.59579465227249e6,Mercer,Middle,chicken,broiler_2,false,0.008
5391,374449.44509858,4.53004390942842e6,Cumberland,Pequannock,duck,conventional,false,0.002
5392,305091.599804015,4.59880737481559e6,Venango,Cinnaminson,chicken,broiler_1,false,0.008
5393,479370.26888858,4.48562774490588e6,Luzerne,Haworth,chicken,broiler_2,false,0.01
5394,376449.161139268,4.57006820963637e6,Cumberland,Philipsburg,duck,conventional,false,0.002
5395,368428.603253929,4.60324389447599e6,Mercer,Lopatcong,chicken,broiler_2,false,0.01
5396,357339.38046536,4.56494999805229e6,Schuylkill,Allendale,chicken,broiler_1,false,0.012
5397,324029.552347374,4.59031380172707e6,Venango,Port Republic,chicken,broiler_2,false,0.002
5398,311943.79668851,4.58524551388056e6,Venango,Plainsboro,chicken,broiler_2,false,0.006
5399,486944.775907464,4.46811920589993e6,Luzerne,Dennis,duck,conventional,false,0.0
5400,415514.614633469,4.69723021082719e6,Lancaster,Alpine,chicken,broiler_1,false,0.006
5401,450538.438504122,4.73346822012608e6,Indiana,Ewing,duck,conventional,false,0.004
5402,322774.927054105,4.54081413690606e6,Schuylkill,Salem,chicken,broiler_2,false,0.008
5403,404495.586654781,4.57064920483277e6,Cumberland,Estell Manor,chicken,broiler_2,false,0.012
5404,304743.425230404,4.5774118141244e6,Venango,Weymouth,duck,conventional,false,0.004
5405,449552.256450458,4.60027088531975e6,Susquehanna,Egg Harbor,chicken,broiler_1,false,0.016
5406,466551.32460079,4.70967303187156e6,Indiana,Boonton,chicken,broiler_2,false,0.018
5407,313800.965959098,4.58651536458607e6,Venango,Port Republic,chicken,broiler_1,false,0.01
5408,313203.859509838,4.61780598459668e6,Venango,Kinnelon,duck,conventional,false,0.0
5409,473847.153163196,4.66535856962604e6,Allegheny,Ridgefield Park Village,chicken,broiler_2,false,0.044
5410,413504.138272763,4.60555835971447e6,Lycoming,Haddonfield,chicken,layer,false,0.012
5411,371168.292112373,4.65783801041459e6,Blair,Bradley Beach,duck,conventional,false,0.002
5412,457634.608792618,4.49846804056973e6,Luzerne,Gwynedd,chicken,broiler_1,false,0.008
5413,457975.544914004,4.49089731471506e6,Luzerne,New Milford,duck,conventional,false,0.002
5414,444614.618082109,4.69685657311357e6,Lancaster,Park Ridge,chicken,layer,false,0.004
5415,445030.211414927,4.7140626749536e6,Indiana,Woodcliff Lake,duck,conventional,false,0.004
5416,497235.594870141,4.71484106764309e6,Indiana,Berkeley,duck,conventional,false,0.008
5417,450920.128178336,4.62629866694194e6,Susquehanna,Beach Haven,duck,conventional,false,0.02
5418,472859.749833618,4.68559128323437e6,Indiana,Bryn Athyn,chicken,broiler_2,true,0.0
5419,385715.825251178,4.62281070190015e6,Blair,Butler,chicken,broiler_1,false,0.004
5420,493152.719776903,4.69678191541367e6,Indiana,Glen Gardner,chicken,broiler_2,false,0.018
5421,347323.149042721,4.581344498195e6,Mercer,Metuchen,duck,organic,false,0.004
5422,463445.8233916,4.49098598710778e6,Luzerne,New Milford,duck,conventional,false,0.004
5423,478486.991708776,4.67187029758191e6,Allegheny,Lacey,chicken,broiler_2,false,0.022
5424,368071.046217322,4.61236271986657e6,Mercer,Deerfield,chicken,broiler_2,false,0.008
5425,386434.160366194,4.54878277208068e6,Cumberland,Somerdale,duck,conventional,false,0.002
5426,374828.817771257,4.56729365003156e6,Cumberland,Jenkintown,chicken,broiler_2,false,0.004
5427,384238.902004702,4.53304689817948e6,Cumberland,Shrewsbury,duck,conventional,false,0.006
5428,482686.756878525,4.71635895410617e6,Indiana,Robbinsville,duck,conventional,false,0.006
5429,422581.49086352,4.58141287432999e6,Lycoming,Limerick,duck,conventional,false,0.002
5430,456403.584151267,4.61575038441996e6,Susquehanna,Wrightstown,duck,conventional,false,0.002
5431,360396.990478742,4.54096780306906e6,Cumberland,Ferguson,chicken,broiler_2,false,0.018
5432,370292.593115271,4.65460500054142e6,Blair,Bradley Beach,chicken,broiler_2,false,0.014
5433,319142.097770107,4.60458325032878e6,Venango,Montville,chicken,broiler_2,false,0.006
5434,494867.853788894,4.48765315986348e6,Luzerne,Medford,chicken,broiler_2,false,0.008
5435,452575.263274819,4.46100750552176e6,Luzerne,Lakehurst,duck,conventional,false,0.0
5436,473523.209451606,4.66340514496382e6,Allegheny,Orange,chicken,broiler_1,false,0.04
5437,471405.133581142,4.60103964428939e6,Susquehanna,Northfield,duck,organic,false,0.006
5438,494900.568974087,4.48516606461696e6,Luzerne,Medford,duck,conventional,false,0.004
5439,397241.109367138,4.60021628681725e6,Lycoming,Woolwich,chicken,broiler_2,false,0.008
5440,436918.440464664,4.69400023466194e6,Lancaster,Union Beach,duck,conventional,false,0.002
5441,398379.632105269,4.60632725532856e6,Lycoming,Monroe,chicken,layer,false,0.006
5442,451051.704350401,4.59033524088997e6,Susquehanna,Flemington,chicken,broiler_2,false,0.024
5443,398830.308741142,4.61856374008607e6,Blair,Loch Arbour Village,chicken,broiler_2,false,0.008
5444,370683.856859935,4.62961791498537e6,Blair,Pompton Lakes,duck,conventional,false,0.0
5445,359543.0252903,4.54118361433801e6,Cumberland,Ferguson,chicken,broiler_1,false,0.012
5446,467248.098698912,4.544633270123e6,Berks,Port Matilda,chicken,layer,false,0.026
5447,470797.51808909,4.53656238693299e6,Berks,Irvington,duck,organic,false,0.018
5448,488150.394384245,4.48173649957593e6,Luzerne,Medford,duck,conventional,false,0.0
5449,456205.277609198,4.56594064897748e6,Berks,Stow Creek,chicken,broiler_2,true,0.0
5450,494523.343829273,4.49012808742926e6,Luzerne,Medford,duck,conventional,false,0.004
5451,467187.89212376,4.53862759546513e6,Berks,Irvington,chicken,broiler_2,false,0.034
5452,382854.928737311,4.51151778404177e6,Mifflin,Piscataway,duck,conventional,false,0.0
5453,470606.872195337,4.46454862585383e6,Luzerne,Prospect Park,chicken,broiler_2,false,0.008
5454,474660.31110585,4.64768361882764e6,Allegheny,Spring Lake Heights,chicken,broiler_2,false,0.022
5455,470779.662055317,4.65393174927065e6,Allegheny,Marlborough,chicken,broiler_2,false,0.022
5456,381119.995885554,4.54855672062681e6,Cumberland,Somerdale,duck,conventional,false,0.004
5457,484002.773490774,4.65882082982549e6,Allegheny,Harris,duck,conventional,false,0.012
5458,371062.478837757,4.52532160122299e6,Cumberland,Highlands,duck,conventional,false,0.002
5459,380178.507466646,4.54352429762271e6,Cumberland,Hackensack,chicken,broiler_1,false,0.008
5460,471864.36705561,4.68047840559933e6,Allegheny,Passaic,duck,conventional,false,0.006
5461,468604.782775245,4.56432421586189e6,Berks,Barnegat Light,duck,conventional,false,0.002
5462,350361.610625807,4.58992234165619e6,Mercer,Benner,duck,conventional,false,0.002
5463,485459.396061298,4.50894037798699e6,Luzerne,Hardyston,duck,conventional,false,0.006
5464,365287.839336254,4.63570384068748e6,Blair,Somerville,duck,conventional,false,0.004
5465,454787.120294055,4.59931164551091e6,Susquehanna,Parsippany-Troy Hills,duck,organic,false,0.008
5466,419397.733470959,4.48910918050534e6,Mifflin,Cherry Hill,duck,organic,false,0.002
5467,422178.698610473,4.48922458923604e6,Mifflin,Cherry Hill,duck,organic,false,0.002
5468,309390.099274051,4.59998730863624e6,Venango,Eatontown,chicken,broiler_2,false,0.006
5469,347882.487141497,4.62383950963384e6,Mercer,Atlantic City,chicken,broiler_1,false,0.004
5470,419901.019395995,4.60838386289495e6,Susquehanna,Commercial,duck,conventional,false,0.0
5471,495413.344185071,4.46163368526493e6,Luzerne,Riverdale,duck,conventional,false,0.008
5472,472378.598912987,4.67904122956149e6,Indiana,Ship Bottom,duck,conventional,false,0.004
5473,444690.826310492,4.58047908870053e6,Susquehanna,Moorestown,duck,conventional,false,0.004
5474,458996.233151744,4.59639946262553e6,Susquehanna,Parsippany-Troy Hills,duck,conventional,false,0.006
5475,464578.433769717,4.55563429483197e6,Berks,Port Matilda,chicken,broiler_1,false,0.032
5476,361918.563089455,4.60518356207968e6,Mercer,Lopatcong,chicken,broiler_2,false,0.008
5477,459638.839754507,4.72869983175093e6,Indiana,Palisades Park,duck,conventional,false,0.002
5478,473416.346104522,4.66596193198269e6,Allegheny,Ridgefield Park Village,chicken,broiler_1,false,0.03
5479,398064.07323438,4.68777100328995e6,Lancaster,Kearny,duck,conventional,false,0.002
5480,455254.936960453,4.457286865911e6,Luzerne,Lakehurst,chicken,broiler_1,false,0.01
5481,400601.002541843,4.62790755954902e6,Blair,Woodbine,duck,conventional,false,0.006
5482,458137.354512265,4.72959882354674e6,Indiana,Milford,chicken,broiler_2,false,0.034
5483,396316.54199105,4.58417800005853e6,Lycoming,Hoboken,duck,conventional,false,0.002
5484,484257.618867762,4.47550088507888e6,Luzerne,Merchantville,duck,organic,false,0.0
5485,383474.954306322,4.62904211204358e6,Blair,Ho-Ho-Kus,duck,conventional,false,0.0
5486,391703.935579312,4.70083099931221e6,Lancaster,Florence,chicken,layer,false,0.008
5487,333464.303486035,4.57348968883936e6,Schuylkill,Audubon Park,duck,conventional,false,0.0
5488,473748.357996874,4.56509787534819e6,Berks,Barnegat Light,chicken,layer,false,0.034
5489,443764.430324867,4.71618429153059e6,Lancaster,Matawan,duck,organic,false,0.006
5490,459579.457176287,4.48766936448532e6,Luzerne,New Milford,duck,organic,false,0.0
5491,422818.343820376,4.69837221838329e6,Lancaster,Raritan,chicken,broiler_2,false,0.012
5492,468841.738262005,4.51690181786663e6,Berks,Warwick,chicken,broiler_1,false,0.03
5493,367952.848420501,4.6253671492069e6,Blair,Pompton Lakes,chicken,broiler_1,false,0.01
5494,396847.229878573,4.70705440944145e6,Lancaster,Florence,duck,conventional,false,0.0
5495,343128.411229935,4.56160762623253e6,Schuylkill,Dover,chicken,broiler_2,false,0.006
5496,349484.234187251,4.5674451822752e6,Schuylkill,Wanaque,chicken,broiler_1,false,0.008
5497,385929.763504727,4.6607633931005e6,Blair,Bloomsbury,duck,conventional,false,0.0
5498,358922.176695937,4.59389134744927e6,Mercer,Walker,duck,conventional,false,0.0
5499,387329.253739928,4.60456900900836e6,Lycoming,Swedesboro,duck,conventional,false,0.006
5500,363754.509594307,4.54924643620725e6,Cumberland,Ferguson,chicken,broiler_1,false,0.006
5501,298744.804532756,4.59889491596558e6,Venango,Woodland Park,duck,conventional,false,0.002
5502,424334.91152345,4.59411835580929e6,Lycoming,Island Heights,duck,conventional,false,0.002
5503,436900.730796494,4.71526022420757e6,Lancaster,Pitman,duck,conventional,false,0.002
5504,464092.905741992,4.70357199560352e6,Indiana,Voorhees,chicken,broiler_1,false,0.034
5505,458798.292672729,4.61671743703443e6,Susquehanna,Wrightstown,duck,conventional,false,0.008
5506,315438.493398389,4.613124990369e6,Venango,Long Beach,duck,conventional,false,0.004
5507,319859.297916408,4.55792006936898e6,Schuylkill,Glassboro,duck,conventional,false,0.004
5508,476839.844706506,4.54514782445909e6,Berks,Port Matilda,chicken,broiler_1,false,0.052
5509,435020.184963853,4.61528285381661e6,Susquehanna,Montgomery,chicken,broiler_2,false,0.002
5510,487212.804930455,4.69149959999324e6,Indiana,Stockton,chicken,broiler_2,false,0.022
5511,482326.148912194,4.73133055614376e6,Indiana,Wales,chicken,broiler_2,false,0.016
5512,440768.766930301,4.72546291789528e6,Lancaster,Westville,chicken,broiler_2,false,0.012
5513,326777.782086005,4.6013073704518e6,Venango,Montville,chicken,broiler_2,false,0.018
5514,332871.71445876,4.61603552725265e6,Venango,Wildwood,duck,conventional,false,0.002
5515,387706.966442194,4.55021233893459e6,Cumberland,Somerdale,duck,organic,false,0.006
5516,379461.105945584,4.55174571949895e6,Cumberland,Bergenfield,chicken,broiler_1,false,0.004
5517,372648.993454735,4.61636151369033e6,Mercer,Monmouth Beach,chicken,broiler_2,false,0.008
5518,448253.623098083,4.48343660327888e6,Luzerne,Paulsboro,duck,conventional,false,0.0
5519,348558.127001957,4.57890077408964e6,Mercer,Metuchen,chicken,broiler_1,false,0.022
5520,485197.337849316,4.69162238989655e6,Indiana,Buena Vista,duck,organic,false,0.006
5521,382674.759994725,4.60042829117802e6,Lycoming,Delran,duck,organic,false,0.002
5522,458463.939791497,4.72443699127926e6,Indiana,Palisades Park,duck,conventional,false,0.008
5523,390368.925915569,4.64872783873544e6,Blair,Riverside,duck,conventional,false,0.002
5524,416190.180130027,4.69797648689172e6,Lancaster,Alpine,chicken,broiler_1,false,0.004
5525,372382.065884683,4.6088614416856e6,Mercer,Monmouth Beach,duck,conventional,false,0.002
5526,412761.752580975,4.57530752107541e6,Lycoming,New York,chicken,layer,false,0.0
5527,403226.528437828,4.57786782544338e6,Lycoming,Marlboro,chicken,broiler_2,false,0.008
5528,474201.966875283,4.66898819084013e6,Allegheny,Lacey,duck,conventional,false,0.006
5529,348095.53323403,4.60158443716064e6,Mercer,Weehawken,duck,conventional,false,0.004
5530,487958.084114692,4.6912450427762e6,Indiana,Stockton,chicken,broiler_2,false,0.018
5531,413568.471238621,4.71265928275258e6,Lancaster,Bloomingdale,chicken,broiler_2,false,0.008
5532,484274.769151681,4.53457931316786e6,Berks,Irvington,chicken,broiler_1,false,0.04
5533,378151.835763208,4.61496266832609e6,Blair,Pottsgrove,chicken,broiler_2,false,0.01
5534,325632.672716122,4.60202032607906e6,Venango,Montville,duck,conventional,false,0.004
5535,327998.470440766,4.58016931385587e6,Venango,Deptford,chicken,layer,false,0.006
5536,461321.309551629,4.56454550872913e6,Berks,Stow Creek,chicken,broiler_2,false,0.024
5537,459708.456853826,4.48224062970131e6,Luzerne,Fieldsboro,duck,conventional,false,0.0
5538,425687.370462111,4.58453545307136e6,Lycoming,Berkeley Heights,duck,conventional,false,0.008
5539,455569.451425157,4.70093584066848e6,Lancaster,Maplewood,chicken,broiler_1,false,0.036
5540,323476.513203296,4.55095185961631e6,Schuylkill,Oaklyn,chicken,broiler_2,false,0.008
5541,375966.661204327,4.66016951940893e6,Blair,Audubon,duck,organic,false,0.0
5542,446724.471184136,4.57806783154424e6,Susquehanna,Moorestown,chicken,broiler_1,false,0.026
5543,422604.976568309,4.59079773802039e6,Lycoming,Island Heights,chicken,broiler_2,false,0.012
5544,447609.490159143,4.73370883361591e6,Lancaster,Westville,chicken,broiler_2,false,0.01
5545,481224.28299437,4.46739552562908e6,Luzerne,Roselle Park,chicken,broiler_2,false,0.006
5546,480283.378753759,4.50812062929304e6,Luzerne,Teaneck,duck,organic,true,0.0
5547,477328.809652822,4.51168743163065e6,Luzerne,Hardyston,chicken,layer,false,0.02
5548,394329.192759611,4.69759641982443e6,Lancaster,Riegelsville,chicken,broiler_2,false,0.008
5549,374389.803464971,4.52378878878539e6,Cumberland,Bergen,duck,conventional,false,0.002
5550,376163.616424111,4.57391173921394e6,Cumberland,Philipsburg,duck,organic,false,0.0
5551,475684.215484689,4.67224187962588e6,Allegheny,Lacey,chicken,broiler_2,false,0.036
5552,447968.235057112,4.6020365574533e6,Susquehanna,Egg Harbor,duck,organic,false,0.006
5553,417559.2470644,4.57743069202744e6,Lycoming,New York,duck,conventional,false,0.002
5554,391128.183658496,4.5814602323914e6,Cumberland,Essex Fells,chicken,broiler_2,false,0.008
5555,376620.048449933,4.63185292960725e6,Blair,Ho-Ho-Kus,duck,conventional,false,0.008
5556,321468.314402634,4.55484535175586e6,Schuylkill,Glassboro,chicken,broiler_2,false,0.008
5557,489479.481552173,4.46354519950287e6,Luzerne,Andover,chicken,broiler_2,false,0.008
5558,443242.207773387,4.58714437786099e6,Susquehanna,Lumberton,duck,conventional,false,0.008
5559,394826.972375843,4.61877740139427e6,Blair,Hopatcong,duck,conventional,false,0.002
5560,417495.218165507,4.48093949822198e6,Mifflin,River Vale,chicken,broiler_2,false,0.022
5561,478167.1709667,4.72194151228098e6,Indiana,Wales,duck,organic,false,0.006
5562,448288.041162819,4.60841513059372e6,Susquehanna,Langhorne,duck,conventional,false,0.002
5563,348528.059664882,4.59371967777811e6,Mercer,Benner,chicken,layer,false,0.008
5564,465761.796004268,4.49154832939373e6,Luzerne,Fredon,chicken,broiler_2,false,0.008
5565,450080.209999664,4.57901319400481e6,Susquehanna,Moorestown,chicken,broiler_1,false,0.026
5566,436097.850637035,4.61169185585565e6,Susquehanna,Newark,duck,conventional,false,0.0
5567,356616.850620068,4.58173101694836e6,Mercer,Atlantic Highlands,duck,conventional,false,0.006
5568,459949.226859272,4.5653297263908e6,Berks,Stow Creek,duck,conventional,false,0.0
5569,358959.509822767,4.55935087457575e6,Schuylkill,Summit,chicken,broiler_2,false,0.01
5570,438143.077310947,4.70506851302615e6,Lancaster,Norriton,duck,conventional,false,0.0
5571,334983.518582235,4.53226453078643e6,Schuylkill,Hamburg,duck,conventional,false,0.004
5572,448430.568450912,4.6084564730662e6,Susquehanna,Langhorne,duck,conventional,false,0.004
5573,450867.524631474,4.48722447280381e6,Luzerne,Paulsboro,duck,conventional,false,0.0
5574,411022.985465099,4.70537472940476e6,Lancaster,Skippack,duck,conventional,false,0.004
5575,326226.47477804,4.56048751420017e6,Schuylkill,Frenchtown,duck,conventional,false,0.002
5576,409380.892869524,4.58934504979622e6,Lycoming,Montclair,chicken,broiler_2,false,0.006
5577,448400.835355539,4.60576407467209e6,Susquehanna,Keansburg,chicken,broiler_2,false,0.02
5578,395139.077199123,4.7021832123752e6,Lancaster,Florence,duck,conventional,false,0.002
5579,460802.58224394,4.49656301907559e6,Luzerne,New Milford,duck,conventional,false,0.0
5580,437492.213737308,4.58262345598647e6,Susquehanna,Lumberton,duck,conventional,false,0.006
5581,373951.86004487,4.63188887589372e6,Blair,Ho-Ho-Kus,duck,conventional,false,0.002
5582,345644.025557333,4.57597893258352e6,Mercer,Metuchen,chicken,broiler_2,false,0.016
5583,379090.561168516,4.61677986758937e6,Blair,Pottsgrove,duck,conventional,false,0.0
5584,467236.790279372,4.5507154343883e6,Berks,Port Matilda,chicken,broiler_2,false,0.038
5585,418967.000776811,4.57583576832479e6,Lycoming,New York,chicken,broiler_2,false,0.002
5586,477878.48333247,4.65971349432543e6,Allegheny,Harris,chicken,broiler_2,false,0.046
5587,360965.098468556,4.54685810217586e6,Schuylkill,Hillsborough,chicken,broiler_2,false,0.012
5588,480789.193245915,4.4974735740208e6,Luzerne,Pine Hill,duck,conventional,false,0.002
5589,502199.980027729,4.71592768063831e6,Indiana,Stafford,duck,conventional,false,0.008
5590,435190.449619924,4.7188956829985e6,Lancaster,Chester,chicken,broiler_1,false,0.006
5591,495010.174510164,4.71731229423137e6,Indiana,Berkeley,chicken,broiler_2,false,0.044
5592,456892.998271634,4.50109435518291e6,Luzerne,Gwynedd,duck,organic,false,0.002
5593,436799.374712594,4.7015851162572e6,Lancaster,Norriton,chicken,broiler_2,false,0.006
5594,477487.733146312,4.68170780203797e6,Indiana,Ship Bottom,duck,conventional,false,0.008
5595,389948.812571217,4.63685841566358e6,Blair,Alloway,chicken,broiler_1,false,0.006
5596,403107.66023921,4.58355120264197e6,Lycoming,Cheltenham,duck,conventional,false,0.0
5597,474050.843348181,4.61794218197597e6,Susquehanna,Surf City,duck,conventional,false,0.008
5598,370495.664928361,4.58332527110275e6,Mercer,Clinton,chicken,broiler_2,false,0.016
5599,478617.880292425,4.69124402749765e6,Indiana,Bryn Athyn,duck,conventional,false,0.008
5600,359268.255477373,4.62233302710612e6,Mercer,Milltown,duck,organic,false,0.0
5601,326232.133747754,4.54458889915163e6,Schuylkill,Salem,duck,conventional,false,0.006
5602,486054.542294991,4.72350146710164e6,Indiana,Clayton,chicken,broiler_2,false,0.03
5603,351367.468119961,4.61120308654562e6,Mercer,Roseland,chicken,broiler_2,false,0.004
5604,367006.071895878,4.52835265531756e6,Cumberland,Ringwood,duck,organic,false,0.0
5605,492168.418494588,4.49224591747055e6,Luzerne,Medford,chicken,broiler_1,false,0.038
5606,351517.981169468,4.54150389734825e6,Schuylkill,Bloomfield,chicken,broiler_2,false,0.004
5607,468663.454281096,4.56370732016935e6,Berks,Barnegat Light,duck,conventional,false,0.002
5608,468253.946783497,4.72520232446507e6,Indiana,Lawrence,chicken,broiler_2,false,0.024
5609,442500.083423686,4.72670035776144e6,Lancaster,Westville,chicken,broiler_2,false,0.0
5610,419442.801856682,4.57608751179517e6,Lycoming,New York,duck,conventional,false,0.0
5611,385912.066208887,4.59500184673571e6,Lycoming,Delran,chicken,broiler_1,false,0.014
5612,466692.262367756,4.51519447239077e6,Berks,Warwick,duck,conventional,false,0.016
5613,447978.551194256,4.58991396637283e6,Susquehanna,Flemington,duck,conventional,false,0.008
5614,345660.988006972,4.56443207679204e6,Schuylkill,Wanaque,duck,conventional,false,0.002
5615,363635.540640863,4.59302697088181e6,Mercer,Wayne,chicken,layer,false,0.006
5616,474986.613271225,4.56359900835329e6,Berks,Barnegat Light,duck,conventional,false,0.002
5617,362251.796137423,4.60102708681946e6,Mercer,Lopatcong,chicken,broiler_2,false,0.006
5618,455778.346706022,4.56877919719579e6,Berks,Stow Creek,duck,conventional,false,0.0
5619,390560.748464171,4.57839474812259e6,Cumberland,Interlaken,chicken,broiler_2,false,0.008
5620,312355.100131219,4.60060747729414e6,Venango,Eatontown,chicken,broiler_2,false,0.008
5621,421409.684167525,4.71061529388428e6,Lancaster,Runnemede,chicken,broiler_1,false,0.006
5622,445075.671359193,4.47934954466395e6,Luzerne,Woodstown,chicken,broiler_2,false,0.008
5623,305776.831638611,4.58563696522215e6,Venango,Plainsboro,chicken,broiler_1,false,0.014
5624,403342.895992435,4.70563347178652e6,Lancaster,Plumsted,duck,conventional,false,0.002
5625,331817.750061283,4.58706320620026e6,Venango,Clark,duck,conventional,false,0.0
5626,496845.208445675,4.49023717083089e6,Luzerne,Medford,chicken,broiler_1,false,0.008
5627,461976.854718746,4.58993591374977e6,Susquehanna,Sea Girt,chicken,broiler_2,false,0.042
5628,356558.655067858,4.60287871287132e6,Mercer,Lopatcong,chicken,broiler_2,false,0.008
5629,462705.67194492,4.45876702173223e6,Luzerne,Prospect Park,duck,organic,false,0.0
5630,468210.174380757,4.55197134787419e6,Berks,Port Matilda,duck,conventional,false,0.012
5631,483788.212045633,4.51642129978106e6,Luzerne,Hardyston,chicken,broiler_2,false,0.016
5632,407647.917506066,4.48438125363386e6,Mifflin,Cresskill,chicken,broiler_2,false,0.008
5633,386135.607030263,4.56428483150016e6,Cumberland,Frederick,duck,conventional,false,0.002
5634,332169.85138095,4.55104811589466e6,Schuylkill,Kenilworth,chicken,broiler_2,false,0.002
5635,404392.843525227,4.49920122128951e6,Mifflin,Chesterfield,duck,conventional,false,0.002
5636,435614.631783012,4.60750213395176e6,Susquehanna,Newark,duck,organic,false,0.0
5637,468130.432470007,4.71191928867409e6,Indiana,Morristown,duck,conventional,false,0.008
5638,307945.707021493,4.60711415023219e6,Venango,Ambler,chicken,broiler_2,false,0.008
5639,475074.301445641,4.51076988757407e6,Luzerne,Hardyston,chicken,broiler_2,false,0.016
5640,447815.057948616,4.4807407151727e6,Luzerne,Woodstown,chicken,broiler_1,false,0.006
5641,402293.42839278,4.60170528655351e6,Lycoming,Woolwich,chicken,broiler_2,false,0.008
5642,373869.532328759,4.5315791848397e6,Cumberland,Highlands,chicken,broiler_2,false,0.016
5643,352978.158502863,4.62348573348556e6,Mercer,Atlantic City,chicken,layer,false,0.006
5644,353244.076603777,4.55756970216286e6,Schuylkill,Woodlynne,chicken,broiler_2,false,0.012
5645,437422.301994267,4.48952324626395e6,Luzerne,Douglass,chicken,broiler_2,false,0.006
5646,359353.66103152,4.60168710711279e6,Mercer,Lopatcong,duck,conventional,false,0.002
5647,391384.557796821,4.51620622766939e6,Mifflin,Netcong,duck,conventional,false,0.006
5648,324605.028823574,4.62265997239479e6,Venango,Ridgewood Village,chicken,broiler_1,false,0.008
5649,388527.576728087,4.56100994775936e6,Cumberland,Moonachie,duck,conventional,false,0.0
5650,436562.212391225,4.70972302864957e6,Lancaster,Pitman,duck,conventional,false,0.0
5651,398831.302793935,4.48378124707521e6,Mifflin,Roosevelt,duck,conventional,false,0.002
5652,363885.42581442,4.62815580323627e6,Blair,Somerville,chicken,broiler_2,false,0.008
5653,398100.478808456,4.62859504715649e6,Blair,Butler,duck,conventional,false,0.004
5654,418191.510427562,4.48291596194199e6,Mifflin,River Vale,chicken,broiler_2,false,0.012
5655,446015.62217627,4.72433573081406e6,Lancaster,Westville,chicken,broiler_2,false,0.008
5656,393772.512807228,4.56604721276649e6,Cumberland,Frederick,chicken,broiler_2,false,0.006
5657,490678.848355349,4.47962879094044e6,Luzerne,Medford,chicken,broiler_2,false,0.018
5658,405333.751410631,4.59310946922929e6,Lycoming,Tavistock,duck,organic,false,0.0
5659,373392.577541458,4.64071964322757e6,Blair,Stillwater,duck,conventional,false,0.002
5660,381094.567979288,4.62136350047297e6,Blair,Pottsgrove,chicken,broiler_2,false,0.008
5661,475893.263134542,4.71359110946224e6,Indiana,Collingswood,duck,conventional,false,0.004
5662,422243.780033948,4.7213122443123e6,Lancaster,Scotch Plains,duck,organic,false,0.004
5663,385728.645860565,4.60874994558269e6,Lycoming,Swedesboro,chicken,broiler_1,false,0.012
5664,391659.350194708,4.5540788344144e6,Cumberland,New Providence,chicken,broiler_1,false,0.01
5665,376030.51668018,4.57785817729019e6,Cumberland,Windsor,duck,conventional,false,0.002
5666,443452.35299799,4.60829328306191e6,Susquehanna,Langhorne,chicken,layer,false,0.05
5667,472722.736748319,4.57354862775529e6,Berks,Warren,chicken,broiler_1,false,0.034
5668,337565.682823703,4.62004482181028e6,Venango,Red Bank,duck,conventional,false,0.0
5669,371169.532151458,4.61760541723495e6,Mercer,Monmouth Beach,chicken,broiler_1,false,0.002
5670,452472.955110055,4.7150254042119e6,Indiana,Greenwich,chicken,broiler_2,false,0.018
5671,466443.709469389,4.57523299992459e6,Berks,Warren,chicken,broiler_2,false,0.03
5672,395107.766782129,4.59573470972829e6,Lycoming,Readington,duck,conventional,false,0.002
5673,493911.197660732,4.67730614953838e6,Allegheny,Snow Shoe,chicken,broiler_2,false,0.028
5674,389840.333553254,4.5141985430136e6,Mifflin,Englishtown,duck,conventional,false,0.002
5675,480207.870200513,4.49271973063401e6,Luzerne,Pine Hill,chicken,layer,false,0.036
5676,460881.339291163,4.59921851187826e6,Susquehanna,Pennsauken,duck,conventional,false,0.0
5677,432796.22828829,4.70680037147349e6,Lancaster,Bay Head,duck,conventional,false,0.002
5678,357718.667569128,4.56568267931322e6,Schuylkill,Allendale,chicken,broiler_1,false,0.004
5679,402603.42072388,4.49089288181524e6,Mifflin,Clementon,duck,conventional,false,0.004
5680,383600.806881641,4.59372569419478e6,Lycoming,Delran,chicken,layer,false,0.014
5681,334449.365672813,4.59217788726792e6,Venango,Tewksbury,duck,conventional,false,0.002
5682,494296.504281583,4.46261135622986e6,Luzerne,Riverdale,duck,conventional,false,0.0
5683,460021.45517936,4.71953264899628e6,Indiana,Palisades Park,duck,conventional,false,0.002
5684,419849.576974584,4.61606067279872e6,Fulton,Mine Hill,chicken,layer,false,0.016
5685,475625.235196911,4.53738405316948e6,Berks,Irvington,chicken,broiler_1,false,0.036
5686,416466.86917593,4.61457271268043e6,Fulton,Delaware,chicken,broiler_2,false,0.006
5687,456224.346765613,4.58555274448591e6,Susquehanna,Sea Girt,duck,conventional,false,0.012
5688,366562.582142028,4.55138224052266e6,Cumberland,Avon-by-the-Sea,chicken,broiler_2,false,0.01
5689,366467.129361181,4.53136737952099e6,Cumberland,Highlands,chicken,layer,false,0.006
5690,444348.760796837,4.71748863877822e6,Lancaster,Matawan,duck,organic,false,0.002
5691,307434.493404788,4.59024455061578e6,Venango,Cinnaminson,chicken,broiler_2,false,0.01
5692,402743.11808483,4.61609542432547e6,Blair,Loch Arbour Village,chicken,layer,false,0.006
5693,337684.740863369,4.62167120568997e6,Venango,Red Bank,chicken,broiler_2,false,0.008
5694,468153.706334406,4.47325166865144e6,Luzerne,Morris,chicken,broiler_2,false,0.014
5695,457395.96846701,4.49144153742084e6,Luzerne,New Milford,chicken,broiler_1,false,0.006
5696,393439.723099507,4.56727011645901e6,Cumberland,Bridgeton,duck,conventional,false,0.004
5697,500827.224408297,4.71908934495802e6,Indiana,Stafford,chicken,broiler_2,false,0.036
5698,474050.819614188,4.72580854029712e6,Indiana,Sandyston,duck,conventional,false,0.008
5699,489109.548717629,4.69048432198654e6,Indiana,Stockton,duck,conventional,false,0.004
5700,390050.274911968,4.50702845726969e6,Mifflin,Englishtown,chicken,broiler_2,false,0.01
5701,335868.640082297,4.61961047147747e6,Venango,Red Bank,duck,conventional,false,0.0
5702,503392.688654504,4.47162821438758e6,Luzerne,Old Bridge,chicken,broiler_1,false,0.012
5703,455653.307160556,4.59590530486497e6,Susquehanna,Parsippany-Troy Hills,duck,conventional,false,0.0
5704,470842.366914022,4.72568851234315e6,Indiana,Sandyston,duck,organic,false,0.006
5705,385989.251263561,4.57288543597266e6,Cumberland,Windsor,duck,conventional,false,0.0
5706,454414.155301655,4.63029837879569e6,Susquehanna,Cranford,duck,organic,false,0.01
5707,412221.021311708,4.70642156743694e6,Lancaster,Skippack,duck,conventional,false,0.002
5708,358813.202265995,4.55431936003165e6,Schuylkill,Summit,chicken,broiler_2,false,0.012
5709,503547.006373403,4.71413394261076e6,Indiana,Fairview,duck,conventional,false,0.002
5710,411940.267295124,4.69512930775498e6,Lancaster,Alpine,chicken,broiler_2,false,0.018
5711,410087.322939085,4.49015217672669e6,Mifflin,Cherry Hill,chicken,broiler_1,false,0.006
5712,363833.280404013,4.57907829815331e6,Mercer,Ogdensburg,duck,organic,false,0.002
5713,484883.586155399,4.51043623644064e6,Luzerne,Hardyston,chicken,broiler_2,false,0.024
5714,463936.011351204,4.61564663931696e6,Susquehanna,Montague,chicken,broiler_1,false,0.026
5715,301309.878979459,4.59999664430587e6,Venango,Woodland Park,chicken,broiler_2,false,0.018
5716,388771.034666198,4.54670619772996e6,Cumberland,Somerdale,duck,conventional,false,0.002
5717,360166.541200142,4.60812954874585e6,Mercer,Roseland,duck,conventional,false,0.0
5718,367639.456198822,4.57265177560581e6,Cumberland,Philipsburg,chicken,broiler_1,false,0.008
5719,321551.18724651,4.58318582095997e6,Venango,Deptford,chicken,broiler_2,false,0.004
5720,460827.548220296,4.65262298515087e6,Allegheny,Oldmans,chicken,broiler_1,false,0.026
5721,464596.93533219,4.63991683836708e6,Allegheny,Brigantine,chicken,broiler_2,false,0.016
5722,475449.744807612,4.71666278346596e6,Indiana,Collingswood,chicken,broiler_2,false,0.036
5723,461038.531804092,4.64401488682833e6,Allegheny,Union,chicken,broiler_2,false,0.028
5724,455775.81925072,4.73499078532374e6,Indiana,Ewing,duck,conventional,false,0.004
5725,324194.193567295,4.54640843190111e6,Schuylkill,Oaklyn,chicken,broiler_2,false,0.01
5726,405778.851509917,4.70770786153188e6,Lancaster,Skippack,chicken,broiler_2,false,0.004
5727,468875.667896907,4.4714335239188e6,Luzerne,Morris,duck,conventional,false,0.002
5728,376799.938815681,4.59892124174964e6,Mercer,Mullica,chicken,broiler_2,false,0.012
5729,435664.157580457,4.70312601519388e6,Lancaster,Norriton,duck,organic,false,0.0
5730,417957.650066069,4.72303445458381e6,Lancaster,Scotch Plains,chicken,broiler_1,false,0.002
5731,371218.848243267,4.64090562300128e6,Blair,Woodbury,chicken,broiler_2,false,0.008
5732,427968.780519322,4.59897431312907e6,Lycoming,Ramsey,duck,conventional,false,0.0
5733,307483.576073972,4.59497081985042e6,Venango,Cinnaminson,duck,conventional,false,0.004
5734,433560.81247384,4.59675356749914e6,Lycoming,Ramsey,chicken,layer,false,0.002
5735,413277.954262393,4.57785150688072e6,Lycoming,New York,duck,organic,false,0.0
5736,406466.684660207,4.60771211625213e6,Lycoming,Lebanon,chicken,broiler_2,false,0.008
5737,454645.013022751,4.47914364504812e6,Luzerne,Franklin,chicken,broiler_2,false,0.01
5738,456300.507017266,4.55866833230194e6,Berks,Port Matilda,chicken,broiler_1,false,0.03
5739,422489.40249503,4.72182278685781e6,Lancaster,Scotch Plains,duck,conventional,false,0.006
5740,482045.702949879,4.48834061216538e6,Luzerne,Pine Hill,chicken,broiler_2,false,0.008
5741,377419.041429557,4.51588749396525e6,Cumberland,Wyckoff,chicken,broiler_1,false,0.006
5742,377348.767450969,4.52320505877733e6,Cumberland,Bound Brook,duck,organic,false,0.004
5743,414083.45186091,4.48705275338334e6,Mifflin,Margate City,duck,conventional,false,0.002
5744,496068.459101945,4.46188042521254e6,Luzerne,Riverdale,chicken,broiler_2,false,0.004
5745,479697.951755323,4.72615612798799e6,Indiana,Wales,chicken,layer,false,0.016
5746,367166.738810734,4.61943289577088e6,Mercer,Milltown,chicken,broiler_2,false,0.006
5747,439348.019325417,4.60974632364985e6,Susquehanna,Newark,duck,conventional,false,0.002
5748,392461.666572771,4.56959608614396e6,Cumberland,Bridgeton,chicken,broiler_1,false,0.006
5749,445029.568208245,4.47118989044512e6,Luzerne,Woodstown,duck,conventional,false,0.002
5750,457126.169140193,4.49453076154112e6,Luzerne,New Milford,chicken,broiler_2,false,0.014
5751,474562.827208507,4.72068599824549e6,Indiana,Collingswood,duck,organic,false,0.012
5752,434205.610679615,4.70058009657377e6,Lancaster,Phillipsburg,duck,organic,false,0.002
5753,462888.010609332,4.57820708114333e6,Berks,Merion,duck,conventional,false,0.008
5754,351806.782908356,4.60023344117095e6,Mercer,Harrington Park,duck,conventional,false,0.004
5755,316151.666731606,4.55455012882013e6,Schuylkill,Glassboro,chicken,broiler_2,false,0.008
5756,450025.286282359,4.70759940829413e6,Indiana,Little Ferry,chicken,broiler_2,true,0.0
5757,373462.782100281,4.58560594929266e6,Mercer,Greenville,duck,organic,false,0.004
5758,475482.375159001,4.71523364022462e6,Indiana,Collingswood,chicken,broiler_1,false,0.04
5759,391999.838935663,4.6763345622285e6,Blair,Jefferson,chicken,broiler_1,false,0.004
5760,408823.923825611,4.58247707905837e6,Lycoming,Marlboro,chicken,broiler_1,false,0.006
5761,341212.375530199,4.57322658911188e6,Schuylkill,State College,chicken,broiler_1,false,0.006
5762,476654.636429585,4.49794401828326e6,Luzerne,Fredon,chicken,broiler_2,false,0.016
5763,426176.528512304,4.58274824140436e6,Lycoming,Berkeley Heights,chicken,broiler_2,false,0.006
5764,464986.937196191,4.46473196139376e6,Luzerne,Prospect Park,duck,organic,false,0.002
5765,496259.9402071,4.49148254408226e6,Luzerne,Medford,duck,organic,false,0.01
5766,453763.837869556,4.57794720288359e6,Susquehanna,Moorestown,chicken,broiler_2,false,0.022
5767,417591.471599071,4.71643650275241e6,Lancaster,Howell,duck,organic,false,0.002
5768,331062.715783626,4.61879193673193e6,Venango,Red Bank,duck,organic,false,0.0
5769,475205.364003086,4.69737868481554e6,Indiana,Allamuchy,duck,conventional,true,0.0
5770,332332.843267593,4.54056428999216e6,Schuylkill,Potter,duck,conventional,false,0.006
5771,486417.634099217,4.51572901378394e6,Luzerne,Hardyston,chicken,broiler_1,false,0.032
5772,445244.829283726,4.70173931438112e6,Lancaster,Norriton,chicken,broiler_2,false,0.0
5773,374883.536013412,4.54054676127768e6,Cumberland,Hackensack,duck,conventional,false,0.012
5774,372430.806930719,4.59150978304876e6,Mercer,White,chicken,broiler_2,false,0.008
5775,321930.818468326,4.62297697644966e6,Venango,Ridgewood Village,duck,organic,false,0.002
5776,485439.060988696,4.48456972709632e6,Luzerne,Medford,chicken,broiler_2,false,0.008
5777,446695.586233801,4.62442372522158e6,Susquehanna,Barrington,duck,conventional,false,0.0
5778,461867.6551806,4.70784433823866e6,Indiana,Morristown,duck,conventional,false,0.0
5779,452498.946995831,4.63112162776178e6,Susquehanna,Cranford,duck,organic,false,0.006
5780,365945.137027848,4.54614065919735e6,Cumberland,Ferguson,chicken,broiler_2,false,0.004
5781,476176.63840549,4.47805554643569e6,Luzerne,Haworth,chicken,broiler_2,false,0.006
5782,343197.779408644,4.56568064299191e6,Schuylkill,Wanaque,chicken,broiler_1,false,0.01
5783,366823.115015501,4.60100813769135e6,Mercer,Lopatcong,duck,conventional,false,0.004
5784,467404.319385796,4.58492994316833e6,Berks,Merion,duck,organic,false,0.01
5785,445771.624366963,4.69852217701032e6,Lancaster,Park Ridge,duck,conventional,false,0.0
5786,456983.786761832,4.59896512436249e6,Susquehanna,Parsippany-Troy Hills,duck,organic,false,0.0
5787,455836.3007214,4.55568146769073e6,Berks,Port Matilda,duck,organic,false,0.002
5788,321000.365365182,4.56763132835075e6,Schuylkill,Frenchtown,chicken,broiler_2,false,0.008
5789,432649.160515472,4.58710791574122e6,Lycoming,Berkeley Heights,chicken,layer,false,0.004
5790,328694.527488135,4.55610926698471e6,Schuylkill,Rahway,chicken,broiler_2,false,0.004
5791,474332.062662334,4.72645135996546e6,Indiana,Sandyston,duck,conventional,false,0.006
5792,413351.335561306,4.60424493948186e6,Lycoming,Haddonfield,duck,conventional,false,0.004
5793,442140.097818791,4.72561714718386e6,Lancaster,Westville,duck,conventional,false,0.004
5794,434889.877776029,4.57567014915678e6,Susquehanna,Mount Holly,chicken,layer,false,0.026
5795,494267.373124764,4.70757039414437e6,Indiana,Huston,duck,conventional,false,0.012
5796,489212.659525712,4.50408031063111e6,Luzerne,Teaneck,chicken,broiler_1,false,0.018
5797,370085.331644549,4.62106251975933e6,Mercer,Monmouth Beach,duck,organic,false,0.0
5798,329721.596224368,4.60599713160877e6,Venango,Keyport,duck,conventional,false,0.006
5799,448680.885776757,4.59641172320209e6,Susquehanna,Egg Harbor,chicken,broiler_1,false,0.03
5800,376649.106902344,4.55294109382603e6,Cumberland,Bergenfield,duck,organic,false,0.0
5801,460546.117769616,4.72665703729875e6,Indiana,Lawrence,duck,conventional,false,0.008
5802,383167.758124151,4.61319728868613e6,Blair,Ventnor City,chicken,broiler_1,false,0.004
5803,471519.829955212,4.69683523665591e6,Indiana,Lafayette,chicken,layer,false,0.024
5804,344926.588631652,4.53443078379588e6,Schuylkill,Neptune,chicken,layer,false,0.0
5805,336708.816644164,4.54882139527294e6,Schuylkill,Kenilworth,chicken,broiler_2,false,0.01
5806,366753.82433526,4.62873164131488e6,Blair,Pompton Lakes,chicken,broiler_2,false,0.014
5807,457317.498120059,4.61445100990855e6,Susquehanna,Green,chicken,layer,false,0.034
5808,345137.789450068,4.60902282616781e6,Venango,Maurice River,duck,conventional,false,0.004
5809,367258.785201513,4.64074984381075e6,Blair,Woodbury,chicken,broiler_2,false,0.004
5810,440127.697957312,4.4859833968373e6,Luzerne,Paulsboro,duck,conventional,false,0.0
5811,439714.35175856,4.61970897332687e6,Susquehanna,Montgomery,chicken,layer,false,0.01
5812,377232.004352772,4.59608606997809e6,Mercer,Hi-Nella,chicken,broiler_2,false,0.006
5813,471238.324877639,4.52393735734393e6,Berks,Warwick,chicken,broiler_1,false,0.034
5814,456165.532416462,4.55709099661512e6,Berks,Port Matilda,duck,conventional,false,0.006
5815,421278.171769967,4.5796605914397e6,Lycoming,Avalon,chicken,broiler_2,false,0.004
5816,477158.158932936,4.65850650630667e6,Allegheny,Harris,chicken,broiler_2,false,0.044
5817,325832.79482177,4.54005236205664e6,Schuylkill,Salem,duck,conventional,false,0.0
5818,445790.653999217,4.72362303562139e6,Lancaster,Matawan,chicken,broiler_1,false,0.008
5819,496454.339681479,4.46638319463524e6,Luzerne,Riverdale,duck,conventional,false,0.0
5820,369750.985300893,4.61394185348977e6,Mercer,Deerfield,duck,conventional,false,0.0
5821,355116.176148562,4.53780912341974e6,Schuylkill,Bloomfield,duck,conventional,false,0.0
5822,463915.392929404,4.50621900715282e6,Luzerne,Morrisville,chicken,broiler_1,false,0.038
5823,322360.170579349,4.55697516423605e6,Schuylkill,Glassboro,duck,conventional,false,0.002
5824,395168.87992696,4.55657181580645e6,Cumberland,Rumson,chicken,broiler_2,false,0.008
5825,359699.129670155,4.54990616801343e6,Schuylkill,Hillsborough,chicken,broiler_1,false,0.006
5826,417251.684306963,4.72115219963412e6,Lancaster,Scotch Plains,duck,conventional,false,0.002
5827,369896.150909471,4.56147067485359e6,Cumberland,Bellmawr,duck,conventional,false,0.002
5828,436795.250849414,4.58297624783421e6,Susquehanna,Mount Holly,chicken,broiler_2,false,0.022
5829,394138.941936012,4.58670512669996e6,Lycoming,Hoboken,chicken,broiler_2,false,0.006
5830,461256.346084846,4.5664185030343e6,Berks,Stow Creek,duck,conventional,false,0.008
5831,497012.032058177,4.46648592148767e6,Luzerne,Riverdale,duck,conventional,false,0.002
5832,469644.492958946,4.58564058687032e6,Berks,Merion,chicken,broiler_2,false,0.048
5833,465741.949172122,4.71130460162087e6,Indiana,Morristown,chicken,broiler_2,true,0.0
5834,373536.699117407,4.53404735120111e6,Cumberland,Highlands,duck,conventional,false,0.002
5835,492308.940828855,4.46821089579797e6,Luzerne,Merchantville,chicken,broiler_1,false,0.008
5836,458633.743744658,4.5741632417216e6,Berks,Warren,duck,conventional,false,0.004
5837,324656.326313173,4.59271140092254e6,Venango,Hamilton,duck,conventional,false,0.002
5838,460196.539642305,4.64887754912178e6,Allegheny,Brigantine,chicken,layer,false,0.024
5839,462007.208352983,4.54648889998046e6,Berks,Rutherford,duck,conventional,false,0.0
5840,307133.932202287,4.61062068936519e6,Venango,Ambler,duck,conventional,false,0.0
5841,379592.578610131,4.55148736182841e6,Cumberland,Somerdale,duck,organic,false,0.0
5842,327336.934562443,4.56570406091744e6,Schuylkill,Audubon Park,duck,organic,false,0.0
5843,441357.668009186,4.59376406771768e6,Susquehanna,Frelinghuysen,chicken,broiler_2,false,0.008
5844,467750.525869368,4.50800183584949e6,Luzerne,Morrisville,duck,organic,false,0.002
5845,361368.492356804,4.60763889530159e6,Mercer,Deerfield,duck,conventional,false,0.0
5846,441192.389830779,4.49064285072791e6,Luzerne,Paulsboro,chicken,layer,false,0.008
5847,486797.712371095,4.47643647200973e6,Luzerne,Merchantville,chicken,layer,false,0.006
5848,378091.238320386,4.62717852551776e6,Blair,Ho-Ho-Kus,chicken,broiler_2,false,0.008
5849,320060.744786163,4.60343330933895e6,Venango,Montville,chicken,broiler_2,false,0.006
5850,403061.512571836,4.69387875442407e6,Lancaster,Hampton,duck,conventional,false,0.0
5851,495168.320551736,4.48102611016476e6,Luzerne,Medford,duck,organic,false,0.002
5852,481588.215884354,4.46591354098635e6,Luzerne,Curtin,chicken,broiler_2,false,0.004
5853,449480.463999714,4.59720172308713e6,Susquehanna,Egg Harbor,duck,conventional,false,0.004
5854,476930.598312385,4.6345767307333e6,Susquehanna,Bernards,chicken,broiler_2,false,0.044
5855,471999.50425763,4.5112838879629e6,Luzerne,Morrisville,duck,conventional,false,0.002
5856,424326.523441425,4.70029034876982e6,Lancaster,Mount Ephraim,chicken,broiler_1,false,0.002
5857,463400.032338462,4.60980548513287e6,Susquehanna,Montague,chicken,broiler_2,false,0.032
5858,460021.684999901,4.65290700827562e6,Allegheny,Oldmans,duck,conventional,false,0.006
5859,417839.65253148,4.60497218894426e6,Lycoming,Haddonfield,chicken,broiler_1,false,0.014
5860,485767.591254186,4.47935669664746e6,Luzerne,Medford,duck,conventional,false,0.004
5861,468566.905026628,4.56448858293754e6,Berks,Barnegat Light,duck,conventional,false,0.0
5862,493871.079131592,4.71197269566066e6,Indiana,Bedminster,chicken,broiler_2,false,0.024
5863,448823.020854528,4.47731172751537e6,Luzerne,Woodstown,duck,conventional,false,0.002
5864,442075.12425177,4.6094149521508e6,Susquehanna,Newark,duck,conventional,false,0.006
5865,376815.933748072,4.64946395377919e6,Blair,Hatboro,duck,conventional,false,0.002
5866,434174.063266122,4.58655186370286e6,Susquehanna,Mount Holly,duck,conventional,false,0.0
5867,350522.460228405,4.60103433130891e6,Mercer,Weehawken,chicken,layer,false,0.008
5868,337248.216839564,4.57134686217581e6,Schuylkill,State College,chicken,broiler_2,false,0.012
5869,325573.219432528,4.56391482859701e6,Schuylkill,Frenchtown,chicken,broiler_1,false,0.018
5870,399892.762037355,4.62915323774831e6,Blair,Woodbine,duck,conventional,false,0.002
5871,461543.296515461,4.56307876916949e6,Berks,Barnegat Light,chicken,broiler_2,false,0.026
5872,362805.249253139,4.59675859051357e6,Mercer,Middle,duck,conventional,false,0.002
5873,471351.660745444,4.68840234356983e6,Indiana,Bryn Athyn,chicken,broiler_1,false,0.02
5874,388360.262128235,4.64596328682579e6,Blair,Haddon Heights,duck,conventional,false,0.0
5875,396290.761095087,4.5684367209885e6,Cumberland,Bridgeton,duck,conventional,false,0.002
5876,331470.548237956,4.61297878424412e6,Venango,Wildwood,duck,conventional,false,0.004
5877,400683.670818725,4.56994524463866e6,Cumberland,Estell Manor,duck,conventional,false,0.0
5878,495938.307075458,4.69805251977785e6,Indiana,Glen Gardner,chicken,broiler_2,false,0.032
5879,351062.86832816,4.54914195444014e6,Schuylkill,Cape May,duck,conventional,false,0.0
5880,455864.948880927,4.72695170280322e6,Indiana,Millburn,chicken,layer,false,0.026
5881,478361.35580824,4.52678303669343e6,Berks,Middlesex,chicken,broiler_2,false,0.034
5882,338661.563861772,4.5558776225174e6,Schuylkill,Watchung,duck,conventional,false,0.004
5883,401092.696690015,4.59167964311251e6,Lycoming,Tavistock,duck,conventional,false,0.006
5884,391686.837614035,4.6758948798722e6,Blair,Jefferson,chicken,broiler_1,false,0.006
5885,345465.201127679,4.56270532891551e6,Schuylkill,Wanaque,duck,conventional,false,0.0
5886,474780.677835469,4.72575500757559e6,Indiana,Sandyston,chicken,broiler_1,false,0.026
5887,320423.529385994,4.59753637600327e6,Venango,Hamilton,duck,conventional,false,0.002
5888,385917.809333635,4.58616044254025e6,Mercer,Bass River,duck,conventional,false,0.002
5889,407831.421399956,4.71425095316399e6,Lancaster,Bloomingdale,chicken,layer,false,0.008
5890,443485.224661337,4.48299780840626e6,Luzerne,Paulsboro,chicken,broiler_2,false,0.008
5891,337559.360293205,4.62255005685389e6,Venango,Red Bank,chicken,broiler_2,false,0.002
5892,400636.476014131,4.57235511131941e6,Cumberland,Bridgeton,duck,conventional,false,0.006
5893,315430.200391915,4.57167399479221e6,Schuylkill,Victory Gardens,duck,conventional,false,0.002
5894,342156.181584596,4.62111021363917e6,Venango,Totowa,duck,organic,false,0.004
5895,374895.085183623,4.52164353790161e6,Cumberland,Bergen,duck,conventional,false,0.002
5896,370321.011224985,4.6231034238408e6,Blair,Pompton Lakes,duck,organic,false,0.004
5897,358559.864355648,4.57574091863638e6,Mercer,Ogdensburg,chicken,broiler_2,false,0.014
5898,413870.607902595,4.61834988542536e6,Fulton,Delaware,duck,conventional,false,0.002
5899,428928.718083779,4.69683793670908e6,Lancaster,Raritan,chicken,broiler_2,false,0.008
5900,424301.019549411,4.7120737248108e6,Lancaster,Hope,chicken,broiler_2,false,0.004
5901,479157.518878807,4.50824816365247e6,Luzerne,Teaneck,chicken,broiler_1,false,0.024
5902,367353.453488278,4.59077619025943e6,Mercer,Wayne,duck,conventional,false,0.0
5903,420875.386722635,4.69795039145094e6,Lancaster,Raritan,duck,conventional,false,0.0
5904,457770.61915091,4.5686441947851e6,Berks,Stow Creek,chicken,broiler_2,false,0.012
5905,389072.613999502,4.59175310803962e6,Lycoming,New Hanover,chicken,broiler_2,false,0.01
5906,481736.943346425,4.72922455895542e6,Indiana,Wales,duck,conventional,false,0.006
5907,459770.204616349,4.56982567394429e6,Berks,Warren,chicken,broiler_1,false,0.03
5908,490532.610807572,4.66663719522691e6,Allegheny,Colts Neck,chicken,broiler_2,false,0.024
5909,384400.705755468,4.63109535154419e6,Blair,Ho-Ho-Kus,chicken,broiler_2,false,0.01
5910,485158.219564929,4.48845944416633e6,Luzerne,Pine Hill,chicken,layer,false,0.012
5911,396155.880263338,4.6371490369036e6,Blair,Tabernacle,duck,conventional,false,0.0
5912,429957.375347658,4.49154182400212e6,Mifflin,Sussex,chicken,broiler_1,false,0.012
5913,456761.852647642,4.73085057263558e6,Indiana,Milford,chicken,broiler_2,false,0.038
5914,407556.055064349,4.70490270986796e6,Lancaster,Skippack,duck,conventional,false,0.0
5915,305425.829701862,4.60174171895462e6,Venango,Eastampton,chicken,broiler_1,false,0.004
5916,479850.099945957,4.53010904480866e6,Berks,Middlesex,chicken,broiler_2,false,0.032
5917,416369.969747008,4.49108434250143e6,Mifflin,Cherry Hill,duck,conventional,false,0.004
5918,481487.475193417,4.67092291821551e6,Allegheny,Mountainside,duck,conventional,false,0.006
5919,382154.526570468,4.58842599373171e6,Mercer,Oceanport,duck,conventional,false,0.002
5920,469036.847676266,4.63982296779782e6,Allegheny,Marlborough,chicken,broiler_1,false,0.03
5921,376706.716415565,4.62237525609088e6,Blair,Pottsgrove,chicken,broiler_2,false,0.004
5922,433575.669161643,4.58838530789966e6,Lycoming,Berkeley Heights,duck,conventional,false,0.002
5923,395584.967418645,4.60231338491246e6,Lycoming,Readington,chicken,layer,false,0.004
5924,388310.69487427,4.65095210756265e6,Blair,Glen Rock,duck,organic,false,0.0
5925,463837.014603017,4.50687729664857e6,Luzerne,Morrisville,duck,organic,false,0.004
5926,507055.51886094,4.71864588315859e6,Indiana,Fairview,duck,conventional,false,0.01
5927,463855.473526884,4.65349718667513e6,Allegheny,Oldmans,duck,organic,false,0.004
5928,335349.94107578,4.55806536925515e6,Schuylkill,Watchung,chicken,broiler_2,false,0.006
5929,397395.21227486,4.60789454448215e6,Lycoming,Monroe,duck,organic,false,0.006
5930,417971.903787615,4.69627748519863e6,Lancaster,Raritan,duck,organic,false,0.002
5931,366908.797223262,4.5923867273703e6,Mercer,Wayne,duck,conventional,false,0.0
5932,423684.622246923,4.60126340486653e6,Susquehanna,Palmyra,duck,conventional,false,0.002
5933,432929.439736905,4.49044324504134e6,Luzerne,Douglass,chicken,broiler_2,false,0.004
5934,488395.719983973,4.72622729592537e6,Indiana,Clayton,duck,conventional,false,0.004
5935,479429.787099207,4.72681991528741e6,Indiana,Sandyston,duck,conventional,false,0.006
5936,376144.93734946,4.54064987220842e6,Cumberland,Hackensack,chicken,broiler_2,false,0.006
5937,358452.239525953,4.55219047707629e6,Schuylkill,Hillsborough,chicken,broiler_2,false,0.004
5938,341199.247449024,4.61968585911697e6,Venango,Totowa,duck,conventional,false,0.002
5939,457458.728598772,4.49359811645251e6,Luzerne,New Milford,chicken,broiler_2,false,0.01
5940,379685.212396308,4.52256178791825e6,Cumberland,Bound Brook,chicken,broiler_2,false,0.004
5941,395849.848336837,4.6133879676643e6,Blair,Hopatcong,duck,conventional,false,0.0
5942,328861.139706026,4.56693743910959e6,Schuylkill,Audubon Park,chicken,broiler_2,false,0.008
5943,386918.302855727,4.51870966684322e6,Cumberland,Spring Lake,duck,organic,false,0.002
5944,471536.147268972,4.66149503634778e6,Allegheny,Orange,duck,organic,false,0.008
5945,461214.473725354,4.6237640735941e6,Susquehanna,Cape May Point,duck,conventional,false,0.012
5946,431858.387068779,4.70030357307673e6,Lancaster,Phillipsburg,chicken,broiler_2,false,0.002
5947,405955.687556599,4.69360667226578e6,Lancaster,Hampton,duck,conventional,false,0.004
5948,469700.120008122,4.54139470766015e6,Berks,Irvington,duck,organic,false,0.012
5949,369681.066610077,4.63012847898255e6,Blair,Pompton Lakes,duck,organic,false,0.0
5950,494212.118832032,4.47062268719845e6,Luzerne,Old Bridge,chicken,layer,false,0.008
5951,342364.640231678,4.57401386519887e6,Mercer,Metuchen,chicken,broiler_2,false,0.006
5952,303515.010087966,4.6124596760703e6,Venango,Ambler,chicken,broiler_2,false,0.008
5953,367143.034694156,4.62503888770774e6,Blair,Pompton Lakes,duck,conventional,false,0.0
5954,491539.299545161,4.50030620332306e6,Luzerne,Teaneck,duck,organic,false,0.008
5955,440190.758527127,4.70754133746529e6,Indiana,Woodcliff Lake,chicken,broiler_1,false,0.002
5956,496266.508691106,4.47489634226901e6,Luzerne,Old Bridge,duck,conventional,false,0.0
5957,373900.85816405,4.54161915265806e6,Cumberland,Hackensack,duck,conventional,false,0.0
5958,447811.316426401,4.56417453171365e6,Berks,Taylor,chicken,broiler_1,false,0.02
5959,359901.945335595,4.61893891763273e6,Mercer,Milltown,chicken,layer,false,0.01
5960,468299.50984282,4.54962399202581e6,Berks,Port Matilda,duck,organic,false,0.016
5961,397987.165104107,4.58990449370476e6,Lycoming,Tavistock,chicken,broiler_2,false,0.006
5962,331134.501232418,4.61591275969762e6,Venango,Wildwood,duck,conventional,false,0.0
5963,394231.498253476,4.6437072354594e6,Blair,Mantoloking,duck,conventional,false,0.006
5964,458504.664131789,4.737345068049e6,Indiana,Ewing,chicken,broiler_1,false,0.006
5965,390941.590061283,4.48864766778462e6,Mifflin,Saddle Brook,duck,conventional,false,0.002
5966,474169.394778462,4.69569416611496e6,Indiana,Allamuchy,chicken,broiler_1,false,0.026
5967,412956.851092306,4.4872829433642e6,Mifflin,Margate City,chicken,broiler_2,false,0.014
5968,482397.911109199,4.70518046132606e6,Indiana,Corbin City,chicken,broiler_2,false,0.018
5969,486456.662095219,4.66192325531201e6,Allegheny,Fair Haven,duck,conventional,false,0.01
5970,356968.922202384,4.55753254324404e6,Schuylkill,Summit,chicken,broiler_2,false,0.01
5971,386074.473873152,4.57713393349397e6,Cumberland,Interlaken,chicken,broiler_1,false,0.008
5972,386903.085524986,4.51927091980001e6,Cumberland,Spring Lake,chicken,broiler_2,false,0.006
5973,473086.606037564,4.46193235326891e6,Luzerne,Norristown,chicken,broiler_2,false,0.002
5974,459949.815679041,4.65043341323602e6,Allegheny,Oldmans,chicken,broiler_1,false,0.018
5975,457864.450203701,4.59464853436858e6,Susquehanna,Parsippany-Troy Hills,duck,conventional,false,0.004
5976,467556.940348986,4.72602679601181e6,Indiana,Lawrence,chicken,layer,false,0.02
5977,439955.888251168,4.58637121497583e6,Susquehanna,Lumberton,duck,conventional,false,0.004
5978,457674.857500785,4.54664358394774e6,Berks,Rutherford,chicken,broiler_2,false,0.016
5979,370386.303573747,4.5486154623892e6,Cumberland,Ferguson,duck,conventional,false,0.002
5980,349946.597130422,4.58967845936191e6,Mercer,Benner,chicken,broiler_2,false,0.016
5981,465385.249456043,4.48888387425351e6,Luzerne,New Milford,duck,organic,false,0.002
5982,399991.605995445,4.5049465437329e6,Mifflin,Caldwell,chicken,broiler_2,false,0.01
5983,315748.445711637,4.62234473534243e6,Venango,Kinnelon,duck,conventional,false,0.0
5984,393747.36494916,4.60565473732347e6,Lycoming,Haledon,chicken,layer,false,0.002
5985,395680.0724847,4.55884037085328e6,Cumberland,Moonachie,duck,conventional,false,0.0
5986,468082.413858918,4.58610696839843e6,Berks,Merion,duck,conventional,false,0.006
5987,315385.932075364,4.62001925010337e6,Venango,Kinnelon,duck,conventional,false,0.004
5988,385458.343060973,4.66275951129691e6,Blair,Hopewell,chicken,broiler_2,false,0.006
5989,384798.509413314,4.5085935002872e6,Mifflin,Piscataway,duck,organic,false,0.0
5990,495278.479867725,4.68171889078477e6,Allegheny,Farmingdale,chicken,broiler_2,false,0.02
5991,390021.555992975,4.54283914304429e6,Cumberland,Camden,chicken,broiler_2,false,0.012
5992,366259.740331774,4.52821676348859e6,Cumberland,Ringwood,chicken,broiler_2,false,0.002
5993,469674.302729301,4.69217862629516e6,Indiana,Wharton,chicken,broiler_2,false,0.02
5994,393443.380090122,4.49934865604775e6,Mifflin,Elsinboro,duck,conventional,false,0.0
5995,355207.067627911,4.54776012485975e6,Schuylkill,Cape May,chicken,broiler_1,false,0.01
5996,347322.985521372,4.61703199805367e6,Venango,Totowa,duck,conventional,false,0.0
5997,480683.898534034,4.50195064073077e6,Luzerne,Fredon,chicken,broiler_2,false,0.024
5998,339511.269928573,4.59694914955843e6,Venango,Tewksbury,chicken,broiler_1,false,0.002
5999,334013.69362609,4.53626553314091e6,Schuylkill,Hamburg,chicken,broiler_2,false,0.012
6000,475170.837480021,4.70163703504385e6,Indiana,Corbin City,chicken,broiler_2,true,0.0
6001,442075.465068406,4.5741408326661e6,Susquehanna,Kingwood,duck,organic,false,0.004
6002,380873.915100879,4.60933648393575e6,Lycoming,Lindenwold,duck,conventional,false,0.002
6003,315200.654329221,4.56779554559495e6,Schuylkill,Mahwah,chicken,broiler_2,false,0.016
6004,473123.231523189,4.54718921842943e6,Berks,Port Matilda,chicken,broiler_1,false,0.044
6005,418250.591598694,4.72576984579176e6,Lancaster,Scotch Plains,chicken,broiler_2,false,0.014
6006,480133.732634989,4.71265156130207e6,Indiana,Collingswood,chicken,broiler_2,false,0.04
6007,373110.725487541,4.58748025705982e6,Mercer,White,chicken,broiler_2,false,0.01
6008,489776.437649725,4.50079036065655e6,Luzerne,Teaneck,duck,organic,false,0.004
6009,388010.449857982,4.60315895936306e6,Lycoming,Swedesboro,chicken,layer,false,0.008
6010,479167.400236948,4.71204745828139e6,Indiana,Collingswood,duck,conventional,false,0.008
6011,449471.469783168,4.59584433299602e6,Susquehanna,Egg Harbor,duck,conventional,false,0.006
6012,471307.742310355,4.52042993392973e6,Berks,Warwick,duck,conventional,false,0.01
6013,405894.675481693,4.49740413121763e6,Mifflin,Chesterfield,duck,organic,false,0.0
6014,442205.959991505,4.71520754956793e6,Lancaster,Pitman,duck,conventional,false,0.0
6015,449399.078271338,4.6105833281763e6,Susquehanna,Stone Harbor,duck,conventional,false,0.008
6016,390503.022909753,4.7036251532736e6,Lancaster,Florence,duck,conventional,false,0.002
6017,419267.748887097,4.69576043549214e6,Lancaster,Raritan,duck,conventional,false,0.0
6018,382819.971923314,4.50356755603591e6,Mifflin,Springfield,chicken,broiler_2,false,0.008
6019,446327.568902583,4.56831861414948e6,Berks,Taylor,duck,conventional,true,0.0
6020,358835.131618111,4.56108521950779e6,Schuylkill,Allendale,duck,conventional,false,0.002
6021,467291.899058405,4.65580670008137e6,Allegheny,Orange,duck,conventional,false,0.002
6022,364406.490079797,4.62990008740921e6,Blair,Somerville,chicken,broiler_1,false,0.008
6023,405129.426140814,4.60296549159724e6,Lycoming,Woolwich,duck,conventional,false,0.004
6024,379118.887023399,4.65295835065414e6,Blair,Hatboro,duck,organic,false,0.004
6025,368958.930548998,4.62880295669223e6,Blair,Pompton Lakes,duck,conventional,false,0.004
6026,468266.450014756,4.65340823878393e6,Allegheny,Marlborough,chicken,broiler_2,false,0.016
6027,367463.151643698,4.57091791879696e6,Cumberland,Philipsburg,chicken,broiler_2,false,0.012
6028,320554.160263431,4.56482978442057e6,Schuylkill,Frenchtown,duck,conventional,false,0.002
6029,376048.909226725,4.57218951444713e6,Cumberland,Philipsburg,chicken,broiler_1,false,0.01
6030,339293.120698884,4.53331116896595e6,Schuylkill,Hamburg,duck,conventional,false,0.0
6031,439192.099022831,4.60297327407857e6,Susquehanna,Fair Lawn,chicken,broiler_2,false,0.002
6032,326544.216187148,4.60416115762011e6,Venango,Montville,chicken,broiler_2,false,0.014
6033,372285.399462727,4.51934523483528e6,Cumberland,Wyckoff,chicken,broiler_2,false,0.006
6034,477421.762686611,4.54874345894644e6,Berks,Port Matilda,duck,conventional,false,0.01
6035,480901.920220817,4.66629289470324e6,Allegheny,Harris,chicken,layer,false,0.022
6036,399270.334966624,4.49081169451161e6,Mifflin,Jamesburg,duck,conventional,false,0.002
6037,352549.253347666,4.56355322464862e6,Schuylkill,Allendale,chicken,broiler_1,false,0.012
6038,465717.004534652,4.71601694996161e6,Indiana,Morristown,duck,conventional,false,0.006
6039,336144.201646493,4.61015414383418e6,Venango,Maurice River,chicken,broiler_1,false,0.01
6040,414000.620341826,4.59010080822605e6,Lycoming,Maple Shade,duck,conventional,false,0.002
6041,390523.956650299,4.50383595644278e6,Mifflin,Elsinboro,chicken,broiler_2,false,0.004
6042,466695.131546623,4.56271358558883e6,Berks,Barnegat Light,duck,conventional,false,0.008
6043,362254.12618138,4.60281478910674e6,Mercer,Lopatcong,duck,conventional,false,0.0
6044,299802.521574465,4.59942519292609e6,Venango,Eastampton,chicken,broiler_1,false,0.01
6045,430578.171842055,4.59653607118047e6,Lycoming,Ramsey,chicken,broiler_2,false,0.0
6046,471928.849307246,4.6455165798085e6,Allegheny,Marlborough,duck,conventional,false,0.002
6047,312568.851861456,4.56251302140965e6,Schuylkill,Blairstown,chicken,broiler_2,false,0.006
6048,450972.054093053,4.56372922063156e6,Berks,Taylor,chicken,broiler_2,false,0.028
6049,382305.807828598,4.66108122451579e6,Blair,Perth Amboy,chicken,broiler_2,false,0.012
6050,428407.625017131,4.60666270656378e6,Susquehanna,Palmyra,duck,organic,false,0.002
6051,489953.220549226,4.4607143817026e6,Luzerne,Andover,duck,conventional,false,0.0
6052,409837.066446009,4.4984254988247e6,Mifflin,Folsom,duck,organic,false,0.0
6053,359094.893044289,4.58081075939946e6,Mercer,Atlantic Highlands,duck,conventional,false,0.0
6054,377244.013664515,4.580938289871e6,Mercer,Bass River,chicken,broiler_2,false,0.006
6055,339049.703891133,4.58720264578864e6,Mercer,Chalfont,duck,conventional,false,0.002
6056,383454.695320075,4.656613405931e6,Blair,Buena,chicken,broiler_1,false,0.006
6057,352247.689440081,4.54539456010511e6,Schuylkill,Silverdale,duck,conventional,false,0.002
6058,422945.856766511,4.49461985937104e6,Mifflin,Middletown,chicken,broiler_2,false,0.016
6059,350687.255422405,4.57019194403945e6,Schuylkill,Wanaque,chicken,broiler_2,false,0.01
6060,354877.128253739,4.5449940066628e6,Schuylkill,Silverdale,chicken,broiler_2,false,0.01
6061,427901.525669389,4.4866209793228e6,Mifflin,Hillside,duck,conventional,false,0.002
6062,488530.316219403,4.67463781273057e6,Allegheny,Snow Shoe,duck,conventional,false,0.002
6063,374991.455048878,4.53991200296933e6,Cumberland,Hackensack,chicken,broiler_2,false,0.01
6064,401239.513320986,4.50213862662981e6,Mifflin,Livingston,chicken,broiler_2,false,0.008
6065,348301.411488069,4.57594580178688e6,Mercer,Lambertville,duck,conventional,false,0.004
6066,397801.742019968,4.57273441708838e6,Cumberland,Bridgeton,duck,conventional,false,0.0
6067,379693.904509382,4.51519152065746e6,Cumberland,Wyckoff,chicken,broiler_2,false,0.01
6068,383730.137280432,4.60499543148486e6,Lycoming,Hasbrouck Heights,chicken,broiler_2,false,0.016
6069,405191.088743811,4.50073167223649e6,Mifflin,Livingston,chicken,broiler_2,false,0.012
6070,347165.198968574,4.61180840405039e6,Venango,Totowa,duck,conventional,false,0.002
6071,439501.444960404,4.60109633581722e6,Susquehanna,Fair Lawn,chicken,broiler_1,false,0.022
6072,371804.509926634,4.52931455423171e6,Cumberland,Highlands,chicken,layer,false,0.016
6073,484705.047561581,4.72173080899723e6,Indiana,Clayton,chicken,broiler_2,false,0.016
6074,438254.222157515,4.72011793208067e6,Lancaster,Matawan,duck,conventional,false,0.002
6075,470924.367371327,4.6759958250483e6,Allegheny,Lacey,duck,conventional,false,0.002
6076,374308.945921463,4.60807092479494e6,Mercer,Monmouth Beach,duck,conventional,false,0.0
6077,324575.925141842,4.57933171860065e6,Schuylkill,Victory Gardens,duck,conventional,false,0.0
6078,367980.344859157,4.5221213105423e6,Cumberland,Bergen,duck,conventional,false,0.002
6079,496671.98428211,4.70085883340529e6,Indiana,Glen Gardner,chicken,broiler_2,false,0.024
6080,375869.572762403,4.65033763585826e6,Blair,Hatboro,duck,organic,false,0.0
6081,510689.175166604,4.71738041555953e6,Indiana,Fairview,duck,organic,false,0.01
6082,438262.327699751,4.71281510904452e6,Lancaster,Pitman,duck,conventional,false,0.002
6083,422932.205046065,4.61418734388611e6,Susquehanna,Commercial,duck,conventional,false,0.0
6084,338718.983948123,4.53807684835177e6,Schuylkill,Potter,chicken,broiler_2,false,0.012
6085,453197.312223865,4.59976828821012e6,Susquehanna,Parsippany-Troy Hills,duck,conventional,false,0.006
6086,309140.137158285,4.59950580079002e6,Venango,Eatontown,duck,conventional,false,0.002
6087,360161.822062096,4.63034862327282e6,Blair,Somerville,chicken,broiler_2,false,0.012
6088,313728.958532528,4.58496508203956e6,Venango,Plainsboro,chicken,layer,false,0.01
6089,349946.431809098,4.58007792039205e6,Mercer,Atlantic Highlands,duck,organic,false,0.0
6090,448380.279488531,4.60937233086484e6,Susquehanna,Langhorne,duck,organic,false,0.0
6091,471349.003845278,4.50451112277016e6,Luzerne,Morrisville,chicken,broiler_2,false,0.03
6092,477768.357954006,4.50329393521093e6,Luzerne,Fredon,chicken,broiler_1,false,0.024
6093,367293.24028708,4.61782115859753e6,Mercer,Milltown,chicken,broiler_2,false,0.01
6094,468028.460369425,4.57535120409953e6,Berks,Warren,duck,organic,false,0.01
6095,451028.770738419,4.70468698152099e6,Lancaster,Maplewood,duck,conventional,false,0.008
6096,487240.567349548,4.72288991638104e6,Indiana,Clayton,chicken,broiler_2,false,0.03
6097,384884.869017626,4.61891489373031e6,Blair,Ventnor City,duck,conventional,false,0.002
6098,368392.601702142,4.53935407782542e6,Cumberland,Hackensack,chicken,broiler_2,false,0.014
6099,472208.661301387,4.55343588940846e6,Berks,Port Matilda,chicken,broiler_2,false,0.044
6100,461658.840713385,4.62246462532133e6,Susquehanna,Tinicum,chicken,broiler_2,false,0.032
6101,362286.921761043,4.54382497547688e6,Cumberland,Ferguson,duck,conventional,false,0.004
6102,457060.853265092,4.50258049000019e6,Luzerne,Gwynedd,duck,conventional,false,0.002
6103,493163.098171978,4.67611082069885e6,Allegheny,Snow Shoe,duck,conventional,false,0.008
6104,432821.653575213,4.48536658844915e6,Luzerne,Douglass,duck,organic,false,0.0
6105,499147.961041997,4.72056842281509e6,Indiana,Stafford,chicken,broiler_2,false,0.024
6106,458981.322182577,4.59909949430789e6,Susquehanna,Pennsauken,duck,conventional,false,0.008
6107,364805.438973037,4.58631506949681e6,Mercer,Wayne,duck,conventional,false,0.0
6108,396457.375606899,4.69929493369004e6,Lancaster,Riegelsville,duck,conventional,false,0.0
6109,465223.283696963,4.57069119708374e6,Berks,Warren,chicken,layer,false,0.036
6110,484538.160848305,4.72976723280659e6,Indiana,Wales,chicken,broiler_2,false,0.01
6111,490141.422661658,4.67818197716579e6,Allegheny,Snow Shoe,chicken,broiler_1,false,0.024
6112,446300.187016193,4.62516986033512e6,Susquehanna,Barrington,duck,organic,false,0.002
6113,363729.722937494,4.61406729736382e6,Mercer,Milltown,chicken,broiler_2,false,0.006
6114,323280.25678241,4.57122567904148e6,Schuylkill,Frenchtown,duck,conventional,false,0.002
6115,362181.515337783,4.61884801720599e6,Mercer,Milltown,duck,conventional,false,0.0
6116,357265.447273136,4.57439469827242e6,Mercer,Lambertville,duck,conventional,false,0.0
6117,355685.678420512,4.58220661412865e6,Mercer,Atlantic Highlands,chicken,broiler_2,false,0.018
6118,378022.399831738,4.66092518787066e6,Blair,Audubon,chicken,layer,false,0.006
6119,345827.769175644,4.55978992497174e6,Schuylkill,Dover,duck,conventional,false,0.0
6120,464980.81384598,4.65903588243887e6,Allegheny,Orange,duck,conventional,false,0.01
6121,389875.178045812,4.56755189886786e6,Cumberland,Frederick,chicken,broiler_2,false,0.004
6122,463544.428320339,4.57397363752785e6,Berks,Warren,chicken,broiler_2,false,0.028
6123,428415.739317058,4.70298908804478e6,Lancaster,Bay Head,chicken,broiler_2,false,0.004
6124,358845.593307902,4.56896708811547e6,Mercer,Dunellen,chicken,broiler_2,false,0.012
6125,423298.55932272,4.62059432493479e6,Fulton,Mine Hill,chicken,broiler_2,false,0.004
6126,441079.043262306,4.61829627852789e6,Susquehanna,Montgomery,duck,conventional,false,0.01
6127,443729.358097327,4.71148316588994e6,Indiana,Woodcliff Lake,duck,conventional,false,0.006
6128,472265.396479926,4.47471128202949e6,Luzerne,Oakland,duck,conventional,false,0.0
6129,392858.585554756,4.60613352646484e6,Lycoming,Haledon,chicken,broiler_2,false,0.006
6130,300079.878216161,4.58877613087808e6,Venango,Plainsboro,chicken,broiler_1,false,0.012
6131,402781.623517197,4.61876585107653e6,Blair,Loch Arbour Village,chicken,layer,false,0.01
6132,471113.243521027,4.5765367799971e6,Berks,Warren,chicken,broiler_2,false,0.048
6133,337619.603110751,4.54506854482091e6,Schuylkill,Fanwood,chicken,broiler_2,false,0.006
6134,404478.870823374,4.59686478447869e6,Lycoming,National Park,duck,conventional,false,0.0
6135,443864.362198848,4.71356236885104e6,Indiana,Woodcliff Lake,duck,organic,false,0.002
6136,395343.568970199,4.61522236955459e6,Blair,Hopatcong,chicken,broiler_2,false,0.01
6137,430140.082873174,4.62126189093649e6,Fulton,Mine Hill,duck,conventional,false,0.0
6138,391292.686431808,4.64906808645118e6,Blair,Riverside,chicken,broiler_2,false,0.008
6139,469694.75049137,4.66351682081345e6,Allegheny,Manville,chicken,broiler_2,false,0.03
6140,395649.333873464,4.61130739464481e6,Lycoming,Haledon,chicken,broiler_2,false,0.014
6141,355366.981146516,4.54526717243557e6,Schuylkill,Bethlehem,chicken,broiler_2,false,0.008
6142,363417.601643347,4.53807046796165e6,Cumberland,Ridgefield,duck,conventional,false,0.004
6143,348496.993106647,4.55697036223696e6,Schuylkill,Woodlynne,duck,conventional,false,0.002
6144,400579.616176615,4.59127856420955e6,Lycoming,Tavistock,chicken,broiler_2,false,0.012
6145,352972.395773215,4.60675235429447e6,Mercer,Oradell,duck,conventional,false,0.0
6146,334430.240353651,4.60642808911174e6,Venango,Wildwood,duck,conventional,false,0.0
6147,339589.77842531,4.61071619669189e6,Venango,Maurice River,duck,conventional,false,0.006
6148,404982.614259739,4.7162491903395e6,Lancaster,Plumsted,chicken,layer,false,0.008
6149,441078.729550695,4.59807105372235e6,Susquehanna,Frelinghuysen,chicken,broiler_2,false,0.012
6150,320252.387489602,4.60865429461586e6,Venango,Montville,duck,conventional,false,0.002
6151,394004.932479396,4.61721430934367e6,Blair,Hopatcong,duck,conventional,false,0.0
6152,365176.704749781,4.62423242105374e6,Blair,Pompton Lakes,chicken,broiler_2,false,0.014
6153,416095.802028421,4.48938197877394e6,Mifflin,Margate City,duck,conventional,false,0.004
6154,442929.97998172,4.72363591793554e6,Lancaster,Matawan,chicken,layer,false,0.014
6155,333672.533455682,4.5533494967815e6,Schuylkill,Watchung,chicken,broiler_2,false,0.012
6156,475284.249012269,4.61899002313718e6,Susquehanna,Surf City,duck,conventional,false,0.02
6157,366659.859006385,4.60938928303427e6,Mercer,Deerfield,chicken,broiler_2,false,0.01
6158,361117.676448746,4.61735387874894e6,Mercer,Milltown,chicken,broiler_2,false,0.01
6159,424506.424900555,4.58326963239351e6,Lycoming,Limerick,chicken,broiler_1,false,0.008
6160,409702.884402536,4.5846820463935e6,Lycoming,Califon,duck,conventional,false,0.0
6161,463733.171549484,4.57339293968787e6,Berks,Warren,duck,conventional,false,0.014
6162,396421.353927689,4.6327132712509e6,Blair,Tabernacle,chicken,broiler_2,false,0.012
6163,467789.484075902,4.49130177125181e6,Luzerne,Fredon,duck,conventional,false,0.0
6164,380492.053414622,4.64326927585393e6,Blair,Stillwater,chicken,broiler_2,false,0.002
6165,348595.225009954,4.61146191691277e6,Mercer,Oradell,duck,conventional,false,0.0
6166,376496.862073563,4.5285065260138e6,Cumberland,Pequannock,chicken,broiler_2,false,0.008
6167,396135.877851165,4.50311383260552e6,Mifflin,Seaside Heights,chicken,broiler_1,false,0.0
6168,366303.299809515,4.64865919126156e6,Blair,Woodbury,chicken,broiler_2,false,0.01
6169,474031.867382776,4.71442972056915e6,Indiana,Collingswood,chicken,broiler_2,false,0.022
6170,466941.745301322,4.49445302980846e6,Luzerne,Fredon,duck,conventional,false,0.0
6171,383104.426994274,4.65424720673104e6,Blair,Hatboro,chicken,broiler_2,false,0.008
6172,327800.928706823,4.58062921814563e6,Venango,Deptford,chicken,broiler_1,false,0.006
6173,415616.397262902,4.70639418226748e6,Lancaster,Rocky Hill,duck,organic,false,0.002
6174,494027.920315844,4.46631012867172e6,Luzerne,Andover,duck,conventional,false,0.002
6175,455228.105251054,4.63602156160886e6,Susquehanna,Amwell,duck,organic,false,0.006
6176,384438.303723814,4.53976687474025e6,Cumberland,Perkiomen,duck,conventional,false,0.006
6177,458367.968364865,4.64029106074252e6,Allegheny,Union,duck,conventional,false,0.014
6178,373120.877140698,4.60029224906846e6,Lycoming,Lindenwold,duck,conventional,false,0.002
6179,361859.184905024,4.56382172465835e6,Cumberland,Alexandria,duck,conventional,false,0.004
6180,473626.134024155,4.56566871525627e6,Berks,Barnegat Light,chicken,broiler_1,false,0.038
6181,482418.271514158,4.53126755638524e6,Berks,Middlesex,chicken,broiler_2,false,0.032
6182,484773.353683419,4.48517305306995e6,Luzerne,Pine Hill,chicken,broiler_1,false,0.008
6183,382022.134060068,4.63355403842326e6,Blair,Ho-Ho-Kus,duck,organic,false,0.006
6184,392140.433913675,4.62760271835841e6,Blair,Butler,duck,conventional,false,0.002
6185,387405.405995226,4.53377820447378e6,Cumberland,Shrewsbury,chicken,broiler_2,false,0.008
6186,303375.742305627,4.60348644567545e6,Venango,Eastampton,chicken,broiler_1,false,0.01
6187,359532.319546135,4.62943670528369e6,Blair,Somerville,duck,conventional,false,0.0
6188,331652.48380896,4.60475530500824e6,Venango,Keyport,duck,conventional,false,0.0
6189,352912.094217597,4.59655268024154e6,Mercer,Harrington Park,chicken,layer,false,0.008
6190,467980.805847424,4.72251738582216e6,Indiana,Wall,duck,conventional,false,0.008
6191,491405.90280915,4.68811503149671e6,Allegheny,Farmingdale,duck,conventional,false,0.0
6192,353542.767213576,4.6212101583404e6,Mercer,Mount Arlington,chicken,broiler_1,false,0.006
6193,406476.026419418,4.59874732096193e6,Lycoming,National Park,duck,conventional,false,0.004
6194,453962.543440925,4.59116774161322e6,Susquehanna,Flemington,chicken,broiler_1,false,0.032
6195,496449.53281064,4.47006549634259e6,Luzerne,Old Bridge,duck,conventional,false,0.002
6196,373388.557449051,4.60939026000785e6,Mercer,Monmouth Beach,duck,conventional,false,0.004
6197,500491.603326837,4.70752144093613e6,Indiana,Allentown,chicken,broiler_1,false,0.03
6198,360668.757370555,4.61493956865026e6,Mercer,Mount Arlington,chicken,broiler_2,false,0.006
6199,320743.96025515,4.5813694799357e6,Venango,Deptford,duck,conventional,false,0.004
6200,337134.800761199,4.59739590411473e6,Venango,Tewksbury,chicken,broiler_1,false,0.01
6201,412011.853573093,4.61584283519536e6,Fulton,Delaware,duck,conventional,false,0.0
6202,302829.899497118,4.61376574232196e6,Venango,Ambler,chicken,broiler_2,false,0.004
6203,389397.481913183,4.60163050468878e6,Lycoming,Readington,duck,conventional,false,0.0
6204,341746.363750472,4.60150606717834e6,Venango,River Edge,chicken,broiler_2,false,0.006
6205,502362.617094432,4.47658663432369e6,Luzerne,Old Bridge,duck,conventional,false,0.002
6206,365385.864270235,4.59280086152287e6,Mercer,Wayne,duck,conventional,false,0.002
6207,390417.869782536,4.49845657103322e6,Mifflin,Elsinboro,duck,conventional,false,0.002
6208,413896.399787561,4.59355668070683e6,Lycoming,Maple Shade,chicken,broiler_2,false,0.004
6209,480372.324820162,4.70058291958847e6,Indiana,Buena Vista,duck,organic,false,0.008
6210,396832.138672593,4.71132493655775e6,Lancaster,Florence,duck,conventional,false,0.002
6211,411569.781517091,4.5803173248956e6,Lycoming,New York,duck,conventional,false,0.0
6212,445135.310863796,4.47976996874522e6,Luzerne,Paulsboro,chicken,broiler_2,false,0.004
6213,471074.015298142,4.69801602093541e6,Indiana,Lafayette,duck,organic,false,0.006
6214,457749.086540629,4.60077311346111e6,Susquehanna,Keansburg,duck,conventional,false,0.004
6215,464495.844957845,4.46903310506439e6,Luzerne,Union City,duck,conventional,false,0.002
6216,414336.649186471,4.49572910984216e6,Mifflin,Folsom,chicken,broiler_2,false,0.002
6217,483259.011125183,4.49017642891639e6,Luzerne,Pine Hill,duck,conventional,false,0.024
6218,328169.909433194,4.5469044189098e6,Schuylkill,Kenilworth,chicken,broiler_2,false,0.002
6219,357908.713558182,4.59593785514677e6,Mercer,Middle,duck,conventional,false,0.004
6220,315301.069143042,4.55332972117984e6,Schuylkill,Glassboro,chicken,broiler_1,false,0.008
6221,483120.887083887,4.48414366958081e6,Luzerne,Pine Hill,duck,conventional,false,0.002
6222,403146.20928652,4.48724261795678e6,Mifflin,Jamesburg,chicken,broiler_2,false,0.002
6223,464385.430368126,4.46287889721808e6,Luzerne,Prospect Park,chicken,broiler_2,false,0.014
6224,409554.158290737,4.70542163648216e6,Lancaster,Skippack,duck,conventional,false,0.002
6225,479688.615597989,4.69951923411434e6,Indiana,Buena Vista,chicken,broiler_1,false,0.024
6226,491536.992085807,4.45938659792685e6,Luzerne,Andover,duck,conventional,false,0.0
6227,438117.9528529,4.62279059185914e6,Susquehanna,Montgomery,chicken,broiler_1,false,0.004
6228,463689.557928656,4.60231692006825e6,Susquehanna,Pennsauken,duck,conventional,false,0.008
6229,468502.855413301,4.69439209442425e6,Indiana,Madison,chicken,broiler_1,false,0.022
6230,398642.070805406,4.67896427732941e6,Blair,Branchburg,chicken,broiler_2,false,0.016
6231,459112.016077821,4.61362836007579e6,Susquehanna,Green,duck,conventional,false,0.01
6232,477034.574947493,4.4795896230242e6,Luzerne,Haworth,duck,conventional,false,0.006
6233,470253.049114543,4.54768489786817e6,Berks,Port Matilda,chicken,broiler_2,false,0.044
6234,484624.578342824,4.73102226628049e6,Indiana,Wales,duck,conventional,false,0.002
6235,343519.075397181,4.56238103211369e6,Schuylkill,Dover,chicken,broiler_2,false,0.01
6236,486180.23574606,4.49235403042559e6,Luzerne,Teaneck,chicken,broiler_2,false,0.042
6237,314863.872242998,4.56402020833253e6,Schuylkill,Westampton,chicken,broiler_2,false,0.008
6238,414434.9524048,4.58795239613796e6,Lycoming,Maple Shade,duck,conventional,false,0.002
6239,311369.086773627,4.61311876117079e6,Venango,Kinnelon,duck,conventional,false,0.0
6240,401520.007085713,4.60743875666951e6,Lycoming,Monroe,duck,organic,false,0.002
6241,486120.353192331,4.67125979083093e6,Allegheny,Colts Neck,chicken,broiler_2,false,0.026
6242,319122.884113449,4.55841287205171e6,Schuylkill,Glassboro,duck,conventional,false,0.004
6243,486168.26799613,4.66014323241905e6,Allegheny,Fair Haven,duck,conventional,false,0.006
6244,395244.554535498,4.62725793388175e6,Blair,Butler,chicken,broiler_1,false,0.012
6245,375104.291965281,4.56526141949794e6,Cumberland,Alexandria,chicken,broiler_2,false,0.008
6246,456064.227043905,4.50741017366011e6,Luzerne,Gwynedd,chicken,broiler_2,false,0.0
6247,481217.56726598,4.66678420104708e6,Allegheny,Harris,duck,conventional,false,0.004
6248,387787.633052786,4.58549292918025e6,Cumberland,Essex Fells,duck,organic,false,0.004
6249,370617.535751687,4.59038268919986e6,Mercer,White,duck,organic,false,0.004
6250,403880.308568745,4.60963225232243e6,Lycoming,Monroe,duck,conventional,false,0.0
6251,379567.344599931,4.59378932648124e6,Lycoming,Delran,chicken,broiler_2,false,0.012
6252,457927.40415507,4.73239977992857e6,Indiana,Ewing,duck,conventional,false,0.01
6253,312624.679400169,4.62078436622008e6,Venango,Kinnelon,duck,conventional,false,0.002
6254,340672.119083037,4.58400978344829e6,Mercer,Chalfont,chicken,broiler_2,false,0.012
6255,341523.294511902,4.53079117477282e6,Schuylkill,Brick,chicken,broiler_2,false,0.01
6256,331709.079878475,4.55976795952357e6,Schuylkill,Watchung,duck,conventional,false,0.004
6257,462426.852813592,4.56080038267755e6,Berks,Barnegat Light,chicken,broiler_2,false,0.024
6258,410160.877606682,4.57408573320187e6,Lycoming,Marlboro,duck,conventional,false,0.0
6259,410927.406046638,4.48768937000943e6,Mifflin,Margate City,duck,conventional,false,0.0
6260,459018.240747401,4.4680623714427e6,Luzerne,Union City,duck,conventional,false,0.0
6261,434504.877474493,4.47642052393452e6,Luzerne,Douglass,chicken,broiler_1,false,0.01
6262,480819.211512817,4.5030738610011e6,Luzerne,Fredon,chicken,broiler_2,false,0.024
6263,414597.272305737,4.4974757159949e6,Mifflin,Folsom,chicken,broiler_2,false,0.008
6264,414043.247982647,4.70877076215853e6,Lancaster,Skippack,duck,conventional,false,0.002
6265,410314.657864083,4.57947817737299e6,Lycoming,Marlboro,chicken,broiler_2,false,0.004
6266,371770.058970291,4.55364511371495e6,Cumberland,Bergenfield,chicken,broiler_2,false,0.016
6267,470165.644387533,4.70669875904655e6,Indiana,Boonton,chicken,layer,false,0.014
6268,361459.35934916,4.56427431210364e6,Cumberland,Alexandria,duck,organic,false,0.004
6269,477050.546351773,4.46997177560259e6,Luzerne,Roselle Park,chicken,broiler_2,false,0.004
6270,329382.96352143,4.55531113332387e6,Schuylkill,Rahway,duck,conventional,false,0.006
6271,342889.576725607,4.5798719437504e6,Mercer,Metuchen,chicken,broiler_1,false,0.006
6272,399817.372192454,4.50052702507129e6,Mifflin,Green Brook,duck,organic,false,0.002
6273,322690.447313307,4.55793448099981e6,Schuylkill,Frenchtown,duck,conventional,false,0.0
6274,455716.036119204,4.62079137366615e6,Susquehanna,Beach Haven,duck,conventional,false,0.004
6275,366389.128225108,4.52822999959104e6,Cumberland,Ringwood,duck,conventional,false,0.006
6276,459046.603960315,4.73241818613052e6,Indiana,Ewing,duck,conventional,false,0.0
6277,477038.403466032,4.47216472753525e6,Luzerne,Roselle Park,duck,conventional,false,0.0
6278,477951.526579696,4.69874935327175e6,Indiana,Allamuchy,chicken,broiler_2,false,0.034
6279,478920.549903359,4.55039097448824e6,Berks,Port Matilda,chicken,layer,false,0.034
6280,403810.630059191,4.59878109268604e6,Lycoming,Woolwich,chicken,broiler_2,false,0.008
6281,335938.677404245,4.60835331662504e6,Venango,Maurice River,duck,conventional,false,0.0
6282,407241.895602182,4.57250465319755e6,Lycoming,Marlboro,chicken,broiler_1,false,0.014
6283,447458.615242358,4.70339418386896e6,Lancaster,Maplewood,duck,conventional,false,0.008
6284,396906.179457625,4.6157161470939e6,Blair,Hopatcong,chicken,broiler_1,false,0.01
6285,469691.094604692,4.65057211070311e6,Allegheny,Marlborough,duck,conventional,false,0.002
6286,392075.934357661,4.64023184881482e6,Blair,Alloway,chicken,broiler_1,false,0.006
6287,396908.604993398,4.4887040676047e6,Mifflin,Garwood,duck,conventional,false,0.0
6288,429919.124766812,4.61468648446815e6,Susquehanna,Commercial,chicken,broiler_2,false,0.008
6289,429128.542583544,4.6203476221925e6,Fulton,Mine Hill,chicken,broiler_1,false,0.004
6290,463192.732018631,4.71114093085305e6,Indiana,Morristown,duck,organic,true,0.0
6291,465753.635498844,4.46068549858059e6,Luzerne,Prospect Park,chicken,broiler_2,false,0.006
6292,449550.220041615,4.56242964665964e6,Berks,Taylor,chicken,broiler_2,false,0.018
6293,413780.523193425,4.71756624142954e6,Lancaster,Bloomingdale,chicken,broiler_1,false,0.012
6294,340225.280876306,4.56905531177454e6,Schuylkill,State College,duck,conventional,false,0.0
6295,334273.748769014,4.60465066442736e6,Venango,Wildwood,duck,conventional,false,0.002
6296,463188.083571547,4.61038922888787e6,Susquehanna,Montague,chicken,broiler_1,false,0.046
6297,401121.796205299,4.70330325482912e6,Lancaster,Riegelsville,duck,conventional,false,0.002
6298,495069.95671283,4.46596949793662e6,Luzerne,Andover,chicken,broiler_2,false,0.004
6299,357027.221179098,4.62452059826339e6,Mercer,Atlantic City,chicken,layer,false,0.006
6300,494600.287267749,4.47550920100394e6,Luzerne,Old Bridge,duck,conventional,false,0.0
6301,483624.676333872,4.67787287353235e6,Allegheny,Peapack-Gladstone,chicken,broiler_2,false,0.028
6302,361938.967978089,4.57004572702312e6,Mercer,Dunellen,chicken,broiler_2,false,0.01
6303,388773.104877025,4.64274496086401e6,Blair,Mount Laurel,chicken,broiler_1,false,0.01
6304,464332.144832162,4.53649520802827e6,Berks,Jersey City,chicken,broiler_2,false,0.016
6305,327592.968914795,4.59298500039697e6,Venango,Clark,chicken,broiler_1,false,0.01
6306,356347.380969465,4.55876790084738e6,Schuylkill,Allendale,chicken,broiler_2,false,0.004
6307,371421.880430671,4.57931888309087e6,Mercer,Clinton,chicken,broiler_1,false,0.006
6308,334539.992936981,4.60693689211076e6,Venango,Wildwood,chicken,broiler_2,false,0.01
6309,344425.849426979,4.5393361423318e6,Schuylkill,Neptune,duck,organic,false,0.002
6310,338850.227955838,4.61239368965449e6,Venango,Maurice River,chicken,broiler_2,false,0.008
6311,413290.971700201,4.61007539372097e6,Lycoming,Lebanon,chicken,broiler_2,false,0.006
6312,469793.410467861,4.53437237838435e6,Berks,Irvington,chicken,layer,false,0.056
6313,495914.831541537,4.72163483414289e6,Indiana,Clayton,chicken,broiler_1,false,0.026
6314,388814.031410112,4.5349801307479e6,Cumberland,Shrewsbury,chicken,broiler_2,false,0.008
6315,348098.835748397,4.62272977392133e6,Mercer,Atlantic City,chicken,broiler_2,false,0.018
6316,309193.137636673,4.55795592727e6,Schuylkill,Worth,chicken,broiler_2,false,0.006
6317,501175.304529208,4.71589728780647e6,Indiana,Stafford,chicken,broiler_2,false,0.03
6318,384214.966336263,4.619855018951e6,Blair,Pottsgrove,chicken,broiler_2,false,0.01
6319,434758.60626575,4.7216673481021e6,Lancaster,Shiloh,chicken,broiler_1,false,0.006
6320,374702.172511625,4.56450301321093e6,Cumberland,Alexandria,chicken,broiler_2,false,0.012
6321,422711.679069384,4.7207705153724e6,Lancaster,Scotch Plains,duck,conventional,false,0.004
6322,461106.77094837,4.60045205199292e6,Susquehanna,Pennsauken,chicken,broiler_1,false,0.018
6323,494157.865620441,4.72026411737222e6,Indiana,Berkeley,duck,conventional,false,0.002
6324,387844.959404501,4.57012354349244e6,Cumberland,Frederick,duck,conventional,false,0.002
6325,483795.154448489,4.5260515266937e6,Berks,Middlesex,duck,conventional,false,0.014
6326,386513.798696163,4.63757082910848e6,Blair,Alloway,duck,conventional,false,0.002
6327,377752.036137092,4.65125567150464e6,Blair,Bradley Beach,chicken,broiler_1,false,0.004
6328,442442.139840337,4.72190603724862e6,Lancaster,Matawan,chicken,broiler_1,false,0.016
6329,444906.33186079,4.71736882338297e6,Lancaster,Matawan,chicken,layer,false,0.028
6330,381875.697559845,4.59436719597836e6,Lycoming,Delran,chicken,layer,false,0.002
6331,481081.57093077,4.470792680137e6,Luzerne,Roselle Park,duck,organic,false,0.0
6332,460815.961338974,4.59660389764218e6,Susquehanna,Pennington,duck,organic,false,0.016
6333,438485.615047633,4.57743841569773e6,Susquehanna,Galloway,chicken,broiler_2,false,0.022
6334,372092.144729104,4.58973131961604e6,Mercer,White,duck,organic,false,0.006
6335,426691.653381756,4.70428704582821e6,Lancaster,Phillipsburg,duck,conventional,false,0.0
6336,475343.089773124,4.71320778361991e6,Indiana,Collingswood,duck,conventional,false,0.002
6337,357808.342357392,4.5455632361871e6,Schuylkill,Bethlehem,duck,conventional,false,0.002
6338,481556.451354404,4.5140684763242e6,Luzerne,Hardyston,chicken,broiler_2,false,0.024
6339,470245.010996858,4.46347776541249e6,Luzerne,Norristown,duck,conventional,false,0.002
6340,433719.678807282,4.60508920013954e6,Susquehanna,Hackettstown,duck,conventional,false,0.0
6341,375938.202019351,4.62935202024093e6,Blair,Ho-Ho-Kus,chicken,broiler_2,false,0.012
6342,441628.615509549,4.69487180123832e6,Lancaster,Alloways Creek,duck,organic,false,0.002
6343,362540.183090985,4.58116900630871e6,Mercer,Ogdensburg,chicken,broiler_2,false,0.012
6344,378643.233028841,4.5719289633271e6,Cumberland,Philipsburg,chicken,broiler_2,false,0.012
6345,380350.274722416,4.57461716644925e6,Cumberland,Windsor,duck,conventional,false,0.002
6346,330869.287062987,4.61675628102527e6,Venango,Red Bank,duck,conventional,false,0.002
6347,464126.694684432,4.62954607807459e6,Susquehanna,Knowlton,chicken,broiler_1,false,0.032
6348,477981.49802635,4.51659446710334e6,Luzerne,Hardyston,chicken,broiler_2,false,0.02
6349,423811.34025642,4.6168607546917e6,Fulton,Mine Hill,duck,conventional,false,0.002
6350,461983.635087522,4.65062784906963e6,Allegheny,Oldmans,duck,organic,false,0.004
6351,359101.20726109,4.62137714609917e6,Mercer,Milltown,chicken,broiler_1,false,0.006
6352,485896.817261,4.50157265202193e6,Luzerne,Teaneck,duck,organic,false,0.008
6353,411093.012227648,4.70491566405762e6,Lancaster,Skippack,chicken,broiler_2,false,0.01
6354,445349.282210192,4.48607751313385e6,Luzerne,Paulsboro,chicken,broiler_2,false,0.01
6355,387877.392484022,4.52989983446671e6,Cumberland,Millstone,chicken,broiler_2,false,0.018
6356,474406.438558189,4.71730429280074e6,Indiana,Collingswood,chicken,broiler_2,false,0.036
6357,438120.55214481,4.61323410905038e6,Susquehanna,Newark,duck,conventional,false,0.0
6358,426500.018028518,4.5819628351044e6,Lycoming,Berkeley Heights,chicken,broiler_2,false,0.004
6359,360897.438554893,4.602649661503e6,Mercer,Lopatcong,chicken,broiler_2,false,0.012
6360,447184.177147157,4.62900897038673e6,Susquehanna,Cranford,chicken,broiler_2,false,0.044
6361,381784.467191804,4.61802276778989e6,Blair,Pottsgrove,chicken,broiler_1,false,0.012
6362,435949.001556278,4.58564251679497e6,Susquehanna,Mount Holly,chicken,broiler_2,false,0.016
6363,328339.626714086,4.57378741727058e6,Schuylkill,Audubon Park,chicken,broiler_1,false,0.006
6364,448779.310973286,4.71807674175014e6,Lancaster,Matawan,duck,conventional,false,0.008
6365,463596.576420327,4.48125823705125e6,Luzerne,Fieldsboro,duck,conventional,false,0.002
6366,355450.921614656,4.5748127159105e6,Mercer,Lambertville,chicken,layer,false,0.014
6367,329969.692475129,4.61106599154149e6,Venango,Wildwood,duck,conventional,false,0.006
6368,488747.047413146,4.69852306810134e6,Indiana,Beachwood,chicken,broiler_2,false,0.016
6369,372904.012011084,4.63188610364225e6,Blair,Ho-Ho-Kus,duck,conventional,false,0.004
6370,462023.825316785,4.5961072101386e6,Susquehanna,Pennington,duck,organic,false,0.008
6371,486690.736597033,4.67622039785632e6,Allegheny,Peapack-Gladstone,chicken,broiler_2,true,0.0
6372,416310.85774572,4.5827224558945e6,Lycoming,Califon,chicken,broiler_2,false,0.012
6373,477856.407105573,4.52601236294645e6,Berks,Middlesex,chicken,broiler_1,false,0.034
6374,404358.628000107,4.62371627205014e6,Blair,Woodbine,chicken,layer,false,0.016
6375,307133.977791416,4.61083893642295e6,Venango,Ambler,duck,conventional,false,0.002
6376,442124.704918028,4.57032812938381e6,Susquehanna,Kingwood,chicken,broiler_2,false,0.018
6377,473667.77464014,4.48568756995919e6,Luzerne,Haworth,chicken,broiler_1,false,0.012
6378,380761.892171203,4.5405422041293e6,Cumberland,Hackensack,chicken,broiler_2,false,0.004
6379,366821.436774023,4.57595272540882e6,Mercer,Dunellen,duck,conventional,false,0.004
6380,369963.891099113,4.53442763450063e6,Cumberland,Highlands,duck,conventional,false,0.004
6381,466844.862556042,4.45964337762433e6,Luzerne,Norristown,duck,conventional,false,0.0
6382,365144.330214775,4.55990892966274e6,Cumberland,Bellmawr,chicken,broiler_1,false,0.004
6383,461769.534557174,4.61023911333072e6,Susquehanna,Montague,chicken,broiler_1,false,0.02
6384,388734.535609863,4.52669719997948e6,Cumberland,Millstone,duck,conventional,false,0.0
6385,467069.143574097,4.51544400800087e6,Berks,Warwick,duck,conventional,false,0.006
6386,435210.605619689,4.70406786112372e6,Lancaster,Norriton,chicken,broiler_2,false,0.004
6387,379678.670936873,4.64063373640925e6,Blair,Stillwater,duck,organic,false,0.0
6388,393301.083477035,4.61820818001249e6,Blair,Hopatcong,duck,conventional,false,0.002
6389,468331.735162399,4.53200489184383e6,Berks,Irvington,chicken,broiler_2,false,0.05
6390,493348.077661273,4.70646690503189e6,Indiana,Huston,chicken,broiler_1,false,0.038
6391,349586.099924774,4.54440316565673e6,Schuylkill,Frankford,duck,conventional,false,0.002
6392,398985.713770415,4.57390293159492e6,Cumberland,Bridgeton,chicken,broiler_1,false,0.006
6393,421124.298545855,4.7112300682334e6,Lancaster,Runnemede,chicken,broiler_1,false,0.01
6394,342411.833063354,4.62545389640441e6,Venango,Red Bank,duck,conventional,false,0.004
6395,335764.932857687,4.56224387193252e6,Schuylkill,Watchung,duck,conventional,false,0.004
6396,364051.452189892,4.61425514173591e6,Mercer,Milltown,chicken,broiler_1,false,0.018
6397,450407.824521497,4.5624547820501e6,Berks,Woodbridge,duck,conventional,false,0.004
6398,345428.231546063,4.60284026883064e6,Mercer,Weehawken,chicken,broiler_2,false,0.014
6399,476927.345856543,4.72449766896687e6,Indiana,Wales,chicken,broiler_1,false,0.018
6400,424481.047043395,4.60899910203693e6,Susquehanna,Commercial,duck,organic,false,0.002
6401,433075.379328635,4.69449535745823e6,Lancaster,Union Beach,chicken,broiler_2,false,0.012
6402,482542.630367463,4.49477560700472e6,Luzerne,Pine Hill,chicken,broiler_1,false,0.058
6403,447885.884500062,4.4742791841029e6,Luzerne,Woodstown,chicken,layer,false,0.008
6404,487081.098937679,4.71484779408719e6,Indiana,Robbinsville,duck,conventional,false,0.008
6405,492210.756567317,4.71343594452709e6,Indiana,Bedminster,duck,conventional,false,0.012
6406,324802.91209134,4.5534175906309e6,Schuylkill,Oaklyn,duck,conventional,false,0.0
6407,474097.534269928,4.67404260379727e6,Allegheny,Lacey,chicken,broiler_2,false,0.024
6408,486975.04093006,4.67442756862335e6,Allegheny,Colts Neck,chicken,broiler_2,false,0.022
6409,354138.000515343,4.55546810469045e6,Schuylkill,Summit,duck,organic,false,0.002
6410,490020.634833786,4.47560246708837e6,Luzerne,Old Bridge,duck,conventional,false,0.0
6411,368797.079601568,4.59668004920053e6,Mercer,Mannington,chicken,broiler_2,false,0.01
6412,313334.768638891,4.56223530416273e6,Schuylkill,Blairstown,duck,conventional,false,0.002
6413,462547.979143276,4.49539991283193e6,Luzerne,Fredon,chicken,broiler_2,false,0.01
6414,473710.855526549,4.70658894395787e6,Indiana,Corbin City,duck,conventional,false,0.006
6415,435356.809713546,4.7190248114848e6,Lancaster,Matawan,duck,conventional,false,0.0
6416,394299.236918469,4.49812562105866e6,Mifflin,Elsinboro,duck,conventional,false,0.002
6417,407014.537733428,4.72104999563323e6,Lancaster,High Bridge,chicken,broiler_2,false,0.01
6418,358093.091946848,4.54821599609315e6,Schuylkill,Hillsborough,chicken,broiler_2,false,0.006
6419,469000.254410229,4.46444417747039e6,Luzerne,Prospect Park,chicken,broiler_2,false,0.01
6420,400382.686839421,4.49441115881787e6,Mifflin,Wood-Ridge,chicken,broiler_2,false,0.016
6421,349403.741175472,4.62305125290835e6,Mercer,Atlantic City,duck,conventional,false,0.002
6422,375562.587726519,4.60943139045783e6,Mercer,Monmouth Beach,chicken,broiler_2,false,0.01
6423,309733.353982818,4.59755732937305e6,Venango,Cinnaminson,chicken,broiler_1,false,0.006
6424,426221.805247718,4.61374869437521e6,Susquehanna,Commercial,chicken,broiler_2,false,0.002
6425,388645.235966489,4.51598120207827e6,Cumberland,Spring Lake,chicken,broiler_2,false,0.012
6426,456325.210969805,4.63854198043092e6,Susquehanna,Amwell,duck,organic,false,0.01
6427,362716.079199156,4.62312188588993e6,Mercer,Milltown,duck,organic,false,0.002
6428,449098.439874594,4.72454543048253e6,Indiana,Millburn,chicken,layer,false,0.044
6429,483900.55627186,4.65174175433614e6,Allegheny,Spring Lake Heights,chicken,broiler_1,false,0.038
6430,464212.786150336,4.49912735185757e6,Luzerne,Fredon,duck,conventional,false,0.006
6431,476229.348651874,4.64782983263181e6,Allegheny,Spring Lake Heights,duck,conventional,false,0.006
6432,460518.915065541,4.61452328390077e6,Susquehanna,Montague,chicken,broiler_1,false,0.04
6433,406512.8154349,4.59033981647497e6,Lycoming,Montclair,chicken,broiler_2,false,0.01
6434,424651.759934591,4.60979967448541e6,Susquehanna,Commercial,duck,organic,false,0.002
6435,360241.877493349,4.59449156438654e6,Mercer,Walker,chicken,layer,false,0.008
6436,369010.000843852,4.61657292123204e6,Mercer,Milltown,duck,organic,false,0.0
6437,436863.229586754,4.71328771229009e6,Lancaster,Pitman,chicken,broiler_2,false,0.012
6438,482464.947000833,4.47949846636455e6,Luzerne,Haworth,chicken,broiler_2,false,0.008
6439,449732.110458427,4.55754311058973e6,Berks,Woodbridge,chicken,broiler_2,false,0.018
6440,486053.982177422,4.50404534485373e6,Luzerne,Teaneck,chicken,broiler_1,false,0.014
6441,357572.192902415,4.56126116620391e6,Schuylkill,Allendale,chicken,broiler_2,false,0.014
6442,489227.273945981,4.66689113406783e6,Allegheny,Colts Neck,duck,conventional,false,0.0
6443,390697.206629885,4.6092516331978e6,Lycoming,Haledon,chicken,broiler_2,false,0.01
6444,460048.048641957,4.57708457413844e6,Berks,Warren,duck,organic,false,0.012
6445,321091.747640831,4.60642353624493e6,Venango,Montville,chicken,broiler_2,false,0.006
6446,479368.474843741,4.49171219424531e6,Luzerne,Pine Hill,chicken,broiler_2,false,0.044
6447,441695.733087818,4.71462205057733e6,Lancaster,Pitman,chicken,broiler_1,false,0.006
6448,336739.602174666,4.60883069994289e6,Venango,Maurice River,duck,conventional,false,0.0
6449,431311.090122492,4.72076307914112e6,Lancaster,Chester,duck,conventional,false,0.002
6450,439842.169182632,4.61244052149172e6,Susquehanna,Newark,duck,conventional,false,0.0
6451,400786.09049075,4.57838335486873e6,Lycoming,Marlboro,chicken,broiler_2,false,0.004
6452,484022.921533857,4.49417101342937e6,Luzerne,Pine Hill,chicken,broiler_2,false,0.032
6453,467388.812536624,4.66391877225751e6,Allegheny,Manville,chicken,broiler_2,false,0.038
6454,438469.398861378,4.58544915583856e6,Susquehanna,Lumberton,chicken,broiler_2,false,0.016
6455,465462.397095539,4.50630866739105e6,Luzerne,Morrisville,chicken,broiler_1,false,0.038
6456,485759.013071032,4.6825580332229e6,Allegheny,Peapack-Gladstone,duck,conventional,false,0.01
6457,371582.615707507,4.62019820832167e6,Mercer,Monmouth Beach,chicken,broiler_2,false,0.008
6458,485951.30246923,4.52154684698051e6,Berks,Middlesex,chicken,broiler_2,false,0.036
6459,474589.523067585,4.49144042810558e6,Luzerne,Pine Hill,duck,conventional,false,0.0
6460,389289.28909367,4.56748641488767e6,Cumberland,Frederick,duck,conventional,false,0.002
6461,502566.848152379,4.68996085029984e6,Allegheny,Warminster,duck,conventional,false,0.02
6462,468348.702475182,4.54478097357143e6,Berks,Port Matilda,chicken,broiler_2,false,0.036
6463,386799.286074633,4.64589331766258e6,Blair,Haddon Heights,duck,organic,false,0.004
6464,446538.991163391,4.7053332469095e6,Lancaster,Norriton,duck,conventional,false,0.002
6465,381472.448593147,4.58938696295052e6,Mercer,Oceanport,chicken,broiler_1,false,0.016
6466,391802.708692305,4.55510116301806e6,Cumberland,New Providence,duck,conventional,false,0.0
6467,437523.48830002,4.59479310579393e6,Susquehanna,Fair Lawn,chicken,broiler_2,true,0.0
6468,380379.873149656,4.59653127916165e6,Lycoming,Delran,duck,conventional,false,0.002
6469,401220.225003506,4.68864715091396e6,Lancaster,Kearny,duck,conventional,false,0.002
6470,401697.531961784,4.57945812593379e6,Lycoming,Hoboken,duck,conventional,false,0.0
6471,368358.765425175,4.61892986799215e6,Mercer,Milltown,chicken,broiler_2,false,0.01
6472,385955.253610187,4.62865588945582e6,Blair,Ho-Ho-Kus,duck,organic,false,0.002
6473,447152.205283924,4.58070896082744e6,Susquehanna,Moorestown,duck,conventional,false,0.004
6474,322199.908492734,4.60250567983661e6,Venango,Montville,duck,conventional,false,0.012
6475,500871.854010837,4.71739933803728e6,Indiana,Stafford,duck,organic,false,0.008
6476,390923.188640736,4.70360966142325e6,Lancaster,Florence,chicken,broiler_2,false,0.012
6477,470051.369595028,4.7248343445617e6,Indiana,Sandyston,duck,conventional,false,0.008
6478,388480.857311943,4.56695505577807e6,Cumberland,Frederick,duck,conventional,false,0.0
6479,471582.066855596,4.49018484097111e6,Luzerne,Pine Hill,chicken,broiler_2,false,0.004
6480,372398.17338533,4.63367295942222e6,Blair,Pompton Lakes,duck,organic,false,0.0
6481,441258.129579886,4.72733485428347e6,Lancaster,Westville,duck,conventional,false,0.0
6482,458830.525202098,4.70743238889933e6,Indiana,Brielle,chicken,broiler_1,false,0.022
6483,389635.339583657,4.71053642620767e6,Lancaster,Florence,duck,organic,false,0.0
6484,307579.5510814,4.60017665950789e6,Venango,Eastampton,duck,conventional,false,0.002
6485,490445.135458862,4.66599218829743e6,Allegheny,Colts Neck,duck,conventional,false,0.002
6486,477585.633294246,4.50389437348601e6,Luzerne,Fredon,chicken,broiler_1,false,0.02
6487,430930.500813838,4.69708725269237e6,Lancaster,Union Beach,duck,conventional,false,0.0
6488,450926.286075844,4.4925588534686e6,Luzerne,Paulsboro,chicken,broiler_1,false,0.01
6489,398153.691653141,4.70130799303806e6,Lancaster,Riegelsville,chicken,broiler_1,false,0.006
6490,437729.352584943,4.59685583023113e6,Susquehanna,Fair Lawn,chicken,broiler_1,true,0.0
6491,451080.133634417,4.58011755178441e6,Susquehanna,Moorestown,duck,conventional,false,0.006
6492,476538.451965864,4.68509616274068e6,Indiana,Bryn Athyn,chicken,broiler_2,false,0.02
6493,400122.288603935,4.49446193304291e6,Mifflin,Elmwood Park,duck,conventional,false,0.002
6494,417159.797475937,4.723684826496e6,Lancaster,Scotch Plains,duck,conventional,false,0.004
6495,380082.634255308,4.51501934509563e6,Cumberland,Wyckoff,chicken,broiler_2,false,0.012
6496,370168.29352768,4.55401062244873e6,Cumberland,Avon-by-the-Sea,chicken,layer,false,0.014
6497,457888.476022942,4.70636518449531e6,Indiana,Brielle,chicken,broiler_2,false,0.026
6498,336307.600476092,4.5759849589323e6,Schuylkill,State College,chicken,broiler_1,false,0.008
6499,318490.904948478,4.58931212959206e6,Venango,Port Republic,duck,conventional,false,0.0
6500,487674.701982994,4.49671237778149e6,Luzerne,Teaneck,chicken,layer,false,0.018
6501,460281.479107319,4.61673502481089e6,Susquehanna,Wrightstown,chicken,broiler_2,false,0.036
6502,338935.938407561,4.61063423317998e6,Venango,Maurice River,chicken,broiler_2,false,0.006
6503,435590.39271568,4.60666502685747e6,Susquehanna,Newark,duck,conventional,false,0.0
6504,459845.717767826,4.55717709813639e6,Berks,Port Matilda,chicken,broiler_2,false,0.02
6505,400457.268020369,4.50214232031074e6,Mifflin,Livingston,chicken,broiler_1,false,0.016
6506,352527.122084787,4.55023991092047e6,Schuylkill,Cape May,chicken,broiler_2,false,0.014
6507,398827.92460718,4.61422458563849e6,Blair,Hopatcong,duck,conventional,false,0.006
6508,435710.652413381,4.69812962670141e6,Lancaster,Union Beach,duck,conventional,false,0.002
6509,444682.446933812,4.57306913961203e6,Susquehanna,Kingwood,chicken,broiler_2,false,0.028
6510,427313.489835431,4.48074984409899e6,Mifflin,Hillside,chicken,broiler_2,false,0.014
6511,448582.151276889,4.47555341667998e6,Luzerne,Woodstown,chicken,broiler_2,false,0.01
6512,402838.964830571,4.71524945084191e6,Lancaster,Plumsted,duck,conventional,false,0.004
6513,459733.014194942,4.59064381690022e6,Susquehanna,Sea Girt,chicken,broiler_2,false,0.036
6514,426384.801967371,4.49428296571411e6,Mifflin,Sussex,chicken,broiler_2,false,0.004
6515,465409.089596319,4.65005059754934e6,Allegheny,Oldmans,chicken,broiler_2,false,0.038
6516,301209.621648912,4.60230054946348e6,Venango,Eastampton,chicken,broiler_2,false,0.004
6517,443342.862559824,4.48013402118709e6,Luzerne,Paulsboro,chicken,broiler_2,false,0.006
6518,367799.699300867,4.58586390674938e6,Mercer,Clinton,chicken,broiler_2,false,0.008
6519,363390.955588048,4.60458573846693e6,Mercer,Lopatcong,duck,organic,false,0.002
6520,360978.956144103,4.60571643653833e6,Mercer,Lopatcong,chicken,layer,false,0.014
6521,476469.990581901,4.56250028368801e6,Berks,Barnegat Light,duck,conventional,false,0.004
6522,413838.854775944,4.70706332944327e6,Lancaster,Skippack,duck,conventional,false,0.0
6523,326861.17153407,4.56459674950552e6,Schuylkill,Audubon Park,chicken,broiler_2,false,0.008
6524,372062.434322474,4.62622577948889e6,Blair,Pompton Lakes,duck,conventional,false,0.002
6525,454562.522463795,4.62593645784699e6,Susquehanna,Cape May Point,duck,organic,false,0.004
6526,366366.509001957,4.5767809698308e6,Mercer,Dunellen,duck,organic,false,0.002
6527,465463.629951382,4.52958432399705e6,Berks,Irvington,duck,conventional,false,0.012
6528,426309.276322766,4.70185577053136e6,Lancaster,Phillipsburg,chicken,broiler_2,false,0.002
6529,429771.805042525,4.58121471267049e6,Lycoming,Avalon,chicken,broiler_1,false,0.002
6530,500121.976971847,4.71326727646498e6,Indiana,Fairview,duck,conventional,false,0.016
6531,455769.197704016,4.70789829786713e6,Indiana,Brielle,chicken,broiler_2,true,0.0
6532,468219.024960981,4.58142190904037e6,Berks,Merion,duck,conventional,false,0.006
6533,408103.920837715,4.71222166250317e6,Lancaster,Bloomingdale,duck,conventional,false,0.002
6534,409000.482477785,4.708186229073e6,Lancaster,Bloomingdale,chicken,broiler_1,false,0.012
6535,383335.303838951,4.65849483478799e6,Blair,Buena,duck,conventional,false,0.004
6536,466724.827885511,4.57650700766047e6,Berks,Warren,duck,conventional,false,0.006
6537,350048.293675298,4.60775809716434e6,Mercer,Oradell,duck,conventional,false,0.004
6538,306061.143275863,4.59513753337297e6,Venango,Cinnaminson,duck,organic,false,0.002
6539,488624.023040617,4.48157471650521e6,Luzerne,Medford,duck,conventional,false,0.004
6540,339329.641123566,4.61176973818902e6,Venango,Maurice River,duck,conventional,false,0.004
6541,461212.022316721,4.64444781045941e6,Allegheny,Union,duck,conventional,false,0.004
6542,371029.365587666,4.56419876998361e6,Cumberland,Alexandria,chicken,broiler_1,false,0.012
6543,456130.679818672,4.62239256783853e6,Susquehanna,Beach Haven,chicken,broiler_2,false,0.044
6544,459598.649090917,4.5578033522568e6,Berks,Port Matilda,duck,conventional,false,0.0
6545,404057.014673503,4.58552972110938e6,Lycoming,Midland Park,duck,conventional,false,0.0
6546,372451.045032536,4.57221466417896e6,Cumberland,Philipsburg,chicken,layer,false,0.006
6547,466350.718793815,4.54844850075176e6,Berks,Port Matilda,duck,conventional,false,0.006
6548,461411.670921814,4.72519607610909e6,Indiana,Palisades Park,duck,conventional,false,0.006
6549,426891.154551705,4.49461582840045e6,Mifflin,Sussex,duck,conventional,false,0.004
6550,437023.365946719,4.72940998011974e6,Lancaster,Shiloh,duck,conventional,false,0.004
6551,486301.750930564,4.73056052721037e6,Indiana,Wales,duck,conventional,false,0.004
6552,486081.085453866,4.50158514360117e6,Luzerne,Teaneck,chicken,broiler_2,false,0.028
6553,462388.18140746,4.47772233649257e6,Luzerne,Franklin,duck,organic,false,0.0
6554,372277.474132186,4.58326740326619e6,Mercer,Greenville,chicken,broiler_2,false,0.006
6555,351382.360965511,4.5964872632617e6,Mercer,Harrington Park,duck,conventional,false,0.004
6556,322845.91164317,4.57884163123258e6,Schuylkill,Victory Gardens,duck,conventional,false,0.002
6557,395650.345436201,4.4967069301387e6,Mifflin,Elmwood Park,duck,organic,false,0.0
6558,456657.257281648,4.5613376874027e6,Berks,Stow Creek,chicken,broiler_1,false,0.02
6559,347398.784537306,4.61503736774403e6,Venango,Totowa,chicken,layer,false,0.006
6560,440736.488356819,4.58382113781441e6,Susquehanna,Lumberton,duck,conventional,false,0.0
6561,471715.206024681,4.4687929752023e6,Luzerne,Pemberton,chicken,broiler_1,false,0.01
6562,402127.700142512,4.5795279117154e6,Lycoming,Marlboro,chicken,broiler_1,false,0.006
6563,418513.310468869,4.49296534354559e6,Mifflin,Cherry Hill,chicken,layer,false,0.006
6564,406158.499341131,4.70053888270242e6,Lancaster,Riegelsville,chicken,broiler_1,false,0.008
6565,433218.239020135,4.70388877301695e6,Lancaster,Bay Head,duck,conventional,false,0.0
6566,459028.401224713,4.71535653669956e6,Indiana,Greenwich,chicken,broiler_2,false,0.022
6567,314757.522016455,4.58864117132748e6,Venango,Port Republic,chicken,broiler_2,false,0.008
6568,370885.881603831,4.6108262951123e6,Mercer,Monmouth Beach,duck,conventional,false,0.002
6569,362761.375638234,4.6159904118641e6,Mercer,Milltown,duck,conventional,false,0.002
6570,459230.286616788,4.55450167297521e6,Berks,Port Matilda,duck,conventional,false,0.006
6571,406600.777807608,4.57786519826103e6,Lycoming,Marlboro,chicken,broiler_2,false,0.006
6572,417548.721392733,4.61985922742949e6,Fulton,Delaware,duck,conventional,false,0.002
6573,464867.346643481,4.51246872141351e6,Luzerne,Morrisville,chicken,broiler_1,false,0.042
6574,338019.563887075,4.60683182777695e6,Venango,Maurice River,duck,organic,false,0.004
6575,379872.926049863,4.58446922921612e6,Mercer,Greenville,chicken,broiler_2,false,0.016
6576,400885.365036594,4.57968234007759e6,Lycoming,Hoboken,chicken,broiler_2,false,0.002
6577,301423.965656096,4.59368081447385e6,Venango,Woodland Park,duck,organic,false,0.002
6578,420582.78815026,4.6015742590273e6,Lycoming,Cranbury,duck,conventional,false,0.0
6579,450252.210796354,4.57409851848877e6,Susquehanna,Kingwood,chicken,broiler_1,false,0.02
6580,467245.80864635,4.6504277514776e6,Allegheny,Marlborough,duck,conventional,false,0.004
6581,484348.65299878,4.49380885679394e6,Luzerne,Teaneck,duck,conventional,false,0.01
6582,471639.541471758,4.72455583364943e6,Indiana,Sandyston,duck,conventional,false,0.01
6583,446171.087495712,4.7108295659884e6,Indiana,Woodcliff Lake,chicken,broiler_2,true,0.0
6584,392288.839298173,4.64348562677236e6,Blair,Beverly,duck,organic,false,0.002
6585,456424.558546295,4.60652447243984e6,Susquehanna,Montague,duck,conventional,false,0.0
6586,456091.699302557,4.69658591339603e6,Indiana,Nockamixon,chicken,broiler_2,false,0.032
6587,411350.892188305,4.6176291957353e6,Fulton,Sparta,chicken,broiler_2,false,0.002
6588,326871.153076639,4.54835985276445e6,Schuylkill,Oaklyn,duck,conventional,false,0.002
6589,443841.700764847,4.70649069254223e6,Indiana,Woodcliff Lake,chicken,broiler_2,false,0.02
6590,477557.797202333,4.4628723393137e6,Luzerne,Norristown,duck,conventional,false,0.0
6591,335360.871329345,4.57330341687256e6,Schuylkill,State College,duck,conventional,false,0.002
6592,375087.066849951,4.65643909748312e6,Blair,Bradley Beach,chicken,layer,false,0.01
6593,441929.42901852,4.57514687891175e6,Susquehanna,Kingwood,duck,conventional,false,0.006
6594,400793.658912137,4.71278221308095e6,Lancaster,Plumsted,chicken,broiler_2,false,0.006
6595,350776.000781813,4.57370181948446e6,Mercer,Lambertville,duck,conventional,false,0.002
6596,457117.221145072,4.6087091123498e6,Susquehanna,Montague,chicken,broiler_2,false,0.046
6597,423047.099223084,4.69776220617909e6,Lancaster,Raritan,duck,conventional,false,0.002
6598,378798.482966685,4.53296771956001e6,Cumberland,Pequannock,chicken,broiler_1,false,0.008
6599,483109.151446142,4.47865864214689e6,Luzerne,Haworth,duck,conventional,false,0.002
6600,447522.793336359,4.60273920780906e6,Susquehanna,Egg Harbor,duck,conventional,false,0.006
6601,386081.759277135,4.59003295296399e6,Lycoming,New Hanover,chicken,broiler_2,false,0.02
6602,342894.143004635,4.58935646354559e6,Mercer,Benner,chicken,broiler_1,false,0.016
6603,335879.603573222,4.56380258193794e6,Schuylkill,Watchung,chicken,broiler_2,false,0.006
6604,318915.594315863,4.61131157941507e6,Venango,New Brunswick,chicken,broiler_2,false,0.008
6605,435890.087895436,4.70225149828341e6,Lancaster,Norriton,chicken,broiler_1,false,0.004
6606,436637.401377452,4.70226188407375e6,Lancaster,Norriton,chicken,broiler_2,false,0.006
6607,369857.25961399,4.58401208643761e6,Mercer,Clinton,duck,conventional,false,0.002
6608,435523.615139334,4.57716931236924e6,Susquehanna,Galloway,duck,conventional,false,0.002
6609,472855.786971146,4.47804301599415e6,Luzerne,Haworth,duck,conventional,false,0.004
6610,382641.769110368,4.59558393886239e6,Lycoming,Delran,duck,conventional,false,0.006
6611,375292.531440825,4.57251719420702e6,Cumberland,Philipsburg,duck,organic,false,0.0
6612,356057.465293527,4.53779128666984e6,Schuylkill,Bloomfield,chicken,broiler_2,false,0.004
6613,444931.704700316,4.71780250387943e6,Lancaster,Matawan,chicken,broiler_2,false,0.014
6614,489110.373967632,4.48614198123793e6,Luzerne,Medford,duck,conventional,false,0.002
6615,483460.82771978,4.71465636902789e6,Indiana,Robbinsville,duck,organic,false,0.006
6616,392215.416144964,4.63150708388612e6,Blair,Butler,duck,conventional,false,0.0
6617,453308.71417193,4.46240010860868e6,Luzerne,Cedar Grove,chicken,broiler_1,false,0.008
6618,436737.628077413,4.4892862572493e6,Luzerne,Douglass,chicken,broiler_1,false,0.006
6619,479747.526662181,4.48539021396939e6,Luzerne,Haworth,duck,conventional,false,0.002
6620,417601.645576461,4.59114549580228e6,Lycoming,Maple Shade,duck,conventional,false,0.0
6621,340645.716666501,4.60559044241407e6,Venango,River Edge,duck,organic,false,0.0
6622,445069.229046552,4.61849409009386e6,Susquehanna,Stone Harbor,duck,conventional,false,0.012
6623,353015.803247844,4.56216352389488e6,Schuylkill,Allendale,chicken,broiler_2,false,0.02
6624,360312.545152121,4.59693956688412e6,Mercer,Middle,duck,conventional,false,0.0
6625,382686.547916596,4.56873012478822e6,Cumberland,Windsor,duck,conventional,false,0.002
6626,333360.95913599,4.54565350542425e6,Schuylkill,Kenilworth,chicken,broiler_2,false,0.006
6627,427683.759484786,4.61155279611209e6,Susquehanna,Commercial,duck,conventional,false,0.004
6628,412709.555079646,4.49693937418362e6,Mifflin,Folsom,duck,conventional,false,0.002
6629,464506.309024364,4.4833617556003e6,Luzerne,Fieldsboro,chicken,broiler_2,false,0.004
6630,331882.762918257,4.60486651691885e6,Venango,Keyport,chicken,broiler_2,false,0.01
6631,467983.68091687,4.58420755012283e6,Berks,Merion,duck,conventional,false,0.006
6632,332444.602203576,4.54438126844582e6,Schuylkill,Kenilworth,chicken,broiler_2,false,0.012
6633,361903.582359611,4.61063350485212e6,Mercer,Deerfield,duck,conventional,false,0.006
6634,453309.541479489,4.48383106968309e6,Luzerne,Fieldsboro,chicken,broiler_2,false,0.014
6635,414002.608011342,4.58534016854778e6,Lycoming,Califon,duck,conventional,false,0.004
6636,457321.130279373,4.73623430332939e6,Indiana,Ewing,chicken,broiler_2,false,0.012
6637,395935.041560583,4.63149051269601e6,Blair,Tabernacle,duck,organic,false,0.0
6638,441341.120498391,4.57361371252953e6,Susquehanna,Galloway,duck,conventional,false,0.006
6639,312044.336495487,4.57348402337564e6,Schuylkill,Linden,chicken,broiler_2,false,0.006
6640,392027.475783824,4.65943012501716e6,Blair,Denville,duck,conventional,false,0.008
6641,326759.875840274,4.62390446271747e6,Venango,Ridgewood Village,chicken,broiler_2,false,0.004
6642,420820.865830175,4.6041124536112e6,Lycoming,Haddonfield,duck,conventional,false,0.006
6643,317612.28609429,4.61067832597822e6,Venango,Long Beach,chicken,broiler_1,false,0.008
6644,418401.961521842,4.57750072031854e6,Lycoming,New York,chicken,broiler_2,false,0.008
6645,394965.513661901,4.67796905985815e6,Blair,Jefferson,chicken,layer,false,0.008
6646,469274.047025827,4.5469052237741e6,Berks,Port Matilda,duck,conventional,false,0.01
6647,479037.933341963,4.47307315845613e6,Luzerne,Roselle Park,chicken,broiler_1,false,0.022
6648,351340.636246503,4.60303003014759e6,Mercer,Weehawken,chicken,broiler_2,false,0.016
6649,322672.004064902,4.57334532269866e6,Schuylkill,Victory Gardens,chicken,layer,false,0.01
6650,370789.598043772,4.60317813064721e6,Mercer,Monmouth Beach,chicken,broiler_2,false,0.008
6651,380118.598660814,4.60565875307774e6,Lycoming,Lindenwold,chicken,broiler_1,false,0.014
6652,347368.056670535,4.54053213331651e6,Schuylkill,Neptune,chicken,broiler_2,false,0.01
6653,351570.075802466,4.61950040866301e6,Mercer,Atlantic City,duck,organic,false,0.002
6654,405750.612155233,4.4869680301057e6,Mifflin,Cresskill,chicken,broiler_2,false,0.002
6655,390982.177170158,4.59322185066664e6,Lycoming,New Hanover,duck,conventional,false,0.0
6656,436077.685389474,4.62090068578766e6,Susquehanna,Montgomery,duck,conventional,false,0.0
6657,336415.572587047,4.61983726275465e6,Venango,Red Bank,chicken,broiler_2,false,0.006
6658,468607.33010642,4.67209366232729e6,Allegheny,Lacey,duck,conventional,false,0.008
6659,446389.86028787,4.71360769373047e6,Indiana,Neptune City,duck,conventional,false,0.008
6660,458432.112081475,4.57492789354159e6,Berks,Warren,duck,organic,false,0.006
6661,483581.845585116,4.70878963477562e6,Indiana,Robbinsville,chicken,broiler_2,false,0.03
6662,385462.717003684,4.59541141378896e6,Lycoming,Delran,chicken,broiler_2,false,0.012
6663,395201.035280786,4.63787747011192e6,Blair,Tabernacle,duck,organic,false,0.0
6664,445365.805041059,4.61721461986521e6,Susquehanna,Stone Harbor,duck,conventional,false,0.006
6665,332865.791082378,4.56481032963126e6,Schuylkill,Audubon Park,duck,organic,false,0.002
6666,454475.68856187,4.60021266547339e6,Susquehanna,Parsippany-Troy Hills,chicken,broiler_2,false,0.016
6667,469004.505683358,4.69115246298149e6,Indiana,Wharton,duck,conventional,false,0.002
6668,387618.715033936,4.63020783928459e6,Blair,Butler,duck,organic,false,0.002
6669,378024.693153134,4.54865812966677e6,Cumberland,Bergenfield,chicken,broiler_2,false,0.022
6670,446316.691576641,4.58870390058138e6,Susquehanna,Flemington,duck,conventional,false,0.004
6671,383876.57130893,4.64841087708349e6,Blair,Haddon Heights,duck,conventional,false,0.002
6672,421196.865643145,4.49763122892261e6,Mifflin,Middletown,chicken,broiler_2,false,0.012
6673,477913.94908643,4.50720400362552e6,Luzerne,Fredon,duck,organic,false,0.008
6674,475533.790911575,4.46865303087978e6,Luzerne,Roselle Park,duck,conventional,false,0.002
6675,361504.030046761,4.58302516921101e6,Mercer,Wayne,duck,organic,false,0.004
6676,374760.964975579,4.54370135047496e6,Cumberland,Hackensack,chicken,broiler_2,false,0.006
6677,468568.503194991,4.52925881546588e6,Berks,Irvington,chicken,broiler_2,false,0.036
6678,392567.341475723,4.61732290764125e6,Blair,Hopatcong,duck,conventional,false,0.002
6679,473291.729741029,4.51968613861226e6,Berks,Warwick,duck,conventional,false,0.002
6680,382163.474637117,4.51878648676489e6,Cumberland,Spring Lake,duck,conventional,false,0.002
6681,463072.099869567,4.65118295388443e6,Allegheny,Oldmans,chicken,broiler_2,false,0.02
6682,443721.105028877,4.72050250980699e6,Indiana,Neptune City,chicken,broiler_2,false,0.002
6683,386114.761444119,4.52474783670908e6,Cumberland,Manchester,chicken,broiler_2,false,0.006
6684,426941.33996434,4.58301427774058e6,Lycoming,Berkeley Heights,duck,organic,false,0.002
6685,482567.887312622,4.68872521023194e6,Indiana,Paterson,chicken,broiler_2,true,0.0
6686,303885.846908254,4.59816728329671e6,Venango,Eastampton,duck,conventional,false,0.006
6687,355391.989661059,4.59912805631065e6,Mercer,Lopatcong,duck,organic,false,0.006
6688,379544.584828664,4.6232471272807e6,Blair,Pottsgrove,chicken,broiler_1,false,0.008
6689,501578.874993564,4.46117432083089e6,Luzerne,River,chicken,broiler_2,false,0.01
6690,480102.520179207,4.65875115893858e6,Allegheny,Harris,duck,organic,false,0.01
6691,392350.261202172,4.55335769307584e6,Cumberland,New Providence,duck,conventional,false,0.0
6692,425738.507324119,4.70740973282335e6,Lancaster,Glen Ridge,duck,organic,false,0.0
6693,473015.796515001,4.65217665235376e6,Allegheny,Marlborough,chicken,broiler_2,false,0.022
6694,376876.408718954,4.63655710901378e6,Blair,Stillwater,duck,organic,false,0.0
6695,404086.309926251,4.59100717495439e6,Lycoming,Tavistock,chicken,broiler_2,false,0.004
6696,470399.296304106,4.49417487873397e6,Luzerne,Fredon,duck,organic,false,0.014
6697,472570.124584618,4.55969371457522e6,Berks,Barnegat Light,chicken,broiler_1,false,0.052
6698,458803.19674334,4.46573240599291e6,Luzerne,Cedar Grove,duck,conventional,false,0.002
6699,491143.81771965,4.49049901948545e6,Luzerne,Medford,duck,organic,false,0.006
6700,309572.057120641,4.55568886110534e6,Schuylkill,Worth,chicken,broiler_1,false,0.006
6701,391056.702661944,4.67247616675688e6,Blair,Vineland,chicken,broiler_1,false,0.004
6702,427964.515168354,4.48204670667455e6,Mifflin,Hillside,chicken,broiler_1,false,0.012
6703,414716.239348431,4.71342752913803e6,Lancaster,Bloomingdale,chicken,broiler_2,false,0.006
6704,466665.345068701,4.5388221605828e6,Berks,Jersey City,chicken,broiler_1,false,0.058
6705,379133.75740496,4.65842555559148e6,Blair,Perth Amboy,chicken,broiler_2,false,0.012
6706,370034.783526252,4.53676865492423e6,Cumberland,Highlands,chicken,broiler_1,false,0.004
6707,458756.752109281,4.71229966518832e6,Indiana,Brielle,chicken,broiler_2,false,0.022
6708,397791.041931685,4.69385424098915e6,Lancaster,Waldwick,duck,organic,false,0.004
6709,320145.145383881,4.5916332146937e6,Venango,Northvale,duck,conventional,false,0.004
6710,491961.308597656,4.68329533315826e6,Allegheny,Farmingdale,duck,organic,false,0.002
6711,314338.847740725,4.6201207789141e6,Venango,Kinnelon,chicken,broiler_1,false,0.016
6712,466965.978721392,4.53751236058256e6,Berks,Irvington,chicken,broiler_2,false,0.036
6713,481316.382478959,4.4742070371059e6,Luzerne,Haworth,chicken,broiler_2,false,0.004
6714,361107.169017884,4.54887889455441e6,Schuylkill,Hillsborough,duck,conventional,false,0.0
6715,327031.212145544,4.59344207781758e6,Venango,Laurel Springs,chicken,broiler_2,false,0.018
6716,454683.533907745,4.58244151952055e6,Susquehanna,Sea Girt,duck,conventional,false,0.004
6717,360965.359787798,4.56981664389514e6,Mercer,Dunellen,duck,conventional,false,0.0
6718,467937.490190053,4.50680422432517e6,Luzerne,Morrisville,duck,organic,false,0.008
6719,322787.186630749,4.60013561318391e6,Venango,Hamilton,duck,organic,false,0.002
6720,383710.414255309,4.53796408409541e6,Cumberland,Perkiomen,duck,conventional,false,0.002
6721,362440.005408794,4.63287737303675e6,Blair,Somerville,chicken,broiler_1,false,0.012
6722,430678.392900136,4.60822778949356e6,Susquehanna,Commercial,duck,organic,false,0.0
6723,344254.2226786,4.57072025635727e6,Schuylkill,Wanaque,chicken,broiler_1,false,0.006
6724,396735.175946055,4.61489470321629e6,Blair,Hopatcong,chicken,broiler_1,false,0.014
6725,386875.579211099,4.6675671643118e6,Blair,Hopewell,duck,conventional,false,0.0
6726,387876.376026399,4.52739721907767e6,Cumberland,Millstone,duck,conventional,false,0.0
6727,469017.652834944,4.51283827962323e6,Luzerne,Morrisville,chicken,broiler_1,false,0.028
6728,464930.765026148,4.70916519678614e6,Indiana,Boonton,chicken,broiler_2,false,0.032
6729,448851.656220961,4.58695020795919e6,Susquehanna,Flemington,duck,conventional,false,0.012
6730,433836.379758939,4.60610947847547e6,Susquehanna,Hackettstown,duck,organic,false,0.0
6731,462078.193070077,4.53581851701996e6,Berks,Jersey City,duck,conventional,false,0.006
6732,377159.34490966,4.56308103002147e6,Cumberland,Jenkintown,duck,organic,false,0.002
6733,459934.159552142,4.62983944025849e6,Susquehanna,Dumont,duck,conventional,false,0.004
6734,334814.257006771,4.62473523545923e6,Venango,Red Bank,chicken,broiler_1,false,0.008
6735,416069.233350863,4.7222459455245e6,Lancaster,Scotch Plains,chicken,broiler_2,false,0.002
6736,354738.427742757,4.6228236955894e6,Mercer,Atlantic City,duck,conventional,false,0.0
6737,348536.624591872,4.59167391706294e6,Mercer,Benner,duck,organic,false,0.002
6738,359630.302539015,4.57366925244003e6,Mercer,Ogdensburg,chicken,broiler_2,false,0.008
6739,428178.209463496,4.4809470388274e6,Mifflin,Hillside,duck,conventional,false,0.002
6740,315380.587309875,4.58094369395354e6,Venango,Weymouth,duck,conventional,false,0.002
6741,429223.450493295,4.61490317464771e6,Susquehanna,Commercial,duck,conventional,false,0.0
6742,416373.836637376,4.71064009806004e6,Lancaster,Woodland,duck,conventional,false,0.004
6743,377443.205986707,4.51364617883523e6,Cumberland,Wyckoff,chicken,broiler_1,false,0.014
6744,488771.422165161,4.71419431578804e6,Indiana,Berkeley,duck,conventional,false,0.01
6745,371585.686618107,4.55717700766276e6,Cumberland,Bellmawr,duck,conventional,false,0.002
6746,481944.820625108,4.50977409707943e6,Luzerne,Hardyston,duck,conventional,false,0.004
6747,397201.621342467,4.59445000156431e6,Lycoming,Readington,chicken,broiler_1,false,0.01
6748,397691.961337135,4.50995967590397e6,Mifflin,Caldwell,chicken,broiler_2,false,0.006
6749,307343.47544481,4.55765178505596e6,Schuylkill,Worth,duck,conventional,false,0.0
6750,347501.014761881,4.55229353137264e6,Schuylkill,Independence,duck,conventional,false,0.0
6751,486999.475840311,4.67659328496297e6,Allegheny,Peapack-Gladstone,duck,organic,false,0.0
6752,389826.282706153,4.59224193855992e6,Lycoming,New Hanover,duck,conventional,false,0.004
6753,340222.29460054,4.53593611100713e6,Schuylkill,Brick,chicken,broiler_1,false,0.01
6754,456031.202379001,4.4658011692556e6,Luzerne,Cedar Grove,duck,conventional,false,0.002
6755,488926.388928443,4.4675575711658e6,Luzerne,Dennis,duck,conventional,false,0.006
6756,470405.681272823,4.71195824691043e6,Indiana,Morristown,duck,conventional,false,0.004
6757,472939.852744258,4.46738198956716e6,Luzerne,Pemberton,duck,conventional,false,0.0
6758,370617.567783154,4.62634589965713e6,Blair,Pompton Lakes,duck,conventional,false,0.004
6759,316362.050543227,4.55184841380871e6,Schuylkill,Glassboro,duck,organic,false,0.0
6760,345009.273058815,4.5469927036909e6,Schuylkill,Fanwood,chicken,broiler_1,false,0.004
6761,445261.75250798,4.48013464024431e6,Luzerne,Paulsboro,chicken,broiler_2,false,0.008
6762,378334.175293072,4.59002068692862e6,Mercer,Oceanport,duck,conventional,false,0.004
6763,418334.166482052,4.61261197924662e6,Fulton,Delaware,chicken,broiler_2,false,0.008
6764,402110.481866655,4.48444685784104e6,Mifflin,Roosevelt,duck,conventional,false,0.004
6765,494096.863642597,4.70150971472689e6,Indiana,Glen Gardner,chicken,broiler_2,false,0.048
6766,374980.4085076,4.53269326189063e6,Cumberland,Pequannock,duck,conventional,false,0.004
6767,345991.924403302,4.54934877065031e6,Schuylkill,Fanwood,duck,conventional,false,0.0
6768,436070.961060246,4.57527587294987e6,Susquehanna,Galloway,chicken,layer,false,0.028
6769,379019.256412754,4.53079224437676e6,Cumberland,Pequannock,duck,organic,false,0.0
6770,379022.41825362,4.58036953343059e6,Mercer,Bass River,duck,conventional,false,0.004
6771,329689.587889834,4.62347759657719e6,Venango,Ridgewood Village,chicken,broiler_2,false,0.012
6772,450995.489431284,4.62827688800077e6,Susquehanna,Cranford,duck,conventional,false,0.002
6773,405877.908068405,4.71649946817623e6,Lancaster,High Bridge,duck,organic,false,0.002
6774,364902.522270727,4.57588814848659e6,Mercer,Ogdensburg,chicken,broiler_1,false,0.01
6775,474326.475068875,4.64656967480557e6,Allegheny,Spring Lake Heights,duck,conventional,false,0.004
6776,378624.347254471,4.51166849231904e6,Mifflin,Piscataway,chicken,broiler_2,false,0.01
6777,382567.628445884,4.51455326679097e6,Mifflin,Piscataway,chicken,broiler_2,false,0.006
6778,443478.185368445,4.48537777999754e6,Luzerne,Paulsboro,chicken,broiler_2,false,0.01
6779,476495.058667645,4.53019267981601e6,Berks,Middlesex,chicken,layer,false,0.028
6780,470979.023592996,4.72121996939298e6,Indiana,Wall,chicken,broiler_2,false,0.006
6781,423644.764838023,4.61683931286983e6,Fulton,Mine Hill,duck,conventional,false,0.0
6782,412503.324312554,4.59687058595254e6,Lycoming,Cranbury,duck,conventional,false,0.002
6783,429259.95811652,4.58037492513987e6,Lycoming,Avalon,duck,conventional,false,0.0
6784,381922.953001057,4.52544427630965e6,Cumberland,Bound Brook,chicken,broiler_2,false,0.016
6785,457568.588724599,4.72399727209913e6,Indiana,Palisades Park,chicken,broiler_1,false,0.018
6786,429246.045772159,4.59380334262535e6,Lycoming,Island Heights,duck,organic,false,0.002
6787,397977.63352397,4.61506766063373e6,Blair,Hopatcong,chicken,broiler_2,false,0.012
6788,359586.753965913,4.57731045480973e6,Mercer,Ogdensburg,chicken,broiler_2,false,0.018
6789,374861.859935819,4.61346317097115e6,Blair,Pottsgrove,duck,organic,false,0.006
6790,394345.538723132,4.58590931127284e6,Lycoming,Hoboken,duck,conventional,false,0.002
6791,348007.629324328,4.60743034128679e6,Mercer,Oradell,duck,conventional,false,0.006
6792,404303.610837409,4.48421587730432e6,Mifflin,Roosevelt,chicken,broiler_2,false,0.004
6793,407957.531988934,4.58799588716889e6,Lycoming,Midland Park,chicken,broiler_2,false,0.01
6794,308308.94461179,4.56912820480892e6,Schuylkill,Linden,chicken,broiler_2,false,0.002
6795,484292.59204214,4.71163961712769e6,Indiana,Robbinsville,chicken,broiler_1,false,0.038
6796,343527.82931094,4.53852242854452e6,Schuylkill,Highland Park,duck,conventional,false,0.0
6797,425139.747682493,4.70364386950298e6,Lancaster,Mount Ephraim,duck,conventional,false,0.002
6798,334839.874312458,4.56282265429537e6,Schuylkill,Watchung,duck,conventional,false,0.0
6799,475508.011965939,4.73005301703449e6,Indiana,Sandyston,duck,conventional,false,0.002
6800,483210.684271832,4.66230951093808e6,Allegheny,Fair Haven,duck,conventional,false,0.008
6801,370851.219178331,4.57691369123864e6,Mercer,Clinton,chicken,broiler_1,false,0.008
6802,496050.754688986,4.69804672555353e6,Indiana,Glen Gardner,chicken,broiler_2,false,0.048
6803,377060.907327984,4.55258216875998e6,Cumberland,Bergenfield,duck,conventional,false,0.002
6804,467478.889150945,4.57593972837802e6,Berks,Warren,duck,conventional,false,0.014
6805,472240.952334595,4.61227756291528e6,Susquehanna,Nutley,duck,organic,false,0.018
6806,314219.661765828,4.58811893743442e6,Venango,Port Republic,duck,conventional,false,0.004
6807,470341.761503669,4.46287599385065e6,Luzerne,Norristown,chicken,broiler_2,false,0.008
6808,360385.219132976,4.58337263880319e6,Mercer,Delanco,chicken,broiler_2,false,0.014
6809,431639.903640105,4.6125980118305e6,Susquehanna,Commercial,chicken,broiler_1,false,0.004
6810,508719.633398763,4.71063494131183e6,Indiana,Bridgewater,duck,conventional,false,0.01
6811,409850.27002777,4.5761634185328e6,Lycoming,Marlboro,duck,conventional,false,0.002
6812,385084.919822589,4.66152391001268e6,Blair,Bloomsbury,duck,conventional,false,0.004
6813,370005.131915402,4.58621534468416e6,Mercer,White,chicken,broiler_2,false,0.01
6814,398807.381051635,4.61335862921053e6,Blair,Hopatcong,chicken,broiler_1,false,0.006
6815,407535.939225545,4.57976433673352e6,Lycoming,Marlboro,duck,conventional,false,0.002
6816,463031.489647151,4.50896264492056e6,Luzerne,Morrisville,chicken,broiler_2,false,0.02
6817,357081.137990548,4.61422417942936e6,Mercer,Mount Arlington,duck,conventional,false,0.002
6818,461151.466923511,4.59754710006417e6,Susquehanna,Pennington,duck,conventional,false,0.004
6819,306297.508150626,4.6033320357739e6,Venango,Ambler,duck,organic,false,0.004
6820,498742.884350726,4.46150344802143e6,Luzerne,River,chicken,broiler_1,false,0.01
6821,372178.321320716,4.58079615004889e6,Mercer,Clinton,chicken,broiler_1,false,0.014
6822,487368.695543185,4.70590892859343e6,Indiana,Beachwood,chicken,broiler_1,false,0.032
6823,394300.223026892,4.61719605092014e6,Blair,Hopatcong,chicken,broiler_2,false,0.004
6824,376897.389275402,4.55266960505063e6,Cumberland,Bergenfield,chicken,broiler_2,false,0.01
6825,386126.804972643,4.66559876507346e6,Blair,Hopewell,chicken,broiler_2,false,0.01
6826,452899.634838001,4.62024982621622e6,Susquehanna,Beach Haven,duck,conventional,false,0.004
6827,414133.703180162,4.59176016938212e6,Lycoming,Maple Shade,chicken,broiler_2,false,0.006
6828,318831.361597692,4.60174741971301e6,Venango,Eatontown,duck,conventional,false,0.002
6829,482225.808287936,4.70321950619446e6,Indiana,Buena Vista,chicken,broiler_1,false,0.022
6830,400383.317834576,4.62652521667461e6,Blair,Woodbine,chicken,broiler_1,false,0.012
6831,360040.440303914,4.6274793325725e6,Blair,Somerville,duck,conventional,false,0.002
6832,489773.076231065,4.68853118895035e6,Allegheny,Farmingdale,chicken,broiler_2,false,0.016
6833,481681.768036875,4.54023539590152e6,Berks,Irvington,duck,conventional,false,0.012
6834,372496.714531367,4.59731333050851e6,Mercer,Mullica,duck,conventional,false,0.002
6835,440011.695294424,4.62026453683018e6,Susquehanna,Montgomery,chicken,broiler_2,false,0.008
6836,454895.71659076,4.47012853204648e6,Luzerne,Tullytown,chicken,broiler_1,false,0.008
6837,498379.832849292,4.46295645721636e6,Luzerne,River,chicken,broiler_2,false,0.016
6838,386516.157529713,4.57906740378314e6,Cumberland,Interlaken,duck,conventional,false,0.002
6839,421324.27305152,4.58339097394074e6,Lycoming,Limerick,chicken,broiler_2,false,0.008
6840,422654.497368705,4.70727695777873e6,Lancaster,Runnemede,chicken,layer,false,0.004
6841,340858.689786975,4.580755283851e6,Mercer,Metuchen,chicken,broiler_2,false,0.006
6842,370373.43366629,4.65878497600468e6,Blair,Bradley Beach,duck,organic,false,0.006
6843,452820.868452759,4.47928623819248e6,Luzerne,Franklin,chicken,broiler_2,false,0.014
6844,379024.965174801,4.64685566284529e6,Blair,Hatboro,duck,organic,false,0.004
6845,334442.889017268,4.58542078153493e6,Mercer,Chalfont,chicken,broiler_2,false,0.006
6846,428681.406523062,4.48956882316427e6,Mifflin,Sussex,duck,conventional,false,0.004
6847,321309.888433143,4.6107592516035e6,Venango,New Brunswick,chicken,broiler_2,false,0.016
6848,466465.064337144,4.47678198712341e6,Luzerne,Morris,duck,conventional,false,0.0
6849,362289.801398753,4.62674548045302e6,Blair,Somerville,chicken,broiler_2,false,0.018
6850,429230.646264818,4.71707207103786e6,Lancaster,Chester,duck,conventional,false,0.0
6851,404626.35973492,4.7209582708722e6,Lancaster,High Bridge,chicken,broiler_2,false,0.0
6852,380389.830728931,4.51718136669589e6,Cumberland,Wyckoff,chicken,layer,false,0.01
6853,372054.07494248,4.52671218635362e6,Cumberland,Highlands,duck,conventional,false,0.0
6854,474790.469486644,4.71477491437175e6,Indiana,Collingswood,chicken,broiler_2,false,0.028
6855,357772.937929298,4.54077530376723e6,Schuylkill,Bethlehem,duck,organic,false,0.004
6856,394400.12196004,4.57044398443477e6,Cumberland,Bridgeton,duck,conventional,false,0.002
6857,456777.246836479,4.70297932590369e6,Lancaster,Maplewood,chicken,broiler_2,false,0.038
6858,417485.170702168,4.616683551044e6,Fulton,Delaware,chicken,broiler_2,false,0.008
6859,444493.043545055,4.60261178408691e6,Susquehanna,Keansburg,duck,conventional,false,0.002
6860,322964.293966854,4.59561301637382e6,Venango,Hamilton,chicken,broiler_2,false,0.004
6861,460626.107078312,4.64060357104057e6,Allegheny,Union,chicken,broiler_2,false,0.02
6862,398059.710902183,4.70043622138615e6,Lancaster,Riegelsville,duck,conventional,false,0.002
6863,304297.568386971,4.61084337288666e6,Venango,Ambler,duck,conventional,false,0.002
6864,300961.577939212,4.59894064919126e6,Venango,Woodland Park,chicken,broiler_2,false,0.006
6865,409935.173854975,4.69957225293809e6,Lancaster,Lavallette,chicken,broiler_1,false,0.002
6866,384587.941036593,4.54947291086522e6,Cumberland,Somerdale,chicken,broiler_2,false,0.004
6867,472779.062779206,4.68611548587588e6,Indiana,Bryn Athyn,duck,conventional,false,0.0
6868,419953.580456605,4.7246776779026e6,Lancaster,Scotch Plains,chicken,broiler_1,false,0.008
6869,421818.685808738,4.71386070885904e6,Lancaster,Brunswick,duck,organic,false,0.002
6870,477284.437635786,4.5233426007248e6,Berks,Middlesex,duck,organic,false,0.018
6871,351964.788442694,4.59885194289297e6,Mercer,Harrington Park,chicken,broiler_1,false,0.008
6872,353690.094782293,4.58827129570691e6,Mercer,Atlantic Highlands,duck,conventional,false,0.0
6873,354595.171030258,4.60328487043884e6,Mercer,Oradell,duck,organic,false,0.0
6874,493257.14098136,4.47052648389762e6,Luzerne,Old Bridge,duck,conventional,false,0.0
6875,391507.190138176,4.55504710097725e6,Cumberland,New Providence,chicken,broiler_2,false,0.006
6876,443958.357176986,4.72485300668885e6,Lancaster,Westville,chicken,broiler_1,false,0.004
6877,438756.809627304,4.62093035243903e6,Susquehanna,Montgomery,duck,conventional,false,0.0
6878,356948.303441812,4.59965141181462e6,Mercer,Lopatcong,chicken,broiler_2,false,0.018
6879,384399.593927425,4.61272707423824e6,Blair,Ventnor City,duck,conventional,false,0.0
6880,324655.696700052,4.54654940689049e6,Schuylkill,Oaklyn,duck,conventional,false,0.004
6881,417061.65143142,4.71424912847996e6,Lancaster,Woodland,chicken,broiler_2,false,0.008
6882,469947.870052929,4.58515858132166e6,Berks,Merion,chicken,broiler_2,false,0.034
6883,408695.960038216,4.71163316465833e6,Lancaster,Bloomingdale,duck,conventional,false,0.0
6884,382590.847196136,4.62043413227741e6,Blair,Pottsgrove,duck,conventional,false,0.0
6885,500261.809768087,4.71014045119893e6,Indiana,Allentown,duck,conventional,false,0.012
6886,338828.710061398,4.60247103501072e6,Venango,River Edge,duck,conventional,false,0.002
6887,485686.499963614,4.67601799667241e6,Allegheny,Peapack-Gladstone,chicken,broiler_1,false,0.012
6888,430688.232390519,4.70540672022261e6,Lancaster,Bay Head,duck,conventional,false,0.004
6889,452591.118184119,4.61283644163068e6,Susquehanna,Unionville,duck,organic,false,0.014
6890,422309.101921444,4.58651092925492e6,Lycoming,Limerick,chicken,broiler_2,false,0.014
6891,481181.801029637,4.54471507556305e6,Berks,Port Matilda,chicken,broiler_2,false,0.046
6892,307978.896867104,4.6015474033539e6,Venango,Eatontown,chicken,layer,false,0.014
6893,390708.106544754,4.58008510607832e6,Cumberland,Essex Fells,duck,conventional,false,0.002
6894,316280.305697823,4.57765200257507e6,Venango,Weymouth,chicken,broiler_2,false,0.012
6895,466863.3408718,4.70935454459982e6,Indiana,Boonton,duck,conventional,false,0.008
6896,487108.500171274,4.65579696974302e6,Allegheny,Fair Haven,duck,conventional,false,0.01
6897,381991.917092163,4.64015680992602e6,Blair,Haddon Heights,duck,conventional,false,0.004
6898,504677.992678189,4.71486858764849e6,Indiana,Fairview,chicken,broiler_2,false,0.036
6899,472285.384773686,4.57059611557645e6,Berks,Warren,chicken,broiler_2,false,0.042
6900,486088.210674191,4.65878008068114e6,Allegheny,Fair Haven,chicken,broiler_2,false,0.034
6901,398349.104833386,4.60518295747335e6,Lycoming,Monroe,chicken,broiler_2,false,0.012
6902,385581.146284603,4.63765572131141e6,Blair,Alloway,chicken,broiler_2,false,0.004
6903,453711.251641396,4.696848080494e6,Indiana,Pilesgrove,chicken,broiler_2,false,0.022
6904,468519.953379767,4.66029488336917e6,Allegheny,Manville,chicken,broiler_2,false,0.046
6905,308503.136262431,4.60062997056549e6,Venango,Eastampton,duck,organic,false,0.006
6906,473639.913062019,4.64530626719544e6,Allegheny,Marlborough,duck,conventional,false,0.012
6907,492421.236876043,4.69732873665386e6,Indiana,Glen Gardner,chicken,broiler_2,false,0.014
6908,477234.275975161,4.5374389037948e6,Berks,Irvington,duck,organic,false,0.006
6909,502721.905688863,4.70820029596874e6,Indiana,Fort Lee,duck,conventional,false,0.008
6910,467386.207346258,4.46876317417411e6,Luzerne,Union City,duck,conventional,false,0.0
6911,319927.336279167,4.56557549256195e6,Schuylkill,Frenchtown,chicken,broiler_1,false,0.004
6912,446392.381918448,4.62535752020083e6,Susquehanna,Barrington,duck,conventional,false,0.0
6913,393552.326860164,4.5863871861005e6,Lycoming,Hoboken,chicken,broiler_2,false,0.004
6914,390294.464729055,4.57835448139232e6,Cumberland,Interlaken,chicken,layer,false,0.004
6915,459664.595823414,4.48883613970809e6,Luzerne,New Milford,chicken,broiler_1,false,0.004
6916,427384.560724209,4.72164458563304e6,Lancaster,Chester,duck,conventional,false,0.0
6917,412582.31297832,4.58321182990068e6,Lycoming,Califon,chicken,broiler_1,false,0.016
6918,456349.973367075,4.73020531074146e6,Indiana,Milford,duck,conventional,false,0.014
6919,442526.256877935,4.57193677441821e6,Susquehanna,Kingwood,duck,organic,false,0.002
6920,423254.842036412,4.72199167166331e6,Lancaster,Scotch Plains,duck,conventional,false,0.008
6921,473373.486530293,4.48354213154918e6,Luzerne,Haworth,duck,organic,false,0.0
6922,445192.109263341,4.72001093741117e6,Indiana,Neptune City,chicken,broiler_1,false,0.022
6923,387917.662738657,4.66773630597079e6,Blair,Hopewell,chicken,broiler_2,false,0.008
6924,412116.687491435,4.71067349582128e6,Lancaster,Bloomingdale,duck,organic,false,0.0
6925,453861.84301964,4.6175018927199e6,Susquehanna,Beach Haven,chicken,broiler_1,false,0.028
6926,388677.769292598,4.66349618802046e6,Blair,Denville,duck,organic,false,0.004
6927,360447.807057625,4.57951800889583e6,Mercer,Ogdensburg,duck,organic,false,0.0
6928,349556.347634324,4.54273316988635e6,Schuylkill,Highland Park,chicken,broiler_1,false,0.0
6929,352211.671551113,4.59136329026834e6,Mercer,Garfield,duck,organic,false,0.002
6930,391797.103827809,4.50973311905335e6,Mifflin,Englishtown,chicken,broiler_1,false,0.008
6931,314566.946848758,4.58185028109637e6,Venango,Weymouth,duck,conventional,false,0.002
6932,400766.516860868,4.49925695982277e6,Mifflin,Green Brook,duck,conventional,false,0.006
6933,473936.741949212,4.49066645800083e6,Luzerne,Pine Hill,chicken,broiler_2,false,0.008
6934,343006.953309846,4.61921358282303e6,Venango,Totowa,chicken,broiler_2,false,0.008
6935,475651.464471188,4.68320108985775e6,Indiana,Ship Bottom,duck,conventional,false,0.014
6936,380412.580979958,4.59117729966022e6,Mercer,Oceanport,chicken,broiler_1,false,0.004
6937,319917.251932385,4.59656021972476e6,Venango,Hamilton,duck,conventional,false,0.0
6938,447794.27184247,4.72281144554246e6,Indiana,Millburn,duck,organic,false,0.002
6939,487710.500378991,4.70218999783794e6,Indiana,Glen Gardner,duck,conventional,false,0.006
6940,474996.374073315,4.55761156965193e6,Berks,Barnegat Light,chicken,broiler_2,false,0.048
6941,469977.542272003,4.48918986431106e6,Luzerne,Pine Hill,duck,conventional,false,0.002
6942,464715.381324365,4.55496807215787e6,Berks,Port Matilda,duck,organic,false,0.006
6943,487090.086845305,4.46029309519642e6,Luzerne,Andover,duck,conventional,false,0.004
6944,388246.609335715,4.59331436851724e6,Lycoming,New Hanover,duck,organic,false,0.002
6945,387869.122754386,4.63249078858274e6,Blair,Butler,chicken,broiler_1,false,0.004
6946,350311.514778707,4.54027260224437e6,Schuylkill,Neptune,duck,conventional,false,0.0
6947,496866.650025136,4.48790757888145e6,Luzerne,Medford,duck,conventional,false,0.002
6948,475711.019683661,4.71730679012498e6,Indiana,Collingswood,duck,conventional,false,0.01
6949,472968.280560405,4.71532772313941e6,Indiana,Collingswood,duck,organic,false,0.004
6950,362700.765261078,4.58540057317019e6,Mercer,Wayne,chicken,broiler_1,false,0.01
6951,380348.942337278,4.52527412432055e6,Cumberland,Bound Brook,duck,conventional,false,0.002
6952,310618.825796616,4.62140310958712e6,Venango,Kinnelon,duck,conventional,false,0.004
6953,467007.124971843,4.71110323870005e6,Indiana,Morristown,duck,organic,false,0.0
6954,382015.650319061,4.5550645377587e6,Cumberland,Magnolia,chicken,broiler_1,false,0.016
6955,334436.955429154,4.55984787108019e6,Schuylkill,Watchung,duck,conventional,false,0.0
6956,431520.405403966,4.58642030129537e6,Lycoming,Berkeley Heights,duck,organic,false,0.0
6957,454502.258570343,4.73187485550699e6,Indiana,Milford,chicken,broiler_2,false,0.012
6958,470027.06413818,4.66294055865215e6,Allegheny,Manville,chicken,broiler_1,false,0.03
6959,381946.612650397,4.6276241935627e6,Blair,Pottsgrove,chicken,broiler_2,false,0.01
6960,458984.753400362,4.61910857380055e6,Susquehanna,Wrightstown,duck,organic,false,0.01
6961,465392.288973847,4.53868144673324e6,Berks,Jersey City,duck,organic,false,0.016
6962,338523.479711967,4.60952123214828e6,Venango,Maurice River,duck,organic,false,0.0
6963,503802.027055678,4.47292103419131e6,Luzerne,Old Bridge,duck,conventional,false,0.002
6964,390294.131999595,4.58787386224161e6,Lycoming,Hoboken,chicken,broiler_2,false,0.004
6965,431246.557033033,4.48491185724953e6,Luzerne,Douglass,chicken,broiler_1,false,0.008
6966,393106.64815574,4.64054293071871e6,Blair,Alloway,duck,conventional,false,0.002
6967,374403.196557805,4.63932486255561e6,Blair,Stillwater,duck,conventional,false,0.002
6968,453846.213419712,4.73016392261654e6,Indiana,Milford,chicken,broiler_1,false,0.0
6969,344862.711627624,4.59473053498971e6,Venango,Tewksbury,chicken,broiler_2,false,0.008
6970,400826.272239081,4.58002036812573e6,Lycoming,Hoboken,chicken,broiler_1,false,0.014
6971,357666.9502573,4.53830586171012e6,Schuylkill,Bethlehem,duck,conventional,false,0.002
6972,365015.332741524,4.54397395105875e6,Cumberland,Ferguson,duck,organic,false,0.0
6973,461336.085002033,4.54850624792918e6,Berks,Port Matilda,chicken,broiler_2,false,0.024
6974,315751.545806734,4.55818071499731e6,Schuylkill,Glassboro,chicken,broiler_1,false,0.008
6975,508469.722064827,4.67328274158654e6,Allegheny,Sea Isle City,chicken,broiler_2,false,0.054
6976,345798.336377342,4.54491007666499e6,Schuylkill,Highland Park,chicken,broiler_2,false,0.012
6977,346384.029576658,4.53624725776558e6,Schuylkill,Neptune,duck,organic,false,0.004
6978,382216.797382141,4.62760404063093e6,Blair,Pottsgrove,chicken,broiler_2,false,0.008
6979,298074.631369201,4.59780563793585e6,Venango,Woodland Park,chicken,broiler_1,false,0.006
6980,370566.399557749,4.58253063283774e6,Mercer,Clinton,duck,conventional,false,0.0
6981,338561.535794647,4.57998894518315e6,Mercer,Chalfont,duck,conventional,false,0.004
6982,393902.895725483,4.64248703417074e6,Blair,Harmony,duck,conventional,false,0.002
6983,493104.757958818,4.49522650661537e6,Luzerne,Medford,chicken,broiler_2,false,0.018
6984,355315.575487782,4.55527177927833e6,Schuylkill,Summit,chicken,broiler_2,false,0.014
6985,424035.460677127,4.70140234155234e6,Lancaster,Mount Ephraim,duck,conventional,false,0.0
6986,320939.032073274,4.54650439351546e6,Schuylkill,Oaklyn,chicken,broiler_2,false,0.004
6987,371246.158546606,4.63809588236396e6,Blair,Woodbury,chicken,broiler_2,false,0.006
6988,434068.336075409,4.71324491569323e6,Lancaster,Pitman,duck,conventional,false,0.002
6989,446813.790346593,4.5836103985607e6,Susquehanna,Moorestown,chicken,broiler_2,false,0.042
6990,460824.559142563,4.56538320919427e6,Berks,Stow Creek,duck,conventional,false,0.006
6991,419853.105534984,4.59619158846266e6,Lycoming,Cranbury,duck,conventional,false,0.004
6992,392076.216243959,4.59610347280116e6,Lycoming,Readington,chicken,broiler_1,false,0.012
6993,467241.416607388,4.48511464231209e6,Luzerne,Pine Hill,chicken,broiler_1,false,0.012
6994,460878.692268912,4.48896918238752e6,Luzerne,New Milford,chicken,broiler_2,false,0.004
6995,435710.50751543,4.72949969129265e6,Lancaster,Shiloh,chicken,broiler_1,false,0.008
6996,471155.64680432,4.72031387321688e6,Indiana,Wall,duck,conventional,false,0.006
6997,473222.46965786,4.66815744653572e6,Allegheny,Lacey,duck,conventional,false,0.014
6998,335988.811652785,4.5863332705919e6,Mercer,Chalfont,duck,organic,false,0.006
6999,459498.486784717,4.72095402676912e6,Indiana,Wall,duck,conventional,false,0.012
7000,468892.306106271,4.7141973436336e6,Indiana,Morristown,duck,organic,false,0.004
7001,397513.941513136,4.59557657895861e6,Lycoming,Readington,duck,conventional,false,0.002
7002,398943.735208546,4.61039278815875e6,Lycoming,Monroe,duck,conventional,false,0.0
7003,469998.28160497,4.67760630878439e6,Allegheny,Lacey,chicken,broiler_2,false,0.02
7004,330583.032237452,4.57560757792437e6,Schuylkill,Audubon Park,duck,conventional,false,0.006
7005,423256.775828677,4.71005844333772e6,Lancaster,Runnemede,chicken,broiler_2,false,0.006
7006,420308.024991144,4.70375139696645e6,Lancaster,Mount Ephraim,duck,conventional,false,0.0
7007,348881.851248515,4.56451631436866e6,Schuylkill,Wanaque,duck,conventional,false,0.002
7008,451228.276931947,4.60403690572795e6,Susquehanna,Keansburg,chicken,broiler_1,false,0.02
7009,430419.789256656,4.60956806849952e6,Susquehanna,Commercial,chicken,broiler_2,false,0.002
7010,358019.595406358,4.55725524026989e6,Schuylkill,Summit,chicken,broiler_2,false,0.01
7011,395893.38787477,4.69748001247494e6,Lancaster,Riegelsville,duck,conventional,false,0.004
7012,360275.013424882,4.57375195209424e6,Mercer,Ogdensburg,chicken,broiler_2,false,0.008
7013,503925.454020612,4.46016905920345e6,Luzerne,River,duck,organic,false,0.004
7014,384154.214609396,4.63765624249711e6,Blair,Alloway,chicken,broiler_2,false,0.008
7015,359305.625809315,4.55066001669824e6,Schuylkill,Hillsborough,chicken,broiler_1,false,0.012
7016,390324.320746349,4.49692336738967e6,Mifflin,Elsinboro,chicken,broiler_2,false,0.01
7017,412540.446764678,4.5749041006076e6,Lycoming,New York,duck,conventional,false,0.004
7018,376104.299096172,4.56539432753479e6,Cumberland,Jenkintown,duck,conventional,false,0.012
7019,502543.286696401,4.72052174240472e6,Indiana,Stafford,chicken,broiler_2,false,0.036
7020,489088.791789028,4.67246747087359e6,Allegheny,Colts Neck,duck,conventional,false,0.012
7021,334575.663860369,4.5602274666955e6,Schuylkill,Watchung,chicken,broiler_2,false,0.014
7022,330636.780672137,4.61724332604291e6,Venango,Red Bank,duck,conventional,false,0.0
7023,341057.498358493,4.54820967361551e6,Schuylkill,Fanwood,duck,conventional,false,0.0
7024,369846.154446109,4.65655965883031e6,Blair,Bradley Beach,duck,conventional,false,0.0
7025,498733.472543432,4.46487063587413e6,Luzerne,Riverdale,duck,conventional,false,0.002
7026,457907.97162495,4.50476515057575e6,Luzerne,Gwynedd,duck,organic,false,0.004
7027,412617.274276334,4.58725216211986e6,Lycoming,Califon,duck,organic,false,0.004
7028,376160.837276924,4.64354367773855e6,Blair,Stillwater,chicken,broiler_1,false,0.008
7029,484842.929421097,4.72173629812434e6,Indiana,Clayton,duck,conventional,false,0.002
7030,461465.018624911,4.65384007247618e6,Allegheny,Oldmans,duck,conventional,false,0.004
7031,345345.968368633,4.59724935681709e6,Mercer,Harrington Park,duck,organic,false,0.002
7032,306965.675235481,4.58960649124154e6,Venango,Plainsboro,chicken,broiler_2,false,0.006
7033,382146.94961431,4.51861013765904e6,Cumberland,Spring Lake,chicken,broiler_2,false,0.006
7034,453408.220679911,4.71844282995567e6,Indiana,Greenwich,chicken,layer,false,0.024
7035,388081.990370351,4.61837366912735e6,Blair,Ventnor City,chicken,broiler_1,false,0.008
7036,380634.961899599,4.53758517718607e6,Cumberland,Perkiomen,duck,conventional,false,0.004
7037,461138.036956784,4.7015583717735e6,Indiana,Pilesgrove,duck,conventional,false,0.002
7038,478991.376785586,4.55031989505114e6,Berks,Port Matilda,chicken,broiler_2,false,0.024
7039,376108.643871734,4.57172097325325e6,Cumberland,Philipsburg,duck,conventional,false,0.008
7040,481512.146629505,4.66766940311984e6,Allegheny,Harris,duck,conventional,false,0.002
7041,355814.705040995,4.54682995487532e6,Schuylkill,Englewood Cliffs,duck,organic,false,0.002
7042,339168.063803852,4.53593072734418e6,Schuylkill,Brick,duck,conventional,false,0.0
7043,340392.740910681,4.62322527816791e6,Venango,Red Bank,duck,conventional,false,0.002
7044,449035.386316676,4.56799526390826e6,Berks,Taylor,chicken,broiler_2,false,0.02
7045,324681.453716055,4.54142351576327e6,Schuylkill,Salem,chicken,broiler_2,false,0.012
7046,467417.566268832,4.48522212775854e6,Luzerne,Pine Hill,duck,organic,false,0.0
7047,466190.393178176,4.49994579168902e6,Luzerne,Fredon,duck,conventional,false,0.012
7048,332279.567248667,4.53501321125791e6,Schuylkill,Hamburg,duck,organic,false,0.004
7049,421738.765709365,4.70621132604112e6,Lancaster,Mount Ephraim,duck,conventional,false,0.0
7050,442965.960904847,4.58018612294943e6,Susquehanna,Moorestown,chicken,broiler_2,false,0.022
7051,363024.774030747,4.55959453305418e6,Cumberland,Bellmawr,chicken,broiler_1,false,0.006
7052,482425.42555378,4.53955676247649e6,Berks,Irvington,duck,conventional,false,0.004
7053,315684.170881629,4.60000614133666e6,Venango,Eatontown,chicken,broiler_2,false,0.012
7054,412614.993925017,4.58793928764704e6,Lycoming,Califon,duck,conventional,false,0.002
7055,457463.794035986,4.7163254307051e6,Indiana,Greenwich,duck,conventional,false,0.01
7056,444535.470560067,4.61741834340634e6,Susquehanna,Stone Harbor,chicken,layer,false,0.05
7057,425304.965947065,4.60891122868283e6,Susquehanna,Commercial,duck,conventional,false,0.0
7058,383017.416594793,4.60110460992607e6,Lycoming,Lindenwold,chicken,layer,false,0.012
7059,486083.444277187,4.47293224556242e6,Luzerne,Merchantville,duck,organic,false,0.0
7060,322858.662173027,4.55529128073213e6,Schuylkill,Glassboro,duck,conventional,false,0.0
7061,390678.199320021,4.67048725518023e6,Blair,Vineland,duck,conventional,false,0.004
7062,492725.772239401,4.49541906475485e6,Luzerne,Medford,chicken,broiler_2,false,0.026
7063,351122.43365705,4.59971504941395e6,Mercer,Harrington Park,chicken,broiler_1,false,0.01
7064,337938.73261126,4.61663159958752e6,Venango,Red Bank,chicken,broiler_2,false,0.012
7065,458193.732629835,4.60973736499425e6,Susquehanna,Montague,chicken,broiler_2,false,0.036
7066,324031.691357877,4.61160636279823e6,Venango,New Brunswick,chicken,broiler_1,false,0.014
7067,387681.445369348,4.59575371374507e6,Lycoming,Delran,chicken,broiler_2,false,0.01
7068,497885.333938568,4.46082748084046e6,Luzerne,River,chicken,broiler_2,false,0.014
7069,462838.202597342,4.62752543420254e6,Susquehanna,Tinicum,duck,conventional,false,0.002
7070,313716.015950729,4.61286379030841e6,Venango,Long Beach,duck,conventional,false,0.002
7071,440201.832648519,4.61551392632493e6,Susquehanna,Newark,duck,conventional,false,0.0
7072,349357.571699798,4.55288978502778e6,Schuylkill,Cape May,chicken,broiler_2,false,0.01
7073,395107.959192822,4.58149461597253e6,Lycoming,Hoboken,chicken,broiler_2,false,0.012
7074,329797.624971553,4.53927650582169e6,Schuylkill,Salem,duck,conventional,false,0.0
7075,481378.960813068,4.68755046059872e6,Indiana,Paterson,duck,conventional,false,0.006
7076,383112.410393952,4.66713910400055e6,Blair,Hopewell,chicken,layer,false,0.004
7077,448925.156413101,4.62191576691107e6,Susquehanna,Barrington,chicken,broiler_1,false,0.038
7078,395138.59958624,4.56426442518638e6,Cumberland,Lawnside,chicken,broiler_2,false,0.006
7079,306392.615736238,4.59822524052434e6,Venango,Cinnaminson,chicken,broiler_1,false,0.004
7080,441573.003766051,4.60158534689227e6,Susquehanna,Winfield,chicken,layer,false,0.026
7081,332354.395715341,4.60491551583207e6,Venango,Keyport,duck,organic,false,0.004
7082,373800.078478151,4.5417041442107e6,Cumberland,Hackensack,chicken,broiler_1,false,0.006
7083,488839.213495272,4.45836824034247e6,Luzerne,Andover,duck,conventional,false,0.002
7084,403905.480943834,4.70541792921621e6,Lancaster,Skippack,chicken,broiler_2,false,0.012
7085,402889.194341717,4.57625968662138e6,Lycoming,Marlboro,duck,conventional,false,0.002
7086,397333.4676192,4.70081762571085e6,Lancaster,Riegelsville,duck,organic,false,0.0
7087,439662.0310016,4.6116000472858e6,Susquehanna,Newark,duck,conventional,false,0.006
7088,462719.418920825,4.49210289710211e6,Luzerne,New Milford,chicken,broiler_2,false,0.01
7089,307182.335382712,4.57546333266709e6,Venango,Weymouth,duck,conventional,false,0.002
7090,437328.17493777,4.70288463168063e6,Lancaster,Norriton,chicken,layer,false,0.006
7091,398367.434349749,4.70699988960952e6,Lancaster,Florence,duck,conventional,false,0.006
7092,435671.104009002,4.58538759475003e6,Susquehanna,Mount Holly,duck,conventional,false,0.004
7093,383193.235927849,4.66447593045091e6,Blair,Hopewell,duck,organic,false,0.006
7094,453121.525803946,4.62166940097842e6,Susquehanna,Beach Haven,duck,conventional,false,0.008
7095,493807.039218676,4.69681013672218e6,Indiana,Glen Gardner,chicken,broiler_1,false,0.03
7096,379275.246725906,4.55622259049971e6,Cumberland,Magnolia,chicken,broiler_1,false,0.018
7097,381685.197944625,4.49951698232626e6,Mifflin,Springfield,chicken,layer,false,0.002
7098,379419.532945618,4.57836678232538e6,Mercer,Bass River,chicken,broiler_2,false,0.01
7099,477375.552629725,4.72626141985326e6,Indiana,Sandyston,chicken,broiler_1,false,0.01
7100,465234.083402635,4.50085923505613e6,Luzerne,Fredon,duck,conventional,false,0.006
7101,410391.949331576,4.70121202050829e6,Lancaster,Skippack,duck,conventional,false,0.002
7102,347399.10896779,4.55572333737747e6,Schuylkill,Dover,duck,organic,false,0.0
7103,381800.754179777,4.60528182191185e6,Lycoming,Lindenwold,duck,conventional,false,0.002
7104,471807.217367071,4.67156123093654e6,Allegheny,Lacey,duck,organic,false,0.01
7105,397429.837897366,4.50896458823442e6,Mifflin,Caldwell,chicken,layer,false,0.018
7106,418721.132617909,4.48742789950062e6,Mifflin,Margate City,duck,conventional,false,0.002
7107,355856.119564149,4.5452537412812e6,Schuylkill,Bethlehem,chicken,broiler_2,false,0.01
7108,451309.312315953,4.45840653879826e6,Luzerne,Cedar Grove,chicken,broiler_2,false,0.006
7109,398974.333686545,4.48536005941039e6,Mifflin,Roosevelt,chicken,broiler_2,false,0.012
7110,415251.36384075,4.70333290706717e6,Lancaster,Mount Ephraim,duck,conventional,false,0.002
7111,477142.831394865,4.72637023136809e6,Indiana,Sandyston,chicken,broiler_1,false,0.022
7112,354757.142708114,4.60224531794613e6,Mercer,Lopatcong,chicken,broiler_2,false,0.004
7113,313117.654162924,4.56543410648175e6,Schuylkill,Westampton,duck,conventional,false,0.004
7114,308243.595817751,4.57525414223504e6,Schuylkill,Linden,chicken,broiler_1,false,0.008
7115,378541.439446859,4.65272999843726e6,Blair,Hatboro,chicken,broiler_2,false,0.014
7116,458787.87703382,4.48005535136469e6,Luzerne,Tinton Falls,duck,conventional,false,0.004
7117,501224.68150293,4.46939876163549e6,Luzerne,Riverdale,duck,conventional,false,0.002
7118,348882.837366944,4.53929540594287e6,Schuylkill,Neptune,duck,conventional,false,0.002
7119,402473.540958754,4.69170880723458e6,Lancaster,Waldwick,duck,conventional,false,0.0
7120,319174.461542207,4.61583180042017e6,Venango,Moreland,chicken,broiler_2,false,0.016
7121,338258.013264073,4.59775485854626e6,Venango,Tewksbury,chicken,broiler_2,false,0.014
7122,381313.895970764,4.61696780428442e6,Blair,Pottsgrove,chicken,layer,false,0.006
7123,388681.580044729,4.52417941923084e6,Cumberland,Manchester,duck,conventional,false,0.0
7124,391627.500835928,4.50534387983749e6,Mifflin,Seaside Heights,chicken,broiler_2,false,0.006
7125,481704.109613437,4.49667868639926e6,Luzerne,Pine Hill,duck,conventional,false,0.004
7126,468870.953037918,4.71284022013893e6,Indiana,Morristown,duck,conventional,false,0.004
7127,426080.364360111,4.60564096533757e6,Susquehanna,Palmyra,duck,conventional,false,0.0
7128,306518.401215554,4.60625785625379e6,Venango,Ambler,duck,conventional,false,0.002
7129,338738.619533758,4.60171629198981e6,Venango,River Edge,duck,conventional,false,0.002
7130,475650.873838282,4.61961581459303e6,Susquehanna,Surf City,duck,conventional,false,0.01
7131,363889.257698057,4.53539619977067e6,Cumberland,Ridgefield,duck,conventional,false,0.002
7132,388115.733770326,4.71046827602267e6,Lancaster,Florence,duck,conventional,false,0.0
7133,332781.12436737,4.5804299622164e6,Mercer,Chalfont,duck,conventional,false,0.0
7134,341096.615768858,4.53184372499594e6,Schuylkill,Brick,chicken,broiler_2,false,0.008
7135,429866.679683502,4.49419148281269e6,Mifflin,Sussex,chicken,broiler_2,false,0.004
7136,463158.4676696,4.72941418803521e6,Indiana,Lawrence,chicken,broiler_2,false,0.024
7137,444552.796704876,4.48164336711779e6,Luzerne,Paulsboro,chicken,broiler_2,false,0.012
7138,443635.892215888,4.70811684978566e6,Indiana,Woodcliff Lake,duck,conventional,false,0.008
7139,306458.693208593,4.59002502661674e6,Venango,Cinnaminson,duck,organic,false,0.0
7140,444598.254446479,4.56787063814553e6,Berks,Taylor,chicken,broiler_2,false,0.018
7141,467979.995579809,4.50191460170157e6,Luzerne,Fredon,chicken,broiler_1,false,0.028
7142,437124.406118049,4.61140074017116e6,Susquehanna,Newark,chicken,broiler_2,false,0.008
7143,468399.247349,4.60314718967188e6,Susquehanna,Northfield,chicken,broiler_2,false,0.042
7144,486773.644347722,4.45997472855822e6,Luzerne,Curtin,duck,conventional,false,0.0
7145,387465.977702435,4.62543916216825e6,Blair,Butler,duck,organic,false,0.0
7146,448857.807846855,4.56206508220152e6,Berks,Woodbridge,chicken,broiler_2,false,0.02
7147,423935.568017735,4.58588409917004e6,Lycoming,Limerick,duck,conventional,false,0.002
7148,413096.609440734,4.49766351957623e6,Mifflin,Folsom,chicken,broiler_1,false,0.006
7149,447866.580776266,4.56303658595486e6,Berks,Woodbridge,duck,conventional,false,0.012
7150,334778.589038735,4.58471716821194e6,Mercer,Chalfont,duck,conventional,false,0.004
7151,371371.560554988,4.63889704341736e6,Blair,Woodbury,duck,conventional,false,0.004
7152,420193.831875483,4.71978479339674e6,Lancaster,Scotch Plains,chicken,broiler_2,false,0.008
7153,387767.68890317,4.58031682373079e6,Cumberland,Interlaken,chicken,broiler_1,false,0.016
7154,393053.239952133,4.49512674183323e6,Mifflin,Elsinboro,chicken,broiler_1,false,0.012
7155,350615.738388185,4.56181348670959e6,Schuylkill,Wanaque,chicken,broiler_2,false,0.006
7156,471469.791088071,4.46452153773275e6,Luzerne,Norristown,chicken,broiler_2,false,0.01
7157,356720.856354716,4.5398483898097e6,Schuylkill,Bethlehem,chicken,broiler_2,false,0.012
7158,437646.088332438,4.72417774444207e6,Lancaster,Shiloh,duck,organic,false,0.004
7159,316652.555558813,4.58353855667182e6,Venango,Port Republic,chicken,broiler_2,false,0.012
7160,433965.503557033,4.58478620231795e6,Susquehanna,Mount Holly,duck,conventional,false,0.01
7161,429504.932806905,4.61411483891544e6,Susquehanna,Commercial,duck,organic,false,0.002
7162,359031.309433214,4.59166786310205e6,Mercer,Egg Harbor City,chicken,broiler_2,false,0.004
7163,339417.549966125,4.61672714770947e6,Venango,Red Bank,duck,conventional,false,0.002
7164,328474.420555837,4.54024392433725e6,Schuylkill,Salem,duck,conventional,false,0.0
7165,451575.735383254,4.5925453004923e6,Susquehanna,Flemington,chicken,broiler_2,false,0.01
7166,491539.700800058,4.69564418397624e6,Indiana,Stockton,duck,conventional,false,0.002
7167,431336.749922573,4.59728616300444e6,Lycoming,Ramsey,chicken,broiler_1,false,0.004
7168,369531.526733545,4.62937081668253e6,Blair,Pompton Lakes,duck,organic,false,0.0
7169,496348.374451605,4.49098154442609e6,Luzerne,Medford,duck,conventional,false,0.004
7170,476380.567845007,4.46551723129502e6,Luzerne,Norristown,duck,conventional,false,0.004
7171,413365.670558144,4.71362021525475e6,Lancaster,Bloomingdale,duck,organic,false,0.002
7172,346700.092971395,4.58741455760463e6,Mercer,Benner,chicken,broiler_2,false,0.012
7173,480153.403892957,4.52854164188057e6,Berks,Middlesex,chicken,broiler_1,false,0.024
7174,423177.522299038,4.60087484682979e6,Susquehanna,Palmyra,chicken,broiler_2,false,0.012
7175,322721.693847847,4.5773146671582e6,Schuylkill,Victory Gardens,duck,organic,false,0.002
7176,314662.531880538,4.61805436239651e6,Venango,Kinnelon,chicken,broiler_1,false,0.004
7177,321837.759365985,4.57782640997283e6,Schuylkill,Victory Gardens,duck,conventional,false,0.002
7178,395614.174241668,4.60334948852344e6,Lycoming,Readington,chicken,broiler_1,false,0.004
7179,455805.724871733,4.47669671109573e6,Luzerne,Franklin,chicken,layer,false,0.01
7180,500743.581778054,4.70932787167036e6,Indiana,Allentown,chicken,broiler_2,false,0.034
7181,476996.487430402,4.68175084157954e6,Indiana,Ship Bottom,duck,conventional,false,0.008
7182,384686.208324334,4.52463867323359e6,Cumberland,Millstone,chicken,broiler_2,false,0.014
7183,481741.500982912,4.5027231954674e6,Luzerne,Fredon,chicken,broiler_1,false,0.032
7184,460043.105074647,4.64117372979558e6,Allegheny,Union,duck,organic,false,0.01
7185,375134.252536755,4.55674238486714e6,Cumberland,Magnolia,duck,organic,false,0.0
7186,439038.049769515,4.58133526512832e6,Susquehanna,Moorestown,chicken,broiler_1,false,0.02
7187,435257.028267613,4.60874054340416e6,Susquehanna,Newark,duck,organic,false,0.0
7188,419957.324855517,4.49826534176099e6,Mifflin,Middletown,chicken,broiler_2,false,0.006
7189,464075.9417728,4.57142626360193e6,Berks,Warren,duck,conventional,false,0.006
7190,440042.871734221,4.60619096728963e6,Susquehanna,Hackettstown,chicken,broiler_2,false,0.004
7191,465835.733671623,4.69572519754815e6,Indiana,Madison,duck,conventional,false,0.004
7192,385014.623680761,4.58898079222516e6,Mercer,Oceanport,duck,conventional,false,0.0
7193,374806.602736505,4.6262589838154e6,Blair,Pompton Lakes,duck,conventional,false,0.004
7194,475825.824994744,4.49069403724213e6,Luzerne,Pine Hill,duck,organic,false,0.0
7195,468637.240537303,4.50346988091327e6,Luzerne,Fredon,duck,organic,false,0.01
7196,332361.775480067,4.55944617423008e6,Schuylkill,Watchung,chicken,broiler_2,false,0.006
7197,470304.5410409,4.60466601228984e6,Susquehanna,Northfield,chicken,layer,false,0.044
7198,405166.102654991,4.49041266889305e6,Mifflin,Wantage,chicken,broiler_2,false,0.016
7199,494947.116295036,4.4795887450646e6,Luzerne,Medford,duck,conventional,false,0.004
7200,475528.271323574,4.47946108135406e6,Luzerne,Haworth,duck,conventional,false,0.002
7201,437644.973998079,4.57866637827249e6,Susquehanna,Galloway,duck,conventional,false,0.006
7202,350844.111614969,4.61335632882603e6,Mercer,Roseland,chicken,broiler_2,false,0.002
7203,331404.479195218,4.56274493118175e6,Schuylkill,Rahway,chicken,broiler_2,false,0.004
7204,476302.800186674,4.67715108999906e6,Allegheny,Mountainside,duck,conventional,false,0.004
7205,349648.334458247,4.58907511198168e6,Mercer,Benner,duck,organic,false,0.002
7206,350061.041321446,4.59578846235244e6,Mercer,Benner,chicken,layer,false,0.01
7207,413812.895593913,4.69976230652878e6,Lancaster,Alpine,chicken,broiler_1,false,0.014
7208,451759.766068672,4.56637117618447e6,Berks,Taylor,duck,conventional,false,0.008
7209,400650.303730279,4.70263443318177e6,Lancaster,Riegelsville,duck,organic,false,0.004
7210,456053.655407222,4.69784619332262e6,Indiana,Pilesgrove,duck,conventional,false,0.004
7211,423837.351146448,4.58589146088417e6,Lycoming,Limerick,duck,conventional,false,0.0
7212,472237.980316102,4.52225841144393e6,Berks,Warwick,duck,conventional,false,0.008
7213,449693.104922743,4.58093419976814e6,Susquehanna,Moorestown,chicken,broiler_2,false,0.02
7214,345856.192203799,4.59302989706951e6,Mercer,Benner,duck,conventional,false,0.002
7215,488394.839906092,4.68081157094879e6,Allegheny,Peapack-Gladstone,duck,organic,false,0.006
7216,470194.196199611,4.56480139636374e6,Berks,Barnegat Light,chicken,broiler_2,false,0.042
7217,322072.75823245,4.6239380708081e6,Venango,Moreland,chicken,broiler_2,false,0.012
7218,391395.704253382,4.67025070759457e6,Blair,Vineland,chicken,broiler_2,false,0.002
7219,375350.929282611,4.62287503926611e6,Blair,Pottsgrove,duck,organic,false,0.002
7220,384115.434759281,4.49982695486498e6,Mifflin,Springfield,chicken,broiler_2,false,0.004
7221,415698.804719408,4.60215693892385e6,Lycoming,Cranbury,chicken,layer,false,0.004
7222,343689.182942181,4.55636445811582e6,Schuylkill,Dover,chicken,layer,false,0.006
7223,389045.744159356,4.53911851559721e6,Cumberland,Camden,chicken,broiler_2,false,0.008
7224,446488.915141937,4.57854723599084e6,Susquehanna,Moorestown,chicken,broiler_2,false,0.024
7225,322375.434101599,4.54806019721505e6,Schuylkill,Oaklyn,duck,conventional,false,0.004
7226,473092.207507227,4.67347769855638e6,Allegheny,Lacey,duck,conventional,false,0.006
7227,363378.521840572,4.62656387436268e6,Blair,Somerville,duck,conventional,false,0.004
7228,395177.315202313,4.62818016535019e6,Blair,Butler,duck,conventional,false,0.004
7229,484610.063304258,4.68579779893018e6,Indiana,Paterson,duck,conventional,false,0.014
7230,423317.255524457,4.59253071568283e6,Lycoming,Island Heights,duck,conventional,false,0.002
7231,382994.76712896,4.53807896899183e6,Cumberland,Perkiomen,duck,conventional,false,0.0
7232,379332.912770079,4.63802824341791e6,Blair,Stillwater,duck,conventional,false,0.0
7233,367834.704131824,4.56616868208024e6,Cumberland,Alexandria,chicken,broiler_2,false,0.006
7234,463153.628694293,4.64580712981533e6,Allegheny,Brigantine,chicken,broiler_1,false,0.022
7235,456181.735394885,4.717012933298e6,Indiana,Greenwich,chicken,broiler_2,false,0.022
7236,426621.442743194,4.6146350325296e6,Susquehanna,Commercial,chicken,broiler_1,false,0.002
7237,483356.375593201,4.5261320801587e6,Berks,Middlesex,chicken,broiler_2,false,0.038
7238,463629.997527709,4.71278013439618e6,Indiana,Morristown,duck,conventional,false,0.006
7239,334999.288784997,4.55739489561029e6,Schuylkill,Watchung,duck,conventional,false,0.002
7240,456945.371233162,4.46781248844615e6,Luzerne,Union City,duck,organic,false,0.002
7241,481598.37020357,4.72117336272813e6,Indiana,Clayton,chicken,broiler_2,false,0.028
7242,420059.334506779,4.71407683885434e6,Lancaster,Howell,duck,conventional,false,0.002
7243,380498.377470397,4.59685122030405e6,Lycoming,Delran,chicken,layer,false,0.006
7244,456040.251530708,4.47304738852926e6,Luzerne,Tullytown,duck,conventional,false,0.0
7245,474516.77736442,4.46063910888892e6,Luzerne,Norristown,chicken,broiler_1,false,0.008
7246,381466.790304343,4.6318547464036e6,Blair,Ho-Ho-Kus,duck,conventional,false,0.006
7247,372185.21434663,4.64924430914949e6,Blair,Woodbury,duck,conventional,false,0.0
7248,467504.718662482,4.46655589317759e6,Luzerne,Pemberton,chicken,broiler_2,false,0.016
7249,501971.192440672,4.71454391255611e6,Indiana,Fairview,duck,conventional,false,0.008
7250,376831.061509022,4.58695447886931e6,Mercer,Greenville,duck,organic,false,0.002
7251,472631.605390665,4.64953604915542e6,Allegheny,Spring Lake Heights,duck,conventional,false,0.006
7252,425005.466613706,4.58080409637631e6,Lycoming,Limerick,chicken,layer,false,0.004
7253,468189.768603906,4.50302831458582e6,Luzerne,Fredon,chicken,layer,false,0.034
7254,464217.180657666,4.57535916950202e6,Berks,Warren,duck,conventional,false,0.01
7255,355763.731951665,4.61311124503479e6,Mercer,Roseland,duck,organic,false,0.008
7256,478960.93481905,4.64905367789635e6,Allegheny,Spring Lake Heights,chicken,broiler_2,false,0.046
7257,479066.252528775,4.65489315350803e6,Allegheny,Spring Lake Heights,chicken,broiler_2,false,0.042
7258,427274.087216,4.6019432451182e6,Susquehanna,Palmyra,duck,conventional,false,0.002
7259,420101.469071491,4.48425231555184e6,Mifflin,Hillside,duck,conventional,false,0.004
7260,430003.257931427,4.60387512135093e6,Susquehanna,Palmyra,chicken,broiler_2,false,0.002
7261,460114.124693705,4.59890899428669e6,Susquehanna,Pennsauken,chicken,broiler_2,false,0.02
7262,436179.159796942,4.70328428114312e6,Lancaster,Norriton,duck,conventional,false,0.0
7263,334102.225998733,4.57639699087992e6,Mercer,Chalfont,duck,conventional,false,0.0
7264,476047.611424073,4.70024986532038e6,Indiana,Buena Vista,duck,conventional,false,0.002
7265,496364.458883893,4.72148417991606e6,Indiana,Clayton,duck,conventional,false,0.006
7266,370735.666179213,4.59491625107505e6,Mercer,White,duck,conventional,false,0.002
7267,399236.721981385,4.71009426775411e6,Lancaster,Plumsted,chicken,broiler_1,false,0.014
7268,465742.826015598,4.4584475365697e6,Luzerne,Prospect Park,chicken,broiler_2,false,0.012
7269,407317.698113669,4.5952331334187e6,Lycoming,National Park,chicken,broiler_1,false,0.014
7270,466676.756169181,4.65006482539073e6,Allegheny,Marlborough,duck,conventional,false,0.0
7271,320562.319673421,4.55433618673015e6,Schuylkill,Glassboro,chicken,broiler_2,false,0.014
7272,469744.99498052,4.68695635544396e6,Allegheny,Passaic,chicken,layer,false,0.016
7273,313244.085624728,4.59459035612364e6,Venango,Cinnaminson,chicken,broiler_2,false,0.016
7274,457947.292224451,4.60344251548084e6,Susquehanna,Montague,chicken,broiler_2,false,0.014
7275,370895.6524913,4.53909781830775e6,Cumberland,Hackensack,duck,organic,false,0.0
7276,454738.131697455,4.60929003051518e6,Susquehanna,Unionville,duck,conventional,false,0.01
7277,340945.288288584,4.57463986372471e6,Schuylkill,State College,duck,conventional,false,0.004
7278,491767.572889727,4.72119143214566e6,Indiana,Clayton,chicken,broiler_2,false,0.026
7279,477772.392321359,4.55522042831117e6,Berks,Port Matilda,chicken,broiler_1,false,0.056
7280,396113.468204541,4.49520401981719e6,Mifflin,Elmwood Park,chicken,broiler_2,false,0.004
7281,342940.498594151,4.55023464145346e6,Schuylkill,Independence,duck,organic,false,0.0
7282,406320.177560898,4.70175527588192e6,Lancaster,Skippack,duck,conventional,false,0.0
7283,409107.592199996,4.57635127489273e6,Lycoming,Marlboro,duck,organic,false,0.0
7284,398129.295618961,4.69009318529345e6,Lancaster,Waldwick,duck,conventional,false,0.004
7285,395819.377516591,4.7075546169615e6,Lancaster,Florence,chicken,broiler_1,false,0.01
7286,338188.656492312,4.59209416691878e6,Venango,Tewksbury,duck,conventional,false,0.004
7287,419789.48767146,4.60528688558028e6,Lycoming,Haddonfield,duck,conventional,false,0.0
7288,387388.323876282,4.55561719129255e6,Cumberland,Florham Park,duck,conventional,false,0.004
7289,407567.24605394,4.58912357355798e6,Lycoming,Montclair,duck,conventional,false,0.0
7290,406959.344614894,4.71974085992632e6,Lancaster,High Bridge,duck,conventional,false,0.004
7291,336674.760239292,4.58662331725853e6,Mercer,Chalfont,chicken,broiler_1,false,0.006
7292,326371.861369436,4.61646004885983e6,Venango,Ridgewood Village,duck,conventional,false,0.002
7293,405074.020821279,4.70524657544991e6,Lancaster,Skippack,duck,conventional,false,0.004
7294,353149.98479665,4.56954838725276e6,Schuylkill,Allendale,duck,conventional,false,0.0
7295,475041.45778791,4.72430371717824e6,Indiana,Collingswood,duck,conventional,false,0.002
7296,461859.02460357,4.55729314337512e6,Berks,Barnegat Light,duck,conventional,false,0.006
7297,371872.419705669,4.52741372021908e6,Cumberland,Highlands,chicken,broiler_2,false,0.006
7298,405939.248985389,4.48399114162871e6,Mifflin,Cresskill,chicken,broiler_1,false,0.008
7299,474818.868714472,4.523525284963e6,Berks,Middlesex,chicken,broiler_2,false,0.034
7300,376253.993081163,4.59170661786954e6,Mercer,Oceanport,chicken,broiler_2,false,0.006
7301,367944.032435018,4.60061758728443e6,Mercer,Lopatcong,duck,organic,false,0.0
7302,470872.082451281,4.58240514800879e6,Berks,Merion,duck,organic,false,0.01
7303,390471.853140391,4.70396854089542e6,Lancaster,Florence,chicken,broiler_1,false,0.014
7304,467813.394606234,4.50772640472079e6,Luzerne,Morrisville,chicken,broiler_1,false,0.046
7305,360698.522501335,4.52772116704228e6,Cumberland,Ringwood,duck,conventional,false,0.0
7306,473276.951065299,4.51816624237184e6,Berks,Warwick,chicken,broiler_2,false,0.022
7307,387873.064970116,4.65689468271208e6,Blair,Bloomsbury,duck,conventional,false,0.0
7308,458151.28037862,4.73622782903293e6,Indiana,Ewing,duck,conventional,false,0.002
7309,384794.897858807,4.52409790166465e6,Cumberland,Millstone,chicken,broiler_2,false,0.002
7310,346264.924898293,4.54613165077975e6,Schuylkill,Highland Park,chicken,broiler_1,false,0.004
7311,461798.191007903,4.57300852103233e6,Berks,Warren,duck,conventional,false,0.008
7312,467832.720375579,4.56915183063599e6,Berks,Warren,chicken,broiler_2,false,0.04
7313,392418.605105286,4.62621638459674e6,Blair,Butler,duck,conventional,false,0.0
7314,381428.055459813,4.65167009461629e6,Blair,Hatboro,duck,conventional,false,0.004
7315,316949.829622368,4.62076510171372e6,Venango,Moreland,duck,conventional,false,0.002
7316,437973.898955252,4.57537455427795e6,Susquehanna,Galloway,duck,conventional,false,0.004
7317,469154.70021539,4.65494592441087e6,Allegheny,Orange,duck,conventional,false,0.002
7318,467989.727423903,4.71803569811038e6,Indiana,Wall,chicken,broiler_1,false,0.03
7319,464528.383212439,4.65190043467559e6,Allegheny,Oldmans,chicken,broiler_2,false,0.018
7320,457736.503587456,4.69688117242365e6,Indiana,Pilesgrove,duck,organic,false,0.002
7321,341872.450427567,4.53769264573153e6,Schuylkill,Neptune,duck,conventional,false,0.0
7322,410687.369986606,4.60950689913581e6,Lycoming,Lebanon,chicken,broiler_2,false,0.012
7323,398742.712384497,4.61736448091048e6,Blair,Loch Arbour Village,duck,conventional,false,0.004
7324,315768.794561373,4.60097428039115e6,Venango,Eatontown,duck,organic,false,0.004
7325,443008.86174799,4.62002201219204e6,Susquehanna,Barrington,chicken,broiler_2,false,0.014
7326,478480.267826947,4.52009015154493e6,Luzerne,Hardyston,chicken,broiler_2,false,0.032
7327,333565.733425679,4.59712646426199e6,Venango,Laurel Springs,duck,organic,false,0.004
7328,488865.813405318,4.47683671725514e6,Luzerne,Merchantville,duck,conventional,false,0.004
7329,460532.183955421,4.55387616041306e6,Berks,Port Matilda,duck,conventional,false,0.008
7330,364768.125788533,4.5934618652236e6,Mercer,Wayne,chicken,broiler_2,false,0.002
7331,371878.183237631,4.58506025907726e6,Mercer,White,chicken,broiler_2,false,0.01
7332,486142.498449089,4.51821315880445e6,Luzerne,Hardyston,chicken,layer,false,0.032
7333,309864.945113448,4.55741261892682e6,Schuylkill,Worth,chicken,broiler_2,false,0.008
7334,474214.30228108,4.70260924132178e6,Indiana,Corbin City,chicken,broiler_1,false,0.024
7335,473736.029186241,4.50378171234844e6,Luzerne,Fredon,duck,conventional,false,0.008
7336,485367.370458278,4.69975423835339e6,Indiana,Buena Vista,duck,conventional,false,0.006
7337,460660.402889941,4.47017085187806e6,Luzerne,Union City,chicken,broiler_1,false,0.016
7338,453278.130076341,4.49161255781568e6,Luzerne,Paulsboro,duck,conventional,false,0.004
7339,450212.302822115,4.56969748692253e6,Berks,Taylor,duck,conventional,false,0.008
7340,474731.638968812,4.61767752479426e6,Susquehanna,Surf City,duck,conventional,false,0.016
7341,499213.91209584,4.70046151360324e6,Indiana,Glen Gardner,duck,conventional,false,0.01
7342,504090.408172431,4.71497885614274e6,Indiana,Fairview,duck,organic,false,0.012
7343,480585.711766162,4.49579028386274e6,Luzerne,Pine Hill,chicken,broiler_1,false,0.052
7344,398105.096273186,4.71108523931476e6,Lancaster,Florence,chicken,broiler_2,false,0.006
7345,386019.35604956,4.61179542529984e6,Blair,Ventnor City,chicken,broiler_1,false,0.012
7346,385155.847420793,4.63875937290135e6,Blair,Haddon Heights,chicken,broiler_2,false,0.014
7347,458595.282298531,4.73735034707805e6,Indiana,Ewing,duck,conventional,false,0.002
7348,420238.115306595,4.72100654778048e6,Lancaster,Scotch Plains,chicken,broiler_2,false,0.006
7349,437301.769109984,4.69354369456621e6,Lancaster,Alloways Creek,duck,conventional,false,0.002
7350,411883.338624586,4.69558472583066e6,Lancaster,Alpine,duck,conventional,false,0.0
7351,390077.470580312,4.49829512270315e6,Mifflin,Elsinboro,chicken,broiler_2,false,0.008
7352,336953.55566631,4.58558910585645e6,Mercer,Chalfont,chicken,broiler_2,false,0.004
7353,474390.249593919,4.52683948477011e6,Berks,Middlesex,chicken,broiler_2,false,0.032
7354,365290.1775215,4.57070629513808e6,Mercer,Dunellen,chicken,broiler_2,false,0.01
7355,462352.629686807,4.60467227558747e6,Susquehanna,Pennsauken,duck,conventional,false,0.01
7356,394246.827339946,4.49732855651471e6,Mifflin,Elsinboro,duck,conventional,false,0.006
7357,309571.84701661,4.60116139910125e6,Venango,Eatontown,duck,conventional,false,0.002
7358,414996.815233645,4.57896318681964e6,Lycoming,New York,duck,conventional,false,0.0
7359,420996.672536847,4.70494085019953e6,Lancaster,Mount Ephraim,chicken,broiler_2,false,0.006
7360,419293.076281649,4.4834088670294e6,Mifflin,Hillside,duck,organic,false,0.004
7361,431698.552156355,4.71609553390321e6,Lancaster,Chester,chicken,broiler_2,false,0.006
7362,328822.757489809,4.58218712328005e6,Venango,Deptford,chicken,broiler_2,false,0.01
7363,472614.953636705,4.50265954907444e6,Luzerne,Fredon,chicken,broiler_2,false,0.02
7364,455168.286377743,4.69887867946489e6,Indiana,Pilesgrove,chicken,broiler_1,false,0.016
7365,483824.128827894,4.69436222520738e6,Indiana,Stockton,chicken,broiler_2,false,0.016
7366,480772.772116885,4.65484828419717e6,Allegheny,Spring Lake Heights,duck,organic,false,0.004
7367,347103.474852369,4.57167552214228e6,Mercer,Lambertville,duck,organic,false,0.004
7368,377487.733735046,4.60968714556164e6,Lycoming,Lindenwold,duck,conventional,false,0.002
7369,328146.276598322,4.54849744119112e6,Schuylkill,Kenilworth,duck,conventional,false,0.002
7370,308691.236769897,4.59854071698983e6,Venango,Eatontown,duck,conventional,false,0.006
7371,464441.6880308,4.71623469027132e6,Indiana,Morristown,duck,conventional,false,0.002
7372,487565.228763815,4.70278871988053e6,Indiana,Beachwood,chicken,broiler_2,false,0.026
7373,437553.02371249,4.70114671591832e6,Lancaster,Norriton,duck,conventional,false,0.0
7374,394657.101862113,4.69649381955275e6,Lancaster,Waldwick,duck,conventional,false,0.002
7375,451526.109393302,4.60006195904088e6,Susquehanna,Keansburg,chicken,broiler_2,true,0.0
7376,456597.200015505,4.47174937560601e6,Luzerne,Tullytown,duck,conventional,false,0.002
7377,467034.353782332,4.50079567366125e6,Luzerne,Fredon,chicken,broiler_2,false,0.044
7378,360043.864072139,4.60441502955295e6,Mercer,Lopatcong,duck,conventional,false,0.0
7379,401970.454357769,4.62438602154656e6,Blair,Woodbine,duck,conventional,false,0.002
7380,483706.438149518,4.49075830219856e6,Luzerne,Pine Hill,chicken,broiler_2,false,0.052
7381,440259.758228909,4.71409877033192e6,Lancaster,Pitman,chicken,broiler_1,false,0.006
7382,332799.137909007,4.54829820621136e6,Schuylkill,Kenilworth,chicken,broiler_2,false,0.006
7383,314144.437139135,4.56324732955711e6,Schuylkill,Blairstown,chicken,broiler_1,false,0.008
7384,453394.232709212,4.70594030836895e6,Indiana,Little Ferry,chicken,broiler_2,false,0.026
7385,334934.989754049,4.54920682129204e6,Schuylkill,Kenilworth,chicken,broiler_2,false,0.006
7386,355162.094657209,4.60144486238824e6,Mercer,Lopatcong,chicken,broiler_2,false,0.008
7387,325244.720461923,4.61176252628421e6,Venango,New Brunswick,chicken,broiler_2,false,0.01
7388,364592.639024224,4.53033873901722e6,Cumberland,Ringwood,chicken,layer,false,0.01
7389,491615.931183055,4.71887175145345e6,Indiana,Berkeley,chicken,broiler_2,false,0.032
7390,397189.903079383,4.59092737646728e6,Lycoming,Tavistock,chicken,broiler_2,false,0.014
7391,498273.811466877,4.71923148823033e6,Indiana,Berkeley,duck,organic,false,0.008
7392,384837.955548936,4.59627845215713e6,Lycoming,Delran,chicken,broiler_2,false,0.01
7393,391985.12316114,4.59959804502944e6,Lycoming,Readington,chicken,broiler_2,false,0.004
7394,487585.090828138,4.67374176191882e6,Allegheny,Colts Neck,duck,conventional,false,0.006
7395,447735.398354935,4.46976865663967e6,Luzerne,Woodstown,duck,conventional,false,0.0
7396,453380.7127561,4.59161566718746e6,Susquehanna,Flemington,duck,organic,false,0.004
7397,363194.42786574,4.625918227557e6,Mercer,Milltown,chicken,broiler_2,false,0.014
7398,343370.916252438,4.61169064922468e6,Venango,Totowa,duck,conventional,false,0.002
7399,381655.532699261,4.65713911305446e6,Blair,Perth Amboy,chicken,broiler_2,false,0.008
7400,478466.368814961,4.50548169129643e6,Luzerne,Fredon,chicken,broiler_1,false,0.012
7401,357478.251251902,4.57018630987167e6,Mercer,Dunellen,chicken,broiler_1,false,0.008
7402,465371.014393031,4.64914147514317e6,Allegheny,Brigantine,duck,conventional,false,0.002
7403,446741.988104855,4.70260075817884e6,Lancaster,Norriton,duck,conventional,false,0.004
7404,479748.860212913,4.46144335492899e6,Luzerne,Curtin,chicken,broiler_1,false,0.008
7405,324139.984734512,4.5462667222912e6,Schuylkill,Oaklyn,duck,organic,false,0.002
7406,452899.208825496,4.46474149487395e6,Luzerne,Cedar Grove,chicken,broiler_2,false,0.008
7407,360324.271715596,4.59619885960814e6,Mercer,Middle,duck,conventional,false,0.004
7408,461757.181300353,4.63283304476315e6,Susquehanna,Englewood,chicken,broiler_2,false,0.034
7409,432293.95726967,4.71758382211097e6,Lancaster,Chester,duck,organic,false,0.002
7410,369286.854510551,4.60676004803233e6,Mercer,Deerfield,duck,conventional,false,0.002
7411,445204.590129723,4.57747639720356e6,Susquehanna,Kingwood,chicken,broiler_2,false,0.014
7412,310229.867685998,4.56759879042742e6,Schuylkill,Blairstown,chicken,broiler_1,false,0.012
7413,469926.555574238,4.72594924808266e6,Indiana,Sandyston,duck,organic,false,0.016
7414,432203.230903618,4.5996498965413e6,Susquehanna,Fair Lawn,chicken,broiler_1,false,0.006
7415,420370.152991464,4.59736185860592e6,Lycoming,Cranbury,duck,conventional,false,0.004
7416,460456.14924168,4.50154044550589e6,Luzerne,Gwynedd,duck,conventional,false,0.0
7417,473655.878440266,4.67226150277526e6,Allegheny,Lacey,duck,conventional,false,0.002
7418,426510.58858555,4.59728651938611e6,Lycoming,Island Heights,duck,organic,false,0.006
7419,457168.722001508,4.73044707477919e6,Indiana,Milford,chicken,broiler_1,false,0.032
7420,470611.087150382,4.56157242906798e6,Berks,Barnegat Light,duck,conventional,false,0.012
7421,470683.111985467,4.61016742343398e6,Susquehanna,Nutley,chicken,broiler_1,false,0.028
7422,485617.284782071,4.48288034254874e6,Luzerne,Medford,chicken,broiler_2,false,0.014
7423,423081.606809895,4.71956620479859e6,Lancaster,Scotch Plains,chicken,broiler_2,false,0.008
7424,470360.286622268,4.50375304307843e6,Luzerne,Fredon,chicken,broiler_2,false,0.062
7425,472224.034447034,4.69636927403634e6,Indiana,Lafayette,chicken,broiler_1,false,0.02
7426,415103.683269367,4.71780517187565e6,Lancaster,Howell,duck,conventional,false,0.0
7427,386183.979266617,4.6475882215686e6,Blair,Riverside,chicken,broiler_2,false,0.012
7428,336224.52568161,4.61471473607755e6,Venango,Maurice River,chicken,broiler_1,false,0.012
7429,428130.000562226,4.6969272642076e6,Lancaster,Raritan,chicken,broiler_1,false,0.006
7430,448548.647883684,4.70211959965859e6,Lancaster,Park Ridge,duck,conventional,false,0.006
7431,373502.015574383,4.64056254439817e6,Blair,Stillwater,duck,conventional,false,0.0
7432,345054.4323219,4.54507037826454e6,Schuylkill,Highland Park,chicken,layer,false,0.006
7433,461922.497020424,4.54043746049078e6,Berks,Jersey City,chicken,broiler_2,false,0.02
7434,381193.861385187,4.62667849033506e6,Blair,Pottsgrove,chicken,broiler_1,false,0.0
7435,450486.668530639,4.48474803038557e6,Luzerne,Paulsboro,chicken,layer,false,0.01
7436,361733.239748497,4.59847914973184e6,Mercer,Middle,duck,conventional,false,0.002
7437,483658.034605845,4.49072913906056e6,Luzerne,Pine Hill,chicken,layer,false,0.036
7438,463652.10221558,4.49200872941922e6,Luzerne,New Milford,chicken,broiler_2,false,0.004
7439,377331.079911496,4.63301448569336e6,Blair,Ho-Ho-Kus,duck,conventional,false,0.006
7440,454574.326094865,4.46766181410394e6,Luzerne,Cedar Grove,duck,organic,false,0.004
7441,491615.328001102,4.70333013398612e6,Indiana,Beachwood,duck,conventional,false,0.004
7442,386515.172088363,4.52655906511112e6,Cumberland,Millstone,duck,conventional,false,0.002
7443,374046.209884528,4.6100145951406e6,Mercer,Monmouth Beach,chicken,broiler_1,false,0.01
7444,483684.317909005,4.53489307979081e6,Berks,Irvington,chicken,broiler_1,false,0.04
7445,478321.860439509,4.52834390770026e6,Berks,Middlesex,chicken,broiler_2,false,0.04
7446,495970.399582239,4.4697741796711e6,Luzerne,Old Bridge,chicken,broiler_2,false,0.01
7447,301647.588115451,4.59351943455776e6,Venango,Woodland Park,chicken,broiler_2,false,0.012
7448,304809.179738595,4.57194200632797e6,Schuylkill,Linden,duck,organic,false,0.0
7449,471538.428011754,4.60251323579521e6,Susquehanna,Northfield,duck,conventional,false,0.006
7450,411083.403113539,4.49545596590714e6,Mifflin,Folsom,chicken,broiler_2,false,0.0
7451,355424.608062362,4.5786442564781e6,Mercer,Lambertville,duck,conventional,false,0.004
7452,382667.63974769,4.64506351893748e6,Blair,Haddon Heights,chicken,broiler_2,false,0.016
7453,321996.01119594,4.60079591464747e6,Venango,Montville,chicken,broiler_2,false,0.004
7454,390484.400121957,4.63959824605983e6,Blair,Alloway,duck,conventional,false,0.006
7455,404064.878782848,4.60022568451337e6,Lycoming,Woolwich,chicken,broiler_2,false,0.012
7456,457395.276380647,4.62518259750966e6,Susquehanna,Cape May Point,duck,conventional,false,0.006
7457,417306.670077363,4.57869746265317e6,Lycoming,New York,duck,conventional,false,0.0
7458,326917.615573897,4.57416511237369e6,Schuylkill,Audubon Park,chicken,broiler_2,false,0.01
7459,388182.127978452,4.59738574003852e6,Lycoming,Readington,duck,conventional,false,0.006
7460,388689.561765264,4.63066637321769e6,Blair,Butler,duck,conventional,false,0.0
7461,386871.884016349,4.56053602890624e6,Cumberland,Moonachie,chicken,broiler_1,false,0.006
7462,452008.195721959,4.45723862069315e6,Luzerne,Lakehurst,chicken,layer,false,0.008
7463,312194.532287957,4.58675153814269e6,Venango,Plainsboro,duck,conventional,false,0.004
7464,471967.346207168,4.53813689795616e6,Berks,Irvington,duck,conventional,false,0.008
7465,445160.194718816,4.71141923403059e6,Indiana,Woodcliff Lake,chicken,broiler_2,false,0.028
7466,443666.506674147,4.61426801561494e6,Susquehanna,Stone Harbor,chicken,layer,false,0.006
7467,328966.815985444,4.56542316306022e6,Schuylkill,Audubon Park,duck,conventional,false,0.004
7468,477648.21778617,4.50419224528341e6,Luzerne,Fredon,chicken,broiler_2,false,0.016
7469,305445.137849522,4.61300631298111e6,Venango,Kinnelon,chicken,broiler_2,false,0.008
7470,496382.121584093,4.71556194832003e6,Indiana,Berkeley,duck,organic,false,0.006
7471,396168.185940378,4.57588339060378e6,Cumberland,Interlaken,chicken,broiler_1,false,0.01
7472,461712.89452962,4.64455673718232e6,Allegheny,Brigantine,duck,organic,false,0.002
7473,386186.043147577,4.5854333077352e6,Mercer,Bass River,duck,conventional,false,0.002
7474,421098.902381832,4.49279327394456e6,Mifflin,Cherry Hill,duck,conventional,false,0.004
7475,372983.744140154,4.56517886195554e6,Cumberland,Alexandria,duck,conventional,false,0.006
7476,349757.457715971,4.55547328819842e6,Schuylkill,Woodlynne,duck,conventional,false,0.002
7477,506161.964457359,4.46516069674132e6,Luzerne,River,duck,organic,false,0.0
7478,386642.011312657,4.63101545728271e6,Blair,Ho-Ho-Kus,chicken,broiler_2,false,0.002
7479,415878.761726767,4.60897417477957e6,Lycoming,Haddonfield,duck,conventional,false,0.0
7480,369394.200491701,4.64316085824668e6,Blair,Woodbury,chicken,broiler_2,false,0.006
7481,469226.456145129,4.59951868193658e6,Susquehanna,Northfield,chicken,broiler_2,false,0.048
7482,463355.661858278,4.73120058562363e6,Indiana,Lawrence,duck,conventional,false,0.002
7483,355679.951275844,4.57629743877217e6,Mercer,Lambertville,chicken,broiler_1,false,0.002
7484,392416.672385485,4.51204432793115e6,Mifflin,Englishtown,duck,organic,false,0.002
7485,390743.410883409,4.63849994852126e6,Blair,Alloway,duck,conventional,false,0.0
7486,342230.553768482,4.58382497186865e6,Mercer,Metuchen,chicken,broiler_2,false,0.016
7487,371330.930367775,4.63783660312721e6,Blair,Woodbury,duck,organic,false,0.0
7488,459647.272568575,4.46832549875459e6,Luzerne,Union City,duck,conventional,false,0.0
7489,428688.23481637,4.57915399182682e6,Lycoming,Avalon,chicken,broiler_2,false,0.004
7490,471033.050909692,4.55577157328994e6,Berks,Barnegat Light,duck,conventional,false,0.006
7491,381928.566852358,4.59866601875459e6,Lycoming,Delran,chicken,broiler_2,false,0.006
7492,463061.186248351,4.73513471076533e6,Indiana,Milford,chicken,broiler_2,false,0.004
7493,481147.756297217,4.5126870333565e6,Luzerne,Hardyston,chicken,broiler_2,false,0.032
7494,473790.291712896,4.64370963598104e6,Allegheny,Marlborough,chicken,broiler_2,false,0.028
7495,466239.577241227,4.47898455016995e6,Luzerne,Morris,duck,conventional,false,0.004
7496,325591.280791203,4.56288415139422e6,Schuylkill,Frenchtown,chicken,broiler_2,false,0.01
7497,415768.407445618,4.70213218447265e6,Lancaster,Mount Ephraim,duck,conventional,false,0.002
7498,429450.412970821,4.59743655183485e6,Lycoming,Ramsey,duck,conventional,false,0.0
7499,481617.846541954,4.50582134569441e6,Luzerne,Teaneck,duck,conventional,true,0.0
7500,354085.896207971,4.58662609304427e6,Mercer,Atlantic Highlands,duck,conventional,false,0.0
7501,370876.052807334,4.54934734847253e6,Cumberland,Bergenfield,duck,conventional,false,0.0
7502,340117.820321433,4.58826927773287e6,Mercer,Chalfont,chicken,broiler_2,false,0.01
7503,451998.195239705,4.47869692567152e6,Luzerne,Franklin,chicken,broiler_2,false,0.004
7504,423472.417810075,4.6101831782093e6,Susquehanna,Commercial,duck,organic,false,0.002
7505,373670.961105458,4.56838575755728e6,Cumberland,Philipsburg,duck,conventional,false,0.002
7506,342948.245097911,4.55209526993925e6,Schuylkill,Independence,chicken,broiler_2,false,0.012
7507,418584.536882629,4.70153204917723e6,Lancaster,Mount Ephraim,chicken,layer,false,0.006
7508,473385.72724578,4.56964277785079e6,Berks,Barnegat Light,duck,conventional,false,0.012
7509,420139.294427123,4.49224924858664e6,Mifflin,Cherry Hill,chicken,broiler_2,false,0.002
7510,489162.248571272,4.68720761313073e6,Allegheny,Peapack-Gladstone,duck,conventional,true,0.0
7511,371575.42355533,4.61425256196217e6,Mercer,Monmouth Beach,duck,organic,false,0.002
7512,351028.082432221,4.61564453541914e6,Mercer,Atlantic City,chicken,broiler_2,false,0.01
7513,342866.026721781,4.57104884888605e6,Schuylkill,Wanaque,chicken,broiler_2,false,0.016
7514,471287.757358295,4.50994885970621e6,Luzerne,Morrisville,duck,conventional,false,0.006
7515,346908.255039631,4.54572402014436e6,Schuylkill,Englewood Cliffs,duck,conventional,false,0.0
7516,489473.143935271,4.72182782606332e6,Indiana,Clayton,duck,conventional,false,0.006
7517,418518.761737697,4.59670555994317e6,Lycoming,Cranbury,chicken,broiler_1,false,0.012
7518,411560.607281007,4.58621407844956e6,Lycoming,Holmdel,duck,conventional,false,0.006
7519,487178.031722034,4.68005621032415e6,Allegheny,Peapack-Gladstone,chicken,broiler_2,false,0.022
7520,471479.163814551,4.50946587796702e6,Luzerne,Morrisville,chicken,layer,false,0.024
7521,341950.562005893,4.61165789830873e6,Venango,Totowa,duck,conventional,false,0.0
7522,331237.458986026,4.60319264612574e6,Venango,Laurel Springs,duck,conventional,false,0.004
7523,323358.468156461,4.62041324615464e6,Venango,Ridgewood Village,chicken,broiler_2,false,0.014
7524,457413.482902425,4.47368682053207e6,Luzerne,Franklin,duck,conventional,false,0.004
7525,361134.324478387,4.52779556016587e6,Cumberland,Ringwood,chicken,broiler_2,false,0.006
7526,468255.402684412,4.56417122431411e6,Berks,Barnegat Light,chicken,broiler_2,false,0.044
7527,485724.321533584,4.51155736499167e6,Luzerne,Hardyston,duck,conventional,false,0.0
7528,401235.667318112,4.6037758910049e6,Lycoming,Monroe,duck,conventional,false,0.0
7529,367293.412379737,4.57092615680182e6,Cumberland,Philipsburg,chicken,broiler_1,false,0.008
7530,420416.370648771,4.4914506369112e6,Mifflin,Cherry Hill,chicken,broiler_2,false,0.002
7531,464286.064627035,4.59747166559803e6,Susquehanna,Pennington,duck,organic,false,0.006
7532,320117.115919327,4.61637158496213e6,Venango,Moreland,chicken,broiler_2,false,0.016
7533,350118.25232905,4.60272895485464e6,Mercer,Weehawken,chicken,broiler_2,false,0.002
7534,481961.639035074,4.48069588942077e6,Luzerne,Haworth,chicken,layer,false,0.006
7535,377314.490757815,4.62220466142962e6,Blair,Pottsgrove,chicken,broiler_2,false,0.012
7536,370550.684792344,4.60424891983342e6,Mercer,Monmouth Beach,chicken,broiler_1,false,0.014
7537,501624.864117153,4.4692261222874e6,Luzerne,Riverdale,chicken,broiler_2,false,0.008
7538,391816.488354547,4.60594523736723e6,Lycoming,Haledon,duck,conventional,false,0.0
7539,330607.467056084,4.59650302578867e6,Venango,Tewksbury,duck,conventional,false,0.004
7540,478080.769391015,4.72611166516142e6,Indiana,Sandyston,duck,conventional,false,0.008
7541,471739.815843941,4.7093817609353e6,Indiana,Boonton,duck,organic,false,0.01
7542,480515.360541868,4.64871301076565e6,Allegheny,Spring Lake Heights,chicken,broiler_1,false,0.04
7543,307920.829599215,4.58425716671971e6,Venango,Plainsboro,chicken,broiler_2,false,0.006
7544,442513.51213586,4.69659182407915e6,Lancaster,Park Ridge,chicken,broiler_2,false,0.01
7545,417088.43660063,4.57692574215768e6,Lycoming,New York,chicken,broiler_2,false,0.002
7546,443323.049770366,4.71274085086943e6,Indiana,Woodcliff Lake,chicken,broiler_2,false,0.014
7547,443684.698308224,4.58333646146391e6,Susquehanna,Lumberton,chicken,broiler_1,false,0.048
7548,483030.885249144,4.49292159541559e6,Luzerne,Pine Hill,chicken,broiler_2,false,0.042
7549,492535.586472222,4.70204910665369e6,Indiana,Glen Gardner,chicken,broiler_2,false,0.026
7550,355944.197724982,4.62113479915555e6,Mercer,Mount Arlington,duck,conventional,false,0.002
7551,473601.258859001,4.66320577136142e6,Allegheny,Orange,duck,organic,false,0.01
7552,331391.248859883,4.55418678813298e6,Schuylkill,Watchung,chicken,broiler_2,false,0.002
7553,408537.052903242,4.59990471316787e6,Lycoming,Woolwich,duck,organic,false,0.002
7554,489139.971006017,4.6820216579036e6,Allegheny,Peapack-Gladstone,duck,organic,false,0.006
7555,462049.655302567,4.69720842239454e6,Indiana,Paramus,chicken,broiler_2,false,0.03
7556,473325.578626813,4.48231629678703e6,Luzerne,Haworth,duck,organic,false,0.004
7557,388723.361849857,4.66217549466607e6,Blair,Denville,duck,conventional,false,0.002
7558,337171.440733907,4.60047166265807e6,Venango,Tewksbury,duck,organic,false,0.002
7559,462462.894802685,4.5466934522596e6,Berks,Rutherford,duck,conventional,false,0.004
7560,313900.825577201,4.56529801248662e6,Schuylkill,Westampton,chicken,broiler_2,false,0.008
7561,347076.889260393,4.61389455867818e6,Venango,Totowa,chicken,layer,false,0.012
7562,458762.969080156,4.56540438006622e6,Berks,Stow Creek,duck,conventional,false,0.008
7563,388744.760954335,4.65801794812309e6,Blair,Denville,chicken,broiler_1,false,0.006
7564,395250.731993241,4.51195193508542e6,Mifflin,Englishtown,duck,conventional,false,0.004
7565,408067.532905361,4.49217593710972e6,Mifflin,Wood-Ridge,duck,conventional,false,0.002
7566,431136.447087069,4.61872151594912e6,Fulton,Mine Hill,chicken,broiler_2,false,0.004
7567,332497.303627964,4.55165364507266e6,Schuylkill,Kenilworth,duck,conventional,false,0.002
7568,432063.638133105,4.62352779904323e6,Fulton,Falls,duck,organic,false,0.006
7569,463882.515852368,4.71908015716795e6,Indiana,Wall,duck,conventional,false,0.006
7570,304095.952426197,4.60674339600112e6,Venango,Ambler,chicken,broiler_1,false,0.012
7571,482507.981357359,4.65333156700671e6,Allegheny,Spring Lake Heights,chicken,broiler_2,false,0.048
7572,324794.786078592,4.5415252483888e6,Schuylkill,Salem,duck,organic,false,0.002
7573,452430.738917343,4.62252999506854e6,Susquehanna,Beach Haven,duck,organic,false,0.012
7574,371019.32885962,4.6357758259163e6,Blair,Pompton Lakes,duck,conventional,false,0.008
7575,330815.720179972,4.59740664574032e6,Venango,Laurel Springs,chicken,broiler_1,false,0.006
7576,460969.236887826,4.49325324384253e6,Luzerne,New Milford,duck,conventional,false,0.0
7577,449071.663828244,4.57308138380557e6,Susquehanna,Kingwood,chicken,broiler_1,false,0.016
7578,442872.7302141,4.58477205344308e6,Susquehanna,Lumberton,chicken,broiler_2,false,0.03
7579,462450.911491734,4.56421394877608e6,Berks,Barnegat Light,duck,organic,false,0.008
7580,413631.29284858,4.69969201391573e6,Lancaster,Alpine,chicken,broiler_2,false,0.008
7581,461582.163847164,4.62178819253342e6,Susquehanna,Tinicum,duck,conventional,false,0.012
7582,345912.447697645,4.62102391863771e6,Venango,Totowa,duck,conventional,false,0.006
7583,490761.860627108,4.68528961465811e6,Allegheny,Farmingdale,duck,organic,false,0.008
7584,483416.276880595,4.68676968183619e6,Indiana,Paterson,chicken,layer,false,0.022
7585,323204.395707361,4.60342810095563e6,Venango,Montville,duck,conventional,false,0.002
7586,382214.477625766,4.57503379035291e6,Cumberland,Windsor,duck,conventional,false,0.002
7587,318621.808488961,4.60372609416069e6,Venango,Montville,duck,conventional,false,0.002
7588,452456.365803552,4.49612887358126e6,Luzerne,Gwynedd,chicken,broiler_1,false,0.006
7589,465697.751057935,4.57169352103672e6,Berks,Warren,duck,conventional,false,0.01
7590,393911.066332046,4.5116248763361e6,Mifflin,Englishtown,chicken,broiler_2,false,0.018
7591,410906.189554097,4.69980168115307e6,Lancaster,Lavallette,chicken,broiler_2,false,0.004
7592,492001.878763305,4.71437088802643e6,Indiana,Bedminster,chicken,broiler_1,false,0.048
7593,318941.95552039,4.60898834478542e6,Venango,Long Beach,duck,conventional,false,0.004
7594,472919.771583907,4.48452123131386e6,Luzerne,Haworth,duck,conventional,false,0.002
7595,320449.450469671,4.61499936430991e6,Venango,Moreland,chicken,broiler_2,false,0.006
7596,394719.466376941,4.50472019799238e6,Mifflin,Seaside Heights,chicken,broiler_1,false,0.008
7597,470534.361011429,4.68770662058561e6,Indiana,Bryn Athyn,duck,conventional,false,0.006
7598,350719.88479108,4.59142417737046e6,Mercer,Benner,duck,conventional,false,0.004
7599,467107.3024167,4.45973074205882e6,Luzerne,Norristown,chicken,broiler_1,false,0.01
7600,401930.838907511,4.70275213574056e6,Lancaster,Riegelsville,chicken,layer,false,0.008
7601,452207.346433852,4.71069131835825e6,Indiana,Little Ferry,chicken,broiler_2,false,0.02
7602,335859.81989002,4.60581051480787e6,Venango,Wildwood,duck,conventional,false,0.004
7603,414223.403354863,4.48349392289713e6,Mifflin,River Vale,chicken,broiler_2,false,0.008
7604,383840.212320175,4.56263462287523e6,Cumberland,Jenkintown,duck,conventional,false,0.0
7605,477136.136756854,4.70493782031527e6,Indiana,Corbin City,duck,conventional,false,0.008
7606,430786.185686375,4.7278228191032e6,Lancaster,Shiloh,chicken,broiler_1,false,0.01
7607,486650.393416736,4.50085314677315e6,Luzerne,Teaneck,chicken,broiler_1,false,0.022
7608,323248.170306506,4.58857588638488e6,Venango,Port Republic,chicken,layer,false,0.008
7609,311604.8531735,4.61577290273683e6,Venango,Kinnelon,duck,conventional,false,0.006
7610,450109.102794009,4.4668775773967e6,Luzerne,Cedar Grove,duck,conventional,false,0.008
7611,450105.61900635,4.46031838475186e6,Luzerne,Cedar Grove,duck,conventional,false,0.002
7612,454324.112827457,4.69865944900367e6,Indiana,Pilesgrove,duck,conventional,false,0.004
7613,447176.928872829,4.47416993577566e6,Luzerne,Woodstown,chicken,broiler_1,false,0.012
7614,489751.074865734,4.68902664894218e6,Allegheny,Farmingdale,duck,conventional,false,0.006
7615,429232.352522967,4.70638462238107e6,Lancaster,Bay Head,chicken,broiler_2,true,0.0
7616,338661.94807143,4.61432720535346e6,Venango,Red Bank,duck,conventional,false,0.0
7617,352879.216715291,4.60347476687704e6,Mercer,Oradell,chicken,broiler_2,false,0.006
7618,353138.612913308,4.61820596027449e6,Mercer,Mount Arlington,duck,conventional,false,0.004
7619,347966.272080236,4.55090710467323e6,Schuylkill,Independence,chicken,broiler_2,false,0.004
7620,503908.334275258,4.46191592472857e6,Luzerne,River,duck,conventional,false,0.002
7621,390329.870750042,4.70469758052035e6,Lancaster,Florence,duck,conventional,false,0.004
7622,389553.376172089,4.659444208245e6,Blair,Denville,duck,organic,false,0.002
7623,414494.404068354,4.70730574657483e6,Lancaster,Skippack,duck,conventional,false,0.004
7624,506759.768857899,4.46272615001906e6,Luzerne,River,duck,organic,false,0.004
7625,428874.768997524,4.69668252086085e6,Lancaster,Raritan,duck,conventional,false,0.002
7626,398021.210830098,4.71588880849686e6,Lancaster,Plumsted,chicken,broiler_2,false,0.004
7627,481605.523838655,4.66942205679371e6,Allegheny,Colts Neck,duck,conventional,false,0.012
7628,415711.037842111,4.61835629273324e6,Fulton,Delaware,duck,conventional,false,0.0
7629,371345.403816611,4.61757607623988e6,Mercer,Monmouth Beach,chicken,broiler_1,false,0.004
7630,435379.529609748,4.71893874266721e6,Lancaster,Matawan,duck,organic,false,0.0
7631,356367.479317945,4.61020009565329e6,Mercer,Roseland,chicken,broiler_2,false,0.002
7632,474102.501323058,4.48487579104598e6,Luzerne,Haworth,duck,conventional,false,0.0
7633,332307.048104488,4.54975007915551e6,Schuylkill,Kenilworth,chicken,broiler_1,false,0.004
7634,382581.853327791,4.57019506142048e6,Cumberland,Windsor,chicken,broiler_1,false,0.006
7635,373827.02241182,4.52035461901303e6,Cumberland,Bergen,chicken,broiler_1,false,0.004
7636,462965.534964605,4.71442852356806e6,Indiana,Morristown,duck,conventional,false,0.004
7637,422574.392239846,4.59193388449502e6,Lycoming,Island Heights,chicken,broiler_2,false,0.012
7638,392519.084324144,4.6357175330145e6,Blair,Alloway,chicken,broiler_1,false,0.01
7639,472504.051317275,4.65707093233318e6,Allegheny,Marlborough,duck,organic,false,0.014
7640,466257.147490274,4.48074944636233e6,Luzerne,Fieldsboro,chicken,broiler_2,false,0.006
7641,449464.139976824,4.63144598738657e6,Susquehanna,Cranford,duck,organic,false,0.008
7642,457863.462367673,4.46343173006746e6,Luzerne,Cedar Grove,chicken,broiler_1,false,0.01
7643,384085.482622637,4.59952620385338e6,Lycoming,Delran,chicken,broiler_2,false,0.004
7644,349458.669293587,4.6092843381645e6,Mercer,Oradell,duck,conventional,false,0.002
7645,346860.590205936,4.58685386400612e6,Mercer,Benner,chicken,broiler_1,false,0.01
7646,316231.519889152,4.62243279376501e6,Venango,Kinnelon,duck,conventional,false,0.006
7647,393564.028763174,4.64406870945003e6,Blair,Mantoloking,duck,organic,false,0.0
7648,488539.402307672,4.67624636795841e6,Allegheny,Snow Shoe,duck,conventional,false,0.002
7649,467153.431496295,4.7257191928849e6,Indiana,Lawrence,duck,conventional,false,0.01
7650,425540.29782353,4.71246439905705e6,Lancaster,Brunswick,duck,conventional,false,0.002
7651,394875.608860972,4.70309270107725e6,Lancaster,Florence,chicken,layer,false,0.002
7652,412772.786331332,4.70819999829759e6,Lancaster,Bloomingdale,chicken,broiler_2,false,0.006
7653,450948.055174388,4.46989606546466e6,Luzerne,Tullytown,chicken,broiler_2,false,0.014
7654,366320.889132472,4.53840551692828e6,Cumberland,Ridgefield,chicken,broiler_2,false,0.004
7655,392925.730237834,4.60466961791049e6,Lycoming,Haledon,duck,conventional,false,0.0
7656,420896.961327899,4.57826683719609e6,Lycoming,Avalon,chicken,broiler_1,false,0.0
7657,489339.034198594,4.51024460371806e6,Luzerne,Hardyston,chicken,broiler_2,true,0.0
7658,392813.202593221,4.48637578042838e6,Mifflin,Garwood,duck,conventional,false,0.002
7659,443092.206048568,4.59975178716962e6,Susquehanna,Winfield,chicken,broiler_1,true,0.0
7660,447717.528930806,4.7279738373707e6,Indiana,Millburn,duck,organic,false,0.0
7661,431544.45901129,4.61240188134587e6,Susquehanna,Commercial,chicken,broiler_2,true,0.0
7662,460340.599685252,4.4646167004563e6,Luzerne,Union City,duck,conventional,false,0.0
7663,335068.313333349,4.5305504199167e6,Schuylkill,Hamburg,duck,conventional,false,0.004
7664,469786.01485083,4.64835651122119e6,Allegheny,Marlborough,duck,conventional,false,0.0
7665,460072.474612074,4.71099143337193e6,Indiana,Brielle,chicken,broiler_1,false,0.012
7666,377954.576178894,4.53995394847066e6,Cumberland,Perkiomen,chicken,broiler_2,false,0.012
7667,461018.882059642,4.72668511059177e6,Indiana,Lawrence,chicken,layer,false,0.02
7668,406405.910756203,4.59581478872891e6,Lycoming,National Park,duck,conventional,false,0.002
7669,415061.261010447,4.61706371367725e6,Fulton,Delaware,chicken,broiler_1,false,0.006
7670,330361.320365735,4.57840296663573e6,Venango,Deptford,duck,conventional,false,0.002
7671,447906.674055851,4.58311730858182e6,Susquehanna,Moorestown,chicken,broiler_2,false,0.026
7672,484972.402348901,4.72755630350562e6,Indiana,Wales,duck,organic,false,0.006
7673,462521.660171269,4.65026810828141e6,Allegheny,Brigantine,chicken,broiler_2,false,0.02
7674,488633.362813633,4.4789067923334e6,Luzerne,Merchantville,chicken,broiler_1,false,0.016
7675,468477.737584805,4.54093143572847e6,Berks,Irvington,chicken,broiler_2,false,0.034
7676,343094.16019301,4.55625852871933e6,Schuylkill,Dover,chicken,broiler_2,false,0.006
7677,405948.392037903,4.60863932177775e6,Lycoming,Lebanon,duck,conventional,false,0.0
7678,390788.027062796,4.56950374079783e6,Cumberland,Bridgeton,chicken,broiler_1,false,0.008
7679,384576.581754112,4.64469375796285e6,Blair,Haddon Heights,chicken,broiler_2,false,0.004
7680,388133.464605049,4.55123574398783e6,Cumberland,Somerdale,chicken,broiler_2,false,0.014
7681,370570.962691549,4.6354370615629e6,Blair,Pompton Lakes,duck,conventional,false,0.002
7682,458656.704763272,4.4817987842377e6,Luzerne,Fieldsboro,chicken,broiler_2,false,0.01
7683,488049.324772737,4.67226952833931e6,Allegheny,Colts Neck,chicken,broiler_2,true,0.0
7684,450117.786675052,4.56533470991836e6,Berks,Taylor,duck,organic,false,0.004
7685,392463.321471314,4.57310523511572e6,Cumberland,Bridgeton,chicken,broiler_2,false,0.012
7686,351658.959112679,4.59322984194745e6,Mercer,Harrington Park,duck,conventional,false,0.0
7687,395308.895011411,4.62914047299342e6,Blair,Butler,chicken,broiler_1,false,0.004
7688,384420.352375824,4.5397859469324e6,Cumberland,Perkiomen,duck,conventional,false,0.002
7689,311939.353182385,4.61018870553222e6,Venango,Long Beach,chicken,broiler_2,false,0.01
7690,462942.630487837,4.48960913577381e6,Luzerne,New Milford,chicken,broiler_2,false,0.002
7691,403956.359184829,4.61702357897575e6,Fulton,Sparta,chicken,broiler_2,false,0.006
7692,444340.710477516,4.70684135775778e6,Indiana,Woodcliff Lake,duck,organic,false,0.004
7693,384999.463200513,4.56837840430361e6,Cumberland,Frederick,duck,conventional,false,0.0
7694,356996.295585222,4.6098995838591e6,Mercer,Roseland,duck,conventional,false,0.002
7695,337845.912614529,4.60798771358927e6,Venango,Maurice River,duck,conventional,false,0.0
7696,405105.452248782,4.61704862850379e6,Fulton,Sparta,duck,conventional,false,0.0
7697,366189.238518533,4.56077075821182e6,Cumberland,Alexandria,duck,conventional,false,0.0
7698,384012.135626966,4.65940847589394e6,Blair,Bloomsbury,duck,conventional,false,0.0
7699,493222.102620932,4.48038701968973e6,Luzerne,Medford,chicken,broiler_2,false,0.01
7700,440935.565423438,4.70934547145236e6,Indiana,Woodcliff Lake,duck,conventional,false,0.002
7701,416947.051114119,4.58916974895119e6,Lycoming,Maple Shade,chicken,broiler_2,false,0.01
7702,486232.537278183,4.46586989369361e6,Luzerne,Dennis,duck,conventional,false,0.002
7703,500556.865037264,4.47425812668573e6,Luzerne,Old Bridge,duck,organic,false,0.002
7704,378425.158755793,4.64639230180341e6,Blair,Hatboro,duck,conventional,false,0.002
7705,363649.085724689,4.59216771187089e6,Mercer,Wayne,duck,conventional,false,0.002
7706,332918.916512164,4.58411125532741e6,Mercer,Chalfont,chicken,broiler_2,false,0.008
7707,433992.494717347,4.48571995681228e6,Luzerne,Douglass,chicken,layer,false,0.008
7708,441508.035086875,4.6094273363356e6,Susquehanna,Newark,chicken,layer,false,0.036
7709,380560.847077929,4.52865470804112e6,Cumberland,Pequannock,chicken,broiler_2,false,0.014
7710,397404.052169087,4.58247566875226e6,Lycoming,Hoboken,duck,conventional,false,0.002
7711,341453.155898367,4.5842223506515e6,Mercer,Chalfont,duck,conventional,false,0.002
7712,323944.617917247,4.61157207323797e6,Venango,New Brunswick,chicken,broiler_2,false,0.006
7713,334195.308818675,4.55011245795032e6,Schuylkill,Fanwood,chicken,broiler_2,false,0.006
7714,397185.832403225,4.6070277521917e6,Lycoming,Monroe,chicken,broiler_2,false,0.008
7715,459839.308706226,4.50759333564455e6,Luzerne,Gwynedd,duck,conventional,false,0.006
7716,432557.176785606,4.58434519158073e6,Susquehanna,Mount Holly,chicken,layer,true,0.0
7717,446382.713394658,4.71832733537543e6,Lancaster,Matawan,chicken,broiler_1,false,0.036
7718,425557.784241637,4.61822989298015e6,Fulton,Mine Hill,duck,conventional,false,0.0
7719,428572.720184499,4.61792368551386e6,Fulton,Mine Hill,chicken,broiler_2,false,0.004
7720,459151.592466009,4.62604077572755e6,Susquehanna,Cape May Point,duck,organic,false,0.01
7721,485883.622077725,4.69529557413421e6,Indiana,Stockton,chicken,broiler_1,true,0.0
7722,316173.870027505,4.55487401921416e6,Schuylkill,Glassboro,chicken,broiler_2,false,0.008
7723,355866.608353808,4.61368043638726e6,Mercer,Roseland,chicken,broiler_2,false,0.01
7724,304488.42789013,4.60785206762525e6,Venango,Ambler,chicken,layer,false,0.01
7725,390041.758978316,4.63302568510967e6,Blair,Butler,duck,conventional,false,0.008
7726,436021.973186815,4.60551176269588e6,Susquehanna,Hackettstown,duck,conventional,false,0.0
7727,333277.983258472,4.61103105315019e6,Venango,Wildwood,chicken,broiler_2,false,0.006
7728,484961.117782287,4.47383554045442e6,Luzerne,Merchantville,duck,conventional,false,0.0
7729,446241.038230926,4.59984655458366e6,Susquehanna,Egg Harbor,duck,organic,false,0.008
7730,484425.552275567,4.71618949437382e6,Indiana,Robbinsville,chicken,broiler_2,false,0.048
7731,446186.908309287,4.6172679522888e6,Susquehanna,Unionville,duck,conventional,false,0.016
7732,399233.462082172,4.60803862449901e6,Lycoming,Monroe,duck,conventional,false,0.0
7733,455320.706297904,4.48435140522475e6,Luzerne,New Milford,chicken,broiler_2,false,0.01
7734,432512.987307152,4.61162841023683e6,Susquehanna,Newark,chicken,broiler_1,false,0.002
7735,344618.684052025,4.53273156561142e6,Schuylkill,Brick,chicken,broiler_2,false,0.002
7736,385646.13708632,4.59606010654107e6,Lycoming,Delran,chicken,broiler_2,false,0.008
7737,308030.830027923,4.55824959439635e6,Schuylkill,Worth,duck,organic,false,0.004
7738,461348.098838922,4.59049503837436e6,Susquehanna,Sea Girt,duck,conventional,false,0.002
7739,377600.820723857,4.65052666446736e6,Blair,Bradley Beach,duck,conventional,false,0.004
7740,486442.911391104,4.69559893302112e6,Indiana,Stockton,duck,conventional,false,0.004
7741,414106.690722545,4.72604642613982e6,Lancaster,Scotch Plains,duck,conventional,false,0.004
7742,461994.362922432,4.49048716879261e6,Luzerne,New Milford,chicken,layer,false,0.01
7743,386199.042150352,4.61830081881008e6,Blair,Ventnor City,duck,conventional,false,0.004
7744,470346.102566247,4.67325208028881e6,Allegheny,Lacey,chicken,broiler_2,false,0.04
7745,441940.567676191,4.59530596940527e6,Susquehanna,Frelinghuysen,duck,organic,false,0.002
7746,336270.420695176,4.54156700253691e6,Schuylkill,Potter,chicken,broiler_2,false,0.006
7747,438347.216152768,4.7123085268533e6,Lancaster,Pitman,chicken,broiler_1,false,0.004
7748,387087.073335396,4.6346817819212e6,Blair,Alloway,duck,conventional,false,0.004
7749,375127.78185377,4.56442252665091e6,Cumberland,Alexandria,chicken,broiler_2,false,0.006
7750,320121.595835016,4.55218307583385e6,Schuylkill,Oaklyn,duck,organic,false,0.006
7751,478940.957916344,4.6942368538614e6,Indiana,Paterson,chicken,broiler_2,false,0.026
7752,376279.811362074,4.53714362400503e6,Cumberland,Pequannock,chicken,broiler_1,false,0.004
7753,399494.173398692,4.50681133489688e6,Mifflin,Caldwell,chicken,broiler_1,false,0.012
7754,489314.210244707,4.67632110325712e6,Allegheny,Snow Shoe,chicken,broiler_2,false,0.026
7755,313974.129257539,4.59557413171731e6,Venango,Northvale,duck,organic,false,0.0
7756,404107.136558516,4.61054877161745e6,Lycoming,Monroe,duck,conventional,false,0.006
7757,483437.525083669,4.71256745432989e6,Indiana,Robbinsville,chicken,layer,false,0.032
7758,347494.891690621,4.6131504343463e6,Venango,Totowa,duck,conventional,false,0.0
7759,485106.322739712,4.73128471846913e6,Indiana,Wales,duck,conventional,false,0.0
7760,482746.104756608,4.48791373230511e6,Luzerne,Pine Hill,duck,organic,false,0.004
7761,442854.386701042,4.70116108025558e6,Lancaster,Norriton,chicken,layer,false,0.002
7762,467475.934032469,4.64826866678299e6,Allegheny,Marlborough,chicken,broiler_2,false,0.022
7763,329332.626235783,4.5567372901746e6,Schuylkill,Rahway,chicken,broiler_2,false,0.016
7764,466755.545422977,4.71059742501987e6,Indiana,Morristown,chicken,broiler_2,false,0.034
7765,435245.475297711,4.49222324822015e6,Mifflin,Sussex,duck,organic,false,0.002
7766,395538.153095563,4.69525761556033e6,Lancaster,Waldwick,chicken,broiler_2,false,0.002
7767,368297.771152416,4.58783199527766e6,Mercer,Wayne,duck,conventional,false,0.004
7768,490245.247288477,4.50358042180397e6,Luzerne,Teaneck,chicken,broiler_2,false,0.0
7769,381754.505589391,4.63338944928838e6,Blair,Ho-Ho-Kus,chicken,broiler_2,false,0.01
7770,466083.024057052,4.46626979586099e6,Luzerne,Pemberton,duck,conventional,false,0.002
7771,372586.893783421,4.58077982652771e6,Mercer,Clinton,chicken,broiler_2,false,0.006
7772,309458.44305968,4.60861432556719e6,Venango,Long Beach,duck,conventional,false,0.002
7773,449997.058132873,4.56999852921301e6,Berks,Taylor,duck,organic,false,0.006
7774,306429.557082443,4.60447080428084e6,Venango,Ambler,chicken,broiler_1,false,0.01
7775,464693.124724818,4.71068830678981e6,Indiana,Morristown,duck,organic,false,0.006
7776,455627.471931161,4.60173819840513e6,Susquehanna,Keansburg,chicken,broiler_2,false,0.036
7777,389389.016116193,4.52507011564137e6,Cumberland,Manchester,duck,organic,false,0.006
7778,452889.632399487,4.71347572253057e6,Indiana,Greenwich,duck,organic,false,0.004
7779,413135.300089122,4.57354746780492e6,Lycoming,Absecon,duck,conventional,false,0.002
7780,438745.859762065,4.48539691415189e6,Luzerne,Douglass,chicken,broiler_1,false,0.012
7781,402035.00672719,4.60490029784618e6,Lycoming,Monroe,chicken,broiler_1,false,0.004
7782,457853.476328977,4.62258918762896e6,Susquehanna,Beach Haven,duck,conventional,false,0.014
7783,373823.849623825,4.58923128853623e6,Mercer,White,duck,conventional,false,0.0
7784,323436.941787335,4.62400152965866e6,Venango,Moreland,duck,organic,false,0.0
7785,479268.336932118,4.53095111267367e6,Berks,Middlesex,chicken,broiler_1,false,0.05
7786,466459.576512008,4.53340910698445e6,Berks,Irvington,chicken,broiler_2,false,0.01
7787,465233.203987648,4.48949156101938e6,Luzerne,New Milford,duck,conventional,false,0.004
7788,470890.065018509,4.68097767376804e6,Allegheny,Passaic,chicken,layer,false,0.008
7789,457613.7266579,4.71187505746755e6,Indiana,Brielle,duck,organic,false,0.0
7790,470530.144327601,4.51322088221438e6,Luzerne,Morrisville,chicken,broiler_1,false,0.046
7791,418738.302307879,4.58362111232956e6,Lycoming,Limerick,chicken,broiler_2,false,0.008
7792,387849.938555648,4.61781562000462e6,Blair,Ventnor City,chicken,broiler_2,false,0.012
7793,441831.002155757,4.69952215945432e6,Lancaster,Park Ridge,duck,conventional,false,0.0
7794,490273.517381775,4.68568996759234e6,Allegheny,Farmingdale,chicken,broiler_2,false,0.024
7795,315558.568733031,4.60114922878044e6,Venango,Eatontown,chicken,broiler_2,false,0.016
7796,382559.073355403,4.65602595293748e6,Blair,Buena,duck,conventional,false,0.004
7797,373252.608863764,4.52201064937898e6,Cumberland,Bergen,duck,conventional,false,0.004
7798,418442.504436772,4.71108405547395e6,Lancaster,Woodland,duck,conventional,false,0.0
7799,388886.751376663,4.59036120494856e6,Lycoming,New Hanover,chicken,broiler_1,false,0.004
7800,398033.318906948,4.59731629610224e6,Lycoming,Readington,duck,organic,false,0.004
7801,489976.207554615,4.68246485236348e6,Allegheny,Farmingdale,chicken,broiler_2,false,0.032
7802,391658.539895238,4.49445166768668e6,Mifflin,Saddle Brook,duck,organic,false,0.002
7803,435928.677882648,4.5882536792477e6,Susquehanna,Lumberton,chicken,broiler_2,false,0.016
7804,377038.949009382,4.58129750623519e6,Mercer,Bass River,duck,conventional,false,0.0
7805,483761.577915857,4.49091974052179e6,Luzerne,Pine Hill,duck,conventional,false,0.004
7806,410800.432846518,4.49700981623445e6,Mifflin,Folsom,duck,conventional,false,0.002
7807,488371.562614347,4.68660705094487e6,Allegheny,Peapack-Gladstone,duck,conventional,false,0.0
7808,462297.805790627,4.62623862859047e6,Susquehanna,Tinicum,chicken,broiler_2,false,0.05
7809,484435.854689665,4.6713182967769e6,Allegheny,Colts Neck,duck,conventional,false,0.002
7810,402342.002934117,4.48905699922437e6,Mifflin,Jamesburg,duck,conventional,false,0.002
7811,468028.479567373,4.47951309539983e6,Luzerne,Morris,chicken,broiler_2,false,0.004
7812,396856.066426168,4.60451772940519e6,Lycoming,Haledon,chicken,broiler_2,false,0.0
7813,341582.020180176,4.56607013313996e6,Schuylkill,State College,duck,conventional,false,0.002
7814,315093.13921075,4.60915368125716e6,Venango,Long Beach,duck,conventional,false,0.002
7815,335017.349977818,4.57935689327612e6,Mercer,Chalfont,chicken,broiler_1,false,0.008
7816,371720.407729992,4.56193331549928e6,Cumberland,Bellmawr,duck,conventional,false,0.002
7817,361768.656141014,4.61468632622108e6,Mercer,Mount Arlington,duck,conventional,false,0.004
7818,472898.175210837,4.46929282606058e6,Luzerne,Pemberton,duck,conventional,false,0.002
7819,453421.373975225,4.46100738482458e6,Luzerne,Lakehurst,duck,conventional,false,0.0
7820,334718.638141147,4.58983178204579e6,Venango,Clark,duck,conventional,false,0.006
7821,471046.241215554,4.67964488561935e6,Allegheny,Passaic,duck,conventional,false,0.006
7822,425692.680896426,4.7212049952842e6,Lancaster,Scotch Plains,chicken,broiler_2,false,0.006
7823,401941.762797828,4.69139542864866e6,Lancaster,Waldwick,duck,conventional,false,0.002
7824,471587.283418012,4.5528106582912e6,Berks,Port Matilda,duck,conventional,false,0.004
7825,409277.972394622,4.59208279196649e6,Lycoming,Montclair,duck,conventional,false,0.006
7826,319700.408156974,4.55777324823192e6,Schuylkill,Glassboro,chicken,broiler_1,false,0.006
7827,391923.947742248,4.56741489357585e6,Cumberland,Bridgeton,duck,conventional,false,0.0
7828,323523.798151511,4.62233971035892e6,Venango,Ridgewood Village,chicken,layer,false,0.01
7829,389042.67941649,4.63822170849077e6,Blair,Alloway,duck,conventional,false,0.0
7830,357458.452854978,4.62479140025276e6,Mercer,Atlantic City,duck,organic,false,0.0
7831,435262.091356859,4.69550430728973e6,Lancaster,Union Beach,duck,conventional,false,0.002
7832,413646.608955454,4.60384500124783e6,Lycoming,Haddonfield,duck,conventional,false,0.004
7833,461268.471425549,4.46433813451796e6,Luzerne,Prospect Park,chicken,broiler_1,false,0.008
7834,414826.900847395,4.57751137131145e6,Lycoming,New York,chicken,broiler_2,false,0.006
7835,472820.625210312,4.68947000715224e6,Indiana,Bryn Athyn,duck,conventional,false,0.006
7836,491104.740669242,4.72208691271071e6,Indiana,Clayton,duck,organic,false,0.01
7837,453480.126691012,4.70199050813059e6,Lancaster,Maplewood,chicken,broiler_1,false,0.012
7838,474851.268586246,4.68133028871623e6,Indiana,Ship Bottom,duck,organic,false,0.002
7839,344752.05790163,4.58956879196252e6,Mercer,Benner,duck,conventional,false,0.002
7840,491685.544677603,4.68575632400761e6,Allegheny,Farmingdale,duck,conventional,false,0.004
7841,369124.661010846,4.5857946974317e6,Mercer,Wayne,chicken,layer,false,0.004
7842,473730.704088348,4.53848069251024e6,Berks,Irvington,duck,conventional,false,0.01
7843,476180.504316419,4.6782697765101e6,Allegheny,Mountainside,duck,conventional,false,0.002
7844,357407.950850643,4.62832838532674e6,Blair,Somerville,duck,organic,false,0.0
7845,457964.433256765,4.63999845857385e6,Allegheny,Union,duck,organic,false,0.002
7846,386582.646049897,4.5982114005732e6,Lycoming,Delran,chicken,broiler_2,false,0.008
7847,368295.14035435,4.5606523121642e6,Cumberland,Alexandria,chicken,broiler_2,false,0.012
7848,371779.959846546,4.51720054895604e6,Cumberland,Wyckoff,duck,organic,false,0.006
7849,455067.410503002,4.63410417179324e6,Susquehanna,Amwell,chicken,broiler_1,false,0.042
7850,488429.634959016,4.49413003451732e6,Luzerne,Teaneck,chicken,broiler_2,false,0.034
7851,377467.633231114,4.63716102677907e6,Blair,Stillwater,duck,conventional,false,0.004
7852,451697.689644272,4.60982402139128e6,Susquehanna,Keansburg,chicken,broiler_1,false,0.012
7853,471498.423721985,4.69331581499039e6,Indiana,Allamuchy,chicken,broiler_1,false,0.02
7854,380712.930385431,4.65493041693644e6,Blair,Hatboro,duck,organic,false,0.002
7855,396978.946524076,4.61488580867674e6,Blair,Hopatcong,chicken,broiler_1,false,0.01
7856,466251.504363114,4.55201728431811e6,Berks,Port Matilda,duck,conventional,false,0.014
7857,386349.389144163,4.58376053144272e6,Cumberland,Essex Fells,chicken,broiler_2,false,0.01
7858,406329.868803629,4.61899256960404e6,Fulton,Sparta,duck,organic,false,0.002
7859,343371.391653876,4.5386236133784e6,Schuylkill,Highland Park,duck,organic,false,0.0
7860,347754.699207446,4.60272577203872e6,Mercer,Weehawken,chicken,broiler_2,false,0.018
7861,392453.863071864,4.67050404851924e6,Blair,Vineland,chicken,layer,false,0.006
7862,487724.553820756,4.50816187815617e6,Luzerne,Hardyston,duck,conventional,false,0.006
7863,448880.771740941,4.55864778389916e6,Berks,Woodbridge,chicken,layer,false,0.018
7864,443157.278512972,4.59067697228925e6,Susquehanna,Frelinghuysen,duck,organic,false,0.006
7865,396506.273113384,4.56380591804085e6,Cumberland,Lawnside,duck,organic,false,0.002
7866,478384.131896956,4.46066376576069e6,Luzerne,Curtin,duck,conventional,false,0.002
7867,417136.449385575,4.48152362142427e6,Mifflin,River Vale,duck,organic,false,0.006
7868,474435.269599508,4.49448496667281e6,Luzerne,Fredon,chicken,broiler_2,false,0.036
7869,453262.400130295,4.70641209741448e6,Indiana,Little Ferry,duck,organic,false,0.004
7870,464343.718117419,4.59629046926802e6,Susquehanna,Pennington,chicken,broiler_2,false,0.036
7871,416452.726584858,4.61656680340294e6,Fulton,Delaware,duck,conventional,false,0.0
7872,395384.313914717,4.58585695672391e6,Lycoming,Hoboken,chicken,broiler_1,false,0.002
7873,509744.733997042,4.71754239278076e6,Indiana,Fairview,duck,conventional,false,0.004
7874,369308.190717172,4.53712822970179e6,Cumberland,Hackensack,duck,conventional,false,0.002
7875,307926.976409453,4.58646233641189e6,Venango,Plainsboro,duck,conventional,false,0.002
7876,379050.739613651,4.5581394164211e6,Cumberland,Magnolia,duck,conventional,false,0.0
7877,396042.109952404,4.50079895870492e6,Mifflin,Seaside Heights,duck,conventional,false,0.004
7878,451966.580914798,4.70540155931417e6,Lancaster,Maplewood,chicken,broiler_2,false,0.04
7879,431550.666435638,4.61931970950196e6,Susquehanna,Montgomery,chicken,broiler_2,false,0.012
7880,392214.983812964,4.56423137770777e6,Cumberland,Moonachie,duck,conventional,false,0.006
7881,465150.435550716,4.54223509674639e6,Berks,Jersey City,chicken,broiler_2,false,0.028
7882,467308.730804206,4.69076831920739e6,Indiana,Wharton,duck,conventional,false,0.002
7883,467871.817660688,4.68665257776794e6,Indiana,Wharton,chicken,broiler_2,false,0.034
7884,410516.49944444,4.71077938313509e6,Lancaster,Bloomingdale,duck,conventional,false,0.0
7885,457027.459067803,4.59530889515653e6,Susquehanna,Parsippany-Troy Hills,duck,conventional,false,0.008
7886,397030.693241559,4.62513043634176e6,Blair,Woodbine,chicken,broiler_2,false,0.016
7887,484724.36893225,4.73206741037572e6,Indiana,Wales,duck,conventional,false,0.002
7888,335327.572999111,4.60083897665035e6,Venango,Tewksbury,duck,conventional,false,0.002
7889,489675.955701905,4.69996543419375e6,Indiana,Beachwood,duck,conventional,false,0.01
7890,461874.697393628,4.46881264175662e6,Luzerne,Union City,chicken,broiler_1,false,0.01
7891,355157.563545453,4.5453572748945e6,Schuylkill,Silverdale,chicken,broiler_2,false,0.01
7892,407698.264999792,4.49818052200205e6,Mifflin,Chesterfield,duck,conventional,false,0.004
7893,397875.475893728,4.6013376512418e6,Lycoming,Woolwich,chicken,broiler_2,false,0.018
7894,467658.573340098,4.57655023812069e6,Berks,Warren,chicken,broiler_2,false,0.038
7895,389253.18277904,4.54133563920148e6,Cumberland,Camden,chicken,broiler_2,false,0.002
7896,494049.905138115,4.46186762330654e6,Luzerne,Andover,duck,conventional,false,0.002
7897,460770.259520043,4.46799657590008e6,Luzerne,Union City,duck,conventional,false,0.0
7898,454882.095824438,4.49231746844616e6,Luzerne,New Milford,chicken,broiler_2,false,0.014
7899,455607.808838557,4.63516900447096e6,Susquehanna,Amwell,duck,conventional,false,0.006
7900,509250.648974032,4.6731231797657e6,Allegheny,Sea Isle City,chicken,broiler_2,false,0.036
7901,507073.267060479,4.71934045421696e6,Indiana,Fairview,chicken,broiler_2,false,0.032
7902,468152.714355633,4.68449227748048e6,Allegheny,Passaic,chicken,broiler_1,false,0.022
7903,457621.427643299,4.63512868657613e6,Susquehanna,Amwell,chicken,broiler_1,false,0.044
7904,487148.294545835,4.665304515723e6,Allegheny,Colts Neck,duck,conventional,false,0.002
7905,451464.557489079,4.45819553024969e6,Luzerne,Cedar Grove,chicken,broiler_2,false,0.006
7906,369289.082006977,4.57246700001638e6,Cumberland,Philipsburg,chicken,broiler_1,false,0.012
7907,460393.657628205,4.47053903336475e6,Luzerne,Union City,duck,conventional,false,0.0
7908,453713.71646131,4.61314527817138e6,Susquehanna,Unionville,duck,organic,false,0.012
7909,486670.74218906,4.51363115250365e6,Luzerne,Hardyston,chicken,layer,false,0.016
7910,466380.40051959,4.55737371794031e6,Berks,Barnegat Light,chicken,broiler_2,false,0.022
7911,438108.660638357,4.61857585636362e6,Susquehanna,Montgomery,duck,conventional,false,0.002
7912,341360.412540443,4.5935804235655e6,Venango,Tewksbury,chicken,broiler_1,false,0.012
7913,392856.832162185,4.51379553399092e6,Mifflin,Englishtown,duck,conventional,false,0.004
7914,455468.636458406,4.61078833399683e6,Susquehanna,Unionville,chicken,broiler_1,false,0.044
7915,404021.717928912,4.4934681360535e6,Mifflin,Wood-Ridge,chicken,broiler_1,false,0.006
7916,474733.796893848,4.61781406770085e6,Susquehanna,Surf City,chicken,broiler_2,false,0.026
7917,369220.707804436,4.5902954330779e6,Mercer,White,chicken,broiler_2,false,0.008
7918,309857.400805231,4.61001133193343e6,Venango,Long Beach,duck,conventional,false,0.004
7919,367737.710434684,4.53347987487364e6,Cumberland,Highlands,duck,conventional,false,0.0
7920,420944.675656704,4.71862362691792e6,Lancaster,Howell,duck,organic,false,0.002
7921,460487.003680856,4.64522484364992e6,Allegheny,Union,chicken,broiler_2,false,0.024
7922,386547.91182342,4.66433142400262e6,Blair,Hopewell,duck,conventional,false,0.002
7923,381092.432326233,4.61826300306846e6,Blair,Pottsgrove,duck,conventional,false,0.002
7924,470694.705038032,4.58549761331582e6,Berks,Merion,chicken,broiler_2,false,0.034
7925,367286.551255743,4.61849525400167e6,Mercer,Milltown,chicken,layer,false,0.008
7926,386381.272320223,4.61971611873838e6,Blair,Ventnor City,duck,conventional,false,0.004
7927,430557.254025167,4.71477082197566e6,Lancaster,Pitman,chicken,broiler_1,false,0.004
7928,307420.856114897,4.60283069589936e6,Venango,Ambler,duck,conventional,false,0.002
7929,362211.466536758,4.5591563544098e6,Cumberland,Alexandria,duck,organic,false,0.0
7930,378950.171530448,4.59343205117202e6,Mercer,Oceanport,chicken,layer,false,0.006
7931,379293.507679178,4.58904682643251e6,Mercer,Oceanport,chicken,broiler_1,false,0.002
7932,334718.277867033,4.56538641544295e6,Schuylkill,State College,chicken,broiler_2,false,0.0
7933,368367.846149806,4.5312333336186e6,Cumberland,Highlands,duck,conventional,false,0.0
7934,489312.664672059,4.49081129313164e6,Luzerne,Medford,chicken,broiler_2,false,0.048
7935,482863.57377479,4.65790014823296e6,Allegheny,Fair Haven,duck,organic,false,0.006
7936,347444.770957488,4.60830281293361e6,Mercer,Oradell,duck,conventional,false,0.004
7937,370402.357688308,4.63455193238579e6,Blair,Pompton Lakes,chicken,broiler_2,false,0.012
7938,390569.341937187,4.67118571014279e6,Blair,Vineland,duck,conventional,false,0.004
7939,421976.513389373,4.48991074212361e6,Mifflin,Cherry Hill,chicken,broiler_2,false,0.012
7940,416449.355941454,4.47961393505835e6,Mifflin,River Vale,chicken,broiler_2,false,0.0
7941,331301.12463319,4.62010169656945e6,Venango,Ridgewood Village,duck,conventional,false,0.002
7942,344972.634726803,4.56887634802893e6,Schuylkill,Wanaque,duck,conventional,false,0.002
7943,340234.014359156,4.60797478018496e6,Venango,Maurice River,chicken,layer,false,0.008
7944,465417.065797349,4.72330217008023e6,Indiana,Wall,chicken,broiler_2,false,0.026
7945,363997.3664517,4.55916253496823e6,Cumberland,Bellmawr,duck,conventional,false,0.002
7946,471467.242086786,4.64457940616869e6,Allegheny,Marlborough,duck,conventional,false,0.004
7947,409803.157330669,4.70400166874224e6,Lancaster,Skippack,duck,conventional,false,0.002
7948,324389.026751986,4.56334907809872e6,Schuylkill,Frenchtown,chicken,broiler_2,false,0.012
7949,369892.070021448,4.65179845126573e6,Blair,Bradley Beach,chicken,broiler_1,false,0.004
7950,371039.200840218,4.63360485604341e6,Blair,Pompton Lakes,duck,conventional,false,0.002
7951,451738.681910918,4.6236457481582e6,Susquehanna,Beach Haven,chicken,broiler_2,false,0.05
7952,406163.924567098,4.60576086620747e6,Lycoming,Lebanon,duck,conventional,false,0.002
7953,371827.908030964,4.57715922560324e6,Cumberland,Philipsburg,chicken,broiler_1,false,0.018
7954,421654.448854586,4.60494255785743e6,Susquehanna,Palmyra,duck,conventional,false,0.0
7955,459768.776537836,4.49856883391465e6,Luzerne,Gwynedd,duck,conventional,false,0.004
7956,446909.646576909,4.73133430828459e6,Lancaster,Westville,duck,organic,false,0.0
7957,392653.500528304,4.64994219410946e6,Blair,Woodbury Heights,duck,organic,false,0.002
7958,457199.438565197,4.61646479042041e6,Susquehanna,Wrightstown,duck,conventional,false,0.012
7959,321755.234236776,4.57937021839817e6,Venango,Deptford,duck,conventional,false,0.0
7960,433283.774726084,4.61783978128993e6,Susquehanna,Montgomery,duck,conventional,false,0.002
7961,374323.565149884,4.55802677326179e6,Cumberland,Bellmawr,chicken,broiler_2,false,0.008
7962,439498.171924313,4.49086222067979e6,Luzerne,Paulsboro,chicken,broiler_2,false,0.008
7963,327091.791293267,4.58695043835369e6,Venango,Clark,duck,organic,false,0.0
7964,385137.598780775,4.59157229511282e6,Lycoming,New Hanover,duck,conventional,false,0.0
7965,475673.149799,4.71134538853326e6,Indiana,Collingswood,duck,conventional,false,0.004
7966,485580.01446971,4.65292814752852e6,Allegheny,Fair Haven,duck,conventional,false,0.018
7967,387777.731602807,4.62792594242286e6,Blair,Butler,chicken,layer,false,0.004
7968,419703.507526736,4.61937149699136e6,Fulton,Mine Hill,chicken,broiler_2,false,0.002
7969,361657.329308628,4.61582450859573e6,Mercer,Mount Arlington,duck,organic,false,0.0
7970,406011.372049511,4.61820872068598e6,Fulton,Sparta,duck,conventional,false,0.0
7971,389515.328004398,4.52640282251085e6,Cumberland,Manchester,duck,organic,false,0.0
7972,380139.040605851,4.55914959562899e6,Cumberland,Magnolia,chicken,broiler_2,false,0.004
7973,413357.907752465,4.70633630280769e6,Lancaster,Skippack,duck,organic,false,0.002
7974,421256.734923471,4.61638938482831e6,Fulton,Mine Hill,duck,conventional,false,0.002
7975,319604.281472546,4.61353622292084e6,Venango,New Brunswick,duck,conventional,false,0.0
7976,417873.403957611,4.6967518883702e6,Lancaster,Raritan,chicken,layer,false,0.006
7977,359712.123438968,4.52830120301836e6,Cumberland,Ringwood,duck,conventional,false,0.004
7978,452488.457170593,4.60566770814285e6,Susquehanna,Keansburg,chicken,broiler_2,false,0.022
7979,383111.510015068,4.59893442125608e6,Lycoming,Delran,chicken,broiler_1,false,0.01
7980,433113.302004649,4.60162669662019e6,Susquehanna,Hackettstown,chicken,broiler_1,false,0.004
7981,351631.124935591,4.62342165309297e6,Mercer,Atlantic City,duck,conventional,false,0.002
7982,332974.442864753,4.54434839605776e6,Schuylkill,Kenilworth,duck,conventional,false,0.006
7983,502836.582407389,4.71593627142636e6,Indiana,Stafford,duck,conventional,false,0.016
7984,416179.001281586,4.57723961297536e6,Lycoming,New York,duck,conventional,false,0.0
7985,412558.660526863,4.4848840777073e6,Mifflin,River Vale,chicken,broiler_1,false,0.012
7986,365137.909249487,4.57801571734959e6,Mercer,Ogdensburg,duck,conventional,false,0.004
7987,388087.15009122,4.62632824796034e6,Blair,Butler,duck,conventional,false,0.0
7988,475795.839561493,4.64822283135354e6,Allegheny,Spring Lake Heights,duck,organic,false,0.006
7989,374593.691345733,4.66602289044281e6,Blair,Audubon,chicken,broiler_2,false,0.018
7990,502570.526615389,4.72186403684824e6,Indiana,Stafford,chicken,broiler_2,false,0.048
7991,364725.856796167,4.5645050000945e6,Cumberland,Alexandria,duck,conventional,false,0.0
7992,482045.468272969,4.54065058096688e6,Berks,Irvington,duck,organic,false,0.006
7993,321157.722030359,4.576209285461e6,Schuylkill,Victory Gardens,chicken,broiler_1,false,0.01
7994,469670.956735663,4.68830211712317e6,Indiana,Bryn Athyn,duck,conventional,false,0.002
7995,463940.516902374,4.70982235105708e6,Indiana,Morristown,duck,conventional,false,0.002
7996,506573.755479567,4.71351688894448e6,Indiana,Fairview,duck,conventional,false,0.002
7997,401373.197092977,4.60436940462456e6,Lycoming,Monroe,duck,conventional,false,0.002
7998,361817.116039719,4.59684898450953e6,Mercer,Middle,duck,conventional,false,0.002
7999,381301.701195215,4.63808380930766e6,Blair,Stillwater,duck,conventional,false,0.002
8000,477665.94847876,4.541819162407e6,Berks,Irvington,chicken,broiler_1,false,0.052
8001,366489.447657931,4.61513212410559e6,Mercer,Milltown,duck,conventional,false,0.002
8002,435170.62851969,4.60660651467522e6,Susquehanna,Newark,chicken,broiler_2,false,0.004
8003,346692.273884391,4.58545695853906e6,Mercer,Benner,duck,conventional,false,0.002
8004,452598.745125423,4.73296031669393e6,Indiana,Ewing,duck,conventional,false,0.002
8005,428467.708287565,4.69458114645061e6,Lancaster,Raritan,duck,conventional,false,0.0
8006,456478.483917283,4.71364933969387e6,Indiana,Greenwich,chicken,broiler_2,false,0.02
8007,492906.885596357,4.46347369338399e6,Luzerne,Andover,chicken,layer,false,0.012
8008,453932.038261327,4.46286862844425e6,Luzerne,Cedar Grove,chicken,broiler_1,false,0.008
8009,462884.50706031,4.73424853514291e6,Indiana,Lawrence,duck,conventional,false,0.002
8010,404219.806752537,4.62521557131528e6,Blair,Woodbine,duck,conventional,false,0.002
8011,468475.129605586,4.5425497126993e6,Berks,Port Matilda,duck,conventional,false,0.008
8012,398170.640477642,4.50078264055947e6,Mifflin,Green Brook,duck,conventional,false,0.0
8013,487595.030292864,4.68965043543119e6,Indiana,Stockton,duck,conventional,false,0.004
8014,414531.468491643,4.49796076733174e6,Mifflin,Folsom,chicken,broiler_1,false,0.01
8015,469754.318772708,4.63075965434045e6,Susquehanna,Vernon,duck,conventional,false,0.01
8016,468668.95208192,4.5683166279302e6,Berks,Warren,duck,conventional,false,0.01
8017,397029.986649586,4.49556295697702e6,Mifflin,Elmwood Park,chicken,broiler_2,false,0.008
8018,353401.270611634,4.54914674595762e6,Schuylkill,Englewood Cliffs,chicken,broiler_2,false,0.004
8019,476605.684028976,4.50434487419656e6,Luzerne,Fredon,chicken,broiler_2,false,0.014
8020,339194.077941208,4.53586882702521e6,Schuylkill,Brick,duck,organic,false,0.0
8021,364505.866901624,4.62938621724014e6,Blair,Somerville,chicken,broiler_2,false,0.014
8022,457782.078042471,4.71198727328993e6,Indiana,Brielle,chicken,broiler_2,false,0.02
8023,467116.0726494,4.55198956174659e6,Berks,Port Matilda,duck,conventional,false,0.002
8024,470787.268374685,4.73179039709358e6,Indiana,Lawrence,chicken,layer,false,0.05
8025,482132.223275571,4.54185447787911e6,Berks,Irvington,chicken,broiler_1,false,0.052
8026,421500.424322312,4.70061260377812e6,Lancaster,Raritan,duck,organic,false,0.0
8027,413498.229901404,4.72329978487357e6,Lancaster,High Bridge,chicken,broiler_2,false,0.02
8028,448252.612602187,4.71370217196069e6,Indiana,Neptune City,chicken,broiler_2,false,0.02
8029,375769.501663864,4.61146602363401e6,Lycoming,Lindenwold,chicken,broiler_2,false,0.01
8030,364118.765251971,4.55997805901054e6,Cumberland,Bellmawr,duck,conventional,false,0.004
8031,449995.141117523,4.72462405576102e6,Indiana,Millburn,chicken,layer,false,0.038
8032,348952.624755682,4.60042220789217e6,Mercer,Harrington Park,duck,conventional,false,0.0
8033,379330.734455696,4.60437898564227e6,Lycoming,Lindenwold,duck,conventional,false,0.0
8034,413488.898303798,4.48341745932944e6,Mifflin,River Vale,duck,conventional,false,0.002
8035,456985.42302183,4.71158112238135e6,Indiana,Brielle,chicken,broiler_2,false,0.014
8036,461642.058806443,4.48628805919667e6,Luzerne,New Milford,duck,conventional,false,0.004
8037,392854.915131953,4.5545716302525e6,Cumberland,New Providence,chicken,layer,false,0.012
8038,464346.316031744,4.58227264425907e6,Berks,Merion,duck,conventional,false,0.014
8039,387333.78600191,4.55022143442991e6,Cumberland,Somerdale,duck,conventional,false,0.004
8040,485295.61703839,4.67328197299636e6,Allegheny,Colts Neck,chicken,broiler_2,false,0.018
8041,480618.826716558,4.50913123241479e6,Luzerne,Teaneck,chicken,broiler_2,false,0.02
8042,390118.433932784,4.65600029578658e6,Blair,Woodbury Heights,chicken,broiler_1,false,0.008
8043,476727.52798659,4.46350793050763e6,Luzerne,Norristown,chicken,broiler_1,false,0.01
8044,368574.748597362,4.54156329887813e6,Cumberland,Hackensack,chicken,broiler_1,false,0.0
8045,474867.113083617,4.48927596785389e6,Luzerne,Pine Hill,duck,conventional,false,0.0
8046,453457.164379965,4.62864752756681e6,Susquehanna,Cranford,chicken,layer,false,0.028
8047,483697.931757474,4.68699877822704e6,Indiana,Paterson,duck,organic,false,0.006
8048,395947.164493783,4.62686317140613e6,Blair,Butler,duck,conventional,false,0.0
8049,328373.018863123,4.58734955552636e6,Venango,Clark,chicken,broiler_2,false,0.012
8050,478647.22307458,4.50150281773476e6,Luzerne,Fredon,duck,conventional,false,0.01
8051,384008.625838383,4.57609116753478e6,Cumberland,Interlaken,duck,conventional,false,0.0
8052,471117.697580296,4.49549203459423e6,Luzerne,Fredon,duck,conventional,false,0.004
8053,476433.116481578,4.46108124179928e6,Luzerne,Curtin,chicken,layer,false,0.0
8054,373974.681697998,4.66051769666345e6,Blair,Bradley Beach,duck,organic,false,0.0
8055,346682.612202315,4.59044655703972e6,Mercer,Benner,chicken,broiler_1,false,0.018
8056,386365.033422214,4.52661846235039e6,Cumberland,Millstone,chicken,broiler_2,false,0.01
8057,353470.466767799,4.61689902679862e6,Mercer,Mount Arlington,duck,conventional,false,0.004
8058,451694.148000082,4.57960565918819e6,Susquehanna,Moorestown,duck,conventional,false,0.004
8059,465054.945313167,4.62854239864597e6,Susquehanna,Knowlton,duck,conventional,false,0.006
8060,338843.183201185,4.53769815399455e6,Schuylkill,Potter,chicken,broiler_2,false,0.006
8061,376734.142077307,4.59831968694115e6,Mercer,Mullica,chicken,broiler_2,false,0.008
8062,369922.751059457,4.61573625002587e6,Mercer,Deerfield,chicken,broiler_1,false,0.008
8063,484000.752599018,4.68484467055892e6,Indiana,Paterson,duck,conventional,false,0.006
8064,307263.07201286,4.5989083541424e6,Venango,Cinnaminson,duck,organic,false,0.002
8065,428419.473222086,4.59406210672544e6,Lycoming,Island Heights,chicken,broiler_1,false,0.002
8066,412311.871609844,4.71791711739124e6,Lancaster,High Bridge,duck,conventional,false,0.002
8067,466352.861254883,4.72790355528274e6,Indiana,Lawrence,duck,conventional,false,0.008
8068,362882.916037367,4.58293781818077e6,Mercer,Ogdensburg,duck,conventional,false,0.004
8069,384888.14975087,4.56615520339208e6,Cumberland,Frederick,chicken,broiler_2,false,0.008
8070,465536.100420971,4.47956964796918e6,Luzerne,Franklin,duck,conventional,false,0.002
8071,415165.632347263,4.61922436538202e6,Fulton,Delaware,duck,conventional,false,0.004
8072,471565.781289521,4.71099914166896e6,Indiana,Morristown,duck,conventional,false,0.012
8073,407625.901492946,4.60810308061383e6,Lycoming,Lebanon,duck,organic,false,0.0
8074,439724.947904109,4.61836824948297e6,Susquehanna,Montgomery,chicken,broiler_1,false,0.008
8075,409722.337667029,4.587284695891e6,Lycoming,Montclair,duck,conventional,false,0.006
8076,418898.083313845,4.60851432285233e6,Susquehanna,Commercial,chicken,broiler_2,false,0.01
8077,471907.979795095,4.65574170778523e6,Allegheny,Marlborough,duck,conventional,false,0.012
8078,437636.18723436,4.71825351622958e6,Lancaster,Matawan,chicken,broiler_1,false,0.008
8079,448851.993357141,4.56624417157388e6,Berks,Taylor,chicken,broiler_2,false,0.028
8080,345328.21712122,4.61057159261319e6,Venango,Maurice River,duck,conventional,false,0.008
8081,382957.368270709,4.65207397526689e6,Blair,Hatboro,duck,conventional,false,0.0
8082,454834.431737908,4.71249631220526e6,Indiana,Greenwich,duck,conventional,false,0.014
8083,405307.198265673,4.6097046491157e6,Lycoming,Lebanon,chicken,broiler_1,false,0.006
8084,346944.546372134,4.57158368724691e6,Mercer,Lambertville,duck,conventional,false,0.002
8085,427957.345288461,4.61382163042329e6,Susquehanna,Commercial,chicken,layer,false,0.004
8086,461809.511687249,4.71109393779515e6,Indiana,Morristown,chicken,broiler_2,false,0.02
8087,364616.903097683,4.56472981602454e6,Cumberland,Alexandria,duck,organic,false,0.0
8088,443529.515207305,4.61941294227908e6,Susquehanna,Barrington,duck,conventional,false,0.016
8089,345751.280116157,4.58151950491657e6,Mercer,Metuchen,duck,conventional,false,0.004
8090,398049.515318588,4.63149637674136e6,Blair,Woodbine,duck,conventional,false,0.002
8091,376522.30776716,4.61207330391757e6,Lycoming,Lindenwold,duck,conventional,false,0.004
8092,376945.501536077,4.62581882228805e6,Blair,Ho-Ho-Kus,chicken,broiler_2,false,0.01
8093,452473.326298906,4.48362858140909e6,Luzerne,Fieldsboro,chicken,layer,false,0.004
8094,381607.580315698,4.60546355310267e6,Lycoming,Lindenwold,chicken,broiler_2,false,0.01
8095,478290.749761159,4.69838832090251e6,Indiana,Allamuchy,duck,organic,false,0.004
8096,313935.471146329,4.58851263985372e6,Venango,Port Republic,chicken,layer,false,0.014
8097,388006.787814401,4.65333792881272e6,Blair,Glen Rock,chicken,broiler_1,false,0.008
8098,313051.506587158,4.5687139918502e6,Schuylkill,Westampton,chicken,broiler_2,false,0.008
8099,405635.37478232,4.62505526944561e6,Fulton,Amboy,chicken,broiler_1,false,0.008
8100,401416.058023298,4.61958528135962e6,Blair,Loch Arbour Village,chicken,broiler_1,false,0.012
8101,435582.702096115,4.69592305329842e6,Lancaster,Union Beach,duck,conventional,false,0.006
8102,397714.344803922,4.7141506503637e6,Lancaster,Plumsted,chicken,broiler_2,false,0.016
8103,323297.739981208,4.59777727808181e6,Venango,Hamilton,chicken,broiler_1,false,0.008
8104,386697.978547427,4.50080721551911e6,Mifflin,Springfield,chicken,broiler_2,false,0.002
8105,385194.107639822,4.60876113325102e6,Lycoming,Swedesboro,chicken,layer,false,0.006
8106,444315.995025455,4.60781922043673e6,Susquehanna,Langhorne,duck,conventional,false,0.01
8107,466743.608158093,4.57600134908649e6,Berks,Warren,duck,conventional,false,0.012
8108,458744.309720463,4.62574297882857e6,Susquehanna,Cape May Point,duck,conventional,false,0.004
8109,468639.593512048,4.55488340871238e6,Berks,Port Matilda,duck,conventional,false,0.016
8110,420998.623864568,4.49196887716717e6,Mifflin,Cherry Hill,chicken,broiler_2,false,0.014
8111,473078.246381431,4.46240858921956e6,Luzerne,Norristown,chicken,broiler_1,false,0.006
8112,469642.719464175,4.46532601798637e6,Luzerne,Prospect Park,chicken,broiler_1,false,0.012
8113,467485.347763491,4.67723184076437e6,Allegheny,Passaic,duck,organic,false,0.004
8114,388333.354358073,4.60220731374058e6,Lycoming,Readington,duck,conventional,false,0.002
8115,412110.706656297,4.59432654820434e6,Lycoming,National Park,chicken,broiler_2,false,0.012
8116,349334.154075375,4.54805148684769e6,Schuylkill,Cape May,duck,conventional,false,0.006
8117,499855.6849433,4.46012210146901e6,Luzerne,River,chicken,broiler_1,false,0.012
8118,453077.944587844,4.59627311847938e6,Susquehanna,Parsippany-Troy Hills,duck,conventional,false,0.004
8119,410352.356732512,4.58336267764214e6,Lycoming,Califon,chicken,broiler_2,false,0.01
8120,483504.197675779,4.69229374918235e6,Indiana,Buena Vista,duck,conventional,true,0.0
8121,441104.919994014,4.59164018799097e6,Susquehanna,Lumberton,chicken,broiler_2,false,0.022
8122,317110.552411704,4.56042612655665e6,Schuylkill,Blairstown,chicken,broiler_1,false,0.004
8123,386958.620942637,4.6061026940901e6,Lycoming,Swedesboro,chicken,broiler_1,false,0.014
8124,434564.640337686,4.59722031419196e6,Lycoming,Ramsey,duck,conventional,false,0.004
8125,359023.615733251,4.60085374058662e6,Mercer,Lopatcong,chicken,broiler_2,false,0.01
8126,359473.343984553,4.61286999998917e6,Mercer,Mount Arlington,duck,organic,false,0.0
8127,392835.900294364,4.64036809906466e6,Blair,Alloway,chicken,broiler_2,false,0.008
8128,391862.447630568,4.71094419291226e6,Lancaster,Florence,duck,organic,false,0.006
8129,400299.974591908,4.48558476242173e6,Mifflin,Roosevelt,duck,conventional,false,0.002
8130,349373.370933166,4.56693129422587e6,Schuylkill,Wanaque,duck,conventional,false,0.004
8131,318947.171444284,4.58826650323636e6,Venango,Port Republic,duck,organic,false,0.004
8132,400230.2516766,4.59592007021233e6,Lycoming,Readington,chicken,broiler_1,false,0.004
8133,471776.047001165,4.69773953081309e6,Indiana,Lafayette,duck,conventional,false,0.002
8134,390929.486770449,4.49144517163689e6,Mifflin,Saddle Brook,duck,conventional,false,0.004
8135,483604.084304174,4.71873302462196e6,Indiana,Robbinsville,chicken,broiler_2,false,0.05
8136,475806.073161765,4.6208869096993e6,Susquehanna,Surf City,chicken,broiler_2,false,0.028
8137,468268.970699376,4.70538620421619e6,Indiana,Boonton,duck,conventional,false,0.002
8138,368962.808718087,4.59308588347053e6,Mercer,White,chicken,broiler_2,false,0.008
8139,490994.920025057,4.68020542784954e6,Allegheny,Peapack-Gladstone,duck,conventional,false,0.004
8140,456926.020736684,4.63652136471055e6,Susquehanna,Amwell,chicken,broiler_2,false,0.052
8141,482940.268441473,4.51566816694923e6,Luzerne,Hardyston,chicken,broiler_2,false,0.018
8142,436111.347608818,4.6140536836815e6,Susquehanna,Newark,duck,conventional,false,0.0
8143,475081.758171791,4.52303785098726e6,Berks,Middlesex,chicken,layer,false,0.022
8144,344536.171160852,4.57821504638161e6,Mercer,Metuchen,chicken,broiler_1,false,0.006
8145,502181.412850862,4.70869850638759e6,Indiana,Fort Lee,chicken,broiler_2,false,0.048
8146,328129.613452384,4.54086568337344e6,Schuylkill,Salem,duck,organic,false,0.002
8147,484746.730095578,4.46192861148523e6,Luzerne,Curtin,duck,conventional,false,0.004
8148,322405.866327204,4.57948473903313e6,Schuylkill,Victory Gardens,chicken,broiler_2,false,0.008
8149,469326.225732551,4.47909828261438e6,Luzerne,Haworth,chicken,broiler_1,false,0.006
8150,334353.078343603,4.62245973070327e6,Venango,Red Bank,chicken,broiler_1,false,0.006
8151,461612.987075781,4.49046053706726e6,Luzerne,New Milford,chicken,layer,false,0.002
8152,319115.585178891,4.60449419806415e6,Venango,Montville,duck,conventional,false,0.004
8153,336926.589356289,4.54575998500842e6,Schuylkill,Fanwood,duck,organic,false,0.002
8154,449080.563285018,4.55924921579895e6,Berks,Woodbridge,chicken,broiler_1,false,0.02
8155,448338.524839921,4.6970749197767e6,Lancaster,Park Ridge,chicken,broiler_1,false,0.026
8156,337239.010634308,4.58530072459737e6,Mercer,Chalfont,duck,conventional,false,0.002
8157,354776.535253294,4.61503157137433e6,Mercer,Mount Arlington,duck,conventional,false,0.0
8158,456577.387963764,4.60859128483054e6,Susquehanna,Montague,duck,conventional,false,0.004
8159,323579.446169655,4.55797587974703e6,Schuylkill,Frenchtown,chicken,broiler_2,false,0.008
8160,358563.890745648,4.58933087634017e6,Mercer,Egg Harbor City,duck,conventional,false,0.0
8161,445707.811864011,4.61825565406768e6,Susquehanna,Barrington,duck,conventional,false,0.01
8162,413572.462096859,4.70198275400927e6,Lancaster,Mount Ephraim,chicken,layer,false,0.012
8163,416989.64000585,4.72258980779349e6,Lancaster,Scotch Plains,duck,conventional,false,0.0
8164,386122.62592038,4.50944810397698e6,Mifflin,Englishtown,chicken,broiler_2,false,0.008
8165,350130.025171442,4.53765844714314e6,Schuylkill,Neptune,duck,conventional,false,0.002
8166,479139.759178005,4.49093609849442e6,Luzerne,Pine Hill,duck,conventional,false,0.016
8167,409877.47274307,4.49208478186464e6,Mifflin,Cherry Hill,chicken,broiler_2,false,0.008
8168,433542.131324052,4.5810544872417e6,Susquehanna,Mount Holly,duck,conventional,false,0.004
8169,449409.789198742,4.58503640123488e6,Susquehanna,Flemington,duck,conventional,false,0.002
8170,452858.824691462,4.59772325841061e6,Susquehanna,Parsippany-Troy Hills,duck,conventional,false,0.006
8171,318117.495329126,4.55362328959429e6,Schuylkill,Glassboro,duck,conventional,false,0.0
8172,381378.947813427,4.5151833432043e6,Cumberland,Wyckoff,chicken,broiler_2,false,0.012
8173,472223.430271067,4.72220571121333e6,Indiana,Wall,chicken,broiler_1,false,0.022
8174,383022.798516544,4.5893186576463e6,Mercer,Oceanport,duck,conventional,false,0.002
8175,352936.643871028,4.57489388984236e6,Mercer,Lambertville,chicken,broiler_2,false,0.008
8176,376978.490215569,4.65324903312046e6,Blair,Bradley Beach,duck,conventional,false,0.008
8177,371641.309755016,4.61836753835835e6,Mercer,Monmouth Beach,chicken,broiler_1,false,0.002
8178,474304.109616228,4.65851846566687e6,Allegheny,Harris,duck,conventional,false,0.008
8179,345357.188289319,4.57010974057006e6,Schuylkill,Wanaque,chicken,broiler_2,false,0.008
8180,429425.42801881,4.58445259501346e6,Lycoming,Berkeley Heights,chicken,broiler_2,false,0.006
8181,445213.946054847,4.47067883575086e6,Luzerne,Woodstown,duck,conventional,false,0.004
8182,481525.594020231,4.71793430183334e6,Indiana,Collingswood,chicken,broiler_1,false,0.04
8183,377878.970919133,4.60080545894114e6,Lycoming,Lindenwold,chicken,broiler_2,false,0.01
8184,318736.706884583,4.59487818126757e6,Venango,Northvale,duck,conventional,false,0.004
8185,414865.835057866,4.71233399766343e6,Lancaster,Bloomingdale,chicken,layer,false,0.014
8186,390371.292893756,4.61306476911414e6,Lycoming,Swedesboro,chicken,broiler_2,false,0.012
8187,363620.557839324,4.58583863368269e6,Mercer,Wayne,chicken,broiler_1,false,0.01
8188,448766.571975177,4.47870100670858e6,Luzerne,Woodstown,chicken,broiler_2,false,0.004
8189,373654.158353489,4.64585129258456e6,Blair,Bradley Beach,duck,organic,false,0.0
8190,415111.608114323,4.57552182099068e6,Lycoming,New York,chicken,broiler_2,false,0.0
8191,420596.141404823,4.61841373730004e6,Fulton,Mine Hill,chicken,broiler_1,false,0.01
8192,388402.105574844,4.65794029740974e6,Blair,Denville,duck,conventional,false,0.004
8193,355094.078370224,4.56470020857384e6,Schuylkill,Allendale,chicken,broiler_1,false,0.006
8194,419189.935246588,4.5995734663712e6,Lycoming,Cranbury,chicken,broiler_2,false,0.004
8195,484902.959252999,4.49842219643362e6,Luzerne,Teaneck,duck,organic,false,0.004
8196,410758.872428852,4.70787581428849e6,Lancaster,Skippack,chicken,broiler_1,false,0.004
8197,424324.86782438,4.61948785961893e6,Fulton,Mine Hill,duck,organic,false,0.006
8198,362235.029717897,4.58584184504049e6,Mercer,Wayne,duck,conventional,false,0.004
8199,425145.245526476,4.712125044427e6,Lancaster,Hope,duck,conventional,false,0.002
8200,460520.003610428,4.6220465751425e6,Susquehanna,Tinicum,chicken,broiler_2,false,0.024
8201,306316.885019234,4.57008102846772e6,Schuylkill,Linden,chicken,broiler_1,false,0.012
8202,480684.336614309,4.71722556389152e6,Indiana,Collingswood,duck,conventional,false,0.008
8203,469353.423009966,4.70173487067647e6,Indiana,Jackson,duck,conventional,false,0.012
8204,479432.617318785,4.50951224500941e6,Luzerne,Hardyston,chicken,broiler_1,false,0.024
8205,390645.301183283,4.67159738738128e6,Blair,Vineland,chicken,broiler_2,false,0.006
8206,487260.27989182,4.65814925394003e6,Allegheny,Fair Haven,duck,conventional,false,0.01
8207,476736.619954167,4.66190080337271e6,Allegheny,Harris,chicken,broiler_1,false,0.032
8208,482654.26115796,4.68043666026839e6,Allegheny,Peapack-Gladstone,chicken,broiler_2,false,0.012
8209,450205.4215545,4.57283149295958e6,Susquehanna,Kingwood,chicken,broiler_1,false,0.028
8210,446744.710081992,4.48445704159025e6,Luzerne,Paulsboro,chicken,broiler_2,false,0.014
8211,414010.012604596,4.59153632239641e6,Lycoming,Maple Shade,duck,organic,false,0.002
8212,472025.303003846,4.50248157001906e6,Luzerne,Fredon,chicken,layer,false,0.022
8213,423230.832958847,4.61277682128562e6,Susquehanna,Commercial,duck,conventional,false,0.002
8214,463205.464009376,4.63220089524663e6,Susquehanna,Shamong,duck,conventional,false,0.006
8215,376230.651999655,4.53852082054408e6,Cumberland,Perkiomen,chicken,layer,false,0.016
8216,467595.51110929,4.48827358221728e6,Luzerne,Pine Hill,duck,conventional,false,0.004
8217,474740.848162871,4.5030741746076e6,Luzerne,Fredon,duck,organic,false,0.002
8218,472287.339738365,4.54825153681998e6,Berks,Port Matilda,chicken,broiler_2,false,0.03
8219,402024.557278889,4.50308534329984e6,Mifflin,Livingston,chicken,broiler_2,false,0.004
8220,484327.093641776,4.6734694843392e6,Allegheny,Mountainside,duck,conventional,false,0.01
8221,452985.534640962,4.47269368547877e6,Luzerne,Tullytown,chicken,broiler_1,false,0.008
8222,423898.26940832,4.488329039017e6,Mifflin,Hillside,duck,conventional,false,0.004
8223,310074.444772128,4.60477815905534e6,Venango,Ambler,duck,organic,false,0.002
8224,476510.570858682,4.72261695578698e6,Indiana,Collingswood,duck,conventional,false,0.008
8225,486094.195683107,4.48813446938034e6,Luzerne,Pine Hill,duck,conventional,false,0.0
8226,334683.169833034,4.53856934611774e6,Schuylkill,Potter,duck,organic,false,0.002
8227,423916.096771913,4.69612529297011e6,Lancaster,Raritan,duck,conventional,false,0.004
8228,463416.593913891,4.49507055148389e6,Luzerne,Fredon,duck,conventional,false,0.006
8229,346750.713331271,4.53976735267323e6,Schuylkill,Neptune,duck,organic,false,0.006
8230,443425.106995784,4.70403697096302e6,Lancaster,Norriton,duck,conventional,false,0.0
8231,460628.14837703,4.5488405767958e6,Berks,Port Matilda,chicken,broiler_1,false,0.028
8232,360895.895381274,4.62302849607414e6,Mercer,Milltown,chicken,broiler_2,false,0.012
8233,371131.65374649,4.62498546783377e6,Blair,Pompton Lakes,duck,organic,false,0.0
8234,508826.538467841,4.7166345535772e6,Indiana,Fairview,duck,conventional,false,0.008
8235,327077.265688306,4.5749901731827e6,Schuylkill,Audubon Park,duck,conventional,false,0.004
8236,449510.948646768,4.46858108983063e6,Luzerne,Tullytown,duck,conventional,false,0.0
8237,343086.281482765,4.60608370312424e6,Venango,River Edge,duck,conventional,false,0.002
8238,471324.28807499,4.55947162456514e6,Berks,Barnegat Light,chicken,broiler_1,false,0.03
8239,419616.459357112,4.70210895244749e6,Lancaster,Mount Ephraim,duck,conventional,false,0.004
8240,478050.612747587,4.5466457941086e6,Berks,Port Matilda,duck,conventional,false,0.01
8241,455397.388858222,4.58572026106159e6,Susquehanna,Sea Girt,chicken,broiler_1,false,0.022
8242,457563.869091879,4.64533760316257e6,Allegheny,Union,duck,conventional,false,0.004
8243,451562.462445935,4.57867629272894e6,Susquehanna,Moorestown,chicken,broiler_2,false,0.024
8244,385707.447254354,4.58127278206133e6,Cumberland,Essex Fells,duck,conventional,false,0.008
8245,446142.557335485,4.57675154497046e6,Susquehanna,Kingwood,chicken,broiler_1,false,0.024
8246,477472.848956769,4.46218064452485e6,Luzerne,Norristown,chicken,broiler_1,false,0.008
8247,433435.394840165,4.48877782541749e6,Luzerne,Douglass,duck,conventional,false,0.002
8248,455753.639363372,4.70909508109153e6,Indiana,Brielle,duck,conventional,false,0.01
8249,414993.355986401,4.69857063537882e6,Lancaster,Alpine,chicken,broiler_2,false,0.02
8250,469291.438982209,4.46148030866126e6,Luzerne,Prospect Park,chicken,broiler_1,false,0.006
8251,324730.44200933,4.60470789172407e6,Venango,Montville,chicken,broiler_2,false,0.006
8252,421839.973100396,4.70290293767344e6,Lancaster,Mount Ephraim,chicken,layer,false,0.012
8253,429865.884955949,4.60047450723038e6,Susquehanna,Palmyra,chicken,broiler_2,false,0.0
8254,418436.071492919,4.61579211628171e6,Fulton,Delaware,chicken,broiler_2,false,0.006
8255,360665.533184737,4.59590644080613e6,Mercer,Middle,chicken,broiler_2,false,0.002
8256,343258.31056694,4.59204726272247e6,Mercer,Benner,duck,conventional,false,0.0
8257,467631.211224617,4.53148195269046e6,Berks,Irvington,duck,organic,false,0.01
8258,459025.775119714,4.54535683950632e6,Berks,Rutherford,duck,conventional,false,0.004
8259,312185.34244763,4.58281688671437e6,Venango,Weymouth,chicken,broiler_2,false,0.01
8260,357104.7343459,4.614725051057e6,Mercer,Mount Arlington,duck,conventional,false,0.002
8261,397240.265910356,4.69470208610431e6,Lancaster,Waldwick,duck,conventional,false,0.004
8262,442630.202423149,4.62531242302966e6,Susquehanna,Barrington,duck,conventional,false,0.002
8263,367125.828434414,4.53514119784788e6,Cumberland,Ridgefield,duck,conventional,false,0.002
8264,306149.293126352,4.61568476499556e6,Venango,Kinnelon,chicken,broiler_2,false,0.01
8265,375428.484409875,4.52867917304713e6,Cumberland,Pequannock,chicken,broiler_2,false,0.01
8266,382095.012774825,4.55320550826257e6,Cumberland,Magnolia,duck,conventional,false,0.006
8267,457513.760533613,4.63989057081502e6,Allegheny,Union,duck,conventional,false,0.006
8268,455490.238969833,4.46399663915754e6,Luzerne,Cedar Grove,chicken,broiler_1,false,0.014
8269,461482.752045071,4.46564650839827e6,Luzerne,Union City,duck,conventional,false,0.002
8270,387303.790818311,4.71139143831343e6,Lancaster,Florence,duck,conventional,false,0.0
8271,373803.083816524,4.57037019931153e6,Cumberland,Philipsburg,duck,conventional,false,0.004
8272,436292.735462089,4.70737034602416e6,Lancaster,Bay Head,chicken,broiler_2,false,0.004
8273,483995.032172822,4.70293273141279e6,Indiana,Beachwood,duck,conventional,false,0.006
8274,482255.2326684,4.68926570332272e6,Indiana,Paterson,chicken,broiler_1,false,0.02
8275,304036.720463908,4.59714526732374e6,Venango,Eastampton,duck,conventional,false,0.004
8276,360456.31776783,4.55696532715401e6,Schuylkill,Summit,duck,conventional,false,0.0
8277,402200.532959479,4.69899365620455e6,Lancaster,Riegelsville,duck,conventional,false,0.0
8278,364024.389456411,4.54218600670182e6,Cumberland,Ferguson,duck,conventional,false,0.002
8279,372181.258821805,4.57376325746353e6,Cumberland,Philipsburg,chicken,broiler_1,false,0.014
8280,471324.59140714,4.57539591691322e6,Berks,Warren,chicken,broiler_2,false,0.056
8281,482366.095842168,4.70779959812285e6,Indiana,Corbin City,chicken,broiler_2,false,0.028
8282,428772.004423609,4.61504069448678e6,Susquehanna,Commercial,chicken,broiler_2,false,0.002
8283,391790.718027677,4.70861514087078e6,Lancaster,Florence,duck,organic,false,0.0
8284,449457.368559867,4.46446766628989e6,Luzerne,Cedar Grove,chicken,broiler_2,false,0.008
8285,470746.410189737,4.54231702983223e6,Berks,Port Matilda,chicken,broiler_2,false,0.042
8286,477668.205544508,4.71227221429874e6,Indiana,Collingswood,duck,conventional,false,0.01
8287,480460.009631983,4.51886885566199e6,Luzerne,Hardyston,chicken,broiler_2,false,0.04
8288,305278.255783555,4.60613554182528e6,Venango,Ambler,chicken,broiler_2,false,0.01
8289,312199.86150687,4.60886769477473e6,Venango,Long Beach,duck,organic,false,0.0
8290,338910.757222673,4.55662499901335e6,Schuylkill,Watchung,duck,conventional,false,0.006
8291,320402.919660399,4.62121520465436e6,Venango,Moreland,chicken,broiler_1,false,0.004
8292,385070.609475062,4.59147334161205e6,Lycoming,New Hanover,duck,conventional,false,0.0
8293,484033.208127649,4.69635865529528e6,Indiana,Stockton,chicken,broiler_2,false,0.01
8294,317691.59611417,4.6033926634062e6,Venango,Montville,chicken,broiler_1,false,0.014
8295,433682.272803961,4.48415864583185e6,Luzerne,Douglass,chicken,layer,false,0.01
8296,389919.837338758,4.70559752165267e6,Lancaster,Florence,chicken,broiler_1,false,0.012
8297,366006.889732846,4.5872791340387e6,Mercer,Wayne,duck,conventional,false,0.0
8298,426588.123645747,4.60808807493497e6,Susquehanna,Commercial,duck,organic,false,0.002
8299,474055.008373935,4.47236318599821e6,Luzerne,Roselle Park,duck,conventional,false,0.004
8300,489066.144914803,4.50980545312413e6,Luzerne,Hardyston,duck,conventional,false,0.006
8301,392877.41962067,4.60482112081711e6,Lycoming,Haledon,chicken,broiler_1,false,0.014
8302,323865.277027973,4.55613523513429e6,Schuylkill,Rahway,chicken,broiler_2,false,0.01
8303,463441.799888675,4.56060703196723e6,Berks,Barnegat Light,chicken,broiler_2,false,0.024
8304,446680.782403694,4.69559803829317e6,Lancaster,Park Ridge,chicken,broiler_1,false,0.02
8305,498147.923535765,4.67963291970861e6,Allegheny,Snow Shoe,duck,organic,false,0.012
8306,461543.382092097,4.7102344719997e6,Indiana,Morristown,duck,conventional,true,0.0
8307,337192.667614495,4.61798565162577e6,Venango,Red Bank,duck,organic,false,0.006
8308,451054.226985303,4.7160237645195e6,Indiana,Neptune City,chicken,broiler_2,false,0.024
8309,401887.745973609,4.6265031794389e6,Blair,Woodbine,duck,conventional,false,0.002
8310,311373.347997401,4.57375355060767e6,Schuylkill,Linden,duck,conventional,false,0.002
8311,455993.771932926,4.50185201650654e6,Luzerne,Gwynedd,chicken,broiler_2,false,0.012
8312,398975.269276609,4.70768404240748e6,Lancaster,Plumsted,chicken,broiler_2,false,0.01
8313,457213.558604748,4.5847477994739e6,Susquehanna,Sea Girt,chicken,broiler_2,false,0.04
8314,367343.611516831,4.63060219802436e6,Blair,Pompton Lakes,duck,conventional,false,0.002
8315,354800.416175085,4.58897671500585e6,Mercer,Garfield,chicken,broiler_1,false,0.014
8316,418279.997942699,4.59354495393844e6,Lycoming,Maple Shade,chicken,broiler_2,false,0.008
8317,327635.997719973,4.54005697943489e6,Schuylkill,Salem,chicken,broiler_2,false,0.02
8318,464640.062479719,4.56707461930323e6,Berks,Barnegat Light,chicken,broiler_1,false,0.034
8319,386235.999182786,4.64753474736468e6,Blair,Riverside,duck,conventional,false,0.0
8320,445353.089970655,4.59080411385415e6,Susquehanna,Flemington,chicken,broiler_1,false,0.016
8321,434081.791276951,4.48807457100204e6,Luzerne,Douglass,chicken,broiler_1,false,0.004
8322,396961.765611545,4.4927886869902e6,Mifflin,Elmwood Park,chicken,broiler_2,false,0.006
8323,465011.704426889,4.70736501849716e6,Indiana,Boonton,duck,organic,false,0.01
8324,378922.271152136,4.51133582753581e6,Mifflin,Piscataway,chicken,broiler_2,false,0.01
8325,362590.180661222,4.57802807060856e6,Mercer,Ogdensburg,duck,conventional,false,0.002
8326,468898.571379189,4.67196019243892e6,Allegheny,Lacey,duck,organic,false,0.002
8327,410807.734538094,4.49159205869787e6,Mifflin,Cherry Hill,chicken,broiler_1,false,0.006
8328,446816.281413469,4.47864180293958e6,Luzerne,Woodstown,chicken,broiler_2,false,0.006
8329,320398.023552703,4.59421654200783e6,Venango,Northvale,duck,organic,false,0.0
8330,383997.943729491,4.60308774537191e6,Lycoming,Lindenwold,chicken,broiler_2,false,0.004
8331,366812.4504264,4.55840199748733e6,Cumberland,Bellmawr,duck,conventional,false,0.006
8332,341237.021850635,4.6005699828773e6,Venango,River Edge,duck,organic,false,0.0
8333,475115.648559896,4.50691124675751e6,Luzerne,Hardyston,duck,conventional,false,0.004
8334,441745.71382345,4.70521989891863e6,Lancaster,Norriton,chicken,broiler_2,false,0.004
8335,464179.911168044,4.46490617241122e6,Luzerne,Prospect Park,duck,conventional,false,0.0
8336,423133.349022625,4.58562018495125e6,Lycoming,Limerick,duck,conventional,false,0.0
8337,447990.789034997,4.61321820023797e6,Susquehanna,Stone Harbor,chicken,broiler_2,false,0.026
8338,367163.458710878,4.63697808969353e6,Blair,Somerville,chicken,broiler_1,false,0.014
8339,470071.998545625,4.69665966921873e6,Indiana,Lafayette,chicken,broiler_1,false,0.018
8340,451723.804419641,4.71198119129372e6,Indiana,Little Ferry,duck,organic,false,0.002
8341,451533.761939782,4.59608987928025e6,Susquehanna,Egg Harbor,chicken,broiler_2,false,0.012
8342,412113.737356339,4.49695069923663e6,Mifflin,Folsom,chicken,broiler_2,false,0.014
8343,353608.153917902,4.60236361546531e6,Mercer,Oradell,duck,conventional,false,0.004
8344,383073.089237694,4.54237625618973e6,Cumberland,Somerdale,duck,organic,false,0.002
8345,419780.728725177,4.58843153385762e6,Lycoming,Maple Shade,chicken,broiler_1,false,0.006
8346,374479.699655756,4.60567218220702e6,Mercer,Monmouth Beach,duck,organic,false,0.0
8347,487989.947500624,4.68631847989332e6,Allegheny,Peapack-Gladstone,duck,conventional,false,0.004
8348,328630.552828315,4.60924138433239e6,Venango,Hardwick,chicken,broiler_2,false,0.002
8349,458557.648889355,4.70032579855046e6,Indiana,Pilesgrove,duck,conventional,false,0.006
8350,341222.784587404,4.53715907812576e6,Schuylkill,Brick,chicken,broiler_2,false,0.012
8351,388817.305589091,4.60425455260709e6,Lycoming,Swedesboro,duck,conventional,false,0.002
8352,319825.765465617,4.56039459139902e6,Schuylkill,Frenchtown,chicken,broiler_2,false,0.002
8353,306341.401482335,4.59523161003608e6,Venango,Cinnaminson,chicken,broiler_2,false,0.014
8354,425323.090661932,4.71663172467613e6,Lancaster,Chester,duck,organic,false,0.002
8355,434710.70256997,4.4762471471627e6,Luzerne,Douglass,duck,conventional,false,0.004
8356,341101.195920999,4.53147468243173e6,Schuylkill,Brick,chicken,broiler_2,false,0.002
8357,348054.24451153,4.53871756721471e6,Schuylkill,Neptune,chicken,broiler_1,false,0.014
8358,438915.847270341,4.69518957215139e6,Lancaster,Alloways Creek,duck,conventional,false,0.002
8359,312348.303897373,4.56917611703913e6,Schuylkill,Linden,duck,conventional,false,0.0
8360,355493.640109697,4.6179074238585e6,Mercer,Mount Arlington,chicken,broiler_1,false,0.012
8361,490757.129348507,4.50573397857782e6,Luzerne,Teaneck,duck,conventional,false,0.002
8362,389818.330358683,4.54342993995443e6,Cumberland,Camden,chicken,broiler_2,false,0.01
8363,319568.367462706,4.59569653399477e6,Venango,Hamilton,chicken,broiler_2,false,0.01
8364,468900.99141706,4.68922596486904e6,Indiana,Wharton,duck,conventional,false,0.008
8365,499306.199825488,4.48306490038083e6,Luzerne,Old Bridge,duck,conventional,false,0.0
8366,445406.267204803,4.58554412597523e6,Susquehanna,Flemington,chicken,broiler_1,false,0.04
8367,464691.947657783,4.56132951856777e6,Berks,Barnegat Light,chicken,broiler_2,false,0.026
8368,437787.157271958,4.72956606209857e6,Lancaster,Westville,duck,conventional,false,0.006
8369,380601.226690947,4.66634178605958e6,Blair,Hopewell,duck,conventional,false,0.0
8370,480527.795798887,4.50673882531382e6,Luzerne,Teaneck,chicken,layer,false,0.012
8371,372820.421007872,4.52308341117456e6,Cumberland,Bergen,duck,conventional,false,0.002
8372,373838.593478624,4.66180733066496e6,Blair,Audubon,duck,organic,false,0.002
8373,331791.522936388,4.57597264470982e6,Schuylkill,Audubon Park,chicken,broiler_2,false,0.01
8374,309076.067183478,4.57541929934113e6,Schuylkill,Linden,chicken,broiler_2,false,0.006
8375,360657.637968852,4.6313909249053e6,Blair,Somerville,duck,conventional,false,0.0
8376,484773.255450341,4.49844217914267e6,Luzerne,Teaneck,chicken,broiler_1,false,0.02
8377,399675.287638144,4.713125328098e6,Lancaster,Plumsted,chicken,broiler_2,false,0.012
8378,462288.490191492,4.69702396545562e6,Indiana,Paramus,duck,conventional,false,0.006
8379,309491.944859681,4.61824921004234e6,Venango,Kinnelon,duck,conventional,false,0.0
8380,338994.797784993,4.58864473159773e6,Venango,Clark,duck,conventional,false,0.002
8381,359280.550910396,4.61587271567358e6,Mercer,Mount Arlington,chicken,broiler_2,false,0.01
8382,387631.098985798,4.52481211391363e6,Cumberland,Manchester,chicken,layer,false,0.008
8383,366153.79793661,4.55419227937724e6,Cumberland,Avon-by-the-Sea,duck,conventional,false,0.002
8384,342915.606589121,4.52990572853016e6,Schuylkill,Brick,duck,conventional,false,0.002
8385,400191.02613681,4.61022737839801e6,Lycoming,Monroe,duck,conventional,false,0.0
8386,381844.193172191,4.60958124258655e6,Lycoming,Lindenwold,chicken,layer,false,0.01
8387,498142.205656635,4.70829602505011e6,Indiana,Allentown,chicken,broiler_2,false,0.036
8388,382020.741042832,4.63055480377349e6,Blair,Ho-Ho-Kus,chicken,broiler_1,false,0.016
8389,383305.440078014,4.50442206951641e6,Mifflin,Springfield,duck,conventional,false,0.0
8390,376122.217281691,4.57870995236197e6,Mercer,Bass River,chicken,layer,false,0.008
8391,457840.431718492,4.46520226471832e6,Luzerne,Cedar Grove,duck,conventional,false,0.002
8392,396182.538695967,4.49115751628254e6,Mifflin,Elmwood Park,duck,conventional,false,0.0
8393,431344.504036284,4.71806315524757e6,Lancaster,Chester,duck,conventional,false,0.002
8394,488197.863988802,4.51452191388044e6,Luzerne,Hardyston,duck,conventional,false,0.012
8395,457509.658926741,4.72422265851094e6,Indiana,Palisades Park,duck,organic,false,0.0
8396,366558.360241741,4.55070298341536e6,Cumberland,Avon-by-the-Sea,chicken,broiler_2,false,0.006
8397,479540.438734443,4.70877373483572e6,Indiana,Corbin City,duck,conventional,false,0.004
8398,469164.764979976,4.72284902015319e6,Indiana,Wall,duck,organic,false,0.002
8399,325107.947184225,4.56870490637462e6,Schuylkill,Audubon Park,chicken,broiler_1,false,0.014
8400,468075.524137332,4.6435552529e6,Allegheny,Brigantine,duck,conventional,false,0.008
8401,338455.499463396,4.53829878630038e6,Schuylkill,Potter,chicken,broiler_2,false,0.014
8402,421947.245930989,4.58844638173971e6,Lycoming,Island Heights,duck,organic,false,0.004
8403,474685.262928668,4.70081094931035e6,Indiana,Corbin City,chicken,broiler_1,true,0.0
8404,369313.225746437,4.58235112315096e6,Mercer,Clinton,duck,conventional,false,0.0
8405,354779.113880137,4.54226392981234e6,Schuylkill,Bethlehem,chicken,broiler_2,false,0.012
8406,372471.395929751,4.62034145827811e6,Mercer,Monmouth Beach,duck,conventional,false,0.002
8407,339072.293449522,4.53294225345658e6,Schuylkill,Hamburg,chicken,broiler_1,false,0.006
8408,465325.811411562,4.65102472941591e6,Allegheny,Oldmans,duck,conventional,false,0.004
8409,364989.778443754,4.57864790417342e6,Mercer,Ogdensburg,duck,conventional,false,0.004
8410,385031.61248128,4.53771830790063e6,Cumberland,Perkiomen,chicken,broiler_2,false,0.008
8411,492122.586544265,4.68390556656936e6,Allegheny,Farmingdale,chicken,broiler_2,false,0.026
8412,421175.69516882,4.58941133793089e6,Lycoming,Island Heights,duck,conventional,false,0.004
8413,363702.939786092,4.62044847981026e6,Mercer,Milltown,duck,conventional,false,0.004
8414,494060.536050457,4.49501514834325e6,Luzerne,Medford,chicken,broiler_2,false,0.01
8415,376200.030424396,4.62879383498366e6,Blair,Ho-Ho-Kus,duck,organic,false,0.0
8416,452805.821984514,4.48648921316926e6,Luzerne,Paulsboro,duck,conventional,false,0.004
8417,392140.70214532,4.64690957593221e6,Blair,Mantoloking,duck,conventional,false,0.0
8418,437252.611940098,4.61107357980608e6,Susquehanna,Newark,chicken,broiler_2,false,0.0
8419,473977.376493503,4.48361788918278e6,Luzerne,Haworth,duck,conventional,false,0.002
8420,423964.211775854,4.58401457803898e6,Lycoming,Limerick,chicken,layer,false,0.002
8421,336277.825614616,4.57385771077807e6,Schuylkill,State College,chicken,broiler_2,false,0.004
8422,450346.112612153,4.56856435493216e6,Berks,Taylor,chicken,broiler_1,false,0.024
8423,486274.049078798,4.65752660808849e6,Allegheny,Fair Haven,chicken,layer,false,0.042
8424,413090.782219321,4.48543747709183e6,Mifflin,River Vale,chicken,broiler_1,false,0.01
8425,474963.24532674,4.53949235122691e6,Berks,Irvington,chicken,broiler_2,false,0.038
8426,389339.821436565,4.53205701590418e6,Cumberland,Longport,duck,conventional,false,0.002
8427,421845.675091604,4.62061632521954e6,Fulton,Mine Hill,chicken,broiler_1,false,0.008
8428,462213.804377431,4.64178784705749e6,Allegheny,Brigantine,chicken,broiler_2,false,0.008
8429,388944.411281999,4.65185894957204e6,Blair,Glen Rock,duck,organic,false,0.006
8430,410498.447539316,4.61063625038132e6,Lycoming,Lebanon,chicken,broiler_2,false,0.004
8431,479049.277282781,4.51712776438741e6,Luzerne,Hardyston,chicken,broiler_2,false,0.02
8432,367705.676413158,4.63099741475906e6,Blair,Pompton Lakes,duck,conventional,false,0.004
8433,386473.124875071,4.61612718937476e6,Blair,Ventnor City,duck,conventional,false,0.002
8434,323829.224198269,4.62012666278829e6,Venango,Ridgewood Village,duck,conventional,false,0.004
8435,388259.953837045,4.64150362967998e6,Blair,Haddon Heights,duck,conventional,false,0.002
8436,380606.310937554,4.54797095797803e6,Cumberland,Somerdale,chicken,broiler_1,false,0.008
8437,489706.688234964,4.66457349996663e6,Allegheny,Colts Neck,chicken,broiler_2,false,0.028
8438,482267.577539525,4.51848892284517e6,Luzerne,Hardyston,duck,conventional,false,0.008
8439,325142.857912431,4.59031165551749e6,Venango,Port Republic,chicken,broiler_2,false,0.01
8440,385064.547363846,4.52982425017415e6,Cumberland,Millstone,duck,organic,false,0.006
8441,419046.556246231,4.71905246051562e6,Lancaster,Scotch Plains,duck,organic,false,0.0
8442,434940.180000858,4.72999538091762e6,Lancaster,Shiloh,duck,conventional,false,0.002
8443,432145.1813276,4.72215176339532e6,Lancaster,Shiloh,duck,organic,false,0.002
8444,357174.193587688,4.60432135564991e6,Mercer,Lopatcong,chicken,broiler_2,false,0.006
8445,479546.399829501,4.71312733296765e6,Indiana,Collingswood,chicken,broiler_2,false,0.03
8446,329588.916016473,4.58374104453318e6,Venango,Deptford,duck,conventional,false,0.002
8447,462604.817837779,4.57916520115258e6,Berks,Merion,duck,conventional,false,0.014
8448,487159.826816555,4.51775537525474e6,Luzerne,Hardyston,duck,conventional,false,0.014
8449,314842.897984072,4.57459474551641e6,Schuylkill,Victory Gardens,duck,conventional,false,0.0
8450,470932.743929203,4.68370219562939e6,Allegheny,Passaic,chicken,broiler_2,false,0.032
8451,471259.003598463,4.55692131514239e6,Berks,Barnegat Light,duck,conventional,false,0.012
8452,364346.062683689,4.53994970775789e6,Cumberland,Ferguson,duck,conventional,false,0.0
8453,391487.143993791,4.57839780946898e6,Cumberland,Interlaken,duck,conventional,false,0.002
8454,391392.784325582,4.63419604904559e6,Blair,Alloway,duck,conventional,false,0.0
8455,464057.096812637,4.51199926047343e6,Luzerne,Morrisville,duck,conventional,false,0.006
8456,430586.589645311,4.59410455876775e6,Lycoming,Ramsey,chicken,broiler_2,false,0.002
8457,458722.492282172,4.47818028079328e6,Luzerne,Tinton Falls,duck,conventional,false,0.006
8458,421319.721218721,4.70797839220375e6,Lancaster,Runnemede,chicken,broiler_2,false,0.004
8459,463106.117834368,4.71652082074718e6,Indiana,Morristown,duck,organic,false,0.006
8460,330485.408571063,4.54921590494368e6,Schuylkill,Kenilworth,chicken,broiler_1,false,0.012
8461,442612.088324001,4.59565685594891e6,Susquehanna,Frelinghuysen,chicken,broiler_2,false,0.032
8462,449626.870035225,4.47023815532291e6,Luzerne,Tullytown,chicken,broiler_2,false,0.006
8463,332934.973686932,4.57188113948237e6,Schuylkill,Audubon Park,duck,conventional,false,0.0
8464,480479.603626913,4.64949561610389e6,Allegheny,Spring Lake Heights,duck,conventional,false,0.014
8465,477364.849072137,4.51232516155974e6,Luzerne,Hardyston,chicken,broiler_2,false,0.02
8466,484012.720729966,4.46621742580015e6,Luzerne,Curtin,chicken,broiler_2,false,0.014
8467,374517.734665628,4.53189015126162e6,Cumberland,Pequannock,chicken,broiler_1,false,0.002
8468,465966.259765918,4.49340239564401e6,Luzerne,Fredon,duck,organic,false,0.006
8469,457849.552991406,4.73314560938919e6,Indiana,Ewing,duck,conventional,false,0.002
8470,386357.145268377,4.5549964965367e6,Cumberland,Magnolia,chicken,broiler_1,false,0.004
8471,316871.317445912,4.57957648935597e6,Venango,Weymouth,duck,conventional,false,0.004
8472,482437.760266938,4.7290725773827e6,Indiana,Wales,duck,organic,false,0.004
8473,328530.368112506,4.59467156182659e6,Venango,Laurel Springs,chicken,broiler_2,false,0.006
8474,479767.739998304,4.72491945425092e6,Indiana,Wales,chicken,broiler_2,false,0.024
8475,465998.560217695,4.65541285883614e6,Allegheny,Orange,duck,conventional,false,0.004
8476,466386.412320427,4.4697412804451e6,Luzerne,Union City,duck,conventional,false,0.0
8477,378775.546700788,4.66337289548175e6,Blair,Audubon,duck,conventional,false,0.006
8478,495847.976005225,4.67769092092807e6,Allegheny,Snow Shoe,chicken,layer,false,0.02
8479,493878.521434087,4.48077249672243e6,Luzerne,Medford,chicken,broiler_2,false,0.012
8480,466678.868012388,4.51252907170727e6,Luzerne,Morrisville,duck,conventional,false,0.002
8481,333725.532302481,4.5494245896956e6,Schuylkill,Kenilworth,duck,organic,false,0.0
8482,444030.263690653,4.69816808741813e6,Lancaster,Park Ridge,duck,conventional,false,0.0
8483,352902.737587749,4.56627294285097e6,Schuylkill,Allendale,chicken,broiler_1,false,0.01
8484,466224.229167028,4.47756568368734e6,Luzerne,Franklin,duck,conventional,false,0.002
8485,414407.404081675,4.71058144851389e6,Lancaster,Bloomingdale,chicken,layer,false,0.018
8486,456331.746125693,4.48598309684319e6,Luzerne,New Milford,chicken,broiler_1,false,0.01
8487,431449.673508127,4.60964432513298e6,Susquehanna,Commercial,chicken,broiler_2,false,0.006
8488,427728.512642919,4.6122202355064e6,Susquehanna,Commercial,chicken,broiler_1,false,0.006
8489,303373.747126461,4.61317828048455e6,Venango,Ambler,duck,conventional,false,0.006
8490,312567.437428788,4.62125219845612e6,Venango,Kinnelon,chicken,broiler_1,false,0.006
8491,339521.813240149,4.61281443870947e6,Venango,Maurice River,chicken,broiler_2,false,0.016
8492,432169.158512492,4.70141309154175e6,Lancaster,Phillipsburg,chicken,broiler_2,false,0.004
8493,434634.8188667,4.60521294390633e6,Susquehanna,Hackettstown,duck,conventional,false,0.0
8494,384157.119141649,4.52309985314559e6,Cumberland,Millstone,chicken,broiler_2,false,0.006
8495,360337.136721971,4.54378576862251e6,Cumberland,Ferguson,chicken,broiler_2,false,0.01
8496,433418.867122215,4.4799100381483e6,Luzerne,Douglass,duck,conventional,false,0.002
8497,462019.994259338,4.69275268134503e6,Indiana,Lakewood,chicken,broiler_2,false,0.036
8498,406057.450200133,4.48889973886835e6,Mifflin,Cresskill,duck,conventional,false,0.0
8499,398680.022644104,4.62662025898325e6,Blair,Woodbine,duck,conventional,false,0.002
8500,374049.309042957,4.54231664889379e6,Cumberland,Hackensack,duck,organic,false,0.0
8501,511539.989519354,4.67455510553703e6,Allegheny,Sea Isle City,chicken,broiler_1,false,0.052
8502,443820.873470433,4.60969408400354e6,Susquehanna,Langhorne,chicken,broiler_2,false,0.028
8503,415663.510713185,4.58147843755908e6,Lycoming,New York,chicken,broiler_1,false,0.002
8504,404090.42912616,4.58315371610012e6,Lycoming,Cheltenham,duck,conventional,false,0.008
8505,430762.624899606,4.58260064477837e6,Lycoming,Avalon,chicken,broiler_2,false,0.004
8506,478967.456947275,4.69221410457345e6,Indiana,Paterson,chicken,broiler_2,true,0.0
8507,442026.791601602,4.71598336961768e6,Lancaster,Pitman,duck,conventional,false,0.002
8508,328372.772796982,4.53385526829162e6,Schuylkill,Hamburg,duck,conventional,false,0.004
8509,376562.855608205,4.57689825573602e6,Cumberland,Windsor,duck,conventional,false,0.004
8510,329968.473171176,4.61778527895527e6,Venango,Red Bank,duck,conventional,false,0.004
8511,438441.201028485,4.48924672897384e6,Luzerne,Douglass,duck,organic,false,0.004
8512,391784.569817001,4.55992880654438e6,Cumberland,Moonachie,chicken,broiler_1,false,0.012
8513,505316.686129858,4.46744741796298e6,Luzerne,Riverdale,chicken,broiler_2,false,0.006
8514,317382.733804113,4.59221862088723e6,Venango,Northvale,chicken,broiler_2,false,0.006
8515,455635.147792958,4.46768393505848e6,Luzerne,Tullytown,chicken,broiler_1,false,0.006
8516,347903.609635871,4.57484724842677e6,Mercer,Lambertville,duck,conventional,false,0.002
8517,476253.854354417,4.71378240866449e6,Indiana,Collingswood,duck,conventional,false,0.014
8518,321381.0877193,4.55907267627904e6,Schuylkill,Glassboro,chicken,broiler_2,false,0.004
8519,464949.142761365,4.5403191860002e6,Berks,Jersey City,chicken,broiler_2,false,0.026
8520,396245.598477641,4.58535265821658e6,Lycoming,Hoboken,chicken,layer,false,0.008
8521,370624.526563315,4.51849999103822e6,Cumberland,Bergen,chicken,broiler_2,false,0.004
8522,447661.368019002,4.47138031726595e6,Luzerne,Woodstown,chicken,broiler_2,false,0.008
8523,391180.576022418,4.5542567795132e6,Cumberland,New Providence,duck,conventional,false,0.004
8524,379029.807471137,4.63113768071867e6,Blair,Ho-Ho-Kus,chicken,broiler_1,false,0.016
8525,428446.51339999,4.48171908074736e6,Mifflin,Hillside,duck,conventional,false,0.002
8526,388384.975120674,4.71161633949067e6,Lancaster,Florence,duck,conventional,false,0.004
8527,458917.683182347,4.57486012862343e6,Berks,Warren,duck,organic,false,0.004
8528,348660.148267122,4.5428407930011e6,Schuylkill,Highland Park,chicken,broiler_2,false,0.008
8529,453003.756250624,4.49122837864945e6,Luzerne,Paulsboro,chicken,broiler_2,false,0.012
8530,467645.161005265,4.54811803732691e6,Berks,Port Matilda,chicken,broiler_2,false,0.046
8531,481728.247042524,4.54020882063813e6,Berks,Irvington,duck,organic,false,0.01
8532,377068.697530247,4.59990232770926e6,Lycoming,Lindenwold,duck,conventional,false,0.002
8533,443918.650261518,4.73126884688826e6,Lancaster,Westville,chicken,broiler_2,false,0.016
8534,465790.441236954,4.49260234770662e6,Luzerne,Fredon,chicken,broiler_1,false,0.008
8535,374451.369406713,4.60782541557344e6,Mercer,Monmouth Beach,duck,conventional,false,0.002
8536,457365.884581354,4.46329199771022e6,Luzerne,Cedar Grove,chicken,broiler_2,false,0.012
8537,348152.190360109,4.54279729706026e6,Schuylkill,Highland Park,chicken,broiler_2,false,0.006
8538,478745.964403924,4.65345061316017e6,Allegheny,Spring Lake Heights,duck,organic,false,0.016
8539,297633.311343575,4.593759355878e6,Venango,Woodland Park,duck,conventional,false,0.002
8540,475456.016753154,4.6600770930741e6,Allegheny,Harris,duck,conventional,false,0.01
8541,328374.754806932,4.54512231071776e6,Schuylkill,Salem,chicken,broiler_1,false,0.008
8542,322482.620893199,4.61097580285666e6,Venango,New Brunswick,duck,conventional,false,0.0
8543,310439.650916818,4.62239097837494e6,Venango,Kinnelon,chicken,broiler_1,false,0.006
8544,361211.381174293,4.59608121254128e6,Mercer,Middle,duck,conventional,false,0.002
8545,428954.257144452,4.48505777828066e6,Mifflin,Hillside,duck,conventional,false,0.002
8546,500796.964914895,4.46517164256311e6,Luzerne,Riverdale,chicken,broiler_1,false,0.01
8547,357393.593750636,4.55444779152137e6,Schuylkill,Summit,chicken,broiler_1,false,0.006
8548,473072.250088896,4.6712657571116e6,Allegheny,Lacey,chicken,broiler_1,false,0.044
8549,469409.995534414,4.67121638671629e6,Allegheny,Lacey,chicken,layer,false,0.026
8550,467076.746437842,4.50369172702016e6,Luzerne,Fredon,chicken,broiler_1,false,0.036
8551,381483.425990019,4.50975749538781e6,Mifflin,Piscataway,duck,organic,false,0.002
8552,319540.306989498,4.57674875540458e6,Schuylkill,Victory Gardens,chicken,broiler_1,false,0.004
8553,367640.863992139,4.57307116779578e6,Mercer,Dunellen,duck,conventional,false,0.002
8554,413545.045643152,4.48908781320857e6,Mifflin,Margate City,duck,conventional,false,0.0
8555,389163.904100644,4.58920285197838e6,Lycoming,New Hanover,chicken,broiler_2,false,0.012
8556,368160.006513232,4.63053950104517e6,Blair,Pompton Lakes,chicken,broiler_1,false,0.014
8557,452059.905750528,4.5835577757214e6,Susquehanna,Sea Girt,duck,conventional,false,0.0
8558,445381.796433446,4.48733219441813e6,Luzerne,Paulsboro,duck,conventional,false,0.002
8559,465152.208166847,4.54342189573596e6,Berks,Rutherford,duck,conventional,false,0.008
8560,379673.014966355,4.53346129575278e6,Cumberland,Perkiomen,duck,conventional,false,0.0
8561,315114.727335899,4.58399373872426e6,Venango,Port Republic,chicken,broiler_2,false,0.008
8562,401861.273089429,4.56900769179275e6,Cumberland,Estell Manor,duck,conventional,false,0.002
8563,310228.329165749,4.6153172110835e6,Venango,Kinnelon,duck,conventional,false,0.0
8564,478475.516572563,4.49575581957156e6,Luzerne,Pine Hill,duck,conventional,false,0.012
8565,437410.5118908,4.69797861556149e6,Lancaster,Union Beach,duck,conventional,false,0.0
8566,473214.6707868,4.57191011293121e6,Berks,Warren,chicken,layer,false,0.036
8567,379563.105306028,4.54898123782162e6,Cumberland,Somerdale,chicken,broiler_2,false,0.014
8568,488312.614742637,4.66601083195205e6,Allegheny,Colts Neck,duck,conventional,false,0.006
8569,477871.077123325,4.50362950063281e6,Luzerne,Fredon,duck,conventional,false,0.008
8570,415754.403543184,4.49669396691105e6,Mifflin,Folsom,chicken,broiler_1,false,0.016
8571,339827.453040864,4.60682261932828e6,Venango,River Edge,duck,conventional,false,0.006
8572,390142.590617796,4.64568192963491e6,Blair,Mantoloking,chicken,broiler_1,false,0.012
8573,403804.359707938,4.60567968826066e6,Lycoming,Monroe,duck,organic,false,0.0
8574,418333.273215888,4.58134478645575e6,Lycoming,Califon,duck,conventional,false,0.004
8575,472529.020227636,4.51101687912836e6,Luzerne,Hardyston,chicken,broiler_2,false,0.026
8576,314887.969538312,4.57591719182305e6,Venango,Weymouth,duck,conventional,false,0.002
8577,459400.825840781,4.70807384107495e6,Indiana,Brielle,duck,conventional,false,0.004
8578,340300.590196169,4.57859440715004e6,Mercer,Chalfont,duck,conventional,false,0.006
8579,449534.688369029,4.48247711302693e6,Luzerne,Paulsboro,chicken,broiler_2,false,0.012
8580,359691.694728321,4.59788013618095e6,Mercer,Middle,duck,organic,false,0.002
8581,388573.521733366,4.66387979827645e6,Blair,Denville,duck,conventional,false,0.002
8582,441399.523852982,4.71844805147641e6,Lancaster,Matawan,chicken,broiler_2,false,0.01
8583,400767.54631734,4.69458730151039e6,Lancaster,Waldwick,chicken,broiler_2,false,0.004
8584,390763.216742984,4.5597204266175e6,Cumberland,Moonachie,chicken,broiler_2,false,0.01
8585,357635.31537258,4.54573828615212e6,Schuylkill,Bethlehem,duck,conventional,false,0.004
8586,497987.536835861,4.47957638292315e6,Luzerne,Old Bridge,chicken,broiler_2,false,0.018
8587,386025.29334895,4.52193853138747e6,Cumberland,Spring Lake,duck,organic,false,0.004
8588,469543.284807836,4.71845022286229e6,Indiana,Wall,chicken,broiler_1,false,0.022
8589,393507.276703037,4.62089914595905e6,Blair,Hopatcong,duck,conventional,false,0.002
8590,304462.21141806,4.61492043683706e6,Venango,Ambler,duck,conventional,false,0.0
8591,447263.045596919,4.70920949685145e6,Indiana,Little Ferry,chicken,broiler_2,false,0.032
8592,391660.335772423,4.58287902452948e6,Lycoming,Hoboken,chicken,broiler_2,false,0.014
8593,449153.867874365,4.47435795889828e6,Luzerne,Woodstown,chicken,broiler_2,false,0.01
8594,359009.912647721,4.5677778905989e6,Mercer,Dunellen,duck,organic,false,0.002
8595,479099.802532538,4.73294979551313e6,Indiana,Sandyston,duck,organic,false,0.012
8596,450125.15809563,4.58278521993234e6,Susquehanna,Moorestown,duck,organic,false,0.002
8597,357870.02267364,4.63257502491576e6,Blair,Somerville,chicken,broiler_1,false,0.008
8598,425565.148641927,4.69529908611052e6,Lancaster,Raritan,duck,organic,false,0.004
8599,343439.446704101,4.55813014949477e6,Schuylkill,Dover,duck,organic,false,0.0
8600,434402.981281687,4.72686938130463e6,Lancaster,Shiloh,chicken,broiler_2,false,0.01
8601,386504.888546918,4.60145242243952e6,Lycoming,Swedesboro,chicken,broiler_2,false,0.008
8602,444439.067429597,4.48683548608949e6,Luzerne,Paulsboro,chicken,broiler_2,false,0.01
8603,470608.19495989,4.70590871783662e6,Indiana,Boonton,duck,conventional,false,0.002
8604,328838.967580693,4.60279344184193e6,Venango,Laurel Springs,chicken,layer,false,0.008
8605,383915.106147409,4.53215016584936e6,Cumberland,Shrewsbury,duck,conventional,false,0.004
8606,482611.41217467,4.6944600192423e6,Indiana,Buena Vista,duck,conventional,false,0.002
8607,337879.863540116,4.58075381299962e6,Mercer,Chalfont,chicken,broiler_2,false,0.006
8608,444080.463409822,4.58327484644787e6,Susquehanna,Moorestown,chicken,broiler_1,false,0.042
8609,472142.832697409,4.72104717796673e6,Indiana,Wall,duck,organic,false,0.006
8610,497489.955971681,4.48330970147286e6,Luzerne,Medford,chicken,broiler_2,false,0.006
8611,373170.065732401,4.61255299286108e6,Mercer,Monmouth Beach,duck,conventional,false,0.004
8612,410780.117332375,4.60702235366825e6,Lycoming,Haddonfield,chicken,broiler_2,false,0.008
8613,336621.615825159,4.56907715412605e6,Schuylkill,State College,duck,conventional,false,0.0
8614,392374.768337096,4.60757540788494e6,Lycoming,Haledon,chicken,broiler_1,false,0.008
8615,416660.830759759,4.69587602926893e6,Lancaster,Raritan,chicken,broiler_1,false,0.014
8616,452939.854840492,4.47434930311777e6,Luzerne,Woodstown,duck,conventional,false,0.0
8617,316100.185204968,4.57272199627928e6,Schuylkill,Victory Gardens,chicken,layer,false,0.002
8618,471617.691006908,4.73074483466356e6,Indiana,Sandyston,chicken,broiler_1,false,0.028
8619,447170.647961382,4.61277204665557e6,Susquehanna,Stone Harbor,chicken,broiler_1,false,0.03
8620,398226.552982372,4.49026294540657e6,Mifflin,Jamesburg,duck,conventional,false,0.0
8621,463667.716365377,4.46270235411308e6,Luzerne,Prospect Park,chicken,broiler_2,false,0.006
8622,390175.418028794,4.51429164193711e6,Mifflin,Netcong,chicken,broiler_2,false,0.008
8623,399281.19014237,4.68519096316611e6,Lancaster,Kearny,duck,conventional,false,0.0
8624,374103.771323396,4.63820043934318e6,Blair,Stillwater,chicken,broiler_2,false,0.018
8625,327849.533509333,4.57413637832366e6,Schuylkill,Audubon Park,chicken,broiler_2,false,0.008
8626,485125.000778865,4.6957405077887e6,Indiana,Stockton,duck,conventional,false,0.0
8627,390794.302379928,4.66154769958657e6,Blair,Denville,chicken,broiler_2,false,0.006
8628,447164.903668139,4.70414902045683e6,Lancaster,Maplewood,duck,conventional,false,0.008
8629,308036.662152464,4.56250054497953e6,Schuylkill,Worth,duck,conventional,false,0.004
8630,365023.355851504,4.54622803565346e6,Cumberland,Ferguson,duck,conventional,false,0.002
8631,373199.649137908,4.60130047313348e6,Lycoming,Lindenwold,chicken,broiler_2,false,0.008
8632,431288.625637024,4.7008487142131e6,Lancaster,Phillipsburg,duck,conventional,false,0.0
8633,434766.59669572,4.7228829833472e6,Lancaster,Shiloh,chicken,layer,false,0.01
8634,397343.420561205,4.59791891781736e6,Lycoming,Woolwich,duck,conventional,false,0.0
8635,466971.312336315,4.65006412466993e6,Allegheny,Marlborough,duck,organic,false,0.006
8636,453925.819240865,4.70158424080836e6,Lancaster,Maplewood,duck,conventional,false,0.01
8637,493967.707993512,4.69982305584085e6,Indiana,Glen Gardner,chicken,broiler_2,false,0.026
8638,476199.259586588,4.68144257634382e6,Indiana,Ship Bottom,duck,conventional,false,0.01
8639,429539.120885034,4.49261967647253e6,Mifflin,Sussex,chicken,broiler_1,false,0.01
8640,377078.486061453,4.56813961274624e6,Cumberland,Jenkintown,chicken,broiler_2,false,0.006
8641,387976.530301186,4.58120329796809e6,Cumberland,Interlaken,chicken,broiler_1,false,0.018
8642,479030.718361541,4.68936966975993e6,Indiana,Paterson,duck,conventional,false,0.01
8643,385047.693935189,4.62700073435292e6,Blair,Butler,chicken,broiler_2,false,0.004
8644,437547.472267566,4.60778723662593e6,Susquehanna,Newark,duck,conventional,false,0.002
8645,461251.408129622,4.71043652160123e6,Indiana,Brielle,duck,conventional,false,0.0
8646,384694.439799726,4.63598445931453e6,Blair,Ho-Ho-Kus,duck,conventional,false,0.0
8647,459418.82776799,4.71005010289517e6,Indiana,Brielle,duck,conventional,false,0.004
8648,373933.026671138,4.54396903309184e6,Cumberland,Bergenfield,chicken,broiler_1,false,0.008
8649,470805.432218925,4.61231394213189e6,Susquehanna,Nutley,duck,conventional,false,0.012
8650,484053.954602664,4.48278106100211e6,Luzerne,Medford,duck,conventional,false,0.004
8651,347999.073177081,4.61914309589831e6,Mercer,Atlantic City,duck,organic,false,0.0
8652,323845.505055769,4.55164224399766e6,Schuylkill,Oaklyn,duck,conventional,false,0.0
8653,409086.095794657,4.71930755020775e6,Lancaster,High Bridge,duck,conventional,false,0.002
8654,334090.336863685,4.60038428241476e6,Venango,Tewksbury,duck,conventional,false,0.002
8655,369567.199258719,4.55568678318016e6,Cumberland,Avon-by-the-Sea,duck,conventional,false,0.002
8656,409269.762570955,4.70610879718721e6,Lancaster,Skippack,chicken,broiler_2,false,0.012
8657,332315.578037003,4.58821857040755e6,Venango,Clark,duck,conventional,false,0.002
8658,459699.811907983,4.64604714189196e6,Allegheny,Brigantine,chicken,broiler_2,false,0.02
8659,486727.581002402,4.46029233676868e6,Luzerne,Curtin,chicken,broiler_1,false,0.004
8660,327897.757613249,4.55201760191129e6,Schuylkill,Rahway,chicken,broiler_2,false,0.014
8661,431001.053971792,4.70919764626475e6,Lancaster,Bay Head,duck,conventional,false,0.002
8662,339638.152291627,4.62354821476921e6,Venango,Red Bank,duck,organic,false,0.0
8663,489759.174558187,4.66351277389941e6,Allegheny,Colts Neck,duck,conventional,false,0.006
8664,333102.088931765,4.5757781013907e6,Schuylkill,State College,duck,conventional,false,0.006
8665,388455.111020065,4.64704356495919e6,Blair,Riverside,chicken,layer,false,0.006
8666,438834.457374028,4.5846623232632e6,Susquehanna,Lumberton,chicken,broiler_2,false,0.026
8667,389636.07394624,4.61293800624896e6,Lycoming,Swedesboro,chicken,broiler_2,false,0.008
8668,345255.767860719,4.60580378759944e6,Venango,Maurice River,duck,conventional,false,0.0
8669,388419.000025436,4.66221073402191e6,Blair,Denville,chicken,broiler_2,false,0.012
8670,313575.113445711,4.62228107657923e6,Venango,Kinnelon,chicken,broiler_2,false,0.016
8671,454685.289166648,4.70103023985252e6,Lancaster,Maplewood,duck,conventional,false,0.006
8672,400198.740318984,4.60615505946562e6,Lycoming,Monroe,chicken,layer,false,0.01
8673,386507.654081551,4.58571747866512e6,Mercer,Bass River,chicken,broiler_2,false,0.012
8674,365405.454319363,4.60239991756881e6,Mercer,Lopatcong,chicken,layer,false,0.008
8675,445865.322467999,4.58585426204956e6,Susquehanna,Flemington,chicken,broiler_1,false,0.028
8676,390961.516272932,4.51739928686849e6,Mifflin,Netcong,chicken,broiler_1,false,0.01
8677,406928.560647283,4.59752004311233e6,Lycoming,National Park,chicken,broiler_2,false,0.004
8678,404971.882402219,4.4816587876591e6,Mifflin,Roosevelt,duck,conventional,false,0.002
8679,437775.118689904,4.4851203614097e6,Luzerne,Douglass,chicken,broiler_2,false,0.008
8680,480723.126287907,4.53096439815767e6,Berks,Middlesex,chicken,broiler_1,false,0.046
8681,374236.718370435,4.65861382848135e6,Blair,Bradley Beach,chicken,broiler_2,false,0.008
8682,460313.468114232,4.61418947876011e6,Susquehanna,Montague,chicken,broiler_2,false,0.04
8683,463754.584603826,4.45760446846951e6,Luzerne,Prospect Park,duck,organic,false,0.006
8684,377054.311415848,4.61833763170102e6,Blair,Pottsgrove,chicken,broiler_2,false,0.012
8685,491613.44504632,4.7171806425055e6,Indiana,Berkeley,duck,conventional,false,0.012
8686,452061.693123969,4.45607399815465e6,Luzerne,Lakehurst,chicken,broiler_2,false,0.004
8687,434342.874306539,4.71057621786654e6,Lancaster,Pitman,duck,organic,false,0.0
8688,435389.291811772,4.49165691417946e6,Mifflin,Sussex,chicken,broiler_2,false,0.006
8689,372869.251406198,4.58413865851047e6,Mercer,Greenville,duck,conventional,false,0.0
8690,402429.160401992,4.48326854898584e6,Mifflin,Roosevelt,chicken,broiler_2,false,0.008
8691,447709.027598171,4.57455848652484e6,Susquehanna,Kingwood,duck,conventional,false,0.0
8692,416628.381267332,4.49480562828034e6,Mifflin,Middletown,duck,conventional,false,0.002
8693,394513.329062835,4.56956408811155e6,Cumberland,Bridgeton,chicken,broiler_2,false,0.012
8694,472822.487963654,4.65993066249346e6,Allegheny,Orange,duck,conventional,false,0.01
8695,300468.359956215,4.60052992072453e6,Venango,Eastampton,duck,conventional,false,0.002
8696,432036.085031455,4.60235807520904e6,Susquehanna,Palmyra,duck,conventional,false,0.0
8697,309584.471294632,4.62097809529179e6,Venango,Kinnelon,duck,conventional,false,0.002
8698,365117.280597014,4.5698684325543e6,Mercer,Dunellen,chicken,broiler_2,false,0.01
8699,416234.661409904,4.60272338478554e6,Lycoming,Cranbury,duck,organic,false,0.0
8700,337928.135109494,4.5862620139346e6,Mercer,Chalfont,duck,conventional,false,0.006
8701,391441.840544713,4.56685441756949e6,Cumberland,Frederick,chicken,broiler_2,false,0.014
8702,463472.696995576,4.71662904618481e6,Indiana,Morristown,duck,conventional,false,0.004
8703,498626.441860985,4.47806431571659e6,Luzerne,Old Bridge,duck,organic,false,0.002
8704,373536.833668752,4.55070185751488e6,Cumberland,Bergenfield,duck,conventional,false,0.0
8705,472371.500552439,4.6803443615816e6,Indiana,Ship Bottom,duck,conventional,false,0.004
8706,348565.957553579,4.62329027177876e6,Mercer,Atlantic City,chicken,broiler_2,false,0.006
8707,313065.484566951,4.55370302504496e6,Schuylkill,Glassboro,chicken,layer,false,0.012
8708,385504.454720825,4.54965037138925e6,Cumberland,Somerdale,chicken,broiler_2,false,0.002
8709,461494.436794714,4.60447959322709e6,Susquehanna,Pennsauken,chicken,broiler_1,false,0.048
8710,369424.302175645,4.62467668015002e6,Blair,Pompton Lakes,chicken,broiler_2,false,0.006
8711,477672.410412256,4.68450264943363e6,Indiana,Ship Bottom,chicken,broiler_1,false,0.022
8712,381891.170592142,4.58602362091486e6,Mercer,Bass River,duck,conventional,false,0.0
8713,377928.27013424,4.59878737423172e6,Lycoming,Delran,chicken,broiler_2,false,0.008
8714,458082.046993126,4.70338402039247e6,Indiana,Pilesgrove,chicken,broiler_2,false,0.028
8715,370348.817007723,4.65448276002812e6,Blair,Bradley Beach,duck,conventional,false,0.008
8716,465633.218944667,4.56150903575338e6,Berks,Barnegat Light,duck,conventional,false,0.002
8717,314080.189041229,4.57702369821394e6,Venango,Weymouth,duck,conventional,false,0.0
8718,453464.411955999,4.45628201133313e6,Luzerne,Lakehurst,duck,conventional,false,0.004
8719,332210.16021971,4.57080924211626e6,Schuylkill,Audubon Park,chicken,broiler_2,false,0.008
8720,464982.598761303,4.56447606611916e6,Berks,Barnegat Light,duck,conventional,false,0.006
8721,445192.729492629,4.58137997332094e6,Susquehanna,Moorestown,duck,conventional,false,0.008
8722,347895.644054731,4.5832945325995e6,Mercer,Atlantic Highlands,duck,conventional,false,0.006
8723,399957.854081748,4.71645733797458e6,Lancaster,Plumsted,chicken,broiler_2,false,0.01
8724,499539.316991444,4.47623792394702e6,Luzerne,Old Bridge,duck,conventional,false,0.006
8725,388883.430919219,4.7066566251551e6,Lancaster,Florence,duck,conventional,false,0.0
8726,459420.307415451,4.47050105675821e6,Luzerne,Union City,chicken,broiler_2,false,0.012
8727,457151.3220992,4.50147856337138e6,Luzerne,Gwynedd,chicken,broiler_2,false,0.01
8728,402886.284700754,4.70455033134882e6,Lancaster,Skippack,duck,conventional,false,0.002
8729,454146.614767751,4.70286508182595e6,Lancaster,Maplewood,chicken,broiler_2,false,0.02
8730,483629.658490391,4.69315857098052e6,Indiana,Buena Vista,duck,conventional,false,0.0
8731,379289.192216917,4.52507857014623e6,Cumberland,Bound Brook,duck,conventional,false,0.0
8732,419852.593431578,4.58914806762202e6,Lycoming,Maple Shade,chicken,broiler_2,false,0.006
8733,428852.438430099,4.48145012659506e6,Mifflin,Hillside,chicken,broiler_2,false,0.008
8734,376180.220564626,4.60426717283598e6,Lycoming,Lindenwold,duck,conventional,false,0.0
8735,388833.714614929,4.61769173654329e6,Blair,Ventnor City,duck,conventional,false,0.0
8736,441701.722701506,4.70896294625312e6,Indiana,Woodcliff Lake,chicken,broiler_2,false,0.002
8737,456772.653537599,4.56982311554303e6,Berks,Stow Creek,duck,organic,false,0.004
8738,362960.444413279,4.60473402631249e6,Mercer,Lopatcong,duck,conventional,false,0.002
8739,377452.427013242,4.54337038722475e6,Cumberland,Hackensack,duck,conventional,false,0.0
8740,440474.175882343,4.4812999814747e6,Luzerne,Douglass,chicken,broiler_2,false,0.002
8741,476049.22275972,4.73045096569919e6,Indiana,Sandyston,duck,organic,false,0.008
8742,497645.317421302,4.67914177520145e6,Allegheny,Snow Shoe,chicken,broiler_2,false,0.058
8743,492209.819470313,4.49341618006093e6,Luzerne,Medford,chicken,broiler_2,false,0.038
8744,440323.103125904,4.72032683150811e6,Lancaster,Matawan,duck,conventional,false,0.002
8745,490440.388747007,4.50414964143843e6,Luzerne,Teaneck,chicken,layer,true,0.0
8746,464985.662585849,4.5414132323125e6,Berks,Jersey City,chicken,broiler_2,false,0.036
8747,338143.766425601,4.54075713423018e6,Schuylkill,Potter,chicken,broiler_1,false,0.014
8748,351794.917151698,4.54759305549214e6,Schuylkill,Englewood Cliffs,chicken,broiler_2,false,0.014
8749,424028.710777132,4.7253376875834e6,Lancaster,Scotch Plains,duck,conventional,false,0.0
8750,484122.957287208,4.65530932152047e6,Allegheny,Fair Haven,chicken,broiler_2,false,0.044
8751,467940.168731948,4.51400888223278e6,Luzerne,Morrisville,chicken,broiler_2,false,0.042
8752,466289.226504489,4.64736842564004e6,Allegheny,Brigantine,chicken,broiler_2,true,0.0
8753,469481.897203248,4.50845759184833e6,Luzerne,Morrisville,duck,conventional,false,0.006
8754,395126.283144168,4.67780313635196e6,Blair,Jefferson,duck,conventional,false,0.0
8755,493527.487831833,4.685182768872e6,Allegheny,Farmingdale,chicken,broiler_2,false,0.02
8756,390124.814322593,4.64610290661062e6,Blair,Asbury Park,chicken,broiler_2,false,0.002
8757,371991.231614354,4.63278813196208e6,Blair,Pompton Lakes,duck,conventional,false,0.0
8758,471056.149192826,4.4633207374481e6,Luzerne,Norristown,chicken,broiler_2,false,0.01
8759,483104.049661912,4.69517422240696e6,Indiana,Stockton,duck,conventional,false,0.008
8760,470385.629877128,4.50325979161346e6,Luzerne,Fredon,chicken,broiler_1,false,0.038
8761,387194.822636829,4.60980361420592e6,Lycoming,Swedesboro,chicken,broiler_1,false,0.006
8762,372577.76912322,4.66071750607141e6,Blair,Bradley Beach,duck,organic,false,0.0
8763,458382.840996341,4.47762329268066e6,Luzerne,Tinton Falls,duck,conventional,false,0.0
8764,316470.201787854,4.60525891944921e6,Venango,Eatontown,chicken,broiler_2,false,0.006
8765,360929.163311383,4.54832621592726e6,Schuylkill,Hillsborough,chicken,broiler_2,false,0.006
8766,329552.542247724,4.61445049338391e6,Venango,Wildwood,duck,conventional,false,0.0
8767,447951.248998684,4.5809301642789e6,Susquehanna,Moorestown,chicken,broiler_1,false,0.018
8768,361920.731478788,4.58806839627377e6,Mercer,Newton,duck,conventional,false,0.002
8769,370129.260146501,4.61130538355312e6,Mercer,Monmouth Beach,duck,conventional,false,0.0
8770,340497.024267741,4.56482244891488e6,Schuylkill,State College,chicken,broiler_2,false,0.004
8771,412676.613109984,4.71672339507584e6,Lancaster,Bloomingdale,duck,conventional,false,0.004
8772,468926.427928005,4.73103318551958e6,Indiana,Lawrence,chicken,broiler_1,false,0.04
8773,424587.329994129,4.69569624636965e6,Lancaster,Raritan,duck,conventional,false,0.002
8774,463461.494577409,4.56462277668681e6,Berks,Barnegat Light,chicken,broiler_2,false,0.032
8775,376764.917807287,4.53052311792532e6,Cumberland,Pequannock,duck,conventional,false,0.002
8776,372644.9823482,4.55744754635705e6,Cumberland,Avon-by-the-Sea,chicken,layer,false,0.016
8777,469712.787646381,4.52238698455232e6,Berks,Warwick,chicken,broiler_2,false,0.024
8778,459100.870247339,4.64509053300719e6,Allegheny,Union,chicken,broiler_2,false,0.026
8779,351590.14154636,4.58601285452859e6,Mercer,Atlantic Highlands,chicken,broiler_1,false,0.0
8780,345039.351912981,4.55266263650964e6,Schuylkill,Independence,duck,conventional,false,0.0
8781,377363.399154221,4.51703648838977e6,Cumberland,Wyckoff,duck,conventional,false,0.0
8782,435862.186614119,4.72615395918996e6,Lancaster,Shiloh,chicken,broiler_1,false,0.008
8783,417652.89840195,4.48747760213681e6,Mifflin,Margate City,duck,organic,false,0.0
8784,391445.668355022,4.60662591520281e6,Lycoming,Haledon,chicken,broiler_2,false,0.006
8785,436091.836080513,4.48345840472548e6,Luzerne,Douglass,chicken,layer,false,0.012
8786,363490.408373383,4.61110954873207e6,Mercer,Deerfield,duck,conventional,false,0.0
8787,320836.418660601,4.61692584131766e6,Venango,Moreland,chicken,broiler_2,false,0.008
8788,307421.33751751,4.59929887221992e6,Venango,Eastampton,chicken,broiler_2,false,0.014
8789,396562.412373743,4.58691234402862e6,Lycoming,Hoboken,duck,conventional,false,0.0
8790,473306.684402341,4.55836998097402e6,Berks,Barnegat Light,duck,organic,false,0.01
8791,358711.377642147,4.6307457973493e6,Blair,Somerville,chicken,broiler_2,false,0.008
8792,474381.224486713,4.65764602710377e6,Allegheny,Harris,duck,conventional,false,0.012
8793,351298.402455661,4.54060147966999e6,Schuylkill,Bloomfield,duck,conventional,false,0.0
8794,487704.925984796,4.49076292600409e6,Luzerne,Medford,chicken,broiler_2,false,0.042
8795,461584.15275592,4.4695635469867e6,Luzerne,Union City,chicken,broiler_2,false,0.006
8796,420655.346626231,4.71529100824312e6,Lancaster,Howell,duck,organic,false,0.002
8797,392929.774214398,4.58481664954512e6,Lycoming,Hoboken,chicken,broiler_2,false,0.01
8798,359737.748552401,4.60790699803121e6,Mercer,Lopatcong,duck,conventional,false,0.0
8799,479781.079151998,4.72725846457329e6,Indiana,Sandyston,duck,organic,false,0.004
8800,456598.779478813,4.59006819560281e6,Susquehanna,Sea Girt,duck,conventional,false,0.014
8801,417097.260244679,4.70181994608801e6,Lancaster,Mount Ephraim,duck,organic,false,0.0
8802,378067.525001747,4.58404128286302e6,Mercer,Greenville,duck,conventional,false,0.0
8803,472530.611074894,4.64631027045904e6,Allegheny,Marlborough,chicken,broiler_1,false,0.026
8804,330878.7004762,4.56521570071308e6,Schuylkill,Audubon Park,duck,conventional,false,0.0
8805,353741.39666214,4.54017677010626e6,Schuylkill,Bloomfield,chicken,broiler_2,false,0.016
8806,484881.047605652,4.48836109581009e6,Luzerne,Pine Hill,duck,conventional,false,0.002
8807,455090.648624036,4.48414678642934e6,Luzerne,New Milford,duck,organic,false,0.004
8808,340287.588746742,4.5772757126027e6,Mercer,Chalfont,duck,conventional,false,0.002
8809,483686.422792564,4.49938037206007e6,Luzerne,Fredon,duck,conventional,false,0.002
8810,399511.461651624,4.71310820476184e6,Lancaster,Plumsted,chicken,broiler_1,false,0.006
8811,376636.985584636,4.63228492248124e6,Blair,Ho-Ho-Kus,chicken,broiler_2,false,0.004
8812,409784.72733257,4.70365049419733e6,Lancaster,Skippack,chicken,broiler_2,false,0.006
8813,385591.136111481,4.55032630239569e6,Cumberland,Somerdale,duck,conventional,false,0.004
8814,316553.829149239,4.57169282929947e6,Schuylkill,Victory Gardens,duck,conventional,false,0.002
8815,413966.11672986,4.71529204963586e6,Lancaster,Howell,duck,conventional,false,0.0
8816,408881.448880337,4.57829045773151e6,Lycoming,Marlboro,chicken,broiler_2,false,0.01
8817,322997.754506429,4.61836345259903e6,Venango,Ridgewood Village,chicken,broiler_2,false,0.012
8818,454389.942183362,4.69655470911974e6,Indiana,Nockamixon,chicken,broiler_2,false,0.026
8819,324126.76510217,4.55925193941057e6,Schuylkill,Frenchtown,duck,conventional,false,0.004
8820,392993.140466309,4.59742033597077e6,Lycoming,Readington,duck,conventional,false,0.0
8821,388481.176703581,4.50626543245448e6,Mifflin,Englishtown,duck,conventional,false,0.002
8822,372294.814245087,4.61732003282101e6,Mercer,Monmouth Beach,duck,organic,false,0.0
8823,401022.215165584,4.60382810462446e6,Lycoming,Monroe,chicken,broiler_2,false,0.01
8824,453372.704899674,4.62749103463671e6,Susquehanna,Cape May Point,duck,conventional,false,0.008
8825,456965.38327152,4.731328702438e6,Indiana,Milford,chicken,broiler_2,false,0.044
8826,384163.350174912,4.54571863819024e6,Cumberland,Somerdale,chicken,broiler_1,false,0.014
8827,416258.915360648,4.57854412585758e6,Lycoming,New York,chicken,broiler_2,false,0.006
8828,315165.379065219,4.58968801311753e6,Venango,Port Republic,duck,conventional,false,0.004
8829,388345.73945964,4.71066161590034e6,Lancaster,Florence,chicken,broiler_2,false,0.016
8830,473501.595188948,4.49425265908009e6,Luzerne,Fredon,chicken,broiler_1,false,0.038
8831,468684.466945163,4.58799432034552e6,Berks,Merion,chicken,broiler_2,false,0.046
8832,447503.651567898,4.48889613800859e6,Luzerne,Paulsboro,chicken,broiler_1,false,0.008
8833,488560.005754742,4.47710782857668e6,Luzerne,Merchantville,chicken,broiler_2,false,0.018
8834,468385.43965375,4.64145213569643e6,Allegheny,Brigantine,duck,conventional,false,0.004
8835,430806.262495497,4.72307524864544e6,Lancaster,Chester,chicken,broiler_2,false,0.006
8836,417319.351670553,4.59570517060335e6,Lycoming,Cranbury,duck,conventional,false,0.0
8837,337660.694456833,4.56213051116063e6,Schuylkill,Watchung,chicken,broiler_2,false,0.01
8838,416847.739443317,4.72634894979563e6,Lancaster,Scotch Plains,duck,conventional,false,0.0
8839,473429.383619522,4.70299401996696e6,Indiana,Hanover,chicken,broiler_2,false,0.032
8840,341520.684749939,4.59821611164203e6,Venango,Tewksbury,chicken,layer,false,0.012
8841,410529.036538425,4.58973352961086e6,Lycoming,Montclair,chicken,broiler_2,false,0.01
8842,434316.54207508,4.7236029299434e6,Lancaster,Shiloh,duck,conventional,false,0.0
8843,330298.063193804,4.556448518444e6,Schuylkill,Rahway,chicken,broiler_2,false,0.01
8844,359650.231531416,4.60226528753664e6,Mercer,Lopatcong,duck,organic,false,0.004
8845,486909.751634375,4.65616475456921e6,Allegheny,Fair Haven,duck,conventional,false,0.0
8846,444176.431775338,4.48374796935199e6,Luzerne,Paulsboro,chicken,broiler_2,false,0.006
8847,504539.629151475,4.46913546954711e6,Luzerne,Riverdale,chicken,broiler_2,false,0.012
8848,367537.415901712,4.64499462668012e6,Blair,Woodbury,duck,conventional,false,0.0
8849,338884.66283783,4.5954919927827e6,Venango,Tewksbury,chicken,broiler_2,false,0.002
8850,380836.543879416,4.54746438966247e6,Cumberland,Somerdale,duck,conventional,false,0.004
8851,374122.30821017,4.55508321269959e6,Cumberland,Avon-by-the-Sea,chicken,broiler_1,false,0.006
8852,422766.169048529,4.58471111767948e6,Lycoming,Limerick,chicken,broiler_1,false,0.004
8853,475145.856005085,4.5202570686103e6,Luzerne,Hardyston,chicken,broiler_2,false,0.042
8854,491596.580552563,4.48344663891525e6,Luzerne,Medford,duck,conventional,false,0.002
8855,371398.947789409,4.63506501408124e6,Blair,Pompton Lakes,duck,conventional,false,0.0
8856,342689.03292607,4.62290691589063e6,Venango,Totowa,duck,conventional,false,0.008
8857,343667.62094177,4.53774112141273e6,Schuylkill,Highland Park,duck,conventional,false,0.004
8858,439636.110381614,4.6257416442704e6,Fulton,Green Lane,duck,conventional,false,0.004
8859,413112.095344936,4.48936132035008e6,Mifflin,Margate City,duck,conventional,false,0.004
8860,308976.201863572,4.55784271315966e6,Schuylkill,Worth,chicken,broiler_2,false,0.008
8861,329678.413865542,4.57749521275086e6,Schuylkill,Audubon Park,duck,conventional,false,0.002
8862,314745.641255986,4.61840221713273e6,Venango,Kinnelon,duck,conventional,false,0.0
8863,443255.125771852,4.72413497103915e6,Lancaster,Matawan,chicken,broiler_1,false,0.006
8864,401625.120614019,4.4881712782961e6,Mifflin,Jamesburg,chicken,broiler_1,false,0.012
8865,464879.707811146,4.64195232301629e6,Allegheny,Brigantine,duck,conventional,false,0.006
8866,469255.090526359,4.72026345616987e6,Indiana,Wall,duck,organic,false,0.0
8867,327613.633801976,4.58689978735814e6,Venango,Clark,chicken,broiler_2,false,0.0
8868,385793.158269073,4.51676245960166e6,Cumberland,Spring Lake,duck,conventional,false,0.004
8869,389977.268124532,4.49819825767497e6,Mifflin,Elsinboro,chicken,layer,false,0.008
8870,405831.337996941,4.61854012549497e6,Fulton,Sparta,duck,conventional,false,0.004
8871,498914.303995557,4.71989377571365e6,Indiana,Stafford,duck,conventional,false,0.006
8872,476258.946918565,4.46902607785212e6,Luzerne,Roselle Park,duck,organic,false,0.0
8873,460731.835270213,4.69487934439948e6,Indiana,Nockamixon,duck,conventional,false,0.004
8874,466406.227800644,4.52848742376494e6,Berks,Irvington,duck,conventional,false,0.008
8875,457500.419227465,4.63437419591758e6,Susquehanna,Amwell,duck,conventional,false,0.004
8876,334084.045709511,4.58815797458677e6,Venango,Clark,duck,conventional,false,0.0
8877,426088.054698602,4.69723743118125e6,Lancaster,Raritan,chicken,broiler_2,false,0.002
8878,405439.328706731,4.62435034970378e6,Fulton,Amboy,chicken,broiler_2,false,0.012
8879,423987.534503515,4.58737452243576e6,Lycoming,Berkeley Heights,duck,conventional,false,0.0
8880,389803.070085352,4.61749615450336e6,Blair,Ventnor City,duck,organic,false,0.002
8881,428275.965462883,4.49435797713374e6,Mifflin,Sussex,chicken,broiler_1,false,0.01
8882,366948.964697929,4.55574819121888e6,Cumberland,Avon-by-the-Sea,chicken,broiler_2,false,0.006
8883,488421.984577338,4.67016189310863e6,Allegheny,Colts Neck,duck,organic,false,0.004
8884,377780.999535837,4.58241767603351e6,Mercer,Bass River,chicken,broiler_2,false,0.008
8885,377740.615519444,4.51498815533766e6,Cumberland,Wyckoff,duck,conventional,false,0.0
8886,359470.544683981,4.53864281058822e6,Cumberland,Ridgefield,duck,conventional,false,0.004
8887,391067.203472977,4.50425255466503e6,Mifflin,Elsinboro,chicken,broiler_2,false,0.004
8888,423682.40950606,4.72037935095571e6,Lancaster,Scotch Plains,duck,conventional,false,0.002
8889,379762.52251016,4.56686387350631e6,Cumberland,Jenkintown,duck,conventional,false,0.002
8890,491910.243974985,4.47474498191474e6,Luzerne,Old Bridge,chicken,broiler_1,false,0.004
8891,372390.38740615,4.59421743921077e6,Mercer,Mannington,chicken,broiler_2,false,0.016
8892,376169.106854238,4.60720264991356e6,Mercer,Monmouth Beach,duck,organic,false,0.004
8893,446037.56123576,4.57283076432204e6,Susquehanna,Kingwood,chicken,layer,false,0.01
8894,436146.74474364,4.6068418997088e6,Susquehanna,Newark,chicken,broiler_2,false,0.01
8895,305565.399731755,4.59688180430226e6,Venango,Cinnaminson,chicken,layer,false,0.0
8896,327552.327385362,4.60280603173087e6,Venango,Montville,chicken,broiler_2,false,0.012
8897,487570.766658127,4.66044679820229e6,Allegheny,Fair Haven,duck,organic,false,0.016
8898,373993.822276494,4.550075699562e6,Cumberland,Bergenfield,duck,conventional,false,0.002
8899,483110.952082489,4.65328936074088e6,Allegheny,Spring Lake Heights,duck,conventional,false,0.012
8900,344975.221660944,4.61243826139661e6,Venango,Totowa,chicken,broiler_2,false,0.008
8901,366525.544959764,4.60796449795755e6,Mercer,Deerfield,duck,conventional,false,0.002
8902,411881.42160217,4.70929459296475e6,Lancaster,Bloomingdale,duck,organic,false,0.006
8903,391650.329538722,4.6679184516601e6,Blair,Hopewell,chicken,broiler_2,false,0.006
8904,426119.313814407,4.60027460858293e6,Susquehanna,Palmyra,chicken,layer,false,0.01
8905,479647.736816701,4.51648849697061e6,Luzerne,Hardyston,chicken,broiler_2,false,0.018
8906,402612.838035275,4.58056840034055e6,Lycoming,Marlboro,chicken,broiler_2,false,0.006
8907,486775.73824958,4.72668076898305e6,Indiana,Wales,chicken,broiler_1,false,0.022
8908,484724.786425291,4.70824754274858e6,Indiana,Robbinsville,chicken,broiler_2,false,0.042
8909,423573.714824409,4.59432403457791e6,Lycoming,Island Heights,chicken,broiler_1,false,0.014
8910,462718.496410006,4.50546992757794e6,Luzerne,Morrisville,chicken,broiler_2,false,0.04
8911,432773.071827159,4.48265300829515e6,Luzerne,Douglass,duck,organic,false,0.006
8912,347349.903180451,4.61689248058021e6,Venango,Totowa,chicken,broiler_2,false,0.008
8913,367042.153005629,4.64854406213501e6,Blair,Woodbury,duck,organic,false,0.002
8914,391874.986271038,4.62907099803588e6,Blair,Butler,chicken,broiler_2,false,0.006
8915,493158.106090716,4.67960402075936e6,Allegheny,Snow Shoe,duck,organic,false,0.002
8916,479714.303886073,4.66239697154521e6,Allegheny,Harris,duck,organic,false,0.004
8917,385519.449802971,4.51041210097392e6,Mifflin,Piscataway,chicken,broiler_2,false,0.01
8918,409180.611471779,4.60338658868188e6,Lycoming,Woolwich,duck,conventional,false,0.002
8919,414048.053220587,4.58720933604218e6,Lycoming,Maple Shade,chicken,broiler_2,false,0.008
8920,366471.215714047,4.55092223841537e6,Cumberland,Avon-by-the-Sea,chicken,broiler_1,false,0.008
8921,466188.850102129,4.59917512169193e6,Susquehanna,Northfield,duck,conventional,false,0.008
8922,355571.023164196,4.62472145905561e6,Mercer,Atlantic City,duck,conventional,false,0.0
8923,462901.70763695,4.45864343272175e6,Luzerne,Prospect Park,duck,conventional,false,0.0
8924,380721.465236786,4.64570738823745e6,Blair,Haddon Heights,chicken,broiler_1,false,0.016
8925,436085.3674958,4.70333643627807e6,Lancaster,Norriton,chicken,layer,false,0.008
8926,393148.113360055,4.58738138088811e6,Lycoming,Hoboken,duck,conventional,false,0.0
8927,457001.35324556,4.5653385753822e6,Berks,Stow Creek,chicken,broiler_2,false,0.016
8928,313397.201229634,4.57948523519417e6,Venango,Weymouth,duck,conventional,false,0.0
8929,390150.783422065,4.63712897146373e6,Blair,Alloway,chicken,broiler_2,false,0.01
8930,345248.06849785,4.55197692617058e6,Schuylkill,Independence,duck,conventional,false,0.002
8931,477128.519937876,4.73301572247667e6,Indiana,Sandyston,chicken,broiler_2,false,0.022
8932,444780.653737225,4.6064330283625e6,Susquehanna,Langhorne,chicken,broiler_2,false,0.018
8933,483846.83151981,4.49879274515028e6,Luzerne,Teaneck,chicken,broiler_2,false,0.026
8934,446465.103339806,4.7330820693855e6,Lancaster,Westville,chicken,broiler_1,false,0.004
8935,469000.09621194,4.72114620873066e6,Indiana,Wall,chicken,broiler_2,false,0.026
8936,400606.13575772,4.62342398672374e6,Blair,Loch Arbour Village,chicken,layer,false,0.004
8937,379754.119299966,4.64840175412704e6,Blair,Hatboro,duck,conventional,false,0.004
8938,370880.173916993,4.58020671006799e6,Mercer,Clinton,chicken,broiler_2,false,0.006
8939,336298.399632256,4.55134727648445e6,Schuylkill,Fanwood,duck,conventional,false,0.0
8940,379281.897663137,4.64360420941819e6,Blair,Stillwater,duck,conventional,false,0.0
8941,473433.873191647,4.72768214690997e6,Indiana,Sandyston,duck,conventional,false,0.006
8942,473364.606387868,4.45969167609245e6,Luzerne,Norristown,duck,conventional,false,0.002
8943,402991.257617533,4.70322967549587e6,Lancaster,Riegelsville,duck,conventional,false,0.002
8944,429754.549711078,4.60828403512433e6,Susquehanna,Commercial,duck,conventional,false,0.0
8945,472632.463336443,4.7006868995465e6,Indiana,Old Tappan,duck,organic,false,0.008
8946,501189.926196529,4.46354854206896e6,Luzerne,River,chicken,broiler_2,false,0.014
8947,392660.313804369,4.60563646625014e6,Lycoming,Haledon,chicken,broiler_1,false,0.012
8948,355621.289884732,4.57091967249758e6,Mercer,Lambertville,chicken,broiler_2,false,0.006
8949,476102.96369702,4.5034976339732e6,Luzerne,Fredon,chicken,broiler_2,false,0.022
8950,423355.673559939,4.59447254458203e6,Lycoming,Island Heights,duck,conventional,false,0.002
8951,391948.487010545,4.64167862892035e6,Blair,Alloway,chicken,broiler_1,false,0.004
8952,476552.935488097,4.67936784148633e6,Indiana,Ship Bottom,duck,conventional,false,0.002
8953,400000.700167089,4.49018170121154e6,Mifflin,Jamesburg,duck,conventional,false,0.0
8954,327475.975427658,4.59680616914162e6,Venango,Laurel Springs,duck,conventional,false,0.0
8955,458022.614095913,4.55979417128556e6,Berks,Barnegat Light,chicken,broiler_2,true,0.0
8956,447293.562560577,4.59412211799486e6,Susquehanna,Egg Harbor,duck,organic,false,0.0
8957,358677.068138673,4.60651223578828e6,Mercer,Lopatcong,duck,conventional,false,0.002
8958,316089.89927568,4.578801384451e6,Venango,Weymouth,chicken,layer,false,0.012
8959,321996.421096736,4.57392717719789e6,Schuylkill,Victory Gardens,duck,conventional,false,0.002
8960,503824.907652748,4.71653251884271e6,Indiana,Fairview,chicken,broiler_1,false,0.034
8961,358158.751484444,4.59755572711196e6,Mercer,Harrington Park,duck,conventional,false,0.0
8962,429675.798634162,4.48637241689218e6,Luzerne,Douglass,chicken,broiler_2,false,0.016
8963,309539.357603006,4.60320308039533e6,Venango,Ambler,chicken,broiler_1,false,0.01
8964,402885.227606168,4.50204874893559e6,Mifflin,Livingston,chicken,broiler_1,false,0.012
8965,386955.593988863,4.63559517329693e6,Blair,Alloway,chicken,broiler_2,false,0.01
8966,464553.629925137,4.53488160243088e6,Berks,Bayonne,chicken,broiler_1,false,0.02
8967,413433.829239833,4.7091879783882e6,Lancaster,Bloomingdale,duck,conventional,false,0.002
8968,470195.699334222,4.67260666889326e6,Allegheny,Lacey,duck,conventional,false,0.012
8969,416187.50056742,4.61839766379681e6,Fulton,Delaware,chicken,broiler_2,false,0.008
8970,334503.207832284,4.62235396092163e6,Venango,Red Bank,duck,organic,false,0.0
8971,375854.172007398,4.62528276765429e6,Blair,Pompton Lakes,duck,conventional,false,0.002
8972,481979.868340306,4.6761871071481e6,Allegheny,Mountainside,duck,organic,false,0.002
8973,470698.094726533,4.64702819606558e6,Allegheny,Marlborough,duck,organic,false,0.008
8974,474861.086831305,4.7007294364646e6,Indiana,Corbin City,duck,organic,true,0.0
8975,399046.917172208,4.5004772657132e6,Mifflin,Green Brook,duck,conventional,false,0.004
8976,489618.441827334,4.47459760654924e6,Luzerne,Old Bridge,chicken,layer,false,0.01
8977,327970.059030675,4.53697454413345e6,Schuylkill,Salem,duck,conventional,false,0.002
8978,450626.518836726,4.61333821338737e6,Susquehanna,Unionville,duck,conventional,false,0.01
8979,457855.740778872,4.59286608789948e6,Susquehanna,Parsippany-Troy Hills,chicken,broiler_2,false,0.024
8980,324276.149769764,4.55561737012675e6,Schuylkill,Rahway,duck,organic,false,0.004
8981,369754.10378585,4.57070817013294e6,Cumberland,Philipsburg,duck,conventional,false,0.004
8982,333848.542089877,4.57609575343257e6,Mercer,Chalfont,duck,conventional,false,0.0
8983,368151.546045985,4.52793680367086e6,Cumberland,Highlands,chicken,layer,false,0.008
8984,445465.899648367,4.48102262421747e6,Luzerne,Paulsboro,chicken,broiler_1,false,0.01
8985,482799.105941659,4.45966141251939e6,Luzerne,Curtin,chicken,broiler_2,false,0.006
8986,328910.520840482,4.57429432926744e6,Schuylkill,Audubon Park,chicken,broiler_2,false,0.004
8987,458476.296985737,4.48771222181579e6,Luzerne,New Milford,duck,conventional,false,0.004
8988,466128.662715295,4.52425348442427e6,Berks,Warwick,duck,conventional,false,0.008
8989,399269.428353298,4.59068350398314e6,Lycoming,Tavistock,chicken,broiler_1,false,0.008
8990,418167.316242296,4.48313041064427e6,Mifflin,River Vale,duck,conventional,false,0.0
8991,297967.149888349,4.60203818331908e6,Venango,Eastampton,duck,conventional,false,0.002
8992,476211.112548163,4.49835699909867e6,Luzerne,Fredon,duck,organic,false,0.006
8993,401085.09633426,4.70662274250268e6,Lancaster,Plumsted,duck,conventional,false,0.004
8994,359754.600886142,4.61782276250369e6,Mercer,Mount Arlington,duck,conventional,false,0.0
8995,481217.659953257,4.73187587649618e6,Indiana,Wales,duck,organic,false,0.008
8996,468122.325558497,4.51358477069414e6,Luzerne,Morrisville,chicken,broiler_2,false,0.026
8997,355145.887579682,4.55291146284499e6,Schuylkill,Summit,duck,conventional,false,0.004
8998,495155.077290559,4.70461620188962e6,Indiana,Huston,chicken,broiler_1,false,0.042
8999,471945.637832982,4.67130530502346e6,Allegheny,Lacey,duck,conventional,false,0.002
9000,308762.233943133,4.56094323100477e6,Schuylkill,Worth,chicken,broiler_2,false,0.004
9001,349290.448893067,4.57426507148001e6,Mercer,Lambertville,duck,conventional,false,0.0
9002,343642.18318141,4.53842402916491e6,Schuylkill,Highland Park,chicken,broiler_2,false,0.012
9003,368118.718599195,4.55422473107312e6,Cumberland,Avon-by-the-Sea,duck,conventional,false,0.002
9004,321112.349701033,4.60237997825086e6,Venango,Montville,duck,conventional,false,0.0
9005,467526.173945726,4.71301666801242e6,Indiana,Morristown,chicken,broiler_2,false,0.026
9006,462364.562487082,4.55751056217987e6,Berks,Barnegat Light,duck,conventional,false,0.008
9007,367792.364624537,4.56917903510327e6,Mercer,Dunellen,duck,conventional,false,0.002
9008,449730.512567832,4.47065314753763e6,Luzerne,Woodstown,chicken,broiler_1,false,0.008
9009,486664.112176788,4.48797829244866e6,Luzerne,Pine Hill,chicken,broiler_2,false,0.008
9010,396651.948441557,4.59731761655641e6,Lycoming,Readington,chicken,broiler_1,false,0.008
9011,475227.734851503,4.47318200394654e6,Luzerne,Roselle Park,chicken,layer,false,0.01
9012,355376.178183716,4.61729637153249e6,Mercer,Mount Arlington,duck,conventional,false,0.002
9013,334480.258887609,4.54219037393934e6,Schuylkill,Potter,chicken,broiler_2,false,0.0
9014,354722.023813287,4.58036401079879e6,Mercer,Atlantic Highlands,chicken,broiler_2,false,0.004
9015,500930.898607316,4.46893129145553e6,Luzerne,Riverdale,chicken,broiler_2,false,0.012
9016,431117.445773203,4.70174294996826e6,Lancaster,Phillipsburg,chicken,broiler_2,false,0.004
9017,467112.8204883,4.51274439108242e6,Luzerne,Morrisville,chicken,broiler_2,false,0.014
9018,378433.632891586,4.62182717885655e6,Blair,Pottsgrove,chicken,broiler_2,false,0.016
9019,301800.2519094,4.60142053448216e6,Venango,Eastampton,duck,conventional,false,0.002
9020,361208.369124491,4.57984556480087e6,Mercer,Ogdensburg,duck,conventional,false,0.004
9021,364284.446781045,4.58994104650513e6,Mercer,Wayne,chicken,broiler_2,false,0.006
9022,380807.269650179,4.55058996030442e6,Cumberland,Somerdale,duck,conventional,false,0.002
9023,467312.300446288,4.70696053362999e6,Indiana,Boonton,duck,conventional,false,0.004
9024,447314.621752639,4.48098674351428e6,Luzerne,Woodstown,chicken,broiler_2,false,0.01
9025,457051.054574603,4.60980701819684e6,Susquehanna,Montague,duck,conventional,false,0.01
9026,463873.900806132,4.48830395120026e6,Luzerne,New Milford,chicken,broiler_2,false,0.012
9027,478670.881025176,4.67517106801787e6,Allegheny,Mountainside,duck,organic,false,0.006
9028,407453.364573177,4.49683103703687e6,Mifflin,Chesterfield,chicken,broiler_2,false,0.004
9029,409594.574714229,4.61898016473585e6,Fulton,Sparta,chicken,broiler_1,false,0.01
9030,405101.497770225,4.70453937637572e6,Lancaster,Skippack,duck,conventional,false,0.002
9031,439632.912209935,4.58458676517276e6,Susquehanna,Lumberton,duck,conventional,false,0.004
9032,431032.751181339,4.71983160000139e6,Lancaster,Chester,chicken,broiler_1,false,0.006
9033,339009.346230562,4.5562864851364e6,Schuylkill,Watchung,chicken,broiler_1,false,0.014
9034,374606.499162816,4.62434112949967e6,Blair,Pompton Lakes,chicken,broiler_2,false,0.014
9035,392898.452577334,4.62782961493747e6,Blair,Butler,chicken,broiler_1,false,0.008
9036,413808.534889577,4.60959052725654e6,Lycoming,Lebanon,duck,conventional,false,0.006
9037,348976.9319126,4.555775111785e6,Schuylkill,Woodlynne,chicken,broiler_2,false,0.008
9038,440551.725804434,4.5969506179793e6,Susquehanna,Frelinghuysen,chicken,broiler_1,false,0.032
9039,373344.398701104,4.61922593466438e6,Blair,Pottsgrove,duck,organic,false,0.0
9040,366363.30412816,4.54797689865458e6,Cumberland,Ferguson,duck,conventional,false,0.0
9041,462033.941768454,4.71958677741713e6,Indiana,Wall,duck,conventional,true,0.0
9042,448983.855721142,4.70706779914211e6,Indiana,Little Ferry,duck,organic,false,0.01
9043,471027.668593287,4.70605262676837e6,Indiana,Boonton,chicken,broiler_2,false,0.018
9044,459889.821481434,4.61548874370322e6,Susquehanna,Wrightstown,chicken,broiler_1,false,0.04
9045,438933.946953452,4.6093525759681e6,Susquehanna,Newark,duck,conventional,false,0.0
9046,418758.681480438,4.72175543279686e6,Lancaster,Scotch Plains,duck,organic,false,0.002
9047,474150.922112846,4.6524548649088e6,Allegheny,Spring Lake Heights,chicken,broiler_1,false,0.022
9048,483389.906575824,4.4966380705174e6,Luzerne,Teaneck,duck,conventional,false,0.002
9049,459919.043559599,4.62064805646636e6,Susquehanna,Wrightstown,duck,conventional,false,0.01
9050,381843.54872791,4.63752187084802e6,Blair,Stillwater,duck,conventional,false,0.0
9051,439287.089314636,4.70819068016529e6,Lancaster,Bay Head,chicken,broiler_2,false,0.008
9052,467014.52332898,4.65712744312636e6,Allegheny,Orange,chicken,layer,false,0.022
9053,444504.354317803,4.61036875888141e6,Susquehanna,Langhorne,chicken,broiler_2,false,0.04
9054,478254.240594958,4.48730008221742e6,Luzerne,Haworth,chicken,broiler_2,false,0.012
9055,497263.960890416,4.46499394795573e6,Luzerne,Riverdale,chicken,layer,false,0.006
9056,453060.259073743,4.61558355668807e6,Susquehanna,Unionville,chicken,broiler_2,false,0.036
9057,393762.219553264,4.60366396847882e6,Lycoming,Readington,chicken,broiler_2,false,0.006
9058,398994.11073553,4.48329854700205e6,Mifflin,Roosevelt,chicken,layer,false,0.012
9059,487075.770910376,4.69614064361138e6,Indiana,Stockton,duck,conventional,false,0.01
9060,473646.183953018,4.67625769742187e6,Allegheny,Mountainside,duck,organic,false,0.002
9061,467773.809328764,4.55721881475107e6,Berks,Barnegat Light,chicken,broiler_1,false,0.038
9062,371192.764025159,4.56495950625956e6,Cumberland,Alexandria,duck,conventional,false,0.006
9063,353364.676235805,4.58908328716125e6,Mercer,Garfield,chicken,broiler_2,false,0.022
9064,386222.803300605,4.62290277984882e6,Blair,Butler,duck,organic,false,0.0
9065,354122.837811006,4.57845212506526e6,Mercer,Lambertville,chicken,broiler_2,false,0.006
9066,462555.60905904,4.64983279361476e6,Allegheny,Brigantine,duck,conventional,false,0.006
9067,438251.693289104,4.70448507812366e6,Lancaster,Norriton,duck,conventional,false,0.002
9068,339840.932438181,4.56682009275343e6,Schuylkill,State College,duck,organic,false,0.006
9069,468427.946892353,4.49214788427304e6,Luzerne,Fredon,duck,conventional,false,0.004
9070,425460.008810502,4.60560084660507e6,Susquehanna,Palmyra,duck,conventional,false,0.0
9071,311745.489333849,4.59426622371403e6,Venango,Cinnaminson,chicken,layer,false,0.006
9072,414626.029843131,4.49660246962573e6,Mifflin,Folsom,duck,conventional,false,0.002
9073,333573.642864304,4.57298301247281e6,Schuylkill,Audubon Park,duck,conventional,false,0.006
9074,371766.435466392,4.57748855403549e6,Cumberland,Philipsburg,chicken,layer,false,0.01
9075,402659.758572969,4.47859893936301e6,Mifflin,Roosevelt,duck,conventional,false,0.002
9076,337220.518678625,4.5469419015781e6,Schuylkill,Fanwood,duck,conventional,false,0.0
9077,426843.270568998,4.61595480720246e6,Susquehanna,Commercial,duck,conventional,false,0.0
9078,463074.359682612,4.50272130399778e6,Luzerne,Gwynedd,chicken,broiler_2,false,0.036
9079,464935.289064008,4.65820212627069e6,Allegheny,Orange,duck,conventional,false,0.004
9080,386926.862800445,4.56311690072408e6,Cumberland,Frederick,chicken,layer,false,0.01
9081,437437.595784344,4.61618619577425e6,Susquehanna,Montgomery,duck,conventional,false,0.0
9082,464954.564345668,4.50786881608205e6,Luzerne,Morrisville,duck,conventional,false,0.006
9083,469673.684880227,4.71964261799067e6,Indiana,Wall,chicken,broiler_2,false,0.014
9084,475850.986220328,4.54720149712329e6,Berks,Port Matilda,chicken,layer,false,0.03
9085,431177.076006016,4.49043363099962e6,Mifflin,Sussex,duck,conventional,false,0.0
9086,456004.010493098,4.47517465880183e6,Luzerne,Tullytown,chicken,layer,false,0.004
9087,359467.258060976,4.60699507285914e6,Mercer,Lopatcong,duck,conventional,false,0.006
9088,452847.242151234,4.5807244823291e6,Susquehanna,Moorestown,duck,conventional,false,0.002
9089,472032.081244033,4.69718393190262e6,Indiana,Lafayette,duck,conventional,false,0.0
9090,349750.720600904,4.61855635389797e6,Mercer,Atlantic City,duck,conventional,false,0.004
9091,362243.323804436,4.56213871554026e6,Cumberland,Alexandria,chicken,broiler_2,false,0.008
9092,474703.935002482,4.65431676559614e6,Allegheny,Marlborough,duck,conventional,false,0.008
9093,377830.360625946,4.54046438072587e6,Cumberland,Hackensack,chicken,broiler_1,false,0.006
9094,472879.601418019,4.71819229904543e6,Indiana,Collingswood,chicken,layer,false,0.024
9095,492481.054377195,4.49590486614028e6,Luzerne,Medford,chicken,broiler_1,false,0.016
9096,431688.111065501,4.61434275036182e6,Susquehanna,Commercial,chicken,broiler_2,false,0.006
9097,431488.051321402,4.72042717238274e6,Lancaster,Chester,chicken,broiler_1,false,0.008
9098,331050.882839405,4.5699981179975e6,Schuylkill,Audubon Park,chicken,broiler_1,false,0.002
9099,495443.583495193,4.71475713806201e6,Indiana,Berkeley,chicken,broiler_2,false,0.038
9100,463911.320913513,4.59972318479206e6,Susquehanna,Pennington,chicken,broiler_2,false,0.042
9101,434166.958991403,4.72221088381865e6,Lancaster,Shiloh,duck,conventional,false,0.0
9102,449847.62530469,4.57316818284906e6,Susquehanna,Kingwood,duck,conventional,true,0.0
9103,463178.873327497,4.63947619465647e6,Allegheny,Brigantine,duck,conventional,false,0.002
9104,456892.370431447,4.70633407710714e6,Indiana,Little Ferry,duck,conventional,false,0.004
9105,403512.439630845,4.48467317859763e6,Mifflin,Roosevelt,duck,organic,false,0.0
9106,369498.476488149,4.55271239561938e6,Cumberland,Avon-by-the-Sea,chicken,broiler_2,false,0.002
9107,480025.583581909,4.69034945154661e6,Indiana,Bryn Athyn,chicken,broiler_2,false,0.018
9108,421404.767761014,4.70984780778304e6,Lancaster,Runnemede,duck,conventional,false,0.0
9109,428454.934883986,4.71763359844282e6,Lancaster,Chester,chicken,broiler_1,false,0.006
9110,458178.947036761,4.60240505698164e6,Susquehanna,Montague,duck,conventional,false,0.002
9111,409576.075878483,4.60053468270907e6,Lycoming,Woolwich,chicken,broiler_2,false,0.008
9112,452214.954032793,4.59945234246146e6,Susquehanna,Parsippany-Troy Hills,chicken,broiler_2,false,0.0
9113,368878.42678831,4.59592585822279e6,Mercer,Mannington,duck,conventional,false,0.0
9114,392657.108698274,4.56804752127521e6,Cumberland,Bridgeton,chicken,broiler_1,false,0.008
9115,397162.766462588,4.57007179043094e6,Cumberland,Bridgeton,chicken,broiler_2,false,0.006
9116,381990.90564361,4.65774472699172e6,Blair,Perth Amboy,chicken,broiler_1,false,0.01
9117,396650.236170159,4.62801481003671e6,Blair,Butler,duck,conventional,false,0.004
9118,398693.236660511,4.61782732980708e6,Blair,Loch Arbour Village,chicken,broiler_2,false,0.01
9119,404627.426221205,4.58190652944752e6,Lycoming,Cheltenham,duck,organic,false,0.002
9120,379387.552234647,4.66480360049937e6,Blair,Hopewell,duck,conventional,false,0.002
9121,375933.539197821,4.60218077515035e6,Lycoming,Lindenwold,duck,conventional,false,0.002
9122,483646.93260689,4.48107059047364e6,Luzerne,Medford,duck,conventional,false,0.0
9123,476265.243629332,4.66519215854852e6,Allegheny,Harris,duck,organic,false,0.006
9124,477168.467858673,4.69601963650504e6,Indiana,Allamuchy,duck,organic,false,0.004
9125,428398.115699782,4.49555650104517e6,Mifflin,Sussex,chicken,broiler_2,false,0.006
9126,364046.725750584,4.54341720707778e6,Cumberland,Ferguson,chicken,broiler_2,false,0.006
9127,396745.934294463,4.56123356159833e6,Cumberland,Lawnside,duck,conventional,false,0.002
9128,387646.353999513,4.63420036227675e6,Blair,Alloway,chicken,layer,false,0.004
9129,383197.334615078,4.51246712733567e6,Mifflin,Piscataway,chicken,broiler_1,false,0.006
9130,440572.586624925,4.71819096586419e6,Lancaster,Matawan,duck,conventional,false,0.0
9131,370603.029500795,4.56558202191056e6,Cumberland,Alexandria,duck,conventional,false,0.004
9132,403054.570086642,4.49305174272761e6,Mifflin,Wood-Ridge,chicken,broiler_2,false,0.014
9133,430105.758425045,4.57941853969938e6,Susquehanna,Mount Holly,chicken,broiler_1,false,0.002
9134,470301.667426203,4.46367269242651e6,Luzerne,Norristown,duck,organic,false,0.0
9135,398216.67365389,4.61303732017608e6,Blair,Hopatcong,duck,organic,false,0.006
9136,325169.926058854,4.565386941644e6,Schuylkill,Frenchtown,chicken,broiler_2,false,0.01
9137,421188.778830254,4.7140042358787e6,Lancaster,Howell,chicken,broiler_2,false,0.006
9138,492729.398649812,4.68019492859698e6,Allegheny,Peapack-Gladstone,duck,conventional,false,0.006
9139,485915.323600757,4.70644439362965e6,Indiana,Beachwood,chicken,broiler_2,false,0.03
9140,485493.516791942,4.66541031149131e6,Allegheny,Colts Neck,chicken,broiler_1,false,0.028
9141,379498.634526116,4.51469071207746e6,Cumberland,Wyckoff,duck,conventional,false,0.0
9142,473820.963609173,4.72935980105685e6,Indiana,Sandyston,duck,conventional,false,0.004
9143,350951.936787773,4.53950109870397e6,Schuylkill,Neptune,duck,conventional,false,0.0
9144,343331.742665584,4.56206342486393e6,Schuylkill,Dover,duck,conventional,false,0.006
9145,341297.975224344,4.61918568108325e6,Venango,Totowa,chicken,broiler_1,false,0.012
9146,392299.642032076,4.57795169962963e6,Cumberland,Interlaken,chicken,broiler_1,false,0.006
9147,305171.365520044,4.59248342133314e6,Venango,Woodland Park,duck,conventional,false,0.0
9148,459535.717666996,4.49147032223937e6,Luzerne,New Milford,chicken,broiler_1,false,0.002
9149,387001.063620609,4.58840253528136e6,Mercer,Bass River,chicken,broiler_2,false,0.016
9150,434594.38817973,4.58222304023712e6,Susquehanna,Mount Holly,chicken,broiler_2,false,0.024
9151,322797.796324255,4.58750145571848e6,Venango,Deptford,duck,organic,false,0.004
9152,334635.344315447,4.56664903158815e6,Schuylkill,Audubon Park,duck,conventional,false,0.0
9153,455330.312513601,4.71892477248589e6,Indiana,Greenwich,duck,conventional,false,0.012
9154,470424.999175634,4.72964276181293e6,Indiana,Lawrence,duck,organic,false,0.014
9155,323667.999426474,4.56589992776053e6,Schuylkill,Frenchtown,chicken,broiler_1,false,0.006
9156,442573.893750644,4.59903318440865e6,Susquehanna,Winfield,duck,conventional,false,0.006
9157,474034.319270955,4.504578671061e6,Luzerne,Fredon,chicken,layer,false,0.01
9158,480834.831793071,4.51792699461875e6,Luzerne,Hardyston,chicken,broiler_2,false,0.016
9159,456348.404620036,4.55924238674505e6,Berks,Port Matilda,chicken,broiler_2,false,0.028
9160,400994.338327465,4.48463736647952e6,Mifflin,Roosevelt,duck,conventional,false,0.004
