trajectory,date,new_confirmed,cum_new_confirmed,new_chicken,new_duck,new_broiler_1,new_broiler_2,new_conventional,new_layer,new_organic
1,2026-01-14,0,0,0,0,0,0,0,0,0
1,2026-01-15,0,0,0,0,0,0,0,0,0
1,2026-01-16,0,0,0,0,0,0,0,0,0
1,2026-01-17,0,0,0,0,0,0,0,0,0
1,2026-01-18,0,0,0,0,0,0,0,0,0
1,2026-01-19,0,0,0,0,0,0,0,0,0
1,2026-01-20,0,0,0,0,0,0,0,0,0
1,2026-01-21,0,0,0,0,0,0,0,0,0
1,2026-01-22,0,0,0,0,0,0,0,0,0
1,2026-01-23,0,0,0,0,0,0,0,0,0
1,2026-01-24,0,0,0,0,0,0,0,0,0
1,2026-01-25,5,5,4,1,2,2,1,0,0
1,2026-01-26,4,9,4,0,2,1,0,1,0
1,2026-01-27,5,14,4,1,1,2,1,1,0
1,2026-01-28,2,16,1,1,0,1,1,0,0
1,2026-01-29,2,18,1,1,0,1,1,0,0
1,2026-01-30,5,23,4,1,1,3,1,0,0
1,2026-01-31,3,26,3,0,1,2,0,0,0
1,2026-02-01,3,29,3,0,2,1,0,0,0
1,2026-02-02,1,30,0,1,0,0,1,0,0
1,2026-02-03,1,31,1,0,0,1,0,0,0
1,2026-02-04,1,32,0,1,0,0,1,0,0
1,2026-02-05,3,35,2,1,0,1,1,1,0
1,2026-02-06,0,35,0,0,0,0,0,0,0
1,2026-02-07,0,35,0,0,0,0,0,0,0
1,2026-02-08,1,36,1,0,0,1,0,0,0
1,2026-02-09,1,37,1,0,1,0,0,0,0
1,2026-02-10,2,39,2,0,0,1,0,1,0
2,2026-01-14,0,0,0,0,0,0,0,0,0
2,2026-01-15,0,0,0,0,0,0,0,0,0
2,2026-01-16,0,0,0,0,0,0,0,0,0
2,2026-01-17,0,0,0,0,0,0,0,0,0
2,2026-01-18,0,0,0,0,0,0,0,0,0
2,2026-01-19,0,0,0,0,0,0,0,0,0
2,2026-01-20,0,0,0,0,0,0,0,0,0
2,2026-01-21,0,0,0,0,0,0,0,0,0
2,2026-01-22,0,0,0,0,0,0,0,0,0
2,2026-01-23,0,0,0,0,0,0,0,0,0
2,2026-01-24,0,0,0,0,0,0,0,0,0
2,2026-01-25,2,2,1,1,0,1,1,0,0
2,2026-01-26,2,4,2,0,0,2,0,0,0
2,2026-01-27,1,5,0,1,0,0,1,0,0
2,2026-01-28,2,7,2,0,2,0,0,0,0
2,2026-01-29,2,9,2,0,1,1,0,0,0
2,2026-01-30,5,14,4,1,1,3,1,0,0
2,2026-01-31,5,19,4,1,1,1,1,2,0
2,2026-02-01,4,23,2,2,0,1,0,1,2
2,2026-02-02,4,27,4,0,0,2,0,2,0
2,2026-02-03,3,30,3,0,1,2,0,0,0
2,2026-02-04,1,31,0,1,0,0,0,0,1
2,2026-02-05,4,35,4,0,3,1,0,0,0
2,2026-02-06,1,36,1,0,0,1,0,0,0
2,2026-02-07,0,36,0,0,0,0,0,0,0
2,2026-02-08,1,37,1,0,0,0,0,1,0
2,2026-02-09,1,38,1,0,1,0,0,0,0
2,2026-02-10,4,42,4,0,1,2,0,1,0
3,2026-01-14,0,0,0,0,0,0,0,0,0
3,2026-01-15,0,0,0,0,0,0,0,0,0
3,2026-01-16,0,0,0,0,0,0,0,0,0
3,2026-01-17,0,0,0,0,0,0,0,0,0
3,2026-01-18,0,0,0,0,0,0,0,0,0
3,2026-01-19,0,0,0,0,0,0,0,0,0
3,2026-01-20,0,0,0,0,0,0,0,0,0
3,2026-01-21,0,0,0,0,0,0,0,0,0
3,2026-01-22,0,0,0,0,0,0,0,0,0
3,2026-01-23,0,0,0,0,0,0,0,0,0
3,2026-01-24,0,0,0,0,0,0,0,0,0
3,2026-01-25,4,4,4,0,2,2,0,0,0
3,2026-01-26,4,8,4,0,1,2,0,1,0
3,2026-01-27,9,17,7,2,1,6,2,0,0
3,2026-01-28,2,19,2,0,1,0,0,1,0
3,2026-01-29,5,24,4,1,0,3,0,1,1
3,2026-01-30,5,29,4,1,1,2,1,1,0
3,2026-01-31,6,35,5,1,2,3,1,0,0
3,2026-02-01,2,37,2,0,1,1,0,0,0
3,2026-02-02,4,41,2,2,1,1,2,0,0
3,2026-02-03,3,44,1,2,0,1,2,0,0
3,2026-02-04,4,48,4,0,1,3,0,0,0
3,2026-02-05,2,50,1,1,1,0,0,0,1
3,2026-02-06,4,54,1,3,0,1,3,0,0
3,2026-02-07,2,56,1,1,1,0,1,0,0
3,2026-02-08,1,57,1,0,0,1,0,0,0
3,2026-02-09,2,59,2,0,0,1,0,1,0
3,2026-02-10,4,63,3,1,0,3,0,0,1
4,2026-01-14,0,0,0,0,0,0,0,0,0
4,2026-01-15,0,0,0,0,0,0,0,0,0
4,2026-01-16,0,0,0,0,0,0,0,0,0
4,2026-01-17,0,0,0,0,0,0,0,0,0
4,2026-01-18,0,0,0,0,0,0,0,0,0
4,2026-01-19,0,0,0,0,0,0,0,0,0
4,2026-01-20,0,0,0,0,0,0,0,0,0
4,2026-01-21,0,0,0,0,0,0,0,0,0
4,2026-01-22,0,0,0,0,0,0,0,0,0
4,2026-01-23,0,0,0,0,0,0,0,0,0
4,2026-01-24,0,0,0,0,0,0,0,0,0
4,2026-01-25,5,5,5,0,1,4,0,0,0
4,2026-01-26,4,9,4,0,0,4,0,0,0
4,2026-01-27,2,11,1,1,0,1,0,0,1
4,2026-01-28,5,16,5,0,2,3,0,0,0
4,2026-01-29,2,18,2,0,1,1,0,0,0
4,2026-01-30,3,21,1,2,0,1,2,0,0
4,2026-01-31,3,24,3,0,2,1,0,0,0
4,2026-02-01,3,27,3,0,0,3,0,0,0
4,2026-02-02,3,30,3,0,1,1,0,1,0
4,2026-02-03,2,32,2,0,0,2,0,0,0
4,2026-02-04,1,33,1,0,0,1,0,0,0
4,2026-02-05,6,39,5,1,4,1,0,0,1
4,2026-02-06,2,41,1,1,0,0,0,1,1
4,2026-02-07,2,43,1,1,1,0,1,0,0
4,2026-02-08,3,46,1,2,1,0,2,0,0
4,2026-02-09,1,47,1,0,0,1,0,0,0
4,2026-02-10,1,48,1,0,0,1,0,0,0
5,2026-01-14,0,0,0,0,0,0,0,0,0
5,2026-01-15,0,0,0,0,0,0,0,0,0
5,2026-01-16,0,0,0,0,0,0,0,0,0
5,2026-01-17,0,0,0,0,0,0,0,0,0
5,2026-01-18,0,0,0,0,0,0,0,0,0
5,2026-01-19,0,0,0,0,0,0,0,0,0
5,2026-01-20,0,0,0,0,0,0,0,0,0
5,2026-01-21,0,0,0,0,0,0,0,0,0
5,2026-01-22,0,0,0,0,0,0,0,0,0
5,2026-01-23,0,0,0,0,0,0,0,0,0
5,2026-01-24,0,0,0,0,0,0,0,0,0
5,2026-01-25,1,1,1,0,1,0,0,0,0
5,2026-01-26,5,6,3,2,2,1,2,0,0
5,2026-01-27,4,10,3,1,0,3,1,0,0
5,2026-01-28,7,17,4,3,2,2,2,0,1
5,2026-01-29,6,23,4,2,0,3,2,1,0
5,2026-01-30,3,26,3,0,1,2,0,0,0
5,2026-01-31,5,31,5,0,2,3,0,0,0
5,2026-02-01,2,33,1,1,1,0,0,0,1
5,2026-02-02,3,36,2,1,1,1,1,0,0
5,2026-02-03,4,40,3,1,1,2,0,0,1
5,2026-02-04,6,46,4,2,3,1,2,0,0
5,2026-02-05,7,53,6,1,1,5,1,0,0
5,2026-02-06,2,55,2,0,1,1,0,0,0
5,2026-02-07,4,59,2,2,0,1,1,1,1
5,2026-02-08,4,63,3,1,0,3,1,0,0
5,2026-02-09,4,67,4,0,1,3,0,0,0
5,2026-02-10,3,70,3,0,1,2,0,0,0
6,2026-01-14,0,0,0,0,0,0,0,0,0
6,2026-01-15,0,0,0,0,0,0,0,0,0
6,2026-01-16,0,0,0,0,0,0,0,0,0
6,2026-01-17,0,0,0,0,0,0,0,0,0
6,2026-01-18,0,0,0,0,0,0,0,0,0
6,2026-01-19,0,0,0,0,0,0,0,0,0
6,2026-01-20,0,0,0,0,0,0,0,0,0
6,2026-01-21,0,0,0,0,0,0,0,0,0
6,2026-01-22,0,0,0,0,0,0,0,0,0
6,2026-01-23,0,0,0,0,0,0,0,0,0
6,2026-01-24,0,0,0,0,0,0,0,0,0
6,2026-01-25,2,2,2,0,2,0,0,0,0
6,2026-01-26,7,9,7,0,3,3,0,1,0
6,2026-01-27,2,11,2,0,0,2,0,0,0
6,2026-01-28,1,12,1,0,0,1,0,0,0
6,2026-01-29,4,16,3,1,1,2,1,0,0
6,2026-01-30,2,18,2,0,0,2,0,0,0
6,2026-01-31,0,18,0,0,0,0,0,0,0
6,2026-02-01,3,21,3,0,1,2,0,0,0
6,2026-02-02,4,25,2,2,1,1,1,0,1
6,2026-02-03,1,26,1,0,1,0,0,0,0
6,2026-02-04,3,29,2,1,1,1,1,0,0
6,2026-02-05,3,32,2,1,2,0,1,0,0
6,2026-02-06,4,36,4,0,1,2,0,1,0
6,2026-02-07,5,41,4,1,1,3,1,0,0
6,2026-02-08,1,42,0,1,0,0,1,0,0
6,2026-02-09,3,45,2,1,1,1,1,0,0
6,2026-02-10,0,45,0,0,0,0,0,0,0
7,2026-01-14,0,0,0,0,0,0,0,0,0
7,2026-01-15,0,0,0,0,0,0,0,0,0
7,2026-01-16,0,0,0,0,0,0,0,0,0
7,2026-01-17,0,0,0,0,0,0,0,0,0
7,2026-01-18,0,0,0,0,0,0,0,0,0
7,2026-01-19,0,0,0,0,0,0,0,0,0
7,2026-01-20,0,0,0,0,0,0,0,0,0
7,2026-01-21,0,0,0,0,0,0,0,0,0
7,2026-01-22,0,0,0,0,0,0,0,0,0
7,2026-01-23,0,0,0,0,0,0,0,0,0
7,2026-01-24,0,0,0,0,0,0,0,0,0
7,2026-01-25,3,3,3,0,1,1,0,1,0
7,2026-01-26,5,8,5,0,1,4,0,0,0
7,2026-01-27,2,10,2,0,1,0,0,1,0
7,2026-01-28,3,13,3,0,0,3,0,0,0
7,2026-01-29,2,15,1,1,0,1,1,0,0
7,2026-01-30,3,18,2,1,1,1,1,0,0
7,2026-01-31,2,20,2,0,0,1,0,1,0
7,2026-02-01,4,24,4,0,1,2,0,1,0
7,2026-02-02,1,25,1,0,0,1,0,0,0
7,2026-02-03,2,27,2,0,0,2,0,0,0
7,2026-02-04,2,29,0,2,0,0,2,0,0
7,2026-02-05,0,29,0,0,0,0,0,0,0
7,2026-02-06,2,31,2,0,0,2,0,0,0
7,2026-02-07,0,31,0,0,0,0,0,0,0
7,2026-02-08,2,33,2,0,1,1,0,0,0
7,2026-02-09,2,35,2,0,0,2,0,0,0
7,2026-02-10,2,37,2,0,1,1,0,0,0
8,2026-01-14,0,0,0,0,0,0,0,0,0
8,2026-01-15,0,0,0,0,0,0,0,0,0
8,2026-01-16,0,0,0,0,0,0,0,0,0
8,2026-01-17,0,0,0,0,0,0,0,0,0
8,2026-01-18,0,0,0,0,0,0,0,0,0
8,2026-01-19,0,0,0,0,0,0,0,0,0
8,2026-01-20,0,0,0,0,0,0,0,0,0
8,2026-01-21,0,0,0,0,0,0,0,0,0
8,2026-01-22,0,0,0,0,0,0,0,0,0
8,2026-01-23,0,0,0,0,0,0,0,0,0
8,2026-01-24,0,0,0,0,0,0,0,0,0
8,2026-01-25,1,1,1,0,0,1,0,0,0
8,2026-01-26,3,4,3,0,1,1,0,1,0
8,2026-01-27,1,5,1,0,1,0,0,0,0
8,2026-01-28,3,8,2,1,1,1,1,0,0
8,2026-01-29,4,12,4,0,1,2,0,1,0
8,2026-01-30,3,15,3,0,0,1,0,2,0
8,2026-01-31,6,21,5,1,0,5,1,0,0
8,2026-02-01,6,27,5,1,1,3,1,1,0
8,2026-02-02,2,29,1,1,0,1,1,0,0
8,2026-02-03,3,32,3,0,0,1,0,2,0
8,2026-02-04,1,33,1,0,0,1,0,0,0
8,2026-02-05,1,34,1,0,0,1,0,0,0
8,2026-02-06,1,35,1,0,0,1,0,0,0
8,2026-02-07,4,39,2,2,2,0,2,0,0
8,2026-02-08,2,41,1,1,0,1,0,0,1
8,2026-02-09,3,44,2,1,2,0,1,0,0
8,2026-02-10,2,46,2,0,0,2,0,0,0
9,2026-01-14,0,0,0,0,0,0,0,0,0
9,2026-01-15,0,0,0,0,0,0,0,0,0
9,2026-01-16,0,0,0,0,0,0,0,0,0
9,2026-01-17,0,0,0,0,0,0,0,0,0
9,2026-01-18,0,0,0,0,0,0,0,0,0
9,2026-01-19,0,0,0,0,0,0,0,0,0
9,2026-01-20,0,0,0,0,0,0,0,0,0
9,2026-01-21,0,0,0,0,0,0,0,0,0
9,2026-01-22,0,0,0,0,0,0,0,0,0
9,2026-01-23,0,0,0,0,0,0,0,0,0
9,2026-01-24,0,0,0,0,0,0,0,0,0
9,2026-01-25,4,4,4,0,1,3,0,0,0
9,2026-01-26,3,7,2,1,2,0,1,0,0
9,2026-01-27,3,10,2,1,1,1,1,0,0
9,2026-01-28,4,14,3,1,1,2,1,0,0
9,2026-01-29,3,17,3,0,1,0,0,2,0
9,2026-01-30,3,20,2,1,0,2,1,0,0
9,2026-01-31,2,22,2,0,1,1,0,0,0
9,2026-02-01,0,22,0,0,0,0,0,0,0
9,2026-02-02,2,24,2,0,1,1,0,0,0
9,2026-02-03,2,26,2,0,0,2,0,0,0
9,2026-02-04,2,28,2,0,1,0,0,1,0
9,2026-02-05,1,29,1,0,0,1,0,0,0
9,2026-02-06,1,30,1,0,0,1,0,0,0
9,2026-02-07,1,31,0,1,0,0,1,0,0
9,2026-02-08,3,34,3,0,0,2,0,1,0
9,2026-02-09,0,34,0,0,0,0,0,0,0
9,2026-02-10,4,38,4,0,1,3,0,0,0
10,2026-01-14,0,0,0,0,0,0,0,0,0
10,2026-01-15,0,0,0,0,0,0,0,0,0
10,2026-01-16,0,0,0,0,0,0,0,0,0
10,2026-01-17,0,0,0,0,0,0,0,0,0
10,2026-01-18,0,0,0,0,0,0,0,0,0
10,2026-01-19,0,0,0,0,0,0,0,0,0
10,2026-01-20,0,0,0,0,0,0,0,0,0
10,2026-01-21,0,0,0,0,0,0,0,0,0
10,2026-01-22,0,0,0,0,0,0,0,0,0
10,2026-01-23,0,0,0,0,0,0,0,0,0
10,2026-01-24,0,0,0,0,0,0,0,0,0
10,2026-01-25,1,1,1,0,0,1,0,0,0
10,2026-01-26,2,3,2,0,0,2,0,0,0
10,2026-01-27,3,6,1,2,0,1,2,0,0
10,2026-01-28,1,7,0,1,0,0,1,0,0
10,2026-01-29,5,12,5,0,1,4,0,0,0
10,2026-01-30,3,15,3,0,3,0,0,0,0
10,2026-01-31,2,17,1,1,0,1,1,0,0
10,2026-02-01,6,23,4,2,2,2,2,0,0
10,2026-02-02,2,25,1,1,1,0,0,0,1
10,2026-02-03,1,26,0,1,0,0,1,0,0
10,2026-02-04,6,32,5,1,1,3,1,1,0
10,2026-02-05,4,36,2,2,1,1,2,0,0
10,2026-02-06,3,39,2,1,0,2,1,0,0
10,2026-02-07,2,41,2,0,0,2,0,0,0
10,2026-02-08,2,43,2,0,0,1,0,1,0
10,2026-02-09,2,45,2,0,0,1,0,1,0
10,2026-02-10,3,48,3,0,2,1,0,0,0
11,2026-01-14,0,0,0,0,0,0,0,0,0
11,2026-01-15,0,0,0,0,0,0,0,0,0
11,2026-01-16,0,0,0,0,0,0,0,0,0
11,2026-01-17,0,0,0,0,0,0,0,0,0
11,2026-01-18,0,0,0,0,0,0,0,0,0
11,2026-01-19,0,0,0,0,0,0,0,0,0
11,2026-01-20,0,0,0,0,0,0,0,0,0
11,2026-01-21,0,0,0,0,0,0,0,0,0
11,2026-01-22,0,0,0,0,0,0,0,0,0
11,2026-01-23,0,0,0,0,0,0,0,0,0
11,2026-01-24,0,0,0,0,0,0,0,0,0
11,2026-01-25,4,4,4,0,1,2,0,1,0
11,2026-01-26,4,8,4,0,3,0,0,1,0
11,2026-01-27,3,11,3,0,1,2,0,0,0
11,2026-01-28,2,13,2,0,0,2,0,0,0
11,2026-01-29,6,19,6,0,1,5,0,0,0
11,2026-01-30,2,21,2,0,0,2,0,0,0
11,2026-01-31,3,24,3,0,2,1,0,0,0
11,2026-02-01,4,28,3,1,1,2,1,0,0
11,2026-02-02,4,32,3,1,0,2,1,1,0
11,2026-02-03,4,36,4,0,0,4,0,0,0
11,2026-02-04,7,43,6,1,1,4,0,1,1
11,2026-02-05,3,46,0,3,0,0,2,0,1
11,2026-02-06,5,51,4,1,2,2,1,0,0
11,2026-02-07,3,54,3,0,0,2,0,1,0
11,2026-02-08,4,58,3,1,2,1,0,0,1
11,2026-02-09,1,59,1,0,0,1,0,0,0
11,2026-02-10,5,64,4,1,2,1,1,1,0
12,2026-01-14,0,0,0,0,0,0,0,0,0
12,2026-01-15,0,0,0,0,0,0,0,0,0
12,2026-01-16,0,0,0,0,0,0,0,0,0
12,2026-01-17,0,0,0,0,0,0,0,0,0
12,2026-01-18,0,0,0,0,0,0,0,0,0
12,2026-01-19,0,0,0,0,0,0,0,0,0
12,2026-01-20,0,0,0,0,0,0,0,0,0
12,2026-01-21,0,0,0,0,0,0,0,0,0
12,2026-01-22,0,0,0,0,0,0,0,0,0
12,2026-01-23,0,0,0,0,0,0,0,0,0
12,2026-01-24,0,0,0,0,0,0,0,0,0
12,2026-01-25,0,0,0,0,0,0,0,0,0
12,2026-01-26,2,2,1,1,0,1,1,0,0
12,2026-01-27,5,7,5,0,1,4,0,0,0
12,2026-01-28,3,10,2,1,1,1,1,0,0
12,2026-01-29,2,12,2,0,2,0,0,0,0
12,2026-01-30,3,15,2,1,0,2,1,0,0
12,2026-01-31,2,17,2,0,0,2,0,0,0
12,2026-02-01,8,25,4,4,0,1,3,3,1
12,2026-02-02,3,28,2,1,1,1,1,0,0
12,2026-02-03,2,30,2,0,0,2,0,0,0
12,2026-02-04,5,35,4,1,1,3,1,0,0
12,2026-02-05,4,39,1,3,0,1,2,0,1
12,2026-02-06,2,41,1,1,1,0,1,0,0
12,2026-02-07,4,45,3,1,1,2,1,0,0
12,2026-02-08,2,47,2,0,1,1,0,0,0
12,2026-02-09,3,50,2,1,0,1,1,1,0
12,2026-02-10,1,51,1,0,0,1,0,0,0
13,2026-01-14,0,0,0,0,0,0,0,0,0
13,2026-01-15,0,0,0,0,0,0,0,0,0
13,2026-01-16,0,0,0,0,0,0,0,0,0
13,2026-01-17,0,0,0,0,0,0,0,0,0
13,2026-01-18,0,0,0,0,0,0,0,0,0
13,2026-01-19,0,0,0,0,0,0,0,0,0
13,2026-01-20,0,0,0,0,0,0,0,0,0
13,2026-01-21,0,0,0,0,0,0,0,0,0
13,2026-01-22,0,0,0,0,0,0,0,0,0
13,2026-01-23,0,0,0,0,0,0,0,0,0
13,2026-01-24,0,0,0,0,0,0,0,0,0
13,2026-01-25,1,1,0,1,0,0,1,0,0
13,2026-01-26,1,2,1,0,0,1,0,0,0
13,2026-01-27,6,8,3,3,2,1,3,0,0
13,2026-01-28,3,11,1,2,0,1,2,0,0
13,2026-01-29,2,13,1,1,1,0,1,0,0
13,2026-01-30,1,14,1,0,0,1,0,0,0
13,2026-01-31,1,15,1,0,0,1,0,0,0
13,2026-02-01,2,17,2,0,1,1,0,0,0
13,2026-02-02,4,21,3,1,1,2,1,0,0
13,2026-02-03,0,21,0,0,0,0,0,0,0
13,2026-02-04,2,23,2,0,1,1,0,0,0
13,2026-02-05,2,25,2,0,0,2,0,0,0
13,2026-02-06,1,26,1,0,1,0,0,0,0
13,2026-02-07,1,27,0,1,0,0,1,0,0
13,2026-02-08,0,27,0,0,0,0,0,0,0
13,2026-02-09,2,29,2,0,0,2,0,0,0
13,2026-02-10,1,30,1,0,0,1,0,0,0
14,2026-01-14,0,0,0,0,0,0,0,0,0
14,2026-01-15,0,0,0,0,0,0,0,0,0
14,2026-01-16,0,0,0,0,0,0,0,0,0
14,2026-01-17,0,0,0,0,0,0,0,0,0
14,2026-01-18,0,0,0,0,0,0,0,0,0
14,2026-01-19,0,0,0,0,0,0,0,0,0
14,2026-01-20,0,0,0,0,0,0,0,0,0
14,2026-01-21,0,0,0,0,0,0,0,0,0
14,2026-01-22,0,0,0,0,0,0,0,0,0
14,2026-01-23,0,0,0,0,0,0,0,0,0
14,2026-01-24,0,0,0,0,0,0,0,0,0
14,2026-01-25,4,4,3,1,1,2,0,0,1
14,2026-01-26,4,8,4,0,2,2,0,0,0
14,2026-01-27,10,18,8,2,2,6,0,0,2
14,2026-01-28,4,22,3,1,2,0,1,1,0
14,2026-01-29,0,22,0,0,0,0,0,0,0
14,2026-01-30,3,25,3,0,0,3,0,0,0
14,2026-01-31,5,30,3,2,1,1,1,1,1
14,2026-02-01,2,32,2,0,1,1,0,0,0
14,2026-02-02,4,36,3,1,0,2,1,1,0
14,2026-02-03,3,39,3,0,1,2,0,0,0
14,2026-02-04,8,47,8,0,2,5,0,1,0
14,2026-02-05,2,49,2,0,0,2,0,0,0
14,2026-02-06,2,51,2,0,0,1,0,1,0
14,2026-02-07,6,57,5,1,2,3,1,0,0
14,2026-02-08,5,62,4,1,2,0,0,2,1
14,2026-02-09,5,67,5,0,2,3,0,0,0
14,2026-02-10,1,68,1,0,0,1,0,0,0
15,2026-01-14,0,0,0,0,0,0,0,0,0
15,2026-01-15,0,0,0,0,0,0,0,0,0
15,2026-01-16,0,0,0,0,0,0,0,0,0
15,2026-01-17,0,0,0,0,0,0,0,0,0
15,2026-01-18,0,0,0,0,0,0,0,0,0
15,2026-01-19,0,0,0,0,0,0,0,0,0
15,2026-01-20,0,0,0,0,0,0,0,0,0
15,2026-01-21,0,0,0,0,0,0,0,0,0
15,2026-01-22,0,0,0,0,0,0,0,0,0
15,2026-01-23,0,0,0,0,0,0,0,0,0
15,2026-01-24,0,0,0,0,0,0,0,0,0
15,2026-01-25,9,9,8,1,1,7,0,0,1
15,2026-01-26,1,10,0,1,0,0,0,0,1
15,2026-01-27,4,14,3,1,2,1,1,0,0
15,2026-01-28,5,19,4,1,3,1,1,0,0
15,2026-01-29,5,24,2,3,0,1,2,1,1
15,2026-01-30,7,31,5,2,2,3,2,0,0
15,2026-01-31,2,33,1,1,0,0,0,1,1
15,2026-02-01,4,37,4,0,1,3,0,0,0
15,2026-02-02,3,40,2,1,0,2,1,0,0
15,2026-02-03,2,42,2,0,0,2,0,0,0
15,2026-02-04,8,50,6,2,3,3,2,0,0
15,2026-02-05,3,53,1,2,0,0,2,1,0
15,2026-02-06,0,53,0,0,0,0,0,0,0
15,2026-02-07,1,54,0,1,0,0,1,0,0
15,2026-02-08,3,57,2,1,0,2,1,0,0
15,2026-02-09,2,59,2,0,0,2,0,0,0
15,2026-02-10,1,60,1,0,0,1,0,0,0
16,2026-01-14,0,0,0,0,0,0,0,0,0
16,2026-01-15,0,0,0,0,0,0,0,0,0
16,2026-01-16,0,0,0,0,0,0,0,0,0
16,2026-01-17,0,0,0,0,0,0,0,0,0
16,2026-01-18,0,0,0,0,0,0,0,0,0
16,2026-01-19,0,0,0,0,0,0,0,0,0
16,2026-01-20,0,0,0,0,0,0,0,0,0
16,2026-01-21,0,0,0,0,0,0,0,0,0
16,2026-01-22,0,0,0,0,0,0,0,0,0
16,2026-01-23,0,0,0,0,0,0,0,0,0
16,2026-01-24,0,0,0,0,0,0,0,0,0
16,2026-01-25,0,0,0,0,0,0,0,0,0
16,2026-01-26,3,3,3,0,1,1,0,1,0
16,2026-01-27,2,5,2,0,2,0,0,0,0
16,2026-01-28,2,7,2,0,1,1,0,0,0
16,2026-01-29,2,9,0,2,0,0,2,0,0
16,2026-01-30,0,9,0,0,0,0,0,0,0
16,2026-01-31,2,11,2,0,0,2,0,0,0
16,2026-02-01,2,13,1,1,0,1,1,0,0
16,2026-02-02,1,14,0,1,0,0,1,0,0
16,2026-02-03,1,15,1,0,1,0,0,0,0
16,2026-02-04,1,16,0,1,0,0,1,0,0
16,2026-02-05,1,17,1,0,1,0,0,0,0
16,2026-02-06,0,17,0,0,0,0,0,0,0
16,2026-02-07,0,17,0,0,0,0,0,0,0
16,2026-02-08,1,18,1,0,0,1,0,0,0
16,2026-02-09,2,20,2,0,1,1,0,0,0
16,2026-02-10,1,21,1,0,0,1,0,0,0
17,2026-01-14,0,0,0,0,0,0,0,0,0
17,2026-01-15,0,0,0,0,0,0,0,0,0
17,2026-01-16,0,0,0,0,0,0,0,0,0
17,2026-01-17,0,0,0,0,0,0,0,0,0
17,2026-01-18,0,0,0,0,0,0,0,0,0
17,2026-01-19,0,0,0,0,0,0,0,0,0
17,2026-01-20,0,0,0,0,0,0,0,0,0
17,2026-01-21,0,0,0,0,0,0,0,0,0
17,2026-01-22,0,0,0,0,0,0,0,0,0
17,2026-01-23,0,0,0,0,0,0,0,0,0
17,2026-01-24,0,0,0,0,0,0,0,0,0
17,2026-01-25,7,7,5,2,1,4,2,0,0
17,2026-01-26,8,15,5,3,3,1,3,1,0
17,2026-01-27,1,16,1,0,0,1,0,0,0
17,2026-01-28,1,17,1,0,1,0,0,0,0
17,2026-01-29,2,19,1,1,0,1,1,0,0
17,2026-01-30,2,21,1,1,0,1,1,0,0
17,2026-01-31,2,23,2,0,0,2,0,0,0
17,2026-02-01,4,27,4,0,2,1,0,1,0
17,2026-02-02,2,29,2,0,1,1,0,0,0
17,2026-02-03,4,33,4,0,0,3,0,1,0
17,2026-02-04,1,34,1,0,1,0,0,0,0
17,2026-02-05,4,38,3,1,0,2,0,1,1
17,2026-02-06,1,39,0,1,0,0,1,0,0
17,2026-02-07,2,41,2,0,0,2,0,0,0
17,2026-02-08,1,42,1,0,0,1,0,0,0
17,2026-02-09,2,44,1,1,0,0,1,1,0
17,2026-02-10,2,46,2,0,0,1,0,1,0
18,2026-01-14,0,0,0,0,0,0,0,0,0
18,2026-01-15,0,0,0,0,0,0,0,0,0
18,2026-01-16,0,0,0,0,0,0,0,0,0
18,2026-01-17,0,0,0,0,0,0,0,0,0
18,2026-01-18,0,0,0,0,0,0,0,0,0
18,2026-01-19,0,0,0,0,0,0,0,0,0
18,2026-01-20,0,0,0,0,0,0,0,0,0
18,2026-01-21,0,0,0,0,0,0,0,0,0
18,2026-01-22,0,0,0,0,0,0,0,0,0
18,2026-01-23,0,0,0,0,0,0,0,0,0
18,2026-01-24,0,0,0,0,0,0,0,0,0
18,2026-01-25,0,0,0,0,0,0,0,0,0
18,2026-01-26,6,6,5,1,0,5,0,0,1
18,2026-01-27,0,6,0,0,0,0,0,0,0
18,2026-01-28,1,7,1,0,0,1,0,0,0
18,2026-01-29,0,7,0,0,0,0,0,0,0
18,2026-01-30,3,10,3,0,1,2,0,0,0
18,2026-01-31,2,12,2,0,2,0,0,0,0
18,2026-02-01,1,13,1,0,0,1,0,0,0
18,2026-02-02,1,14,1,0,1,0,0,0,0
18,2026-02-03,0,14,0,0,0,0,0,0,0
18,2026-02-04,2,16,1,1,0,1,1,0,0
18,2026-02-05,1,17,1,0,0,1,0,0,0
18,2026-02-06,2,19,2,0,1,1,0,0,0
18,2026-02-07,0,19,0,0,0,0,0,0,0
18,2026-02-08,0,19,0,0,0,0,0,0,0
18,2026-02-09,1,20,1,0,0,0,0,1,0
18,2026-02-10,0,20,0,0,0,0,0,0,0
19,2026-01-14,0,0,0,0,0,0,0,0,0
19,2026-01-15,0,0,0,0,0,0,0,0,0
19,2026-01-16,0,0,0,0,0,0,0,0,0
19,2026-01-17,0,0,0,0,0,0,0,0,0
19,2026-01-18,0,0,0,0,0,0,0,0,0
19,2026-01-19,0,0,0,0,0,0,0,0,0
19,2026-01-20,0,0,0,0,0,0,0,0,0
19,2026-01-21,0,0,0,0,0,0,0,0,0
19,2026-01-22,0,0,0,0,0,0,0,0,0
19,2026-01-23,0,0,0,0,0,0,0,0,0
19,2026-01-24,0,0,0,0,0,0,0,0,0
19,2026-01-25,3,3,2,1,0,1,1,1,0
19,2026-01-26,5,8,4,1,0,4,1,0,0
19,2026-01-27,1,9,0,1,0,0,0,0,1
19,2026-01-28,1,10,1,0,0,0,0,1,0
19,2026-01-29,4,14,3,1,1,2,1,0,0
19,2026-01-30,2,16,2,0,0,2,0,0,0
19,2026-01-31,0,16,0,0,0,0,0,0,0
19,2026-02-01,2,18,0,2,0,0,2,0,0
19,2026-02-02,3,21,2,1,1,1,1,0,0
19,2026-02-03,2,23,1,1,0,1,1,0,0
19,2026-02-04,1,24,0,1,0,0,1,0,0
19,2026-02-05,0,24,0,0,0,0,0,0,0
19,2026-02-06,2,26,2,0,1,1,0,0,0
19,2026-02-07,6,32,4,2,2,2,1,0,1
19,2026-02-08,0,32,0,0,0,0,0,0,0
19,2026-02-09,1,33,1,0,0,0,0,1,0
19,2026-02-10,2,35,1,1,1,0,1,0,0
20,2026-01-14,0,0,0,0,0,0,0,0,0
20,2026-01-15,0,0,0,0,0,0,0,0,0
20,2026-01-16,0,0,0,0,0,0,0,0,0
20,2026-01-17,0,0,0,0,0,0,0,0,0
20,2026-01-18,0,0,0,0,0,0,0,0,0
20,2026-01-19,0,0,0,0,0,0,0,0,0
20,2026-01-20,0,0,0,0,0,0,0,0,0
20,2026-01-21,0,0,0,0,0,0,0,0,0
20,2026-01-22,0,0,0,0,0,0,0,0,0
20,2026-01-23,0,0,0,0,0,0,0,0,0
20,2026-01-24,0,0,0,0,0,0,0,0,0
20,2026-01-25,4,4,3,1,1,2,1,0,0
20,2026-01-26,1,5,1,0,0,1,0,0,0
20,2026-01-27,3,8,2,1,0,1,1,1,0
20,2026-01-28,2,10,2,0,0,2,0,0,0
20,2026-01-29,2,12,2,0,1,0,0,1,0
20,2026-01-30,2,14,2,0,1,1,0,0,0
20,2026-01-31,3,17,2,1,1,1,1,0,0
20,2026-02-01,0,17,0,0,0,0,0,0,0
20,2026-02-02,2,19,2,0,0,2,0,0,0
20,2026-02-03,5,24,5,0,2,3,0,0,0
20,2026-02-04,1,25,1,0,0,0,0,1,0
20,2026-02-05,1,26,1,0,0,1,0,0,0
20,2026-02-06,4,30,3,1,0,3,0,0,1
20,2026-02-07,3,33,3,0,1,2,0,0,0
20,2026-02-08,0,33,0,0,0,0,0,0,0
20,2026-02-09,1,34,1,0,1,0,0,0,0
20,2026-02-10,2,36,2,0,2,0,0,0,0
21,2026-01-14,0,0,0,0,0,0,0,0,0
21,2026-01-15,0,0,0,0,0,0,0,0,0
21,2026-01-16,0,0,0,0,0,0,0,0,0
21,2026-01-17,0,0,0,0,0,0,0,0,0
21,2026-01-18,0,0,0,0,0,0,0,0,0
21,2026-01-19,0,0,0,0,0,0,0,0,0
21,2026-01-20,0,0,0,0,0,0,0,0,0
21,2026-01-21,0,0,0,0,0,0,0,0,0
21,2026-01-22,0,0,0,0,0,0,0,0,0
21,2026-01-23,0,0,0,0,0,0,0,0,0
21,2026-01-24,0,0,0,0,0,0,0,0,0
21,2026-01-25,5,5,4,1,1,3,1,0,0
21,2026-01-26,8,13,6,2,0,5,2,1,0
21,2026-01-27,2,15,2,0,2,0,0,0,0
21,2026-01-28,2,17,2,0,0,1,0,1,0
21,2026-01-29,1,18,1,0,1,0,0,0,0
21,2026-01-30,5,23,5,0,2,3,0,0,0
21,2026-01-31,4,27,4,0,1,1,0,2,0
21,2026-02-01,2,29,1,1,1,0,0,0,1
21,2026-02-02,4,33,3,1,1,2,1,0,0
21,2026-02-03,4,37,3,1,1,2,1,0,0
21,2026-02-04,3,40,2,1,0,2,0,0,1
21,2026-02-05,4,44,4,0,2,2,0,0,0
21,2026-02-06,5,49,4,1,2,2,1,0,0
21,2026-02-07,3,52,2,1,1,1,1,0,0
21,2026-02-08,3,55,3,0,0,3,0,0,0
21,2026-02-09,2,57,2,0,1,1,0,0,0
21,2026-02-10,3,60,3,0,1,1,0,1,0
22,2026-01-14,0,0,0,0,0,0,0,0,0
22,2026-01-15,0,0,0,0,0,0,0,0,0
22,2026-01-16,0,0,0,0,0,0,0,0,0
22,2026-01-17,0,0,0,0,0,0,0,0,0
22,2026-01-18,0,0,0,0,0,0,0,0,0
22,2026-01-19,0,0,0,0,0,0,0,0,0
22,2026-01-20,0,0,0,0,0,0,0,0,0
22,2026-01-21,0,0,0,0,0,0,0,0,0
22,2026-01-22,0,0,0,0,0,0,0,0,0
22,2026-01-23,0,0,0,0,0,0,0,0,0
22,2026-01-24,0,0,0,0,0,0,0,0,0
22,2026-01-25,3,3,3,0,1,1,0,1,0
22,2026-01-26,4,7,3,1,1,2,1,0,0
22,2026-01-27,5,12,5,0,1,3,0,1,0
22,2026-01-28,3,15,2,1,0,1,1,1,0
22,2026-01-29,2,17,2,0,0,2,0,0,0
22,2026-01-30,3,20,3,0,1,2,0,0,0
22,2026-01-31,2,22,2,0,2,0,0,0,0
22,2026-02-01,3,25,3,0,1,2,0,0,0
22,2026-02-02,3,28,3,0,0,3,0,0,0
22,2026-02-03,1,29,1,0,0,1,0,0,0
22,2026-02-04,7,36,4,3,2,2,3,0,0
22,2026-02-05,5,41,3,2,1,1,2,1,0
22,2026-02-06,1,42,1,0,0,0,0,1,0
22,2026-02-07,3,45,2,1,0,2,0,0,1
22,2026-02-08,2,47,2,0,1,1,0,0,0
22,2026-02-09,6,53,6,0,2,3,0,1,0
22,2026-02-10,2,55,1,1,1,0,1,0,0
23,2026-01-14,0,0,0,0,0,0,0,0,0
23,2026-01-15,0,0,0,0,0,0,0,0,0
23,2026-01-16,0,0,0,0,0,0,0,0,0
23,2026-01-17,0,0,0,0,0,0,0,0,0
23,2026-01-18,0,0,0,0,0,0,0,0,0
23,2026-01-19,0,0,0,0,0,0,0,0,0
23,2026-01-20,0,0,0,0,0,0,0,0,0
23,2026-01-21,0,0,0,0,0,0,0,0,0
23,2026-01-22,0,0,0,0,0,0,0,0,0
23,2026-01-23,0,0,0,0,0,0,0,0,0
23,2026-01-24,0,0,0,0,0,0,0,0,0
23,2026-01-25,2,2,0,2,0,0,2,0,0
23,2026-01-26,3,5,1,2,0,1,2,0,0
23,2026-01-27,1,6,1,0,0,1,0,0,0
23,2026-01-28,1,7,1,0,1,0,0,0,0
23,2026-01-29,1,8,1,0,0,1,0,0,0
23,2026-01-30,2,10,2,0,0,1,0,1,0
23,2026-01-31,1,11,1,0,0,1,0,0,0
23,2026-02-01,0,11,0,0,0,0,0,0,0
23,2026-02-02,0,11,0,0,0,0,0,0,0
23,2026-02-03,3,14,2,1,2,0,1,0,0
23,2026-02-04,0,14,0,0,0,0,0,0,0
23,2026-02-05,3,17,3,0,1,2,0,0,0
23,2026-02-06,2,19,2,0,0,2,0,0,0
23,2026-02-07,1,20,1,0,0,0,0,1,0
23,2026-02-08,1,21,1,0,1,0,0,0,0
23,2026-02-09,2,23,1,1,1,0,1,0,0
23,2026-02-10,1,24,0,1,0,0,1,0,0
24,2026-01-14,0,0,0,0,0,0,0,0,0
24,2026-01-15,0,0,0,0,0,0,0,0,0
24,2026-01-16,0,0,0,0,0,0,0,0,0
24,2026-01-17,0,0,0,0,0,0,0,0,0
24,2026-01-18,0,0,0,0,0,0,0,0,0
24,2026-01-19,0,0,0,0,0,0,0,0,0
24,2026-01-20,0,0,0,0,0,0,0,0,0
24,2026-01-21,0,0,0,0,0,0,0,0,0
24,2026-01-22,0,0,0,0,0,0,0,0,0
24,2026-01-23,0,0,0,0,0,0,0,0,0
24,2026-01-24,0,0,0,0,0,0,0,0,0
24,2026-01-25,7,7,6,1,1,3,1,2,0
24,2026-01-26,3,10,2,1,0,2,1,0,0
24,2026-01-27,3,13,1,2,0,1,2,0,0
24,2026-01-28,4,17,4,0,1,2,0,1,0
24,2026-01-29,1,18,1,0,0,1,0,0,0
24,2026-01-30,2,20,2,0,0,2,0,0,0
24,2026-01-31,3,23,1,2,0,1,2,0,0
24,2026-02-01,3,26,3,0,1,2,0,0,0
24,2026-02-02,1,27,1,0,0,1,0,0,0
24,2026-02-03,1,28,1,0,1,0,0,0,0
24,2026-02-04,2,30,2,0,1,1,0,0,0
24,2026-02-05,4,34,3,1,1,2,0,0,1
24,2026-02-06,0,34,0,0,0,0,0,0,0
24,2026-02-07,0,34,0,0,0,0,0,0,0
24,2026-02-08,3,37,2,1,0,2,1,0,0
24,2026-02-09,0,37,0,0,0,0,0,0,0
24,2026-02-10,1,38,1,0,1,0,0,0,0
25,2026-01-14,0,0,0,0,0,0,0,0,0
25,2026-01-15,0,0,0,0,0,0,0,0,0
25,2026-01-16,0,0,0,0,0,0,0,0,0
25,2026-01-17,0,0,0,0,0,0,0,0,0
25,2026-01-18,0,0,0,0,0,0,0,0,0
25,2026-01-19,0,0,0,0,0,0,0,0,0
25,2026-01-20,0,0,0,0,0,0,0,0,0
25,2026-01-21,0,0,0,0,0,0,0,0,0
25,2026-01-22,0,0,0,0,0,0,0,0,0
25,2026-01-23,0,0,0,0,0,0,0,0,0
25,2026-01-24,0,0,0,0,0,0,0,0,0
25,2026-01-25,2,2,2,0,0,2,0,0,0
25,2026-01-26,3,5,2,1,0,2,0,0,1
25,2026-01-27,1,6,1,0,0,1,0,0,0
25,2026-01-28,4,10,4,0,1,3,0,0,0
25,2026-01-29,4,14,2,2,1,1,0,0,2
25,2026-01-30,4,18,3,1,1,2,1,0,0
25,2026-01-31,2,20,1,1,0,1,1,0,0
25,2026-02-01,6,26,5,1,2,3,1,0,0
25,2026-02-02,0,26,0,0,0,0,0,0,0
25,2026-02-03,4,30,3,1,0,2,1,1,0
25,2026-02-04,4,34,3,1,1,2,1,0,0
25,2026-02-05,1,35,1,0,0,0,0,1,0
25,2026-02-06,3,38,3,0,2,1,0,0,0
25,2026-02-07,3,41,3,0,3,0,0,0,0
25,2026-02-08,3,44,2,1,1,1,1,0,0
25,2026-02-09,1,45,0,1,0,0,1,0,0
25,2026-02-10,1,46,1,0,0,1,0,0,0
26,2026-01-14,0,0,0,0,0,0,0,0,0
26,2026-01-15,0,0,0,0,0,0,0,0,0
26,2026-01-16,0,0,0,0,0,0,0,0,0
26,2026-01-17,0,0,0,0,0,0,0,0,0
26,2026-01-18,0,0,0,0,0,0,0,0,0
26,2026-01-19,0,0,0,0,0,0,0,0,0
26,2026-01-20,0,0,0,0,0,0,0,0,0
26,2026-01-21,0,0,0,0,0,0,0,0,0
26,2026-01-22,0,0,0,0,0,0,0,0,0
26,2026-01-23,0,0,0,0,0,0,0,0,0
26,2026-01-24,0,0,0,0,0,0,0,0,0
26,2026-01-25,1,1,1,0,0,1,0,0,0
26,2026-01-26,2,3,2,0,1,1,0,0,0
26,2026-01-27,1,4,1,0,0,1,0,0,0
26,2026-01-28,0,4,0,0,0,0,0,0,0
26,2026-01-29,5,9,5,0,1,2,0,2,0
26,2026-01-30,2,11,1,1,1,0,0,0,1
26,2026-01-31,4,15,4,0,0,4,0,0,0
26,2026-02-01,3,18,1,2,1,0,1,0,1
26,2026-02-02,3,21,2,1,0,2,1,0,0
26,2026-02-03,2,23,1,1,1,0,1,0,0
26,2026-02-04,4,27,1,3,0,0,3,1,0
26,2026-02-05,1,28,1,0,1,0,0,0,0
26,2026-02-06,0,28,0,0,0,0,0,0,0
26,2026-02-07,1,29,0,1,0,0,1,0,0
26,2026-02-08,4,33,2,2,2,0,2,0,0
26,2026-02-09,2,35,2,0,0,2,0,0,0
26,2026-02-10,1,36,1,0,1,0,0,0,0
27,2026-01-14,0,0,0,0,0,0,0,0,0
27,2026-01-15,0,0,0,0,0,0,0,0,0
27,2026-01-16,0,0,0,0,0,0,0,0,0
27,2026-01-17,0,0,0,0,0,0,0,0,0
27,2026-01-18,0,0,0,0,0,0,0,0,0
27,2026-01-19,0,0,0,0,0,0,0,0,0
27,2026-01-20,0,0,0,0,0,0,0,0,0
27,2026-01-21,0,0,0,0,0,0,0,0,0
27,2026-01-22,0,0,0,0,0,0,0,0,0
27,2026-01-23,0,0,0,0,0,0,0,0,0
27,2026-01-24,0,0,0,0,0,0,0,0,0
27,2026-01-25,4,4,3,1,1,2,1,0,0
27,2026-01-26,2,6,1,1,0,0,1,1,0
27,2026-01-27,5,11,4,1,0,4,0,0,1
27,2026-01-28,3,14,3,0,2,1,0,0,0
27,2026-01-29,2,16,2,0,1,1,0,0,0
27,2026-01-30,3,19,1,2,0,1,2,0,0
27,2026-01-31,3,22,3,0,0,2,0,1,0
27,2026-02-01,3,25,2,1,0,2,1,0,0
27,2026-02-02,5,30,4,1,2,2,0,0,1
27,2026-02-03,7,37,7,0,2,4,0,1,0
27,2026-02-04,5,42,5,0,1,3,0,1,0
27,2026-02-05,3,45,2,1,0,2,1,0,0
27,2026-02-06,2,47,0,2,0,0,0,0,2
27,2026-02-07,3,50,3,0,1,2,0,0,0
27,2026-02-08,2,52,2,0,1,1,0,0,0
27,2026-02-09,2,54,2,0,0,1,0,1,0
27,2026-02-10,2,56,2,0,1,1,0,0,0
28,2026-01-14,0,0,0,0,0,0,0,0,0
28,2026-01-15,0,0,0,0,0,0,0,0,0
28,2026-01-16,0,0,0,0,0,0,0,0,0
28,2026-01-17,0,0,0,0,0,0,0,0,0
28,2026-01-18,0,0,0,0,0,0,0,0,0
28,2026-01-19,0,0,0,0,0,0,0,0,0
28,2026-01-20,0,0,0,0,0,0,0,0,0
28,2026-01-21,0,0,0,0,0,0,0,0,0
28,2026-01-22,0,0,0,0,0,0,0,0,0
28,2026-01-23,0,0,0,0,0,0,0,0,0
28,2026-01-24,0,0,0,0,0,0,0,0,0
28,2026-01-25,2,2,2,0,1,1,0,0,0
28,2026-01-26,3,5,2,1,1,1,1,0,0
28,2026-01-27,5,10,5,0,1,3,0,1,0
28,2026-01-28,2,12,2,0,0,2,0,0,0
28,2026-01-29,3,15,3,0,0,3,0,0,0
28,2026-01-30,5,20,4,1,2,2,0,0,1
28,2026-01-31,3,23,3,0,0,3,0,0,0
28,2026-02-01,2,25,2,0,0,2,0,0,0
28,2026-02-02,4,29,4,0,3,1,0,0,0
28,2026-02-03,8,37,6,2,2,4,2,0,0
28,2026-02-04,6,43,6,0,0,4,0,2,0
28,2026-02-05,2,45,2,0,1,1,0,0,0
28,2026-02-06,3,48,3,0,0,3,0,0,0
28,2026-02-07,1,49,1,0,0,1,0,0,0
28,2026-02-08,5,54,4,1,0,4,1,0,0
28,2026-02-09,2,56,2,0,2,0,0,0,0
28,2026-02-10,4,60,3,1,2,1,1,0,0
29,2026-01-14,0,0,0,0,0,0,0,0,0
29,2026-01-15,0,0,0,0,0,0,0,0,0
29,2026-01-16,0,0,0,0,0,0,0,0,0
29,2026-01-17,0,0,0,0,0,0,0,0,0
29,2026-01-18,0,0,0,0,0,0,0,0,0
29,2026-01-19,0,0,0,0,0,0,0,0,0
29,2026-01-20,0,0,0,0,0,0,0,0,0
29,2026-01-21,0,0,0,0,0,0,0,0,0
29,2026-01-22,0,0,0,0,0,0,0,0,0
29,2026-01-23,0,0,0,0,0,0,0,0,0
29,2026-01-24,0,0,0,0,0,0,0,0,0
29,2026-01-25,4,4,3,1,2,1,1,0,0
29,2026-01-26,3,7,3,0,1,2,0,0,0
29,2026-01-27,6,13,5,1,1,3,0,1,1
29,2026-01-28,2,15,2,0,1,1,0,0,0
29,2026-01-29,4,19,3,1,1,2,1,0,0
29,2026-01-30,5,24,5,0,1,4,0,0,0
29,2026-01-31,1,25,1,0,0,1,0,0,0
29,2026-02-01,3,28,2,1,0,2,0,0,1
29,2026-02-02,4,32,4,0,1,3,0,0,0
29,2026-02-03,6,38,5,1,1,4,1,0,0
29,2026-02-04,5,43,4,1,3,1,1,0,0
29,2026-02-05,5,48,3,2,1,2,2,0,0
29,2026-02-06,1,49,1,0,1,0,0,0,0
29,2026-02-07,3,52,3,0,0,3,0,0,0
29,2026-02-08,0,52,0,0,0,0,0,0,0
29,2026-02-09,2,54,2,0,1,0,0,1,0
29,2026-02-10,4,58,4,0,1,2,0,1,0
30,2026-01-14,0,0,0,0,0,0,0,0,0
30,2026-01-15,0,0,0,0,0,0,0,0,0
30,2026-01-16,0,0,0,0,0,0,0,0,0
30,2026-01-17,0,0,0,0,0,0,0,0,0
30,2026-01-18,0,0,0,0,0,0,0,0,0
30,2026-01-19,0,0,0,0,0,0,0,0,0
30,2026-01-20,0,0,0,0,0,0,0,0,0
30,2026-01-21,0,0,0,0,0,0,0,0,0
30,2026-01-22,0,0,0,0,0,0,0,0,0
30,2026-01-23,0,0,0,0,0,0,0,0,0
30,2026-01-24,0,0,0,0,0,0,0,0,0
30,2026-01-25,5,5,5,0,2,3,0,0,0
30,2026-01-26,1,6,1,0,0,0,0,1,0
30,2026-01-27,6,12,6,0,1,5,0,0,0
30,2026-01-28,2,14,1,1,1,0,1,0,0
30,2026-01-29,0,14,0,0,0,0,0,0,0
30,2026-01-30,0,14,0,0,0,0,0,0,0
30,2026-01-31,3,17,2,1,1,1,1,0,0
30,2026-02-01,0,17,0,0,0,0,0,0,0
30,2026-02-02,1,18,1,0,1,0,0,0,0
30,2026-02-03,0,18,0,0,0,0,0,0,0
30,2026-02-04,0,18,0,0,0,0,0,0,0
30,2026-02-05,0,18,0,0,0,0,0,0,0
30,2026-02-06,0,18,0,0,0,0,0,0,0
30,2026-02-07,0,18,0,0,0,0,0,0,0
30,2026-02-08,1,19,0,1,0,0,0,0,1
30,2026-02-09,0,19,0,0,0,0,0,0,0
30,2026-02-10,0,19,0,0,0,0,0,0,0
31,2026-01-14,0,0,0,0,0,0,0,0,0
31,2026-01-15,0,0,0,0,0,0,0,0,0
31,2026-01-16,0,0,0,0,0,0,0,0,0
31,2026-01-17,0,0,0,0,0,0,0,0,0
31,2026-01-18,0,0,0,0,0,0,0,0,0
31,2026-01-19,0,0,0,0,0,0,0,0,0
31,2026-01-20,0,0,0,0,0,0,0,0,0
31,2026-01-21,0,0,0,0,0,0,0,0,0
31,2026-01-22,0,0,0,0,0,0,0,0,0
31,2026-01-23,0,0,0,0,0,0,0,0,0
31,2026-01-24,0,0,0,0,0,0,0,0,0
31,2026-01-25,2,2,2,0,0,2,0,0,0
31,2026-01-26,1,3,0,1,0,0,1,0,0
31,2026-01-27,3,6,3,0,0,3,0,0,0
31,2026-01-28,5,11,5,0,2,2,0,1,0
31,2026-01-29,0,11,0,0,0,0,0,0,0
31,2026-01-30,3,14,3,0,0,3,0,0,0
31,2026-01-31,1,15,1,0,1,0,0,0,0
31,2026-02-01,7,22,7,0,3,3,0,1,0
31,2026-02-02,1,23,1,0,0,1,0,0,0
31,2026-02-03,2,25,2,0,0,2,0,0,0
31,2026-02-04,0,25,0,0,0,0,0,0,0
31,2026-02-05,2,27,2,0,1,1,0,0,0
31,2026-02-06,4,31,2,2,0,2,2,0,0
31,2026-02-07,3,34,3,0,0,3,0,0,0
31,2026-02-08,2,36,2,0,0,2,0,0,0
31,2026-02-09,0,36,0,0,0,0,0,0,0
31,2026-02-10,0,36,0,0,0,0,0,0,0
32,2026-01-14,0,0,0,0,0,0,0,0,0
32,2026-01-15,0,0,0,0,0,0,0,0,0
32,2026-01-16,0,0,0,0,0,0,0,0,0
32,2026-01-17,0,0,0,0,0,0,0,0,0
32,2026-01-18,0,0,0,0,0,0,0,0,0
32,2026-01-19,0,0,0,0,0,0,0,0,0
32,2026-01-20,0,0,0,0,0,0,0,0,0
32,2026-01-21,0,0,0,0,0,0,0,0,0
32,2026-01-22,0,0,0,0,0,0,0,0,0
32,2026-01-23,0,0,0,0,0,0,0,0,0
32,2026-01-24,0,0,0,0,0,0,0,0,0
32,2026-01-25,4,4,4,0,0,4,0,0,0
32,2026-01-26,5,9,3,2,1,2,1,0,1
32,2026-01-27,2,11,2,0,0,2,0,0,0
32,2026-01-28,3,14,3,0,3,0,0,0,0
32,2026-01-29,5,19,2,3,1,0,2,1,1
32,2026-01-30,5,24,2,3,1,1,3,0,0
32,2026-01-31,3,27,2,1,0,2,1,0,0
32,2026-02-01,2,29,2,0,1,1,0,0,0
32,2026-02-02,1,30,1,0,0,1,0,0,0
32,2026-02-03,2,32,2,0,1,1,0,0,0
32,2026-02-04,3,35,1,2,1,0,1,0,1
32,2026-02-05,1,36,0,1,0,0,0,0,1
32,2026-02-06,1,37,1,0,0,0,0,1,0
32,2026-02-07,2,39,2,0,0,1,0,1,0
32,2026-02-08,4,43,3,1,1,2,1,0,0
32,2026-02-09,1,44,0,1,0,0,1,0,0
32,2026-02-10,2,46,2,0,0,2,0,0,0
33,2026-01-14,0,0,0,0,0,0,0,0,0
33,2026-01-15,0,0,0,0,0,0,0,0,0
33,2026-01-16,0,0,0,0,0,0,0,0,0
33,2026-01-17,0,0,0,0,0,0,0,0,0
33,2026-01-18,0,0,0,0,0,0,0,0,0
33,2026-01-19,0,0,0,0,0,0,0,0,0
33,2026-01-20,0,0,0,0,0,0,0,0,0
33,2026-01-21,0,0,0,0,0,0,0,0,0
33,2026-01-22,0,0,0,0,0,0,0,0,0
33,2026-01-23,0,0,0,0,0,0,0,0,0
33,2026-01-24,0,0,0,0,0,0,0,0,0
33,2026-01-25,2,2,1,1,0,1,1,0,0
33,2026-01-26,3,5,2,1,0,2,1,0,0
33,2026-01-27,3,8,3,0,0,2,0,1,0
33,2026-01-28,2,10,2,0,1,1,0,0,0
33,2026-01-29,2,12,2,0,1,1,0,0,0
33,2026-01-30,2,14,0,2,0,0,1,0,1
33,2026-01-31,1,15,1,0,0,1,0,0,0
33,2026-02-01,2,17,1,1,0,1,1,0,0
33,2026-02-02,3,20,2,1,0,2,1,0,0
33,2026-02-03,3,23,3,0,2,1,0,0,0
33,2026-02-04,3,26,3,0,2,0,0,1,0
33,2026-02-05,3,29,3,0,1,1,0,1,0
33,2026-02-06,4,33,4,0,1,2,0,1,0
33,2026-02-07,0,33,0,0,0,0,0,0,0
33,2026-02-08,4,37,3,1,0,3,1,0,0
33,2026-02-09,2,39,1,1,0,0,1,1,0
33,2026-02-10,2,41,2,0,0,2,0,0,0
34,2026-01-14,0,0,0,0,0,0,0,0,0
34,2026-01-15,0,0,0,0,0,0,0,0,0
34,2026-01-16,0,0,0,0,0,0,0,0,0
34,2026-01-17,0,0,0,0,0,0,0,0,0
34,2026-01-18,0,0,0,0,0,0,0,0,0
34,2026-01-19,0,0,0,0,0,0,0,0,0
34,2026-01-20,0,0,0,0,0,0,0,0,0
34,2026-01-21,0,0,0,0,0,0,0,0,0
34,2026-01-22,0,0,0,0,0,0,0,0,0
34,2026-01-23,0,0,0,0,0,0,0,0,0
34,2026-01-24,0,0,0,0,0,0,0,0,0
34,2026-01-25,2,2,1,1,0,1,1,0,0
34,2026-01-26,4,6,4,0,1,3,0,0,0
34,2026-01-27,2,8,2,0,1,1,0,0,0
34,2026-01-28,3,11,2,1,1,1,0,0,1
34,2026-01-29,5,16,5,0,2,2,0,1,0
34,2026-01-30,3,19,3,0,1,2,0,0,0
34,2026-01-31,3,22,2,1,1,1,1,0,0
34,2026-02-01,2,24,1,1,1,0,1,0,0
34,2026-02-02,4,28,4,0,1,3,0,0,0
34,2026-02-03,3,31,2,1,0,1,0,1,1
34,2026-02-04,3,34,1,2,0,1,2,0,0
34,2026-02-05,3,37,2,1,0,1,0,1,1
34,2026-02-06,5,42,3,2,1,2,2,0,0
34,2026-02-07,4,46,3,1,0,2,1,1,0
34,2026-02-08,2,48,2,0,0,1,0,1,0
34,2026-02-09,5,53,4,1,0,3,1,1,0
34,2026-02-10,4,57,2,2,0,2,2,0,0
35,2026-01-14,0,0,0,0,0,0,0,0,0
35,2026-01-15,0,0,0,0,0,0,0,0,0
35,2026-01-16,0,0,0,0,0,0,0,0,0
35,2026-01-17,0,0,0,0,0,0,0,0,0
35,2026-01-18,0,0,0,0,0,0,0,0,0
35,2026-01-19,0,0,0,0,0,0,0,0,0
35,2026-01-20,0,0,0,0,0,0,0,0,0
35,2026-01-21,0,0,0,0,0,0,0,0,0
35,2026-01-22,0,0,0,0,0,0,0,0,0
35,2026-01-23,0,0,0,0,0,0,0,0,0
35,2026-01-24,0,0,0,0,0,0,0,0,0
35,2026-01-25,1,1,1,0,0,1,0,0,0
35,2026-01-26,3,4,3,0,1,2,0,0,0
35,2026-01-27,4,8,4,0,1,3,0,0,0
35,2026-01-28,2,10,2,0,0,2,0,0,0
35,2026-01-29,2,12,0,2,0,0,2,0,0
35,2026-01-30,0,12,0,0,0,0,0,0,0
35,2026-01-31,2,14,1,1,0,1,1,0,0
35,2026-02-01,1,15,1,0,1,0,0,0,0
35,2026-02-02,1,16,1,0,0,1,0,0,0
35,2026-02-03,1,17,1,0,1,0,0,0,0
35,2026-02-04,1,18,1,0,0,1,0,0,0
35,2026-02-05,0,18,0,0,0,0,0,0,0
35,2026-02-06,2,20,2,0,0,2,0,0,0
35,2026-02-07,0,20,0,0,0,0,0,0,0
35,2026-02-08,0,20,0,0,0,0,0,0,0
35,2026-02-09,2,22,2,0,1,1,0,0,0
35,2026-02-10,1,23,1,0,1,0,0,0,0
36,2026-01-14,0,0,0,0,0,0,0,0,0
36,2026-01-15,0,0,0,0,0,0,0,0,0
36,2026-01-16,0,0,0,0,0,0,0,0,0
36,2026-01-17,0,0,0,0,0,0,0,0,0
36,2026-01-18,0,0,0,0,0,0,0,0,0
36,2026-01-19,0,0,0,0,0,0,0,0,0
36,2026-01-20,0,0,0,0,0,0,0,0,0
36,2026-01-21,0,0,0,0,0,0,0,0,0
36,2026-01-22,0,0,0,0,0,0,0,0,0
36,2026-01-23,0,0,0,0,0,0,0,0,0
36,2026-01-24,0,0,0,0,0,0,0,0,0
36,2026-01-25,6,6,3,3,1,2,2,0,1
36,2026-01-26,1,7,1,0,1,0,0,0,0
36,2026-01-27,4,11,3,1,1,1,1,1,0
36,2026-01-28,4,15,2,2,0,2,2,0,0
36,2026-01-29,3,18,3,0,1,2,0,0,0
36,2026-01-30,6,24,5,1,2,3,1,0,0
36,2026-01-31,2,26,1,1,0,1,0,0,1
36,2026-02-01,0,26,0,0,0,0,0,0,0
36,2026-02-02,3,29,0,3,0,0,3,0,0
36,2026-02-03,6,35,4,2,1,2,2,1,0
36,2026-02-04,4,39,3,1,1,2,1,0,0
36,2026-02-05,4,43,2,2,0,2,2,0,0
36,2026-02-06,1,44,1,0,0,1,0,0,0
36,2026-02-07,1,45,1,0,1,0,0,0,0
36,2026-02-08,4,49,4,0,2,2,0,0,0
36,2026-02-09,6,55,4,2,2,2,2,0,0
36,2026-02-10,3,58,1,2,0,1,1,0,1
37,2026-01-14,0,0,0,0,0,0,0,0,0
37,2026-01-15,0,0,0,0,0,0,0,0,0
37,2026-01-16,0,0,0,0,0,0,0,0,0
37,2026-01-17,0,0,0,0,0,0,0,0,0
37,2026-01-18,0,0,0,0,0,0,0,0,0
37,2026-01-19,0,0,0,0,0,0,0,0,0
37,2026-01-20,0,0,0,0,0,0,0,0,0
37,2026-01-21,0,0,0,0,0,0,0,0,0
37,2026-01-22,0,0,0,0,0,0,0,0,0
37,2026-01-23,0,0,0,0,0,0,0,0,0
37,2026-01-24,0,0,0,0,0,0,0,0,0
37,2026-01-25,3,3,3,0,0,2,0,1,0
37,2026-01-26,2,5,2,0,0,2,0,0,0
37,2026-01-27,1,6,1,0,0,1,0,0,0
37,2026-01-28,4,10,3,1,2,1,1,0,0
37,2026-01-29,3,13,3,0,1,2,0,0,0
37,2026-01-30,6,19,4,2,1,2,2,1,0
37,2026-01-31,3,22,3,0,0,3,0,0,0
37,2026-02-01,4,26,3,1,1,2,1,0,0
37,2026-02-02,0,26,0,0,0,0,0,0,0
37,2026-02-03,4,30,1,3,1,0,1,0,2
37,2026-02-04,5,35,3,2,1,2,2,0,0
37,2026-02-05,3,38,3,0,1,2,0,0,0
37,2026-02-06,4,42,3,1,0,2,0,1,1
37,2026-02-07,3,45,2,1,1,1,1,0,0
37,2026-02-08,3,48,1,2,1,0,1,0,1
37,2026-02-09,4,52,4,0,1,3,0,0,0
37,2026-02-10,3,55,3,0,1,2,0,0,0
38,2026-01-14,0,0,0,0,0,0,0,0,0
38,2026-01-15,0,0,0,0,0,0,0,0,0
38,2026-01-16,0,0,0,0,0,0,0,0,0
38,2026-01-17,0,0,0,0,0,0,0,0,0
38,2026-01-18,0,0,0,0,0,0,0,0,0
38,2026-01-19,0,0,0,0,0,0,0,0,0
38,2026-01-20,0,0,0,0,0,0,0,0,0
38,2026-01-21,0,0,0,0,0,0,0,0,0
38,2026-01-22,0,0,0,0,0,0,0,0,0
38,2026-01-23,0,0,0,0,0,0,0,0,0
38,2026-01-24,0,0,0,0,0,0,0,0,0
38,2026-01-25,1,1,1,0,0,1,0,0,0
38,2026-01-26,4,5,1,3,0,1,2,0,1
38,2026-01-27,3,8,1,2,0,1,0,0,2
38,2026-01-28,1,9,1,0,0,1,0,0,0
38,2026-01-29,4,13,3,1,0,3,1,0,0
38,2026-01-30,0,13,0,0,0,0,0,0,0
38,2026-01-31,2,15,2,0,1,1,0,0,0
38,2026-02-01,0,15,0,0,0,0,0,0,0
38,2026-02-02,1,16,1,0,0,1,0,0,0
38,2026-02-03,1,17,0,1,0,0,0,0,1
38,2026-02-04,1,18,1,0,1,0,0,0,0
38,2026-02-05,3,21,3,0,0,1,0,2,0
38,2026-02-06,0,21,0,0,0,0,0,0,0
38,2026-02-07,0,21,0,0,0,0,0,0,0
38,2026-02-08,1,22,1,0,0,0,0,1,0
38,2026-02-09,2,24,1,1,1,0,0,0,1
38,2026-02-10,1,25,1,0,1,0,0,0,0
39,2026-01-14,0,0,0,0,0,0,0,0,0
39,2026-01-15,0,0,0,0,0,0,0,0,0
39,2026-01-16,0,0,0,0,0,0,0,0,0
39,2026-01-17,0,0,0,0,0,0,0,0,0
39,2026-01-18,0,0,0,0,0,0,0,0,0
39,2026-01-19,0,0,0,0,0,0,0,0,0
39,2026-01-20,0,0,0,0,0,0,0,0,0
39,2026-01-21,0,0,0,0,0,0,0,0,0
39,2026-01-22,0,0,0,0,0,0,0,0,0
39,2026-01-23,0,0,0,0,0,0,0,0,0
39,2026-01-24,0,0,0,0,0,0,0,0,0
39,2026-01-25,1,1,1,0,0,1,0,0,0
39,2026-01-26,3,4,3,0,0,3,0,0,0
39,2026-01-27,4,8,3,1,2,1,1,0,0
39,2026-01-28,4,12,3,1,1,2,1,0,0
39,2026-01-29,0,12,0,0,0,0,0,0,0
39,2026-01-30,0,12,0,0,0,0,0,0,0
39,2026-01-31,2,14,2,0,0,2,0,0,0
39,2026-02-01,3,17,3,0,0,1,0,2,0
39,2026-02-02,0,17,0,0,0,0,0,0,0
39,2026-02-03,1,18,1,0,0,1,0,0,0
39,2026-02-04,2,20,1,1,0,1,1,0,0
39,2026-02-05,2,22,2,0,1,1,0,0,0
39,2026-02-06,1,23,1,0,0,1,0,0,0
39,2026-02-07,0,23,0,0,0,0,0,0,0
39,2026-02-08,0,23,0,0,0,0,0,0,0
39,2026-02-09,0,23,0,0,0,0,0,0,0
39,2026-02-10,1,24,1,0,0,1,0,0,0
40,2026-01-14,0,0,0,0,0,0,0,0,0
40,2026-01-15,0,0,0,0,0,0,0,0,0
40,2026-01-16,0,0,0,0,0,0,0,0,0
40,2026-01-17,0,0,0,0,0,0,0,0,0
40,2026-01-18,0,0,0,0,0,0,0,0,0
40,2026-01-19,0,0,0,0,0,0,0,0,0
40,2026-01-20,0,0,0,0,0,0,0,0,0
40,2026-01-21,0,0,0,0,0,0,0,0,0
40,2026-01-22,0,0,0,0,0,0,0,0,0
40,2026-01-23,0,0,0,0,0,0,0,0,0
40,2026-01-24,0,0,0,0,0,0,0,0,0
40,2026-01-25,3,3,3,0,2,1,0,0,0
40,2026-01-26,5,8,5,0,1,4,0,0,0
40,2026-01-27,3,11,3,0,1,1,0,1,0
40,2026-01-28,3,14,3,0,1,2,0,0,0
40,2026-01-29,1,15,1,0,0,1,0,0,0
40,2026-01-30,4,19,4,0,2,2,0,0,0
40,2026-01-31,1,20,1,0,0,1,0,0,0
40,2026-02-01,3,23,2,1,0,1,0,1,1
40,2026-02-02,1,24,1,0,0,1,0,0,0
40,2026-02-03,1,25,1,0,1,0,0,0,0
40,2026-02-04,2,27,2,0,1,1,0,0,0
40,2026-02-05,3,30,3,0,1,2,0,0,0
40,2026-02-06,3,33,3,0,1,2,0,0,0
40,2026-02-07,7,40,5,2,2,3,2,0,0
40,2026-02-08,3,43,2,1,0,2,1,0,0
40,2026-02-09,2,45,1,1,0,1,1,0,0
40,2026-02-10,2,47,2,0,0,2,0,0,0
41,2026-01-14,0,0,0,0,0,0,0,0,0
41,2026-01-15,0,0,0,0,0,0,0,0,0
41,2026-01-16,0,0,0,0,0,0,0,0,0
41,2026-01-17,0,0,0,0,0,0,0,0,0
41,2026-01-18,0,0,0,0,0,0,0,0,0
41,2026-01-19,0,0,0,0,0,0,0,0,0
41,2026-01-20,0,0,0,0,0,0,0,0,0
41,2026-01-21,0,0,0,0,0,0,0,0,0
41,2026-01-22,0,0,0,0,0,0,0,0,0
41,2026-01-23,0,0,0,0,0,0,0,0,0
41,2026-01-24,0,0,0,0,0,0,0,0,0
41,2026-01-25,6,6,4,2,2,2,2,0,0
41,2026-01-26,3,9,2,1,2,0,0,0,1
41,2026-01-27,4,13,4,0,1,3,0,0,0
41,2026-01-28,3,16,2,1,1,1,1,0,0
41,2026-01-29,2,18,2,0,0,2,0,0,0
41,2026-01-30,7,25,6,1,2,4,1,0,0
41,2026-01-31,3,28,3,0,1,1,0,1,0
41,2026-02-01,3,31,3,0,2,1,0,0,0
41,2026-02-02,3,34,3,0,2,1,0,0,0
41,2026-02-03,3,37,2,1,1,1,1,0,0
41,2026-02-04,4,41,3,1,0,1,0,2,1
41,2026-02-05,2,43,1,1,0,1,0,0,1
41,2026-02-06,1,44,1,0,0,1,0,0,0
41,2026-02-07,6,50,3,3,1,2,2,0,1
41,2026-02-08,2,52,2,0,1,1,0,0,0
41,2026-02-09,5,57,3,2,1,2,1,0,1
41,2026-02-10,3,60,3,0,1,2,0,0,0
42,2026-01-14,0,0,0,0,0,0,0,0,0
42,2026-01-15,0,0,0,0,0,0,0,0,0
42,2026-01-16,0,0,0,0,0,0,0,0,0
42,2026-01-17,0,0,0,0,0,0,0,0,0
42,2026-01-18,0,0,0,0,0,0,0,0,0
42,2026-01-19,0,0,0,0,0,0,0,0,0
42,2026-01-20,0,0,0,0,0,0,0,0,0
42,2026-01-21,0,0,0,0,0,0,0,0,0
42,2026-01-22,0,0,0,0,0,0,0,0,0
42,2026-01-23,0,0,0,0,0,0,0,0,0
42,2026-01-24,0,0,0,0,0,0,0,0,0
42,2026-01-25,0,0,0,0,0,0,0,0,0
42,2026-01-26,6,6,5,1,0,5,1,0,0
42,2026-01-27,3,9,1,2,0,1,1,0,1
42,2026-01-28,3,12,1,2,0,1,0,0,2
42,2026-01-29,1,13,1,0,1,0,0,0,0
42,2026-01-30,2,15,2,0,0,2,0,0,0
42,2026-01-31,2,17,2,0,2,0,0,0,0
42,2026-02-01,1,18,1,0,0,1,0,0,0
42,2026-02-02,1,19,0,1,0,0,1,0,0
42,2026-02-03,3,22,3,0,0,3,0,0,0
42,2026-02-04,2,24,2,0,0,1,0,1,0
42,2026-02-05,1,25,1,0,1,0,0,0,0
42,2026-02-06,0,25,0,0,0,0,0,0,0
42,2026-02-07,1,26,1,0,0,1,0,0,0
42,2026-02-08,0,26,0,0,0,0,0,0,0
42,2026-02-09,1,27,1,0,1,0,0,0,0
42,2026-02-10,1,28,1,0,1,0,0,0,0
43,2026-01-14,0,0,0,0,0,0,0,0,0
43,2026-01-15,0,0,0,0,0,0,0,0,0
43,2026-01-16,0,0,0,0,0,0,0,0,0
43,2026-01-17,0,0,0,0,0,0,0,0,0
43,2026-01-18,0,0,0,0,0,0,0,0,0
43,2026-01-19,0,0,0,0,0,0,0,0,0
43,2026-01-20,0,0,0,0,0,0,0,0,0
43,2026-01-21,0,0,0,0,0,0,0,0,0
43,2026-01-22,0,0,0,0,0,0,0,0,0
43,2026-01-23,0,0,0,0,0,0,0,0,0
43,2026-01-24,0,0,0,0,0,0,0,0,0
43,2026-01-25,5,5,3,2,1,2,2,0,0
43,2026-01-26,3,8,3,0,1,0,0,2,0
43,2026-01-27,4,12,4,0,1,1,0,2,0
43,2026-01-28,5,17,5,0,1,4,0,0,0
43,2026-01-29,4,21,4,0,1,3,0,0,0
43,2026-01-30,3,24,3,0,1,0,0,2,0
43,2026-01-31,5,29,5,0,2,2,0,1,0
43,2026-02-01,6,35,5,1,3,2,1,0,0
43,2026-02-02,2,37,1,1,1,0,1,0,0
43,2026-02-03,2,39,1,1,0,1,1,0,0
43,2026-02-04,7,46,6,1,1,5,1,0,0
43,2026-02-05,5,51,4,1,0,3,1,1,0
43,2026-02-06,9,60,8,1,1,6,0,1,1
43,2026-02-07,9,69,8,1,4,4,0,0,1
43,2026-02-08,6,75,6,0,0,6,0,0,0
43,2026-02-09,5,80,4,1,0,3,0,1,1
43,2026-02-10,5,85,4,1,2,2,1,0,0
44,2026-01-14,0,0,0,0,0,0,0,0,0
44,2026-01-15,0,0,0,0,0,0,0,0,0
44,2026-01-16,0,0,0,0,0,0,0,0,0
44,2026-01-17,0,0,0,0,0,0,0,0,0
44,2026-01-18,0,0,0,0,0,0,0,0,0
44,2026-01-19,0,0,0,0,0,0,0,0,0
44,2026-01-20,0,0,0,0,0,0,0,0,0
44,2026-01-21,0,0,0,0,0,0,0,0,0
44,2026-01-22,0,0,0,0,0,0,0,0,0
44,2026-01-23,0,0,0,0,0,0,0,0,0
44,2026-01-24,0,0,0,0,0,0,0,0,0
44,2026-01-25,4,4,4,0,1,3,0,0,0
44,2026-01-26,3,7,2,1,2,0,1,0,0
44,2026-01-27,3,10,3,0,0,3,0,0,0
44,2026-01-28,8,18,6,2,2,3,1,1,1
44,2026-01-29,9,27,8,1,0,7,1,1,0
44,2026-01-30,5,32,3,2,1,2,2,0,0
44,2026-01-31,1,33,1,0,1,0,0,0,0
44,2026-02-01,2,35,2,0,0,1,0,1,0
44,2026-02-02,2,37,2,0,1,1,0,0,0
44,2026-02-03,2,39,1,1,0,1,1,0,0
44,2026-02-04,3,42,1,2,0,1,1,0,1
44,2026-02-05,4,46,3,1,0,3,1,0,0
44,2026-02-06,3,49,3,0,0,3,0,0,0
44,2026-02-07,6,55,5,1,2,3,1,0,0
44,2026-02-08,6,61,6,0,2,4,0,0,0
44,2026-02-09,4,65,1,3,1,0,3,0,0
44,2026-02-10,3,68,3,0,1,2,0,0,0
45,2026-01-14,0,0,0,0,0,0,0,0,0
45,2026-01-15,0,0,0,0,0,0,0,0,0
45,2026-01-16,0,0,0,0,0,0,0,0,0
45,2026-01-17,0,0,0,0,0,0,0,0,0
45,2026-01-18,0,0,0,0,0,0,0,0,0
45,2026-01-19,0,0,0,0,0,0,0,0,0
45,2026-01-20,0,0,0,0,0,0,0,0,0
45,2026-01-21,0,0,0,0,0,0,0,0,0
45,2026-01-22,0,0,0,0,0,0,0,0,0
45,2026-01-23,0,0,0,0,0,0,0,0,0
45,2026-01-24,0,0,0,0,0,0,0,0,0
45,2026-01-25,0,0,0,0,0,0,0,0,0
45,2026-01-26,3,3,2,1,0,2,0,0,1
45,2026-01-27,5,8,5,0,0,5,0,0,0
45,2026-01-28,3,11,3,0,0,3,0,0,0
45,2026-01-29,4,15,3,1,1,2,0,0,1
45,2026-01-30,3,18,3,0,0,3,0,0,0
45,2026-01-31,2,20,2,0,0,2,0,0,0
45,2026-02-01,1,21,1,0,0,1,0,0,0
45,2026-02-02,5,26,4,1,2,2,1,0,0
45,2026-02-03,3,29,3,0,0,3,0,0,0
45,2026-02-04,0,29,0,0,0,0,0,0,0
45,2026-02-05,3,32,3,0,1,2,0,0,0
45,2026-02-06,1,33,1,0,0,1,0,0,0
45,2026-02-07,2,35,2,0,0,1,0,1,0
45,2026-02-08,1,36,1,0,1,0,0,0,0
45,2026-02-09,1,37,1,0,0,1,0,0,0
45,2026-02-10,0,37,0,0,0,0,0,0,0
46,2026-01-14,0,0,0,0,0,0,0,0,0
46,2026-01-15,0,0,0,0,0,0,0,0,0
46,2026-01-16,0,0,0,0,0,0,0,0,0
46,2026-01-17,0,0,0,0,0,0,0,0,0
46,2026-01-18,0,0,0,0,0,0,0,0,0
46,2026-01-19,0,0,0,0,0,0,0,0,0
46,2026-01-20,0,0,0,0,0,0,0,0,0
46,2026-01-21,0,0,0,0,0,0,0,0,0
46,2026-01-22,0,0,0,0,0,0,0,0,0
46,2026-01-23,0,0,0,0,0,0,0,0,0
46,2026-01-24,0,0,0,0,0,0,0,0,0
46,2026-01-25,5,5,5,0,3,1,0,1,0
46,2026-01-26,6,11,5,1,0,5,1,0,0
46,2026-01-27,5,16,3,2,2,1,2,0,0
46,2026-01-28,5,21,5,0,2,3,0,0,0
46,2026-01-29,4,25,3,1,0,3,1,0,0
46,2026-01-30,6,31,4,2,1,2,2,1,0
46,2026-01-31,5,36,3,2,2,1,1,0,1
46,2026-02-01,4,40,2,2,1,1,2,0,0
46,2026-02-02,4,44,4,0,0,3,0,1,0
46,2026-02-03,8,52,8,0,3,5,0,0,0
46,2026-02-04,6,58,4,2,2,2,2,0,0
46,2026-02-05,6,64,6,0,1,5,0,0,0
46,2026-02-06,4,68,4,0,1,1,0,2,0
46,2026-02-07,2,70,0,2,0,0,2,0,0
46,2026-02-08,4,74,4,0,1,2,0,1,0
46,2026-02-09,5,79,5,0,2,3,0,0,0
46,2026-02-10,7,86,5,2,3,1,1,1,1
47,2026-01-14,0,0,0,0,0,0,0,0,0
47,2026-01-15,0,0,0,0,0,0,0,0,0
47,2026-01-16,0,0,0,0,0,0,0,0,0
47,2026-01-17,0,0,0,0,0,0,0,0,0
47,2026-01-18,0,0,0,0,0,0,0,0,0
47,2026-01-19,0,0,0,0,0,0,0,0,0
47,2026-01-20,0,0,0,0,0,0,0,0,0
47,2026-01-21,0,0,0,0,0,0,0,0,0
47,2026-01-22,0,0,0,0,0,0,0,0,0
47,2026-01-23,0,0,0,0,0,0,0,0,0
47,2026-01-24,0,0,0,0,0,0,0,0,0
47,2026-01-25,1,1,1,0,0,1,0,0,0
47,2026-01-26,4,5,4,0,1,3,0,0,0
47,2026-01-27,3,8,1,2,1,0,2,0,0
47,2026-01-28,5,13,3,2,0,3,1,0,1
47,2026-01-29,5,18,4,1,0,1,1,3,0
47,2026-01-30,5,23,5,0,2,3,0,0,0
47,2026-01-31,4,27,3,1,0,2,1,1,0
47,2026-02-01,2,29,1,1,1,0,1,0,0
47,2026-02-02,0,29,0,0,0,0,0,0,0
47,2026-02-03,2,31,0,2,0,0,2,0,0
47,2026-02-04,5,36,5,0,0,3,0,2,0
47,2026-02-05,2,38,1,1,1,0,1,0,0
47,2026-02-06,1,39,1,0,1,0,0,0,0
47,2026-02-07,1,40,1,0,1,0,0,0,0
47,2026-02-08,4,44,4,0,0,4,0,0,0
47,2026-02-09,0,44,0,0,0,0,0,0,0
47,2026-02-10,2,46,2,0,0,2,0,0,0
48,2026-01-14,0,0,0,0,0,0,0,0,0
48,2026-01-15,0,0,0,0,0,0,0,0,0
48,2026-01-16,0,0,0,0,0,0,0,0,0
48,2026-01-17,0,0,0,0,0,0,0,0,0
48,2026-01-18,0,0,0,0,0,0,0,0,0
48,2026-01-19,0,0,0,0,0,0,0,0,0
48,2026-01-20,0,0,0,0,0,0,0,0,0
48,2026-01-21,0,0,0,0,0,0,0,0,0
48,2026-01-22,0,0,0,0,0,0,0,0,0
48,2026-01-23,0,0,0,0,0,0,0,0,0
48,2026-01-24,0,0,0,0,0,0,0,0,0
48,2026-01-25,4,4,4,0,2,2,0,0,0
48,2026-01-26,6,10,5,1,1,3,1,1,0
48,2026-01-27,1,11,1,0,1,0,0,0,0
48,2026-01-28,2,13,1,1,0,1,1,0,0
48,2026-01-29,3,16,3,0,0,2,0,1,0
48,2026-01-30,3,19,3,0,2,1,0,0,0
48,2026-01-31,7,26,7,0,1,6,0,0,0
48,2026-02-01,7,33,4,3,1,2,3,1,0
48,2026-02-02,5,38,2,3,1,1,2,0,1
48,2026-02-03,6,44,4,2,2,1,1,1,1
48,2026-02-04,2,46,1,1,0,1,1,0,0
48,2026-02-05,2,48,1,1,0,1,1,0,0
48,2026-02-06,6,54,5,1,1,4,1,0,0
48,2026-02-07,5,59,3,2,2,0,1,1,1
48,2026-02-08,2,61,2,0,1,1,0,0,0
48,2026-02-09,4,65,4,0,1,3,0,0,0
48,2026-02-10,4,69,4,0,0,3,0,1,0
49,2026-01-14,0,0,0,0,0,0,0,0,0
49,2026-01-15,0,0,0,0,0,0,0,0,0
49,2026-01-16,0,0,0,0,0,0,0,0,0
49,2026-01-17,0,0,0,0,0,0,0,0,0
49,2026-01-18,0,0,0,0,0,0,0,0,0
49,2026-01-19,0,0,0,0,0,0,0,0,0
49,2026-01-20,0,0,0,0,0,0,0,0,0
49,2026-01-21,0,0,0,0,0,0,0,0,0
49,2026-01-22,0,0,0,0,0,0,0,0,0
49,2026-01-23,0,0,0,0,0,0,0,0,0
49,2026-01-24,0,0,0,0,0,0,0,0,0
49,2026-01-25,5,5,5,0,1,4,0,0,0
49,2026-01-26,6,11,6,0,1,3,0,2,0
49,2026-01-27,0,11,0,0,0,0,0,0,0
49,2026-01-28,4,15,3,1,1,2,1,0,0
49,2026-01-29,3,18,2,1,2,0,1,0,0
49,2026-01-30,1,19,1,0,0,1,0,0,0
49,2026-01-31,3,22,3,0,1,1,0,1,0
49,2026-02-01,4,26,3,1,0,2,1,1,0
49,2026-02-02,4,30,4,0,2,2,0,0,0
49,2026-02-03,4,34,4,0,2,2,0,0,0
49,2026-02-04,2,36,2,0,1,0,0,1,0
49,2026-02-05,1,37,1,0,0,1,0,0,0
49,2026-02-06,1,38,1,0,1,0,0,0,0
49,2026-02-07,2,40,2,0,0,2,0,0,0
49,2026-02-08,3,43,3,0,0,3,0,0,0
49,2026-02-09,2,45,2,0,1,1,0,0,0
49,2026-02-10,3,48,3,0,0,2,0,1,0
50,2026-01-14,0,0,0,0,0,0,0,0,0
50,2026-01-15,0,0,0,0,0,0,0,0,0
50,2026-01-16,0,0,0,0,0,0,0,0,0
50,2026-01-17,0,0,0,0,0,0,0,0,0
50,2026-01-18,0,0,0,0,0,0,0,0,0
50,2026-01-19,0,0,0,0,0,0,0,0,0
50,2026-01-20,0,0,0,0,0,0,0,0,0
50,2026-01-21,0,0,0,0,0,0,0,0,0
50,2026-01-22,0,0,0,0,0,0,0,0,0
50,2026-01-23,0,0,0,0,0,0,0,0,0
50,2026-01-24,0,0,0,0,0,0,0,0,0
50,2026-01-25,2,2,2,0,1,1,0,0,0
50,2026-01-26,2,4,1,1,0,1,1,0,0
50,2026-01-27,0,4,0,0,0,0,0,0,0
50,2026-01-28,1,5,0,1,0,0,1,0,0
50,2026-01-29,0,5,0,0,0,0,0,0,0
50,2026-01-30,1,6,0,1,0,0,1,0,0
50,2026-01-31,2,8,0,2,0,0,1,0,1
50,2026-02-01,0,8,0,0,0,0,0,0,0
50,2026-02-02,2,10,2,0,0,2,0,0,0
50,2026-02-03,2,12,2,0,0,2,0,0,0
50,2026-02-04,1,13,1,0,0,0,0,1,0
50,2026-02-05,1,14,1,0,0,0,0,1,0
50,2026-02-06,1,15,1,0,0,1,0,0,0
50,2026-02-07,2,17,1,1,1,0,0,0,1
50,2026-02-08,1,18,1,0,0,1,0,0,0
50,2026-02-09,2,20,2,0,1,1,0,0,0
50,2026-02-10,0,20,0,0,0,0,0,0,0
51,2026-01-14,0,0,0,0,0,0,0,0,0
51,2026-01-15,0,0,0,0,0,0,0,0,0
51,2026-01-16,0,0,0,0,0,0,0,0,0
51,2026-01-17,0,0,0,0,0,0,0,0,0
51,2026-01-18,0,0,0,0,0,0,0,0,0
51,2026-01-19,0,0,0,0,0,0,0,0,0
51,2026-01-20,0,0,0,0,0,0,0,0,0
51,2026-01-21,0,0,0,0,0,0,0,0,0
51,2026-01-22,0,0,0,0,0,0,0,0,0
51,2026-01-23,0,0,0,0,0,0,0,0,0
51,2026-01-24,0,0,0,0,0,0,0,0,0
51,2026-01-25,4,4,2,2,1,1,2,0,0
51,2026-01-26,3,7,3,0,0,3,0,0,0
51,2026-01-27,1,8,1,0,0,1,0,0,0
51,2026-01-28,2,10,2,0,0,2,0,0,0
51,2026-01-29,2,12,2,0,0,2,0,0,0
51,2026-01-30,0,12,0,0,0,0,0,0,0
51,2026-01-31,2,14,0,2,0,0,2,0,0
51,2026-02-01,1,15,1,0,0,1,0,0,0
51,2026-02-02,2,17,2,0,1,1,0,0,0
51,2026-02-03,2,19,0,2,0,0,1,0,1
51,2026-02-04,2,21,2,0,1,1,0,0,0
51,2026-02-05,0,21,0,0,0,0,0,0,0
51,2026-02-06,2,23,2,0,2,0,0,0,0
51,2026-02-07,2,25,2,0,1,1,0,0,0
51,2026-02-08,2,27,2,0,0,2,0,0,0
51,2026-02-09,3,30,3,0,1,1,0,1,0
51,2026-02-10,2,32,2,0,0,2,0,0,0
52,2026-01-14,0,0,0,0,0,0,0,0,0
52,2026-01-15,0,0,0,0,0,0,0,0,0
52,2026-01-16,0,0,0,0,0,0,0,0,0
52,2026-01-17,0,0,0,0,0,0,0,0,0
52,2026-01-18,0,0,0,0,0,0,0,0,0
52,2026-01-19,0,0,0,0,0,0,0,0,0
52,2026-01-20,0,0,0,0,0,0,0,0,0
52,2026-01-21,0,0,0,0,0,0,0,0,0
52,2026-01-22,0,0,0,0,0,0,0,0,0
52,2026-01-23,0,0,0,0,0,0,0,0,0
52,2026-01-24,0,0,0,0,0,0,0,0,0
52,2026-01-25,1,1,1,0,1,0,0,0,0
52,2026-01-26,4,5,3,1,1,2,1,0,0
52,2026-01-27,5,10,5,0,1,4,0,0,0
52,2026-01-28,2,12,2,0,1,1,0,0,0
52,2026-01-29,0,12,0,0,0,0,0,0,0
52,2026-01-30,1,13,1,0,1,0,0,0,0
52,2026-01-31,3,16,2,1,1,1,0,0,1
52,2026-02-01,1,17,1,0,1,0,0,0,0
52,2026-02-02,1,18,1,0,0,1,0,0,0
52,2026-02-03,0,18,0,0,0,0,0,0,0
52,2026-02-04,1,19,1,0,0,1,0,0,0
52,2026-02-05,2,21,1,1,0,1,0,0,1
52,2026-02-06,0,21,0,0,0,0,0,0,0
52,2026-02-07,0,21,0,0,0,0,0,0,0
52,2026-02-08,1,22,1,0,1,0,0,0,0
52,2026-02-09,2,24,1,1,0,1,1,0,0
52,2026-02-10,0,24,0,0,0,0,0,0,0
53,2026-01-14,0,0,0,0,0,0,0,0,0
53,2026-01-15,0,0,0,0,0,0,0,0,0
53,2026-01-16,0,0,0,0,0,0,0,0,0
53,2026-01-17,0,0,0,0,0,0,0,0,0
53,2026-01-18,0,0,0,0,0,0,0,0,0
53,2026-01-19,0,0,0,0,0,0,0,0,0
53,2026-01-20,0,0,0,0,0,0,0,0,0
53,2026-01-21,0,0,0,0,0,0,0,0,0
53,2026-01-22,0,0,0,0,0,0,0,0,0
53,2026-01-23,0,0,0,0,0,0,0,0,0
53,2026-01-24,0,0,0,0,0,0,0,0,0
53,2026-01-25,1,1,1,0,1,0,0,0,0
53,2026-01-26,1,2,1,0,0,1,0,0,0
53,2026-01-27,0,2,0,0,0,0,0,0,0
53,2026-01-28,2,4,2,0,1,1,0,0,0
53,2026-01-29,4,8,2,2,0,2,1,0,1
53,2026-01-30,1,9,1,0,0,0,0,1,0
53,2026-01-31,2,11,1,1,0,1,0,0,1
53,2026-02-01,7,18,7,0,0,7,0,0,0
53,2026-02-02,0,18,0,0,0,0,0,0,0
53,2026-02-03,2,20,2,0,1,1,0,0,0
53,2026-02-04,3,23,3,0,2,1,0,0,0
53,2026-02-05,2,25,1,1,0,1,1,0,0
53,2026-02-06,3,28,3,0,1,1,0,1,0
53,2026-02-07,1,29,1,0,0,1,0,0,0
53,2026-02-08,1,30,1,0,0,1,0,0,0
53,2026-02-09,1,31,1,0,1,0,0,0,0
53,2026-02-10,2,33,1,1,1,0,1,0,0
54,2026-01-14,0,0,0,0,0,0,0,0,0
54,2026-01-15,0,0,0,0,0,0,0,0,0
54,2026-01-16,0,0,0,0,0,0,0,0,0
54,2026-01-17,0,0,0,0,0,0,0,0,0
54,2026-01-18,0,0,0,0,0,0,0,0,0
54,2026-01-19,0,0,0,0,0,0,0,0,0
54,2026-01-20,0,0,0,0,0,0,0,0,0
54,2026-01-21,0,0,0,0,0,0,0,0,0
54,2026-01-22,0,0,0,0,0,0,0,0,0
54,2026-01-23,0,0,0,0,0,0,0,0,0
54,2026-01-24,0,0,0,0,0,0,0,0,0
54,2026-01-25,3,3,1,2,0,0,2,1,0
54,2026-01-26,3,6,2,1,1,1,1,0,0
54,2026-01-27,4,10,4,0,2,1,0,1,0
54,2026-01-28,4,14,3,1,2,0,1,1,0
54,2026-01-29,4,18,3,1,1,2,1,0,0
54,2026-01-30,6,24,4,2,1,2,1,1,1
54,2026-01-31,3,27,3,0,3,0,0,0,0
54,2026-02-01,3,30,2,1,1,1,1,0,0
54,2026-02-02,4,34,4,0,1,1,0,2,0
54,2026-02-03,0,34,0,0,0,0,0,0,0
54,2026-02-04,1,35,1,0,1,0,0,0,0
54,2026-02-05,4,39,3,1,1,2,1,0,0
54,2026-02-06,2,41,2,0,1,1,0,0,0
54,2026-02-07,2,43,2,0,1,1,0,0,0
54,2026-02-08,3,46,3,0,0,3,0,0,0
54,2026-02-09,1,47,1,0,0,1,0,0,0
54,2026-02-10,2,49,1,1,0,1,1,0,0
55,2026-01-14,0,0,0,0,0,0,0,0,0
55,2026-01-15,0,0,0,0,0,0,0,0,0
55,2026-01-16,0,0,0,0,0,0,0,0,0
55,2026-01-17,0,0,0,0,0,0,0,0,0
55,2026-01-18,0,0,0,0,0,0,0,0,0
55,2026-01-19,0,0,0,0,0,0,0,0,0
55,2026-01-20,0,0,0,0,0,0,0,0,0
55,2026-01-21,0,0,0,0,0,0,0,0,0
55,2026-01-22,0,0,0,0,0,0,0,0,0
55,2026-01-23,0,0,0,0,0,0,0,0,0
55,2026-01-24,0,0,0,0,0,0,0,0,0
55,2026-01-25,5,5,5,0,2,3,0,0,0
55,2026-01-26,7,12,6,1,3,3,1,0,0
55,2026-01-27,3,15,3,0,0,3,0,0,0
55,2026-01-28,7,22,7,0,1,5,0,1,0
55,2026-01-29,6,28,4,2,0,3,2,1,0
55,2026-01-30,3,31,3,0,2,1,0,0,0
55,2026-01-31,2,33,1,1,1,0,1,0,0
55,2026-02-01,2,35,2,0,0,2,0,0,0
55,2026-02-02,1,36,1,0,0,1,0,0,0
55,2026-02-03,3,39,3,0,1,2,0,0,0
55,2026-02-04,4,43,4,0,0,4,0,0,0
55,2026-02-05,0,43,0,0,0,0,0,0,0
55,2026-02-06,2,45,1,1,0,1,1,0,0
55,2026-02-07,3,48,2,1,1,1,1,0,0
55,2026-02-08,1,49,1,0,0,1,0,0,0
55,2026-02-09,1,50,1,0,0,1,0,0,0
55,2026-02-10,2,52,2,0,1,1,0,0,0
56,2026-01-14,0,0,0,0,0,0,0,0,0
56,2026-01-15,0,0,0,0,0,0,0,0,0
56,2026-01-16,0,0,0,0,0,0,0,0,0
56,2026-01-17,0,0,0,0,0,0,0,0,0
56,2026-01-18,0,0,0,0,0,0,0,0,0
56,2026-01-19,0,0,0,0,0,0,0,0,0
56,2026-01-20,0,0,0,0,0,0,0,0,0
56,2026-01-21,0,0,0,0,0,0,0,0,0
56,2026-01-22,0,0,0,0,0,0,0,0,0
56,2026-01-23,0,0,0,0,0,0,0,0,0
56,2026-01-24,0,0,0,0,0,0,0,0,0
56,2026-01-25,4,4,4,0,2,1,0,1,0
56,2026-01-26,4,8,4,0,0,4,0,0,0
56,2026-01-27,2,10,1,1,0,1,0,0,1
56,2026-01-28,3,13,2,1,1,1,1,0,0
56,2026-01-29,6,19,6,0,2,3,0,1,0
56,2026-01-30,3,22,2,1,0,2,1,0,0
56,2026-01-31,2,24,1,1,0,1,0,0,1
56,2026-02-01,4,28,4,0,1,3,0,0,0
56,2026-02-02,1,29,1,0,1,0,0,0,0
56,2026-02-03,3,32,2,1,0,2,1,0,0
56,2026-02-04,4,36,4,0,0,3,0,1,0
56,2026-02-05,5,41,5,0,3,2,0,0,0
56,2026-02-06,2,43,2,0,0,2,0,0,0
56,2026-02-07,1,44,1,0,0,1,0,0,0
56,2026-02-08,3,47,3,0,1,1,0,1,0
56,2026-02-09,1,48,1,0,0,0,0,1,0
56,2026-02-10,0,48,0,0,0,0,0,0,0
57,2026-01-14,0,0,0,0,0,0,0,0,0
57,2026-01-15,0,0,0,0,0,0,0,0,0
57,2026-01-16,0,0,0,0,0,0,0,0,0
57,2026-01-17,0,0,0,0,0,0,0,0,0
57,2026-01-18,0,0,0,0,0,0,0,0,0
57,2026-01-19,0,0,0,0,0,0,0,0,0
57,2026-01-20,0,0,0,0,0,0,0,0,0
57,2026-01-21,0,0,0,0,0,0,0,0,0
57,2026-01-22,0,0,0,0,0,0,0,0,0
57,2026-01-23,0,0,0,0,0,0,0,0,0
57,2026-01-24,0,0,0,0,0,0,0,0,0
57,2026-01-25,5,5,3,2,1,2,1,0,1
57,2026-01-26,3,8,2,1,0,2,0,0,1
57,2026-01-27,2,10,1,1,0,1,1,0,0
57,2026-01-28,2,12,0,2,0,0,1,0,1
57,2026-01-29,1,13,1,0,0,1,0,0,0
57,2026-01-30,3,16,0,3,0,0,3,0,0
57,2026-01-31,4,20,2,2,0,2,1,0,1
57,2026-02-01,2,22,2,0,2,0,0,0,0
57,2026-02-02,3,25,3,0,0,3,0,0,0
57,2026-02-03,3,28,2,1,0,2,1,0,0
57,2026-02-04,1,29,1,0,0,1,0,0,0
57,2026-02-05,1,30,1,0,0,0,0,1,0
57,2026-02-06,0,30,0,0,0,0,0,0,0
57,2026-02-07,2,32,1,1,0,0,0,1,1
57,2026-02-08,0,32,0,0,0,0,0,0,0
57,2026-02-09,1,33,1,0,0,1,0,0,0
57,2026-02-10,2,35,2,0,1,0,0,1,0
58,2026-01-14,0,0,0,0,0,0,0,0,0
58,2026-01-15,0,0,0,0,0,0,0,0,0
58,2026-01-16,0,0,0,0,0,0,0,0,0
58,2026-01-17,0,0,0,0,0,0,0,0,0
58,2026-01-18,0,0,0,0,0,0,0,0,0
58,2026-01-19,0,0,0,0,0,0,0,0,0
58,2026-01-20,0,0,0,0,0,0,0,0,0
58,2026-01-21,0,0,0,0,0,0,0,0,0
58,2026-01-22,0,0,0,0,0,0,0,0,0
58,2026-01-23,0,0,0,0,0,0,0,0,0
58,2026-01-24,0,0,0,0,0,0,0,0,0
58,2026-01-25,4,4,4,0,2,2,0,0,0
58,2026-01-26,3,7,2,1,1,1,1,0,0
58,2026-01-27,6,13,5,1,1,4,1,0,0
58,2026-01-28,1,14,1,0,0,1,0,0,0
58,2026-01-29,4,18,4,0,0,3,0,1,0
58,2026-01-30,4,22,4,0,1,3,0,0,0
58,2026-01-31,2,24,2,0,2,0,0,0,0
58,2026-02-01,4,28,4,0,1,3,0,0,0
58,2026-02-02,2,30,1,1,1,0,1,0,0
58,2026-02-03,4,34,4,0,2,2,0,0,0
58,2026-02-04,1,35,1,0,1,0,0,0,0
58,2026-02-05,0,35,0,0,0,0,0,0,0
58,2026-02-06,6,41,6,0,2,3,0,1,0
58,2026-02-07,4,45,4,0,1,3,0,0,0
58,2026-02-08,1,46,1,0,1,0,0,0,0
58,2026-02-09,2,48,1,1,1,0,0,0,1
58,2026-02-10,1,49,1,0,0,1,0,0,0
59,2026-01-14,0,0,0,0,0,0,0,0,0
59,2026-01-15,0,0,0,0,0,0,0,0,0
59,2026-01-16,0,0,0,0,0,0,0,0,0
59,2026-01-17,0,0,0,0,0,0,0,0,0
59,2026-01-18,0,0,0,0,0,0,0,0,0
59,2026-01-19,0,0,0,0,0,0,0,0,0
59,2026-01-20,0,0,0,0,0,0,0,0,0
59,2026-01-21,0,0,0,0,0,0,0,0,0
59,2026-01-22,0,0,0,0,0,0,0,0,0
59,2026-01-23,0,0,0,0,0,0,0,0,0
59,2026-01-24,0,0,0,0,0,0,0,0,0
59,2026-01-25,4,4,4,0,2,2,0,0,0
59,2026-01-26,0,4,0,0,0,0,0,0,0
59,2026-01-27,2,6,2,0,0,2,0,0,0
59,2026-01-28,2,8,2,0,1,1,0,0,0
59,2026-01-29,3,11,0,3,0,0,1,0,2
59,2026-01-30,3,14,3,0,0,1,0,2,0
59,2026-01-31,2,16,2,0,0,2,0,0,0
59,2026-02-01,2,18,2,0,1,0,0,1,0
59,2026-02-02,4,22,4,0,1,3,0,0,0
59,2026-02-03,0,22,0,0,0,0,0,0,0
59,2026-02-04,7,29,6,1,2,2,0,2,1
59,2026-02-05,2,31,2,0,1,0,0,1,0
59,2026-02-06,3,34,1,2,0,1,2,0,0
59,2026-02-07,2,36,1,1,0,1,0,0,1
59,2026-02-08,1,37,0,1,0,0,1,0,0
59,2026-02-09,4,41,2,2,1,1,2,0,0
59,2026-02-10,2,43,2,0,0,2,0,0,0
60,2026-01-14,0,0,0,0,0,0,0,0,0
60,2026-01-15,0,0,0,0,0,0,0,0,0
60,2026-01-16,0,0,0,0,0,0,0,0,0
60,2026-01-17,0,0,0,0,0,0,0,0,0
60,2026-01-18,0,0,0,0,0,0,0,0,0
60,2026-01-19,0,0,0,0,0,0,0,0,0
60,2026-01-20,0,0,0,0,0,0,0,0,0
60,2026-01-21,0,0,0,0,0,0,0,0,0
60,2026-01-22,0,0,0,0,0,0,0,0,0
60,2026-01-23,0,0,0,0,0,0,0,0,0
60,2026-01-24,0,0,0,0,0,0,0,0,0
60,2026-01-25,3,3,1,2,0,1,2,0,0
60,2026-01-26,4,7,2,2,1,1,1,0,1
60,2026-01-27,3,10,3,0,0,2,0,1,0
60,2026-01-28,5,15,5,0,2,2,0,1,0
60,2026-01-29,3,18,3,0,0,3,0,0,0
60,2026-01-30,2,20,1,1,1,0,0,0,1
60,2026-01-31,0,20,0,0,0,0,0,0,0
60,2026-02-01,1,21,1,0,0,0,0,1,0
60,2026-02-02,0,21,0,0,0,0,0,0,0
60,2026-02-03,3,24,2,1,0,1,1,1,0
60,2026-02-04,2,26,2,0,0,2,0,0,0
60,2026-02-05,2,28,1,1,0,1,0,0,1
60,2026-02-06,2,30,2,0,0,1,0,1,0
60,2026-02-07,2,32,2,0,0,2,0,0,0
60,2026-02-08,2,34,2,0,1,1,0,0,0
60,2026-02-09,2,36,2,0,0,2,0,0,0
60,2026-02-10,2,38,2,0,0,1,0,1,0
61,2026-01-14,0,0,0,0,0,0,0,0,0
61,2026-01-15,0,0,0,0,0,0,0,0,0
61,2026-01-16,0,0,0,0,0,0,0,0,0
61,2026-01-17,0,0,0,0,0,0,0,0,0
61,2026-01-18,0,0,0,0,0,0,0,0,0
61,2026-01-19,0,0,0,0,0,0,0,0,0
61,2026-01-20,0,0,0,0,0,0,0,0,0
61,2026-01-21,0,0,0,0,0,0,0,0,0
61,2026-01-22,0,0,0,0,0,0,0,0,0
61,2026-01-23,0,0,0,0,0,0,0,0,0
61,2026-01-24,0,0,0,0,0,0,0,0,0
61,2026-01-25,3,3,3,0,1,1,0,1,0
61,2026-01-26,1,4,1,0,0,1,0,0,0
61,2026-01-27,4,8,3,1,2,1,1,0,0
61,2026-01-28,3,11,2,1,0,2,1,0,0
61,2026-01-29,2,13,1,1,1,0,0,0,1
61,2026-01-30,4,17,2,2,1,1,2,0,0
61,2026-01-31,7,24,5,2,0,5,1,0,1
61,2026-02-01,3,27,2,1,1,1,0,0,1
61,2026-02-02,6,33,5,1,1,4,0,0,1
61,2026-02-03,7,40,3,4,0,2,4,1,0
61,2026-02-04,5,45,3,2,1,2,1,0,1
61,2026-02-05,5,50,4,1,2,2,1,0,0
61,2026-02-06,2,52,2,0,1,1,0,0,0
61,2026-02-07,6,58,6,0,4,2,0,0,0
61,2026-02-08,4,62,3,1,0,2,1,1,0
61,2026-02-09,5,67,4,1,2,2,1,0,0
61,2026-02-10,7,74,5,2,1,4,2,0,0
62,2026-01-14,0,0,0,0,0,0,0,0,0
62,2026-01-15,0,0,0,0,0,0,0,0,0
62,2026-01-16,0,0,0,0,0,0,0,0,0
62,2026-01-17,0,0,0,0,0,0,0,0,0
62,2026-01-18,0,0,0,0,0,0,0,0,0
62,2026-01-19,0,0,0,0,0,0,0,0,0
62,2026-01-20,0,0,0,0,0,0,0,0,0
62,2026-01-21,0,0,0,0,0,0,0,0,0
62,2026-01-22,0,0,0,0,0,0,0,0,0
62,2026-01-23,0,0,0,0,0,0,0,0,0
62,2026-01-24,0,0,0,0,0,0,0,0,0
62,2026-01-25,0,0,0,0,0,0,0,0,0
62,2026-01-26,0,0,0,0,0,0,0,0,0
62,2026-01-27,0,0,0,0,0,0,0,0,0
62,2026-01-28,4,4,4,0,3,1,0,0,0
62,2026-01-29,3,7,3,0,0,2,0,1,0
62,2026-01-30,1,8,0,1,0,0,1,0,0
62,2026-01-31,1,9,1,0,0,1,0,0,0
62,2026-02-01,2,11,2,0,1,1,0,0,0
62,2026-02-02,0,11,0,0,0,0,0,0,0
62,2026-02-03,2,13,2,0,0,1,0,1,0
62,2026-02-04,1,14,1,0,0,1,0,0,0
62,2026-02-05,0,14,0,0,0,0,0,0,0
62,2026-02-06,1,15,0,1,0,0,1,0,0
62,2026-02-07,1,16,0,1,0,0,1,0,0
62,2026-02-08,0,16,0,0,0,0,0,0,0
62,2026-02-09,0,16,0,0,0,0,0,0,0
62,2026-02-10,0,16,0,0,0,0,0,0,0
63,2026-01-14,0,0,0,0,0,0,0,0,0
63,2026-01-15,0,0,0,0,0,0,0,0,0
63,2026-01-16,0,0,0,0,0,0,0,0,0
63,2026-01-17,0,0,0,0,0,0,0,0,0
63,2026-01-18,0,0,0,0,0,0,0,0,0
63,2026-01-19,0,0,0,0,0,0,0,0,0
63,2026-01-20,0,0,0,0,0,0,0,0,0
63,2026-01-21,0,0,0,0,0,0,0,0,0
63,2026-01-22,0,0,0,0,0,0,0,0,0
63,2026-01-23,0,0,0,0,0,0,0,0,0
63,2026-01-24,0,0,0,0,0,0,0,0,0
63,2026-01-25,3,3,3,0,0,3,0,0,0
63,2026-01-26,3,6,2,1,1,0,1,1,0
63,2026-01-27,5,11,4,1,1,3,0,0,1
63,2026-01-28,3,14,2,1,1,1,1,0,0
63,2026-01-29,4,18,3,1,1,2,1,0,0
63,2026-01-30,4,22,4,0,0,4,0,0,0
63,2026-01-31,6,28,5,1,1,4,1,0,0
63,2026-02-01,2,30,2,0,0,2,0,0,0
63,2026-02-02,4,34,2,2,1,1,1,0,1
63,2026-02-03,2,36,1,1,0,1,1,0,0
63,2026-02-04,2,38,2,0,2,0,0,0,0
63,2026-02-05,1,39,1,0,1,0,0,0,0
63,2026-02-06,5,44,5,0,1,2,0,2,0
63,2026-02-07,1,45,1,0,0,1,0,0,0
63,2026-02-08,4,49,4,0,1,2,0,1,0
63,2026-02-09,1,50,0,1,0,0,1,0,0
63,2026-02-10,3,53,3,0,2,1,0,0,0
64,2026-01-14,0,0,0,0,0,0,0,0,0
64,2026-01-15,0,0,0,0,0,0,0,0,0
64,2026-01-16,0,0,0,0,0,0,0,0,0
64,2026-01-17,0,0,0,0,0,0,0,0,0
64,2026-01-18,0,0,0,0,0,0,0,0,0
64,2026-01-19,0,0,0,0,0,0,0,0,0
64,2026-01-20,0,0,0,0,0,0,0,0,0
64,2026-01-21,0,0,0,0,0,0,0,0,0
64,2026-01-22,0,0,0,0,0,0,0,0,0
64,2026-01-23,0,0,0,0,0,0,0,0,0
64,2026-01-24,0,0,0,0,0,0,0,0,0
64,2026-01-25,1,1,1,0,0,0,0,1,0
64,2026-01-26,3,4,3,0,1,2,0,0,0
64,2026-01-27,2,6,2,0,1,1,0,0,0
64,2026-01-28,0,6,0,0,0,0,0,0,0
64,2026-01-29,1,7,1,0,0,1,0,0,0
64,2026-01-30,3,10,2,1,1,1,1,0,0
64,2026-01-31,5,15,4,1,0,2,1,2,0
64,2026-02-01,4,19,2,2,0,2,1,0,1
64,2026-02-02,4,23,3,1,0,1,1,2,0
64,2026-02-03,4,27,4,0,2,2,0,0,0
64,2026-02-04,1,28,1,0,0,1,0,0,0
64,2026-02-05,3,31,1,2,1,0,1,0,1
64,2026-02-06,3,34,2,1,0,2,1,0,0
64,2026-02-07,0,34,0,0,0,0,0,0,0
64,2026-02-08,1,35,0,1,0,0,1,0,0
64,2026-02-09,3,38,1,2,0,1,2,0,0
64,2026-02-10,6,44,5,1,1,4,1,0,0
65,2026-01-14,0,0,0,0,0,0,0,0,0
65,2026-01-15,0,0,0,0,0,0,0,0,0
65,2026-01-16,0,0,0,0,0,0,0,0,0
65,2026-01-17,0,0,0,0,0,0,0,0,0
65,2026-01-18,0,0,0,0,0,0,0,0,0
65,2026-01-19,0,0,0,0,0,0,0,0,0
65,2026-01-20,0,0,0,0,0,0,0,0,0
65,2026-01-21,0,0,0,0,0,0,0,0,0
65,2026-01-22,0,0,0,0,0,0,0,0,0
65,2026-01-23,0,0,0,0,0,0,0,0,0
65,2026-01-24,0,0,0,0,0,0,0,0,0
65,2026-01-25,1,1,1,0,0,1,0,0,0
65,2026-01-26,6,7,4,2,0,4,2,0,0
65,2026-01-27,4,11,4,0,0,4,0,0,0
65,2026-01-28,5,16,3,2,1,2,2,0,0
65,2026-01-29,2,18,1,1,0,1,1,0,0
65,2026-01-30,3,21,2,1,0,2,1,0,0
65,2026-01-31,3,24,3,0,0,3,0,0,0
65,2026-02-01,1,25,1,0,0,1,0,0,0
65,2026-02-02,1,26,1,0,0,1,0,0,0
65,2026-02-03,3,29,1,2,1,0,1,0,1
65,2026-02-04,1,30,0,1,0,0,0,0,1
65,2026-02-05,2,32,1,1,0,0,1,1,0
65,2026-02-06,2,34,1,1,0,1,1,0,0
65,2026-02-07,1,35,1,0,0,1,0,0,0
65,2026-02-08,5,40,5,0,0,4,0,1,0
65,2026-02-09,2,42,2,0,2,0,0,0,0
65,2026-02-10,4,46,3,1,1,2,1,0,0
66,2026-01-14,0,0,0,0,0,0,0,0,0
66,2026-01-15,0,0,0,0,0,0,0,0,0
66,2026-01-16,0,0,0,0,0,0,0,0,0
66,2026-01-17,0,0,0,0,0,0,0,0,0
66,2026-01-18,0,0,0,0,0,0,0,0,0
66,2026-01-19,0,0,0,0,0,0,0,0,0
66,2026-01-20,0,0,0,0,0,0,0,0,0
66,2026-01-21,0,0,0,0,0,0,0,0,0
66,2026-01-22,0,0,0,0,0,0,0,0,0
66,2026-01-23,0,0,0,0,0,0,0,0,0
66,2026-01-24,0,0,0,0,0,0,0,0,0
66,2026-01-25,1,1,0,1,0,0,1,0,0
66,2026-01-26,1,2,1,0,0,1,0,0,0
66,2026-01-27,6,8,6,0,3,3,0,0,0
66,2026-01-28,1,9,1,0,0,1,0,0,0
66,2026-01-29,3,12,3,0,1,2,0,0,0
66,2026-01-30,7,19,6,1,3,3,1,0,0
66,2026-01-31,5,24,5,0,1,3,0,1,0
66,2026-02-01,3,27,3,0,1,1,0,1,0
66,2026-02-02,4,31,2,2,1,1,2,0,0
66,2026-02-03,11,42,8,3,2,5,3,1,0
66,2026-02-04,4,46,4,0,1,3,0,0,0
66,2026-02-05,2,48,2,0,0,2,0,0,0
66,2026-02-06,2,50,2,0,1,1,0,0,0
66,2026-02-07,5,55,4,1,2,2,1,0,0
66,2026-02-08,5,60,4,1,2,1,1,1,0
66,2026-02-09,1,61,1,0,0,1,0,0,0
66,2026-02-10,4,65,3,1,1,2,1,0,0
67,2026-01-14,0,0,0,0,0,0,0,0,0
67,2026-01-15,0,0,0,0,0,0,0,0,0
67,2026-01-16,0,0,0,0,0,0,0,0,0
67,2026-01-17,0,0,0,0,0,0,0,0,0
67,2026-01-18,0,0,0,0,0,0,0,0,0
67,2026-01-19,0,0,0,0,0,0,0,0,0
67,2026-01-20,0,0,0,0,0,0,0,0,0
67,2026-01-21,0,0,0,0,0,0,0,0,0
67,2026-01-22,0,0,0,0,0,0,0,0,0
67,2026-01-23,0,0,0,0,0,0,0,0,0
67,2026-01-24,0,0,0,0,0,0,0,0,0
67,2026-01-25,6,6,5,1,1,4,1,0,0
67,2026-01-26,2,8,2,0,1,1,0,0,0
67,2026-01-27,1,9,0,1,0,0,1,0,0
67,2026-01-28,3,12,3,0,1,1,0,1,0
67,2026-01-29,0,12,0,0,0,0,0,0,0
67,2026-01-30,2,14,2,0,0,2,0,0,0
67,2026-01-31,2,16,2,0,0,2,0,0,0
67,2026-02-01,2,18,1,1,0,1,1,0,0
67,2026-02-02,3,21,2,1,1,1,1,0,0
67,2026-02-03,0,21,0,0,0,0,0,0,0
67,2026-02-04,3,24,3,0,0,2,0,1,0
67,2026-02-05,4,28,3,1,2,1,0,0,1
67,2026-02-06,4,32,3,1,1,0,1,2,0
67,2026-02-07,0,32,0,0,0,0,0,0,0
67,2026-02-08,2,34,2,0,0,2,0,0,0
67,2026-02-09,0,34,0,0,0,0,0,0,0
67,2026-02-10,1,35,0,1,0,0,1,0,0
68,2026-01-14,0,0,0,0,0,0,0,0,0
68,2026-01-15,0,0,0,0,0,0,0,0,0
68,2026-01-16,0,0,0,0,0,0,0,0,0
68,2026-01-17,0,0,0,0,0,0,0,0,0
68,2026-01-18,0,0,0,0,0,0,0,0,0
68,2026-01-19,0,0,0,0,0,0,0,0,0
68,2026-01-20,0,0,0,0,0,0,0,0,0
68,2026-01-21,0,0,0,0,0,0,0,0,0
68,2026-01-22,0,0,0,0,0,0,0,0,0
68,2026-01-23,0,0,0,0,0,0,0,0,0
68,2026-01-24,0,0,0,0,0,0,0,0,0
68,2026-01-25,4,4,3,1,2,1,1,0,0
68,2026-01-26,0,4,0,0,0,0,0,0,0
68,2026-01-27,1,5,1,0,0,1,0,0,0
68,2026-01-28,3,8,2,1,0,2,1,0,0
68,2026-01-29,0,8,0,0,0,0,0,0,0
68,2026-01-30,1,9,1,0,0,1,0,0,0
68,2026-01-31,2,11,2,0,1,1,0,0,0
68,2026-02-01,2,13,2,0,0,0,0,2,0
68,2026-02-02,5,18,4,1,2,1,1,1,0
68,2026-02-03,1,19,1,0,0,1,0,0,0
68,2026-02-04,1,20,1,0,1,0,0,0,0
68,2026-02-05,2,22,1,1,0,1,0,0,1
68,2026-02-06,2,24,2,0,2,0,0,0,0
68,2026-02-07,0,24,0,0,0,0,0,0,0
68,2026-02-08,2,26,2,0,0,1,0,1,0
68,2026-02-09,2,28,2,0,1,1,0,0,0
68,2026-02-10,0,28,0,0,0,0,0,0,0
69,2026-01-14,0,0,0,0,0,0,0,0,0
69,2026-01-15,0,0,0,0,0,0,0,0,0
69,2026-01-16,0,0,0,0,0,0,0,0,0
69,2026-01-17,0,0,0,0,0,0,0,0,0
69,2026-01-18,0,0,0,0,0,0,0,0,0
69,2026-01-19,0,0,0,0,0,0,0,0,0
69,2026-01-20,0,0,0,0,0,0,0,0,0
69,2026-01-21,0,0,0,0,0,0,0,0,0
69,2026-01-22,0,0,0,0,0,0,0,0,0
69,2026-01-23,0,0,0,0,0,0,0,0,0
69,2026-01-24,0,0,0,0,0,0,0,0,0
69,2026-01-25,5,5,3,2,1,2,1,0,1
69,2026-01-26,6,11,6,0,2,2,0,2,0
69,2026-01-27,2,13,2,0,1,1,0,0,0
69,2026-01-28,6,19,4,2,1,2,2,1,0
69,2026-01-29,5,24,5,0,1,4,0,0,0
69,2026-01-30,6,30,5,1,2,3,1,0,0
69,2026-01-31,5,35,5,0,1,4,0,0,0
69,2026-02-01,5,40,5,0,3,2,0,0,0
69,2026-02-02,5,45,4,1,1,3,1,0,0
69,2026-02-03,4,49,3,1,2,0,0,1,1
69,2026-02-04,3,52,2,1,2,0,1,0,0
69,2026-02-05,1,53,1,0,0,1,0,0,0
69,2026-02-06,1,54,1,0,1,0,0,0,0
69,2026-02-07,6,60,4,2,1,2,2,1,0
69,2026-02-08,5,65,4,1,1,2,0,1,1
69,2026-02-09,8,73,6,2,2,4,2,0,0
69,2026-02-10,1,74,0,1,0,0,1,0,0
70,2026-01-14,0,0,0,0,0,0,0,0,0
70,2026-01-15,0,0,0,0,0,0,0,0,0
70,2026-01-16,0,0,0,0,0,0,0,0,0
70,2026-01-17,0,0,0,0,0,0,0,0,0
70,2026-01-18,0,0,0,0,0,0,0,0,0
70,2026-01-19,0,0,0,0,0,0,0,0,0
70,2026-01-20,0,0,0,0,0,0,0,0,0
70,2026-01-21,0,0,0,0,0,0,0,0,0
70,2026-01-22,0,0,0,0,0,0,0,0,0
70,2026-01-23,0,0,0,0,0,0,0,0,0
70,2026-01-24,0,0,0,0,0,0,0,0,0
70,2026-01-25,6,6,4,2,2,2,1,0,1
70,2026-01-26,4,10,4,0,1,3,0,0,0
70,2026-01-27,4,14,4,0,0,3,0,1,0
70,2026-01-28,5,19,4,1,0,3,1,1,0
70,2026-01-29,2,21,2,0,0,2,0,0,0
70,2026-01-30,5,26,4,1,1,3,0,0,1
70,2026-01-31,5,31,3,2,1,2,1,0,1
70,2026-02-01,2,33,2,0,2,0,0,0,0
70,2026-02-02,4,37,2,2,0,1,1,1,1
70,2026-02-03,0,37,0,0,0,0,0,0,0
70,2026-02-04,5,42,4,1,0,4,1,0,0
70,2026-02-05,1,43,1,0,1,0,0,0,0
70,2026-02-06,4,47,2,2,1,1,1,0,1
70,2026-02-07,2,49,1,1,1,0,1,0,0
70,2026-02-08,3,52,2,1,1,1,1,0,0
70,2026-02-09,5,57,5,0,0,4,0,1,0
70,2026-02-10,2,59,1,1,1,0,1,0,0
71,2026-01-14,0,0,0,0,0,0,0,0,0
71,2026-01-15,0,0,0,0,0,0,0,0,0
71,2026-01-16,0,0,0,0,0,0,0,0,0
71,2026-01-17,0,0,0,0,0,0,0,0,0
71,2026-01-18,0,0,0,0,0,0,0,0,0
71,2026-01-19,0,0,0,0,0,0,0,0,0
71,2026-01-20,0,0,0,0,0,0,0,0,0
71,2026-01-21,0,0,0,0,0,0,0,0,0
71,2026-01-22,0,0,0,0,0,0,0,0,0
71,2026-01-23,0,0,0,0,0,0,0,0,0
71,2026-01-24,0,0,0,0,0,0,0,0,0
71,2026-01-25,1,1,1,0,0,0,0,1,0
71,2026-01-26,5,6,5,0,2,3,0,0,0
71,2026-01-27,6,12,5,1,0,5,1,0,0
71,2026-01-28,1,13,1,0,0,1,0,0,0
71,2026-01-29,3,16,3,0,1,2,0,0,0
71,2026-01-30,7,23,5,2,2,2,1,1,1
71,2026-01-31,3,26,3,0,2,1,0,0,0
71,2026-02-01,3,29,3,0,0,3,0,0,0
71,2026-02-02,5,34,4,1,1,2,0,1,1
71,2026-02-03,8,42,6,2,1,4,2,1,0
71,2026-02-04,4,46,4,0,1,2,0,1,0
71,2026-02-05,3,49,3,0,2,1,0,0,0
71,2026-02-06,3,52,3,0,0,3,0,0,0
71,2026-02-07,8,60,7,1,1,6,1,0,0
71,2026-02-08,1,61,0,1,0,0,1,0,0
71,2026-02-09,2,63,2,0,2,0,0,0,0
71,2026-02-10,7,70,6,1,2,4,1,0,0
72,2026-01-14,0,0,0,0,0,0,0,0,0
72,2026-01-15,0,0,0,0,0,0,0,0,0
72,2026-01-16,0,0,0,0,0,0,0,0,0
72,2026-01-17,0,0,0,0,0,0,0,0,0
72,2026-01-18,0,0,0,0,0,0,0,0,0
72,2026-01-19,0,0,0,0,0,0,0,0,0
72,2026-01-20,0,0,0,0,0,0,0,0,0
72,2026-01-21,0,0,0,0,0,0,0,0,0
72,2026-01-22,0,0,0,0,0,0,0,0,0
72,2026-01-23,0,0,0,0,0,0,0,0,0
72,2026-01-24,0,0,0,0,0,0,0,0,0
72,2026-01-25,3,3,2,1,1,1,1,0,0
72,2026-01-26,0,3,0,0,0,0,0,0,0
72,2026-01-27,2,5,2,0,1,0,0,1,0
72,2026-01-28,3,8,1,2,1,0,2,0,0
72,2026-01-29,3,11,1,2,0,1,1,0,1
72,2026-01-30,2,13,2,0,2,0,0,0,0
72,2026-01-31,2,15,1,1,1,0,1,0,0
72,2026-02-01,3,18,2,1,0,1,1,1,0
72,2026-02-02,3,21,3,0,1,2,0,0,0
72,2026-02-03,2,23,2,0,1,1,0,0,0
72,2026-02-04,3,26,3,0,0,2,0,1,0
72,2026-02-05,1,27,1,0,0,1,0,0,0
72,2026-02-06,3,30,2,1,1,1,1,0,0
72,2026-02-07,0,30,0,0,0,0,0,0,0
72,2026-02-08,2,32,2,0,0,1,0,1,0
72,2026-02-09,2,34,0,2,0,0,2,0,0
72,2026-02-10,0,34,0,0,0,0,0,0,0
73,2026-01-14,0,0,0,0,0,0,0,0,0
73,2026-01-15,0,0,0,0,0,0,0,0,0
73,2026-01-16,0,0,0,0,0,0,0,0,0
73,2026-01-17,0,0,0,0,0,0,0,0,0
73,2026-01-18,0,0,0,0,0,0,0,0,0
73,2026-01-19,0,0,0,0,0,0,0,0,0
73,2026-01-20,0,0,0,0,0,0,0,0,0
73,2026-01-21,0,0,0,0,0,0,0,0,0
73,2026-01-22,0,0,0,0,0,0,0,0,0
73,2026-01-23,0,0,0,0,0,0,0,0,0
73,2026-01-24,0,0,0,0,0,0,0,0,0
73,2026-01-25,4,4,3,1,1,2,0,0,1
73,2026-01-26,2,6,1,1,1,0,1,0,0
73,2026-01-27,2,8,0,2,0,0,1,0,1
73,2026-01-28,3,11,3,0,1,2,0,0,0
73,2026-01-29,0,11,0,0,0,0,0,0,0
73,2026-01-30,4,15,2,2,0,2,2,0,0
73,2026-01-31,0,15,0,0,0,0,0,0,0
73,2026-02-01,3,18,1,2,1,0,2,0,0
73,2026-02-02,2,20,0,2,0,0,1,0,1
73,2026-02-03,5,25,5,0,1,4,0,0,0
73,2026-02-04,1,26,1,0,0,1,0,0,0
73,2026-02-05,2,28,2,0,2,0,0,0,0
73,2026-02-06,2,30,2,0,1,1,0,0,0
73,2026-02-07,2,32,1,1,1,0,1,0,0
73,2026-02-08,3,35,2,1,0,2,1,0,0
73,2026-02-09,1,36,0,1,0,0,0,0,1
73,2026-02-10,0,36,0,0,0,0,0,0,0
74,2026-01-14,0,0,0,0,0,0,0,0,0
74,2026-01-15,0,0,0,0,0,0,0,0,0
74,2026-01-16,0,0,0,0,0,0,0,0,0
74,2026-01-17,0,0,0,0,0,0,0,0,0
74,2026-01-18,0,0,0,0,0,0,0,0,0
74,2026-01-19,0,0,0,0,0,0,0,0,0
74,2026-01-20,0,0,0,0,0,0,0,0,0
74,2026-01-21,0,0,0,0,0,0,0,0,0
74,2026-01-22,0,0,0,0,0,0,0,0,0
74,2026-01-23,0,0,0,0,0,0,0,0,0
74,2026-01-24,0,0,0,0,0,0,0,0,0
74,2026-01-25,6,6,5,1,2,3,1,0,0
74,2026-01-26,3,9,3,0,2,0,0,1,0
74,2026-01-27,5,14,3,2,0,3,1,0,1
74,2026-01-28,7,21,6,1,1,4,1,1,0
74,2026-01-29,1,22,1,0,0,1,0,0,0
74,2026-01-30,2,24,2,0,2,0,0,0,0
74,2026-01-31,4,28,2,2,1,1,1,0,1
74,2026-02-01,5,33,4,1,0,4,1,0,0
74,2026-02-02,6,39,4,2,1,3,2,0,0
74,2026-02-03,2,41,2,0,0,2,0,0,0
74,2026-02-04,2,43,2,0,1,1,0,0,0
74,2026-02-05,3,46,3,0,2,1,0,0,0
74,2026-02-06,3,49,3,0,0,2,0,1,0
74,2026-02-07,4,53,2,2,0,2,1,0,1
74,2026-02-08,2,55,2,0,1,1,0,0,0
74,2026-02-09,1,56,0,1,0,0,0,0,1
74,2026-02-10,3,59,3,0,1,1,0,1,0
75,2026-01-14,0,0,0,0,0,0,0,0,0
75,2026-01-15,0,0,0,0,0,0,0,0,0
75,2026-01-16,0,0,0,0,0,0,0,0,0
75,2026-01-17,0,0,0,0,0,0,0,0,0
75,2026-01-18,0,0,0,0,0,0,0,0,0
75,2026-01-19,0,0,0,0,0,0,0,0,0
75,2026-01-20,0,0,0,0,0,0,0,0,0
75,2026-01-21,0,0,0,0,0,0,0,0,0
75,2026-01-22,0,0,0,0,0,0,0,0,0
75,2026-01-23,0,0,0,0,0,0,0,0,0
75,2026-01-24,0,0,0,0,0,0,0,0,0
75,2026-01-25,0,0,0,0,0,0,0,0,0
75,2026-01-26,3,3,3,0,0,3,0,0,0
75,2026-01-27,3,6,3,0,2,1,0,0,0
75,2026-01-28,5,11,3,2,0,2,1,1,1
75,2026-01-29,4,15,2,2,1,1,2,0,0
75,2026-01-30,4,19,3,1,1,1,1,1,0
75,2026-01-31,0,19,0,0,0,0,0,0,0
75,2026-02-01,6,25,5,1,0,5,1,0,0
75,2026-02-02,2,27,2,0,1,0,0,1,0
75,2026-02-03,4,31,2,2,1,1,1,0,1
75,2026-02-04,2,33,1,1,0,1,1,0,0
75,2026-02-05,1,34,1,0,0,1,0,0,0
75,2026-02-06,5,39,4,1,0,4,0,0,1
75,2026-02-07,4,43,4,0,0,4,0,0,0
75,2026-02-08,6,49,4,2,0,3,2,1,0
75,2026-02-09,2,51,2,0,1,1,0,0,0
75,2026-02-10,0,51,0,0,0,0,0,0,0
76,2026-01-14,0,0,0,0,0,0,0,0,0
76,2026-01-15,0,0,0,0,0,0,0,0,0
76,2026-01-16,0,0,0,0,0,0,0,0,0
76,2026-01-17,0,0,0,0,0,0,0,0,0
76,2026-01-18,0,0,0,0,0,0,0,0,0
76,2026-01-19,0,0,0,0,0,0,0,0,0
76,2026-01-20,0,0,0,0,0,0,0,0,0
76,2026-01-21,0,0,0,0,0,0,0,0,0
76,2026-01-22,0,0,0,0,0,0,0,0,0
76,2026-01-23,0,0,0,0,0,0,0,0,0
76,2026-01-24,0,0,0,0,0,0,0,0,0
76,2026-01-25,4,4,3,1,0,3,1,0,0
76,2026-01-26,2,6,1,1,0,1,1,0,0
76,2026-01-27,3,9,3,0,1,2,0,0,0
76,2026-01-28,3,12,2,1,1,1,1,0,0
76,2026-01-29,5,17,5,0,1,2,0,2,0
76,2026-01-30,3,20,3,0,0,3,0,0,0
76,2026-01-31,6,26,5,1,0,5,0,0,1
76,2026-02-01,3,29,2,1,0,2,1,0,0
76,2026-02-02,2,31,1,1,1,0,1,0,0
76,2026-02-03,4,35,4,0,1,3,0,0,0
76,2026-02-04,3,38,1,2,0,1,1,0,1
76,2026-02-05,3,41,2,1,1,0,1,1,0
76,2026-02-06,3,44,2,1,0,2,1,0,0
76,2026-02-07,2,46,2,0,1,1,0,0,0
76,2026-02-08,3,49,1,2,0,1,2,0,0
76,2026-02-09,5,54,4,1,2,0,1,2,0
76,2026-02-10,3,57,3,0,1,2,0,0,0
77,2026-01-14,0,0,0,0,0,0,0,0,0
77,2026-01-15,0,0,0,0,0,0,0,0,0
77,2026-01-16,0,0,0,0,0,0,0,0,0
77,2026-01-17,0,0,0,0,0,0,0,0,0
77,2026-01-18,0,0,0,0,0,0,0,0,0
77,2026-01-19,0,0,0,0,0,0,0,0,0
77,2026-01-20,0,0,0,0,0,0,0,0,0
77,2026-01-21,0,0,0,0,0,0,0,0,0
77,2026-01-22,0,0,0,0,0,0,0,0,0
77,2026-01-23,0,0,0,0,0,0,0,0,0
77,2026-01-24,0,0,0,0,0,0,0,0,0
77,2026-01-25,3,3,3,0,1,2,0,0,0
77,2026-01-26,2,5,2,0,1,1,0,0,0
77,2026-01-27,1,6,0,1,0,0,0,0,1
77,2026-01-28,5,11,4,1,1,3,1,0,0
77,2026-01-29,2,13,1,1,0,1,0,0,1
77,2026-01-30,1,14,1,0,0,1,0,0,0
77,2026-01-31,1,15,1,0,0,1,0,0,0
77,2026-02-01,2,17,2,0,0,2,0,0,0
77,2026-02-02,0,17,0,0,0,0,0,0,0
77,2026-02-03,1,18,1,0,0,0,0,1,0
77,2026-02-04,1,19,0,1,0,0,1,0,0
77,2026-02-05,1,20,1,0,1,0,0,0,0
77,2026-02-06,1,21,1,0,0,1,0,0,0
77,2026-02-07,3,24,3,0,0,3,0,0,0
77,2026-02-08,3,27,2,1,1,1,1,0,0
77,2026-02-09,1,28,0,1,0,0,1,0,0
77,2026-02-10,2,30,2,0,1,1,0,0,0
78,2026-01-14,0,0,0,0,0,0,0,0,0
78,2026-01-15,0,0,0,0,0,0,0,0,0
78,2026-01-16,0,0,0,0,0,0,0,0,0
78,2026-01-17,0,0,0,0,0,0,0,0,0
78,2026-01-18,0,0,0,0,0,0,0,0,0
78,2026-01-19,0,0,0,0,0,0,0,0,0
78,2026-01-20,0,0,0,0,0,0,0,0,0
78,2026-01-21,0,0,0,0,0,0,0,0,0
78,2026-01-22,0,0,0,0,0,0,0,0,0
78,2026-01-23,0,0,0,0,0,0,0,0,0
78,2026-01-24,0,0,0,0,0,0,0,0,0
78,2026-01-25,2,2,1,1,0,1,1,0,0
78,2026-01-26,1,3,1,0,0,1,0,0,0
78,2026-01-27,3,6,2,1,1,1,1,0,0
78,2026-01-28,1,7,1,0,0,1,0,0,0
78,2026-01-29,2,9,0,2,0,0,1,0,1
78,2026-01-30,3,12,1,2,0,1,1,0,1
78,2026-01-31,2,14,2,0,1,1,0,0,0
78,2026-02-01,0,14,0,0,0,0,0,0,0
78,2026-02-02,0,14,0,0,0,0,0,0,0
78,2026-02-03,2,16,2,0,0,2,0,0,0
78,2026-02-04,3,19,3,0,1,2,0,0,0
78,2026-02-05,0,19,0,0,0,0,0,0,0
78,2026-02-06,0,19,0,0,0,0,0,0,0
78,2026-02-07,0,19,0,0,0,0,0,0,0
78,2026-02-08,0,19,0,0,0,0,0,0,0
78,2026-02-09,1,20,0,1,0,0,1,0,0
78,2026-02-10,1,21,1,0,0,1,0,0,0
79,2026-01-14,0,0,0,0,0,0,0,0,0
79,2026-01-15,0,0,0,0,0,0,0,0,0
79,2026-01-16,0,0,0,0,0,0,0,0,0
79,2026-01-17,0,0,0,0,0,0,0,0,0
79,2026-01-18,0,0,0,0,0,0,0,0,0
79,2026-01-19,0,0,0,0,0,0,0,0,0
79,2026-01-20,0,0,0,0,0,0,0,0,0
79,2026-01-21,0,0,0,0,0,0,0,0,0
79,2026-01-22,0,0,0,0,0,0,0,0,0
79,2026-01-23,0,0,0,0,0,0,0,0,0
79,2026-01-24,0,0,0,0,0,0,0,0,0
79,2026-01-25,2,2,2,0,0,2,0,0,0
79,2026-01-26,2,4,2,0,0,2,0,0,0
79,2026-01-27,5,9,4,1,1,3,1,0,0
79,2026-01-28,3,12,3,0,1,2,0,0,0
79,2026-01-29,6,18,4,2,1,3,2,0,0
79,2026-01-30,3,21,2,1,0,1,1,1,0
79,2026-01-31,5,26,3,2,1,2,1,0,1
79,2026-02-01,4,30,2,2,0,2,1,0,1
79,2026-02-02,3,33,3,0,0,3,0,0,0
79,2026-02-03,3,36,2,1,0,1,1,1,0
79,2026-02-04,2,38,1,1,1,0,1,0,0
79,2026-02-05,6,44,3,3,1,2,3,0,0
79,2026-02-06,2,46,1,1,0,0,1,1,0
79,2026-02-07,4,50,3,1,1,2,1,0,0
79,2026-02-08,2,52,2,0,1,1,0,0,0
79,2026-02-09,5,57,4,1,1,2,1,1,0
79,2026-02-10,4,61,4,0,0,2,0,2,0
80,2026-01-14,0,0,0,0,0,0,0,0,0
80,2026-01-15,0,0,0,0,0,0,0,0,0
80,2026-01-16,0,0,0,0,0,0,0,0,0
80,2026-01-17,0,0,0,0,0,0,0,0,0
80,2026-01-18,0,0,0,0,0,0,0,0,0
80,2026-01-19,0,0,0,0,0,0,0,0,0
80,2026-01-20,0,0,0,0,0,0,0,0,0
80,2026-01-21,0,0,0,0,0,0,0,0,0
80,2026-01-22,0,0,0,0,0,0,0,0,0
80,2026-01-23,0,0,0,0,0,0,0,0,0
80,2026-01-24,0,0,0,0,0,0,0,0,0
80,2026-01-25,7,7,3,4,1,2,2,0,2
80,2026-01-26,1,8,1,0,0,1,0,0,0
80,2026-01-27,2,10,1,1,1,0,1,0,0
80,2026-01-28,7,17,4,3,0,4,2,0,1
80,2026-01-29,5,22,4,1,2,2,1,0,0
80,2026-01-30,2,24,1,1,0,1,1,0,0
80,2026-01-31,10,34,10,0,3,5,0,2,0
80,2026-02-01,6,40,6,0,0,3,0,3,0
80,2026-02-02,2,42,1,1,1,0,0,0,1
80,2026-02-03,7,49,6,1,1,5,1,0,0
80,2026-02-04,2,51,1,1,1,0,1,0,0
80,2026-02-05,2,53,2,0,1,1,0,0,0
80,2026-02-06,1,54,1,0,1,0,0,0,0
80,2026-02-07,5,59,5,0,0,5,0,0,0
80,2026-02-08,3,62,2,1,1,1,1,0,0
80,2026-02-09,3,65,3,0,0,1,0,2,0
80,2026-02-10,3,68,3,0,1,2,0,0,0
81,2026-01-14,0,0,0,0,0,0,0,0,0
81,2026-01-15,0,0,0,0,0,0,0,0,0
81,2026-01-16,0,0,0,0,0,0,0,0,0
81,2026-01-17,0,0,0,0,0,0,0,0,0
81,2026-01-18,0,0,0,0,0,0,0,0,0
81,2026-01-19,0,0,0,0,0,0,0,0,0
81,2026-01-20,0,0,0,0,0,0,0,0,0
81,2026-01-21,0,0,0,0,0,0,0,0,0
81,2026-01-22,0,0,0,0,0,0,0,0,0
81,2026-01-23,0,0,0,0,0,0,0,0,0
81,2026-01-24,0,0,0,0,0,0,0,0,0
81,2026-01-25,2,2,1,1,0,1,0,0,1
81,2026-01-26,2,4,2,0,1,1,0,0,0
81,2026-01-27,2,6,2,0,1,1,0,0,0
81,2026-01-28,1,7,0,1,0,0,1,0,0
81,2026-01-29,0,7,0,0,0,0,0,0,0
81,2026-01-30,2,9,1,1,0,1,1,0,0
81,2026-01-31,0,9,0,0,0,0,0,0,0
81,2026-02-01,2,11,1,1,0,1,1,0,0
81,2026-02-02,3,14,2,1,0,2,1,0,0
81,2026-02-03,3,17,3,0,1,2,0,0,0
81,2026-02-04,6,23,5,1,0,4,1,1,0
81,2026-02-05,1,24,1,0,0,0,0,1,0
81,2026-02-06,1,25,0,1,0,0,1,0,0
81,2026-02-07,3,28,3,0,1,2,0,0,0
81,2026-02-08,0,28,0,0,0,0,0,0,0
81,2026-02-09,2,30,1,1,1,0,1,0,0
81,2026-02-10,2,32,1,1,1,0,1,0,0
82,2026-01-14,0,0,0,0,0,0,0,0,0
82,2026-01-15,0,0,0,0,0,0,0,0,0
82,2026-01-16,0,0,0,0,0,0,0,0,0
82,2026-01-17,0,0,0,0,0,0,0,0,0
82,2026-01-18,0,0,0,0,0,0,0,0,0
82,2026-01-19,0,0,0,0,0,0,0,0,0
82,2026-01-20,0,0,0,0,0,0,0,0,0
82,2026-01-21,0,0,0,0,0,0,0,0,0
82,2026-01-22,0,0,0,0,0,0,0,0,0
82,2026-01-23,0,0,0,0,0,0,0,0,0
82,2026-01-24,0,0,0,0,0,0,0,0,0
82,2026-01-25,3,3,3,0,1,2,0,0,0
82,2026-01-26,1,4,1,0,0,1,0,0,0
82,2026-01-27,0,4,0,0,0,0,0,0,0
82,2026-01-28,2,6,2,0,0,2,0,0,0
82,2026-01-29,4,10,3,1,0,2,0,1,1
82,2026-01-30,4,14,3,1,1,1,1,1,0
82,2026-01-31,1,15,1,0,0,1,0,0,0
82,2026-02-01,1,16,0,1,0,0,1,0,0
82,2026-02-02,2,18,1,1,0,1,1,0,0
82,2026-02-03,2,20,2,0,2,0,0,0,0
82,2026-02-04,0,20,0,0,0,0,0,0,0
82,2026-02-05,3,23,3,0,1,2,0,0,0
82,2026-02-06,3,26,2,1,0,1,1,1,0
82,2026-02-07,2,28,1,1,0,1,1,0,0
82,2026-02-08,3,31,3,0,0,2,0,1,0
82,2026-02-09,2,33,0,2,0,0,2,0,0
82,2026-02-10,0,33,0,0,0,0,0,0,0
83,2026-01-14,0,0,0,0,0,0,0,0,0
83,2026-01-15,0,0,0,0,0,0,0,0,0
83,2026-01-16,0,0,0,0,0,0,0,0,0
83,2026-01-17,0,0,0,0,0,0,0,0,0
83,2026-01-18,0,0,0,0,0,0,0,0,0
83,2026-01-19,0,0,0,0,0,0,0,0,0
83,2026-01-20,0,0,0,0,0,0,0,0,0
83,2026-01-21,0,0,0,0,0,0,0,0,0
83,2026-01-22,0,0,0,0,0,0,0,0,0
83,2026-01-23,0,0,0,0,0,0,0,0,0
83,2026-01-24,0,0,0,0,0,0,0,0,0
83,2026-01-25,2,2,0,2,0,0,1,0,1
83,2026-01-26,4,6,0,4,0,0,4,0,0
83,2026-01-27,0,6,0,0,0,0,0,0,0
83,2026-01-28,3,9,2,1,1,0,1,1,0
83,2026-01-29,3,12,2,1,1,1,1,0,0
83,2026-01-30,0,12,0,0,0,0,0,0,0
83,2026-01-31,4,16,3,1,1,2,0,0,1
83,2026-02-01,0,16,0,0,0,0,0,0,0
83,2026-02-02,1,17,1,0,0,1,0,0,0
83,2026-02-03,1,18,1,0,0,1,0,0,0
83,2026-02-04,2,20,1,1,0,1,1,0,0
83,2026-02-05,1,21,1,0,1,0,0,0,0
83,2026-02-06,1,22,1,0,0,1,0,0,0
83,2026-02-07,0,22,0,0,0,0,0,0,0
83,2026-02-08,2,24,2,0,0,2,0,0,0
83,2026-02-09,0,24,0,0,0,0,0,0,0
83,2026-02-10,1,25,1,0,0,1,0,0,0
84,2026-01-14,0,0,0,0,0,0,0,0,0
84,2026-01-15,0,0,0,0,0,0,0,0,0
84,2026-01-16,0,0,0,0,0,0,0,0,0
84,2026-01-17,0,0,0,0,0,0,0,0,0
84,2026-01-18,0,0,0,0,0,0,0,0,0
84,2026-01-19,0,0,0,0,0,0,0,0,0
84,2026-01-20,0,0,0,0,0,0,0,0,0
84,2026-01-21,0,0,0,0,0,0,0,0,0
84,2026-01-22,0,0,0,0,0,0,0,0,0
84,2026-01-23,0,0,0,0,0,0,0,0,0
84,2026-01-24,0,0,0,0,0,0,0,0,0
84,2026-01-25,2,2,2,0,1,1,0,0,0
84,2026-01-26,4,6,3,1,1,2,1,0,0
84,2026-01-27,5,11,5,0,0,4,0,1,0
84,2026-01-28,1,12,0,1,0,0,0,0,1
84,2026-01-29,3,15,3,0,1,2,0,0,0
84,2026-01-30,1,16,1,0,0,1,0,0,0
84,2026-01-31,5,21,3,2,3,0,1,0,1
84,2026-02-01,0,21,0,0,0,0,0,0,0
84,2026-02-02,5,26,2,3,0,2,3,0,0
84,2026-02-03,3,29,3,0,0,2,0,1,0
84,2026-02-04,3,32,3,0,1,1,0,1,0
84,2026-02-05,5,37,4,1,2,2,0,0,1
84,2026-02-06,2,39,1,1,1,0,1,0,0
84,2026-02-07,1,40,1,0,0,1,0,0,0
84,2026-02-08,4,44,2,2,1,1,2,0,0
84,2026-02-09,2,46,1,1,0,0,1,1,0
84,2026-02-10,1,47,1,0,0,1,0,0,0
85,2026-01-14,0,0,0,0,0,0,0,0,0
85,2026-01-15,0,0,0,0,0,0,0,0,0
85,2026-01-16,0,0,0,0,0,0,0,0,0
85,2026-01-17,0,0,0,0,0,0,0,0,0
85,2026-01-18,0,0,0,0,0,0,0,0,0
85,2026-01-19,0,0,0,0,0,0,0,0,0
85,2026-01-20,0,0,0,0,0,0,0,0,0
85,2026-01-21,0,0,0,0,0,0,0,0,0
85,2026-01-22,0,0,0,0,0,0,0,0,0
85,2026-01-23,0,0,0,0,0,0,0,0,0
85,2026-01-24,0,0,0,0,0,0,0,0,0
85,2026-01-25,1,1,1,0,0,1,0,0,0
85,2026-01-26,1,2,0,1,0,0,1,0,0
85,2026-01-27,0,2,0,0,0,0,0,0,0
85,2026-01-28,0,2,0,0,0,0,0,0,0
85,2026-01-29,2,4,2,0,1,1,0,0,0
85,2026-01-30,1,5,1,0,1,0,0,0,0
85,2026-01-31,2,7,2,0,0,2,0,0,0
85,2026-02-01,0,7,0,0,0,0,0,0,0
85,2026-02-02,3,10,2,1,1,1,1,0,0
85,2026-02-03,1,11,1,0,0,1,0,0,0
85,2026-02-04,2,13,2,0,1,1,0,0,0
85,2026-02-05,2,15,1,1,1,0,1,0,0
85,2026-02-06,2,17,2,0,0,2,0,0,0
85,2026-02-07,2,19,2,0,0,2,0,0,0
85,2026-02-08,2,21,2,0,1,1,0,0,0
85,2026-02-09,0,21,0,0,0,0,0,0,0
85,2026-02-10,1,22,1,0,0,1,0,0,0
86,2026-01-14,0,0,0,0,0,0,0,0,0
86,2026-01-15,0,0,0,0,0,0,0,0,0
86,2026-01-16,0,0,0,0,0,0,0,0,0
86,2026-01-17,0,0,0,0,0,0,0,0,0
86,2026-01-18,0,0,0,0,0,0,0,0,0
86,2026-01-19,0,0,0,0,0,0,0,0,0
86,2026-01-20,0,0,0,0,0,0,0,0,0
86,2026-01-21,0,0,0,0,0,0,0,0,0
86,2026-01-22,0,0,0,0,0,0,0,0,0
86,2026-01-23,0,0,0,0,0,0,0,0,0
86,2026-01-24,0,0,0,0,0,0,0,0,0
86,2026-01-25,3,3,2,1,0,2,1,0,0
86,2026-01-26,0,3,0,0,0,0,0,0,0
86,2026-01-27,4,7,3,1,0,3,1,0,0
86,2026-01-28,4,11,2,2,0,1,2,1,0
86,2026-01-29,4,15,3,1,0,3,1,0,0
86,2026-01-30,1,16,1,0,0,1,0,0,0
86,2026-01-31,6,22,4,2,1,3,1,0,1
86,2026-02-01,5,27,2,3,0,1,3,1,0
86,2026-02-02,3,30,3,0,0,3,0,0,0
86,2026-02-03,0,30,0,0,0,0,0,0,0
86,2026-02-04,0,30,0,0,0,0,0,0,0
86,2026-02-05,0,30,0,0,0,0,0,0,0
86,2026-02-06,3,33,2,1,0,2,1,0,0
86,2026-02-07,3,36,3,0,0,2,0,1,0
86,2026-02-08,1,37,1,0,0,1,0,0,0
86,2026-02-09,2,39,1,1,0,1,0,0,1
86,2026-02-10,0,39,0,0,0,0,0,0,0
87,2026-01-14,0,0,0,0,0,0,0,0,0
87,2026-01-15,0,0,0,0,0,0,0,0,0
87,2026-01-16,0,0,0,0,0,0,0,0,0
87,2026-01-17,0,0,0,0,0,0,0,0,0
87,2026-01-18,0,0,0,0,0,0,0,0,0
87,2026-01-19,0,0,0,0,0,0,0,0,0
87,2026-01-20,0,0,0,0,0,0,0,0,0
87,2026-01-21,0,0,0,0,0,0,0,0,0
87,2026-01-22,0,0,0,0,0,0,0,0,0
87,2026-01-23,0,0,0,0,0,0,0,0,0
87,2026-01-24,0,0,0,0,0,0,0,0,0
87,2026-01-25,5,5,5,0,2,2,0,1,0
87,2026-01-26,6,11,6,0,3,2,0,1,0
87,2026-01-27,3,14,3,0,1,2,0,0,0
87,2026-01-28,5,19,4,1,2,2,1,0,0
87,2026-01-29,5,24,4,1,1,3,1,0,0
87,2026-01-30,8,32,4,4,0,4,1,0,3
87,2026-01-31,5,37,3,2,1,2,1,0,1
87,2026-02-01,6,43,6,0,2,4,0,0,0
87,2026-02-02,4,47,2,2,0,2,2,0,0
87,2026-02-03,3,50,2,1,0,2,0,0,1
87,2026-02-04,1,51,1,0,0,1,0,0,0
87,2026-02-05,2,53,1,1,1,0,1,0,0
87,2026-02-06,4,57,1,3,0,1,2,0,1
87,2026-02-07,1,58,0,1,0,0,1,0,0
87,2026-02-08,2,60,1,1,0,1,0,0,1
87,2026-02-09,2,62,1,1,0,1,1,0,0
87,2026-02-10,1,63,1,0,0,1,0,0,0
88,2026-01-14,0,0,0,0,0,0,0,0,0
88,2026-01-15,0,0,0,0,0,0,0,0,0
88,2026-01-16,0,0,0,0,0,0,0,0,0
88,2026-01-17,0,0,0,0,0,0,0,0,0
88,2026-01-18,0,0,0,0,0,0,0,0,0
88,2026-01-19,0,0,0,0,0,0,0,0,0
88,2026-01-20,0,0,0,0,0,0,0,0,0
88,2026-01-21,0,0,0,0,0,0,0,0,0
88,2026-01-22,0,0,0,0,0,0,0,0,0
88,2026-01-23,0,0,0,0,0,0,0,0,0
88,2026-01-24,0,0,0,0,0,0,0,0,0
88,2026-01-25,7,7,6,1,3,3,1,0,0
88,2026-01-26,3,10,3,0,2,1,0,0,0
88,2026-01-27,6,16,5,1,0,5,0,0,1
88,2026-01-28,4,20,3,1,1,1,1,1,0
88,2026-01-29,5,25,5,0,2,3,0,0,0
88,2026-01-30,3,28,1,2,0,1,2,0,0
88,2026-01-31,4,32,4,0,2,2,0,0,0
88,2026-02-01,5,37,5,0,2,3,0,0,0
88,2026-02-02,9,46,9,0,4,3,0,2,0
88,2026-02-03,5,51,4,1,1,2,1,1,0
88,2026-02-04,3,54,2,1,1,1,1,0,0
88,2026-02-05,3,57,2,1,2,0,1,0,0
88,2026-02-06,5,62,5,0,0,3,0,2,0
88,2026-02-07,4,66,2,2,0,2,1,0,1
88,2026-02-08,4,70,4,0,0,3,0,1,0
88,2026-02-09,4,74,3,1,1,1,0,1,1
88,2026-02-10,8,82,5,3,3,2,2,0,1
89,2026-01-14,0,0,0,0,0,0,0,0,0
89,2026-01-15,0,0,0,0,0,0,0,0,0
89,2026-01-16,0,0,0,0,0,0,0,0,0
89,2026-01-17,0,0,0,0,0,0,0,0,0
89,2026-01-18,0,0,0,0,0,0,0,0,0
89,2026-01-19,0,0,0,0,0,0,0,0,0
89,2026-01-20,0,0,0,0,0,0,0,0,0
89,2026-01-21,0,0,0,0,0,0,0,0,0
89,2026-01-22,0,0,0,0,0,0,0,0,0
89,2026-01-23,0,0,0,0,0,0,0,0,0
89,2026-01-24,0,0,0,0,0,0,0,0,0
89,2026-01-25,4,4,4,0,0,4,0,0,0
89,2026-01-26,5,9,5,0,0,4,0,1,0
89,2026-01-27,8,17,6,2,1,4,2,1,0
89,2026-01-28,4,21,3,1,0,3,1,0,0
89,2026-01-29,2,23,0,2,0,0,2,0,0
89,2026-01-30,3,26,2,1,0,2,1,0,0
89,2026-01-31,3,29,3,0,0,3,0,0,0
89,2026-02-01,2,31,1,1,0,1,0,0,1
89,2026-02-02,4,35,3,1,0,3,0,0,1
89,2026-02-03,0,35,0,0,0,0,0,0,0
89,2026-02-04,3,38,2,1,1,1,1,0,0
89,2026-02-05,1,39,1,0,0,1,0,0,0
89,2026-02-06,4,43,3,1,2,1,1,0,0
89,2026-02-07,2,45,1,1,0,1,1,0,0
89,2026-02-08,6,51,5,1,0,5,1,0,0
89,2026-02-09,0,51,0,0,0,0,0,0,0
89,2026-02-10,2,53,2,0,0,2,0,0,0
90,2026-01-14,0,0,0,0,0,0,0,0,0
90,2026-01-15,0,0,0,0,0,0,0,0,0
90,2026-01-16,0,0,0,0,0,0,0,0,0
90,2026-01-17,0,0,0,0,0,0,0,0,0
90,2026-01-18,0,0,0,0,0,0,0,0,0
90,2026-01-19,0,0,0,0,0,0,0,0,0
90,2026-01-20,0,0,0,0,0,0,0,0,0
90,2026-01-21,0,0,0,0,0,0,0,0,0
90,2026-01-22,0,0,0,0,0,0,0,0,0
90,2026-01-23,0,0,0,0,0,0,0,0,0
90,2026-01-24,0,0,0,0,0,0,0,0,0
90,2026-01-25,6,6,5,1,3,2,0,0,1
90,2026-01-26,5,11,3,2,2,1,1,0,1
90,2026-01-27,1,12,1,0,1,0,0,0,0
90,2026-01-28,4,16,4,0,1,2,0,1,0
90,2026-01-29,6,22,6,0,2,4,0,0,0
90,2026-01-30,2,24,1,1,1,0,0,0,1
90,2026-01-31,1,25,1,0,0,1,0,0,0
90,2026-02-01,1,26,1,0,1,0,0,0,0
90,2026-02-02,1,27,1,0,1,0,0,0,0
90,2026-02-03,3,30,1,2,1,0,2,0,0
90,2026-02-04,2,32,2,0,1,1,0,0,0
90,2026-02-05,4,36,4,0,3,1,0,0,0
90,2026-02-06,4,40,2,2,1,1,2,0,0
90,2026-02-07,4,44,2,2,1,1,2,0,0
90,2026-02-08,3,47,3,0,2,1,0,0,0
90,2026-02-09,5,52,5,0,1,4,0,0,0
90,2026-02-10,1,53,0,1,0,0,1,0,0
91,2026-01-14,0,0,0,0,0,0,0,0,0
91,2026-01-15,0,0,0,0,0,0,0,0,0
91,2026-01-16,0,0,0,0,0,0,0,0,0
91,2026-01-17,0,0,0,0,0,0,0,0,0
91,2026-01-18,0,0,0,0,0,0,0,0,0
91,2026-01-19,0,0,0,0,0,0,0,0,0
91,2026-01-20,0,0,0,0,0,0,0,0,0
91,2026-01-21,0,0,0,0,0,0,0,0,0
91,2026-01-22,0,0,0,0,0,0,0,0,0
91,2026-01-23,0,0,0,0,0,0,0,0,0
91,2026-01-24,0,0,0,0,0,0,0,0,0
91,2026-01-25,3,3,3,0,3,0,0,0,0
91,2026-01-26,1,4,1,0,0,1,0,0,0
91,2026-01-27,1,5,1,0,0,0,0,1,0
91,2026-01-28,1,6,1,0,0,1,0,0,0
91,2026-01-29,3,9,2,1,0,2,1,0,0
91,2026-01-30,0,9,0,0,0,0,0,0,0
91,2026-01-31,0,9,0,0,0,0,0,0,0
91,2026-02-01,2,11,2,0,1,0,0,1,0
91,2026-02-02,1,12,1,0,0,0,0,1,0
91,2026-02-03,1,13,1,0,0,1,0,0,0
91,2026-02-04,1,14,1,0,0,1,0,0,0
91,2026-02-05,2,16,2,0,0,1,0,1,0
91,2026-02-06,1,17,1,0,1,0,0,0,0
91,2026-02-07,1,18,1,0,0,0,0,1,0
91,2026-02-08,1,19,1,0,0,1,0,0,0
91,2026-02-09,0,19,0,0,0,0,0,0,0
91,2026-02-10,0,19,0,0,0,0,0,0,0
92,2026-01-14,0,0,0,0,0,0,0,0,0
92,2026-01-15,0,0,0,0,0,0,0,0,0
92,2026-01-16,0,0,0,0,0,0,0,0,0
92,2026-01-17,0,0,0,0,0,0,0,0,0
92,2026-01-18,0,0,0,0,0,0,0,0,0
92,2026-01-19,0,0,0,0,0,0,0,0,0
92,2026-01-20,0,0,0,0,0,0,0,0,0
92,2026-01-21,0,0,0,0,0,0,0,0,0
92,2026-01-22,0,0,0,0,0,0,0,0,0
92,2026-01-23,0,0,0,0,0,0,0,0,0
92,2026-01-24,0,0,0,0,0,0,0,0,0
92,2026-01-25,2,2,2,0,1,1,0,0,0
92,2026-01-26,1,3,1,0,1,0,0,0,0
92,2026-01-27,2,5,2,0,0,1,0,1,0
92,2026-01-28,2,7,1,1,1,0,1,0,0
92,2026-01-29,3,10,3,0,1,1,0,1,0
92,2026-01-30,3,13,3,0,2,1,0,0,0
92,2026-01-31,3,16,3,0,1,2,0,0,0
92,2026-02-01,2,18,2,0,0,2,0,0,0
92,2026-02-02,3,21,2,1,1,1,1,0,0
92,2026-02-03,6,27,6,0,2,3,0,1,0
92,2026-02-04,3,30,3,0,1,2,0,0,0
92,2026-02-05,4,34,4,0,0,3,0,1,0
92,2026-02-06,2,36,1,1,0,1,1,0,0
92,2026-02-07,0,36,0,0,0,0,0,0,0
92,2026-02-08,1,37,1,0,0,0,0,1,0
92,2026-02-09,2,39,1,1,0,1,1,0,0
92,2026-02-10,2,41,1,1,0,1,1,0,0
93,2026-01-14,0,0,0,0,0,0,0,0,0
93,2026-01-15,0,0,0,0,0,0,0,0,0
93,2026-01-16,0,0,0,0,0,0,0,0,0
93,2026-01-17,0,0,0,0,0,0,0,0,0
93,2026-01-18,0,0,0,0,0,0,0,0,0
93,2026-01-19,0,0,0,0,0,0,0,0,0
93,2026-01-20,0,0,0,0,0,0,0,0,0
93,2026-01-21,0,0,0,0,0,0,0,0,0
93,2026-01-22,0,0,0,0,0,0,0,0,0
93,2026-01-23,0,0,0,0,0,0,0,0,0
93,2026-01-24,0,0,0,0,0,0,0,0,0
93,2026-01-25,8,8,6,2,2,3,2,1,0
93,2026-01-26,10,18,9,1,2,4,1,3,0
93,2026-01-27,5,23,4,1,1,3,1,0,0
93,2026-01-28,3,26,3,0,1,2,0,0,0
93,2026-01-29,6,32,6,0,2,4,0,0,0
93,2026-01-30,6,38,6,0,3,3,0,0,0
93,2026-01-31,6,44,5,1,0,4,1,1,0
93,2026-02-01,6,50,5,1,1,4,1,0,0
93,2026-02-02,4,54,2,2,1,0,2,1,0
93,2026-02-03,6,60,5,1,0,4,1,1,0
93,2026-02-04,5,65,5,0,2,3,0,0,0
93,2026-02-05,1,66,1,0,0,1,0,0,0
93,2026-02-06,3,69,3,0,0,3,0,0,0
93,2026-02-07,7,76,6,1,0,5,1,1,0
93,2026-02-08,5,81,4,1,3,1,0,0,1
93,2026-02-09,4,85,3,1,0,2,1,1,0
93,2026-02-10,1,86,1,0,0,1,0,0,0
94,2026-01-14,0,0,0,0,0,0,0,0,0
94,2026-01-15,0,0,0,0,0,0,0,0,0
94,2026-01-16,0,0,0,0,0,0,0,0,0
94,2026-01-17,0,0,0,0,0,0,0,0,0
94,2026-01-18,0,0,0,0,0,0,0,0,0
94,2026-01-19,0,0,0,0,0,0,0,0,0
94,2026-01-20,0,0,0,0,0,0,0,0,0
94,2026-01-21,0,0,0,0,0,0,0,0,0
94,2026-01-22,0,0,0,0,0,0,0,0,0
94,2026-01-23,0,0,0,0,0,0,0,0,0
94,2026-01-24,0,0,0,0,0,0,0,0,0
94,2026-01-25,3,3,3,0,2,1,0,0,0
94,2026-01-26,2,5,2,0,0,2,0,0,0
94,2026-01-27,5,10,4,1,2,1,1,1,0
94,2026-01-28,2,12,1,1,0,1,0,0,1
94,2026-01-29,4,16,4,0,0,2,0,2,0
94,2026-01-30,2,18,1,1,0,1,1,0,0
94,2026-01-31,2,20,2,0,1,1,0,0,0
94,2026-02-01,4,24,4,0,1,3,0,0,0
94,2026-02-02,4,28,3,1,1,1,1,1,0
94,2026-02-03,3,31,2,1,0,2,1,0,0
94,2026-02-04,3,34,3,0,2,1,0,0,0
94,2026-02-05,3,37,3,0,1,1,0,1,0
94,2026-02-06,0,37,0,0,0,0,0,0,0
94,2026-02-07,1,38,1,0,1,0,0,0,0
94,2026-02-08,0,38,0,0,0,0,0,0,0
94,2026-02-09,6,44,3,3,0,1,2,2,1
94,2026-02-10,3,47,2,1,2,0,1,0,0
95,2026-01-14,0,0,0,0,0,0,0,0,0
95,2026-01-15,0,0,0,0,0,0,0,0,0
95,2026-01-16,0,0,0,0,0,0,0,0,0
95,2026-01-17,0,0,0,0,0,0,0,0,0
95,2026-01-18,0,0,0,0,0,0,0,0,0
95,2026-01-19,0,0,0,0,0,0,0,0,0
95,2026-01-20,0,0,0,0,0,0,0,0,0
95,2026-01-21,0,0,0,0,0,0,0,0,0
95,2026-01-22,0,0,0,0,0,0,0,0,0
95,2026-01-23,0,0,0,0,0,0,0,0,0
95,2026-01-24,0,0,0,0,0,0,0,0,0
95,2026-01-25,1,1,1,0,0,1,0,0,0
95,2026-01-26,4,5,2,2,0,2,1,0,1
95,2026-01-27,4,9,3,1,1,2,1,0,0
95,2026-01-28,0,9,0,0,0,0,0,0,0
95,2026-01-29,2,11,2,0,2,0,0,0,0
95,2026-01-30,1,12,1,0,1,0,0,0,0
95,2026-01-31,1,13,1,0,0,1,0,0,0
95,2026-02-01,0,13,0,0,0,0,0,0,0
95,2026-02-02,4,17,3,1,2,1,1,0,0
95,2026-02-03,5,22,3,2,0,3,2,0,0
95,2026-02-04,0,22,0,0,0,0,0,0,0
95,2026-02-05,0,22,0,0,0,0,0,0,0
95,2026-02-06,3,25,3,0,2,1,0,0,0
95,2026-02-07,2,27,2,0,1,1,0,0,0
95,2026-02-08,3,30,1,2,0,1,1,0,1
95,2026-02-09,1,31,1,0,1,0,0,0,0
95,2026-02-10,2,33,2,0,0,2,0,0,0
96,2026-01-14,0,0,0,0,0,0,0,0,0
96,2026-01-15,0,0,0,0,0,0,0,0,0
96,2026-01-16,0,0,0,0,0,0,0,0,0
96,2026-01-17,0,0,0,0,0,0,0,0,0
96,2026-01-18,0,0,0,0,0,0,0,0,0
96,2026-01-19,0,0,0,0,0,0,0,0,0
96,2026-01-20,0,0,0,0,0,0,0,0,0
96,2026-01-21,0,0,0,0,0,0,0,0,0
96,2026-01-22,0,0,0,0,0,0,0,0,0
96,2026-01-23,0,0,0,0,0,0,0,0,0
96,2026-01-24,0,0,0,0,0,0,0,0,0
96,2026-01-25,1,1,1,0,0,1,0,0,0
96,2026-01-26,2,3,1,1,0,0,0,1,1
96,2026-01-27,1,4,0,1,0,0,1,0,0
96,2026-01-28,4,8,4,0,2,2,0,0,0
96,2026-01-29,2,10,1,1,1,0,1,0,0
96,2026-01-30,3,13,1,2,1,0,1,0,1
96,2026-01-31,4,17,2,2,1,1,2,0,0
96,2026-02-01,3,20,2,1,0,2,1,0,0
96,2026-02-02,2,22,2,0,1,1,0,0,0
96,2026-02-03,2,24,1,1,1,0,1,0,0
96,2026-02-04,4,28,4,0,3,1,0,0,0
96,2026-02-05,8,36,7,1,0,6,1,1,0
96,2026-02-06,1,37,1,0,0,1,0,0,0
96,2026-02-07,4,41,3,1,0,3,1,0,0
96,2026-02-08,1,42,1,0,0,1,0,0,0
96,2026-02-09,2,44,0,2,0,0,1,0,1
96,2026-02-10,2,46,2,0,0,2,0,0,0
97,2026-01-14,0,0,0,0,0,0,0,0,0
97,2026-01-15,0,0,0,0,0,0,0,0,0
97,2026-01-16,0,0,0,0,0,0,0,0,0
97,2026-01-17,0,0,0,0,0,0,0,0,0
97,2026-01-18,0,0,0,0,0,0,0,0,0
97,2026-01-19,0,0,0,0,0,0,0,0,0
97,2026-01-20,0,0,0,0,0,0,0,0,0
97,2026-01-21,0,0,0,0,0,0,0,0,0
97,2026-01-22,0,0,0,0,0,0,0,0,0
97,2026-01-23,0,0,0,0,0,0,0,0,0
97,2026-01-24,0,0,0,0,0,0,0,0,0
97,2026-01-25,6,6,3,3,0,2,3,1,0
97,2026-01-26,3,9,3,0,0,2,0,1,0
97,2026-01-27,2,11,2,0,0,2,0,0,0
97,2026-01-28,4,15,3,1,0,3,1,0,0
97,2026-01-29,2,17,1,1,1,0,1,0,0
97,2026-01-30,0,17,0,0,0,0,0,0,0
97,2026-01-31,1,18,1,0,0,1,0,0,0
97,2026-02-01,2,20,2,0,1,1,0,0,0
97,2026-02-02,0,20,0,0,0,0,0,0,0
97,2026-02-03,3,23,2,1,0,2,0,0,1
97,2026-02-04,4,27,3,1,1,2,1,0,0
97,2026-02-05,0,27,0,0,0,0,0,0,0
97,2026-02-06,2,29,2,0,0,2,0,0,0
97,2026-02-07,3,32,3,0,0,3,0,0,0
97,2026-02-08,5,37,5,0,0,5,0,0,0
97,2026-02-09,0,37,0,0,0,0,0,0,0
97,2026-02-10,2,39,2,0,1,1,0,0,0
98,2026-01-14,0,0,0,0,0,0,0,0,0
98,2026-01-15,0,0,0,0,0,0,0,0,0
98,2026-01-16,0,0,0,0,0,0,0,0,0
98,2026-01-17,0,0,0,0,0,0,0,0,0
98,2026-01-18,0,0,0,0,0,0,0,0,0
98,2026-01-19,0,0,0,0,0,0,0,0,0
98,2026-01-20,0,0,0,0,0,0,0,0,0
98,2026-01-21,0,0,0,0,0,0,0,0,0
98,2026-01-22,0,0,0,0,0,0,0,0,0
98,2026-01-23,0,0,0,0,0,0,0,0,0
98,2026-01-24,0,0,0,0,0,0,0,0,0
98,2026-01-25,4,4,3,1,2,1,1,0,0
98,2026-01-26,5,9,4,1,2,1,1,1,0
98,2026-01-27,5,14,4,1,1,2,1,1,0
98,2026-01-28,3,17,2,1,2,0,1,0,0
98,2026-01-29,6,23,6,0,1,4,0,1,0
98,2026-01-30,2,25,1,1,1,0,1,0,0
98,2026-01-31,1,26,1,0,1,0,0,0,0
98,2026-02-01,3,29,3,0,1,1,0,1,0
98,2026-02-02,2,31,2,0,0,1,0,1,0
98,2026-02-03,5,36,3,2,1,2,0,0,2
98,2026-02-04,3,39,3,0,2,1,0,0,0
98,2026-02-05,2,41,2,0,1,1,0,0,0
98,2026-02-06,2,43,2,0,0,2,0,0,0
98,2026-02-07,2,45,2,0,1,1,0,0,0
98,2026-02-08,2,47,1,1,0,1,1,0,0
98,2026-02-09,2,49,2,0,0,1,0,1,0
98,2026-02-10,1,50,0,1,0,0,1,0,0
99,2026-01-14,0,0,0,0,0,0,0,0,0
99,2026-01-15,0,0,0,0,0,0,0,0,0
99,2026-01-16,0,0,0,0,0,0,0,0,0
99,2026-01-17,0,0,0,0,0,0,0,0,0
99,2026-01-18,0,0,0,0,0,0,0,0,0
99,2026-01-19,0,0,0,0,0,0,0,0,0
99,2026-01-20,0,0,0,0,0,0,0,0,0
99,2026-01-21,0,0,0,0,0,0,0,0,0
99,2026-01-22,0,0,0,0,0,0,0,0,0
99,2026-01-23,0,0,0,0,0,0,0,0,0
99,2026-01-24,0,0,0,0,0,0,0,0,0
99,2026-01-25,7,7,5,2,0,5,2,0,0
99,2026-01-26,2,9,2,0,1,1,0,0,0
99,2026-01-27,4,13,3,1,0,2,1,1,0
99,2026-01-28,5,18,3,2,1,1,2,1,0
99,2026-01-29,3,21,3,0,1,1,0,1,0
99,2026-01-30,3,24,2,1,0,2,1,0,0
99,2026-01-31,2,26,2,0,0,2,0,0,0
99,2026-02-01,2,28,1,1,1,0,0,0,1
99,2026-02-02,3,31,1,2,0,1,1,0,1
99,2026-02-03,6,37,4,2,2,2,1,0,1
99,2026-02-04,5,42,4,1,3,1,1,0,0
99,2026-02-05,7,49,7,0,1,5,0,1,0
99,2026-02-06,0,49,0,0,0,0,0,0,0
99,2026-02-07,8,57,8,0,1,4,0,3,0
99,2026-02-08,4,61,3,1,1,2,1,0,0
99,2026-02-09,2,63,2,0,1,1,0,0,0
99,2026-02-10,2,65,2,0,0,2,0,0,0
100,2026-01-14,0,0,0,0,0,0,0,0,0
100,2026-01-15,0,0,0,0,0,0,0,0,0
100,2026-01-16,0,0,0,0,0,0,0,0,0
100,2026-01-17,0,0,0,0,0,0,0,0,0
100,2026-01-18,0,0,0,0,0,0,0,0,0
100,2026-01-19,0,0,0,0,0,0,0,0,0
100,2026-01-20,0,0,0,0,0,0,0,0,0
100,2026-01-21,0,0,0,0,0,0,0,0,0
100,2026-01-22,0,0,0,0,0,0,0,0,0
100,2026-01-23,0,0,0,0,0,0,0,0,0
100,2026-01-24,0,0,0,0,0,0,0,0,0
100,2026-01-25,4,4,3,1,1,2,1,0,0
100,2026-01-26,3,7,2,1,0,1,1,1,0
100,2026-01-27,7,14,6,1,3,3,1,0,0
100,2026-01-28,4,18,2,2,0,2,2,0,0
100,2026-01-29,3,21,3,0,0,3,0,0,0
100,2026-01-30,3,24,3,0,1,2,0,0,0
100,2026-01-31,3,27,3,0,1,2,0,0,0
100,2026-02-01,4,31,4,0,0,4,0,0,0
100,2026-02-02,4,35,4,0,2,2,0,0,0
100,2026-02-03,3,38,2,1,2,0,0,0,1
100,2026-02-04,3,41,3,0,2,1,0,0,0
100,2026-02-05,3,44,1,2,0,1,2,0,0
100,2026-02-06,3,47,2,1,1,1,1,0,0
100,2026-02-07,2,49,2,0,0,2,0,0,0
100,2026-02-08,2,51,2,0,0,2,0,0,0
100,2026-02-09,1,52,1,0,0,1,0,0,0
100,2026-02-10,3,55,1,2,0,1,2,0,0
101,2026-01-14,0,0,0,0,0,0,0,0,0
101,2026-01-15,0,0,0,0,0,0,0,0,0
101,2026-01-16,0,0,0,0,0,0,0,0,0
101,2026-01-17,0,0,0,0,0,0,0,0,0
101,2026-01-18,0,0,0,0,0,0,0,0,0
101,2026-01-19,0,0,0,0,0,0,0,0,0
101,2026-01-20,0,0,0,0,0,0,0,0,0
101,2026-01-21,0,0,0,0,0,0,0,0,0
101,2026-01-22,0,0,0,0,0,0,0,0,0
101,2026-01-23,0,0,0,0,0,0,0,0,0
101,2026-01-24,0,0,0,0,0,0,0,0,0
101,2026-01-25,5,5,3,2,0,2,2,1,0
101,2026-01-26,1,6,0,1,0,0,1,0,0
101,2026-01-27,3,9,2,1,0,2,1,0,0
101,2026-01-28,4,13,4,0,0,4,0,0,0
101,2026-01-29,2,15,1,1,1,0,1,0,0
101,2026-01-30,2,17,2,0,1,1,0,0,0
101,2026-01-31,2,19,2,0,1,1,0,0,0
101,2026-02-01,4,23,2,2,0,2,2,0,0
101,2026-02-02,4,27,2,2,1,1,2,0,0
101,2026-02-03,4,31,3,1,1,2,1,0,0
101,2026-02-04,1,32,1,0,0,1,0,0,0
101,2026-02-05,2,34,2,0,0,2,0,0,0
101,2026-02-06,2,36,2,0,1,0,0,1,0
101,2026-02-07,5,41,4,1,0,3,1,1,0
101,2026-02-08,2,43,2,0,0,2,0,0,0
101,2026-02-09,4,47,4,0,2,1,0,1,0
101,2026-02-10,2,49,2,0,0,2,0,0,0
102,2026-01-14,0,0,0,0,0,0,0,0,0
102,2026-01-15,0,0,0,0,0,0,0,0,0
102,2026-01-16,0,0,0,0,0,0,0,0,0
102,2026-01-17,0,0,0,0,0,0,0,0,0
102,2026-01-18,0,0,0,0,0,0,0,0,0
102,2026-01-19,0,0,0,0,0,0,0,0,0
102,2026-01-20,0,0,0,0,0,0,0,0,0
102,2026-01-21,0,0,0,0,0,0,0,0,0
102,2026-01-22,0,0,0,0,0,0,0,0,0
102,2026-01-23,0,0,0,0,0,0,0,0,0
102,2026-01-24,0,0,0,0,0,0,0,0,0
102,2026-01-25,2,2,2,0,0,2,0,0,0
102,2026-01-26,3,5,1,2,0,1,2,0,0
102,2026-01-27,3,8,3,0,0,2,0,1,0
102,2026-01-28,4,12,3,1,0,3,1,0,0
102,2026-01-29,3,15,2,1,0,2,1,0,0
102,2026-01-30,3,18,3,0,1,2,0,0,0
102,2026-01-31,3,21,1,2,1,0,2,0,0
102,2026-02-01,3,24,1,2,1,0,2,0,0
102,2026-02-02,2,26,0,2,0,0,2,0,0
102,2026-02-03,2,28,2,0,1,1,0,0,0
102,2026-02-04,2,30,2,0,1,1,0,0,0
102,2026-02-05,1,31,1,0,0,1,0,0,0
102,2026-02-06,0,31,0,0,0,0,0,0,0
102,2026-02-07,5,36,4,1,1,3,1,0,0
102,2026-02-08,1,37,1,0,0,1,0,0,0
102,2026-02-09,1,38,1,0,0,0,0,1,0
102,2026-02-10,3,41,2,1,0,1,0,1,1
103,2026-01-14,0,0,0,0,0,0,0,0,0
103,2026-01-15,0,0,0,0,0,0,0,0,0
103,2026-01-16,0,0,0,0,0,0,0,0,0
103,2026-01-17,0,0,0,0,0,0,0,0,0
103,2026-01-18,0,0,0,0,0,0,0,0,0
103,2026-01-19,0,0,0,0,0,0,0,0,0
103,2026-01-20,0,0,0,0,0,0,0,0,0
103,2026-01-21,0,0,0,0,0,0,0,0,0
103,2026-01-22,0,0,0,0,0,0,0,0,0
103,2026-01-23,0,0,0,0,0,0,0,0,0
103,2026-01-24,0,0,0,0,0,0,0,0,0
103,2026-01-25,0,0,0,0,0,0,0,0,0
103,2026-01-26,3,3,3,0,2,1,0,0,0
103,2026-01-27,2,5,2,0,1,1,0,0,0
103,2026-01-28,1,6,1,0,0,1,0,0,0
103,2026-01-29,2,8,2,0,2,0,0,0,0
103,2026-01-30,1,9,1,0,0,1,0,0,0
103,2026-01-31,2,11,2,0,0,2,0,0,0
103,2026-02-01,1,12,1,0,0,1,0,0,0
103,2026-02-02,3,15,2,1,0,2,0,0,1
103,2026-02-03,3,18,2,1,2,0,1,0,0
103,2026-02-04,0,18,0,0,0,0,0,0,0
103,2026-02-05,3,21,3,0,1,2,0,0,0
103,2026-02-06,1,22,1,0,0,0,0,1,0
103,2026-02-07,2,24,2,0,0,2,0,0,0
103,2026-02-08,0,24,0,0,0,0,0,0,0
103,2026-02-09,0,24,0,0,0,0,0,0,0
103,2026-02-10,0,24,0,0,0,0,0,0,0
104,2026-01-14,0,0,0,0,0,0,0,0,0
104,2026-01-15,0,0,0,0,0,0,0,0,0
104,2026-01-16,0,0,0,0,0,0,0,0,0
104,2026-01-17,0,0,0,0,0,0,0,0,0
104,2026-01-18,0,0,0,0,0,0,0,0,0
104,2026-01-19,0,0,0,0,0,0,0,0,0
104,2026-01-20,0,0,0,0,0,0,0,0,0
104,2026-01-21,0,0,0,0,0,0,0,0,0
104,2026-01-22,0,0,0,0,0,0,0,0,0
104,2026-01-23,0,0,0,0,0,0,0,0,0
104,2026-01-24,0,0,0,0,0,0,0,0,0
104,2026-01-25,5,5,5,0,0,3,0,2,0
104,2026-01-26,1,6,1,0,1,0,0,0,0
104,2026-01-27,2,8,1,1,1,0,1,0,0
104,2026-01-28,3,11,0,3,0,0,1,0,2
104,2026-01-29,5,16,3,2,2,1,2,0,0
104,2026-01-30,4,20,4,0,3,1,0,0,0
104,2026-01-31,2,22,1,1,0,1,1,0,0
104,2026-02-01,4,26,2,2,0,2,2,0,0
104,2026-02-02,2,28,2,0,2,0,0,0,0
104,2026-02-03,3,31,2,1,1,1,1,0,0
104,2026-02-04,2,33,1,1,0,1,1,0,0
104,2026-02-05,4,37,3,1,1,1,1,1,0
104,2026-02-06,0,37,0,0,0,0,0,0,0
104,2026-02-07,2,39,2,0,0,1,0,1,0
104,2026-02-08,2,41,2,0,0,2,0,0,0
104,2026-02-09,1,42,1,0,0,1,0,0,0
104,2026-02-10,3,45,3,0,2,1,0,0,0
105,2026-01-14,0,0,0,0,0,0,0,0,0
105,2026-01-15,0,0,0,0,0,0,0,0,0
105,2026-01-16,0,0,0,0,0,0,0,0,0
105,2026-01-17,0,0,0,0,0,0,0,0,0
105,2026-01-18,0,0,0,0,0,0,0,0,0
105,2026-01-19,0,0,0,0,0,0,0,0,0
105,2026-01-20,0,0,0,0,0,0,0,0,0
105,2026-01-21,0,0,0,0,0,0,0,0,0
105,2026-01-22,0,0,0,0,0,0,0,0,0
105,2026-01-23,0,0,0,0,0,0,0,0,0
105,2026-01-24,0,0,0,0,0,0,0,0,0
105,2026-01-25,1,1,1,0,0,0,0,1,0
105,2026-01-26,3,4,3,0,2,1,0,0,0
105,2026-01-27,1,5,1,0,0,1,0,0,0
105,2026-01-28,1,6,1,0,1,0,0,0,0
105,2026-01-29,3,9,1,2,0,1,2,0,0
105,2026-01-30,1,10,1,0,0,1,0,0,0
105,2026-01-31,0,10,0,0,0,0,0,0,0
105,2026-02-01,2,12,2,0,1,1,0,0,0
105,2026-02-02,5,17,3,2,1,2,2,0,0
105,2026-02-03,0,17,0,0,0,0,0,0,0
105,2026-02-04,1,18,1,0,0,1,0,0,0
105,2026-02-05,0,18,0,0,0,0,0,0,0
105,2026-02-06,0,18,0,0,0,0,0,0,0
105,2026-02-07,0,18,0,0,0,0,0,0,0
105,2026-02-08,0,18,0,0,0,0,0,0,0
105,2026-02-09,3,21,3,0,2,1,0,0,0
105,2026-02-10,1,22,1,0,1,0,0,0,0
106,2026-01-14,0,0,0,0,0,0,0,0,0
106,2026-01-15,0,0,0,0,0,0,0,0,0
106,2026-01-16,0,0,0,0,0,0,0,0,0
106,2026-01-17,0,0,0,0,0,0,0,0,0
106,2026-01-18,0,0,0,0,0,0,0,0,0
106,2026-01-19,0,0,0,0,0,0,0,0,0
106,2026-01-20,0,0,0,0,0,0,0,0,0
106,2026-01-21,0,0,0,0,0,0,0,0,0
106,2026-01-22,0,0,0,0,0,0,0,0,0
106,2026-01-23,0,0,0,0,0,0,0,0,0
106,2026-01-24,0,0,0,0,0,0,0,0,0
106,2026-01-25,4,4,4,0,2,2,0,0,0
106,2026-01-26,1,5,1,0,0,1,0,0,0
106,2026-01-27,5,10,3,2,0,3,2,0,0
106,2026-01-28,2,12,1,1,0,1,1,0,0
106,2026-01-29,3,15,2,1,0,2,1,0,0
106,2026-01-30,4,19,4,0,3,1,0,0,0
106,2026-01-31,3,22,2,1,0,2,1,0,0
106,2026-02-01,6,28,6,0,2,4,0,0,0
106,2026-02-02,2,30,2,0,0,2,0,0,0
106,2026-02-03,4,34,4,0,2,2,0,0,0
106,2026-02-04,1,35,1,0,0,1,0,0,0
106,2026-02-05,2,37,2,0,1,1,0,0,0
106,2026-02-06,2,39,2,0,0,1,0,1,0
106,2026-02-07,2,41,1,1,0,1,1,0,0
106,2026-02-08,1,42,1,0,0,0,0,1,0
106,2026-02-09,3,45,2,1,1,1,0,0,1
106,2026-02-10,1,46,1,0,1,0,0,0,0
107,2026-01-14,0,0,0,0,0,0,0,0,0
107,2026-01-15,0,0,0,0,0,0,0,0,0
107,2026-01-16,0,0,0,0,0,0,0,0,0
107,2026-01-17,0,0,0,0,0,0,0,0,0
107,2026-01-18,0,0,0,0,0,0,0,0,0
107,2026-01-19,0,0,0,0,0,0,0,0,0
107,2026-01-20,0,0,0,0,0,0,0,0,0
107,2026-01-21,0,0,0,0,0,0,0,0,0
107,2026-01-22,0,0,0,0,0,0,0,0,0
107,2026-01-23,0,0,0,0,0,0,0,0,0
107,2026-01-24,0,0,0,0,0,0,0,0,0
107,2026-01-25,5,5,5,0,2,3,0,0,0
107,2026-01-26,3,8,3,0,0,3,0,0,0
107,2026-01-27,9,17,8,1,4,4,1,0,0
107,2026-01-28,5,22,4,1,1,3,0,0,1
107,2026-01-29,2,24,1,1,0,1,1,0,0
107,2026-01-30,0,24,0,0,0,0,0,0,0
107,2026-01-31,6,30,4,2,3,1,2,0,0
107,2026-02-01,4,34,4,0,1,1,0,2,0
107,2026-02-02,4,38,3,1,1,2,0,0,1
107,2026-02-03,0,38,0,0,0,0,0,0,0
107,2026-02-04,5,43,5,0,1,4,0,0,0
107,2026-02-05,3,46,3,0,1,2,0,0,0
107,2026-02-06,3,49,2,1,0,2,0,0,1
107,2026-02-07,3,52,3,0,1,2,0,0,0
107,2026-02-08,2,54,2,0,1,1,0,0,0
107,2026-02-09,4,58,3,1,1,2,1,0,0
107,2026-02-10,2,60,2,0,1,1,0,0,0
108,2026-01-14,0,0,0,0,0,0,0,0,0
108,2026-01-15,0,0,0,0,0,0,0,0,0
108,2026-01-16,0,0,0,0,0,0,0,0,0
108,2026-01-17,0,0,0,0,0,0,0,0,0
108,2026-01-18,0,0,0,0,0,0,0,0,0
108,2026-01-19,0,0,0,0,0,0,0,0,0
108,2026-01-20,0,0,0,0,0,0,0,0,0
108,2026-01-21,0,0,0,0,0,0,0,0,0
108,2026-01-22,0,0,0,0,0,0,0,0,0
108,2026-01-23,0,0,0,0,0,0,0,0,0
108,2026-01-24,0,0,0,0,0,0,0,0,0
108,2026-01-25,5,5,3,2,1,1,2,1,0
108,2026-01-26,7,12,5,2,2,3,2,0,0
108,2026-01-27,3,15,3,0,0,3,0,0,0
108,2026-01-28,5,20,5,0,1,2,0,2,0
108,2026-01-29,3,23,2,1,2,0,1,0,0
108,2026-01-30,8,31,7,1,2,5,1,0,0
108,2026-01-31,2,33,2,0,1,1,0,0,0
108,2026-02-01,4,37,4,0,0,4,0,0,0
108,2026-02-02,4,41,3,1,1,2,1,0,0
108,2026-02-03,3,44,2,1,0,1,0,1,1
108,2026-02-04,2,46,2,0,1,0,0,1,0
108,2026-02-05,1,47,1,0,0,1,0,0,0
108,2026-02-06,3,50,2,1,1,1,1,0,0
108,2026-02-07,8,58,7,1,1,5,1,1,0
108,2026-02-08,5,63,2,3,0,1,3,1,0
108,2026-02-09,3,66,2,1,0,2,1,0,0
108,2026-02-10,3,69,3,0,0,3,0,0,0
109,2026-01-14,0,0,0,0,0,0,0,0,0
109,2026-01-15,0,0,0,0,0,0,0,0,0
109,2026-01-16,0,0,0,0,0,0,0,0,0
109,2026-01-17,0,0,0,0,0,0,0,0,0
109,2026-01-18,0,0,0,0,0,0,0,0,0
109,2026-01-19,0,0,0,0,0,0,0,0,0
109,2026-01-20,0,0,0,0,0,0,0,0,0
109,2026-01-21,0,0,0,0,0,0,0,0,0
109,2026-01-22,0,0,0,0,0,0,0,0,0
109,2026-01-23,0,0,0,0,0,0,0,0,0
109,2026-01-24,0,0,0,0,0,0,0,0,0
109,2026-01-25,3,3,3,0,0,3,0,0,0
109,2026-01-26,4,7,2,2,1,1,1,0,1
109,2026-01-27,3,10,3,0,1,2,0,0,0
109,2026-01-28,3,13,1,2,0,1,1,0,1
109,2026-01-29,4,17,2,2,1,1,2,0,0
109,2026-01-30,4,21,4,0,1,3,0,0,0
109,2026-01-31,4,25,3,1,1,2,1,0,0
109,2026-02-01,1,26,1,0,0,1,0,0,0
109,2026-02-02,1,27,1,0,0,0,0,1,0
109,2026-02-03,2,29,1,1,0,1,1,0,0
109,2026-02-04,3,32,3,0,1,2,0,0,0
109,2026-02-05,1,33,0,1,0,0,0,0,1
109,2026-02-06,2,35,1,1,0,1,0,0,1
109,2026-02-07,2,37,1,1,1,0,1,0,0
109,2026-02-08,0,37,0,0,0,0,0,0,0
109,2026-02-09,2,39,1,1,0,1,1,0,0
109,2026-02-10,0,39,0,0,0,0,0,0,0
110,2026-01-14,0,0,0,0,0,0,0,0,0
110,2026-01-15,0,0,0,0,0,0,0,0,0
110,2026-01-16,0,0,0,0,0,0,0,0,0
110,2026-01-17,0,0,0,0,0,0,0,0,0
110,2026-01-18,0,0,0,0,0,0,0,0,0
110,2026-01-19,0,0,0,0,0,0,0,0,0
110,2026-01-20,0,0,0,0,0,0,0,0,0
110,2026-01-21,0,0,0,0,0,0,0,0,0
110,2026-01-22,0,0,0,0,0,0,0,0,0
110,2026-01-23,0,0,0,0,0,0,0,0,0
110,2026-01-24,0,0,0,0,0,0,0,0,0
110,2026-01-25,2,2,1,1,0,0,0,1,1
110,2026-01-26,3,5,2,1,0,1,0,1,1
110,2026-01-27,2,7,2,0,0,1,0,1,0
110,2026-01-28,0,7,0,0,0,0,0,0,0
110,2026-01-29,1,8,0,1,0,0,1,0,0
110,2026-01-30,3,11,1,2,1,0,2,0,0
110,2026-01-31,1,12,0,1,0,0,1,0,0
110,2026-02-01,3,15,3,0,0,2,0,1,0
110,2026-02-02,0,15,0,0,0,0,0,0,0
110,2026-02-03,1,16,1,0,0,1,0,0,0
110,2026-02-04,3,19,3,0,0,3,0,0,0
110,2026-02-05,3,22,3,0,1,2,0,0,0
110,2026-02-06,3,25,3,0,1,2,0,0,0
110,2026-02-07,4,29,3,1,2,1,1,0,0
110,2026-02-08,1,30,1,0,0,1,0,0,0
110,2026-02-09,3,33,3,0,0,3,0,0,0
110,2026-02-10,2,35,1,1,0,1,1,0,0
111,2026-01-14,0,0,0,0,0,0,0,0,0
111,2026-01-15,0,0,0,0,0,0,0,0,0
111,2026-01-16,0,0,0,0,0,0,0,0,0
111,2026-01-17,0,0,0,0,0,0,0,0,0
111,2026-01-18,0,0,0,0,0,0,0,0,0
111,2026-01-19,0,0,0,0,0,0,0,0,0
111,2026-01-20,0,0,0,0,0,0,0,0,0
111,2026-01-21,0,0,0,0,0,0,0,0,0
111,2026-01-22,0,0,0,0,0,0,0,0,0
111,2026-01-23,0,0,0,0,0,0,0,0,0
111,2026-01-24,0,0,0,0,0,0,0,0,0
111,2026-01-25,1,1,1,0,0,1,0,0,0
111,2026-01-26,3,4,3,0,0,3,0,0,0
111,2026-01-27,1,5,1,0,0,1,0,0,0
111,2026-01-28,1,6,1,0,0,1,0,0,0
111,2026-01-29,5,11,4,1,0,3,1,1,0
111,2026-01-30,0,11,0,0,0,0,0,0,0
111,2026-01-31,0,11,0,0,0,0,0,0,0
111,2026-02-01,1,12,1,0,1,0,0,0,0
111,2026-02-02,1,13,1,0,0,1,0,0,0
111,2026-02-03,2,15,2,0,0,2,0,0,0
111,2026-02-04,3,18,3,0,2,0,0,1,0
111,2026-02-05,2,20,2,0,0,1,0,1,0
111,2026-02-06,2,22,2,0,1,0,0,1,0
111,2026-02-07,2,24,2,0,1,0,0,1,0
111,2026-02-08,1,25,1,0,0,1,0,0,0
111,2026-02-09,1,26,1,0,0,1,0,0,0
111,2026-02-10,3,29,3,0,2,1,0,0,0
112,2026-01-14,0,0,0,0,0,0,0,0,0
112,2026-01-15,0,0,0,0,0,0,0,0,0
112,2026-01-16,0,0,0,0,0,0,0,0,0
112,2026-01-17,0,0,0,0,0,0,0,0,0
112,2026-01-18,0,0,0,0,0,0,0,0,0
112,2026-01-19,0,0,0,0,0,0,0,0,0
112,2026-01-20,0,0,0,0,0,0,0,0,0
112,2026-01-21,0,0,0,0,0,0,0,0,0
112,2026-01-22,0,0,0,0,0,0,0,0,0
112,2026-01-23,0,0,0,0,0,0,0,0,0
112,2026-01-24,0,0,0,0,0,0,0,0,0
112,2026-01-25,5,5,3,2,1,1,2,1,0
112,2026-01-26,0,5,0,0,0,0,0,0,0
112,2026-01-27,5,10,5,0,2,3,0,0,0
112,2026-01-28,2,12,2,0,2,0,0,0,0
112,2026-01-29,5,17,3,2,1,2,1,0,1
112,2026-01-30,3,20,2,1,0,2,1,0,0
112,2026-01-31,3,23,3,0,2,1,0,0,0
112,2026-02-01,4,27,3,1,3,0,1,0,0
112,2026-02-02,6,33,3,3,0,2,1,1,2
112,2026-02-03,5,38,3,2,1,2,2,0,0
112,2026-02-04,4,42,4,0,1,1,0,2,0
112,2026-02-05,3,45,3,0,3,0,0,0,0
112,2026-02-06,4,49,3,1,1,2,1,0,0
112,2026-02-07,1,50,1,0,0,1,0,0,0
112,2026-02-08,0,50,0,0,0,0,0,0,0
112,2026-02-09,3,53,2,1,0,2,0,0,1
112,2026-02-10,4,57,3,1,0,3,1,0,0
113,2026-01-14,0,0,0,0,0,0,0,0,0
113,2026-01-15,0,0,0,0,0,0,0,0,0
113,2026-01-16,0,0,0,0,0,0,0,0,0
113,2026-01-17,0,0,0,0,0,0,0,0,0
113,2026-01-18,0,0,0,0,0,0,0,0,0
113,2026-01-19,0,0,0,0,0,0,0,0,0
113,2026-01-20,0,0,0,0,0,0,0,0,0
113,2026-01-21,0,0,0,0,0,0,0,0,0
113,2026-01-22,0,0,0,0,0,0,0,0,0
113,2026-01-23,0,0,0,0,0,0,0,0,0
113,2026-01-24,0,0,0,0,0,0,0,0,0
113,2026-01-25,4,4,3,1,2,1,1,0,0
113,2026-01-26,1,5,1,0,0,1,0,0,0
113,2026-01-27,5,10,4,1,1,2,0,1,1
113,2026-01-28,3,13,2,1,2,0,1,0,0
113,2026-01-29,5,18,3,2,2,1,2,0,0
113,2026-01-30,3,21,3,0,2,1,0,0,0
113,2026-01-31,2,23,2,0,0,2,0,0,0
113,2026-02-01,7,30,5,2,2,3,2,0,0
113,2026-02-02,4,34,3,1,0,2,1,1,0
113,2026-02-03,1,35,0,1,0,0,1,0,0
113,2026-02-04,7,42,6,1,3,3,1,0,0
113,2026-02-05,0,42,0,0,0,0,0,0,0
113,2026-02-06,5,47,3,2,0,3,2,0,0
113,2026-02-07,1,48,1,0,1,0,0,0,0
113,2026-02-08,2,50,2,0,0,1,0,1,0
113,2026-02-09,1,51,1,0,0,0,0,1,0
113,2026-02-10,6,57,4,2,0,4,0,0,2
114,2026-01-14,0,0,0,0,0,0,0,0,0
114,2026-01-15,0,0,0,0,0,0,0,0,0
114,2026-01-16,0,0,0,0,0,0,0,0,0
114,2026-01-17,0,0,0,0,0,0,0,0,0
114,2026-01-18,0,0,0,0,0,0,0,0,0
114,2026-01-19,0,0,0,0,0,0,0,0,0
114,2026-01-20,0,0,0,0,0,0,0,0,0
114,2026-01-21,0,0,0,0,0,0,0,0,0
114,2026-01-22,0,0,0,0,0,0,0,0,0
114,2026-01-23,0,0,0,0,0,0,0,0,0
114,2026-01-24,0,0,0,0,0,0,0,0,0
114,2026-01-25,3,3,2,1,0,2,1,0,0
114,2026-01-26,6,9,4,2,1,1,2,2,0
114,2026-01-27,2,11,2,0,0,2,0,0,0
114,2026-01-28,5,16,5,0,1,3,0,1,0
114,2026-01-29,3,19,2,1,0,2,1,0,0
114,2026-01-30,4,23,2,2,1,0,1,1,1
114,2026-01-31,5,28,5,0,2,2,0,1,0
114,2026-02-01,2,30,2,0,0,2,0,0,0
114,2026-02-02,1,31,0,1,0,0,1,0,0
114,2026-02-03,4,35,3,1,1,1,1,1,0
114,2026-02-04,3,38,2,1,0,2,1,0,0
114,2026-02-05,2,40,1,1,1,0,0,0,1
114,2026-02-06,3,43,2,1,0,2,1,0,0
114,2026-02-07,1,44,1,0,0,1,0,0,0
114,2026-02-08,1,45,0,1,0,0,1,0,0
114,2026-02-09,0,45,0,0,0,0,0,0,0
114,2026-02-10,3,48,3,0,1,2,0,0,0
115,2026-01-14,0,0,0,0,0,0,0,0,0
115,2026-01-15,0,0,0,0,0,0,0,0,0
115,2026-01-16,0,0,0,0,0,0,0,0,0
115,2026-01-17,0,0,0,0,0,0,0,0,0
115,2026-01-18,0,0,0,0,0,0,0,0,0
115,2026-01-19,0,0,0,0,0,0,0,0,0
115,2026-01-20,0,0,0,0,0,0,0,0,0
115,2026-01-21,0,0,0,0,0,0,0,0,0
115,2026-01-22,0,0,0,0,0,0,0,0,0
115,2026-01-23,0,0,0,0,0,0,0,0,0
115,2026-01-24,0,0,0,0,0,0,0,0,0
115,2026-01-25,4,4,4,0,1,3,0,0,0
115,2026-01-26,1,5,1,0,0,1,0,0,0
115,2026-01-27,3,8,1,2,0,0,1,1,1
115,2026-01-28,7,15,7,0,3,3,0,1,0
115,2026-01-29,7,22,4,3,2,1,2,1,1
115,2026-01-30,5,27,5,0,2,3,0,0,0
115,2026-01-31,4,31,3,1,3,0,1,0,0
115,2026-02-01,5,36,5,0,1,3,0,1,0
115,2026-02-02,5,41,4,1,1,3,1,0,0
115,2026-02-03,5,46,2,3,0,2,3,0,0
115,2026-02-04,5,51,5,0,2,2,0,1,0
115,2026-02-05,3,54,3,0,0,3,0,0,0
115,2026-02-06,3,57,3,0,1,2,0,0,0
115,2026-02-07,5,62,5,0,2,3,0,0,0
115,2026-02-08,7,69,6,1,1,3,1,2,0
115,2026-02-09,1,70,1,0,0,1,0,0,0
115,2026-02-10,6,76,4,2,1,2,2,1,0
116,2026-01-14,0,0,0,0,0,0,0,0,0
116,2026-01-15,0,0,0,0,0,0,0,0,0
116,2026-01-16,0,0,0,0,0,0,0,0,0
116,2026-01-17,0,0,0,0,0,0,0,0,0
116,2026-01-18,0,0,0,0,0,0,0,0,0
116,2026-01-19,0,0,0,0,0,0,0,0,0
116,2026-01-20,0,0,0,0,0,0,0,0,0
116,2026-01-21,0,0,0,0,0,0,0,0,0
116,2026-01-22,0,0,0,0,0,0,0,0,0
116,2026-01-23,0,0,0,0,0,0,0,0,0
116,2026-01-24,0,0,0,0,0,0,0,0,0
116,2026-01-25,2,2,1,1,0,1,1,0,0
116,2026-01-26,2,4,1,1,0,1,1,0,0
116,2026-01-27,3,7,2,1,0,1,0,1,1
116,2026-01-28,3,10,2,1,0,2,1,0,0
116,2026-01-29,2,12,2,0,0,2,0,0,0
116,2026-01-30,4,16,2,2,1,1,1,0,1
116,2026-01-31,1,17,1,0,0,0,0,1,0
116,2026-02-01,4,21,3,1,2,1,0,0,1
116,2026-02-02,5,26,5,0,1,4,0,0,0
116,2026-02-03,2,28,2,0,0,1,0,1,0
116,2026-02-04,5,33,4,1,2,2,1,0,0
116,2026-02-05,2,35,2,0,1,1,0,0,0
116,2026-02-06,3,38,2,1,1,1,1,0,0
116,2026-02-07,3,41,3,0,0,1,0,2,0
116,2026-02-08,1,42,1,0,0,1,0,0,0
116,2026-02-09,1,43,0,1,0,0,1,0,0
116,2026-02-10,2,45,2,0,0,2,0,0,0
117,2026-01-14,0,0,0,0,0,0,0,0,0
117,2026-01-15,0,0,0,0,0,0,0,0,0
117,2026-01-16,0,0,0,0,0,0,0,0,0
117,2026-01-17,0,0,0,0,0,0,0,0,0
117,2026-01-18,0,0,0,0,0,0,0,0,0
117,2026-01-19,0,0,0,0,0,0,0,0,0
117,2026-01-20,0,0,0,0,0,0,0,0,0
117,2026-01-21,0,0,0,0,0,0,0,0,0
117,2026-01-22,0,0,0,0,0,0,0,0,0
117,2026-01-23,0,0,0,0,0,0,0,0,0
117,2026-01-24,0,0,0,0,0,0,0,0,0
117,2026-01-25,2,2,2,0,0,1,0,1,0
117,2026-01-26,5,7,4,1,0,4,1,0,0
117,2026-01-27,1,8,1,0,1,0,0,0,0
117,2026-01-28,12,20,6,6,2,3,4,1,2
117,2026-01-29,3,23,2,1,0,2,1,0,0
117,2026-01-30,3,26,2,1,1,1,1,0,0
117,2026-01-31,3,29,1,2,0,1,2,0,0
117,2026-02-01,3,32,3,0,2,1,0,0,0
117,2026-02-02,1,33,1,0,1,0,0,0,0
117,2026-02-03,6,39,4,2,2,1,1,1,1
117,2026-02-04,2,41,2,0,1,1,0,0,0
117,2026-02-05,3,44,2,1,1,0,1,1,0
117,2026-02-06,2,46,2,0,1,1,0,0,0
117,2026-02-07,3,49,2,1,0,2,1,0,0
117,2026-02-08,3,52,3,0,0,3,0,0,0
117,2026-02-09,2,54,2,0,1,1,0,0,0
117,2026-02-10,2,56,2,0,1,1,0,0,0
118,2026-01-14,0,0,0,0,0,0,0,0,0
118,2026-01-15,0,0,0,0,0,0,0,0,0
118,2026-01-16,0,0,0,0,0,0,0,0,0
118,2026-01-17,0,0,0,0,0,0,0,0,0
118,2026-01-18,0,0,0,0,0,0,0,0,0
118,2026-01-19,0,0,0,0,0,0,0,0,0
118,2026-01-20,0,0,0,0,0,0,0,0,0
118,2026-01-21,0,0,0,0,0,0,0,0,0
118,2026-01-22,0,0,0,0,0,0,0,0,0
118,2026-01-23,0,0,0,0,0,0,0,0,0
118,2026-01-24,0,0,0,0,0,0,0,0,0
118,2026-01-25,6,6,5,1,2,2,1,1,0
118,2026-01-26,4,10,4,0,3,1,0,0,0
118,2026-01-27,2,12,2,0,1,1,0,0,0
118,2026-01-28,4,16,4,0,1,3,0,0,0
118,2026-01-29,6,22,6,0,2,3,0,1,0
118,2026-01-30,4,26,2,2,0,2,2,0,0
118,2026-01-31,2,28,2,0,0,2,0,0,0
118,2026-02-01,4,32,3,1,2,1,1,0,0
118,2026-02-02,2,34,2,0,0,2,0,0,0
118,2026-02-03,6,40,5,1,1,3,0,1,1
118,2026-02-04,1,41,0,1,0,0,1,0,0
118,2026-02-05,1,42,1,0,1,0,0,0,0
118,2026-02-06,3,45,2,1,0,2,1,0,0
118,2026-02-07,2,47,1,1,0,1,1,0,0
118,2026-02-08,2,49,2,0,1,1,0,0,0
118,2026-02-09,2,51,2,0,1,1,0,0,0
118,2026-02-10,2,53,0,2,0,0,2,0,0
119,2026-01-14,0,0,0,0,0,0,0,0,0
119,2026-01-15,0,0,0,0,0,0,0,0,0
119,2026-01-16,0,0,0,0,0,0,0,0,0
119,2026-01-17,0,0,0,0,0,0,0,0,0
119,2026-01-18,0,0,0,0,0,0,0,0,0
119,2026-01-19,0,0,0,0,0,0,0,0,0
119,2026-01-20,0,0,0,0,0,0,0,0,0
119,2026-01-21,0,0,0,0,0,0,0,0,0
119,2026-01-22,0,0,0,0,0,0,0,0,0
119,2026-01-23,0,0,0,0,0,0,0,0,0
119,2026-01-24,0,0,0,0,0,0,0,0,0
119,2026-01-25,4,4,2,2,1,1,1,0,1
119,2026-01-26,3,7,3,0,2,1,0,0,0
119,2026-01-27,4,11,3,1,0,1,1,2,0
119,2026-01-28,1,12,1,0,0,1,0,0,0
119,2026-01-29,2,14,1,1,0,1,1,0,0
119,2026-01-30,3,17,2,1,1,1,1,0,0
119,2026-01-31,2,19,2,0,2,0,0,0,0
119,2026-02-01,5,24,1,4,1,0,3,0,1
119,2026-02-02,2,26,2,0,1,1,0,0,0
119,2026-02-03,2,28,0,2,0,0,1,0,1
119,2026-02-04,0,28,0,0,0,0,0,0,0
119,2026-02-05,3,31,2,1,0,2,1,0,0
119,2026-02-06,1,32,1,0,0,1,0,0,0
119,2026-02-07,1,33,1,0,0,1,0,0,0
119,2026-02-08,0,33,0,0,0,0,0,0,0
119,2026-02-09,1,34,1,0,0,1,0,0,0
119,2026-02-10,1,35,0,1,0,0,1,0,0
120,2026-01-14,0,0,0,0,0,0,0,0,0
120,2026-01-15,0,0,0,0,0,0,0,0,0
120,2026-01-16,0,0,0,0,0,0,0,0,0
120,2026-01-17,0,0,0,0,0,0,0,0,0
120,2026-01-18,0,0,0,0,0,0,0,0,0
120,2026-01-19,0,0,0,0,0,0,0,0,0
120,2026-01-20,0,0,0,0,0,0,0,0,0
120,2026-01-21,0,0,0,0,0,0,0,0,0
120,2026-01-22,0,0,0,0,0,0,0,0,0
120,2026-01-23,0,0,0,0,0,0,0,0,0
120,2026-01-24,0,0,0,0,0,0,0,0,0
120,2026-01-25,2,2,2,0,0,1,0,1,0
120,2026-01-26,2,4,1,1,0,1,1,0,0
120,2026-01-27,2,6,1,1,1,0,1,0,0
120,2026-01-28,2,8,1,1,1,0,0,0,1
120,2026-01-29,2,10,1,1,0,1,1,0,0
120,2026-01-30,1,11,1,0,1,0,0,0,0
120,2026-01-31,4,15,3,1,1,1,1,1,0
120,2026-02-01,3,18,1,2,0,1,2,0,0
120,2026-02-02,1,19,1,0,1,0,0,0,0
120,2026-02-03,4,23,3,1,0,2,1,1,0
120,2026-02-04,3,26,2,1,0,1,1,1,0
120,2026-02-05,2,28,1,1,1,0,1,0,0
120,2026-02-06,1,29,1,0,0,1,0,0,0
120,2026-02-07,0,29,0,0,0,0,0,0,0
120,2026-02-08,2,31,2,0,1,0,0,1,0
120,2026-02-09,4,35,3,1,0,3,1,0,0
120,2026-02-10,2,37,2,0,0,2,0,0,0
121,2026-01-14,0,0,0,0,0,0,0,0,0
121,2026-01-15,0,0,0,0,0,0,0,0,0
121,2026-01-16,0,0,0,0,0,0,0,0,0
121,2026-01-17,0,0,0,0,0,0,0,0,0
121,2026-01-18,0,0,0,0,0,0,0,0,0
121,2026-01-19,0,0,0,0,0,0,0,0,0
121,2026-01-20,0,0,0,0,0,0,0,0,0
121,2026-01-21,0,0,0,0,0,0,0,0,0
121,2026-01-22,0,0,0,0,0,0,0,0,0
121,2026-01-23,0,0,0,0,0,0,0,0,0
121,2026-01-24,0,0,0,0,0,0,0,0,0
121,2026-01-25,1,1,1,0,0,1,0,0,0
121,2026-01-26,6,7,3,3,2,1,3,0,0
121,2026-01-27,1,8,0,1,0,0,0,0,1
121,2026-01-28,5,13,5,0,0,5,0,0,0
121,2026-01-29,3,16,3,0,2,1,0,0,0
121,2026-01-30,2,18,2,0,1,1,0,0,0
121,2026-01-31,1,19,1,0,1,0,0,0,0
121,2026-02-01,1,20,1,0,0,1,0,0,0
121,2026-02-02,1,21,1,0,0,1,0,0,0
121,2026-02-03,3,24,2,1,0,2,0,0,1
121,2026-02-04,5,29,5,0,1,4,0,0,0
121,2026-02-05,3,32,2,1,0,2,1,0,0
121,2026-02-06,4,36,2,2,1,1,0,0,2
121,2026-02-07,0,36,0,0,0,0,0,0,0
121,2026-02-08,3,39,2,1,1,0,1,1,0
121,2026-02-09,0,39,0,0,0,0,0,0,0
121,2026-02-10,2,41,2,0,0,1,0,1,0
122,2026-01-14,0,0,0,0,0,0,0,0,0
122,2026-01-15,0,0,0,0,0,0,0,0,0
122,2026-01-16,0,0,0,0,0,0,0,0,0
122,2026-01-17,0,0,0,0,0,0,0,0,0
122,2026-01-18,0,0,0,0,0,0,0,0,0
122,2026-01-19,0,0,0,0,0,0,0,0,0
122,2026-01-20,0,0,0,0,0,0,0,0,0
122,2026-01-21,0,0,0,0,0,0,0,0,0
122,2026-01-22,0,0,0,0,0,0,0,0,0
122,2026-01-23,0,0,0,0,0,0,0,0,0
122,2026-01-24,0,0,0,0,0,0,0,0,0
122,2026-01-25,5,5,4,1,1,2,1,1,0
122,2026-01-26,2,7,2,0,1,1,0,0,0
122,2026-01-27,8,15,5,3,1,3,3,1,0
122,2026-01-28,2,17,2,0,2,0,0,0,0
122,2026-01-29,4,21,1,3,0,1,2,0,1
122,2026-01-30,2,23,1,1,1,0,0,0,1
122,2026-01-31,2,25,2,0,0,1,0,1,0
122,2026-02-01,6,31,4,2,1,3,1,0,1
122,2026-02-02,3,34,3,0,1,0,0,2,0
122,2026-02-03,2,36,1,1,0,1,1,0,0
122,2026-02-04,0,36,0,0,0,0,0,0,0
122,2026-02-05,2,38,2,0,1,1,0,0,0
122,2026-02-06,2,40,2,0,0,1,0,1,0
122,2026-02-07,4,44,3,1,0,3,0,0,1
122,2026-02-08,5,49,3,2,2,1,2,0,0
122,2026-02-09,2,51,1,1,0,1,0,0,1
122,2026-02-10,6,57,6,0,2,4,0,0,0
123,2026-01-14,0,0,0,0,0,0,0,0,0
123,2026-01-15,0,0,0,0,0,0,0,0,0
123,2026-01-16,0,0,0,0,0,0,0,0,0
123,2026-01-17,0,0,0,0,0,0,0,0,0
123,2026-01-18,0,0,0,0,0,0,0,0,0
123,2026-01-19,0,0,0,0,0,0,0,0,0
123,2026-01-20,0,0,0,0,0,0,0,0,0
123,2026-01-21,0,0,0,0,0,0,0,0,0
123,2026-01-22,0,0,0,0,0,0,0,0,0
123,2026-01-23,0,0,0,0,0,0,0,0,0
123,2026-01-24,0,0,0,0,0,0,0,0,0
123,2026-01-25,6,6,4,2,1,3,2,0,0
123,2026-01-26,2,8,1,1,0,1,1,0,0
123,2026-01-27,1,9,1,0,0,0,0,1,0
123,2026-01-28,1,10,1,0,0,1,0,0,0
123,2026-01-29,2,12,1,1,0,1,0,0,1
123,2026-01-30,2,14,2,0,2,0,0,0,0
123,2026-01-31,0,14,0,0,0,0,0,0,0
123,2026-02-01,5,19,3,2,1,1,2,1,0
123,2026-02-02,4,23,3,1,0,3,0,0,1
123,2026-02-03,1,24,1,0,0,1,0,0,0
123,2026-02-04,3,27,2,1,1,1,1,0,0
123,2026-02-05,1,28,0,1,0,0,1,0,0
123,2026-02-06,5,33,2,3,0,2,2,0,1
123,2026-02-07,0,33,0,0,0,0,0,0,0
123,2026-02-08,2,35,2,0,0,2,0,0,0
123,2026-02-09,0,35,0,0,0,0,0,0,0
123,2026-02-10,1,36,1,0,0,1,0,0,0
124,2026-01-14,0,0,0,0,0,0,0,0,0
124,2026-01-15,0,0,0,0,0,0,0,0,0
124,2026-01-16,0,0,0,0,0,0,0,0,0
124,2026-01-17,0,0,0,0,0,0,0,0,0
124,2026-01-18,0,0,0,0,0,0,0,0,0
124,2026-01-19,0,0,0,0,0,0,0,0,0
124,2026-01-20,0,0,0,0,0,0,0,0,0
124,2026-01-21,0,0,0,0,0,0,0,0,0
124,2026-01-22,0,0,0,0,0,0,0,0,0
124,2026-01-23,0,0,0,0,0,0,0,0,0
124,2026-01-24,0,0,0,0,0,0,0,0,0
124,2026-01-25,3,3,2,1,1,1,1,0,0
124,2026-01-26,4,7,4,0,0,3,0,1,0
124,2026-01-27,5,12,5,0,2,2,0,1,0
124,2026-01-28,3,15,3,0,1,2,0,0,0
124,2026-01-29,3,18,3,0,0,2,0,1,0
124,2026-01-30,7,25,6,1,1,4,0,1,1
124,2026-01-31,1,26,1,0,1,0,0,0,0
124,2026-02-01,7,33,7,0,3,4,0,0,0
124,2026-02-02,4,37,4,0,2,2,0,0,0
124,2026-02-03,6,43,5,1,1,4,0,0,1
124,2026-02-04,4,47,2,2,1,1,2,0,0
124,2026-02-05,2,49,2,0,0,2,0,0,0
124,2026-02-06,2,51,2,0,0,2,0,0,0
124,2026-02-07,6,57,4,2,2,2,2,0,0
124,2026-02-08,4,61,3,1,0,3,1,0,0
124,2026-02-09,5,66,3,2,1,2,2,0,0
124,2026-02-10,7,73,6,1,1,4,1,1,0
125,2026-01-14,0,0,0,0,0,0,0,0,0
125,2026-01-15,0,0,0,0,0,0,0,0,0
125,2026-01-16,0,0,0,0,0,0,0,0,0
125,2026-01-17,0,0,0,0,0,0,0,0,0
125,2026-01-18,0,0,0,0,0,0,0,0,0
125,2026-01-19,0,0,0,0,0,0,0,0,0
125,2026-01-20,0,0,0,0,0,0,0,0,0
125,2026-01-21,0,0,0,0,0,0,0,0,0
125,2026-01-22,0,0,0,0,0,0,0,0,0
125,2026-01-23,0,0,0,0,0,0,0,0,0
125,2026-01-24,0,0,0,0,0,0,0,0,0
125,2026-01-25,6,6,4,2,0,2,2,2,0
125,2026-01-26,4,10,3,1,1,2,1,0,0
125,2026-01-27,3,13,2,1,0,2,1,0,0
125,2026-01-28,3,16,2,1,1,1,0,0,1
125,2026-01-29,2,18,2,0,0,1,0,1,0
125,2026-01-30,5,23,3,2,0,2,1,1,1
125,2026-01-31,4,27,2,2,0,2,0,0,2
125,2026-02-01,3,30,3,0,0,3,0,0,0
125,2026-02-02,8,38,5,3,1,3,3,1,0
125,2026-02-03,4,42,3,1,1,2,1,0,0
125,2026-02-04,3,45,1,2,1,0,1,0,1
125,2026-02-05,1,46,1,0,0,1,0,0,0
125,2026-02-06,5,51,5,0,2,2,0,1,0
125,2026-02-07,2,53,2,0,0,1,0,1,0
125,2026-02-08,5,58,5,0,2,3,0,0,0
125,2026-02-09,2,60,2,0,0,2,0,0,0
125,2026-02-10,2,62,2,0,1,1,0,0,0
126,2026-01-14,0,0,0,0,0,0,0,0,0
126,2026-01-15,0,0,0,0,0,0,0,0,0
126,2026-01-16,0,0,0,0,0,0,0,0,0
126,2026-01-17,0,0,0,0,0,0,0,0,0
126,2026-01-18,0,0,0,0,0,0,0,0,0
126,2026-01-19,0,0,0,0,0,0,0,0,0
126,2026-01-20,0,0,0,0,0,0,0,0,0
126,2026-01-21,0,0,0,0,0,0,0,0,0
126,2026-01-22,0,0,0,0,0,0,0,0,0
126,2026-01-23,0,0,0,0,0,0,0,0,0
126,2026-01-24,0,0,0,0,0,0,0,0,0
126,2026-01-25,1,1,1,0,0,1,0,0,0
126,2026-01-26,2,3,2,0,0,2,0,0,0
126,2026-01-27,7,10,6,1,1,5,1,0,0
126,2026-01-28,3,13,2,1,1,0,1,1,0
126,2026-01-29,0,13,0,0,0,0,0,0,0
126,2026-01-30,2,15,2,0,0,2,0,0,0
126,2026-01-31,1,16,0,1,0,0,1,0,0
126,2026-02-01,0,16,0,0,0,0,0,0,0
126,2026-02-02,2,18,2,0,2,0,0,0,0
126,2026-02-03,2,20,1,1,0,1,1,0,0
126,2026-02-04,2,22,2,0,0,2,0,0,0
126,2026-02-05,1,23,0,1,0,0,1,0,0
126,2026-02-06,2,25,2,0,1,1,0,0,0
126,2026-02-07,1,26,0,1,0,0,1,0,0
126,2026-02-08,1,27,1,0,1,0,0,0,0
126,2026-02-09,1,28,1,0,0,1,0,0,0
126,2026-02-10,0,28,0,0,0,0,0,0,0
127,2026-01-14,0,0,0,0,0,0,0,0,0
127,2026-01-15,0,0,0,0,0,0,0,0,0
127,2026-01-16,0,0,0,0,0,0,0,0,0
127,2026-01-17,0,0,0,0,0,0,0,0,0
127,2026-01-18,0,0,0,0,0,0,0,0,0
127,2026-01-19,0,0,0,0,0,0,0,0,0
127,2026-01-20,0,0,0,0,0,0,0,0,0
127,2026-01-21,0,0,0,0,0,0,0,0,0
127,2026-01-22,0,0,0,0,0,0,0,0,0
127,2026-01-23,0,0,0,0,0,0,0,0,0
127,2026-01-24,0,0,0,0,0,0,0,0,0
127,2026-01-25,3,3,2,1,2,0,1,0,0
127,2026-01-26,3,6,2,1,1,1,1,0,0
127,2026-01-27,3,9,3,0,0,3,0,0,0
127,2026-01-28,3,12,3,0,0,3,0,0,0
127,2026-01-29,1,13,0,1,0,0,1,0,0
127,2026-01-30,5,18,4,1,1,3,0,0,1
127,2026-01-31,3,21,2,1,1,1,1,0,0
127,2026-02-01,2,23,2,0,1,1,0,0,0
127,2026-02-02,2,25,2,0,0,1,0,1,0
127,2026-02-03,1,26,1,0,0,1,0,0,0
127,2026-02-04,3,29,3,0,2,1,0,0,0
127,2026-02-05,5,34,5,0,1,4,0,0,0
127,2026-02-06,0,34,0,0,0,0,0,0,0
127,2026-02-07,4,38,2,2,2,0,1,0,1
127,2026-02-08,2,40,2,0,0,2,0,0,0
127,2026-02-09,2,42,2,0,2,0,0,0,0
127,2026-02-10,2,44,1,1,0,1,1,0,0
128,2026-01-14,0,0,0,0,0,0,0,0,0
128,2026-01-15,0,0,0,0,0,0,0,0,0
128,2026-01-16,0,0,0,0,0,0,0,0,0
128,2026-01-17,0,0,0,0,0,0,0,0,0
128,2026-01-18,0,0,0,0,0,0,0,0,0
128,2026-01-19,0,0,0,0,0,0,0,0,0
128,2026-01-20,0,0,0,0,0,0,0,0,0
128,2026-01-21,0,0,0,0,0,0,0,0,0
128,2026-01-22,0,0,0,0,0,0,0,0,0
128,2026-01-23,0,0,0,0,0,0,0,0,0
128,2026-01-24,0,0,0,0,0,0,0,0,0
128,2026-01-25,3,3,2,1,0,2,0,0,1
128,2026-01-26,6,9,5,1,2,3,1,0,0
128,2026-01-27,0,9,0,0,0,0,0,0,0
128,2026-01-28,4,13,2,2,0,2,1,0,1
128,2026-01-29,6,19,5,1,1,4,1,0,0
128,2026-01-30,5,24,2,3,1,1,3,0,0
128,2026-01-31,3,27,3,0,1,2,0,0,0
128,2026-02-01,3,30,3,0,0,2,0,1,0
128,2026-02-02,6,36,3,3,0,2,1,1,2
128,2026-02-03,2,38,1,1,1,0,1,0,0
128,2026-02-04,5,43,5,0,2,3,0,0,0
128,2026-02-05,4,47,4,0,0,3,0,1,0
128,2026-02-06,10,57,7,3,2,4,3,1,0
128,2026-02-07,6,63,4,2,2,1,2,1,0
128,2026-02-08,1,64,0,1,0,0,1,0,0
128,2026-02-09,2,66,1,1,0,0,1,1,0
128,2026-02-10,1,67,1,0,0,1,0,0,0
129,2026-01-14,0,0,0,0,0,0,0,0,0
129,2026-01-15,0,0,0,0,0,0,0,0,0
129,2026-01-16,0,0,0,0,0,0,0,0,0
129,2026-01-17,0,0,0,0,0,0,0,0,0
129,2026-01-18,0,0,0,0,0,0,0,0,0
129,2026-01-19,0,0,0,0,0,0,0,0,0
129,2026-01-20,0,0,0,0,0,0,0,0,0
129,2026-01-21,0,0,0,0,0,0,0,0,0
129,2026-01-22,0,0,0,0,0,0,0,0,0
129,2026-01-23,0,0,0,0,0,0,0,0,0
129,2026-01-24,0,0,0,0,0,0,0,0,0
129,2026-01-25,2,2,2,0,1,1,0,0,0
129,2026-01-26,3,5,2,1,0,2,1,0,0
129,2026-01-27,5,10,5,0,1,4,0,0,0
129,2026-01-28,1,11,0,1,0,0,1,0,0
129,2026-01-29,2,13,2,0,0,2,0,0,0
129,2026-01-30,2,15,1,1,1,0,1,0,0
129,2026-01-31,2,17,2,0,1,1,0,0,0
129,2026-02-01,2,19,2,0,0,2,0,0,0
129,2026-02-02,5,24,3,2,0,3,2,0,0
129,2026-02-03,4,28,4,0,0,3,0,1,0
129,2026-02-04,4,32,4,0,1,2,0,1,0
129,2026-02-05,0,32,0,0,0,0,0,0,0
129,2026-02-06,3,35,3,0,1,2,0,0,0
129,2026-02-07,5,40,4,1,2,1,1,1,0
129,2026-02-08,1,41,1,0,1,0,0,0,0
129,2026-02-09,2,43,1,1,0,1,1,0,0
129,2026-02-10,2,45,1,1,0,1,1,0,0
130,2026-01-14,0,0,0,0,0,0,0,0,0
130,2026-01-15,0,0,0,0,0,0,0,0,0
130,2026-01-16,0,0,0,0,0,0,0,0,0
130,2026-01-17,0,0,0,0,0,0,0,0,0
130,2026-01-18,0,0,0,0,0,0,0,0,0
130,2026-01-19,0,0,0,0,0,0,0,0,0
130,2026-01-20,0,0,0,0,0,0,0,0,0
130,2026-01-21,0,0,0,0,0,0,0,0,0
130,2026-01-22,0,0,0,0,0,0,0,0,0
130,2026-01-23,0,0,0,0,0,0,0,0,0
130,2026-01-24,0,0,0,0,0,0,0,0,0
130,2026-01-25,4,4,4,0,0,3,0,1,0
130,2026-01-26,7,11,5,2,2,2,2,1,0
130,2026-01-27,6,17,6,0,2,3,0,1,0
130,2026-01-28,6,23,5,1,1,4,1,0,0
130,2026-01-29,3,26,3,0,0,3,0,0,0
130,2026-01-30,4,30,2,2,0,1,2,1,0
130,2026-01-31,6,36,5,1,1,4,1,0,0
130,2026-02-01,10,46,8,2,2,4,2,2,0
130,2026-02-02,6,52,5,1,0,4,1,1,0
130,2026-02-03,4,56,3,1,0,3,1,0,0
130,2026-02-04,10,66,10,0,2,6,0,2,0
130,2026-02-05,5,71,3,2,1,1,1,1,1
130,2026-02-06,6,77,6,0,0,4,0,2,0
130,2026-02-07,4,81,4,0,1,3,0,0,0
130,2026-02-08,3,84,3,0,2,1,0,0,0
130,2026-02-09,9,93,7,2,4,2,2,1,0
130,2026-02-10,5,98,4,1,0,3,1,1,0
131,2026-01-14,0,0,0,0,0,0,0,0,0
131,2026-01-15,0,0,0,0,0,0,0,0,0
131,2026-01-16,0,0,0,0,0,0,0,0,0
131,2026-01-17,0,0,0,0,0,0,0,0,0
131,2026-01-18,0,0,0,0,0,0,0,0,0
131,2026-01-19,0,0,0,0,0,0,0,0,0
131,2026-01-20,0,0,0,0,0,0,0,0,0
131,2026-01-21,0,0,0,0,0,0,0,0,0
131,2026-01-22,0,0,0,0,0,0,0,0,0
131,2026-01-23,0,0,0,0,0,0,0,0,0
131,2026-01-24,0,0,0,0,0,0,0,0,0
131,2026-01-25,4,4,2,2,2,0,2,0,0
131,2026-01-26,1,5,1,0,1,0,0,0,0
131,2026-01-27,0,5,0,0,0,0,0,0,0
131,2026-01-28,2,7,2,0,1,1,0,0,0
131,2026-01-29,3,10,1,2,0,1,2,0,0
131,2026-01-30,9,19,8,1,3,5,0,0,1
131,2026-01-31,2,21,1,1,1,0,1,0,0
131,2026-02-01,4,25,3,1,0,2,1,1,0
131,2026-02-02,1,26,1,0,1,0,0,0,0
131,2026-02-03,2,28,1,1,0,1,1,0,0
131,2026-02-04,4,32,3,1,1,1,1,1,0
131,2026-02-05,1,33,1,0,0,1,0,0,0
131,2026-02-06,1,34,1,0,0,0,0,1,0
131,2026-02-07,1,35,0,1,0,0,0,0,1
131,2026-02-08,4,39,3,1,0,3,1,0,0
131,2026-02-09,2,41,2,0,1,1,0,0,0
131,2026-02-10,1,42,1,0,0,1,0,0,0
132,2026-01-14,0,0,0,0,0,0,0,0,0
132,2026-01-15,0,0,0,0,0,0,0,0,0
132,2026-01-16,0,0,0,0,0,0,0,0,0
132,2026-01-17,0,0,0,0,0,0,0,0,0
132,2026-01-18,0,0,0,0,0,0,0,0,0
132,2026-01-19,0,0,0,0,0,0,0,0,0
132,2026-01-20,0,0,0,0,0,0,0,0,0
132,2026-01-21,0,0,0,0,0,0,0,0,0
132,2026-01-22,0,0,0,0,0,0,0,0,0
132,2026-01-23,0,0,0,0,0,0,0,0,0
132,2026-01-24,0,0,0,0,0,0,0,0,0
132,2026-01-25,2,2,2,0,2,0,0,0,0
132,2026-01-26,5,7,5,0,2,2,0,1,0
132,2026-01-27,3,10,3,0,1,2,0,0,0
132,2026-01-28,0,10,0,0,0,0,0,0,0
132,2026-01-29,4,14,4,0,0,4,0,0,0
132,2026-01-30,0,14,0,0,0,0,0,0,0
132,2026-01-31,2,16,1,1,0,1,1,0,0
132,2026-02-01,3,19,3,0,0,3,0,0,0
132,2026-02-02,2,21,2,0,0,2,0,0,0
132,2026-02-03,2,23,2,0,1,1,0,0,0
132,2026-02-04,3,26,2,1,1,1,1,0,0
132,2026-02-05,0,26,0,0,0,0,0,0,0
132,2026-02-06,1,27,0,1,0,0,1,0,0
132,2026-02-07,3,30,3,0,1,1,0,1,0
132,2026-02-08,3,33,3,0,1,1,0,1,0
132,2026-02-09,1,34,1,0,0,1,0,0,0
132,2026-02-10,1,35,1,0,0,1,0,0,0
133,2026-01-14,0,0,0,0,0,0,0,0,0
133,2026-01-15,0,0,0,0,0,0,0,0,0
133,2026-01-16,0,0,0,0,0,0,0,0,0
133,2026-01-17,0,0,0,0,0,0,0,0,0
133,2026-01-18,0,0,0,0,0,0,0,0,0
133,2026-01-19,0,0,0,0,0,0,0,0,0
133,2026-01-20,0,0,0,0,0,0,0,0,0
133,2026-01-21,0,0,0,0,0,0,0,0,0
133,2026-01-22,0,0,0,0,0,0,0,0,0
133,2026-01-23,0,0,0,0,0,0,0,0,0
133,2026-01-24,0,0,0,0,0,0,0,0,0
133,2026-01-25,8,8,6,2,3,3,1,0,1
133,2026-01-26,4,12,4,0,0,3,0,1,0
133,2026-01-27,3,15,2,1,1,1,1,0,0
133,2026-01-28,7,22,6,1,2,4,1,0,0
133,2026-01-29,6,28,6,0,2,3,0,1,0
133,2026-01-30,3,31,3,0,1,1,0,1,0
133,2026-01-31,1,32,1,0,1,0,0,0,0
133,2026-02-01,2,34,1,1,0,1,1,0,0
133,2026-02-02,6,40,6,0,3,3,0,0,0
133,2026-02-03,1,41,1,0,1,0,0,0,0
133,2026-02-04,0,41,0,0,0,0,0,0,0
133,2026-02-05,3,44,1,2,0,1,2,0,0
133,2026-02-06,1,45,1,0,0,1,0,0,0
133,2026-02-07,1,46,1,0,0,1,0,0,0
133,2026-02-08,0,46,0,0,0,0,0,0,0
133,2026-02-09,5,51,4,1,2,2,1,0,0
133,2026-02-10,3,54,3,0,0,2,0,1,0
134,2026-01-14,0,0,0,0,0,0,0,0,0
134,2026-01-15,0,0,0,0,0,0,0,0,0
134,2026-01-16,0,0,0,0,0,0,0,0,0
134,2026-01-17,0,0,0,0,0,0,0,0,0
134,2026-01-18,0,0,0,0,0,0,0,0,0
134,2026-01-19,0,0,0,0,0,0,0,0,0
134,2026-01-20,0,0,0,0,0,0,0,0,0
134,2026-01-21,0,0,0,0,0,0,0,0,0
134,2026-01-22,0,0,0,0,0,0,0,0,0
134,2026-01-23,0,0,0,0,0,0,0,0,0
134,2026-01-24,0,0,0,0,0,0,0,0,0
134,2026-01-25,2,2,1,1,1,0,0,0,1
134,2026-01-26,1,3,1,0,0,1,0,0,0
134,2026-01-27,4,7,3,1,0,2,1,1,0
134,2026-01-28,6,13,6,0,1,5,0,0,0
134,2026-01-29,1,14,1,0,0,1,0,0,0
134,2026-01-30,2,16,2,0,0,2,0,0,0
134,2026-01-31,2,18,1,1,1,0,1,0,0
134,2026-02-01,4,22,4,0,1,3,0,0,0
134,2026-02-02,3,25,1,2,1,0,2,0,0
134,2026-02-03,1,26,1,0,1,0,0,0,0
134,2026-02-04,0,26,0,0,0,0,0,0,0
134,2026-02-05,2,28,0,2,0,0,2,0,0
134,2026-02-06,1,29,1,0,1,0,0,0,0
134,2026-02-07,2,31,1,1,1,0,1,0,0
134,2026-02-08,2,33,1,1,0,1,1,0,0
134,2026-02-09,1,34,0,1,0,0,1,0,0
134,2026-02-10,3,37,3,0,1,2,0,0,0
135,2026-01-14,0,0,0,0,0,0,0,0,0
135,2026-01-15,0,0,0,0,0,0,0,0,0
135,2026-01-16,0,0,0,0,0,0,0,0,0
135,2026-01-17,0,0,0,0,0,0,0,0,0
135,2026-01-18,0,0,0,0,0,0,0,0,0
135,2026-01-19,0,0,0,0,0,0,0,0,0
135,2026-01-20,0,0,0,0,0,0,0,0,0
135,2026-01-21,0,0,0,0,0,0,0,0,0
135,2026-01-22,0,0,0,0,0,0,0,0,0
135,2026-01-23,0,0,0,0,0,0,0,0,0
135,2026-01-24,0,0,0,0,0,0,0,0,0
135,2026-01-25,6,6,3,3,0,3,3,0,0
135,2026-01-26,4,10,3,1,1,2,0,0,1
135,2026-01-27,6,16,6,0,2,3,0,1,0
135,2026-01-28,3,19,3,0,1,2,0,0,0
135,2026-01-29,3,22,3,0,2,0,0,1,0
135,2026-01-30,1,23,1,0,1,0,0,0,0
135,2026-01-31,4,27,4,0,2,1,0,1,0
135,2026-02-01,1,28,1,0,0,1,0,0,0
135,2026-02-02,2,30,2,0,1,1,0,0,0
135,2026-02-03,1,31,0,1,0,0,0,0,1
135,2026-02-04,3,34,1,2,0,1,2,0,0
135,2026-02-05,1,35,0,1,0,0,1,0,0
135,2026-02-06,2,37,1,1,0,1,1,0,0
135,2026-02-07,2,39,2,0,0,2,0,0,0
135,2026-02-08,0,39,0,0,0,0,0,0,0
135,2026-02-09,4,43,3,1,0,3,1,0,0
135,2026-02-10,4,47,4,0,0,3,0,1,0
136,2026-01-14,0,0,0,0,0,0,0,0,0
136,2026-01-15,0,0,0,0,0,0,0,0,0
136,2026-01-16,0,0,0,0,0,0,0,0,0
136,2026-01-17,0,0,0,0,0,0,0,0,0
136,2026-01-18,0,0,0,0,0,0,0,0,0
136,2026-01-19,0,0,0,0,0,0,0,0,0
136,2026-01-20,0,0,0,0,0,0,0,0,0
136,2026-01-21,0,0,0,0,0,0,0,0,0
136,2026-01-22,0,0,0,0,0,0,0,0,0
136,2026-01-23,0,0,0,0,0,0,0,0,0
136,2026-01-24,0,0,0,0,0,0,0,0,0
136,2026-01-25,7,7,6,1,2,3,0,1,1
136,2026-01-26,2,9,1,1,1,0,1,0,0
136,2026-01-27,5,14,4,1,2,2,1,0,0
136,2026-01-28,7,21,5,2,0,3,2,2,0
136,2026-01-29,6,27,4,2,0,4,2,0,0
136,2026-01-30,6,33,6,0,2,3,0,1,0
136,2026-01-31,2,35,2,0,2,0,0,0,0
136,2026-02-01,9,44,7,2,3,4,2,0,0
136,2026-02-02,6,50,4,2,1,3,1,0,1
136,2026-02-03,7,57,4,3,0,4,2,0,1
136,2026-02-04,6,63,4,2,2,1,2,1,0
136,2026-02-05,3,66,3,0,2,1,0,0,0
136,2026-02-06,4,70,2,2,2,0,1,0,1
136,2026-02-07,4,74,3,1,1,2,1,0,0
136,2026-02-08,5,79,4,1,1,3,1,0,0
136,2026-02-09,1,80,1,0,0,1,0,0,0
136,2026-02-10,1,81,1,0,0,1,0,0,0
137,2026-01-14,0,0,0,0,0,0,0,0,0
137,2026-01-15,0,0,0,0,0,0,0,0,0
137,2026-01-16,0,0,0,0,0,0,0,0,0
137,2026-01-17,0,0,0,0,0,0,0,0,0
137,2026-01-18,0,0,0,0,0,0,0,0,0
137,2026-01-19,0,0,0,0,0,0,0,0,0
137,2026-01-20,0,0,0,0,0,0,0,0,0
137,2026-01-21,0,0,0,0,0,0,0,0,0
137,2026-01-22,0,0,0,0,0,0,0,0,0
137,2026-01-23,0,0,0,0,0,0,0,0,0
137,2026-01-24,0,0,0,0,0,0,0,0,0
137,2026-01-25,3,3,3,0,0,2,0,1,0
137,2026-01-26,4,7,4,0,2,2,0,0,0
137,2026-01-27,3,10,2,1,1,1,0,0,1
137,2026-01-28,8,18,6,2,1,4,2,1,0
137,2026-01-29,6,24,5,1,2,3,1,0,0
137,2026-01-30,2,26,2,0,2,0,0,0,0
137,2026-01-31,2,28,2,0,2,0,0,0,0
137,2026-02-01,1,29,1,0,0,1,0,0,0
137,2026-02-02,2,31,2,0,1,1,0,0,0
137,2026-02-03,1,32,1,0,0,1,0,0,0
137,2026-02-04,2,34,2,0,1,0,0,1,0
137,2026-02-05,3,37,2,1,0,2,1,0,0
137,2026-02-06,4,41,2,2,1,0,2,1,0
137,2026-02-07,0,41,0,0,0,0,0,0,0
137,2026-02-08,5,46,4,1,1,2,1,1,0
137,2026-02-09,3,49,3,0,2,1,0,0,0
137,2026-02-10,1,50,1,0,0,1,0,0,0
138,2026-01-14,0,0,0,0,0,0,0,0,0
138,2026-01-15,0,0,0,0,0,0,0,0,0
138,2026-01-16,0,0,0,0,0,0,0,0,0
138,2026-01-17,0,0,0,0,0,0,0,0,0
138,2026-01-18,0,0,0,0,0,0,0,0,0
138,2026-01-19,0,0,0,0,0,0,0,0,0
138,2026-01-20,0,0,0,0,0,0,0,0,0
138,2026-01-21,0,0,0,0,0,0,0,0,0
138,2026-01-22,0,0,0,0,0,0,0,0,0
138,2026-01-23,0,0,0,0,0,0,0,0,0
138,2026-01-24,0,0,0,0,0,0,0,0,0
138,2026-01-25,6,6,3,3,2,1,3,0,0
138,2026-01-26,5,11,4,1,1,3,1,0,0
138,2026-01-27,2,13,2,0,0,2,0,0,0
138,2026-01-28,4,17,4,0,2,2,0,0,0
138,2026-01-29,2,19,1,1,1,0,1,0,0
138,2026-01-30,0,19,0,0,0,0,0,0,0
138,2026-01-31,3,22,3,0,1,2,0,0,0
138,2026-02-01,1,23,1,0,0,1,0,0,0
138,2026-02-02,0,23,0,0,0,0,0,0,0
138,2026-02-03,3,26,3,0,1,2,0,0,0
138,2026-02-04,2,28,1,1,0,1,1,0,0
138,2026-02-05,6,34,4,2,4,0,1,0,1
138,2026-02-06,3,37,1,2,0,1,2,0,0
138,2026-02-07,1,38,0,1,0,0,0,0,1
138,2026-02-08,0,38,0,0,0,0,0,0,0
138,2026-02-09,2,40,2,0,1,1,0,0,0
138,2026-02-10,1,41,1,0,0,1,0,0,0
139,2026-01-14,0,0,0,0,0,0,0,0,0
139,2026-01-15,0,0,0,0,0,0,0,0,0
139,2026-01-16,0,0,0,0,0,0,0,0,0
139,2026-01-17,0,0,0,0,0,0,0,0,0
139,2026-01-18,0,0,0,0,0,0,0,0,0
139,2026-01-19,0,0,0,0,0,0,0,0,0
139,2026-01-20,0,0,0,0,0,0,0,0,0
139,2026-01-21,0,0,0,0,0,0,0,0,0
139,2026-01-22,0,0,0,0,0,0,0,0,0
139,2026-01-23,0,0,0,0,0,0,0,0,0
139,2026-01-24,0,0,0,0,0,0,0,0,0
139,2026-01-25,1,1,1,0,1,0,0,0,0
139,2026-01-26,1,2,1,0,0,1,0,0,0
139,2026-01-27,1,3,1,0,0,1,0,0,0
139,2026-01-28,1,4,1,0,0,0,0,1,0
139,2026-01-29,4,8,3,1,1,1,0,1,1
139,2026-01-30,3,11,3,0,0,3,0,0,0
139,2026-01-31,3,14,3,0,2,0,0,1,0
139,2026-02-01,3,17,3,0,0,2,0,1,0
139,2026-02-02,2,19,2,0,0,2,0,0,0
139,2026-02-03,2,21,1,1,0,1,1,0,0
139,2026-02-04,0,21,0,0,0,0,0,0,0
139,2026-02-05,1,22,1,0,0,1,0,0,0
139,2026-02-06,2,24,0,2,0,0,0,0,2
139,2026-02-07,1,25,1,0,0,1,0,0,0
139,2026-02-08,0,25,0,0,0,0,0,0,0
139,2026-02-09,0,25,0,0,0,0,0,0,0
139,2026-02-10,0,25,0,0,0,0,0,0,0
140,2026-01-14,0,0,0,0,0,0,0,0,0
140,2026-01-15,0,0,0,0,0,0,0,0,0
140,2026-01-16,0,0,0,0,0,0,0,0,0
140,2026-01-17,0,0,0,0,0,0,0,0,0
140,2026-01-18,0,0,0,0,0,0,0,0,0
140,2026-01-19,0,0,0,0,0,0,0,0,0
140,2026-01-20,0,0,0,0,0,0,0,0,0
140,2026-01-21,0,0,0,0,0,0,0,0,0
140,2026-01-22,0,0,0,0,0,0,0,0,0
140,2026-01-23,0,0,0,0,0,0,0,0,0
140,2026-01-24,0,0,0,0,0,0,0,0,0
140,2026-01-25,6,6,4,2,1,1,2,2,0
140,2026-01-26,5,11,5,0,1,3,0,1,0
140,2026-01-27,3,14,2,1,1,0,1,1,0
140,2026-01-28,5,19,4,1,0,4,1,0,0
140,2026-01-29,4,23,2,2,1,1,2,0,0
140,2026-01-30,6,29,5,1,1,4,0,0,1
140,2026-01-31,4,33,2,2,1,1,2,0,0
140,2026-02-01,3,36,2,1,0,2,1,0,0
140,2026-02-02,6,42,4,2,2,1,1,1,1
140,2026-02-03,5,47,3,2,2,0,1,1,1
140,2026-02-04,3,50,2,1,1,1,0,0,1
140,2026-02-05,5,55,4,1,0,4,1,0,0
140,2026-02-06,6,61,6,0,1,5,0,0,0
140,2026-02-07,3,64,3,0,1,1,0,1,0
140,2026-02-08,2,66,2,0,1,1,0,0,0
140,2026-02-09,1,67,1,0,0,1,0,0,0
140,2026-02-10,2,69,2,0,0,1,0,1,0
141,2026-01-14,0,0,0,0,0,0,0,0,0
141,2026-01-15,0,0,0,0,0,0,0,0,0
141,2026-01-16,0,0,0,0,0,0,0,0,0
141,2026-01-17,0,0,0,0,0,0,0,0,0
141,2026-01-18,0,0,0,0,0,0,0,0,0
141,2026-01-19,0,0,0,0,0,0,0,0,0
141,2026-01-20,0,0,0,0,0,0,0,0,0
141,2026-01-21,0,0,0,0,0,0,0,0,0
141,2026-01-22,0,0,0,0,0,0,0,0,0
141,2026-01-23,0,0,0,0,0,0,0,0,0
141,2026-01-24,0,0,0,0,0,0,0,0,0
141,2026-01-25,3,3,2,1,1,1,1,0,0
141,2026-01-26,0,3,0,0,0,0,0,0,0
141,2026-01-27,3,6,3,0,0,2,0,1,0
141,2026-01-28,2,8,2,0,1,1,0,0,0
141,2026-01-29,2,10,2,0,1,1,0,0,0
141,2026-01-30,2,12,1,1,1,0,1,0,0
141,2026-01-31,3,15,3,0,1,1,0,1,0
141,2026-02-01,2,17,1,1,1,0,0,0,1
141,2026-02-02,1,18,1,0,1,0,0,0,0
141,2026-02-03,1,19,0,1,0,0,1,0,0
141,2026-02-04,1,20,1,0,0,1,0,0,0
141,2026-02-05,3,23,3,0,1,2,0,0,0
141,2026-02-06,2,25,2,0,0,1,0,1,0
141,2026-02-07,5,30,5,0,0,5,0,0,0
141,2026-02-08,3,33,2,1,0,2,1,0,0
141,2026-02-09,4,37,4,0,1,3,0,0,0
141,2026-02-10,1,38,1,0,0,1,0,0,0
142,2026-01-14,0,0,0,0,0,0,0,0,0
142,2026-01-15,0,0,0,0,0,0,0,0,0
142,2026-01-16,0,0,0,0,0,0,0,0,0
142,2026-01-17,0,0,0,0,0,0,0,0,0
142,2026-01-18,0,0,0,0,0,0,0,0,0
142,2026-01-19,0,0,0,0,0,0,0,0,0
142,2026-01-20,0,0,0,0,0,0,0,0,0
142,2026-01-21,0,0,0,0,0,0,0,0,0
142,2026-01-22,0,0,0,0,0,0,0,0,0
142,2026-01-23,0,0,0,0,0,0,0,0,0
142,2026-01-24,0,0,0,0,0,0,0,0,0
142,2026-01-25,1,1,1,0,0,1,0,0,0
142,2026-01-26,2,3,2,0,0,1,0,1,0
142,2026-01-27,2,5,2,0,1,1,0,0,0
142,2026-01-28,4,9,2,2,0,2,1,0,1
142,2026-01-29,1,10,0,1,0,0,1,0,0
142,2026-01-30,4,14,4,0,1,3,0,0,0
142,2026-01-31,3,17,3,0,1,1,0,1,0
142,2026-02-01,1,18,0,1,0,0,1,0,0
142,2026-02-02,5,23,5,0,2,2,0,1,0
142,2026-02-03,2,25,1,1,0,0,0,1,1
142,2026-02-04,2,27,2,0,0,2,0,0,0
142,2026-02-05,1,28,1,0,0,1,0,0,0
142,2026-02-06,1,29,1,0,1,0,0,0,0
142,2026-02-07,2,31,1,1,0,1,1,0,0
142,2026-02-08,0,31,0,0,0,0,0,0,0
142,2026-02-09,4,35,2,2,1,1,2,0,0
142,2026-02-10,1,36,1,0,0,1,0,0,0
143,2026-01-14,0,0,0,0,0,0,0,0,0
143,2026-01-15,0,0,0,0,0,0,0,0,0
143,2026-01-16,0,0,0,0,0,0,0,0,0
143,2026-01-17,0,0,0,0,0,0,0,0,0
143,2026-01-18,0,0,0,0,0,0,0,0,0
143,2026-01-19,0,0,0,0,0,0,0,0,0
143,2026-01-20,0,0,0,0,0,0,0,0,0
143,2026-01-21,0,0,0,0,0,0,0,0,0
143,2026-01-22,0,0,0,0,0,0,0,0,0
143,2026-01-23,0,0,0,0,0,0,0,0,0
143,2026-01-24,0,0,0,0,0,0,0,0,0
143,2026-01-25,4,4,4,0,1,2,0,1,0
143,2026-01-26,4,8,3,1,1,1,1,1,0
143,2026-01-27,10,18,10,0,2,7,0,1,0
143,2026-01-28,2,20,2,0,1,1,0,0,0
143,2026-01-29,5,25,3,2,2,1,1,0,1
143,2026-01-30,5,30,4,1,3,1,1,0,0
143,2026-01-31,3,33,2,1,0,1,0,1,1
143,2026-02-01,7,40,6,1,1,4,1,1,0
143,2026-02-02,6,46,4,2,1,3,2,0,0
143,2026-02-03,2,48,2,0,1,1,0,0,0
143,2026-02-04,3,51,2,1,0,2,1,0,0
143,2026-02-05,6,57,4,2,0,4,2,0,0
143,2026-02-06,7,64,6,1,3,2,1,1,0
143,2026-02-07,2,66,2,0,0,1,0,1,0
143,2026-02-08,1,67,0,1,0,0,1,0,0
143,2026-02-09,2,69,2,0,1,1,0,0,0
143,2026-02-10,3,72,3,0,0,3,0,0,0
144,2026-01-14,0,0,0,0,0,0,0,0,0
144,2026-01-15,0,0,0,0,0,0,0,0,0
144,2026-01-16,0,0,0,0,0,0,0,0,0
144,2026-01-17,0,0,0,0,0,0,0,0,0
144,2026-01-18,0,0,0,0,0,0,0,0,0
144,2026-01-19,0,0,0,0,0,0,0,0,0
144,2026-01-20,0,0,0,0,0,0,0,0,0
144,2026-01-21,0,0,0,0,0,0,0,0,0
144,2026-01-22,0,0,0,0,0,0,0,0,0
144,2026-01-23,0,0,0,0,0,0,0,0,0
144,2026-01-24,0,0,0,0,0,0,0,0,0
144,2026-01-25,4,4,3,1,0,2,1,1,0
144,2026-01-26,5,9,2,3,1,1,3,0,0
144,2026-01-27,6,15,4,2,2,1,2,1,0
144,2026-01-28,0,15,0,0,0,0,0,0,0
144,2026-01-29,4,19,4,0,0,4,0,0,0
144,2026-01-30,3,22,2,1,1,1,1,0,0
144,2026-01-31,5,27,2,3,0,2,2,0,1
144,2026-02-01,3,30,3,0,1,2,0,0,0
144,2026-02-02,3,33,3,0,0,3,0,0,0
144,2026-02-03,5,38,4,1,1,2,1,1,0
144,2026-02-04,2,40,2,0,1,1,0,0,0
144,2026-02-05,2,42,1,1,1,0,0,0,1
144,2026-02-06,3,45,2,1,1,1,1,0,0
144,2026-02-07,2,47,2,0,0,1,0,1,0
144,2026-02-08,2,49,1,1,0,1,1,0,0
144,2026-02-09,3,52,3,0,0,3,0,0,0
144,2026-02-10,5,57,5,0,1,3,0,1,0
145,2026-01-14,0,0,0,0,0,0,0,0,0
145,2026-01-15,0,0,0,0,0,0,0,0,0
145,2026-01-16,0,0,0,0,0,0,0,0,0
145,2026-01-17,0,0,0,0,0,0,0,0,0
145,2026-01-18,0,0,0,0,0,0,0,0,0
145,2026-01-19,0,0,0,0,0,0,0,0,0
145,2026-01-20,0,0,0,0,0,0,0,0,0
145,2026-01-21,0,0,0,0,0,0,0,0,0
145,2026-01-22,0,0,0,0,0,0,0,0,0
145,2026-01-23,0,0,0,0,0,0,0,0,0
145,2026-01-24,0,0,0,0,0,0,0,0,0
145,2026-01-25,4,4,4,0,2,1,0,1,0
145,2026-01-26,4,8,3,1,1,2,1,0,0
145,2026-01-27,3,11,1,2,0,1,2,0,0
145,2026-01-28,7,18,7,0,2,4,0,1,0
145,2026-01-29,7,25,6,1,1,5,1,0,0
145,2026-01-30,5,30,4,1,1,3,0,0,1
145,2026-01-31,3,33,2,1,0,2,0,0,1
145,2026-02-01,4,37,4,0,2,2,0,0,0
145,2026-02-02,5,42,4,1,1,3,1,0,0
145,2026-02-03,4,46,4,0,1,3,0,0,0
145,2026-02-04,1,47,1,0,0,1,0,0,0
145,2026-02-05,2,49,2,0,1,1,0,0,0
145,2026-02-06,1,50,0,1,0,0,1,0,0
145,2026-02-07,1,51,1,0,0,0,0,1,0
145,2026-02-08,4,55,2,2,2,0,2,0,0
145,2026-02-09,3,58,3,0,2,0,0,1,0
145,2026-02-10,2,60,1,1,1,0,1,0,0
146,2026-01-14,0,0,0,0,0,0,0,0,0
146,2026-01-15,0,0,0,0,0,0,0,0,0
146,2026-01-16,0,0,0,0,0,0,0,0,0
146,2026-01-17,0,0,0,0,0,0,0,0,0
146,2026-01-18,0,0,0,0,0,0,0,0,0
146,2026-01-19,0,0,0,0,0,0,0,0,0
146,2026-01-20,0,0,0,0,0,0,0,0,0
146,2026-01-21,0,0,0,0,0,0,0,0,0
146,2026-01-22,0,0,0,0,0,0,0,0,0
146,2026-01-23,0,0,0,0,0,0,0,0,0
146,2026-01-24,0,0,0,0,0,0,0,0,0
146,2026-01-25,3,3,3,0,1,2,0,0,0
146,2026-01-26,5,8,4,1,0,2,0,2,1
146,2026-01-27,4,12,3,1,1,2,0,0,1
146,2026-01-28,2,14,2,0,0,2,0,0,0
146,2026-01-29,5,19,5,0,2,3,0,0,0
146,2026-01-30,6,25,6,0,2,4,0,0,0
146,2026-01-31,6,31,3,3,2,1,3,0,0
146,2026-02-01,5,36,3,2,3,0,1,0,1
146,2026-02-02,3,39,2,1,0,2,0,0,1
146,2026-02-03,2,41,2,0,0,2,0,0,0
146,2026-02-04,3,44,2,1,1,1,0,0,1
146,2026-02-05,0,44,0,0,0,0,0,0,0
146,2026-02-06,3,47,1,2,0,1,2,0,0
146,2026-02-07,3,50,2,1,1,1,1,0,0
146,2026-02-08,3,53,2,1,0,1,1,1,0
146,2026-02-09,6,59,5,1,2,3,1,0,0
146,2026-02-10,4,63,4,0,1,3,0,0,0
147,2026-01-14,0,0,0,0,0,0,0,0,0
147,2026-01-15,0,0,0,0,0,0,0,0,0
147,2026-01-16,0,0,0,0,0,0,0,0,0
147,2026-01-17,0,0,0,0,0,0,0,0,0
147,2026-01-18,0,0,0,0,0,0,0,0,0
147,2026-01-19,0,0,0,0,0,0,0,0,0
147,2026-01-20,0,0,0,0,0,0,0,0,0
147,2026-01-21,0,0,0,0,0,0,0,0,0
147,2026-01-22,0,0,0,0,0,0,0,0,0
147,2026-01-23,0,0,0,0,0,0,0,0,0
147,2026-01-24,0,0,0,0,0,0,0,0,0
147,2026-01-25,1,1,0,1,0,0,1,0,0
147,2026-01-26,4,5,3,1,0,3,0,0,1
147,2026-01-27,2,7,2,0,1,0,0,1,0
147,2026-01-28,2,9,2,0,1,1,0,0,0
147,2026-01-29,1,10,1,0,0,1,0,0,0
147,2026-01-30,5,15,5,0,1,4,0,0,0
147,2026-01-31,1,16,1,0,0,1,0,0,0
147,2026-02-01,3,19,3,0,0,3,0,0,0
147,2026-02-02,3,22,3,0,0,2,0,1,0
147,2026-02-03,4,26,3,1,0,2,1,1,0
147,2026-02-04,2,28,2,0,1,1,0,0,0
147,2026-02-05,2,30,2,0,0,2,0,0,0
147,2026-02-06,6,36,6,0,2,4,0,0,0
147,2026-02-07,4,40,3,1,1,2,1,0,0
147,2026-02-08,1,41,0,1,0,0,1,0,0
147,2026-02-09,1,42,1,0,0,1,0,0,0
147,2026-02-10,3,45,2,1,1,1,1,0,0
148,2026-01-14,0,0,0,0,0,0,0,0,0
148,2026-01-15,0,0,0,0,0,0,0,0,0
148,2026-01-16,0,0,0,0,0,0,0,0,0
148,2026-01-17,0,0,0,0,0,0,0,0,0
148,2026-01-18,0,0,0,0,0,0,0,0,0
148,2026-01-19,0,0,0,0,0,0,0,0,0
148,2026-01-20,0,0,0,0,0,0,0,0,0
148,2026-01-21,0,0,0,0,0,0,0,0,0
148,2026-01-22,0,0,0,0,0,0,0,0,0
148,2026-01-23,0,0,0,0,0,0,0,0,0
148,2026-01-24,0,0,0,0,0,0,0,0,0
148,2026-01-25,2,2,2,0,1,1,0,0,0
148,2026-01-26,5,7,4,1,0,3,1,1,0
148,2026-01-27,5,12,5,0,3,2,0,0,0
148,2026-01-28,1,13,1,0,0,1,0,0,0
148,2026-01-29,2,15,1,1,0,1,1,0,0
148,2026-01-30,2,17,1,1,1,0,1,0,0
148,2026-01-31,5,22,4,1,2,2,0,0,1
148,2026-02-01,1,23,0,1,0,0,1,0,0
148,2026-02-02,2,25,2,0,1,1,0,0,0
148,2026-02-03,3,28,3,0,1,1,0,1,0
148,2026-02-04,9,37,7,2,2,3,2,2,0
148,2026-02-05,1,38,1,0,0,1,0,0,0
148,2026-02-06,1,39,1,0,0,1,0,0,0
148,2026-02-07,5,44,2,3,1,1,3,0,0
148,2026-02-08,3,47,2,1,1,1,1,0,0
148,2026-02-09,3,50,3,0,1,2,0,0,0
148,2026-02-10,5,55,4,1,0,2,1,2,0
149,2026-01-14,0,0,0,0,0,0,0,0,0
149,2026-01-15,0,0,0,0,0,0,0,0,0
149,2026-01-16,0,0,0,0,0,0,0,0,0
149,2026-01-17,0,0,0,0,0,0,0,0,0
149,2026-01-18,0,0,0,0,0,0,0,0,0
149,2026-01-19,0,0,0,0,0,0,0,0,0
149,2026-01-20,0,0,0,0,0,0,0,0,0
149,2026-01-21,0,0,0,0,0,0,0,0,0
149,2026-01-22,0,0,0,0,0,0,0,0,0
149,2026-01-23,0,0,0,0,0,0,0,0,0
149,2026-01-24,0,0,0,0,0,0,0,0,0
149,2026-01-25,3,3,2,1,2,0,1,0,0
149,2026-01-26,0,3,0,0,0,0,0,0,0
149,2026-01-27,1,4,1,0,0,1,0,0,0
149,2026-01-28,1,5,1,0,0,1,0,0,0
149,2026-01-29,0,5,0,0,0,0,0,0,0
149,2026-01-30,2,7,1,1,1,0,1,0,0
149,2026-01-31,4,11,3,1,1,2,0,0,1
149,2026-02-01,3,14,3,0,0,1,0,2,0
149,2026-02-02,2,16,2,0,0,2,0,0,0
149,2026-02-03,0,16,0,0,0,0,0,0,0
149,2026-02-04,1,17,1,0,0,1,0,0,0
149,2026-02-05,1,18,1,0,1,0,0,0,0
149,2026-02-06,4,22,3,1,3,0,0,0,1
149,2026-02-07,3,25,3,0,1,2,0,0,0
149,2026-02-08,0,25,0,0,0,0,0,0,0
149,2026-02-09,2,27,0,2,0,0,2,0,0
149,2026-02-10,0,27,0,0,0,0,0,0,0
150,2026-01-14,0,0,0,0,0,0,0,0,0
150,2026-01-15,0,0,0,0,0,0,0,0,0
150,2026-01-16,0,0,0,0,0,0,0,0,0
150,2026-01-17,0,0,0,0,0,0,0,0,0
150,2026-01-18,0,0,0,0,0,0,0,0,0
150,2026-01-19,0,0,0,0,0,0,0,0,0
150,2026-01-20,0,0,0,0,0,0,0,0,0
150,2026-01-21,0,0,0,0,0,0,0,0,0
150,2026-01-22,0,0,0,0,0,0,0,0,0
150,2026-01-23,0,0,0,0,0,0,0,0,0
150,2026-01-24,0,0,0,0,0,0,0,0,0
150,2026-01-25,0,0,0,0,0,0,0,0,0
150,2026-01-26,5,5,4,1,0,4,1,0,0
150,2026-01-27,6,11,3,3,3,0,3,0,0
150,2026-01-28,4,15,3,1,0,3,1,0,0
150,2026-01-29,8,23,6,2,3,3,2,0,0
150,2026-01-30,3,26,3,0,0,2,0,1,0
150,2026-01-31,1,27,1,0,0,1,0,0,0
150,2026-02-01,1,28,1,0,0,1,0,0,0
150,2026-02-02,3,31,3,0,2,0,0,1,0
150,2026-02-03,2,33,1,1,1,0,1,0,0
150,2026-02-04,0,33,0,0,0,0,0,0,0
150,2026-02-05,2,35,2,0,1,1,0,0,0
150,2026-02-06,0,35,0,0,0,0,0,0,0
150,2026-02-07,1,36,1,0,1,0,0,0,0
150,2026-02-08,3,39,2,1,0,2,1,0,0
150,2026-02-09,1,40,1,0,0,0,0,1,0
150,2026-02-10,2,42,2,0,0,2,0,0,0
151,2026-01-14,0,0,0,0,0,0,0,0,0
151,2026-01-15,0,0,0,0,0,0,0,0,0
151,2026-01-16,0,0,0,0,0,0,0,0,0
151,2026-01-17,0,0,0,0,0,0,0,0,0
151,2026-01-18,0,0,0,0,0,0,0,0,0
151,2026-01-19,0,0,0,0,0,0,0,0,0
151,2026-01-20,0,0,0,0,0,0,0,0,0
151,2026-01-21,0,0,0,0,0,0,0,0,0
151,2026-01-22,0,0,0,0,0,0,0,0,0
151,2026-01-23,0,0,0,0,0,0,0,0,0
151,2026-01-24,0,0,0,0,0,0,0,0,0
151,2026-01-25,2,2,2,0,0,2,0,0,0
151,2026-01-26,3,5,3,0,0,3,0,0,0
151,2026-01-27,5,10,5,0,1,2,0,2,0
151,2026-01-28,4,14,4,0,1,3,0,0,0
151,2026-01-29,0,14,0,0,0,0,0,0,0
151,2026-01-30,4,18,2,2,1,1,2,0,0
151,2026-01-31,1,19,1,0,1,0,0,0,0
151,2026-02-01,2,21,1,1,1,0,1,0,0
151,2026-02-02,3,24,3,0,1,1,0,1,0
151,2026-02-03,0,24,0,0,0,0,0,0,0
151,2026-02-04,3,27,2,1,0,2,1,0,0
151,2026-02-05,1,28,0,1,0,0,0,0,1
151,2026-02-06,3,31,1,2,0,1,1,0,1
151,2026-02-07,1,32,1,0,0,1,0,0,0
151,2026-02-08,2,34,2,0,1,1,0,0,0
151,2026-02-09,1,35,1,0,1,0,0,0,0
151,2026-02-10,1,36,1,0,0,0,0,1,0
152,2026-01-14,0,0,0,0,0,0,0,0,0
152,2026-01-15,0,0,0,0,0,0,0,0,0
152,2026-01-16,0,0,0,0,0,0,0,0,0
152,2026-01-17,0,0,0,0,0,0,0,0,0
152,2026-01-18,0,0,0,0,0,0,0,0,0
152,2026-01-19,0,0,0,0,0,0,0,0,0
152,2026-01-20,0,0,0,0,0,0,0,0,0
152,2026-01-21,0,0,0,0,0,0,0,0,0
152,2026-01-22,0,0,0,0,0,0,0,0,0
152,2026-01-23,0,0,0,0,0,0,0,0,0
152,2026-01-24,0,0,0,0,0,0,0,0,0
152,2026-01-25,2,2,2,0,1,1,0,0,0
152,2026-01-26,2,4,2,0,0,2,0,0,0
152,2026-01-27,0,4,0,0,0,0,0,0,0
152,2026-01-28,3,7,0,3,0,0,2,0,1
152,2026-01-29,3,10,3,0,2,1,0,0,0
152,2026-01-30,1,11,0,1,0,0,0,0,1
152,2026-01-31,1,12,1,0,1,0,0,0,0
152,2026-02-01,0,12,0,0,0,0,0,0,0
152,2026-02-02,3,15,3,0,1,2,0,0,0
152,2026-02-03,1,16,0,1,0,0,1,0,0
152,2026-02-04,4,20,2,2,1,1,2,0,0
152,2026-02-05,1,21,1,0,0,1,0,0,0
152,2026-02-06,2,23,2,0,0,2,0,0,0
152,2026-02-07,2,25,0,2,0,0,2,0,0
152,2026-02-08,0,25,0,0,0,0,0,0,0
152,2026-02-09,2,27,2,0,0,2,0,0,0
152,2026-02-10,1,28,1,0,1,0,0,0,0
153,2026-01-14,0,0,0,0,0,0,0,0,0
153,2026-01-15,0,0,0,0,0,0,0,0,0
153,2026-01-16,0,0,0,0,0,0,0,0,0
153,2026-01-17,0,0,0,0,0,0,0,0,0
153,2026-01-18,0,0,0,0,0,0,0,0,0
153,2026-01-19,0,0,0,0,0,0,0,0,0
153,2026-01-20,0,0,0,0,0,0,0,0,0
153,2026-01-21,0,0,0,0,0,0,0,0,0
153,2026-01-22,0,0,0,0,0,0,0,0,0
153,2026-01-23,0,0,0,0,0,0,0,0,0
153,2026-01-24,0,0,0,0,0,0,0,0,0
153,2026-01-25,6,6,5,1,1,3,1,1,0
153,2026-01-26,2,8,2,0,0,2,0,0,0
153,2026-01-27,2,10,1,1,1,0,1,0,0
153,2026-01-28,2,12,2,0,0,2,0,0,0
153,2026-01-29,7,19,5,2,1,3,1,1,1
153,2026-01-30,2,21,1,1,0,0,1,1,0
153,2026-01-31,4,25,3,1,0,3,0,0,1
153,2026-02-01,6,31,5,1,1,3,1,1,0
153,2026-02-02,2,33,1,1,0,1,1,0,0
153,2026-02-03,3,36,2,1,1,1,1,0,0
153,2026-02-04,3,39,3,0,1,2,0,0,0
153,2026-02-05,4,43,2,2,1,1,0,0,2
153,2026-02-06,2,45,2,0,1,1,0,0,0
153,2026-02-07,4,49,3,1,0,3,1,0,0
153,2026-02-08,2,51,1,1,0,0,1,1,0
153,2026-02-09,5,56,4,1,1,3,1,0,0
153,2026-02-10,1,57,1,0,0,1,0,0,0
154,2026-01-14,0,0,0,0,0,0,0,0,0
154,2026-01-15,0,0,0,0,0,0,0,0,0
154,2026-01-16,0,0,0,0,0,0,0,0,0
154,2026-01-17,0,0,0,0,0,0,0,0,0
154,2026-01-18,0,0,0,0,0,0,0,0,0
154,2026-01-19,0,0,0,0,0,0,0,0,0
154,2026-01-20,0,0,0,0,0,0,0,0,0
154,2026-01-21,0,0,0,0,0,0,0,0,0
154,2026-01-22,0,0,0,0,0,0,0,0,0
154,2026-01-23,0,0,0,0,0,0,0,0,0
154,2026-01-24,0,0,0,0,0,0,0,0,0
154,2026-01-25,4,4,3,1,3,0,1,0,0
154,2026-01-26,4,8,4,0,1,2,0,1,0
154,2026-01-27,3,11,1,2,0,1,1,0,1
154,2026-01-28,1,12,1,0,0,1,0,0,0
154,2026-01-29,7,19,6,1,0,4,1,2,0
154,2026-01-30,0,19,0,0,0,0,0,0,0
154,2026-01-31,3,22,3,0,0,3,0,0,0
154,2026-02-01,1,23,0,1,0,0,1,0,0
154,2026-02-02,2,25,1,1,0,0,0,1,1
154,2026-02-03,2,27,1,1,0,1,1,0,0
154,2026-02-04,2,29,2,0,0,2,0,0,0
154,2026-02-05,2,31,2,0,0,2,0,0,0
154,2026-02-06,5,36,5,0,1,4,0,0,0
154,2026-02-07,3,39,2,1,0,2,1,0,0
154,2026-02-08,1,40,1,0,0,1,0,0,0
154,2026-02-09,1,41,0,1,0,0,1,0,0
154,2026-02-10,5,46,3,2,1,2,2,0,0
155,2026-01-14,0,0,0,0,0,0,0,0,0
155,2026-01-15,0,0,0,0,0,0,0,0,0
155,2026-01-16,0,0,0,0,0,0,0,0,0
155,2026-01-17,0,0,0,0,0,0,0,0,0
155,2026-01-18,0,0,0,0,0,0,0,0,0
155,2026-01-19,0,0,0,0,0,0,0,0,0
155,2026-01-20,0,0,0,0,0,0,0,0,0
155,2026-01-21,0,0,0,0,0,0,0,0,0
155,2026-01-22,0,0,0,0,0,0,0,0,0
155,2026-01-23,0,0,0,0,0,0,0,0,0
155,2026-01-24,0,0,0,0,0,0,0,0,0
155,2026-01-25,4,4,3,1,2,1,1,0,0
155,2026-01-26,5,9,3,2,0,3,1,0,1
155,2026-01-27,3,12,3,0,2,1,0,0,0
155,2026-01-28,1,13,0,1,0,0,1,0,0
155,2026-01-29,2,15,2,0,0,0,0,2,0
155,2026-01-30,3,18,2,1,0,2,1,0,0
155,2026-01-31,2,20,2,0,1,1,0,0,0
155,2026-02-01,1,21,0,1,0,0,0,0,1
155,2026-02-02,1,22,1,0,0,1,0,0,0
155,2026-02-03,1,23,1,0,0,1,0,0,0
155,2026-02-04,0,23,0,0,0,0,0,0,0
155,2026-02-05,0,23,0,0,0,0,0,0,0
155,2026-02-06,1,24,1,0,0,1,0,0,0
155,2026-02-07,3,27,1,2,1,0,1,0,1
155,2026-02-08,2,29,0,2,0,0,2,0,0
155,2026-02-09,2,31,1,1,1,0,1,0,0
155,2026-02-10,1,32,1,0,1,0,0,0,0
156,2026-01-14,0,0,0,0,0,0,0,0,0
156,2026-01-15,0,0,0,0,0,0,0,0,0
156,2026-01-16,0,0,0,0,0,0,0,0,0
156,2026-01-17,0,0,0,0,0,0,0,0,0
156,2026-01-18,0,0,0,0,0,0,0,0,0
156,2026-01-19,0,0,0,0,0,0,0,0,0
156,2026-01-20,0,0,0,0,0,0,0,0,0
156,2026-01-21,0,0,0,0,0,0,0,0,0
156,2026-01-22,0,0,0,0,0,0,0,0,0
156,2026-01-23,0,0,0,0,0,0,0,0,0
156,2026-01-24,0,0,0,0,0,0,0,0,0
156,2026-01-25,4,4,2,2,1,1,2,0,0
156,2026-01-26,2,6,2,0,1,1,0,0,0
156,2026-01-27,2,8,2,0,1,1,0,0,0
156,2026-01-28,4,12,3,1,2,1,1,0,0
156,2026-01-29,2,14,2,0,2,0,0,0,0
156,2026-01-30,3,17,3,0,0,3,0,0,0
156,2026-01-31,3,20,3,0,0,3,0,0,0
156,2026-02-01,3,23,3,0,2,0,0,1,0
156,2026-02-02,5,28,3,2,1,2,2,0,0
156,2026-02-03,3,31,3,0,0,2,0,1,0
156,2026-02-04,5,36,3,2,1,1,2,1,0
156,2026-02-05,0,36,0,0,0,0,0,0,0
156,2026-02-06,1,37,1,0,0,1,0,0,0
156,2026-02-07,3,40,2,1,2,0,1,0,0
156,2026-02-08,0,40,0,0,0,0,0,0,0
156,2026-02-09,3,43,3,0,1,0,0,2,0
156,2026-02-10,0,43,0,0,0,0,0,0,0
157,2026-01-14,0,0,0,0,0,0,0,0,0
157,2026-01-15,0,0,0,0,0,0,0,0,0
157,2026-01-16,0,0,0,0,0,0,0,0,0
157,2026-01-17,0,0,0,0,0,0,0,0,0
157,2026-01-18,0,0,0,0,0,0,0,0,0
157,2026-01-19,0,0,0,0,0,0,0,0,0
157,2026-01-20,0,0,0,0,0,0,0,0,0
157,2026-01-21,0,0,0,0,0,0,0,0,0
157,2026-01-22,0,0,0,0,0,0,0,0,0
157,2026-01-23,0,0,0,0,0,0,0,0,0
157,2026-01-24,0,0,0,0,0,0,0,0,0
157,2026-01-25,7,7,7,0,2,5,0,0,0
157,2026-01-26,2,9,2,0,0,2,0,0,0
157,2026-01-27,2,11,2,0,2,0,0,0,0
157,2026-01-28,2,13,1,1,0,1,1,0,0
157,2026-01-29,2,15,2,0,0,1,0,1,0
157,2026-01-30,1,16,1,0,0,1,0,0,0
157,2026-01-31,4,20,4,0,0,4,0,0,0
157,2026-02-01,2,22,2,0,1,1,0,0,0
157,2026-02-02,1,23,1,0,0,1,0,0,0
157,2026-02-03,2,25,2,0,0,2,0,0,0
157,2026-02-04,1,26,0,1,0,0,1,0,0
157,2026-02-05,3,29,2,1,0,2,1,0,0
157,2026-02-06,3,32,2,1,1,1,0,0,1
157,2026-02-07,1,33,1,0,0,1,0,0,0
157,2026-02-08,6,39,4,2,2,2,2,0,0
157,2026-02-09,1,40,1,0,0,1,0,0,0
157,2026-02-10,2,42,2,0,0,2,0,0,0
158,2026-01-14,0,0,0,0,0,0,0,0,0
158,2026-01-15,0,0,0,0,0,0,0,0,0
158,2026-01-16,0,0,0,0,0,0,0,0,0
158,2026-01-17,0,0,0,0,0,0,0,0,0
158,2026-01-18,0,0,0,0,0,0,0,0,0
158,2026-01-19,0,0,0,0,0,0,0,0,0
158,2026-01-20,0,0,0,0,0,0,0,0,0
158,2026-01-21,0,0,0,0,0,0,0,0,0
158,2026-01-22,0,0,0,0,0,0,0,0,0
158,2026-01-23,0,0,0,0,0,0,0,0,0
158,2026-01-24,0,0,0,0,0,0,0,0,0
158,2026-01-25,0,0,0,0,0,0,0,0,0
158,2026-01-26,2,2,2,0,1,1,0,0,0
158,2026-01-27,8,10,7,1,3,3,1,1,0
158,2026-01-28,1,11,1,0,1,0,0,0,0
158,2026-01-29,4,15,4,0,0,3,0,1,0
158,2026-01-30,0,15,0,0,0,0,0,0,0
158,2026-01-31,2,17,1,1,0,1,1,0,0
158,2026-02-01,1,18,1,0,0,1,0,0,0
158,2026-02-02,2,20,2,0,0,2,0,0,0
158,2026-02-03,3,23,3,0,1,2,0,0,0
158,2026-02-04,2,25,2,0,0,2,0,0,0
158,2026-02-05,6,31,4,2,1,2,2,1,0
158,2026-02-06,1,32,1,0,1,0,0,0,0
158,2026-02-07,3,35,3,0,1,1,0,1,0
158,2026-02-08,2,37,2,0,1,1,0,0,0
158,2026-02-09,6,43,5,1,1,4,1,0,0
158,2026-02-10,3,46,1,2,0,1,1,0,1
159,2026-01-14,0,0,0,0,0,0,0,0,0
159,2026-01-15,0,0,0,0,0,0,0,0,0
159,2026-01-16,0,0,0,0,0,0,0,0,0
159,2026-01-17,0,0,0,0,0,0,0,0,0
159,2026-01-18,0,0,0,0,0,0,0,0,0
159,2026-01-19,0,0,0,0,0,0,0,0,0
159,2026-01-20,0,0,0,0,0,0,0,0,0
159,2026-01-21,0,0,0,0,0,0,0,0,0
159,2026-01-22,0,0,0,0,0,0,0,0,0
159,2026-01-23,0,0,0,0,0,0,0,0,0
159,2026-01-24,0,0,0,0,0,0,0,0,0
159,2026-01-25,2,2,2,0,0,2,0,0,0
159,2026-01-26,2,4,2,0,0,2,0,0,0
159,2026-01-27,3,7,3,0,0,1,0,2,0
159,2026-01-28,4,11,3,1,2,1,0,0,1
159,2026-01-29,3,14,2,1,0,1,1,1,0
159,2026-01-30,4,18,3,1,1,2,1,0,0
159,2026-01-31,2,20,2,0,1,1,0,0,0
159,2026-02-01,2,22,2,0,0,1,0,1,0
159,2026-02-02,1,23,1,0,0,1,0,0,0
159,2026-02-03,0,23,0,0,0,0,0,0,0
159,2026-02-04,2,25,2,0,1,1,0,0,0
159,2026-02-05,2,27,2,0,2,0,0,0,0
159,2026-02-06,4,31,4,0,1,2,0,1,0
159,2026-02-07,3,34,3,0,3,0,0,0,0
159,2026-02-08,2,36,2,0,0,2,0,0,0
159,2026-02-09,2,38,2,0,0,2,0,0,0
159,2026-02-10,2,40,2,0,0,2,0,0,0
160,2026-01-14,0,0,0,0,0,0,0,0,0
160,2026-01-15,0,0,0,0,0,0,0,0,0
160,2026-01-16,0,0,0,0,0,0,0,0,0
160,2026-01-17,0,0,0,0,0,0,0,0,0
160,2026-01-18,0,0,0,0,0,0,0,0,0
160,2026-01-19,0,0,0,0,0,0,0,0,0
160,2026-01-20,0,0,0,0,0,0,0,0,0
160,2026-01-21,0,0,0,0,0,0,0,0,0
160,2026-01-22,0,0,0,0,0,0,0,0,0
160,2026-01-23,0,0,0,0,0,0,0,0,0
160,2026-01-24,0,0,0,0,0,0,0,0,0
160,2026-01-25,2,2,0,2,0,0,2,0,0
160,2026-01-26,3,5,2,1,0,2,1,0,0
160,2026-01-27,4,9,4,0,1,2,0,1,0
160,2026-01-28,2,11,2,0,0,2,0,0,0
160,2026-01-29,4,15,3,1,0,3,1,0,0
160,2026-01-30,2,17,1,1,1,0,0,0,1
160,2026-01-31,0,17,0,0,0,0,0,0,0
160,2026-02-01,2,19,1,1,0,1,1,0,0
160,2026-02-02,2,21,1,1,1,0,1,0,0
160,2026-02-03,4,25,2,2,1,1,2,0,0
160,2026-02-04,3,28,2,1,1,0,1,1,0
160,2026-02-05,1,29,1,0,0,1,0,0,0
160,2026-02-06,1,30,1,0,1,0,0,0,0
160,2026-02-07,1,31,0,1,0,0,0,0,1
160,2026-02-08,0,31,0,0,0,0,0,0,0
160,2026-02-09,0,31,0,0,0,0,0,0,0
160,2026-02-10,1,32,0,1,0,0,0,0,1
161,2026-01-14,0,0,0,0,0,0,0,0,0
161,2026-01-15,0,0,0,0,0,0,0,0,0
161,2026-01-16,0,0,0,0,0,0,0,0,0
161,2026-01-17,0,0,0,0,0,0,0,0,0
161,2026-01-18,0,0,0,0,0,0,0,0,0
161,2026-01-19,0,0,0,0,0,0,0,0,0
161,2026-01-20,0,0,0,0,0,0,0,0,0
161,2026-01-21,0,0,0,0,0,0,0,0,0
161,2026-01-22,0,0,0,0,0,0,0,0,0
161,2026-01-23,0,0,0,0,0,0,0,0,0
161,2026-01-24,0,0,0,0,0,0,0,0,0
161,2026-01-25,1,1,1,0,0,1,0,0,0
161,2026-01-26,4,5,3,1,0,3,1,0,0
161,2026-01-27,1,6,1,0,0,0,0,1,0
161,2026-01-28,2,8,1,1,0,1,0,0,1
161,2026-01-29,0,8,0,0,0,0,0,0,0
161,2026-01-30,2,10,2,0,0,2,0,0,0
161,2026-01-31,3,13,3,0,2,1,0,0,0
161,2026-02-01,3,16,3,0,1,2,0,0,0
161,2026-02-02,1,17,0,1,0,0,1,0,0
161,2026-02-03,3,20,2,1,1,0,1,1,0
161,2026-02-04,1,21,1,0,0,1,0,0,0
161,2026-02-05,2,23,1,1,0,1,0,0,1
161,2026-02-06,2,25,2,0,0,2,0,0,0
161,2026-02-07,3,28,3,0,0,3,0,0,0
161,2026-02-08,1,29,1,0,0,1,0,0,0
161,2026-02-09,0,29,0,0,0,0,0,0,0
161,2026-02-10,1,30,1,0,1,0,0,0,0
162,2026-01-14,0,0,0,0,0,0,0,0,0
162,2026-01-15,0,0,0,0,0,0,0,0,0
162,2026-01-16,0,0,0,0,0,0,0,0,0
162,2026-01-17,0,0,0,0,0,0,0,0,0
162,2026-01-18,0,0,0,0,0,0,0,0,0
162,2026-01-19,0,0,0,0,0,0,0,0,0
162,2026-01-20,0,0,0,0,0,0,0,0,0
162,2026-01-21,0,0,0,0,0,0,0,0,0
162,2026-01-22,0,0,0,0,0,0,0,0,0
162,2026-01-23,0,0,0,0,0,0,0,0,0
162,2026-01-24,0,0,0,0,0,0,0,0,0
162,2026-01-25,3,3,2,1,2,0,1,0,0
162,2026-01-26,3,6,2,1,1,1,1,0,0
162,2026-01-27,6,12,4,2,1,3,2,0,0
162,2026-01-28,2,14,2,0,1,1,0,0,0
162,2026-01-29,7,21,7,0,2,4,0,1,0
162,2026-01-30,3,24,1,2,0,1,2,0,0
162,2026-01-31,6,30,6,0,1,4,0,1,0
162,2026-02-01,2,32,2,0,1,1,0,0,0
162,2026-02-02,2,34,2,0,0,2,0,0,0
162,2026-02-03,4,38,4,0,1,2,0,1,0
162,2026-02-04,2,40,2,0,0,1,0,1,0
162,2026-02-05,2,42,1,1,1,0,1,0,0
162,2026-02-06,4,46,3,1,2,1,1,0,0
162,2026-02-07,3,49,3,0,2,0,0,1,0
162,2026-02-08,2,51,2,0,1,1,0,0,0
162,2026-02-09,4,55,2,2,0,2,1,0,1
162,2026-02-10,2,57,1,1,0,1,1,0,0
163,2026-01-14,0,0,0,0,0,0,0,0,0
163,2026-01-15,0,0,0,0,0,0,0,0,0
163,2026-01-16,0,0,0,0,0,0,0,0,0
163,2026-01-17,0,0,0,0,0,0,0,0,0
163,2026-01-18,0,0,0,0,0,0,0,0,0
163,2026-01-19,0,0,0,0,0,0,0,0,0
163,2026-01-20,0,0,0,0,0,0,0,0,0
163,2026-01-21,0,0,0,0,0,0,0,0,0
163,2026-01-22,0,0,0,0,0,0,0,0,0
163,2026-01-23,0,0,0,0,0,0,0,0,0
163,2026-01-24,0,0,0,0,0,0,0,0,0
163,2026-01-25,1,1,1,0,1,0,0,0,0
163,2026-01-26,1,2,1,0,1,0,0,0,0
163,2026-01-27,2,4,1,1,1,0,1,0,0
163,2026-01-28,2,6,2,0,1,1,0,0,0
163,2026-01-29,4,10,3,1,0,3,1,0,0
163,2026-01-30,1,11,1,0,0,1,0,0,0
163,2026-01-31,0,11,0,0,0,0,0,0,0
163,2026-02-01,2,13,2,0,1,0,0,1,0
163,2026-02-02,3,16,3,0,0,3,0,0,0
163,2026-02-03,1,17,1,0,0,1,0,0,0
163,2026-02-04,2,19,2,0,0,2,0,0,0
163,2026-02-05,2,21,1,1,0,1,1,0,0
163,2026-02-06,5,26,4,1,1,3,1,0,0
163,2026-02-07,2,28,2,0,1,0,0,1,0
163,2026-02-08,1,29,1,0,0,1,0,0,0
163,2026-02-09,1,30,1,0,1,0,0,0,0
163,2026-02-10,0,30,0,0,0,0,0,0,0
164,2026-01-14,0,0,0,0,0,0,0,0,0
164,2026-01-15,0,0,0,0,0,0,0,0,0
164,2026-01-16,0,0,0,0,0,0,0,0,0
164,2026-01-17,0,0,0,0,0,0,0,0,0
164,2026-01-18,0,0,0,0,0,0,0,0,0
164,2026-01-19,0,0,0,0,0,0,0,0,0
164,2026-01-20,0,0,0,0,0,0,0,0,0
164,2026-01-21,0,0,0,0,0,0,0,0,0
164,2026-01-22,0,0,0,0,0,0,0,0,0
164,2026-01-23,0,0,0,0,0,0,0,0,0
164,2026-01-24,0,0,0,0,0,0,0,0,0
164,2026-01-25,3,3,3,0,2,0,0,1,0
164,2026-01-26,1,4,1,0,0,1,0,0,0
164,2026-01-27,1,5,1,0,1,0,0,0,0
164,2026-01-28,0,5,0,0,0,0,0,0,0
164,2026-01-29,0,5,0,0,0,0,0,0,0
164,2026-01-30,0,5,0,0,0,0,0,0,0
164,2026-01-31,0,5,0,0,0,0,0,0,0
164,2026-02-01,1,6,1,0,0,0,0,1,0
164,2026-02-02,3,9,2,1,0,1,0,1,1
164,2026-02-03,0,9,0,0,0,0,0,0,0
164,2026-02-04,1,10,1,0,0,1,0,0,0
164,2026-02-05,0,10,0,0,0,0,0,0,0
164,2026-02-06,2,12,2,0,0,2,0,0,0
164,2026-02-07,1,13,0,1,0,0,0,0,1
164,2026-02-08,0,13,0,0,0,0,0,0,0
164,2026-02-09,0,13,0,0,0,0,0,0,0
164,2026-02-10,2,15,2,0,0,2,0,0,0
165,2026-01-14,0,0,0,0,0,0,0,0,0
165,2026-01-15,0,0,0,0,0,0,0,0,0
165,2026-01-16,0,0,0,0,0,0,0,0,0
165,2026-01-17,0,0,0,0,0,0,0,0,0
165,2026-01-18,0,0,0,0,0,0,0,0,0
165,2026-01-19,0,0,0,0,0,0,0,0,0
165,2026-01-20,0,0,0,0,0,0,0,0,0
165,2026-01-21,0,0,0,0,0,0,0,0,0
165,2026-01-22,0,0,0,0,0,0,0,0,0
165,2026-01-23,0,0,0,0,0,0,0,0,0
165,2026-01-24,0,0,0,0,0,0,0,0,0
165,2026-01-25,2,2,0,2,0,0,2,0,0
165,2026-01-26,1,3,1,0,0,1,0,0,0
165,2026-01-27,2,5,1,1,1,0,0,0,1
165,2026-01-28,3,8,3,0,1,2,0,0,0
165,2026-01-29,1,9,1,0,1,0,0,0,0
165,2026-01-30,1,10,1,0,0,1,0,0,0
165,2026-01-31,2,12,1,1,0,1,0,0,1
165,2026-02-01,2,14,2,0,1,1,0,0,0
165,2026-02-02,1,15,1,0,1,0,0,0,0
165,2026-02-03,1,16,1,0,0,1,0,0,0
165,2026-02-04,2,18,2,0,1,1,0,0,0
165,2026-02-05,3,21,3,0,0,2,0,1,0
165,2026-02-06,0,21,0,0,0,0,0,0,0
165,2026-02-07,1,22,1,0,0,1,0,0,0
165,2026-02-08,1,23,0,1,0,0,0,0,1
165,2026-02-09,0,23,0,0,0,0,0,0,0
165,2026-02-10,3,26,3,0,0,3,0,0,0
166,2026-01-14,0,0,0,0,0,0,0,0,0
166,2026-01-15,0,0,0,0,0,0,0,0,0
166,2026-01-16,0,0,0,0,0,0,0,0,0
166,2026-01-17,0,0,0,0,0,0,0,0,0
166,2026-01-18,0,0,0,0,0,0,0,0,0
166,2026-01-19,0,0,0,0,0,0,0,0,0
166,2026-01-20,0,0,0,0,0,0,0,0,0
166,2026-01-21,0,0,0,0,0,0,0,0,0
166,2026-01-22,0,0,0,0,0,0,0,0,0
166,2026-01-23,0,0,0,0,0,0,0,0,0
166,2026-01-24,0,0,0,0,0,0,0,0,0
166,2026-01-25,8,8,8,0,1,5,0,2,0
166,2026-01-26,6,14,6,0,3,1,0,2,0
166,2026-01-27,8,22,6,2,2,3,2,1,0
166,2026-01-28,6,28,4,2,0,2,0,2,2
166,2026-01-29,2,30,2,0,0,2,0,0,0
166,2026-01-30,4,34,4,0,1,2,0,1,0
166,2026-01-31,4,38,4,0,3,1,0,0,0
166,2026-02-01,5,43,4,1,0,4,0,0,1
166,2026-02-02,4,47,4,0,1,3,0,0,0
166,2026-02-03,3,50,3,0,0,2,0,1,0
166,2026-02-04,5,55,5,0,3,0,0,2,0
166,2026-02-05,3,58,3,0,1,2,0,0,0
166,2026-02-06,2,60,2,0,0,2,0,0,0
166,2026-02-07,6,66,6,0,3,3,0,0,0
166,2026-02-08,5,71,5,0,3,2,0,0,0
166,2026-02-09,2,73,2,0,0,2,0,0,0
166,2026-02-10,0,73,0,0,0,0,0,0,0
167,2026-01-14,0,0,0,0,0,0,0,0,0
167,2026-01-15,0,0,0,0,0,0,0,0,0
167,2026-01-16,0,0,0,0,0,0,0,0,0
167,2026-01-17,0,0,0,0,0,0,0,0,0
167,2026-01-18,0,0,0,0,0,0,0,0,0
167,2026-01-19,0,0,0,0,0,0,0,0,0
167,2026-01-20,0,0,0,0,0,0,0,0,0
167,2026-01-21,0,0,0,0,0,0,0,0,0
167,2026-01-22,0,0,0,0,0,0,0,0,0
167,2026-01-23,0,0,0,0,0,0,0,0,0
167,2026-01-24,0,0,0,0,0,0,0,0,0
167,2026-01-25,4,4,4,0,2,2,0,0,0
167,2026-01-26,0,4,0,0,0,0,0,0,0
167,2026-01-27,6,10,4,2,0,3,1,1,1
167,2026-01-28,3,13,2,1,1,1,1,0,0
167,2026-01-29,5,18,3,2,1,2,1,0,1
167,2026-01-30,1,19,1,0,1,0,0,0,0
167,2026-01-31,3,22,2,1,0,2,1,0,0
167,2026-02-01,0,22,0,0,0,0,0,0,0
167,2026-02-02,6,28,2,4,1,0,3,1,1
167,2026-02-03,4,32,3,1,1,2,1,0,0
167,2026-02-04,2,34,2,0,0,2,0,0,0
167,2026-02-05,3,37,3,0,0,3,0,0,0
167,2026-02-06,0,37,0,0,0,0,0,0,0
167,2026-02-07,3,40,3,0,1,2,0,0,0
167,2026-02-08,2,42,1,1,0,1,1,0,0
167,2026-02-09,2,44,2,0,0,1,0,1,0
167,2026-02-10,2,46,2,0,1,1,0,0,0
168,2026-01-14,0,0,0,0,0,0,0,0,0
168,2026-01-15,0,0,0,0,0,0,0,0,0
168,2026-01-16,0,0,0,0,0,0,0,0,0
168,2026-01-17,0,0,0,0,0,0,0,0,0
168,2026-01-18,0,0,0,0,0,0,0,0,0
168,2026-01-19,0,0,0,0,0,0,0,0,0
168,2026-01-20,0,0,0,0,0,0,0,0,0
168,2026-01-21,0,0,0,0,0,0,0,0,0
168,2026-01-22,0,0,0,0,0,0,0,0,0
168,2026-01-23,0,0,0,0,0,0,0,0,0
168,2026-01-24,0,0,0,0,0,0,0,0,0
168,2026-01-25,1,1,0,1,0,0,1,0,0
168,2026-01-26,4,5,4,0,2,2,0,0,0
168,2026-01-27,3,8,2,1,0,2,1,0,0
168,2026-01-28,4,12,3,1,0,3,1,0,0
168,2026-01-29,3,15,2,1,1,1,1,0,0
168,2026-01-30,0,15,0,0,0,0,0,0,0
168,2026-01-31,4,19,3,1,1,2,1,0,0
168,2026-02-01,2,21,1,1,0,1,0,0,1
168,2026-02-02,2,23,2,0,1,1,0,0,0
168,2026-02-03,1,24,1,0,1,0,0,0,0
168,2026-02-04,2,26,1,1,0,1,1,0,0
168,2026-02-05,7,33,5,2,2,3,2,0,0
168,2026-02-06,1,34,1,0,1,0,0,0,0
168,2026-02-07,1,35,1,0,0,1,0,0,0
168,2026-02-08,0,35,0,0,0,0,0,0,0
168,2026-02-09,0,35,0,0,0,0,0,0,0
168,2026-02-10,1,36,1,0,0,1,0,0,0
169,2026-01-14,0,0,0,0,0,0,0,0,0
169,2026-01-15,0,0,0,0,0,0,0,0,0
169,2026-01-16,0,0,0,0,0,0,0,0,0
169,2026-01-17,0,0,0,0,0,0,0,0,0
169,2026-01-18,0,0,0,0,0,0,0,0,0
169,2026-01-19,0,0,0,0,0,0,0,0,0
169,2026-01-20,0,0,0,0,0,0,0,0,0
169,2026-01-21,0,0,0,0,0,0,0,0,0
169,2026-01-22,0,0,0,0,0,0,0,0,0
169,2026-01-23,0,0,0,0,0,0,0,0,0
169,2026-01-24,0,0,0,0,0,0,0,0,0
169,2026-01-25,3,3,3,0,0,1,0,2,0
169,2026-01-26,4,7,4,0,3,0,0,1,0
169,2026-01-27,1,8,1,0,0,1,0,0,0
169,2026-01-28,3,11,3,0,2,1,0,0,0
169,2026-01-29,3,14,2,1,0,1,1,1,0
169,2026-01-30,0,14,0,0,0,0,0,0,0
169,2026-01-31,4,18,2,2,0,1,1,1,1
169,2026-02-01,3,21,2,1,0,2,0,0,1
169,2026-02-02,4,25,3,1,2,1,1,0,0
169,2026-02-03,3,28,3,0,0,3,0,0,0
169,2026-02-04,2,30,1,1,1,0,1,0,0
169,2026-02-05,0,30,0,0,0,0,0,0,0
169,2026-02-06,2,32,1,1,1,0,1,0,0
169,2026-02-07,2,34,2,0,1,1,0,0,0
169,2026-02-08,3,37,2,1,0,2,0,0,1
169,2026-02-09,0,37,0,0,0,0,0,0,0
169,2026-02-10,5,42,5,0,2,3,0,0,0
170,2026-01-14,0,0,0,0,0,0,0,0,0
170,2026-01-15,0,0,0,0,0,0,0,0,0
170,2026-01-16,0,0,0,0,0,0,0,0,0
170,2026-01-17,0,0,0,0,0,0,0,0,0
170,2026-01-18,0,0,0,0,0,0,0,0,0
170,2026-01-19,0,0,0,0,0,0,0,0,0
170,2026-01-20,0,0,0,0,0,0,0,0,0
170,2026-01-21,0,0,0,0,0,0,0,0,0
170,2026-01-22,0,0,0,0,0,0,0,0,0
170,2026-01-23,0,0,0,0,0,0,0,0,0
170,2026-01-24,0,0,0,0,0,0,0,0,0
170,2026-01-25,3,3,3,0,2,1,0,0,0
170,2026-01-26,4,7,3,1,1,1,0,1,1
170,2026-01-27,4,11,3,1,2,1,1,0,0
170,2026-01-28,3,14,2,1,0,2,0,0,1
170,2026-01-29,4,18,4,0,1,3,0,0,0
170,2026-01-30,6,24,6,0,3,3,0,0,0
170,2026-01-31,9,33,7,2,1,6,2,0,0
170,2026-02-01,12,45,9,3,4,4,3,1,0
170,2026-02-02,4,49,4,0,1,3,0,0,0
170,2026-02-03,3,52,3,0,0,3,0,0,0
170,2026-02-04,4,56,4,0,1,1,0,2,0
170,2026-02-05,3,59,3,0,2,1,0,0,0
170,2026-02-06,1,60,1,0,1,0,0,0,0
170,2026-02-07,0,60,0,0,0,0,0,0,0
170,2026-02-08,4,64,3,1,1,1,1,1,0
170,2026-02-09,6,70,6,0,3,3,0,0,0
170,2026-02-10,5,75,3,2,0,3,2,0,0
171,2026-01-14,0,0,0,0,0,0,0,0,0
171,2026-01-15,0,0,0,0,0,0,0,0,0
171,2026-01-16,0,0,0,0,0,0,0,0,0
171,2026-01-17,0,0,0,0,0,0,0,0,0
171,2026-01-18,0,0,0,0,0,0,0,0,0
171,2026-01-19,0,0,0,0,0,0,0,0,0
171,2026-01-20,0,0,0,0,0,0,0,0,0
171,2026-01-21,0,0,0,0,0,0,0,0,0
171,2026-01-22,0,0,0,0,0,0,0,0,0
171,2026-01-23,0,0,0,0,0,0,0,0,0
171,2026-01-24,0,0,0,0,0,0,0,0,0
171,2026-01-25,5,5,3,2,2,0,1,1,1
171,2026-01-26,4,9,4,0,1,3,0,0,0
171,2026-01-27,1,10,1,0,0,1,0,0,0
171,2026-01-28,2,12,2,0,1,1,0,0,0
171,2026-01-29,0,12,0,0,0,0,0,0,0
171,2026-01-30,1,13,1,0,0,1,0,0,0
171,2026-01-31,2,15,1,1,1,0,1,0,0
171,2026-02-01,1,16,1,0,0,1,0,0,0
171,2026-02-02,0,16,0,0,0,0,0,0,0
171,2026-02-03,0,16,0,0,0,0,0,0,0
171,2026-02-04,2,18,1,1,1,0,1,0,0
171,2026-02-05,0,18,0,0,0,0,0,0,0
171,2026-02-06,1,19,1,0,0,1,0,0,0
171,2026-02-07,1,20,1,0,0,1,0,0,0
171,2026-02-08,2,22,2,0,1,0,0,1,0
171,2026-02-09,0,22,0,0,0,0,0,0,0
171,2026-02-10,2,24,2,0,2,0,0,0,0
172,2026-01-14,0,0,0,0,0,0,0,0,0
172,2026-01-15,0,0,0,0,0,0,0,0,0
172,2026-01-16,0,0,0,0,0,0,0,0,0
172,2026-01-17,0,0,0,0,0,0,0,0,0
172,2026-01-18,0,0,0,0,0,0,0,0,0
172,2026-01-19,0,0,0,0,0,0,0,0,0
172,2026-01-20,0,0,0,0,0,0,0,0,0
172,2026-01-21,0,0,0,0,0,0,0,0,0
172,2026-01-22,0,0,0,0,0,0,0,0,0
172,2026-01-23,0,0,0,0,0,0,0,0,0
172,2026-01-24,0,0,0,0,0,0,0,0,0
172,2026-01-25,2,2,2,0,0,2,0,0,0
172,2026-01-26,0,2,0,0,0,0,0,0,0
172,2026-01-27,3,5,2,1,0,2,1,0,0
172,2026-01-28,2,7,2,0,1,1,0,0,0
172,2026-01-29,2,9,1,1,0,1,0,0,1
172,2026-01-30,0,9,0,0,0,0,0,0,0
172,2026-01-31,0,9,0,0,0,0,0,0,0
172,2026-02-01,1,10,1,0,0,1,0,0,0
172,2026-02-02,0,10,0,0,0,0,0,0,0
172,2026-02-03,3,13,2,1,1,1,1,0,0
172,2026-02-04,0,13,0,0,0,0,0,0,0
172,2026-02-05,1,14,0,1,0,0,1,0,0
172,2026-02-06,3,17,2,1,1,1,1,0,0
172,2026-02-07,0,17,0,0,0,0,0,0,0
172,2026-02-08,2,19,1,1,0,1,1,0,0
172,2026-02-09,2,21,1,1,0,0,1,1,0
172,2026-02-10,1,22,1,0,1,0,0,0,0
173,2026-01-14,0,0,0,0,0,0,0,0,0
173,2026-01-15,0,0,0,0,0,0,0,0,0
173,2026-01-16,0,0,0,0,0,0,0,0,0
173,2026-01-17,0,0,0,0,0,0,0,0,0
173,2026-01-18,0,0,0,0,0,0,0,0,0
173,2026-01-19,0,0,0,0,0,0,0,0,0
173,2026-01-20,0,0,0,0,0,0,0,0,0
173,2026-01-21,0,0,0,0,0,0,0,0,0
173,2026-01-22,0,0,0,0,0,0,0,0,0
173,2026-01-23,0,0,0,0,0,0,0,0,0
173,2026-01-24,0,0,0,0,0,0,0,0,0
173,2026-01-25,6,6,6,0,1,5,0,0,0
173,2026-01-26,5,11,5,0,3,2,0,0,0
173,2026-01-27,3,14,3,0,0,3,0,0,0
173,2026-01-28,3,17,3,0,2,1,0,0,0
173,2026-01-29,5,22,5,0,2,3,0,0,0
173,2026-01-30,4,26,2,2,1,1,2,0,0
173,2026-01-31,10,36,8,2,3,5,2,0,0
173,2026-02-01,5,41,2,3,0,2,1,0,2
173,2026-02-02,6,47,6,0,0,5,0,1,0
173,2026-02-03,6,53,5,1,2,3,0,0,1
173,2026-02-04,2,55,1,1,0,1,1,0,0
173,2026-02-05,3,58,3,0,0,3,0,0,0
173,2026-02-06,3,61,3,0,2,1,0,0,0
173,2026-02-07,3,64,2,1,1,1,1,0,0
173,2026-02-08,3,67,2,1,1,1,0,0,1
173,2026-02-09,3,70,3,0,1,2,0,0,0
173,2026-02-10,2,72,2,0,2,0,0,0,0
174,2026-01-14,0,0,0,0,0,0,0,0,0
174,2026-01-15,0,0,0,0,0,0,0,0,0
174,2026-01-16,0,0,0,0,0,0,0,0,0
174,2026-01-17,0,0,0,0,0,0,0,0,0
174,2026-01-18,0,0,0,0,0,0,0,0,0
174,2026-01-19,0,0,0,0,0,0,0,0,0
174,2026-01-20,0,0,0,0,0,0,0,0,0
174,2026-01-21,0,0,0,0,0,0,0,0,0
174,2026-01-22,0,0,0,0,0,0,0,0,0
174,2026-01-23,0,0,0,0,0,0,0,0,0
174,2026-01-24,0,0,0,0,0,0,0,0,0
174,2026-01-25,3,3,2,1,0,2,0,0,1
174,2026-01-26,3,6,2,1,0,2,0,0,1
174,2026-01-27,3,9,2,1,1,0,1,1,0
174,2026-01-28,2,11,2,0,0,1,0,1,0
174,2026-01-29,5,16,4,1,2,2,0,0,1
174,2026-01-30,3,19,3,0,1,1,0,1,0
174,2026-01-31,1,20,0,1,0,0,1,0,0
174,2026-02-01,1,21,1,0,1,0,0,0,0
174,2026-02-02,2,23,2,0,0,2,0,0,0
174,2026-02-03,2,25,1,1,0,1,1,0,0
174,2026-02-04,2,27,2,0,0,2,0,0,0
174,2026-02-05,3,30,3,0,1,1,0,1,0
174,2026-02-06,1,31,0,1,0,0,1,0,0
174,2026-02-07,3,34,2,1,1,1,0,0,1
174,2026-02-08,1,35,0,1,0,0,1,0,0
174,2026-02-09,0,35,0,0,0,0,0,0,0
174,2026-02-10,0,35,0,0,0,0,0,0,0
175,2026-01-14,0,0,0,0,0,0,0,0,0
175,2026-01-15,0,0,0,0,0,0,0,0,0
175,2026-01-16,0,0,0,0,0,0,0,0,0
175,2026-01-17,0,0,0,0,0,0,0,0,0
175,2026-01-18,0,0,0,0,0,0,0,0,0
175,2026-01-19,0,0,0,0,0,0,0,0,0
175,2026-01-20,0,0,0,0,0,0,0,0,0
175,2026-01-21,0,0,0,0,0,0,0,0,0
175,2026-01-22,0,0,0,0,0,0,0,0,0
175,2026-01-23,0,0,0,0,0,0,0,0,0
175,2026-01-24,0,0,0,0,0,0,0,0,0
175,2026-01-25,4,4,3,1,0,3,1,0,0
175,2026-01-26,2,6,2,0,0,2,0,0,0
175,2026-01-27,4,10,4,0,2,2,0,0,0
175,2026-01-28,1,11,0,1,0,0,0,0,1
175,2026-01-29,6,17,6,0,1,4,0,1,0
175,2026-01-30,7,24,6,1,3,2,1,1,0
175,2026-01-31,3,27,3,0,0,3,0,0,0
175,2026-02-01,1,28,1,0,0,1,0,0,0
175,2026-02-02,1,29,0,1,0,0,1,0,0
175,2026-02-03,1,30,1,0,0,1,0,0,0
175,2026-02-04,5,35,5,0,4,1,0,0,0
175,2026-02-05,3,38,2,1,0,2,1,0,0
175,2026-02-06,2,40,1,1,0,1,1,0,0
175,2026-02-07,3,43,2,1,1,1,0,0,1
175,2026-02-08,1,44,1,0,0,1,0,0,0
175,2026-02-09,2,46,1,1,1,0,1,0,0
175,2026-02-10,2,48,2,0,1,1,0,0,0
176,2026-01-14,0,0,0,0,0,0,0,0,0
176,2026-01-15,0,0,0,0,0,0,0,0,0
176,2026-01-16,0,0,0,0,0,0,0,0,0
176,2026-01-17,0,0,0,0,0,0,0,0,0
176,2026-01-18,0,0,0,0,0,0,0,0,0
176,2026-01-19,0,0,0,0,0,0,0,0,0
176,2026-01-20,0,0,0,0,0,0,0,0,0
176,2026-01-21,0,0,0,0,0,0,0,0,0
176,2026-01-22,0,0,0,0,0,0,0,0,0
176,2026-01-23,0,0,0,0,0,0,0,0,0
176,2026-01-24,0,0,0,0,0,0,0,0,0
176,2026-01-25,4,4,2,2,1,1,2,0,0
176,2026-01-26,2,6,2,0,1,1,0,0,0
176,2026-01-27,4,10,4,0,0,3,0,1,0
176,2026-01-28,3,13,2,1,1,1,1,0,0
176,2026-01-29,4,17,4,0,2,2,0,0,0
176,2026-01-30,5,22,5,0,3,1,0,1,0
176,2026-01-31,5,27,5,0,2,2,0,1,0
176,2026-02-01,2,29,1,1,0,0,1,1,0
176,2026-02-02,4,33,4,0,1,3,0,0,0
176,2026-02-03,5,38,4,1,0,3,0,1,1
176,2026-02-04,7,45,5,2,3,1,2,1,0
176,2026-02-05,5,50,4,1,0,4,1,0,0
176,2026-02-06,1,51,0,1,0,0,1,0,0
176,2026-02-07,5,56,3,2,1,2,1,0,1
176,2026-02-08,1,57,1,0,0,1,0,0,0
176,2026-02-09,1,58,0,1,0,0,1,0,0
176,2026-02-10,2,60,1,1,0,1,1,0,0
177,2026-01-14,0,0,0,0,0,0,0,0,0
177,2026-01-15,0,0,0,0,0,0,0,0,0
177,2026-01-16,0,0,0,0,0,0,0,0,0
177,2026-01-17,0,0,0,0,0,0,0,0,0
177,2026-01-18,0,0,0,0,0,0,0,0,0
177,2026-01-19,0,0,0,0,0,0,0,0,0
177,2026-01-20,0,0,0,0,0,0,0,0,0
177,2026-01-21,0,0,0,0,0,0,0,0,0
177,2026-01-22,0,0,0,0,0,0,0,0,0
177,2026-01-23,0,0,0,0,0,0,0,0,0
177,2026-01-24,0,0,0,0,0,0,0,0,0
177,2026-01-25,2,2,2,0,1,1,0,0,0
177,2026-01-26,6,8,5,1,2,3,1,0,0
177,2026-01-27,2,10,2,0,0,2,0,0,0
177,2026-01-28,4,14,2,2,0,2,2,0,0
177,2026-01-29,6,20,5,1,2,3,0,0,1
177,2026-01-30,3,23,3,0,1,2,0,0,0
177,2026-01-31,1,24,1,0,1,0,0,0,0
177,2026-02-01,2,26,2,0,0,2,0,0,0
177,2026-02-02,3,29,3,0,2,1,0,0,0
177,2026-02-03,3,32,2,1,1,1,1,0,0
177,2026-02-04,4,36,2,2,1,1,1,0,1
177,2026-02-05,4,40,3,1,1,2,1,0,0
177,2026-02-06,3,43,3,0,1,2,0,0,0
177,2026-02-07,4,47,3,1,1,2,1,0,0
177,2026-02-08,3,50,1,2,0,1,2,0,0
177,2026-02-09,5,55,5,0,1,3,0,1,0
177,2026-02-10,2,57,2,0,1,0,0,1,0
178,2026-01-14,0,0,0,0,0,0,0,0,0
178,2026-01-15,0,0,0,0,0,0,0,0,0
178,2026-01-16,0,0,0,0,0,0,0,0,0
178,2026-01-17,0,0,0,0,0,0,0,0,0
178,2026-01-18,0,0,0,0,0,0,0,0,0
178,2026-01-19,0,0,0,0,0,0,0,0,0
178,2026-01-20,0,0,0,0,0,0,0,0,0
178,2026-01-21,0,0,0,0,0,0,0,0,0
178,2026-01-22,0,0,0,0,0,0,0,0,0
178,2026-01-23,0,0,0,0,0,0,0,0,0
178,2026-01-24,0,0,0,0,0,0,0,0,0
178,2026-01-25,3,3,1,2,0,1,1,0,1
178,2026-01-26,3,6,2,1,0,2,1,0,0
178,2026-01-27,2,8,2,0,1,1,0,0,0
178,2026-01-28,4,12,4,0,2,1,0,1,0
178,2026-01-29,4,16,2,2,0,2,2,0,0
178,2026-01-30,1,17,1,0,0,1,0,0,0
178,2026-01-31,1,18,1,0,0,1,0,0,0
178,2026-02-01,2,20,2,0,1,1,0,0,0
178,2026-02-02,0,20,0,0,0,0,0,0,0
178,2026-02-03,0,20,0,0,0,0,0,0,0
178,2026-02-04,1,21,0,1,0,0,0,0,1
178,2026-02-05,1,22,1,0,0,1,0,0,0
178,2026-02-06,0,22,0,0,0,0,0,0,0
178,2026-02-07,4,26,1,3,0,1,1,0,2
178,2026-02-08,0,26,0,0,0,0,0,0,0
178,2026-02-09,1,27,1,0,0,1,0,0,0
178,2026-02-10,1,28,1,0,1,0,0,0,0
179,2026-01-14,0,0,0,0,0,0,0,0,0
179,2026-01-15,0,0,0,0,0,0,0,0,0
179,2026-01-16,0,0,0,0,0,0,0,0,0
179,2026-01-17,0,0,0,0,0,0,0,0,0
179,2026-01-18,0,0,0,0,0,0,0,0,0
179,2026-01-19,0,0,0,0,0,0,0,0,0
179,2026-01-20,0,0,0,0,0,0,0,0,0
179,2026-01-21,0,0,0,0,0,0,0,0,0
179,2026-01-22,0,0,0,0,0,0,0,0,0
179,2026-01-23,0,0,0,0,0,0,0,0,0
179,2026-01-24,0,0,0,0,0,0,0,0,0
179,2026-01-25,3,3,1,2,0,1,2,0,0
179,2026-01-26,4,7,4,0,0,4,0,0,0
179,2026-01-27,5,12,4,1,2,2,0,0,1
179,2026-01-28,1,13,1,0,0,1,0,0,0
179,2026-01-29,0,13,0,0,0,0,0,0,0
179,2026-01-30,1,14,1,0,0,1,0,0,0
179,2026-01-31,2,16,2,0,0,0,0,2,0
179,2026-02-01,1,17,1,0,0,1,0,0,0
179,2026-02-02,2,19,2,0,0,2,0,0,0
179,2026-02-03,3,22,3,0,2,1,0,0,0
179,2026-02-04,4,26,2,2,0,1,1,1,1
179,2026-02-05,2,28,2,0,1,0,0,1,0
179,2026-02-06,4,32,3,1,0,3,1,0,0
179,2026-02-07,0,32,0,0,0,0,0,0,0
179,2026-02-08,0,32,0,0,0,0,0,0,0
179,2026-02-09,1,33,1,0,0,1,0,0,0
179,2026-02-10,1,34,1,0,0,1,0,0,0
180,2026-01-14,0,0,0,0,0,0,0,0,0
180,2026-01-15,0,0,0,0,0,0,0,0,0
180,2026-01-16,0,0,0,0,0,0,0,0,0
180,2026-01-17,0,0,0,0,0,0,0,0,0
180,2026-01-18,0,0,0,0,0,0,0,0,0
180,2026-01-19,0,0,0,0,0,0,0,0,0
180,2026-01-20,0,0,0,0,0,0,0,0,0
180,2026-01-21,0,0,0,0,0,0,0,0,0
180,2026-01-22,0,0,0,0,0,0,0,0,0
180,2026-01-23,0,0,0,0,0,0,0,0,0
180,2026-01-24,0,0,0,0,0,0,0,0,0
180,2026-01-25,3,3,3,0,2,1,0,0,0
180,2026-01-26,3,6,0,3,0,0,1,0,2
180,2026-01-27,3,9,3,0,0,2,0,1,0
180,2026-01-28,4,13,2,2,0,2,1,0,1
180,2026-01-29,2,15,2,0,0,2,0,0,0
180,2026-01-30,3,18,2,1,0,2,1,0,0
180,2026-01-31,4,22,3,1,0,3,0,0,1
180,2026-02-01,3,25,3,0,0,3,0,0,0
180,2026-02-02,0,25,0,0,0,0,0,0,0
180,2026-02-03,0,25,0,0,0,0,0,0,0
180,2026-02-04,4,29,3,1,3,0,1,0,0
180,2026-02-05,0,29,0,0,0,0,0,0,0
180,2026-02-06,4,33,3,1,0,3,1,0,0
180,2026-02-07,2,35,2,0,0,1,0,1,0
180,2026-02-08,0,35,0,0,0,0,0,0,0
180,2026-02-09,4,39,3,1,1,2,1,0,0
180,2026-02-10,0,39,0,0,0,0,0,0,0
181,2026-01-14,0,0,0,0,0,0,0,0,0
181,2026-01-15,0,0,0,0,0,0,0,0,0
181,2026-01-16,0,0,0,0,0,0,0,0,0
181,2026-01-17,0,0,0,0,0,0,0,0,0
181,2026-01-18,0,0,0,0,0,0,0,0,0
181,2026-01-19,0,0,0,0,0,0,0,0,0
181,2026-01-20,0,0,0,0,0,0,0,0,0
181,2026-01-21,0,0,0,0,0,0,0,0,0
181,2026-01-22,0,0,0,0,0,0,0,0,0
181,2026-01-23,0,0,0,0,0,0,0,0,0
181,2026-01-24,0,0,0,0,0,0,0,0,0
181,2026-01-25,1,1,1,0,1,0,0,0,0
181,2026-01-26,5,6,3,2,1,1,2,1,0
181,2026-01-27,2,8,2,0,0,2,0,0,0
181,2026-01-28,3,11,2,1,0,2,1,0,0
181,2026-01-29,4,15,3,1,0,3,1,0,0
181,2026-01-30,2,17,2,0,1,1,0,0,0
181,2026-01-31,2,19,2,0,0,2,0,0,0
181,2026-02-01,2,21,2,0,2,0,0,0,0
181,2026-02-02,2,23,2,0,1,1,0,0,0
181,2026-02-03,0,23,0,0,0,0,0,0,0
181,2026-02-04,0,23,0,0,0,0,0,0,0
181,2026-02-05,3,26,2,1,0,1,0,1,1
181,2026-02-06,1,27,1,0,0,1,0,0,0
181,2026-02-07,0,27,0,0,0,0,0,0,0
181,2026-02-08,4,31,4,0,1,3,0,0,0
181,2026-02-09,0,31,0,0,0,0,0,0,0
181,2026-02-10,0,31,0,0,0,0,0,0,0
182,2026-01-14,0,0,0,0,0,0,0,0,0
182,2026-01-15,0,0,0,0,0,0,0,0,0
182,2026-01-16,0,0,0,0,0,0,0,0,0
182,2026-01-17,0,0,0,0,0,0,0,0,0
182,2026-01-18,0,0,0,0,0,0,0,0,0
182,2026-01-19,0,0,0,0,0,0,0,0,0
182,2026-01-20,0,0,0,0,0,0,0,0,0
182,2026-01-21,0,0,0,0,0,0,0,0,0
182,2026-01-22,0,0,0,0,0,0,0,0,0
182,2026-01-23,0,0,0,0,0,0,0,0,0
182,2026-01-24,0,0,0,0,0,0,0,0,0
182,2026-01-25,2,2,2,0,1,1,0,0,0
182,2026-01-26,4,6,4,0,1,2,0,1,0
182,2026-01-27,5,11,4,1,1,3,1,0,0
182,2026-01-28,2,13,2,0,0,2,0,0,0
182,2026-01-29,3,16,3,0,1,2,0,0,0
182,2026-01-30,4,20,3,1,1,1,1,1,0
182,2026-01-31,2,22,1,1,0,1,1,0,0
182,2026-02-01,2,24,2,0,0,1,0,1,0
182,2026-02-02,2,26,2,0,1,0,0,1,0
182,2026-02-03,1,27,1,0,0,1,0,0,0
182,2026-02-04,1,28,0,1,0,0,1,0,0
182,2026-02-05,3,31,3,0,0,3,0,0,0
182,2026-02-06,1,32,1,0,0,1,0,0,0
182,2026-02-07,3,35,3,0,0,2,0,1,0
182,2026-02-08,0,35,0,0,0,0,0,0,0
182,2026-02-09,0,35,0,0,0,0,0,0,0
182,2026-02-10,4,39,4,0,2,2,0,0,0
183,2026-01-14,0,0,0,0,0,0,0,0,0
183,2026-01-15,0,0,0,0,0,0,0,0,0
183,2026-01-16,0,0,0,0,0,0,0,0,0
183,2026-01-17,0,0,0,0,0,0,0,0,0
183,2026-01-18,0,0,0,0,0,0,0,0,0
183,2026-01-19,0,0,0,0,0,0,0,0,0
183,2026-01-20,0,0,0,0,0,0,0,0,0
183,2026-01-21,0,0,0,0,0,0,0,0,0
183,2026-01-22,0,0,0,0,0,0,0,0,0
183,2026-01-23,0,0,0,0,0,0,0,0,0
183,2026-01-24,0,0,0,0,0,0,0,0,0
183,2026-01-25,3,3,3,0,1,2,0,0,0
183,2026-01-26,1,4,0,1,0,0,1,0,0
183,2026-01-27,4,8,4,0,0,4,0,0,0
183,2026-01-28,5,13,4,1,1,2,0,1,1
183,2026-01-29,1,14,1,0,0,0,0,1,0
183,2026-01-30,3,17,2,1,0,2,1,0,0
183,2026-01-31,6,23,4,2,1,3,2,0,0
183,2026-02-01,3,26,1,2,0,1,1,0,1
183,2026-02-02,3,29,2,1,0,2,1,0,0
183,2026-02-03,1,30,0,1,0,0,0,0,1
183,2026-02-04,3,33,1,2,0,0,2,1,0
183,2026-02-05,3,36,3,0,0,1,0,2,0
183,2026-02-06,4,40,2,2,1,1,1,0,1
183,2026-02-07,6,46,4,2,2,2,1,0,1
183,2026-02-08,4,50,4,0,0,1,0,3,0
183,2026-02-09,2,52,1,1,0,1,0,0,1
183,2026-02-10,5,57,3,2,0,3,2,0,0
184,2026-01-14,0,0,0,0,0,0,0,0,0
184,2026-01-15,0,0,0,0,0,0,0,0,0
184,2026-01-16,0,0,0,0,0,0,0,0,0
184,2026-01-17,0,0,0,0,0,0,0,0,0
184,2026-01-18,0,0,0,0,0,0,0,0,0
184,2026-01-19,0,0,0,0,0,0,0,0,0
184,2026-01-20,0,0,0,0,0,0,0,0,0
184,2026-01-21,0,0,0,0,0,0,0,0,0
184,2026-01-22,0,0,0,0,0,0,0,0,0
184,2026-01-23,0,0,0,0,0,0,0,0,0
184,2026-01-24,0,0,0,0,0,0,0,0,0
184,2026-01-25,2,2,1,1,1,0,1,0,0
184,2026-01-26,7,9,3,4,0,3,3,0,1
184,2026-01-27,5,14,5,0,2,3,0,0,0
184,2026-01-28,2,16,1,1,0,1,1,0,0
184,2026-01-29,2,18,2,0,0,1,0,1,0
184,2026-01-30,5,23,5,0,0,5,0,0,0
184,2026-01-31,2,25,1,1,1,0,1,0,0
184,2026-02-01,4,29,2,2,0,1,2,1,0
184,2026-02-02,3,32,3,0,2,1,0,0,0
184,2026-02-03,6,38,6,0,3,3,0,0,0
184,2026-02-04,2,40,2,0,0,2,0,0,0
184,2026-02-05,1,41,1,0,0,1,0,0,0
184,2026-02-06,2,43,1,1,0,1,1,0,0
184,2026-02-07,0,43,0,0,0,0,0,0,0
184,2026-02-08,1,44,1,0,1,0,0,0,0
184,2026-02-09,4,48,3,1,1,1,1,1,0
184,2026-02-10,3,51,0,3,0,0,3,0,0
185,2026-01-14,0,0,0,0,0,0,0,0,0
185,2026-01-15,0,0,0,0,0,0,0,0,0
185,2026-01-16,0,0,0,0,0,0,0,0,0
185,2026-01-17,0,0,0,0,0,0,0,0,0
185,2026-01-18,0,0,0,0,0,0,0,0,0
185,2026-01-19,0,0,0,0,0,0,0,0,0
185,2026-01-20,0,0,0,0,0,0,0,0,0
185,2026-01-21,0,0,0,0,0,0,0,0,0
185,2026-01-22,0,0,0,0,0,0,0,0,0
185,2026-01-23,0,0,0,0,0,0,0,0,0
185,2026-01-24,0,0,0,0,0,0,0,0,0
185,2026-01-25,3,3,3,0,1,1,0,1,0
185,2026-01-26,4,7,3,1,2,1,1,0,0
185,2026-01-27,3,10,2,1,1,1,0,0,1
185,2026-01-28,1,11,1,0,0,0,0,1,0
185,2026-01-29,5,16,5,0,2,3,0,0,0
185,2026-01-30,1,17,1,0,1,0,0,0,0
185,2026-01-31,4,21,4,0,0,4,0,0,0
185,2026-02-01,3,24,2,1,0,1,0,1,1
185,2026-02-02,3,27,3,0,0,3,0,0,0
185,2026-02-03,4,31,4,0,1,2,0,1,0
185,2026-02-04,5,36,4,1,2,2,1,0,0
185,2026-02-05,4,40,4,0,2,1,0,1,0
185,2026-02-06,6,46,4,2,1,3,0,0,2
185,2026-02-07,2,48,2,0,0,2,0,0,0
185,2026-02-08,6,54,6,0,3,2,0,1,0
185,2026-02-09,3,57,2,1,1,1,1,0,0
185,2026-02-10,5,62,5,0,0,5,0,0,0
186,2026-01-14,0,0,0,0,0,0,0,0,0
186,2026-01-15,0,0,0,0,0,0,0,0,0
186,2026-01-16,0,0,0,0,0,0,0,0,0
186,2026-01-17,0,0,0,0,0,0,0,0,0
186,2026-01-18,0,0,0,0,0,0,0,0,0
186,2026-01-19,0,0,0,0,0,0,0,0,0
186,2026-01-20,0,0,0,0,0,0,0,0,0
186,2026-01-21,0,0,0,0,0,0,0,0,0
186,2026-01-22,0,0,0,0,0,0,0,0,0
186,2026-01-23,0,0,0,0,0,0,0,0,0
186,2026-01-24,0,0,0,0,0,0,0,0,0
186,2026-01-25,1,1,1,0,0,0,0,1,0
186,2026-01-26,4,5,3,1,1,1,1,1,0
186,2026-01-27,3,8,3,0,2,1,0,0,0
186,2026-01-28,3,11,3,0,0,3,0,0,0
186,2026-01-29,3,14,2,1,0,2,1,0,0
186,2026-01-30,4,18,3,1,1,2,1,0,0
186,2026-01-31,2,20,2,0,0,2,0,0,0
186,2026-02-01,4,24,4,0,1,3,0,0,0
186,2026-02-02,8,32,5,3,1,4,3,0,0
186,2026-02-03,4,36,3,1,1,1,1,1,0
186,2026-02-04,6,42,4,2,0,3,2,1,0
186,2026-02-05,6,48,5,1,0,4,1,1,0
186,2026-02-06,2,50,0,2,0,0,2,0,0
186,2026-02-07,1,51,1,0,1,0,0,0,0
186,2026-02-08,7,58,6,1,0,6,1,0,0
186,2026-02-09,5,63,3,2,1,2,2,0,0
186,2026-02-10,1,64,1,0,0,0,0,1,0
187,2026-01-14,0,0,0,0,0,0,0,0,0
187,2026-01-15,0,0,0,0,0,0,0,0,0
187,2026-01-16,0,0,0,0,0,0,0,0,0
187,2026-01-17,0,0,0,0,0,0,0,0,0
187,2026-01-18,0,0,0,0,0,0,0,0,0
187,2026-01-19,0,0,0,0,0,0,0,0,0
187,2026-01-20,0,0,0,0,0,0,0,0,0
187,2026-01-21,0,0,0,0,0,0,0,0,0
187,2026-01-22,0,0,0,0,0,0,0,0,0
187,2026-01-23,0,0,0,0,0,0,0,0,0
187,2026-01-24,0,0,0,0,0,0,0,0,0
187,2026-01-25,6,6,6,0,2,3,0,1,0
187,2026-01-26,3,9,1,2,0,0,2,1,0
187,2026-01-27,6,15,6,0,2,4,0,0,0
187,2026-01-28,2,17,1,1,1,0,0,0,1
187,2026-01-29,4,21,3,1,2,1,1,0,0
187,2026-01-30,7,28,7,0,2,4,0,1,0
187,2026-01-31,8,36,7,1,3,3,1,1,0
187,2026-02-01,7,43,5,2,0,5,1,0,1
187,2026-02-02,4,47,3,1,1,2,1,0,0
187,2026-02-03,1,48,0,1,0,0,1,0,0
187,2026-02-04,3,51,3,0,1,1,0,1,0
187,2026-02-05,0,51,0,0,0,0,0,0,0
187,2026-02-06,5,56,4,1,1,3,1,0,0
187,2026-02-07,2,58,2,0,0,2,0,0,0
187,2026-02-08,2,60,2,0,1,1,0,0,0
187,2026-02-09,3,63,3,0,0,3,0,0,0
187,2026-02-10,2,65,2,0,1,0,0,1,0
188,2026-01-14,0,0,0,0,0,0,0,0,0
188,2026-01-15,0,0,0,0,0,0,0,0,0
188,2026-01-16,0,0,0,0,0,0,0,0,0
188,2026-01-17,0,0,0,0,0,0,0,0,0
188,2026-01-18,0,0,0,0,0,0,0,0,0
188,2026-01-19,0,0,0,0,0,0,0,0,0
188,2026-01-20,0,0,0,0,0,0,0,0,0
188,2026-01-21,0,0,0,0,0,0,0,0,0
188,2026-01-22,0,0,0,0,0,0,0,0,0
188,2026-01-23,0,0,0,0,0,0,0,0,0
188,2026-01-24,0,0,0,0,0,0,0,0,0
188,2026-01-25,4,4,4,0,2,2,0,0,0
188,2026-01-26,4,8,1,3,0,0,2,1,1
188,2026-01-27,4,12,3,1,2,1,1,0,0
188,2026-01-28,3,15,3,0,1,1,0,1,0
188,2026-01-29,3,18,2,1,1,0,1,1,0
188,2026-01-30,2,20,2,0,0,2,0,0,0
188,2026-01-31,4,24,1,3,0,1,2,0,1
188,2026-02-01,5,29,5,0,2,1,0,2,0
188,2026-02-02,1,30,1,0,0,1,0,0,0
188,2026-02-03,2,32,1,1,0,1,0,0,1
188,2026-02-04,3,35,3,0,1,2,0,0,0
188,2026-02-05,3,38,3,0,0,3,0,0,0
188,2026-02-06,2,40,1,1,0,1,1,0,0
188,2026-02-07,1,41,1,0,1,0,0,0,0
188,2026-02-08,2,43,1,1,0,1,1,0,0
188,2026-02-09,0,43,0,0,0,0,0,0,0
188,2026-02-10,1,44,1,0,0,1,0,0,0
189,2026-01-14,0,0,0,0,0,0,0,0,0
189,2026-01-15,0,0,0,0,0,0,0,0,0
189,2026-01-16,0,0,0,0,0,0,0,0,0
189,2026-01-17,0,0,0,0,0,0,0,0,0
189,2026-01-18,0,0,0,0,0,0,0,0,0
189,2026-01-19,0,0,0,0,0,0,0,0,0
189,2026-01-20,0,0,0,0,0,0,0,0,0
189,2026-01-21,0,0,0,0,0,0,0,0,0
189,2026-01-22,0,0,0,0,0,0,0,0,0
189,2026-01-23,0,0,0,0,0,0,0,0,0
189,2026-01-24,0,0,0,0,0,0,0,0,0
189,2026-01-25,3,3,3,0,0,2,0,1,0
189,2026-01-26,1,4,1,0,0,1,0,0,0
189,2026-01-27,5,9,5,0,1,4,0,0,0
189,2026-01-28,3,12,3,0,0,3,0,0,0
189,2026-01-29,1,13,1,0,0,1,0,0,0
189,2026-01-30,2,15,2,0,1,1,0,0,0
189,2026-01-31,1,16,0,1,0,0,1,0,0
189,2026-02-01,3,19,3,0,0,2,0,1,0
189,2026-02-02,0,19,0,0,0,0,0,0,0
189,2026-02-03,2,21,1,1,1,0,0,0,1
189,2026-02-04,5,26,4,1,1,3,1,0,0
189,2026-02-05,2,28,2,0,0,1,0,1,0
189,2026-02-06,1,29,1,0,0,1,0,0,0
189,2026-02-07,2,31,2,0,1,1,0,0,0
189,2026-02-08,2,33,2,0,1,1,0,0,0
189,2026-02-09,5,38,5,0,2,3,0,0,0
189,2026-02-10,2,40,1,1,0,0,1,1,0
190,2026-01-14,0,0,0,0,0,0,0,0,0
190,2026-01-15,0,0,0,0,0,0,0,0,0
190,2026-01-16,0,0,0,0,0,0,0,0,0
190,2026-01-17,0,0,0,0,0,0,0,0,0
190,2026-01-18,0,0,0,0,0,0,0,0,0
190,2026-01-19,0,0,0,0,0,0,0,0,0
190,2026-01-20,0,0,0,0,0,0,0,0,0
190,2026-01-21,0,0,0,0,0,0,0,0,0
190,2026-01-22,0,0,0,0,0,0,0,0,0
190,2026-01-23,0,0,0,0,0,0,0,0,0
190,2026-01-24,0,0,0,0,0,0,0,0,0
190,2026-01-25,3,3,2,1,1,1,1,0,0
190,2026-01-26,1,4,1,0,0,1,0,0,0
190,2026-01-27,3,7,3,0,1,2,0,0,0
190,2026-01-28,1,8,1,0,0,1,0,0,0
190,2026-01-29,2,10,1,1,0,1,1,0,0
190,2026-01-30,2,12,2,0,0,2,0,0,0
190,2026-01-31,0,12,0,0,0,0,0,0,0
190,2026-02-01,1,13,1,0,0,1,0,0,0
190,2026-02-02,2,15,2,0,2,0,0,0,0
190,2026-02-03,1,16,1,0,0,1,0,0,0
190,2026-02-04,3,19,3,0,0,3,0,0,0
190,2026-02-05,1,20,1,0,0,1,0,0,0
190,2026-02-06,1,21,0,1,0,0,1,0,0
190,2026-02-07,3,24,3,0,2,1,0,0,0
190,2026-02-08,3,27,3,0,1,2,0,0,0
190,2026-02-09,4,31,4,0,0,4,0,0,0
190,2026-02-10,1,32,1,0,0,1,0,0,0
191,2026-01-14,0,0,0,0,0,0,0,0,0
191,2026-01-15,0,0,0,0,0,0,0,0,0
191,2026-01-16,0,0,0,0,0,0,0,0,0
191,2026-01-17,0,0,0,0,0,0,0,0,0
191,2026-01-18,0,0,0,0,0,0,0,0,0
191,2026-01-19,0,0,0,0,0,0,0,0,0
191,2026-01-20,0,0,0,0,0,0,0,0,0
191,2026-01-21,0,0,0,0,0,0,0,0,0
191,2026-01-22,0,0,0,0,0,0,0,0,0
191,2026-01-23,0,0,0,0,0,0,0,0,0
191,2026-01-24,0,0,0,0,0,0,0,0,0
191,2026-01-25,2,2,1,1,1,0,1,0,0
191,2026-01-26,0,2,0,0,0,0,0,0,0
191,2026-01-27,5,7,5,0,2,3,0,0,0
191,2026-01-28,1,8,1,0,0,0,0,1,0
191,2026-01-29,1,9,1,0,0,0,0,1,0
191,2026-01-30,4,13,3,1,0,3,1,0,0
191,2026-01-31,2,15,1,1,0,1,1,0,0
191,2026-02-01,0,15,0,0,0,0,0,0,0
191,2026-02-02,0,15,0,0,0,0,0,0,0
191,2026-02-03,3,18,3,0,1,2,0,0,0
191,2026-02-04,2,20,2,0,1,0,0,1,0
191,2026-02-05,3,23,1,2,0,0,2,1,0
191,2026-02-06,2,25,2,0,1,1,0,0,0
191,2026-02-07,3,28,3,0,0,2,0,1,0
191,2026-02-08,4,32,3,1,1,2,1,0,0
191,2026-02-09,1,33,1,0,0,1,0,0,0
191,2026-02-10,1,34,1,0,0,1,0,0,0
192,2026-01-14,0,0,0,0,0,0,0,0,0
192,2026-01-15,0,0,0,0,0,0,0,0,0
192,2026-01-16,0,0,0,0,0,0,0,0,0
192,2026-01-17,0,0,0,0,0,0,0,0,0
192,2026-01-18,0,0,0,0,0,0,0,0,0
192,2026-01-19,0,0,0,0,0,0,0,0,0
192,2026-01-20,0,0,0,0,0,0,0,0,0
192,2026-01-21,0,0,0,0,0,0,0,0,0
192,2026-01-22,0,0,0,0,0,0,0,0,0
192,2026-01-23,0,0,0,0,0,0,0,0,0
192,2026-01-24,0,0,0,0,0,0,0,0,0
192,2026-01-25,4,4,3,1,0,3,1,0,0
192,2026-01-26,3,7,2,1,1,1,1,0,0
192,2026-01-27,3,10,2,1,1,0,1,1,0
192,2026-01-28,2,12,2,0,2,0,0,0,0
192,2026-01-29,2,14,1,1,1,0,0,0,1
192,2026-01-30,2,16,2,0,0,1,0,1,0
192,2026-01-31,4,20,2,2,0,1,1,1,1
192,2026-02-01,3,23,1,2,0,1,1,0,1
192,2026-02-02,1,24,0,1,0,0,1,0,0
192,2026-02-03,1,25,1,0,1,0,0,0,0
192,2026-02-04,0,25,0,0,0,0,0,0,0
192,2026-02-05,2,27,2,0,1,0,0,1,0
192,2026-02-06,1,28,1,0,0,1,0,0,0
192,2026-02-07,2,30,2,0,1,1,0,0,0
192,2026-02-08,0,30,0,0,0,0,0,0,0
192,2026-02-09,1,31,1,0,0,1,0,0,0
192,2026-02-10,2,33,2,0,0,1,0,1,0
193,2026-01-14,0,0,0,0,0,0,0,0,0
193,2026-01-15,0,0,0,0,0,0,0,0,0
193,2026-01-16,0,0,0,0,0,0,0,0,0
193,2026-01-17,0,0,0,0,0,0,0,0,0
193,2026-01-18,0,0,0,0,0,0,0,0,0
193,2026-01-19,0,0,0,0,0,0,0,0,0
193,2026-01-20,0,0,0,0,0,0,0,0,0
193,2026-01-21,0,0,0,0,0,0,0,0,0
193,2026-01-22,0,0,0,0,0,0,0,0,0
193,2026-01-23,0,0,0,0,0,0,0,0,0
193,2026-01-24,0,0,0,0,0,0,0,0,0
193,2026-01-25,3,3,3,0,2,1,0,0,0
193,2026-01-26,6,9,5,1,3,2,1,0,0
193,2026-01-27,3,12,3,0,1,1,0,1,0
193,2026-01-28,4,16,2,2,1,1,2,0,0
193,2026-01-29,5,21,4,1,2,1,1,1,0
193,2026-01-30,5,26,3,2,0,3,1,0,1
193,2026-01-31,1,27,1,0,0,1,0,0,0
193,2026-02-01,3,30,3,0,1,2,0,0,0
193,2026-02-02,3,33,2,1,0,2,1,0,0
193,2026-02-03,1,34,1,0,0,1,0,0,0
193,2026-02-04,4,38,3,1,1,1,1,1,0
193,2026-02-05,4,42,3,1,0,3,0,0,1
193,2026-02-06,4,46,3,1,2,1,0,0,1
193,2026-02-07,1,47,0,1,0,0,1,0,0
193,2026-02-08,2,49,2,0,0,2,0,0,0
193,2026-02-09,3,52,3,0,1,2,0,0,0
193,2026-02-10,2,54,0,2,0,0,2,0,0
194,2026-01-14,0,0,0,0,0,0,0,0,0
194,2026-01-15,0,0,0,0,0,0,0,0,0
194,2026-01-16,0,0,0,0,0,0,0,0,0
194,2026-01-17,0,0,0,0,0,0,0,0,0
194,2026-01-18,0,0,0,0,0,0,0,0,0
194,2026-01-19,0,0,0,0,0,0,0,0,0
194,2026-01-20,0,0,0,0,0,0,0,0,0
194,2026-01-21,0,0,0,0,0,0,0,0,0
194,2026-01-22,0,0,0,0,0,0,0,0,0
194,2026-01-23,0,0,0,0,0,0,0,0,0
194,2026-01-24,0,0,0,0,0,0,0,0,0
194,2026-01-25,3,3,3,0,0,1,0,2,0
194,2026-01-26,7,10,5,2,3,1,2,1,0
194,2026-01-27,3,13,3,0,0,3,0,0,0
194,2026-01-28,2,15,2,0,0,2,0,0,0
194,2026-01-29,3,18,3,0,1,1,0,1,0
194,2026-01-30,3,21,2,1,1,1,1,0,0
194,2026-01-31,6,27,3,3,1,2,2,0,1
194,2026-02-01,4,31,3,1,3,0,1,0,0
194,2026-02-02,2,33,2,0,0,2,0,0,0
194,2026-02-03,2,35,1,1,1,0,1,0,0
194,2026-02-04,6,41,3,3,0,3,3,0,0
194,2026-02-05,4,45,3,1,2,1,1,0,0
194,2026-02-06,3,48,3,0,1,2,0,0,0
194,2026-02-07,5,53,5,0,2,2,0,1,0
194,2026-02-08,4,57,2,2,0,2,2,0,0
194,2026-02-09,1,58,1,0,1,0,0,0,0
194,2026-02-10,4,62,4,0,1,2,0,1,0
195,2026-01-14,0,0,0,0,0,0,0,0,0
195,2026-01-15,0,0,0,0,0,0,0,0,0
195,2026-01-16,0,0,0,0,0,0,0,0,0
195,2026-01-17,0,0,0,0,0,0,0,0,0
195,2026-01-18,0,0,0,0,0,0,0,0,0
195,2026-01-19,0,0,0,0,0,0,0,0,0
195,2026-01-20,0,0,0,0,0,0,0,0,0
195,2026-01-21,0,0,0,0,0,0,0,0,0
195,2026-01-22,0,0,0,0,0,0,0,0,0
195,2026-01-23,0,0,0,0,0,0,0,0,0
195,2026-01-24,0,0,0,0,0,0,0,0,0
195,2026-01-25,3,3,2,1,0,2,0,0,1
195,2026-01-26,4,7,2,2,0,2,1,0,1
195,2026-01-27,3,10,3,0,1,2,0,0,0
195,2026-01-28,2,12,2,0,2,0,0,0,0
195,2026-01-29,1,13,1,0,0,1,0,0,0
195,2026-01-30,1,14,1,0,0,0,0,1,0
195,2026-01-31,5,19,4,1,3,1,1,0,0
195,2026-02-01,4,23,3,1,1,2,1,0,0
195,2026-02-02,1,24,1,0,0,1,0,0,0
195,2026-02-03,2,26,2,0,0,2,0,0,0
195,2026-02-04,2,28,2,0,2,0,0,0,0
195,2026-02-05,0,28,0,0,0,0,0,0,0
195,2026-02-06,4,32,3,1,1,2,0,0,1
195,2026-02-07,1,33,0,1,0,0,1,0,0
195,2026-02-08,0,33,0,0,0,0,0,0,0
195,2026-02-09,3,36,3,0,1,2,0,0,0
195,2026-02-10,1,37,0,1,0,0,1,0,0
196,2026-01-14,0,0,0,0,0,0,0,0,0
196,2026-01-15,0,0,0,0,0,0,0,0,0
196,2026-01-16,0,0,0,0,0,0,0,0,0
196,2026-01-17,0,0,0,0,0,0,0,0,0
196,2026-01-18,0,0,0,0,0,0,0,0,0
196,2026-01-19,0,0,0,0,0,0,0,0,0
196,2026-01-20,0,0,0,0,0,0,0,0,0
196,2026-01-21,0,0,0,0,0,0,0,0,0
196,2026-01-22,0,0,0,0,0,0,0,0,0
196,2026-01-23,0,0,0,0,0,0,0,0,0
196,2026-01-24,0,0,0,0,0,0,0,0,0
196,2026-01-25,1,1,1,0,0,1,0,0,0
196,2026-01-26,3,4,2,1,1,0,1,1,0
196,2026-01-27,3,7,3,0,0,2,0,1,0
196,2026-01-28,1,8,1,0,0,1,0,0,0
196,2026-01-29,3,11,3,0,2,1,0,0,0
196,2026-01-30,3,14,2,1,1,1,0,0,1
196,2026-01-31,2,16,0,2,0,0,2,0,0
196,2026-02-01,1,17,1,0,1,0,0,0,0
196,2026-02-02,3,20,2,1,0,1,1,1,0
196,2026-02-03,3,23,2,1,1,1,0,0,1
196,2026-02-04,0,23,0,0,0,0,0,0,0
196,2026-02-05,1,24,1,0,1,0,0,0,0
196,2026-02-06,2,26,1,1,0,1,0,0,1
196,2026-02-07,0,26,0,0,0,0,0,0,0
196,2026-02-08,2,28,1,1,0,1,0,0,1
196,2026-02-09,2,30,2,0,0,2,0,0,0
196,2026-02-10,1,31,1,0,0,0,0,1,0
197,2026-01-14,0,0,0,0,0,0,0,0,0
197,2026-01-15,0,0,0,0,0,0,0,0,0
197,2026-01-16,0,0,0,0,0,0,0,0,0
197,2026-01-17,0,0,0,0,0,0,0,0,0
197,2026-01-18,0,0,0,0,0,0,0,0,0
197,2026-01-19,0,0,0,0,0,0,0,0,0
197,2026-01-20,0,0,0,0,0,0,0,0,0
197,2026-01-21,0,0,0,0,0,0,0,0,0
197,2026-01-22,0,0,0,0,0,0,0,0,0
197,2026-01-23,0,0,0,0,0,0,0,0,0
197,2026-01-24,0,0,0,0,0,0,0,0,0
197,2026-01-25,2,2,2,0,1,1,0,0,0
197,2026-01-26,4,6,4,0,1,3,0,0,0
197,2026-01-27,0,6,0,0,0,0,0,0,0
197,2026-01-28,2,8,2,0,1,1,0,0,0
197,2026-01-29,5,13,5,0,2,3,0,0,0
197,2026-01-30,4,17,4,0,1,3,0,0,0
197,2026-01-31,1,18,1,0,1,0,0,0,0
197,2026-02-01,2,20,2,0,1,1,0,0,0
197,2026-02-02,3,23,3,0,1,2,0,0,0
197,2026-02-03,2,25,2,0,0,2,0,0,0
197,2026-02-04,4,29,3,1,0,3,1,0,0
197,2026-02-05,2,31,2,0,0,2,0,0,0
197,2026-02-06,3,34,3,0,0,3,0,0,0
197,2026-02-07,3,37,3,0,1,2,0,0,0
197,2026-02-08,3,40,3,0,2,1,0,0,0
197,2026-02-09,2,42,1,1,1,0,1,0,0
197,2026-02-10,1,43,0,1,0,0,1,0,0
198,2026-01-14,0,0,0,0,0,0,0,0,0
198,2026-01-15,0,0,0,0,0,0,0,0,0
198,2026-01-16,0,0,0,0,0,0,0,0,0
198,2026-01-17,0,0,0,0,0,0,0,0,0
198,2026-01-18,0,0,0,0,0,0,0,0,0
198,2026-01-19,0,0,0,0,0,0,0,0,0
198,2026-01-20,0,0,0,0,0,0,0,0,0
198,2026-01-21,0,0,0,0,0,0,0,0,0
198,2026-01-22,0,0,0,0,0,0,0,0,0
198,2026-01-23,0,0,0,0,0,0,0,0,0
198,2026-01-24,0,0,0,0,0,0,0,0,0
198,2026-01-25,3,3,3,0,1,2,0,0,0
198,2026-01-26,7,10,5,2,3,2,2,0,0
198,2026-01-27,4,14,4,0,2,2,0,0,0
198,2026-01-28,3,17,2,1,1,1,1,0,0
198,2026-01-29,6,23,6,0,0,6,0,0,0
198,2026-01-30,7,30,6,1,2,3,0,1,1
198,2026-01-31,5,35,5,0,2,3,0,0,0
198,2026-02-01,6,41,6,0,4,1,0,1,0
198,2026-02-02,7,48,4,3,0,3,2,1,1
198,2026-02-03,0,48,0,0,0,0,0,0,0
198,2026-02-04,3,51,3,0,0,3,0,0,0
198,2026-02-05,1,52,1,0,1,0,0,0,0
198,2026-02-06,2,54,2,0,0,2,0,0,0
198,2026-02-07,3,57,3,0,1,2,0,0,0
198,2026-02-08,3,60,3,0,0,3,0,0,0
198,2026-02-09,0,60,0,0,0,0,0,0,0
198,2026-02-10,2,62,2,0,0,2,0,0,0
199,2026-01-14,0,0,0,0,0,0,0,0,0
199,2026-01-15,0,0,0,0,0,0,0,0,0
199,2026-01-16,0,0,0,0,0,0,0,0,0
199,2026-01-17,0,0,0,0,0,0,0,0,0
199,2026-01-18,0,0,0,0,0,0,0,0,0
199,2026-01-19,0,0,0,0,0,0,0,0,0
199,2026-01-20,0,0,0,0,0,0,0,0,0
199,2026-01-21,0,0,0,0,0,0,0,0,0
199,2026-01-22,0,0,0,0,0,0,0,0,0
199,2026-01-23,0,0,0,0,0,0,0,0,0
199,2026-01-24,0,0,0,0,0,0,0,0,0
199,2026-01-25,0,0,0,0,0,0,0,0,0
199,2026-01-26,2,2,2,0,0,2,0,0,0
199,2026-01-27,3,5,2,1,1,1,0,0,1
199,2026-01-28,4,9,4,0,0,3,0,1,0
199,2026-01-29,1,10,1,0,0,1,0,0,0
199,2026-01-30,1,11,1,0,0,1,0,0,0
199,2026-01-31,3,14,3,0,0,3,0,0,0
199,2026-02-01,3,17,3,0,0,2,0,1,0
199,2026-02-02,1,18,1,0,0,1,0,0,0
199,2026-02-03,3,21,2,1,0,2,1,0,0
199,2026-02-04,2,23,2,0,0,2,0,0,0
199,2026-02-05,2,25,2,0,0,1,0,1,0
199,2026-02-06,1,26,1,0,0,0,0,1,0
199,2026-02-07,3,29,3,0,2,1,0,0,0
199,2026-02-08,3,32,2,1,1,1,0,0,1
199,2026-02-09,4,36,2,2,0,1,2,1,0
199,2026-02-10,3,39,3,0,0,3,0,0,0
200,2026-01-14,0,0,0,0,0,0,0,0,0
200,2026-01-15,0,0,0,0,0,0,0,0,0
200,2026-01-16,0,0,0,0,0,0,0,0,0
200,2026-01-17,0,0,0,0,0,0,0,0,0
200,2026-01-18,0,0,0,0,0,0,0,0,0
200,2026-01-19,0,0,0,0,0,0,0,0,0
200,2026-01-20,0,0,0,0,0,0,0,0,0
200,2026-01-21,0,0,0,0,0,0,0,0,0
200,2026-01-22,0,0,0,0,0,0,0,0,0
200,2026-01-23,0,0,0,0,0,0,0,0,0
200,2026-01-24,0,0,0,0,0,0,0,0,0
200,2026-01-25,1,1,1,0,0,0,0,1,0
200,2026-01-26,6,7,5,1,0,4,1,1,0
200,2026-01-27,3,10,2,1,1,1,1,0,0
200,2026-01-28,1,11,0,1,0,0,0,0,1
200,2026-01-29,2,13,1,1,1,0,0,0,1
200,2026-01-30,2,15,2,0,0,1,0,1,0
200,2026-01-31,2,17,1,1,1,0,1,0,0
200,2026-02-01,2,19,1,1,0,1,1,0,0
200,2026-02-02,3,22,2,1,1,1,0,0,1
200,2026-02-03,3,25,2,1,1,1,1,0,0
200,2026-02-04,1,26,1,0,0,1,0,0,0
200,2026-02-05,1,27,1,0,1,0,0,0,0
200,2026-02-06,3,30,2,1,1,1,1,0,0
200,2026-02-07,1,31,1,0,0,1,0,0,0
200,2026-02-08,1,32,0,1,0,0,1,0,0
200,2026-02-09,1,33,1,0,0,1,0,0,0
200,2026-02-10,1,34,0,1,0,0,1,0,0
201,2026-01-14,0,0,0,0,0,0,0,0,0
201,2026-01-15,0,0,0,0,0,0,0,0,0
201,2026-01-16,0,0,0,0,0,0,0,0,0
201,2026-01-17,0,0,0,0,0,0,0,0,0
201,2026-01-18,0,0,0,0,0,0,0,0,0
201,2026-01-19,0,0,0,0,0,0,0,0,0
201,2026-01-20,0,0,0,0,0,0,0,0,0
201,2026-01-21,0,0,0,0,0,0,0,0,0
201,2026-01-22,0,0,0,0,0,0,0,0,0
201,2026-01-23,0,0,0,0,0,0,0,0,0
201,2026-01-24,0,0,0,0,0,0,0,0,0
201,2026-01-25,4,4,3,1,0,2,1,1,0
201,2026-01-26,3,7,2,1,0,2,1,0,0
201,2026-01-27,5,12,3,2,0,3,1,0,1
201,2026-01-28,2,14,1,1,0,1,1,0,0
201,2026-01-29,3,17,3,0,1,2,0,0,0
201,2026-01-30,3,20,3,0,1,1,0,1,0
201,2026-01-31,2,22,2,0,0,2,0,0,0
201,2026-02-01,2,24,2,0,1,1,0,0,0
201,2026-02-02,3,27,3,0,3,0,0,0,0
201,2026-02-03,3,30,3,0,1,1,0,1,0
201,2026-02-04,2,32,1,1,0,1,1,0,0
201,2026-02-05,2,34,2,0,0,2,0,0,0
201,2026-02-06,3,37,3,0,2,1,0,0,0
201,2026-02-07,4,41,4,0,2,1,0,1,0
201,2026-02-08,2,43,2,0,0,1,0,1,0
201,2026-02-09,5,48,4,1,0,4,1,0,0
201,2026-02-10,2,50,2,0,0,1,0,1,0
202,2026-01-14,0,0,0,0,0,0,0,0,0
202,2026-01-15,0,0,0,0,0,0,0,0,0
202,2026-01-16,0,0,0,0,0,0,0,0,0
202,2026-01-17,0,0,0,0,0,0,0,0,0
202,2026-01-18,0,0,0,0,0,0,0,0,0
202,2026-01-19,0,0,0,0,0,0,0,0,0
202,2026-01-20,0,0,0,0,0,0,0,0,0
202,2026-01-21,0,0,0,0,0,0,0,0,0
202,2026-01-22,0,0,0,0,0,0,0,0,0
202,2026-01-23,0,0,0,0,0,0,0,0,0
202,2026-01-24,0,0,0,0,0,0,0,0,0
202,2026-01-25,0,0,0,0,0,0,0,0,0
202,2026-01-26,6,6,6,0,1,4,0,1,0
202,2026-01-27,3,9,2,1,2,0,0,0,1
202,2026-01-28,5,14,3,2,0,3,2,0,0
202,2026-01-29,2,16,2,0,1,1,0,0,0
202,2026-01-30,6,22,5,1,2,3,0,0,1
202,2026-01-31,3,25,1,2,0,1,2,0,0
202,2026-02-01,1,26,0,1,0,0,1,0,0
202,2026-02-02,4,30,3,1,0,3,1,0,0
202,2026-02-03,0,30,0,0,0,0,0,0,0
202,2026-02-04,1,31,1,0,0,1,0,0,0
202,2026-02-05,4,35,2,2,1,0,2,1,0
202,2026-02-06,1,36,1,0,0,1,0,0,0
202,2026-02-07,1,37,1,0,0,1,0,0,0
202,2026-02-08,2,39,1,1,0,1,1,0,0
202,2026-02-09,1,40,1,0,0,1,0,0,0
202,2026-02-10,2,42,2,0,1,1,0,0,0
203,2026-01-14,0,0,0,0,0,0,0,0,0
203,2026-01-15,0,0,0,0,0,0,0,0,0
203,2026-01-16,0,0,0,0,0,0,0,0,0
203,2026-01-17,0,0,0,0,0,0,0,0,0
203,2026-01-18,0,0,0,0,0,0,0,0,0
203,2026-01-19,0,0,0,0,0,0,0,0,0
203,2026-01-20,0,0,0,0,0,0,0,0,0
203,2026-01-21,0,0,0,0,0,0,0,0,0
203,2026-01-22,0,0,0,0,0,0,0,0,0
203,2026-01-23,0,0,0,0,0,0,0,0,0
203,2026-01-24,0,0,0,0,0,0,0,0,0
203,2026-01-25,2,2,2,0,0,2,0,0,0
203,2026-01-26,2,4,2,0,0,1,0,1,0
203,2026-01-27,4,8,3,1,2,0,0,1,1
203,2026-01-28,2,10,2,0,1,1,0,0,0
203,2026-01-29,3,13,1,2,0,1,2,0,0
203,2026-01-30,2,15,2,0,0,1,0,1,0
203,2026-01-31,2,17,2,0,1,1,0,0,0
203,2026-02-01,0,17,0,0,0,0,0,0,0
203,2026-02-02,4,21,3,1,1,2,1,0,0
203,2026-02-03,1,22,1,0,1,0,0,0,0
203,2026-02-04,0,22,0,0,0,0,0,0,0
203,2026-02-05,2,24,1,1,0,1,0,0,1
203,2026-02-06,0,24,0,0,0,0,0,0,0
203,2026-02-07,1,25,1,0,0,1,0,0,0
203,2026-02-08,0,25,0,0,0,0,0,0,0
203,2026-02-09,2,27,1,1,0,1,1,0,0
203,2026-02-10,1,28,1,0,0,1,0,0,0
204,2026-01-14,0,0,0,0,0,0,0,0,0
204,2026-01-15,0,0,0,0,0,0,0,0,0
204,2026-01-16,0,0,0,0,0,0,0,0,0
204,2026-01-17,0,0,0,0,0,0,0,0,0
204,2026-01-18,0,0,0,0,0,0,0,0,0
204,2026-01-19,0,0,0,0,0,0,0,0,0
204,2026-01-20,0,0,0,0,0,0,0,0,0
204,2026-01-21,0,0,0,0,0,0,0,0,0
204,2026-01-22,0,0,0,0,0,0,0,0,0
204,2026-01-23,0,0,0,0,0,0,0,0,0
204,2026-01-24,0,0,0,0,0,0,0,0,0
204,2026-01-25,1,1,1,0,0,0,0,1,0
204,2026-01-26,4,5,4,0,1,3,0,0,0
204,2026-01-27,4,9,2,2,1,1,0,0,2
204,2026-01-28,4,13,2,2,0,2,1,0,1
204,2026-01-29,1,14,1,0,0,0,0,1,0
204,2026-01-30,3,17,3,0,1,2,0,0,0
204,2026-01-31,5,22,2,3,2,0,2,0,1
204,2026-02-01,5,27,4,1,2,2,1,0,0
204,2026-02-02,5,32,4,1,0,3,1,1,0
204,2026-02-03,5,37,5,0,1,4,0,0,0
204,2026-02-04,2,39,2,0,1,1,0,0,0
204,2026-02-05,4,43,4,0,1,3,0,0,0
204,2026-02-06,3,46,2,1,0,2,1,0,0
204,2026-02-07,2,48,1,1,0,1,1,0,0
204,2026-02-08,2,50,2,0,0,1,0,1,0
204,2026-02-09,3,53,2,1,1,0,1,1,0
204,2026-02-10,2,55,2,0,1,1,0,0,0
205,2026-01-14,0,0,0,0,0,0,0,0,0
205,2026-01-15,0,0,0,0,0,0,0,0,0
205,2026-01-16,0,0,0,0,0,0,0,0,0
205,2026-01-17,0,0,0,0,0,0,0,0,0
205,2026-01-18,0,0,0,0,0,0,0,0,0
205,2026-01-19,0,0,0,0,0,0,0,0,0
205,2026-01-20,0,0,0,0,0,0,0,0,0
205,2026-01-21,0,0,0,0,0,0,0,0,0
205,2026-01-22,0,0,0,0,0,0,0,0,0
205,2026-01-23,0,0,0,0,0,0,0,0,0
205,2026-01-24,0,0,0,0,0,0,0,0,0
205,2026-01-25,4,4,4,0,1,3,0,0,0
205,2026-01-26,11,15,9,2,3,5,1,1,1
205,2026-01-27,6,21,5,1,2,3,1,0,0
205,2026-01-28,6,27,5,1,1,4,1,0,0
205,2026-01-29,10,37,8,2,5,2,2,1,0
205,2026-01-30,10,47,8,2,0,7,2,1,0
205,2026-01-31,5,52,4,1,1,3,0,0,1
205,2026-02-01,2,54,2,0,1,1,0,0,0
205,2026-02-02,6,60,5,1,2,3,1,0,0
205,2026-02-03,9,69,8,1,6,2,1,0,0
205,2026-02-04,5,74,4,1,1,3,1,0,0
205,2026-02-05,7,81,5,2,2,3,2,0,0
205,2026-02-06,6,87,5,1,0,3,1,2,0
205,2026-02-07,5,92,4,1,2,2,1,0,0
205,2026-02-08,7,99,7,0,1,4,0,2,0
205,2026-02-09,2,101,2,0,0,1,0,1,0
205,2026-02-10,8,109,7,1,1,5,1,1,0
206,2026-01-14,0,0,0,0,0,0,0,0,0
206,2026-01-15,0,0,0,0,0,0,0,0,0
206,2026-01-16,0,0,0,0,0,0,0,0,0
206,2026-01-17,0,0,0,0,0,0,0,0,0
206,2026-01-18,0,0,0,0,0,0,0,0,0
206,2026-01-19,0,0,0,0,0,0,0,0,0
206,2026-01-20,0,0,0,0,0,0,0,0,0
206,2026-01-21,0,0,0,0,0,0,0,0,0
206,2026-01-22,0,0,0,0,0,0,0,0,0
206,2026-01-23,0,0,0,0,0,0,0,0,0
206,2026-01-24,0,0,0,0,0,0,0,0,0
206,2026-01-25,1,1,1,0,1,0,0,0,0
206,2026-01-26,1,2,1,0,1,0,0,0,0
206,2026-01-27,1,3,1,0,0,1,0,0,0
206,2026-01-28,1,4,1,0,0,1,0,0,0
206,2026-01-29,2,6,2,0,0,2,0,0,0
206,2026-01-30,0,6,0,0,0,0,0,0,0
206,2026-01-31,1,7,1,0,0,1,0,0,0
206,2026-02-01,2,9,2,0,2,0,0,0,0
206,2026-02-02,3,12,1,2,1,0,1,0,1
206,2026-02-03,6,18,5,1,2,3,1,0,0
206,2026-02-04,5,23,2,3,0,1,3,1,0
206,2026-02-05,4,27,4,0,0,4,0,0,0
206,2026-02-06,1,28,0,1,0,0,0,0,1
206,2026-02-07,0,28,0,0,0,0,0,0,0
206,2026-02-08,2,30,2,0,0,2,0,0,0
206,2026-02-09,3,33,2,1,1,1,1,0,0
206,2026-02-10,2,35,1,1,1,0,1,0,0
207,2026-01-14,0,0,0,0,0,0,0,0,0
207,2026-01-15,0,0,0,0,0,0,0,0,0
207,2026-01-16,0,0,0,0,0,0,0,0,0
207,2026-01-17,0,0,0,0,0,0,0,0,0
207,2026-01-18,0,0,0,0,0,0,0,0,0
207,2026-01-19,0,0,0,0,0,0,0,0,0
207,2026-01-20,0,0,0,0,0,0,0,0,0
207,2026-01-21,0,0,0,0,0,0,0,0,0
207,2026-01-22,0,0,0,0,0,0,0,0,0
207,2026-01-23,0,0,0,0,0,0,0,0,0
207,2026-01-24,0,0,0,0,0,0,0,0,0
207,2026-01-25,3,3,3,0,0,2,0,1,0
207,2026-01-26,5,8,4,1,1,2,1,1,0
207,2026-01-27,2,10,1,1,0,1,1,0,0
207,2026-01-28,4,14,3,1,1,2,1,0,0
207,2026-01-29,1,15,0,1,0,0,1,0,0
207,2026-01-30,1,16,1,0,0,1,0,0,0
207,2026-01-31,1,17,0,1,0,0,0,0,1
207,2026-02-01,4,21,4,0,0,4,0,0,0
207,2026-02-02,5,26,3,2,2,1,1,0,1
207,2026-02-03,2,28,2,0,0,2,0,0,0
207,2026-02-04,3,31,3,0,0,2,0,1,0
207,2026-02-05,5,36,3,2,0,3,2,0,0
207,2026-02-06,3,39,3,0,0,2,0,1,0
207,2026-02-07,3,42,3,0,3,0,0,0,0
207,2026-02-08,1,43,1,0,0,1,0,0,0
207,2026-02-09,1,44,1,0,0,1,0,0,0
207,2026-02-10,0,44,0,0,0,0,0,0,0
208,2026-01-14,0,0,0,0,0,0,0,0,0
208,2026-01-15,0,0,0,0,0,0,0,0,0
208,2026-01-16,0,0,0,0,0,0,0,0,0
208,2026-01-17,0,0,0,0,0,0,0,0,0
208,2026-01-18,0,0,0,0,0,0,0,0,0
208,2026-01-19,0,0,0,0,0,0,0,0,0
208,2026-01-20,0,0,0,0,0,0,0,0,0
208,2026-01-21,0,0,0,0,0,0,0,0,0
208,2026-01-22,0,0,0,0,0,0,0,0,0
208,2026-01-23,0,0,0,0,0,0,0,0,0
208,2026-01-24,0,0,0,0,0,0,0,0,0
208,2026-01-25,3,3,2,1,1,0,1,1,0
208,2026-01-26,3,6,2,1,1,1,1,0,0
208,2026-01-27,2,8,2,0,0,2,0,0,0
208,2026-01-28,5,13,5,0,1,4,0,0,0
208,2026-01-29,4,17,2,2,0,2,1,0,1
208,2026-01-30,4,21,3,1,1,2,0,0,1
208,2026-01-31,3,24,2,1,2,0,1,0,0
208,2026-02-01,1,25,1,0,0,1,0,0,0
208,2026-02-02,3,28,3,0,2,0,0,1,0
208,2026-02-03,1,29,0,1,0,0,1,0,0
208,2026-02-04,2,31,1,1,0,1,1,0,0
208,2026-02-05,2,33,0,2,0,0,2,0,0
208,2026-02-06,3,36,2,1,0,2,0,0,1
208,2026-02-07,0,36,0,0,0,0,0,0,0
208,2026-02-08,0,36,0,0,0,0,0,0,0
208,2026-02-09,2,38,2,0,2,0,0,0,0
208,2026-02-10,1,39,1,0,0,1,0,0,0
209,2026-01-14,0,0,0,0,0,0,0,0,0
209,2026-01-15,0,0,0,0,0,0,0,0,0
209,2026-01-16,0,0,0,0,0,0,0,0,0
209,2026-01-17,0,0,0,0,0,0,0,0,0
209,2026-01-18,0,0,0,0,0,0,0,0,0
209,2026-01-19,0,0,0,0,0,0,0,0,0
209,2026-01-20,0,0,0,0,0,0,0,0,0
209,2026-01-21,0,0,0,0,0,0,0,0,0
209,2026-01-22,0,0,0,0,0,0,0,0,0
209,2026-01-23,0,0,0,0,0,0,0,0,0
209,2026-01-24,0,0,0,0,0,0,0,0,0
209,2026-01-25,8,8,5,3,2,3,2,0,1
209,2026-01-26,4,12,3,1,2,1,1,0,0
209,2026-01-27,4,16,4,0,2,2,0,0,0
209,2026-01-28,4,20,3,1,2,1,1,0,0
209,2026-01-29,4,24,2,2,1,1,2,0,0
209,2026-01-30,10,34,9,1,3,4,1,2,0
209,2026-01-31,6,40,5,1,1,3,1,1,0
209,2026-02-01,3,43,3,0,1,2,0,0,0
209,2026-02-02,2,45,2,0,1,0,0,1,0
209,2026-02-03,5,50,4,1,0,4,1,0,0
209,2026-02-04,3,53,3,0,0,2,0,1,0
209,2026-02-05,1,54,1,0,0,0,0,1,0
209,2026-02-06,7,61,4,3,2,2,3,0,0
209,2026-02-07,4,65,4,0,2,1,0,1,0
209,2026-02-08,0,65,0,0,0,0,0,0,0
209,2026-02-09,1,66,1,0,0,0,0,1,0
209,2026-02-10,5,71,3,2,1,2,2,0,0
210,2026-01-14,0,0,0,0,0,0,0,0,0
210,2026-01-15,0,0,0,0,0,0,0,0,0
210,2026-01-16,0,0,0,0,0,0,0,0,0
210,2026-01-17,0,0,0,0,0,0,0,0,0
210,2026-01-18,0,0,0,0,0,0,0,0,0
210,2026-01-19,0,0,0,0,0,0,0,0,0
210,2026-01-20,0,0,0,0,0,0,0,0,0
210,2026-01-21,0,0,0,0,0,0,0,0,0
210,2026-01-22,0,0,0,0,0,0,0,0,0
210,2026-01-23,0,0,0,0,0,0,0,0,0
210,2026-01-24,0,0,0,0,0,0,0,0,0
210,2026-01-25,3,3,3,0,1,2,0,0,0
210,2026-01-26,1,4,1,0,1,0,0,0,0
210,2026-01-27,3,7,3,0,1,2,0,0,0
210,2026-01-28,0,7,0,0,0,0,0,0,0
210,2026-01-29,1,8,1,0,0,1,0,0,0
210,2026-01-30,2,10,2,0,0,2,0,0,0
210,2026-01-31,3,13,3,0,0,2,0,1,0
210,2026-02-01,1,14,1,0,0,1,0,0,0
210,2026-02-02,1,15,1,0,0,1,0,0,0
210,2026-02-03,2,17,1,1,1,0,1,0,0
210,2026-02-04,2,19,2,0,0,1,0,1,0
210,2026-02-05,3,22,2,1,0,2,1,0,0
210,2026-02-06,1,23,1,0,0,1,0,0,0
210,2026-02-07,5,28,2,3,0,2,2,0,1
210,2026-02-08,0,28,0,0,0,0,0,0,0
210,2026-02-09,1,29,1,0,1,0,0,0,0
210,2026-02-10,2,31,2,0,1,1,0,0,0
211,2026-01-14,0,0,0,0,0,0,0,0,0
211,2026-01-15,0,0,0,0,0,0,0,0,0
211,2026-01-16,0,0,0,0,0,0,0,0,0
211,2026-01-17,0,0,0,0,0,0,0,0,0
211,2026-01-18,0,0,0,0,0,0,0,0,0
211,2026-01-19,0,0,0,0,0,0,0,0,0
211,2026-01-20,0,0,0,0,0,0,0,0,0
211,2026-01-21,0,0,0,0,0,0,0,0,0
211,2026-01-22,0,0,0,0,0,0,0,0,0
211,2026-01-23,0,0,0,0,0,0,0,0,0
211,2026-01-24,0,0,0,0,0,0,0,0,0
211,2026-01-25,4,4,3,1,1,2,1,0,0
211,2026-01-26,3,7,3,0,1,2,0,0,0
211,2026-01-27,1,8,1,0,1,0,0,0,0
211,2026-01-28,0,8,0,0,0,0,0,0,0
211,2026-01-29,1,9,1,0,0,1,0,0,0
211,2026-01-30,4,13,3,1,1,2,1,0,0
211,2026-01-31,2,15,1,1,0,0,1,1,0
211,2026-02-01,2,17,2,0,0,2,0,0,0
211,2026-02-02,1,18,1,0,1,0,0,0,0
211,2026-02-03,0,18,0,0,0,0,0,0,0
211,2026-02-04,0,18,0,0,0,0,0,0,0
211,2026-02-05,1,19,1,0,0,1,0,0,0
211,2026-02-06,3,22,3,0,1,2,0,0,0
211,2026-02-07,1,23,1,0,0,1,0,0,0
211,2026-02-08,3,26,3,0,1,2,0,0,0
211,2026-02-09,1,27,1,0,1,0,0,0,0
211,2026-02-10,1,28,1,0,1,0,0,0,0
212,2026-01-14,0,0,0,0,0,0,0,0,0
212,2026-01-15,0,0,0,0,0,0,0,0,0
212,2026-01-16,0,0,0,0,0,0,0,0,0
212,2026-01-17,0,0,0,0,0,0,0,0,0
212,2026-01-18,0,0,0,0,0,0,0,0,0
212,2026-01-19,0,0,0,0,0,0,0,0,0
212,2026-01-20,0,0,0,0,0,0,0,0,0
212,2026-01-21,0,0,0,0,0,0,0,0,0
212,2026-01-22,0,0,0,0,0,0,0,0,0
212,2026-01-23,0,0,0,0,0,0,0,0,0
212,2026-01-24,0,0,0,0,0,0,0,0,0
212,2026-01-25,2,2,2,0,0,1,0,1,0
212,2026-01-26,2,4,2,0,0,1,0,1,0
212,2026-01-27,4,8,3,1,0,3,0,0,1
212,2026-01-28,2,10,1,1,1,0,0,0,1
212,2026-01-29,3,13,3,0,1,2,0,0,0
212,2026-01-30,5,18,5,0,1,3,0,1,0
212,2026-01-31,3,21,2,1,0,2,0,0,1
212,2026-02-01,4,25,3,1,1,2,0,0,1
212,2026-02-02,5,30,5,0,2,3,0,0,0
212,2026-02-03,2,32,2,0,0,2,0,0,0
212,2026-02-04,3,35,3,0,1,1,0,1,0
212,2026-02-05,1,36,1,0,1,0,0,0,0
212,2026-02-06,5,41,5,0,1,4,0,0,0
212,2026-02-07,4,45,3,1,1,2,1,0,0
212,2026-02-08,7,52,7,0,1,5,0,1,0
212,2026-02-09,2,54,2,0,0,2,0,0,0
212,2026-02-10,2,56,2,0,0,2,0,0,0
213,2026-01-14,0,0,0,0,0,0,0,0,0
213,2026-01-15,0,0,0,0,0,0,0,0,0
213,2026-01-16,0,0,0,0,0,0,0,0,0
213,2026-01-17,0,0,0,0,0,0,0,0,0
213,2026-01-18,0,0,0,0,0,0,0,0,0
213,2026-01-19,0,0,0,0,0,0,0,0,0
213,2026-01-20,0,0,0,0,0,0,0,0,0
213,2026-01-21,0,0,0,0,0,0,0,0,0
213,2026-01-22,0,0,0,0,0,0,0,0,0
213,2026-01-23,0,0,0,0,0,0,0,0,0
213,2026-01-24,0,0,0,0,0,0,0,0,0
213,2026-01-25,4,4,3,1,1,1,1,1,0
213,2026-01-26,5,9,2,3,0,1,2,1,1
213,2026-01-27,4,13,4,0,0,4,0,0,0
213,2026-01-28,5,18,4,1,0,4,1,0,0
213,2026-01-29,2,20,1,1,0,0,1,1,0
213,2026-01-30,1,21,1,0,0,1,0,0,0
213,2026-01-31,5,26,1,4,1,0,3,0,1
213,2026-02-01,1,27,1,0,1,0,0,0,0
213,2026-02-02,3,30,1,2,0,0,2,1,0
213,2026-02-03,5,35,5,0,1,4,0,0,0
213,2026-02-04,3,38,3,0,0,3,0,0,0
213,2026-02-05,2,40,2,0,0,2,0,0,0
213,2026-02-06,5,45,4,1,1,3,1,0,0
213,2026-02-07,2,47,1,1,0,1,1,0,0
213,2026-02-08,2,49,2,0,1,1,0,0,0
213,2026-02-09,3,52,1,2,0,1,1,0,1
213,2026-02-10,3,55,2,1,1,1,1,0,0
214,2026-01-14,0,0,0,0,0,0,0,0,0
214,2026-01-15,0,0,0,0,0,0,0,0,0
214,2026-01-16,0,0,0,0,0,0,0,0,0
214,2026-01-17,0,0,0,0,0,0,0,0,0
214,2026-01-18,0,0,0,0,0,0,0,0,0
214,2026-01-19,0,0,0,0,0,0,0,0,0
214,2026-01-20,0,0,0,0,0,0,0,0,0
214,2026-01-21,0,0,0,0,0,0,0,0,0
214,2026-01-22,0,0,0,0,0,0,0,0,0
214,2026-01-23,0,0,0,0,0,0,0,0,0
214,2026-01-24,0,0,0,0,0,0,0,0,0
214,2026-01-25,5,5,4,1,1,2,1,1,0
214,2026-01-26,1,6,1,0,0,1,0,0,0
214,2026-01-27,2,8,1,1,0,1,0,0,1
214,2026-01-28,3,11,2,1,2,0,1,0,0
214,2026-01-29,3,14,3,0,0,2,0,1,0
214,2026-01-30,1,15,1,0,1,0,0,0,0
214,2026-01-31,6,21,6,0,4,2,0,0,0
214,2026-02-01,4,25,2,2,2,0,2,0,0
214,2026-02-02,3,28,2,1,1,1,1,0,0
214,2026-02-03,1,29,1,0,1,0,0,0,0
214,2026-02-04,3,32,3,0,1,1,0,1,0
214,2026-02-05,3,35,2,1,0,2,0,0,1
214,2026-02-06,2,37,2,0,0,1,0,1,0
214,2026-02-07,2,39,2,0,1,1,0,0,0
214,2026-02-08,2,41,2,0,0,1,0,1,0
214,2026-02-09,4,45,4,0,3,1,0,0,0
214,2026-02-10,6,51,5,1,2,3,1,0,0
215,2026-01-14,0,0,0,0,0,0,0,0,0
215,2026-01-15,0,0,0,0,0,0,0,0,0
215,2026-01-16,0,0,0,0,0,0,0,0,0
215,2026-01-17,0,0,0,0,0,0,0,0,0
215,2026-01-18,0,0,0,0,0,0,0,0,0
215,2026-01-19,0,0,0,0,0,0,0,0,0
215,2026-01-20,0,0,0,0,0,0,0,0,0
215,2026-01-21,0,0,0,0,0,0,0,0,0
215,2026-01-22,0,0,0,0,0,0,0,0,0
215,2026-01-23,0,0,0,0,0,0,0,0,0
215,2026-01-24,0,0,0,0,0,0,0,0,0
215,2026-01-25,8,8,6,2,1,2,2,3,0
215,2026-01-26,7,15,6,1,1,4,1,1,0
215,2026-01-27,5,20,5,0,4,1,0,0,0
215,2026-01-28,3,23,3,0,1,2,0,0,0
215,2026-01-29,4,27,4,0,3,1,0,0,0
215,2026-01-30,5,32,4,1,1,3,0,0,1
215,2026-01-31,5,37,4,1,1,3,1,0,0
215,2026-02-01,4,41,3,1,0,3,0,0,1
215,2026-02-02,4,45,4,0,1,2,0,1,0
215,2026-02-03,6,51,6,0,1,4,0,1,0
215,2026-02-04,3,54,2,1,1,1,0,0,1
215,2026-02-05,6,60,6,0,2,2,0,2,0
215,2026-02-06,5,65,5,0,2,2,0,1,0
215,2026-02-07,4,69,3,1,0,2,1,1,0
215,2026-02-08,0,69,0,0,0,0,0,0,0
215,2026-02-09,4,73,4,0,2,2,0,0,0
215,2026-02-10,4,77,3,1,1,1,1,1,0
216,2026-01-14,0,0,0,0,0,0,0,0,0
216,2026-01-15,0,0,0,0,0,0,0,0,0
216,2026-01-16,0,0,0,0,0,0,0,0,0
216,2026-01-17,0,0,0,0,0,0,0,0,0
216,2026-01-18,0,0,0,0,0,0,0,0,0
216,2026-01-19,0,0,0,0,0,0,0,0,0
216,2026-01-20,0,0,0,0,0,0,0,0,0
216,2026-01-21,0,0,0,0,0,0,0,0,0
216,2026-01-22,0,0,0,0,0,0,0,0,0
216,2026-01-23,0,0,0,0,0,0,0,0,0
216,2026-01-24,0,0,0,0,0,0,0,0,0
216,2026-01-25,2,2,2,0,0,1,0,1,0
216,2026-01-26,4,6,3,1,1,2,1,0,0
216,2026-01-27,1,7,1,0,1,0,0,0,0
216,2026-01-28,5,12,4,1,1,2,0,1,1
216,2026-01-29,2,14,1,1,0,1,1,0,0
216,2026-01-30,1,15,1,0,1,0,0,0,0
216,2026-01-31,3,18,2,1,1,1,1,0,0
216,2026-02-01,7,25,6,1,3,2,1,1,0
216,2026-02-02,0,25,0,0,0,0,0,0,0
216,2026-02-03,3,28,2,1,0,2,1,0,0
216,2026-02-04,4,32,4,0,1,3,0,0,0
216,2026-02-05,3,35,3,0,0,3,0,0,0
216,2026-02-06,0,35,0,0,0,0,0,0,0
216,2026-02-07,0,35,0,0,0,0,0,0,0
216,2026-02-08,0,35,0,0,0,0,0,0,0
216,2026-02-09,2,37,2,0,0,1,0,1,0
216,2026-02-10,3,40,2,1,0,2,1,0,0
217,2026-01-14,0,0,0,0,0,0,0,0,0
217,2026-01-15,0,0,0,0,0,0,0,0,0
217,2026-01-16,0,0,0,0,0,0,0,0,0
217,2026-01-17,0,0,0,0,0,0,0,0,0
217,2026-01-18,0,0,0,0,0,0,0,0,0
217,2026-01-19,0,0,0,0,0,0,0,0,0
217,2026-01-20,0,0,0,0,0,0,0,0,0
217,2026-01-21,0,0,0,0,0,0,0,0,0
217,2026-01-22,0,0,0,0,0,0,0,0,0
217,2026-01-23,0,0,0,0,0,0,0,0,0
217,2026-01-24,0,0,0,0,0,0,0,0,0
217,2026-01-25,4,4,3,1,2,1,1,0,0
217,2026-01-26,3,7,3,0,2,1,0,0,0
217,2026-01-27,8,15,7,1,3,3,0,1,1
217,2026-01-28,2,17,2,0,0,2,0,0,0
217,2026-01-29,1,18,1,0,0,1,0,0,0
217,2026-01-30,5,23,3,2,0,2,1,1,1
217,2026-01-31,4,27,4,0,2,2,0,0,0
217,2026-02-01,5,32,4,1,1,3,1,0,0
217,2026-02-02,1,33,0,1,0,0,1,0,0
217,2026-02-03,1,34,1,0,1,0,0,0,0
217,2026-02-04,3,37,3,0,1,2,0,0,0
217,2026-02-05,3,40,2,1,0,1,0,1,1
217,2026-02-06,3,43,3,0,0,3,0,0,0
217,2026-02-07,4,47,2,2,0,2,2,0,0
217,2026-02-08,2,49,2,0,0,2,0,0,0
217,2026-02-09,3,52,2,1,2,0,1,0,0
217,2026-02-10,4,56,3,1,1,2,1,0,0
218,2026-01-14,0,0,0,0,0,0,0,0,0
218,2026-01-15,0,0,0,0,0,0,0,0,0
218,2026-01-16,0,0,0,0,0,0,0,0,0
218,2026-01-17,0,0,0,0,0,0,0,0,0
218,2026-01-18,0,0,0,0,0,0,0,0,0
218,2026-01-19,0,0,0,0,0,0,0,0,0
218,2026-01-20,0,0,0,0,0,0,0,0,0
218,2026-01-21,0,0,0,0,0,0,0,0,0
218,2026-01-22,0,0,0,0,0,0,0,0,0
218,2026-01-23,0,0,0,0,0,0,0,0,0
218,2026-01-24,0,0,0,0,0,0,0,0,0
218,2026-01-25,4,4,3,1,0,3,1,0,0
218,2026-01-26,4,8,3,1,1,2,1,0,0
218,2026-01-27,4,12,2,2,1,1,2,0,0
218,2026-01-28,5,17,4,1,1,3,1,0,0
218,2026-01-29,4,21,4,0,1,1,0,2,0
218,2026-01-30,1,22,1,0,1,0,0,0,0
218,2026-01-31,3,25,3,0,0,3,0,0,0
218,2026-02-01,3,28,1,2,0,1,1,0,1
218,2026-02-02,2,30,2,0,1,0,0,1,0
218,2026-02-03,6,36,5,1,2,3,1,0,0
218,2026-02-04,0,36,0,0,0,0,0,0,0
218,2026-02-05,5,41,2,3,1,1,3,0,0
218,2026-02-06,1,42,1,0,0,1,0,0,0
218,2026-02-07,0,42,0,0,0,0,0,0,0
218,2026-02-08,2,44,2,0,1,1,0,0,0
218,2026-02-09,0,44,0,0,0,0,0,0,0
218,2026-02-10,2,46,2,0,1,1,0,0,0
219,2026-01-14,0,0,0,0,0,0,0,0,0
219,2026-01-15,0,0,0,0,0,0,0,0,0
219,2026-01-16,0,0,0,0,0,0,0,0,0
219,2026-01-17,0,0,0,0,0,0,0,0,0
219,2026-01-18,0,0,0,0,0,0,0,0,0
219,2026-01-19,0,0,0,0,0,0,0,0,0
219,2026-01-20,0,0,0,0,0,0,0,0,0
219,2026-01-21,0,0,0,0,0,0,0,0,0
219,2026-01-22,0,0,0,0,0,0,0,0,0
219,2026-01-23,0,0,0,0,0,0,0,0,0
219,2026-01-24,0,0,0,0,0,0,0,0,0
219,2026-01-25,1,1,1,0,0,1,0,0,0
219,2026-01-26,4,5,4,0,0,4,0,0,0
219,2026-01-27,1,6,1,0,0,1,0,0,0
219,2026-01-28,0,6,0,0,0,0,0,0,0
219,2026-01-29,2,8,2,0,1,0,0,1,0
219,2026-01-30,1,9,0,1,0,0,1,0,0
219,2026-01-31,1,10,1,0,0,1,0,0,0
219,2026-02-01,0,10,0,0,0,0,0,0,0
219,2026-02-02,0,10,0,0,0,0,0,0,0
219,2026-02-03,1,11,1,0,0,1,0,0,0
219,2026-02-04,3,14,3,0,1,1,0,1,0
219,2026-02-05,0,14,0,0,0,0,0,0,0
219,2026-02-06,1,15,1,0,0,1,0,0,0
219,2026-02-07,1,16,1,0,0,1,0,0,0
219,2026-02-08,2,18,2,0,0,2,0,0,0
219,2026-02-09,1,19,1,0,0,1,0,0,0
219,2026-02-10,1,20,1,0,0,1,0,0,0
220,2026-01-14,0,0,0,0,0,0,0,0,0
220,2026-01-15,0,0,0,0,0,0,0,0,0
220,2026-01-16,0,0,0,0,0,0,0,0,0
220,2026-01-17,0,0,0,0,0,0,0,0,0
220,2026-01-18,0,0,0,0,0,0,0,0,0
220,2026-01-19,0,0,0,0,0,0,0,0,0
220,2026-01-20,0,0,0,0,0,0,0,0,0
220,2026-01-21,0,0,0,0,0,0,0,0,0
220,2026-01-22,0,0,0,0,0,0,0,0,0
220,2026-01-23,0,0,0,0,0,0,0,0,0
220,2026-01-24,0,0,0,0,0,0,0,0,0
220,2026-01-25,6,6,6,0,0,6,0,0,0
220,2026-01-26,2,8,2,0,1,1,0,0,0
220,2026-01-27,2,10,2,0,1,1,0,0,0
220,2026-01-28,1,11,1,0,0,1,0,0,0
220,2026-01-29,2,13,2,0,1,1,0,0,0
220,2026-01-30,5,18,3,2,0,3,2,0,0
220,2026-01-31,3,21,3,0,1,2,0,0,0
220,2026-02-01,11,32,11,0,3,8,0,0,0
220,2026-02-02,1,33,0,1,0,0,1,0,0
220,2026-02-03,1,34,0,1,0,0,1,0,0
220,2026-02-04,0,34,0,0,0,0,0,0,0
220,2026-02-05,4,38,2,2,1,1,2,0,0
220,2026-02-06,5,43,3,2,0,2,2,1,0
220,2026-02-07,4,47,2,2,0,1,1,1,1
220,2026-02-08,3,50,1,2,0,1,2,0,0
220,2026-02-09,1,51,1,0,0,1,0,0,0
220,2026-02-10,2,53,1,1,0,1,1,0,0
221,2026-01-14,0,0,0,0,0,0,0,0,0
221,2026-01-15,0,0,0,0,0,0,0,0,0
221,2026-01-16,0,0,0,0,0,0,0,0,0
221,2026-01-17,0,0,0,0,0,0,0,0,0
221,2026-01-18,0,0,0,0,0,0,0,0,0
221,2026-01-19,0,0,0,0,0,0,0,0,0
221,2026-01-20,0,0,0,0,0,0,0,0,0
221,2026-01-21,0,0,0,0,0,0,0,0,0
221,2026-01-22,0,0,0,0,0,0,0,0,0
221,2026-01-23,0,0,0,0,0,0,0,0,0
221,2026-01-24,0,0,0,0,0,0,0,0,0
221,2026-01-25,3,3,3,0,1,0,0,2,0
221,2026-01-26,4,7,1,3,0,0,3,1,0
221,2026-01-27,4,11,3,1,1,2,1,0,0
221,2026-01-28,5,16,4,1,1,3,1,0,0
221,2026-01-29,6,22,5,1,2,2,1,1,0
221,2026-01-30,7,29,5,2,1,4,1,0,1
221,2026-01-31,1,30,1,0,1,0,0,0,0
221,2026-02-01,3,33,3,0,0,3,0,0,0
221,2026-02-02,6,39,6,0,1,5,0,0,0
221,2026-02-03,3,42,3,0,0,3,0,0,0
221,2026-02-04,5,47,5,0,0,5,0,0,0
221,2026-02-05,0,47,0,0,0,0,0,0,0
221,2026-02-06,1,48,1,0,0,1,0,0,0
221,2026-02-07,3,51,3,0,2,1,0,0,0
221,2026-02-08,3,54,3,0,1,2,0,0,0
221,2026-02-09,2,56,2,0,1,1,0,0,0
221,2026-02-10,4,60,2,2,1,1,2,0,0
222,2026-01-14,0,0,0,0,0,0,0,0,0
222,2026-01-15,0,0,0,0,0,0,0,0,0
222,2026-01-16,0,0,0,0,0,0,0,0,0
222,2026-01-17,0,0,0,0,0,0,0,0,0
222,2026-01-18,0,0,0,0,0,0,0,0,0
222,2026-01-19,0,0,0,0,0,0,0,0,0
222,2026-01-20,0,0,0,0,0,0,0,0,0
222,2026-01-21,0,0,0,0,0,0,0,0,0
222,2026-01-22,0,0,0,0,0,0,0,0,0
222,2026-01-23,0,0,0,0,0,0,0,0,0
222,2026-01-24,0,0,0,0,0,0,0,0,0
222,2026-01-25,4,4,2,2,0,2,2,0,0
222,2026-01-26,4,8,4,0,1,2,0,1,0
222,2026-01-27,1,9,0,1,0,0,0,0,1
222,2026-01-28,2,11,1,1,1,0,1,0,0
222,2026-01-29,3,14,3,0,2,1,0,0,0
222,2026-01-30,5,19,3,2,0,2,2,1,0
222,2026-01-31,2,21,2,0,1,1,0,0,0
222,2026-02-01,4,25,4,0,2,0,0,2,0
222,2026-02-02,4,29,4,0,2,2,0,0,0
222,2026-02-03,2,31,1,1,0,1,0,0,1
222,2026-02-04,0,31,0,0,0,0,0,0,0
222,2026-02-05,4,35,3,1,2,1,0,0,1
222,2026-02-06,1,36,1,0,0,1,0,0,0
222,2026-02-07,1,37,1,0,0,1,0,0,0
222,2026-02-08,2,39,2,0,0,2,0,0,0
222,2026-02-09,3,42,3,0,2,1,0,0,0
222,2026-02-10,1,43,1,0,0,1,0,0,0
223,2026-01-14,0,0,0,0,0,0,0,0,0
223,2026-01-15,0,0,0,0,0,0,0,0,0
223,2026-01-16,0,0,0,0,0,0,0,0,0
223,2026-01-17,0,0,0,0,0,0,0,0,0
223,2026-01-18,0,0,0,0,0,0,0,0,0
223,2026-01-19,0,0,0,0,0,0,0,0,0
223,2026-01-20,0,0,0,0,0,0,0,0,0
223,2026-01-21,0,0,0,0,0,0,0,0,0
223,2026-01-22,0,0,0,0,0,0,0,0,0
223,2026-01-23,0,0,0,0,0,0,0,0,0
223,2026-01-24,0,0,0,0,0,0,0,0,0
223,2026-01-25,3,3,2,1,0,2,1,0,0
223,2026-01-26,7,10,4,3,2,2,2,0,1
223,2026-01-27,3,13,2,1,1,1,1,0,0
223,2026-01-28,6,19,5,1,2,2,0,1,1
223,2026-01-29,8,27,8,0,0,6,0,2,0
223,2026-01-30,4,31,4,0,1,3,0,0,0
223,2026-01-31,3,34,2,1,0,2,1,0,0
223,2026-02-01,5,39,3,2,1,1,2,1,0
223,2026-02-02,1,40,1,0,0,1,0,0,0
223,2026-02-03,2,42,1,1,0,1,1,0,0
223,2026-02-04,3,45,3,0,1,2,0,0,0
223,2026-02-05,4,49,4,0,1,2,0,1,0
223,2026-02-06,2,51,1,1,0,0,1,1,0
223,2026-02-07,0,51,0,0,0,0,0,0,0
223,2026-02-08,3,54,3,0,1,1,0,1,0
223,2026-02-09,2,56,2,0,0,2,0,0,0
223,2026-02-10,2,58,2,0,0,1,0,1,0
224,2026-01-14,0,0,0,0,0,0,0,0,0
224,2026-01-15,0,0,0,0,0,0,0,0,0
224,2026-01-16,0,0,0,0,0,0,0,0,0
224,2026-01-17,0,0,0,0,0,0,0,0,0
224,2026-01-18,0,0,0,0,0,0,0,0,0
224,2026-01-19,0,0,0,0,0,0,0,0,0
224,2026-01-20,0,0,0,0,0,0,0,0,0
224,2026-01-21,0,0,0,0,0,0,0,0,0
224,2026-01-22,0,0,0,0,0,0,0,0,0
224,2026-01-23,0,0,0,0,0,0,0,0,0
224,2026-01-24,0,0,0,0,0,0,0,0,0
224,2026-01-25,2,2,0,2,0,0,2,0,0
224,2026-01-26,3,5,1,2,0,1,2,0,0
224,2026-01-27,4,9,2,2,1,1,1,0,1
224,2026-01-28,4,13,3,1,1,2,1,0,0
224,2026-01-29,4,17,4,0,3,1,0,0,0
224,2026-01-30,4,21,4,0,1,3,0,0,0
224,2026-01-31,2,23,2,0,0,2,0,0,0
224,2026-02-01,3,26,3,0,1,1,0,1,0
224,2026-02-02,2,28,2,0,1,1,0,0,0
224,2026-02-03,3,31,2,1,0,2,1,0,0
224,2026-02-04,5,36,3,2,1,1,2,1,0
224,2026-02-05,4,40,1,3,0,1,3,0,0
224,2026-02-06,6,46,5,1,1,4,1,0,0
224,2026-02-07,1,47,1,0,1,0,0,0,0
224,2026-02-08,3,50,3,0,2,1,0,0,0
224,2026-02-09,4,54,4,0,1,3,0,0,0
224,2026-02-10,3,57,2,1,1,0,1,1,0
225,2026-01-14,0,0,0,0,0,0,0,0,0
225,2026-01-15,0,0,0,0,0,0,0,0,0
225,2026-01-16,0,0,0,0,0,0,0,0,0
225,2026-01-17,0,0,0,0,0,0,0,0,0
225,2026-01-18,0,0,0,0,0,0,0,0,0
225,2026-01-19,0,0,0,0,0,0,0,0,0
225,2026-01-20,0,0,0,0,0,0,0,0,0
225,2026-01-21,0,0,0,0,0,0,0,0,0
225,2026-01-22,0,0,0,0,0,0,0,0,0
225,2026-01-23,0,0,0,0,0,0,0,0,0
225,2026-01-24,0,0,0,0,0,0,0,0,0
225,2026-01-25,2,2,1,1,0,1,1,0,0
225,2026-01-26,2,4,2,0,0,0,0,2,0
225,2026-01-27,2,6,2,0,1,1,0,0,0
225,2026-01-28,5,11,5,0,1,4,0,0,0
225,2026-01-29,2,13,1,1,0,1,0,0,1
225,2026-01-30,1,14,0,1,0,0,1,0,0
225,2026-01-31,4,18,3,1,0,2,1,1,0
225,2026-02-01,1,19,1,0,1,0,0,0,0
225,2026-02-02,1,20,1,0,0,1,0,0,0
225,2026-02-03,2,22,2,0,1,1,0,0,0
225,2026-02-04,3,25,3,0,2,1,0,0,0
225,2026-02-05,2,27,2,0,0,1,0,1,0
225,2026-02-06,1,28,1,0,0,0,0,1,0
225,2026-02-07,2,30,1,1,0,1,1,0,0
225,2026-02-08,1,31,1,0,1,0,0,0,0
225,2026-02-09,1,32,1,0,0,1,0,0,0
225,2026-02-10,1,33,1,0,0,1,0,0,0
226,2026-01-14,0,0,0,0,0,0,0,0,0
226,2026-01-15,0,0,0,0,0,0,0,0,0
226,2026-01-16,0,0,0,0,0,0,0,0,0
226,2026-01-17,0,0,0,0,0,0,0,0,0
226,2026-01-18,0,0,0,0,0,0,0,0,0
226,2026-01-19,0,0,0,0,0,0,0,0,0
226,2026-01-20,0,0,0,0,0,0,0,0,0
226,2026-01-21,0,0,0,0,0,0,0,0,0
226,2026-01-22,0,0,0,0,0,0,0,0,0
226,2026-01-23,0,0,0,0,0,0,0,0,0
226,2026-01-24,0,0,0,0,0,0,0,0,0
226,2026-01-25,3,3,1,2,1,0,2,0,0
226,2026-01-26,8,11,4,4,2,2,3,0,1
226,2026-01-27,1,12,1,0,1,0,0,0,0
226,2026-01-28,6,18,3,3,1,1,2,1,1
226,2026-01-29,2,20,1,1,1,0,1,0,0
226,2026-01-30,3,23,3,0,1,1,0,1,0
226,2026-01-31,3,26,2,1,1,1,1,0,0
226,2026-02-01,3,29,2,1,0,2,1,0,0
226,2026-02-02,4,33,3,1,2,1,1,0,0
226,2026-02-03,3,36,2,1,0,1,1,1,0
226,2026-02-04,2,38,1,1,1,0,0,0,1
226,2026-02-05,3,41,1,2,1,0,2,0,0
226,2026-02-06,4,45,3,1,1,1,1,1,0
226,2026-02-07,3,48,1,2,1,0,2,0,0
226,2026-02-08,2,50,2,0,0,2,0,0,0
226,2026-02-09,2,52,2,0,0,2,0,0,0
226,2026-02-10,2,54,2,0,0,2,0,0,0
227,2026-01-14,0,0,0,0,0,0,0,0,0
227,2026-01-15,0,0,0,0,0,0,0,0,0
227,2026-01-16,0,0,0,0,0,0,0,0,0
227,2026-01-17,0,0,0,0,0,0,0,0,0
227,2026-01-18,0,0,0,0,0,0,0,0,0
227,2026-01-19,0,0,0,0,0,0,0,0,0
227,2026-01-20,0,0,0,0,0,0,0,0,0
227,2026-01-21,0,0,0,0,0,0,0,0,0
227,2026-01-22,0,0,0,0,0,0,0,0,0
227,2026-01-23,0,0,0,0,0,0,0,0,0
227,2026-01-24,0,0,0,0,0,0,0,0,0
227,2026-01-25,7,7,5,2,3,2,2,0,0
227,2026-01-26,5,12,4,1,0,3,1,1,0
227,2026-01-27,2,14,1,1,0,1,1,0,0
227,2026-01-28,2,16,2,0,0,2,0,0,0
227,2026-01-29,3,19,1,2,0,1,1,0,1
227,2026-01-30,6,25,6,0,2,3,0,1,0
227,2026-01-31,3,28,3,0,2,1,0,0,0
227,2026-02-01,6,34,4,2,1,2,0,1,2
227,2026-02-02,0,34,0,0,0,0,0,0,0
227,2026-02-03,5,39,4,1,0,4,0,0,1
227,2026-02-04,2,41,2,0,0,2,0,0,0
227,2026-02-05,1,42,1,0,0,1,0,0,0
227,2026-02-06,3,45,2,1,0,2,1,0,0
227,2026-02-07,2,47,1,1,0,1,0,0,1
227,2026-02-08,3,50,2,1,1,0,1,1,0
227,2026-02-09,7,57,6,1,2,4,1,0,0
227,2026-02-10,2,59,1,1,0,0,1,1,0
228,2026-01-14,0,0,0,0,0,0,0,0,0
228,2026-01-15,0,0,0,0,0,0,0,0,0
228,2026-01-16,0,0,0,0,0,0,0,0,0
228,2026-01-17,0,0,0,0,0,0,0,0,0
228,2026-01-18,0,0,0,0,0,0,0,0,0
228,2026-01-19,0,0,0,0,0,0,0,0,0
228,2026-01-20,0,0,0,0,0,0,0,0,0
228,2026-01-21,0,0,0,0,0,0,0,0,0
228,2026-01-22,0,0,0,0,0,0,0,0,0
228,2026-01-23,0,0,0,0,0,0,0,0,0
228,2026-01-24,0,0,0,0,0,0,0,0,0
228,2026-01-25,3,3,2,1,0,2,0,0,1
228,2026-01-26,3,6,2,1,0,2,1,0,0
228,2026-01-27,0,6,0,0,0,0,0,0,0
228,2026-01-28,2,8,2,0,0,2,0,0,0
228,2026-01-29,6,14,6,0,2,4,0,0,0
228,2026-01-30,6,20,5,1,1,4,1,0,0
228,2026-01-31,5,25,4,1,1,2,1,1,0
228,2026-02-01,3,28,1,2,0,0,1,1,1
228,2026-02-02,2,30,2,0,1,1,0,0,0
228,2026-02-03,3,33,3,0,1,2,0,0,0
228,2026-02-04,2,35,1,1,0,1,1,0,0
228,2026-02-05,3,38,3,0,0,3,0,0,0
228,2026-02-06,8,46,5,3,0,5,3,0,0
228,2026-02-07,7,53,4,3,2,2,0,0,3
228,2026-02-08,5,58,2,3,0,2,3,0,0
228,2026-02-09,3,61,3,0,2,0,0,1,0
228,2026-02-10,2,63,2,0,1,1,0,0,0
229,2026-01-14,0,0,0,0,0,0,0,0,0
229,2026-01-15,0,0,0,0,0,0,0,0,0
229,2026-01-16,0,0,0,0,0,0,0,0,0
229,2026-01-17,0,0,0,0,0,0,0,0,0
229,2026-01-18,0,0,0,0,0,0,0,0,0
229,2026-01-19,0,0,0,0,0,0,0,0,0
229,2026-01-20,0,0,0,0,0,0,0,0,0
229,2026-01-21,0,0,0,0,0,0,0,0,0
229,2026-01-22,0,0,0,0,0,0,0,0,0
229,2026-01-23,0,0,0,0,0,0,0,0,0
229,2026-01-24,0,0,0,0,0,0,0,0,0
229,2026-01-25,4,4,4,0,1,1,0,2,0
229,2026-01-26,3,7,2,1,0,2,1,0,0
229,2026-01-27,2,9,1,1,0,0,0,1,1
229,2026-01-28,1,10,1,0,0,1,0,0,0
229,2026-01-29,2,12,2,0,1,1,0,0,0
229,2026-01-30,8,20,8,0,4,4,0,0,0
229,2026-01-31,1,21,1,0,1,0,0,0,0
229,2026-02-01,5,26,5,0,1,2,0,2,0
229,2026-02-02,6,32,6,0,1,4,0,1,0
229,2026-02-03,3,35,3,0,0,3,0,0,0
229,2026-02-04,4,39,4,0,1,2,0,1,0
229,2026-02-05,3,42,2,1,1,1,1,0,0
229,2026-02-06,2,44,1,1,0,1,1,0,0
229,2026-02-07,3,47,3,0,1,2,0,0,0
229,2026-02-08,2,49,2,0,0,1,0,1,0
229,2026-02-09,2,51,2,0,0,2,0,0,0
229,2026-02-10,1,52,0,1,0,0,1,0,0
230,2026-01-14,0,0,0,0,0,0,0,0,0
230,2026-01-15,0,0,0,0,0,0,0,0,0
230,2026-01-16,0,0,0,0,0,0,0,0,0
230,2026-01-17,0,0,0,0,0,0,0,0,0
230,2026-01-18,0,0,0,0,0,0,0,0,0
230,2026-01-19,0,0,0,0,0,0,0,0,0
230,2026-01-20,0,0,0,0,0,0,0,0,0
230,2026-01-21,0,0,0,0,0,0,0,0,0
230,2026-01-22,0,0,0,0,0,0,0,0,0
230,2026-01-23,0,0,0,0,0,0,0,0,0
230,2026-01-24,0,0,0,0,0,0,0,0,0
230,2026-01-25,3,3,2,1,1,1,0,0,1
230,2026-01-26,2,5,2,0,2,0,0,0,0
230,2026-01-27,2,7,2,0,0,2,0,0,0
230,2026-01-28,0,7,0,0,0,0,0,0,0
230,2026-01-29,2,9,2,0,1,1,0,0,0
230,2026-01-30,4,13,2,2,0,2,1,0,1
230,2026-01-31,4,17,4,0,1,2,0,1,0
230,2026-02-01,7,24,5,2,2,3,2,0,0
230,2026-02-02,2,26,2,0,2,0,0,0,0
230,2026-02-03,2,28,1,1,0,1,0,0,1
230,2026-02-04,1,29,1,0,0,1,0,0,0
230,2026-02-05,0,29,0,0,0,0,0,0,0
230,2026-02-06,1,30,1,0,1,0,0,0,0
230,2026-02-07,2,32,1,1,0,1,1,0,0
230,2026-02-08,1,33,0,1,0,0,0,0,1
230,2026-02-09,3,36,2,1,1,0,1,1,0
230,2026-02-10,1,37,1,0,1,0,0,0,0
231,2026-01-14,0,0,0,0,0,0,0,0,0
231,2026-01-15,0,0,0,0,0,0,0,0,0
231,2026-01-16,0,0,0,0,0,0,0,0,0
231,2026-01-17,0,0,0,0,0,0,0,0,0
231,2026-01-18,0,0,0,0,0,0,0,0,0
231,2026-01-19,0,0,0,0,0,0,0,0,0
231,2026-01-20,0,0,0,0,0,0,0,0,0
231,2026-01-21,0,0,0,0,0,0,0,0,0
231,2026-01-22,0,0,0,0,0,0,0,0,0
231,2026-01-23,0,0,0,0,0,0,0,0,0
231,2026-01-24,0,0,0,0,0,0,0,0,0
231,2026-01-25,5,5,4,1,1,3,0,0,1
231,2026-01-26,5,10,5,0,1,3,0,1,0
231,2026-01-27,4,14,4,0,2,2,0,0,0
231,2026-01-28,4,18,4,0,2,2,0,0,0
231,2026-01-29,2,20,2,0,0,2,0,0,0
231,2026-01-30,2,22,2,0,0,2,0,0,0
231,2026-01-31,4,26,4,0,0,3,0,1,0
231,2026-02-01,3,29,3,0,0,3,0,0,0
231,2026-02-02,2,31,1,1,0,1,0,0,1
231,2026-02-03,3,34,2,1,2,0,1,0,0
231,2026-02-04,0,34,0,0,0,0,0,0,0
231,2026-02-05,5,39,5,0,3,2,0,0,0
231,2026-02-06,3,42,3,0,0,2,0,1,0
231,2026-02-07,3,45,3,0,2,1,0,0,0
231,2026-02-08,4,49,3,1,2,1,1,0,0
231,2026-02-09,2,51,2,0,0,2,0,0,0
231,2026-02-10,2,53,1,1,0,1,0,0,1
232,2026-01-14,0,0,0,0,0,0,0,0,0
232,2026-01-15,0,0,0,0,0,0,0,0,0
232,2026-01-16,0,0,0,0,0,0,0,0,0
232,2026-01-17,0,0,0,0,0,0,0,0,0
232,2026-01-18,0,0,0,0,0,0,0,0,0
232,2026-01-19,0,0,0,0,0,0,0,0,0
232,2026-01-20,0,0,0,0,0,0,0,0,0
232,2026-01-21,0,0,0,0,0,0,0,0,0
232,2026-01-22,0,0,0,0,0,0,0,0,0
232,2026-01-23,0,0,0,0,0,0,0,0,0
232,2026-01-24,0,0,0,0,0,0,0,0,0
232,2026-01-25,3,3,3,0,1,2,0,0,0
232,2026-01-26,4,7,2,2,1,0,2,1,0
232,2026-01-27,4,11,4,0,2,2,0,0,0
232,2026-01-28,5,16,3,2,2,1,2,0,0
232,2026-01-29,2,18,2,0,0,2,0,0,0
232,2026-01-30,2,20,2,0,0,1,0,1,0
232,2026-01-31,2,22,0,2,0,0,2,0,0
232,2026-02-01,1,23,1,0,0,0,0,1,0
232,2026-02-02,3,26,3,0,1,2,0,0,0
232,2026-02-03,1,27,0,1,0,0,1,0,0
232,2026-02-04,2,29,2,0,0,2,0,0,0
232,2026-02-05,2,31,2,0,0,2,0,0,0
232,2026-02-06,3,34,3,0,2,1,0,0,0
232,2026-02-07,3,37,1,2,1,0,2,0,0
232,2026-02-08,1,38,0,1,0,0,1,0,0
232,2026-02-09,1,39,1,0,1,0,0,0,0
232,2026-02-10,0,39,0,0,0,0,0,0,0
233,2026-01-14,0,0,0,0,0,0,0,0,0
233,2026-01-15,0,0,0,0,0,0,0,0,0
233,2026-01-16,0,0,0,0,0,0,0,0,0
233,2026-01-17,0,0,0,0,0,0,0,0,0
233,2026-01-18,0,0,0,0,0,0,0,0,0
233,2026-01-19,0,0,0,0,0,0,0,0,0
233,2026-01-20,0,0,0,0,0,0,0,0,0
233,2026-01-21,0,0,0,0,0,0,0,0,0
233,2026-01-22,0,0,0,0,0,0,0,0,0
233,2026-01-23,0,0,0,0,0,0,0,0,0
233,2026-01-24,0,0,0,0,0,0,0,0,0
233,2026-01-25,6,6,4,2,1,2,1,1,1
233,2026-01-26,2,8,2,0,0,2,0,0,0
233,2026-01-27,3,11,2,1,0,2,1,0,0
233,2026-01-28,5,16,3,2,0,2,2,1,0
233,2026-01-29,4,20,2,2,1,0,1,1,1
233,2026-01-30,4,24,4,0,2,2,0,0,0
233,2026-01-31,6,30,5,1,2,3,0,0,1
233,2026-02-01,4,34,3,1,1,2,1,0,0
233,2026-02-02,2,36,1,1,0,1,1,0,0
233,2026-02-03,9,45,8,1,5,3,0,0,1
233,2026-02-04,4,49,2,2,2,0,0,0,2
233,2026-02-05,3,52,2,1,0,2,0,0,1
233,2026-02-06,2,54,2,0,1,1,0,0,0
233,2026-02-07,2,56,2,0,1,1,0,0,0
233,2026-02-08,4,60,2,2,0,2,1,0,1
233,2026-02-09,3,63,3,0,1,2,0,0,0
233,2026-02-10,0,63,0,0,0,0,0,0,0
234,2026-01-14,0,0,0,0,0,0,0,0,0
234,2026-01-15,0,0,0,0,0,0,0,0,0
234,2026-01-16,0,0,0,0,0,0,0,0,0
234,2026-01-17,0,0,0,0,0,0,0,0,0
234,2026-01-18,0,0,0,0,0,0,0,0,0
234,2026-01-19,0,0,0,0,0,0,0,0,0
234,2026-01-20,0,0,0,0,0,0,0,0,0
234,2026-01-21,0,0,0,0,0,0,0,0,0
234,2026-01-22,0,0,0,0,0,0,0,0,0
234,2026-01-23,0,0,0,0,0,0,0,0,0
234,2026-01-24,0,0,0,0,0,0,0,0,0
234,2026-01-25,3,3,3,0,1,1,0,1,0
234,2026-01-26,2,5,2,0,0,2,0,0,0
234,2026-01-27,2,7,1,1,0,1,1,0,0
234,2026-01-28,2,9,2,0,0,1,0,1,0
234,2026-01-29,1,10,1,0,0,1,0,0,0
234,2026-01-30,2,12,2,0,1,1,0,0,0
234,2026-01-31,3,15,2,1,0,1,1,1,0
234,2026-02-01,0,15,0,0,0,0,0,0,0
234,2026-02-02,2,17,2,0,1,1,0,0,0
234,2026-02-03,2,19,2,0,1,1,0,0,0
234,2026-02-04,1,20,1,0,0,1,0,0,0
234,2026-02-05,2,22,1,1,0,1,1,0,0
234,2026-02-06,1,23,1,0,1,0,0,0,0
234,2026-02-07,0,23,0,0,0,0,0,0,0
234,2026-02-08,5,28,4,1,4,0,1,0,0
234,2026-02-09,0,28,0,0,0,0,0,0,0
234,2026-02-10,1,29,0,1,0,0,1,0,0
235,2026-01-14,0,0,0,0,0,0,0,0,0
235,2026-01-15,0,0,0,0,0,0,0,0,0
235,2026-01-16,0,0,0,0,0,0,0,0,0
235,2026-01-17,0,0,0,0,0,0,0,0,0
235,2026-01-18,0,0,0,0,0,0,0,0,0
235,2026-01-19,0,0,0,0,0,0,0,0,0
235,2026-01-20,0,0,0,0,0,0,0,0,0
235,2026-01-21,0,0,0,0,0,0,0,0,0
235,2026-01-22,0,0,0,0,0,0,0,0,0
235,2026-01-23,0,0,0,0,0,0,0,0,0
235,2026-01-24,0,0,0,0,0,0,0,0,0
235,2026-01-25,1,1,1,0,1,0,0,0,0
235,2026-01-26,0,1,0,0,0,0,0,0,0
235,2026-01-27,4,5,4,0,0,3,0,1,0
235,2026-01-28,3,8,3,0,1,1,0,1,0
235,2026-01-29,2,10,2,0,1,1,0,0,0
235,2026-01-30,0,10,0,0,0,0,0,0,0
235,2026-01-31,0,10,0,0,0,0,0,0,0
235,2026-02-01,0,10,0,0,0,0,0,0,0
235,2026-02-02,5,15,4,1,1,3,1,0,0
235,2026-02-03,1,16,1,0,0,1,0,0,0
235,2026-02-04,2,18,2,0,0,2,0,0,0
235,2026-02-05,1,19,1,0,0,1,0,0,0
235,2026-02-06,1,20,0,1,0,0,1,0,0
235,2026-02-07,3,23,2,1,1,1,1,0,0
235,2026-02-08,1,24,1,0,1,0,0,0,0
235,2026-02-09,0,24,0,0,0,0,0,0,0
235,2026-02-10,0,24,0,0,0,0,0,0,0
236,2026-01-14,0,0,0,0,0,0,0,0,0
236,2026-01-15,0,0,0,0,0,0,0,0,0
236,2026-01-16,0,0,0,0,0,0,0,0,0
236,2026-01-17,0,0,0,0,0,0,0,0,0
236,2026-01-18,0,0,0,0,0,0,0,0,0
236,2026-01-19,0,0,0,0,0,0,0,0,0
236,2026-01-20,0,0,0,0,0,0,0,0,0
236,2026-01-21,0,0,0,0,0,0,0,0,0
236,2026-01-22,0,0,0,0,0,0,0,0,0
236,2026-01-23,0,0,0,0,0,0,0,0,0
236,2026-01-24,0,0,0,0,0,0,0,0,0
236,2026-01-25,2,2,2,0,0,1,0,1,0
236,2026-01-26,4,6,4,0,1,3,0,0,0
236,2026-01-27,1,7,0,1,0,0,1,0,0
236,2026-01-28,5,12,5,0,0,3,0,2,0
236,2026-01-29,1,13,1,0,0,1,0,0,0
236,2026-01-30,4,17,2,2,0,1,2,1,0
236,2026-01-31,5,22,3,2,0,3,0,0,2
236,2026-02-01,4,26,4,0,2,1,0,1,0
236,2026-02-02,4,30,4,0,1,2,0,1,0
236,2026-02-03,3,33,1,2,1,0,2,0,0
236,2026-02-04,8,41,5,3,2,2,2,1,1
236,2026-02-05,2,43,2,0,1,1,0,0,0
236,2026-02-06,8,51,6,2,0,6,2,0,0
236,2026-02-07,1,52,0,1,0,0,1,0,0
236,2026-02-08,5,57,4,1,0,3,0,1,1
236,2026-02-09,1,58,1,0,0,1,0,0,0
236,2026-02-10,1,59,1,0,0,1,0,0,0
237,2026-01-14,0,0,0,0,0,0,0,0,0
237,2026-01-15,0,0,0,0,0,0,0,0,0
237,2026-01-16,0,0,0,0,0,0,0,0,0
237,2026-01-17,0,0,0,0,0,0,0,0,0
237,2026-01-18,0,0,0,0,0,0,0,0,0
237,2026-01-19,0,0,0,0,0,0,0,0,0
237,2026-01-20,0,0,0,0,0,0,0,0,0
237,2026-01-21,0,0,0,0,0,0,0,0,0
237,2026-01-22,0,0,0,0,0,0,0,0,0
237,2026-01-23,0,0,0,0,0,0,0,0,0
237,2026-01-24,0,0,0,0,0,0,0,0,0
237,2026-01-25,6,6,4,2,2,1,1,1,1
237,2026-01-26,2,8,2,0,1,1,0,0,0
237,2026-01-27,2,10,0,2,0,0,1,0,1
237,2026-01-28,5,15,4,1,1,3,1,0,0
237,2026-01-29,1,16,0,1,0,0,1,0,0
237,2026-01-30,1,17,1,0,0,1,0,0,0
237,2026-01-31,3,20,3,0,1,2,0,0,0
237,2026-02-01,1,21,1,0,0,0,0,1,0
237,2026-02-02,2,23,2,0,0,2,0,0,0
237,2026-02-03,2,25,2,0,1,1,0,0,0
237,2026-02-04,0,25,0,0,0,0,0,0,0
237,2026-02-05,0,25,0,0,0,0,0,0,0
237,2026-02-06,2,27,1,1,1,0,1,0,0
237,2026-02-07,0,27,0,0,0,0,0,0,0
237,2026-02-08,1,28,1,0,0,0,0,1,0
237,2026-02-09,0,28,0,0,0,0,0,0,0
237,2026-02-10,0,28,0,0,0,0,0,0,0
238,2026-01-14,0,0,0,0,0,0,0,0,0
238,2026-01-15,0,0,0,0,0,0,0,0,0
238,2026-01-16,0,0,0,0,0,0,0,0,0
238,2026-01-17,0,0,0,0,0,0,0,0,0
238,2026-01-18,0,0,0,0,0,0,0,0,0
238,2026-01-19,0,0,0,0,0,0,0,0,0
238,2026-01-20,0,0,0,0,0,0,0,0,0
238,2026-01-21,0,0,0,0,0,0,0,0,0
238,2026-01-22,0,0,0,0,0,0,0,0,0
238,2026-01-23,0,0,0,0,0,0,0,0,0
238,2026-01-24,0,0,0,0,0,0,0,0,0
238,2026-01-25,1,1,0,1,0,0,0,0,1
238,2026-01-26,4,5,2,2,0,2,1,0,1
238,2026-01-27,2,7,1,1,0,1,0,0,1
238,2026-01-28,5,12,5,0,1,3,0,1,0
238,2026-01-29,2,14,2,0,1,1,0,0,0
238,2026-01-30,2,16,1,1,0,1,0,0,1
238,2026-01-31,3,19,2,1,1,1,1,0,0
238,2026-02-01,1,20,1,0,0,1,0,0,0
238,2026-02-02,3,23,3,0,1,2,0,0,0
238,2026-02-03,3,26,2,1,1,1,1,0,0
238,2026-02-04,5,31,4,1,1,3,1,0,0
238,2026-02-05,1,32,1,0,0,1,0,0,0
238,2026-02-06,2,34,2,0,0,2,0,0,0
238,2026-02-07,4,38,4,0,1,2,0,1,0
238,2026-02-08,5,43,4,1,0,3,1,1,0
238,2026-02-09,3,46,2,1,1,1,1,0,0
238,2026-02-10,0,46,0,0,0,0,0,0,0
239,2026-01-14,0,0,0,0,0,0,0,0,0
239,2026-01-15,0,0,0,0,0,0,0,0,0
239,2026-01-16,0,0,0,0,0,0,0,0,0
239,2026-01-17,0,0,0,0,0,0,0,0,0
239,2026-01-18,0,0,0,0,0,0,0,0,0
239,2026-01-19,0,0,0,0,0,0,0,0,0
239,2026-01-20,0,0,0,0,0,0,0,0,0
239,2026-01-21,0,0,0,0,0,0,0,0,0
239,2026-01-22,0,0,0,0,0,0,0,0,0
239,2026-01-23,0,0,0,0,0,0,0,0,0
239,2026-01-24,0,0,0,0,0,0,0,0,0
239,2026-01-25,2,2,1,1,0,1,1,0,0
239,2026-01-26,2,4,2,0,0,2,0,0,0
239,2026-01-27,2,6,2,0,0,0,0,2,0
239,2026-01-28,0,6,0,0,0,0,0,0,0
239,2026-01-29,3,9,2,1,1,1,0,0,1
239,2026-01-30,1,10,1,0,0,0,0,1,0
239,2026-01-31,2,12,2,0,0,1,0,1,0
239,2026-02-01,0,12,0,0,0,0,0,0,0
239,2026-02-02,1,13,0,1,0,0,1,0,0
239,2026-02-03,0,13,0,0,0,0,0,0,0
239,2026-02-04,2,15,2,0,0,2,0,0,0
239,2026-02-05,1,16,1,0,0,1,0,0,0
239,2026-02-06,2,18,2,0,1,1,0,0,0
239,2026-02-07,0,18,0,0,0,0,0,0,0
239,2026-02-08,2,20,2,0,2,0,0,0,0
239,2026-02-09,0,20,0,0,0,0,0,0,0
239,2026-02-10,0,20,0,0,0,0,0,0,0
240,2026-01-14,0,0,0,0,0,0,0,0,0
240,2026-01-15,0,0,0,0,0,0,0,0,0
240,2026-01-16,0,0,0,0,0,0,0,0,0
240,2026-01-17,0,0,0,0,0,0,0,0,0
240,2026-01-18,0,0,0,0,0,0,0,0,0
240,2026-01-19,0,0,0,0,0,0,0,0,0
240,2026-01-20,0,0,0,0,0,0,0,0,0
240,2026-01-21,0,0,0,0,0,0,0,0,0
240,2026-01-22,0,0,0,0,0,0,0,0,0
240,2026-01-23,0,0,0,0,0,0,0,0,0
240,2026-01-24,0,0,0,0,0,0,0,0,0
240,2026-01-25,4,4,4,0,2,2,0,0,0
240,2026-01-26,7,11,7,0,2,4,0,1,0
240,2026-01-27,4,15,3,1,1,2,1,0,0
240,2026-01-28,1,16,0,1,0,0,1,0,0
240,2026-01-29,1,17,1,0,0,1,0,0,0
240,2026-01-30,3,20,3,0,1,2,0,0,0
240,2026-01-31,5,25,4,1,0,3,1,1,0
240,2026-02-01,2,27,2,0,0,1,0,1,0
240,2026-02-02,3,30,3,0,0,2,0,1,0
240,2026-02-03,3,33,0,3,0,0,2,0,1
240,2026-02-04,3,36,3,0,0,2,0,1,0
240,2026-02-05,2,38,1,1,0,1,1,0,0
240,2026-02-06,0,38,0,0,0,0,0,0,0
240,2026-02-07,3,41,2,1,1,0,1,1,0
240,2026-02-08,1,42,1,0,0,1,0,0,0
240,2026-02-09,4,46,4,0,0,4,0,0,0
240,2026-02-10,1,47,1,0,0,1,0,0,0
241,2026-01-14,0,0,0,0,0,0,0,0,0
241,2026-01-15,0,0,0,0,0,0,0,0,0
241,2026-01-16,0,0,0,0,0,0,0,0,0
241,2026-01-17,0,0,0,0,0,0,0,0,0
241,2026-01-18,0,0,0,0,0,0,0,0,0
241,2026-01-19,0,0,0,0,0,0,0,0,0
241,2026-01-20,0,0,0,0,0,0,0,0,0
241,2026-01-21,0,0,0,0,0,0,0,0,0
241,2026-01-22,0,0,0,0,0,0,0,0,0
241,2026-01-23,0,0,0,0,0,0,0,0,0
241,2026-01-24,0,0,0,0,0,0,0,0,0
241,2026-01-25,3,3,2,1,0,1,1,1,0
241,2026-01-26,1,4,1,0,0,1,0,0,0
241,2026-01-27,4,8,2,2,0,1,2,1,0
241,2026-01-28,4,12,3,1,0,2,1,1,0
241,2026-01-29,5,17,4,1,3,1,1,0,0
241,2026-01-30,3,20,2,1,0,2,1,0,0
241,2026-01-31,5,25,3,2,1,1,1,1,1
241,2026-02-01,7,32,7,0,3,2,0,2,0
241,2026-02-02,5,37,4,1,2,2,1,0,0
241,2026-02-03,4,41,3,1,1,1,1,1,0
241,2026-02-04,4,45,1,3,0,1,2,0,1
241,2026-02-05,3,48,3,0,0,3,0,0,0
241,2026-02-06,6,54,6,0,2,4,0,0,0
241,2026-02-07,2,56,1,1,0,1,1,0,0
241,2026-02-08,3,59,3,0,1,2,0,0,0
241,2026-02-09,2,61,2,0,1,1,0,0,0
241,2026-02-10,3,64,3,0,0,3,0,0,0
242,2026-01-14,0,0,0,0,0,0,0,0,0
242,2026-01-15,0,0,0,0,0,0,0,0,0
242,2026-01-16,0,0,0,0,0,0,0,0,0
242,2026-01-17,0,0,0,0,0,0,0,0,0
242,2026-01-18,0,0,0,0,0,0,0,0,0
242,2026-01-19,0,0,0,0,0,0,0,0,0
242,2026-01-20,0,0,0,0,0,0,0,0,0
242,2026-01-21,0,0,0,0,0,0,0,0,0
242,2026-01-22,0,0,0,0,0,0,0,0,0
242,2026-01-23,0,0,0,0,0,0,0,0,0
242,2026-01-24,0,0,0,0,0,0,0,0,0
242,2026-01-25,1,1,1,0,0,0,0,1,0
242,2026-01-26,1,2,1,0,0,1,0,0,0
242,2026-01-27,5,7,5,0,1,3,0,1,0
242,2026-01-28,1,8,1,0,1,0,0,0,0
242,2026-01-29,4,12,4,0,2,2,0,0,0
242,2026-01-30,2,14,2,0,1,1,0,0,0
242,2026-01-31,2,16,2,0,1,1,0,0,0
242,2026-02-01,1,17,1,0,0,1,0,0,0
242,2026-02-02,3,20,2,1,1,1,1,0,0
242,2026-02-03,2,22,2,0,1,1,0,0,0
242,2026-02-04,1,23,1,0,0,0,0,1,0
242,2026-02-05,1,24,1,0,1,0,0,0,0
242,2026-02-06,0,24,0,0,0,0,0,0,0
242,2026-02-07,1,25,1,0,0,1,0,0,0
242,2026-02-08,0,25,0,0,0,0,0,0,0
242,2026-02-09,0,25,0,0,0,0,0,0,0
242,2026-02-10,1,26,1,0,0,1,0,0,0
243,2026-01-14,0,0,0,0,0,0,0,0,0
243,2026-01-15,0,0,0,0,0,0,0,0,0
243,2026-01-16,0,0,0,0,0,0,0,0,0
243,2026-01-17,0,0,0,0,0,0,0,0,0
243,2026-01-18,0,0,0,0,0,0,0,0,0
243,2026-01-19,0,0,0,0,0,0,0,0,0
243,2026-01-20,0,0,0,0,0,0,0,0,0
243,2026-01-21,0,0,0,0,0,0,0,0,0
243,2026-01-22,0,0,0,0,0,0,0,0,0
243,2026-01-23,0,0,0,0,0,0,0,0,0
243,2026-01-24,0,0,0,0,0,0,0,0,0
243,2026-01-25,2,2,2,0,2,0,0,0,0
243,2026-01-26,3,5,1,2,1,0,2,0,0
243,2026-01-27,2,7,2,0,0,2,0,0,0
243,2026-01-28,6,13,6,0,1,3,0,2,0
243,2026-01-29,5,18,3,2,0,3,2,0,0
243,2026-01-30,3,21,3,0,1,2,0,0,0
243,2026-01-31,5,26,5,0,3,0,0,2,0
243,2026-02-01,7,33,6,1,2,4,0,0,1
243,2026-02-02,7,40,5,2,3,1,1,1,1
243,2026-02-03,4,44,4,0,1,3,0,0,0
243,2026-02-04,4,48,4,0,2,2,0,0,0
243,2026-02-05,3,51,2,1,1,1,1,0,0
243,2026-02-06,3,54,3,0,1,2,0,0,0
243,2026-02-07,1,55,1,0,1,0,0,0,0
243,2026-02-08,7,62,7,0,5,2,0,0,0
243,2026-02-09,2,64,2,0,0,2,0,0,0
243,2026-02-10,6,70,5,1,2,3,1,0,0
244,2026-01-14,0,0,0,0,0,0,0,0,0
244,2026-01-15,0,0,0,0,0,0,0,0,0
244,2026-01-16,0,0,0,0,0,0,0,0,0
244,2026-01-17,0,0,0,0,0,0,0,0,0
244,2026-01-18,0,0,0,0,0,0,0,0,0
244,2026-01-19,0,0,0,0,0,0,0,0,0
244,2026-01-20,0,0,0,0,0,0,0,0,0
244,2026-01-21,0,0,0,0,0,0,0,0,0
244,2026-01-22,0,0,0,0,0,0,0,0,0
244,2026-01-23,0,0,0,0,0,0,0,0,0
244,2026-01-24,0,0,0,0,0,0,0,0,0
244,2026-01-25,5,5,4,1,0,3,1,1,0
244,2026-01-26,1,6,1,0,0,1,0,0,0
244,2026-01-27,3,9,2,1,0,1,1,1,0
244,2026-01-28,1,10,1,0,0,0,0,1,0
244,2026-01-29,3,13,2,1,1,1,1,0,0
244,2026-01-30,1,14,0,1,0,0,1,0,0
244,2026-01-31,1,15,0,1,0,0,1,0,0
244,2026-02-01,1,16,1,0,0,1,0,0,0
244,2026-02-02,1,17,0,1,0,0,0,0,1
244,2026-02-03,2,19,2,0,0,2,0,0,0
244,2026-02-04,1,20,0,1,0,0,0,0,1
244,2026-02-05,4,24,3,1,0,3,1,0,0
244,2026-02-06,1,25,1,0,0,1,0,0,0
244,2026-02-07,2,27,1,1,0,0,1,1,0
244,2026-02-08,3,30,2,1,1,1,1,0,0
244,2026-02-09,1,31,0,1,0,0,1,0,0
244,2026-02-10,3,34,3,0,1,2,0,0,0
245,2026-01-14,0,0,0,0,0,0,0,0,0
245,2026-01-15,0,0,0,0,0,0,0,0,0
245,2026-01-16,0,0,0,0,0,0,0,0,0
245,2026-01-17,0,0,0,0,0,0,0,0,0
245,2026-01-18,0,0,0,0,0,0,0,0,0
245,2026-01-19,0,0,0,0,0,0,0,0,0
245,2026-01-20,0,0,0,0,0,0,0,0,0
245,2026-01-21,0,0,0,0,0,0,0,0,0
245,2026-01-22,0,0,0,0,0,0,0,0,0
245,2026-01-23,0,0,0,0,0,0,0,0,0
245,2026-01-24,0,0,0,0,0,0,0,0,0
245,2026-01-25,6,6,5,1,1,4,1,0,0
245,2026-01-26,0,6,0,0,0,0,0,0,0
245,2026-01-27,4,10,2,2,0,1,2,1,0
245,2026-01-28,1,11,1,0,0,1,0,0,0
245,2026-01-29,1,12,1,0,0,1,0,0,0
245,2026-01-30,1,13,1,0,0,1,0,0,0
245,2026-01-31,1,14,1,0,0,1,0,0,0
245,2026-02-01,3,17,3,0,2,1,0,0,0
245,2026-02-02,0,17,0,0,0,0,0,0,0
245,2026-02-03,1,18,0,1,0,0,1,0,0
245,2026-02-04,6,24,4,2,1,2,2,1,0
245,2026-02-05,1,25,1,0,1,0,0,0,0
245,2026-02-06,3,28,2,1,0,2,1,0,0
245,2026-02-07,3,31,1,2,0,0,2,1,0
245,2026-02-08,2,33,2,0,0,1,0,1,0
245,2026-02-09,3,36,1,2,0,1,2,0,0
245,2026-02-10,1,37,0,1,0,0,1,0,0
246,2026-01-14,0,0,0,0,0,0,0,0,0
246,2026-01-15,0,0,0,0,0,0,0,0,0
246,2026-01-16,0,0,0,0,0,0,0,0,0
246,2026-01-17,0,0,0,0,0,0,0,0,0
246,2026-01-18,0,0,0,0,0,0,0,0,0
246,2026-01-19,0,0,0,0,0,0,0,0,0
246,2026-01-20,0,0,0,0,0,0,0,0,0
246,2026-01-21,0,0,0,0,0,0,0,0,0
246,2026-01-22,0,0,0,0,0,0,0,0,0
246,2026-01-23,0,0,0,0,0,0,0,0,0
246,2026-01-24,0,0,0,0,0,0,0,0,0
246,2026-01-25,8,8,6,2,2,3,1,1,1
246,2026-01-26,6,14,5,1,2,2,1,1,0
246,2026-01-27,2,16,2,0,1,1,0,0,0
246,2026-01-28,1,17,1,0,0,0,0,1,0
246,2026-01-29,2,19,2,0,0,1,0,1,0
246,2026-01-30,2,21,2,0,0,2,0,0,0
246,2026-01-31,5,26,5,0,2,3,0,0,0
246,2026-02-01,1,27,1,0,0,1,0,0,0
246,2026-02-02,6,33,6,0,3,2,0,1,0
246,2026-02-03,5,38,3,2,1,2,1,0,1
246,2026-02-04,6,44,5,1,2,3,0,0,1
246,2026-02-05,3,47,3,0,0,2,0,1,0
246,2026-02-06,5,52,3,2,1,2,2,0,0
246,2026-02-07,5,57,5,0,1,4,0,0,0
246,2026-02-08,2,59,2,0,1,1,0,0,0
246,2026-02-09,3,62,3,0,1,2,0,0,0
246,2026-02-10,7,69,5,2,2,2,1,1,1
247,2026-01-14,0,0,0,0,0,0,0,0,0
247,2026-01-15,0,0,0,0,0,0,0,0,0
247,2026-01-16,0,0,0,0,0,0,0,0,0
247,2026-01-17,0,0,0,0,0,0,0,0,0
247,2026-01-18,0,0,0,0,0,0,0,0,0
247,2026-01-19,0,0,0,0,0,0,0,0,0
247,2026-01-20,0,0,0,0,0,0,0,0,0
247,2026-01-21,0,0,0,0,0,0,0,0,0
247,2026-01-22,0,0,0,0,0,0,0,0,0
247,2026-01-23,0,0,0,0,0,0,0,0,0
247,2026-01-24,0,0,0,0,0,0,0,0,0
247,2026-01-25,2,2,2,0,0,2,0,0,0
247,2026-01-26,6,8,4,2,1,3,2,0,0
247,2026-01-27,4,12,3,1,1,2,1,0,0
247,2026-01-28,3,15,3,0,2,1,0,0,0
247,2026-01-29,2,17,2,0,0,2,0,0,0
247,2026-01-30,5,22,4,1,3,1,1,0,0
247,2026-01-31,3,25,1,2,0,1,2,0,0
247,2026-02-01,6,31,5,1,2,2,1,1,0
247,2026-02-02,6,37,4,2,1,3,2,0,0
247,2026-02-03,7,44,4,3,0,3,3,1,0
247,2026-02-04,2,46,2,0,2,0,0,0,0
247,2026-02-05,1,47,1,0,0,1,0,0,0
247,2026-02-06,5,52,4,1,0,3,1,1,0
247,2026-02-07,1,53,0,1,0,0,1,0,0
247,2026-02-08,2,55,1,1,1,0,1,0,0
247,2026-02-09,1,56,1,0,0,1,0,0,0
247,2026-02-10,4,60,4,0,0,3,0,1,0
248,2026-01-14,0,0,0,0,0,0,0,0,0
248,2026-01-15,0,0,0,0,0,0,0,0,0
248,2026-01-16,0,0,0,0,0,0,0,0,0
248,2026-01-17,0,0,0,0,0,0,0,0,0
248,2026-01-18,0,0,0,0,0,0,0,0,0
248,2026-01-19,0,0,0,0,0,0,0,0,0
248,2026-01-20,0,0,0,0,0,0,0,0,0
248,2026-01-21,0,0,0,0,0,0,0,0,0
248,2026-01-22,0,0,0,0,0,0,0,0,0
248,2026-01-23,0,0,0,0,0,0,0,0,0
248,2026-01-24,0,0,0,0,0,0,0,0,0
248,2026-01-25,3,3,3,0,2,1,0,0,0
248,2026-01-26,3,6,2,1,1,1,1,0,0
248,2026-01-27,4,10,4,0,1,3,0,0,0
248,2026-01-28,3,13,2,1,1,0,1,1,0
248,2026-01-29,2,15,2,0,0,1,0,1,0
248,2026-01-30,3,18,3,0,2,1,0,0,0
248,2026-01-31,6,24,3,3,3,0,3,0,0
248,2026-02-01,1,25,1,0,0,0,0,1,0
248,2026-02-02,2,27,2,0,1,0,0,1,0
248,2026-02-03,3,30,3,0,0,2,0,1,0
248,2026-02-04,0,30,0,0,0,0,0,0,0
248,2026-02-05,2,32,2,0,0,1,0,1,0
248,2026-02-06,4,36,4,0,1,2,0,1,0
248,2026-02-07,2,38,2,0,0,2,0,0,0
248,2026-02-08,0,38,0,0,0,0,0,0,0
248,2026-02-09,0,38,0,0,0,0,0,0,0
248,2026-02-10,1,39,1,0,1,0,0,0,0
249,2026-01-14,0,0,0,0,0,0,0,0,0
249,2026-01-15,0,0,0,0,0,0,0,0,0
249,2026-01-16,0,0,0,0,0,0,0,0,0
249,2026-01-17,0,0,0,0,0,0,0,0,0
249,2026-01-18,0,0,0,0,0,0,0,0,0
249,2026-01-19,0,0,0,0,0,0,0,0,0
249,2026-01-20,0,0,0,0,0,0,0,0,0
249,2026-01-21,0,0,0,0,0,0,0,0,0
249,2026-01-22,0,0,0,0,0,0,0,0,0
249,2026-01-23,0,0,0,0,0,0,0,0,0
249,2026-01-24,0,0,0,0,0,0,0,0,0
249,2026-01-25,3,3,2,1,0,1,1,1,0
249,2026-01-26,5,8,3,2,0,3,2,0,0
249,2026-01-27,1,9,1,0,1,0,0,0,0
249,2026-01-28,3,12,2,1,0,2,1,0,0
249,2026-01-29,5,17,5,0,1,4,0,0,0
249,2026-01-30,5,22,5,0,2,3,0,0,0
249,2026-01-31,3,25,1,2,0,1,1,0,1
249,2026-02-01,1,26,1,0,1,0,0,0,0
249,2026-02-02,4,30,4,0,1,3,0,0,0
249,2026-02-03,5,35,5,0,1,4,0,0,0
249,2026-02-04,4,39,3,1,1,1,1,1,0
249,2026-02-05,5,44,4,1,3,0,1,1,0
249,2026-02-06,1,45,1,0,1,0,0,0,0
249,2026-02-07,2,47,1,1,0,1,1,0,0
249,2026-02-08,2,49,2,0,1,1,0,0,0
249,2026-02-09,1,50,1,0,0,1,0,0,0
249,2026-02-10,1,51,1,0,0,1,0,0,0
250,2026-01-14,0,0,0,0,0,0,0,0,0
250,2026-01-15,0,0,0,0,0,0,0,0,0
250,2026-01-16,0,0,0,0,0,0,0,0,0
250,2026-01-17,0,0,0,0,0,0,0,0,0
250,2026-01-18,0,0,0,0,0,0,0,0,0
250,2026-01-19,0,0,0,0,0,0,0,0,0
250,2026-01-20,0,0,0,0,0,0,0,0,0
250,2026-01-21,0,0,0,0,0,0,0,0,0
250,2026-01-22,0,0,0,0,0,0,0,0,0
250,2026-01-23,0,0,0,0,0,0,0,0,0
250,2026-01-24,0,0,0,0,0,0,0,0,0
250,2026-01-25,4,4,4,0,2,1,0,1,0
250,2026-01-26,8,12,6,2,1,3,2,2,0
250,2026-01-27,7,19,7,0,2,5,0,0,0
250,2026-01-28,4,23,4,0,3,1,0,0,0
250,2026-01-29,3,26,3,0,0,3,0,0,0
250,2026-01-30,5,31,5,0,1,4,0,0,0
250,2026-01-31,6,37,5,1,2,3,1,0,0
250,2026-02-01,1,38,1,0,0,1,0,0,0
250,2026-02-02,3,41,3,0,2,1,0,0,0
250,2026-02-03,3,44,3,0,0,2,0,1,0
250,2026-02-04,7,51,7,0,2,3,0,2,0
250,2026-02-05,5,56,5,0,1,4,0,0,0
250,2026-02-06,3,59,2,1,1,1,1,0,0
250,2026-02-07,5,64,4,1,1,3,0,0,1
250,2026-02-08,4,68,3,1,1,2,1,0,0
250,2026-02-09,8,76,7,1,3,4,1,0,0
250,2026-02-10,4,80,3,1,1,2,1,0,0
251,2026-01-14,0,0,0,0,0,0,0,0,0
251,2026-01-15,0,0,0,0,0,0,0,0,0
251,2026-01-16,0,0,0,0,0,0,0,0,0
251,2026-01-17,0,0,0,0,0,0,0,0,0
251,2026-01-18,0,0,0,0,0,0,0,0,0
251,2026-01-19,0,0,0,0,0,0,0,0,0
251,2026-01-20,0,0,0,0,0,0,0,0,0
251,2026-01-21,0,0,0,0,0,0,0,0,0
251,2026-01-22,0,0,0,0,0,0,0,0,0
251,2026-01-23,0,0,0,0,0,0,0,0,0
251,2026-01-24,0,0,0,0,0,0,0,0,0
251,2026-01-25,2,2,2,0,0,2,0,0,0
251,2026-01-26,6,8,3,3,0,2,2,1,1
251,2026-01-27,6,14,2,4,0,1,3,1,1
251,2026-01-28,7,21,5,2,1,3,2,1,0
251,2026-01-29,5,26,3,2,2,1,2,0,0
251,2026-01-30,5,31,5,0,1,3,0,1,0
251,2026-01-31,5,36,3,2,0,2,2,1,0
251,2026-02-01,7,43,5,2,2,3,2,0,0
251,2026-02-02,4,47,4,0,3,1,0,0,0
251,2026-02-03,4,51,3,1,0,3,1,0,0
251,2026-02-04,5,56,4,1,0,4,1,0,0
251,2026-02-05,4,60,4,0,1,2,0,1,0
251,2026-02-06,5,65,2,3,0,2,3,0,0
251,2026-02-07,5,70,2,3,1,1,3,0,0
251,2026-02-08,5,75,4,1,0,4,1,0,0
251,2026-02-09,7,82,6,1,1,5,1,0,0
251,2026-02-10,2,84,1,1,0,1,1,0,0
252,2026-01-14,0,0,0,0,0,0,0,0,0
252,2026-01-15,0,0,0,0,0,0,0,0,0
252,2026-01-16,0,0,0,0,0,0,0,0,0
252,2026-01-17,0,0,0,0,0,0,0,0,0
252,2026-01-18,0,0,0,0,0,0,0,0,0
252,2026-01-19,0,0,0,0,0,0,0,0,0
252,2026-01-20,0,0,0,0,0,0,0,0,0
252,2026-01-21,0,0,0,0,0,0,0,0,0
252,2026-01-22,0,0,0,0,0,0,0,0,0
252,2026-01-23,0,0,0,0,0,0,0,0,0
252,2026-01-24,0,0,0,0,0,0,0,0,0
252,2026-01-25,4,4,3,1,1,2,1,0,0
252,2026-01-26,4,8,3,1,2,1,1,0,0
252,2026-01-27,3,11,3,0,2,1,0,0,0
252,2026-01-28,1,12,1,0,0,0,0,1,0
252,2026-01-29,2,14,2,0,0,2,0,0,0
252,2026-01-30,1,15,0,1,0,0,1,0,0
252,2026-01-31,1,16,1,0,0,0,0,1,0
252,2026-02-01,0,16,0,0,0,0,0,0,0
252,2026-02-02,5,21,4,1,1,3,1,0,0
252,2026-02-03,2,23,2,0,1,1,0,0,0
252,2026-02-04,0,23,0,0,0,0,0,0,0
252,2026-02-05,2,25,1,1,0,1,1,0,0
252,2026-02-06,3,28,3,0,0,3,0,0,0
252,2026-02-07,0,28,0,0,0,0,0,0,0
252,2026-02-08,6,34,5,1,2,2,0,1,1
252,2026-02-09,3,37,3,0,0,3,0,0,0
252,2026-02-10,1,38,1,0,0,1,0,0,0
253,2026-01-14,0,0,0,0,0,0,0,0,0
253,2026-01-15,0,0,0,0,0,0,0,0,0
253,2026-01-16,0,0,0,0,0,0,0,0,0
253,2026-01-17,0,0,0,0,0,0,0,0,0
253,2026-01-18,0,0,0,0,0,0,0,0,0
253,2026-01-19,0,0,0,0,0,0,0,0,0
253,2026-01-20,0,0,0,0,0,0,0,0,0
253,2026-01-21,0,0,0,0,0,0,0,0,0
253,2026-01-22,0,0,0,0,0,0,0,0,0
253,2026-01-23,0,0,0,0,0,0,0,0,0
253,2026-01-24,0,0,0,0,0,0,0,0,0
253,2026-01-25,3,3,2,1,2,0,1,0,0
253,2026-01-26,3,6,3,0,2,1,0,0,0
253,2026-01-27,2,8,2,0,0,1,0,1,0
253,2026-01-28,2,10,1,1,0,1,1,0,0
253,2026-01-29,3,13,3,0,0,2,0,1,0
253,2026-01-30,4,17,3,1,1,2,1,0,0
253,2026-01-31,1,18,1,0,0,0,0,1,0
253,2026-02-01,2,20,2,0,1,1,0,0,0
253,2026-02-02,3,23,3,0,0,1,0,2,0
253,2026-02-03,1,24,1,0,0,1,0,0,0
253,2026-02-04,1,25,0,1,0,0,1,0,0
253,2026-02-05,2,27,2,0,1,1,0,0,0
253,2026-02-06,3,30,3,0,1,2,0,0,0
253,2026-02-07,2,32,2,0,0,2,0,0,0
253,2026-02-08,0,32,0,0,0,0,0,0,0
253,2026-02-09,4,36,2,2,0,2,2,0,0
253,2026-02-10,1,37,1,0,1,0,0,0,0
254,2026-01-14,0,0,0,0,0,0,0,0,0
254,2026-01-15,0,0,0,0,0,0,0,0,0
254,2026-01-16,0,0,0,0,0,0,0,0,0
254,2026-01-17,0,0,0,0,0,0,0,0,0
254,2026-01-18,0,0,0,0,0,0,0,0,0
254,2026-01-19,0,0,0,0,0,0,0,0,0
254,2026-01-20,0,0,0,0,0,0,0,0,0
254,2026-01-21,0,0,0,0,0,0,0,0,0
254,2026-01-22,0,0,0,0,0,0,0,0,0
254,2026-01-23,0,0,0,0,0,0,0,0,0
254,2026-01-24,0,0,0,0,0,0,0,0,0
254,2026-01-25,4,4,3,1,0,3,0,0,1
254,2026-01-26,1,5,1,0,0,1,0,0,0
254,2026-01-27,3,8,3,0,2,1,0,0,0
254,2026-01-28,2,10,2,0,1,1,0,0,0
254,2026-01-29,4,14,4,0,1,3,0,0,0
254,2026-01-30,5,19,4,1,1,2,1,1,0
254,2026-01-31,1,20,1,0,0,1,0,0,0
254,2026-02-01,1,21,1,0,0,0,0,1,0
254,2026-02-02,2,23,2,0,1,1,0,0,0
254,2026-02-03,2,25,2,0,1,1,0,0,0
254,2026-02-04,1,26,1,0,0,1,0,0,0
254,2026-02-05,2,28,2,0,1,1,0,0,0
254,2026-02-06,3,31,2,1,0,1,1,1,0
254,2026-02-07,2,33,2,0,1,1,0,0,0
254,2026-02-08,1,34,1,0,1,0,0,0,0
254,2026-02-09,3,37,3,0,1,2,0,0,0
254,2026-02-10,0,37,0,0,0,0,0,0,0
255,2026-01-14,0,0,0,0,0,0,0,0,0
255,2026-01-15,0,0,0,0,0,0,0,0,0
255,2026-01-16,0,0,0,0,0,0,0,0,0
255,2026-01-17,0,0,0,0,0,0,0,0,0
255,2026-01-18,0,0,0,0,0,0,0,0,0
255,2026-01-19,0,0,0,0,0,0,0,0,0
255,2026-01-20,0,0,0,0,0,0,0,0,0
255,2026-01-21,0,0,0,0,0,0,0,0,0
255,2026-01-22,0,0,0,0,0,0,0,0,0
255,2026-01-23,0,0,0,0,0,0,0,0,0
255,2026-01-24,0,0,0,0,0,0,0,0,0
255,2026-01-25,2,2,2,0,1,1,0,0,0
255,2026-01-26,10,12,6,4,0,5,4,1,0
255,2026-01-27,2,14,1,1,1,0,1,0,0
255,2026-01-28,3,17,2,1,1,0,1,1,0
255,2026-01-29,2,19,1,1,1,0,1,0,0
255,2026-01-30,0,19,0,0,0,0,0,0,0
255,2026-01-31,1,20,1,0,0,1,0,0,0
255,2026-02-01,3,23,3,0,0,3,0,0,0
255,2026-02-02,3,26,2,1,0,2,1,0,0
255,2026-02-03,2,28,2,0,1,1,0,0,0
255,2026-02-04,3,31,2,1,1,0,1,1,0
255,2026-02-05,3,34,3,0,0,3,0,0,0
255,2026-02-06,2,36,0,2,0,0,1,0,1
255,2026-02-07,3,39,1,2,1,0,1,0,1
255,2026-02-08,1,40,1,0,1,0,0,0,0
255,2026-02-09,2,42,1,1,0,1,1,0,0
255,2026-02-10,2,44,2,0,0,2,0,0,0
256,2026-01-14,0,0,0,0,0,0,0,0,0
256,2026-01-15,0,0,0,0,0,0,0,0,0
256,2026-01-16,0,0,0,0,0,0,0,0,0
256,2026-01-17,0,0,0,0,0,0,0,0,0
256,2026-01-18,0,0,0,0,0,0,0,0,0
256,2026-01-19,0,0,0,0,0,0,0,0,0
256,2026-01-20,0,0,0,0,0,0,0,0,0
256,2026-01-21,0,0,0,0,0,0,0,0,0
256,2026-01-22,0,0,0,0,0,0,0,0,0
256,2026-01-23,0,0,0,0,0,0,0,0,0
256,2026-01-24,0,0,0,0,0,0,0,0,0
256,2026-01-25,3,3,3,0,1,2,0,0,0
256,2026-01-26,7,10,7,0,2,4,0,1,0
256,2026-01-27,6,16,6,0,3,3,0,0,0
256,2026-01-28,9,25,7,2,4,3,1,0,1
256,2026-01-29,3,28,2,1,1,1,1,0,0
256,2026-01-30,3,31,1,2,0,1,2,0,0
256,2026-01-31,3,34,3,0,3,0,0,0,0
256,2026-02-01,5,39,5,0,1,4,0,0,0
256,2026-02-02,5,44,4,1,2,2,1,0,0
256,2026-02-03,6,50,6,0,1,5,0,0,0
256,2026-02-04,4,54,4,0,4,0,0,0,0
256,2026-02-05,5,59,4,1,0,3,1,1,0
256,2026-02-06,7,66,6,1,0,6,1,0,0
256,2026-02-07,2,68,1,1,1,0,0,0,1
256,2026-02-08,6,74,4,2,2,2,2,0,0
256,2026-02-09,3,77,2,1,0,2,0,0,1
256,2026-02-10,3,80,3,0,1,2,0,0,0
257,2026-01-14,0,0,0,0,0,0,0,0,0
257,2026-01-15,0,0,0,0,0,0,0,0,0
257,2026-01-16,0,0,0,0,0,0,0,0,0
257,2026-01-17,0,0,0,0,0,0,0,0,0
257,2026-01-18,0,0,0,0,0,0,0,0,0
257,2026-01-19,0,0,0,0,0,0,0,0,0
257,2026-01-20,0,0,0,0,0,0,0,0,0
257,2026-01-21,0,0,0,0,0,0,0,0,0
257,2026-01-22,0,0,0,0,0,0,0,0,0
257,2026-01-23,0,0,0,0,0,0,0,0,0
257,2026-01-24,0,0,0,0,0,0,0,0,0
257,2026-01-25,3,3,2,1,2,0,1,0,0
257,2026-01-26,4,7,4,0,1,3,0,0,0
257,2026-01-27,2,9,2,0,0,1,0,1,0
257,2026-01-28,0,9,0,0,0,0,0,0,0
257,2026-01-29,3,12,3,0,1,2,0,0,0
257,2026-01-30,6,18,6,0,2,4,0,0,0
257,2026-01-31,3,21,2,1,0,2,0,0,1
257,2026-02-01,5,26,4,1,1,3,1,0,0
257,2026-02-02,1,27,1,0,0,0,0,1,0
257,2026-02-03,2,29,1,1,1,0,1,0,0
257,2026-02-04,1,30,0,1,0,0,1,0,0
257,2026-02-05,2,32,1,1,1,0,0,0,1
257,2026-02-06,2,34,1,1,1,0,1,0,0
257,2026-02-07,4,38,4,0,0,3,0,1,0
257,2026-02-08,0,38,0,0,0,0,0,0,0
257,2026-02-09,2,40,1,1,0,1,1,0,0
257,2026-02-10,0,40,0,0,0,0,0,0,0
258,2026-01-14,0,0,0,0,0,0,0,0,0
258,2026-01-15,0,0,0,0,0,0,0,0,0
258,2026-01-16,0,0,0,0,0,0,0,0,0
258,2026-01-17,0,0,0,0,0,0,0,0,0
258,2026-01-18,0,0,0,0,0,0,0,0,0
258,2026-01-19,0,0,0,0,0,0,0,0,0
258,2026-01-20,0,0,0,0,0,0,0,0,0
258,2026-01-21,0,0,0,0,0,0,0,0,0
258,2026-01-22,0,0,0,0,0,0,0,0,0
258,2026-01-23,0,0,0,0,0,0,0,0,0
258,2026-01-24,0,0,0,0,0,0,0,0,0
258,2026-01-25,2,2,1,1,0,1,1,0,0
258,2026-01-26,5,7,5,0,1,3,0,1,0
258,2026-01-27,4,11,3,1,1,2,1,0,0
258,2026-01-28,4,15,3,1,0,2,1,1,0
258,2026-01-29,3,18,3,0,1,2,0,0,0
258,2026-01-30,5,23,5,0,1,2,0,2,0
258,2026-01-31,2,25,1,1,0,1,0,0,1
258,2026-02-01,2,27,2,0,0,2,0,0,0
258,2026-02-02,4,31,3,1,3,0,1,0,0
258,2026-02-03,5,36,5,0,2,3,0,0,0
258,2026-02-04,4,40,3,1,0,2,1,1,0
258,2026-02-05,5,45,4,1,1,3,1,0,0
258,2026-02-06,3,48,2,1,1,1,1,0,0
258,2026-02-07,3,51,2,1,0,1,1,1,0
258,2026-02-08,6,57,4,2,2,2,2,0,0
258,2026-02-09,1,58,1,0,0,0,0,1,0
258,2026-02-10,3,61,2,1,0,2,1,0,0
259,2026-01-14,0,0,0,0,0,0,0,0,0
259,2026-01-15,0,0,0,0,0,0,0,0,0
259,2026-01-16,0,0,0,0,0,0,0,0,0
259,2026-01-17,0,0,0,0,0,0,0,0,0
259,2026-01-18,0,0,0,0,0,0,0,0,0
259,2026-01-19,0,0,0,0,0,0,0,0,0
259,2026-01-20,0,0,0,0,0,0,0,0,0
259,2026-01-21,0,0,0,0,0,0,0,0,0
259,2026-01-22,0,0,0,0,0,0,0,0,0
259,2026-01-23,0,0,0,0,0,0,0,0,0
259,2026-01-24,0,0,0,0,0,0,0,0,0
259,2026-01-25,6,6,5,1,1,3,1,1,0
259,2026-01-26,0,6,0,0,0,0,0,0,0
259,2026-01-27,6,12,4,2,2,2,2,0,0
259,2026-01-28,4,16,3,1,0,3,0,0,1
259,2026-01-29,2,18,2,0,1,1,0,0,0
259,2026-01-30,3,21,1,2,0,1,0,0,2
259,2026-01-31,1,22,1,0,0,1,0,0,0
259,2026-02-01,0,22,0,0,0,0,0,0,0
259,2026-02-02,3,25,0,3,0,0,3,0,0
259,2026-02-03,2,27,2,0,0,2,0,0,0
259,2026-02-04,2,29,1,1,0,1,0,0,1
259,2026-02-05,2,31,2,0,0,2,0,0,0
259,2026-02-06,2,33,2,0,1,1,0,0,0
259,2026-02-07,3,36,2,1,0,1,1,1,0
259,2026-02-08,1,37,1,0,0,1,0,0,0
259,2026-02-09,2,39,2,0,0,2,0,0,0
259,2026-02-10,1,40,1,0,1,0,0,0,0
260,2026-01-14,0,0,0,0,0,0,0,0,0
260,2026-01-15,0,0,0,0,0,0,0,0,0
260,2026-01-16,0,0,0,0,0,0,0,0,0
260,2026-01-17,0,0,0,0,0,0,0,0,0
260,2026-01-18,0,0,0,0,0,0,0,0,0
260,2026-01-19,0,0,0,0,0,0,0,0,0
260,2026-01-20,0,0,0,0,0,0,0,0,0
260,2026-01-21,0,0,0,0,0,0,0,0,0
260,2026-01-22,0,0,0,0,0,0,0,0,0
260,2026-01-23,0,0,0,0,0,0,0,0,0
260,2026-01-24,0,0,0,0,0,0,0,0,0
260,2026-01-25,1,1,1,0,0,1,0,0,0
260,2026-01-26,1,2,1,0,0,1,0,0,0
260,2026-01-27,1,3,1,0,1,0,0,0,0
260,2026-01-28,1,4,0,1,0,0,0,0,1
260,2026-01-29,0,4,0,0,0,0,0,0,0
260,2026-01-30,2,6,1,1,1,0,1,0,0
260,2026-01-31,4,10,4,0,0,4,0,0,0
260,2026-02-01,1,11,0,1,0,0,1,0,0
260,2026-02-02,1,12,1,0,0,1,0,0,0
260,2026-02-03,2,14,1,1,0,1,0,0,1
260,2026-02-04,2,16,2,0,2,0,0,0,0
260,2026-02-05,2,18,2,0,1,1,0,0,0
260,2026-02-06,4,22,3,1,2,1,1,0,0
260,2026-02-07,0,22,0,0,0,0,0,0,0
260,2026-02-08,0,22,0,0,0,0,0,0,0
260,2026-02-09,0,22,0,0,0,0,0,0,0
260,2026-02-10,1,23,1,0,0,1,0,0,0
261,2026-01-14,0,0,0,0,0,0,0,0,0
261,2026-01-15,0,0,0,0,0,0,0,0,0
261,2026-01-16,0,0,0,0,0,0,0,0,0
261,2026-01-17,0,0,0,0,0,0,0,0,0
261,2026-01-18,0,0,0,0,0,0,0,0,0
261,2026-01-19,0,0,0,0,0,0,0,0,0
261,2026-01-20,0,0,0,0,0,0,0,0,0
261,2026-01-21,0,0,0,0,0,0,0,0,0
261,2026-01-22,0,0,0,0,0,0,0,0,0
261,2026-01-23,0,0,0,0,0,0,0,0,0
261,2026-01-24,0,0,0,0,0,0,0,0,0
261,2026-01-25,6,6,4,2,0,4,1,0,1
261,2026-01-26,3,9,2,1,0,2,1,0,0
261,2026-01-27,7,16,7,0,1,3,0,3,0
261,2026-01-28,6,22,6,0,2,3,0,1,0
261,2026-01-29,1,23,1,0,0,1,0,0,0
261,2026-01-30,4,27,4,0,2,2,0,0,0
261,2026-01-31,0,27,0,0,0,0,0,0,0
261,2026-02-01,3,30,3,0,1,1,0,1,0
261,2026-02-02,2,32,2,0,2,0,0,0,0
261,2026-02-03,1,33,1,0,0,1,0,0,0
261,2026-02-04,2,35,1,1,0,1,1,0,0
261,2026-02-05,3,38,3,0,0,3,0,0,0
261,2026-02-06,3,41,3,0,1,2,0,0,0
261,2026-02-07,3,44,3,0,2,0,0,1,0
261,2026-02-08,4,48,4,0,2,2,0,0,0
261,2026-02-09,3,51,3,0,1,2,0,0,0
261,2026-02-10,4,55,3,1,1,2,1,0,0
262,2026-01-14,0,0,0,0,0,0,0,0,0
262,2026-01-15,0,0,0,0,0,0,0,0,0
262,2026-01-16,0,0,0,0,0,0,0,0,0
262,2026-01-17,0,0,0,0,0,0,0,0,0
262,2026-01-18,0,0,0,0,0,0,0,0,0
262,2026-01-19,0,0,0,0,0,0,0,0,0
262,2026-01-20,0,0,0,0,0,0,0,0,0
262,2026-01-21,0,0,0,0,0,0,0,0,0
262,2026-01-22,0,0,0,0,0,0,0,0,0
262,2026-01-23,0,0,0,0,0,0,0,0,0
262,2026-01-24,0,0,0,0,0,0,0,0,0
262,2026-01-25,4,4,4,0,1,2,0,1,0
262,2026-01-26,7,11,6,1,2,3,1,1,0
262,2026-01-27,0,11,0,0,0,0,0,0,0
262,2026-01-28,3,14,3,0,1,2,0,0,0
262,2026-01-29,5,19,4,1,1,3,1,0,0
262,2026-01-30,0,19,0,0,0,0,0,0,0
262,2026-01-31,2,21,2,0,2,0,0,0,0
262,2026-02-01,2,23,1,1,0,1,1,0,0
262,2026-02-02,2,25,2,0,0,2,0,0,0
262,2026-02-03,0,25,0,0,0,0,0,0,0
262,2026-02-04,3,28,3,0,0,2,0,1,0
262,2026-02-05,0,28,0,0,0,0,0,0,0
262,2026-02-06,0,28,0,0,0,0,0,0,0
262,2026-02-07,1,29,1,0,0,1,0,0,0
262,2026-02-08,3,32,3,0,0,3,0,0,0
262,2026-02-09,0,32,0,0,0,0,0,0,0
262,2026-02-10,3,35,2,1,1,0,1,1,0
263,2026-01-14,0,0,0,0,0,0,0,0,0
263,2026-01-15,0,0,0,0,0,0,0,0,0
263,2026-01-16,0,0,0,0,0,0,0,0,0
263,2026-01-17,0,0,0,0,0,0,0,0,0
263,2026-01-18,0,0,0,0,0,0,0,0,0
263,2026-01-19,0,0,0,0,0,0,0,0,0
263,2026-01-20,0,0,0,0,0,0,0,0,0
263,2026-01-21,0,0,0,0,0,0,0,0,0
263,2026-01-22,0,0,0,0,0,0,0,0,0
263,2026-01-23,0,0,0,0,0,0,0,0,0
263,2026-01-24,0,0,0,0,0,0,0,0,0
263,2026-01-25,5,5,5,0,2,2,0,1,0
263,2026-01-26,5,10,2,3,0,2,3,0,0
263,2026-01-27,6,16,6,0,4,2,0,0,0
263,2026-01-28,2,18,2,0,1,1,0,0,0
263,2026-01-29,3,21,2,1,0,2,0,0,1
263,2026-01-30,2,23,2,0,0,2,0,0,0
263,2026-01-31,1,24,1,0,0,1,0,0,0
263,2026-02-01,1,25,1,0,1,0,0,0,0
263,2026-02-02,3,28,1,2,1,0,2,0,0
263,2026-02-03,2,30,2,0,0,2,0,0,0
263,2026-02-04,2,32,1,1,1,0,1,0,0
263,2026-02-05,0,32,0,0,0,0,0,0,0
263,2026-02-06,1,33,1,0,0,1,0,0,0
263,2026-02-07,1,34,0,1,0,0,1,0,0
263,2026-02-08,1,35,1,0,1,0,0,0,0
263,2026-02-09,1,36,1,0,0,0,0,1,0
263,2026-02-10,3,39,3,0,1,1,0,1,0
264,2026-01-14,0,0,0,0,0,0,0,0,0
264,2026-01-15,0,0,0,0,0,0,0,0,0
264,2026-01-16,0,0,0,0,0,0,0,0,0
264,2026-01-17,0,0,0,0,0,0,0,0,0
264,2026-01-18,0,0,0,0,0,0,0,0,0
264,2026-01-19,0,0,0,0,0,0,0,0,0
264,2026-01-20,0,0,0,0,0,0,0,0,0
264,2026-01-21,0,0,0,0,0,0,0,0,0
264,2026-01-22,0,0,0,0,0,0,0,0,0
264,2026-01-23,0,0,0,0,0,0,0,0,0
264,2026-01-24,0,0,0,0,0,0,0,0,0
264,2026-01-25,3,3,2,1,1,1,1,0,0
264,2026-01-26,3,6,3,0,0,2,0,1,0
264,2026-01-27,2,8,1,1,0,1,0,0,1
264,2026-01-28,5,13,4,1,0,3,1,1,0
264,2026-01-29,3,16,3,0,1,0,0,2,0
264,2026-01-30,2,18,2,0,2,0,0,0,0
264,2026-01-31,4,22,4,0,1,2,0,1,0
264,2026-02-01,3,25,3,0,0,2,0,1,0
264,2026-02-02,1,26,1,0,0,1,0,0,0
264,2026-02-03,1,27,1,0,0,0,0,1,0
264,2026-02-04,3,30,3,0,1,2,0,0,0
264,2026-02-05,4,34,4,0,1,2,0,1,0
264,2026-02-06,1,35,1,0,0,1,0,0,0
264,2026-02-07,0,35,0,0,0,0,0,0,0
264,2026-02-08,5,40,4,1,2,2,0,0,1
264,2026-02-09,1,41,1,0,0,1,0,0,0
264,2026-02-10,2,43,2,0,0,2,0,0,0
265,2026-01-14,0,0,0,0,0,0,0,0,0
265,2026-01-15,0,0,0,0,0,0,0,0,0
265,2026-01-16,0,0,0,0,0,0,0,0,0
265,2026-01-17,0,0,0,0,0,0,0,0,0
265,2026-01-18,0,0,0,0,0,0,0,0,0
265,2026-01-19,0,0,0,0,0,0,0,0,0
265,2026-01-20,0,0,0,0,0,0,0,0,0
265,2026-01-21,0,0,0,0,0,0,0,0,0
265,2026-01-22,0,0,0,0,0,0,0,0,0
265,2026-01-23,0,0,0,0,0,0,0,0,0
265,2026-01-24,0,0,0,0,0,0,0,0,0
265,2026-01-25,2,2,2,0,2,0,0,0,0
265,2026-01-26,1,3,1,0,0,0,0,1,0
265,2026-01-27,9,12,8,1,1,7,1,0,0
265,2026-01-28,6,18,3,3,1,2,3,0,0
265,2026-01-29,2,20,1,1,0,1,1,0,0
265,2026-01-30,6,26,5,1,3,2,1,0,0
265,2026-01-31,4,30,3,1,2,1,1,0,0
265,2026-02-01,2,32,2,0,0,2,0,0,0
265,2026-02-02,5,37,5,0,2,3,0,0,0
265,2026-02-03,5,42,4,1,1,2,1,1,0
265,2026-02-04,1,43,1,0,1,0,0,0,0
265,2026-02-05,3,46,3,0,1,1,0,1,0
265,2026-02-06,5,51,4,1,1,1,1,2,0
265,2026-02-07,3,54,2,1,0,2,0,0,1
265,2026-02-08,6,60,6,0,4,2,0,0,0
265,2026-02-09,2,62,2,0,1,1,0,0,0
265,2026-02-10,7,69,4,3,2,2,3,0,0
266,2026-01-14,0,0,0,0,0,0,0,0,0
266,2026-01-15,0,0,0,0,0,0,0,0,0
266,2026-01-16,0,0,0,0,0,0,0,0,0
266,2026-01-17,0,0,0,0,0,0,0,0,0
266,2026-01-18,0,0,0,0,0,0,0,0,0
266,2026-01-19,0,0,0,0,0,0,0,0,0
266,2026-01-20,0,0,0,0,0,0,0,0,0
266,2026-01-21,0,0,0,0,0,0,0,0,0
266,2026-01-22,0,0,0,0,0,0,0,0,0
266,2026-01-23,0,0,0,0,0,0,0,0,0
266,2026-01-24,0,0,0,0,0,0,0,0,0
266,2026-01-25,3,3,2,1,0,2,1,0,0
266,2026-01-26,2,5,2,0,1,0,0,1,0
266,2026-01-27,4,9,2,2,1,1,1,0,1
266,2026-01-28,3,12,3,0,1,1,0,1,0
266,2026-01-29,1,13,1,0,1,0,0,0,0
266,2026-01-30,2,15,1,1,0,1,1,0,0
266,2026-01-31,1,16,1,0,0,1,0,0,0
266,2026-02-01,0,16,0,0,0,0,0,0,0
266,2026-02-02,1,17,0,1,0,0,1,0,0
266,2026-02-03,1,18,1,0,0,1,0,0,0
266,2026-02-04,3,21,3,0,1,1,0,1,0
266,2026-02-05,0,21,0,0,0,0,0,0,0
266,2026-02-06,1,22,0,1,0,0,1,0,0
266,2026-02-07,1,23,1,0,0,1,0,0,0
266,2026-02-08,2,25,1,1,0,1,1,0,0
266,2026-02-09,0,25,0,0,0,0,0,0,0
266,2026-02-10,1,26,1,0,0,1,0,0,0
267,2026-01-14,0,0,0,0,0,0,0,0,0
267,2026-01-15,0,0,0,0,0,0,0,0,0
267,2026-01-16,0,0,0,0,0,0,0,0,0
267,2026-01-17,0,0,0,0,0,0,0,0,0
267,2026-01-18,0,0,0,0,0,0,0,0,0
267,2026-01-19,0,0,0,0,0,0,0,0,0
267,2026-01-20,0,0,0,0,0,0,0,0,0
267,2026-01-21,0,0,0,0,0,0,0,0,0
267,2026-01-22,0,0,0,0,0,0,0,0,0
267,2026-01-23,0,0,0,0,0,0,0,0,0
267,2026-01-24,0,0,0,0,0,0,0,0,0
267,2026-01-25,1,1,0,1,0,0,1,0,0
267,2026-01-26,0,1,0,0,0,0,0,0,0
267,2026-01-27,2,3,1,1,0,1,0,0,1
267,2026-01-28,1,4,1,0,0,1,0,0,0
267,2026-01-29,2,6,2,0,1,1,0,0,0
267,2026-01-30,0,6,0,0,0,0,0,0,0
267,2026-01-31,3,9,2,1,2,0,1,0,0
267,2026-02-01,2,11,1,1,0,1,1,0,0
267,2026-02-02,2,13,1,1,0,0,1,1,0
267,2026-02-03,2,15,1,1,0,0,1,1,0
267,2026-02-04,4,19,4,0,1,3,0,0,0
267,2026-02-05,3,22,2,1,0,2,1,0,0
267,2026-02-06,0,22,0,0,0,0,0,0,0
267,2026-02-07,1,23,1,0,0,1,0,0,0
267,2026-02-08,0,23,0,0,0,0,0,0,0
267,2026-02-09,2,25,1,1,0,1,1,0,0
267,2026-02-10,0,25,0,0,0,0,0,0,0
268,2026-01-14,0,0,0,0,0,0,0,0,0
268,2026-01-15,0,0,0,0,0,0,0,0,0
268,2026-01-16,0,0,0,0,0,0,0,0,0
268,2026-01-17,0,0,0,0,0,0,0,0,0
268,2026-01-18,0,0,0,0,0,0,0,0,0
268,2026-01-19,0,0,0,0,0,0,0,0,0
268,2026-01-20,0,0,0,0,0,0,0,0,0
268,2026-01-21,0,0,0,0,0,0,0,0,0
268,2026-01-22,0,0,0,0,0,0,0,0,0
268,2026-01-23,0,0,0,0,0,0,0,0,0
268,2026-01-24,0,0,0,0,0,0,0,0,0
268,2026-01-25,4,4,3,1,3,0,1,0,0
268,2026-01-26,2,6,1,1,0,1,1,0,0
268,2026-01-27,3,9,3,0,0,2,0,1,0
268,2026-01-28,4,13,4,0,2,2,0,0,0
268,2026-01-29,0,13,0,0,0,0,0,0,0
268,2026-01-30,3,16,3,0,1,2,0,0,0
268,2026-01-31,2,18,1,1,0,1,1,0,0
268,2026-02-01,3,21,3,0,0,2,0,1,0
268,2026-02-02,1,22,1,0,0,1,0,0,0
268,2026-02-03,6,28,5,1,1,4,1,0,0
268,2026-02-04,1,29,1,0,0,1,0,0,0
268,2026-02-05,4,33,4,0,1,2,0,1,0
268,2026-02-06,2,35,1,1,0,0,1,1,0
268,2026-02-07,3,38,3,0,1,2,0,0,0
268,2026-02-08,0,38,0,0,0,0,0,0,0
268,2026-02-09,4,42,3,1,1,2,1,0,0
268,2026-02-10,1,43,1,0,0,1,0,0,0
269,2026-01-14,0,0,0,0,0,0,0,0,0
269,2026-01-15,0,0,0,0,0,0,0,0,0
269,2026-01-16,0,0,0,0,0,0,0,0,0
269,2026-01-17,0,0,0,0,0,0,0,0,0
269,2026-01-18,0,0,0,0,0,0,0,0,0
269,2026-01-19,0,0,0,0,0,0,0,0,0
269,2026-01-20,0,0,0,0,0,0,0,0,0
269,2026-01-21,0,0,0,0,0,0,0,0,0
269,2026-01-22,0,0,0,0,0,0,0,0,0
269,2026-01-23,0,0,0,0,0,0,0,0,0
269,2026-01-24,0,0,0,0,0,0,0,0,0
269,2026-01-25,0,0,0,0,0,0,0,0,0
269,2026-01-26,7,7,6,1,3,3,1,0,0
269,2026-01-27,3,10,1,2,0,1,2,0,0
269,2026-01-28,4,14,2,2,1,1,1,0,1
269,2026-01-29,0,14,0,0,0,0,0,0,0
269,2026-01-30,0,14,0,0,0,0,0,0,0
269,2026-01-31,3,17,2,1,0,1,0,1,1
269,2026-02-01,2,19,1,1,1,0,1,0,0
269,2026-02-02,3,22,0,3,0,0,2,0,1
269,2026-02-03,2,24,2,0,2,0,0,0,0
269,2026-02-04,2,26,2,0,1,1,0,0,0
269,2026-02-05,2,28,2,0,0,2,0,0,0
269,2026-02-06,3,31,2,1,0,2,1,0,0
269,2026-02-07,1,32,1,0,0,0,0,1,0
269,2026-02-08,2,34,1,1,0,1,1,0,0
269,2026-02-09,1,35,1,0,0,1,0,0,0
269,2026-02-10,1,36,1,0,0,1,0,0,0
270,2026-01-14,0,0,0,0,0,0,0,0,0
270,2026-01-15,0,0,0,0,0,0,0,0,0
270,2026-01-16,0,0,0,0,0,0,0,0,0
270,2026-01-17,0,0,0,0,0,0,0,0,0
270,2026-01-18,0,0,0,0,0,0,0,0,0
270,2026-01-19,0,0,0,0,0,0,0,0,0
270,2026-01-20,0,0,0,0,0,0,0,0,0
270,2026-01-21,0,0,0,0,0,0,0,0,0
270,2026-01-22,0,0,0,0,0,0,0,0,0
270,2026-01-23,0,0,0,0,0,0,0,0,0
270,2026-01-24,0,0,0,0,0,0,0,0,0
270,2026-01-25,2,2,2,0,0,2,0,0,0
270,2026-01-26,2,4,2,0,1,1,0,0,0
270,2026-01-27,1,5,1,0,0,1,0,0,0
270,2026-01-28,5,10,3,2,0,2,1,1,1
270,2026-01-29,2,12,2,0,1,1,0,0,0
270,2026-01-30,3,15,2,1,0,1,1,1,0
270,2026-01-31,7,22,4,3,2,2,2,0,1
270,2026-02-01,3,25,1,2,1,0,2,0,0
270,2026-02-02,2,27,2,0,0,1,0,1,0
270,2026-02-03,3,30,3,0,2,0,0,1,0
270,2026-02-04,3,33,3,0,0,3,0,0,0
270,2026-02-05,3,36,3,0,1,2,0,0,0
270,2026-02-06,2,38,1,1,0,1,1,0,0
270,2026-02-07,2,40,2,0,0,1,0,1,0
270,2026-02-08,2,42,2,0,1,0,0,1,0
270,2026-02-09,5,47,5,0,1,4,0,0,0
270,2026-02-10,2,49,2,0,1,1,0,0,0
271,2026-01-14,0,0,0,0,0,0,0,0,0
271,2026-01-15,0,0,0,0,0,0,0,0,0
271,2026-01-16,0,0,0,0,0,0,0,0,0
271,2026-01-17,0,0,0,0,0,0,0,0,0
271,2026-01-18,0,0,0,0,0,0,0,0,0
271,2026-01-19,0,0,0,0,0,0,0,0,0
271,2026-01-20,0,0,0,0,0,0,0,0,0
271,2026-01-21,0,0,0,0,0,0,0,0,0
271,2026-01-22,0,0,0,0,0,0,0,0,0
271,2026-01-23,0,0,0,0,0,0,0,0,0
271,2026-01-24,0,0,0,0,0,0,0,0,0
271,2026-01-25,6,6,6,0,2,3,0,1,0
271,2026-01-26,3,9,2,1,1,1,1,0,0
271,2026-01-27,4,13,4,0,2,2,0,0,0
271,2026-01-28,3,16,1,2,1,0,1,0,1
271,2026-01-29,3,19,3,0,1,1,0,1,0
271,2026-01-30,5,24,5,0,2,3,0,0,0
271,2026-01-31,3,27,3,0,1,2,0,0,0
271,2026-02-01,5,32,4,1,2,1,1,1,0
271,2026-02-02,6,38,6,0,1,5,0,0,0
271,2026-02-03,1,39,1,0,1,0,0,0,0
271,2026-02-04,7,46,4,3,2,2,3,0,0
271,2026-02-05,1,47,0,1,0,0,0,0,1
271,2026-02-06,5,52,5,0,0,5,0,0,0
271,2026-02-07,5,57,3,2,0,3,2,0,0
271,2026-02-08,1,58,1,0,0,1,0,0,0
271,2026-02-09,1,59,1,0,0,1,0,0,0
271,2026-02-10,3,62,2,1,1,1,1,0,0
272,2026-01-14,0,0,0,0,0,0,0,0,0
272,2026-01-15,0,0,0,0,0,0,0,0,0
272,2026-01-16,0,0,0,0,0,0,0,0,0
272,2026-01-17,0,0,0,0,0,0,0,0,0
272,2026-01-18,0,0,0,0,0,0,0,0,0
272,2026-01-19,0,0,0,0,0,0,0,0,0
272,2026-01-20,0,0,0,0,0,0,0,0,0
272,2026-01-21,0,0,0,0,0,0,0,0,0
272,2026-01-22,0,0,0,0,0,0,0,0,0
272,2026-01-23,0,0,0,0,0,0,0,0,0
272,2026-01-24,0,0,0,0,0,0,0,0,0
272,2026-01-25,3,3,3,0,1,1,0,1,0
272,2026-01-26,4,7,3,1,1,2,0,0,1
272,2026-01-27,6,13,4,2,0,2,2,2,0
272,2026-01-28,4,17,4,0,0,3,0,1,0
272,2026-01-29,5,22,4,1,1,3,0,0,1
272,2026-01-30,2,24,0,2,0,0,1,0,1
272,2026-01-31,4,28,2,2,1,1,0,0,2
272,2026-02-01,7,35,6,1,1,4,1,1,0
272,2026-02-02,3,38,2,1,0,1,1,1,0
272,2026-02-03,2,40,2,0,0,1,0,1,0
272,2026-02-04,4,44,3,1,0,3,1,0,0
272,2026-02-05,6,50,5,1,1,3,1,1,0
272,2026-02-06,2,52,1,1,0,1,1,0,0
272,2026-02-07,3,55,2,1,1,1,1,0,0
272,2026-02-08,1,56,1,0,0,1,0,0,0
272,2026-02-09,4,60,4,0,1,3,0,0,0
272,2026-02-10,3,63,3,0,0,3,0,0,0
273,2026-01-14,0,0,0,0,0,0,0,0,0
273,2026-01-15,0,0,0,0,0,0,0,0,0
273,2026-01-16,0,0,0,0,0,0,0,0,0
273,2026-01-17,0,0,0,0,0,0,0,0,0
273,2026-01-18,0,0,0,0,0,0,0,0,0
273,2026-01-19,0,0,0,0,0,0,0,0,0
273,2026-01-20,0,0,0,0,0,0,0,0,0
273,2026-01-21,0,0,0,0,0,0,0,0,0
273,2026-01-22,0,0,0,0,0,0,0,0,0
273,2026-01-23,0,0,0,0,0,0,0,0,0
273,2026-01-24,0,0,0,0,0,0,0,0,0
273,2026-01-25,3,3,3,0,1,1,0,1,0
273,2026-01-26,1,4,1,0,0,1,0,0,0
273,2026-01-27,4,8,4,0,0,4,0,0,0
273,2026-01-28,2,10,2,0,1,1,0,0,0
273,2026-01-29,2,12,2,0,2,0,0,0,0
273,2026-01-30,3,15,1,2,0,1,1,0,1
273,2026-01-31,2,17,2,0,0,1,0,1,0
273,2026-02-01,2,19,1,1,0,1,1,0,0
273,2026-02-02,3,22,2,1,0,2,1,0,0
273,2026-02-03,0,22,0,0,0,0,0,0,0
273,2026-02-04,3,25,2,1,0,2,1,0,0
273,2026-02-05,2,27,2,0,1,1,0,0,0
273,2026-02-06,1,28,1,0,1,0,0,0,0
273,2026-02-07,3,31,2,1,2,0,1,0,0
273,2026-02-08,3,34,2,1,0,2,1,0,0
273,2026-02-09,1,35,1,0,1,0,0,0,0
273,2026-02-10,3,38,3,0,3,0,0,0,0
274,2026-01-14,0,0,0,0,0,0,0,0,0
274,2026-01-15,0,0,0,0,0,0,0,0,0
274,2026-01-16,0,0,0,0,0,0,0,0,0
274,2026-01-17,0,0,0,0,0,0,0,0,0
274,2026-01-18,0,0,0,0,0,0,0,0,0
274,2026-01-19,0,0,0,0,0,0,0,0,0
274,2026-01-20,0,0,0,0,0,0,0,0,0
274,2026-01-21,0,0,0,0,0,0,0,0,0
274,2026-01-22,0,0,0,0,0,0,0,0,0
274,2026-01-23,0,0,0,0,0,0,0,0,0
274,2026-01-24,0,0,0,0,0,0,0,0,0
274,2026-01-25,5,5,4,1,0,3,1,1,0
274,2026-01-26,4,9,2,2,2,0,2,0,0
274,2026-01-27,3,12,3,0,1,2,0,0,0
274,2026-01-28,1,13,1,0,0,1,0,0,0
274,2026-01-29,1,14,1,0,1,0,0,0,0
274,2026-01-30,1,15,0,1,0,0,1,0,0
274,2026-01-31,1,16,1,0,0,1,0,0,0
274,2026-02-01,2,18,2,0,0,2,0,0,0
274,2026-02-02,0,18,0,0,0,0,0,0,0
274,2026-02-03,2,20,2,0,1,1,0,0,0
274,2026-02-04,0,20,0,0,0,0,0,0,0
274,2026-02-05,3,23,0,3,0,0,1,0,2
274,2026-02-06,1,24,1,0,1,0,0,0,0
274,2026-02-07,1,25,1,0,1,0,0,0,0
274,2026-02-08,0,25,0,0,0,0,0,0,0
274,2026-02-09,2,27,2,0,1,1,0,0,0
274,2026-02-10,1,28,0,1,0,0,1,0,0
275,2026-01-14,0,0,0,0,0,0,0,0,0
275,2026-01-15,0,0,0,0,0,0,0,0,0
275,2026-01-16,0,0,0,0,0,0,0,0,0
275,2026-01-17,0,0,0,0,0,0,0,0,0
275,2026-01-18,0,0,0,0,0,0,0,0,0
275,2026-01-19,0,0,0,0,0,0,0,0,0
275,2026-01-20,0,0,0,0,0,0,0,0,0
275,2026-01-21,0,0,0,0,0,0,0,0,0
275,2026-01-22,0,0,0,0,0,0,0,0,0
275,2026-01-23,0,0,0,0,0,0,0,0,0
275,2026-01-24,0,0,0,0,0,0,0,0,0
275,2026-01-25,4,4,3,1,1,2,1,0,0
275,2026-01-26,3,7,3,0,0,2,0,1,0
275,2026-01-27,3,10,3,0,0,3,0,0,0
275,2026-01-28,4,14,4,0,2,1,0,1,0
275,2026-01-29,1,15,1,0,0,1,0,0,0
275,2026-01-30,3,18,2,1,1,1,0,0,1
275,2026-01-31,0,18,0,0,0,0,0,0,0
275,2026-02-01,2,20,1,1,0,1,1,0,0
275,2026-02-02,0,20,0,0,0,0,0,0,0
275,2026-02-03,3,23,3,0,1,2,0,0,0
275,2026-02-04,1,24,1,0,1,0,0,0,0
275,2026-02-05,1,25,1,0,0,1,0,0,0
275,2026-02-06,1,26,1,0,1,0,0,0,0
275,2026-02-07,0,26,0,0,0,0,0,0,0
275,2026-02-08,1,27,1,0,0,1,0,0,0
275,2026-02-09,1,28,1,0,1,0,0,0,0
275,2026-02-10,2,30,1,1,1,0,0,0,1
276,2026-01-14,0,0,0,0,0,0,0,0,0
276,2026-01-15,0,0,0,0,0,0,0,0,0
276,2026-01-16,0,0,0,0,0,0,0,0,0
276,2026-01-17,0,0,0,0,0,0,0,0,0
276,2026-01-18,0,0,0,0,0,0,0,0,0
276,2026-01-19,0,0,0,0,0,0,0,0,0
276,2026-01-20,0,0,0,0,0,0,0,0,0
276,2026-01-21,0,0,0,0,0,0,0,0,0
276,2026-01-22,0,0,0,0,0,0,0,0,0
276,2026-01-23,0,0,0,0,0,0,0,0,0
276,2026-01-24,0,0,0,0,0,0,0,0,0
276,2026-01-25,2,2,1,1,0,1,1,0,0
276,2026-01-26,9,11,8,1,4,4,1,0,0
276,2026-01-27,1,12,1,0,1,0,0,0,0
276,2026-01-28,3,15,3,0,1,2,0,0,0
276,2026-01-29,3,18,3,0,0,3,0,0,0
276,2026-01-30,3,21,2,1,0,1,0,1,1
276,2026-01-31,1,22,1,0,0,1,0,0,0
276,2026-02-01,2,24,2,0,0,2,0,0,0
276,2026-02-02,1,25,1,0,1,0,0,0,0
276,2026-02-03,3,28,3,0,0,3,0,0,0
276,2026-02-04,2,30,1,1,0,1,1,0,0
276,2026-02-05,7,37,4,3,4,0,2,0,1
276,2026-02-06,0,37,0,0,0,0,0,0,0
276,2026-02-07,4,41,3,1,0,3,0,0,1
276,2026-02-08,0,41,0,0,0,0,0,0,0
276,2026-02-09,1,42,0,1,0,0,1,0,0
276,2026-02-10,1,43,0,1,0,0,1,0,0
277,2026-01-14,0,0,0,0,0,0,0,0,0
277,2026-01-15,0,0,0,0,0,0,0,0,0
277,2026-01-16,0,0,0,0,0,0,0,0,0
277,2026-01-17,0,0,0,0,0,0,0,0,0
277,2026-01-18,0,0,0,0,0,0,0,0,0
277,2026-01-19,0,0,0,0,0,0,0,0,0
277,2026-01-20,0,0,0,0,0,0,0,0,0
277,2026-01-21,0,0,0,0,0,0,0,0,0
277,2026-01-22,0,0,0,0,0,0,0,0,0
277,2026-01-23,0,0,0,0,0,0,0,0,0
277,2026-01-24,0,0,0,0,0,0,0,0,0
277,2026-01-25,0,0,0,0,0,0,0,0,0
277,2026-01-26,1,1,1,0,0,1,0,0,0
277,2026-01-27,1,2,0,1,0,0,1,0,0
277,2026-01-28,0,2,0,0,0,0,0,0,0
277,2026-01-29,3,5,2,1,0,2,1,0,0
277,2026-01-30,4,9,2,2,0,2,1,0,1
277,2026-01-31,3,12,3,0,1,2,0,0,0
277,2026-02-01,1,13,1,0,0,0,0,1,0
277,2026-02-02,1,14,1,0,0,1,0,0,0
277,2026-02-03,1,15,0,1,0,0,0,0,1
277,2026-02-04,1,16,1,0,0,1,0,0,0
277,2026-02-05,1,17,1,0,1,0,0,0,0
277,2026-02-06,3,20,2,1,1,1,1,0,0
277,2026-02-07,0,20,0,0,0,0,0,0,0
277,2026-02-08,2,22,0,2,0,0,1,0,1
277,2026-02-09,1,23,1,0,0,1,0,0,0
277,2026-02-10,2,25,2,0,1,1,0,0,0
278,2026-01-14,0,0,0,0,0,0,0,0,0
278,2026-01-15,0,0,0,0,0,0,0,0,0
278,2026-01-16,0,0,0,0,0,0,0,0,0
278,2026-01-17,0,0,0,0,0,0,0,0,0
278,2026-01-18,0,0,0,0,0,0,0,0,0
278,2026-01-19,0,0,0,0,0,0,0,0,0
278,2026-01-20,0,0,0,0,0,0,0,0,0
278,2026-01-21,0,0,0,0,0,0,0,0,0
278,2026-01-22,0,0,0,0,0,0,0,0,0
278,2026-01-23,0,0,0,0,0,0,0,0,0
278,2026-01-24,0,0,0,0,0,0,0,0,0
278,2026-01-25,1,1,1,0,0,1,0,0,0
278,2026-01-26,3,4,2,1,1,1,1,0,0
278,2026-01-27,1,5,1,0,0,1,0,0,0
278,2026-01-28,4,9,2,2,0,2,0,0,2
278,2026-01-29,2,11,2,0,0,2,0,0,0
278,2026-01-30,0,11,0,0,0,0,0,0,0
278,2026-01-31,1,12,1,0,1,0,0,0,0
278,2026-02-01,1,13,0,1,0,0,1,0,0
278,2026-02-02,0,13,0,0,0,0,0,0,0
278,2026-02-03,0,13,0,0,0,0,0,0,0
278,2026-02-04,1,14,1,0,0,1,0,0,0
278,2026-02-05,1,15,1,0,0,1,0,0,0
278,2026-02-06,2,17,2,0,0,1,0,1,0
278,2026-02-07,0,17,0,0,0,0,0,0,0
278,2026-02-08,1,18,1,0,0,1,0,0,0
278,2026-02-09,0,18,0,0,0,0,0,0,0
278,2026-02-10,0,18,0,0,0,0,0,0,0
279,2026-01-14,0,0,0,0,0,0,0,0,0
279,2026-01-15,0,0,0,0,0,0,0,0,0
279,2026-01-16,0,0,0,0,0,0,0,0,0
279,2026-01-17,0,0,0,0,0,0,0,0,0
279,2026-01-18,0,0,0,0,0,0,0,0,0
279,2026-01-19,0,0,0,0,0,0,0,0,0
279,2026-01-20,0,0,0,0,0,0,0,0,0
279,2026-01-21,0,0,0,0,0,0,0,0,0
279,2026-01-22,0,0,0,0,0,0,0,0,0
279,2026-01-23,0,0,0,0,0,0,0,0,0
279,2026-01-24,0,0,0,0,0,0,0,0,0
279,2026-01-25,4,4,2,2,1,1,1,0,1
279,2026-01-26,4,8,3,1,0,3,1,0,0
279,2026-01-27,6,14,6,0,2,4,0,0,0
279,2026-01-28,3,17,1,2,0,1,1,0,1
279,2026-01-29,1,18,1,0,0,1,0,0,0
279,2026-01-30,9,27,6,3,1,5,3,0,0
279,2026-01-31,3,30,2,1,2,0,1,0,0
279,2026-02-01,5,35,4,1,1,3,1,0,0
279,2026-02-02,1,36,1,0,0,0,0,1,0
279,2026-02-03,7,43,5,2,3,2,2,0,0
279,2026-02-04,3,46,3,0,0,2,0,1,0
279,2026-02-05,4,50,3,1,0,2,1,1,0
279,2026-02-06,1,51,0,1,0,0,1,0,0
279,2026-02-07,0,51,0,0,0,0,0,0,0
279,2026-02-08,3,54,3,0,1,1,0,1,0
279,2026-02-09,3,57,3,0,3,0,0,0,0
279,2026-02-10,1,58,0,1,0,0,1,0,0
280,2026-01-14,0,0,0,0,0,0,0,0,0
280,2026-01-15,0,0,0,0,0,0,0,0,0
280,2026-01-16,0,0,0,0,0,0,0,0,0
280,2026-01-17,0,0,0,0,0,0,0,0,0
280,2026-01-18,0,0,0,0,0,0,0,0,0
280,2026-01-19,0,0,0,0,0,0,0,0,0
280,2026-01-20,0,0,0,0,0,0,0,0,0
280,2026-01-21,0,0,0,0,0,0,0,0,0
280,2026-01-22,0,0,0,0,0,0,0,0,0
280,2026-01-23,0,0,0,0,0,0,0,0,0
280,2026-01-24,0,0,0,0,0,0,0,0,0
280,2026-01-25,9,9,7,2,2,5,1,0,1
280,2026-01-26,2,11,2,0,1,1,0,0,0
280,2026-01-27,4,15,4,0,0,3,0,1,0
280,2026-01-28,4,19,4,0,3,1,0,0,0
280,2026-01-29,2,21,2,0,1,1,0,0,0
280,2026-01-30,2,23,1,1,0,1,1,0,0
280,2026-01-31,1,24,1,0,1,0,0,0,0
280,2026-02-01,1,25,1,0,0,1,0,0,0
280,2026-02-02,1,26,1,0,1,0,0,0,0
280,2026-02-03,3,29,2,1,0,2,1,0,0
280,2026-02-04,1,30,1,0,0,1,0,0,0
280,2026-02-05,2,32,2,0,0,0,0,2,0
280,2026-02-06,2,34,2,0,0,1,0,1,0
280,2026-02-07,4,38,4,0,0,4,0,0,0
280,2026-02-08,3,41,2,1,1,1,1,0,0
280,2026-02-09,2,43,1,1,0,1,0,0,1
280,2026-02-10,0,43,0,0,0,0,0,0,0
281,2026-01-14,0,0,0,0,0,0,0,0,0
281,2026-01-15,0,0,0,0,0,0,0,0,0
281,2026-01-16,0,0,0,0,0,0,0,0,0
281,2026-01-17,0,0,0,0,0,0,0,0,0
281,2026-01-18,0,0,0,0,0,0,0,0,0
281,2026-01-19,0,0,0,0,0,0,0,0,0
281,2026-01-20,0,0,0,0,0,0,0,0,0
281,2026-01-21,0,0,0,0,0,0,0,0,0
281,2026-01-22,0,0,0,0,0,0,0,0,0
281,2026-01-23,0,0,0,0,0,0,0,0,0
281,2026-01-24,0,0,0,0,0,0,0,0,0
281,2026-01-25,7,7,7,0,0,7,0,0,0
281,2026-01-26,4,11,3,1,0,3,1,0,0
281,2026-01-27,4,15,4,0,1,3,0,0,0
281,2026-01-28,6,21,2,4,0,2,2,0,2
281,2026-01-29,2,23,1,1,0,1,1,0,0
281,2026-01-30,1,24,0,1,0,0,1,0,0
281,2026-01-31,6,30,5,1,0,5,1,0,0
281,2026-02-01,3,33,2,1,1,0,1,1,0
281,2026-02-02,8,41,7,1,3,4,0,0,1
281,2026-02-03,3,44,3,0,1,1,0,1,0
281,2026-02-04,4,48,4,0,3,1,0,0,0
281,2026-02-05,4,52,4,0,2,2,0,0,0
281,2026-02-06,1,53,1,0,1,0,0,0,0
281,2026-02-07,2,55,2,0,2,0,0,0,0
281,2026-02-08,3,58,3,0,1,2,0,0,0
281,2026-02-09,2,60,2,0,1,1,0,0,0
281,2026-02-10,0,60,0,0,0,0,0,0,0
282,2026-01-14,0,0,0,0,0,0,0,0,0
282,2026-01-15,0,0,0,0,0,0,0,0,0
282,2026-01-16,0,0,0,0,0,0,0,0,0
282,2026-01-17,0,0,0,0,0,0,0,0,0
282,2026-01-18,0,0,0,0,0,0,0,0,0
282,2026-01-19,0,0,0,0,0,0,0,0,0
282,2026-01-20,0,0,0,0,0,0,0,0,0
282,2026-01-21,0,0,0,0,0,0,0,0,0
282,2026-01-22,0,0,0,0,0,0,0,0,0
282,2026-01-23,0,0,0,0,0,0,0,0,0
282,2026-01-24,0,0,0,0,0,0,0,0,0
282,2026-01-25,4,4,4,0,0,4,0,0,0
282,2026-01-26,3,7,2,1,0,2,0,0,1
282,2026-01-27,1,8,1,0,0,0,0,1,0
282,2026-01-28,2,10,2,0,0,1,0,1,0
282,2026-01-29,3,13,2,1,0,2,1,0,0
282,2026-01-30,1,14,1,0,0,1,0,0,0
282,2026-01-31,1,15,1,0,0,1,0,0,0
282,2026-02-01,4,19,3,1,1,2,1,0,0
282,2026-02-02,5,24,5,0,1,3,0,1,0
282,2026-02-03,2,26,2,0,0,1,0,1,0
282,2026-02-04,0,26,0,0,0,0,0,0,0
282,2026-02-05,0,26,0,0,0,0,0,0,0
282,2026-02-06,1,27,1,0,1,0,0,0,0
282,2026-02-07,1,28,1,0,0,1,0,0,0
282,2026-02-08,1,29,0,1,0,0,1,0,0
282,2026-02-09,0,29,0,0,0,0,0,0,0
282,2026-02-10,0,29,0,0,0,0,0,0,0
283,2026-01-14,0,0,0,0,0,0,0,0,0
283,2026-01-15,0,0,0,0,0,0,0,0,0
283,2026-01-16,0,0,0,0,0,0,0,0,0
283,2026-01-17,0,0,0,0,0,0,0,0,0
283,2026-01-18,0,0,0,0,0,0,0,0,0
283,2026-01-19,0,0,0,0,0,0,0,0,0
283,2026-01-20,0,0,0,0,0,0,0,0,0
283,2026-01-21,0,0,0,0,0,0,0,0,0
283,2026-01-22,0,0,0,0,0,0,0,0,0
283,2026-01-23,0,0,0,0,0,0,0,0,0
283,2026-01-24,0,0,0,0,0,0,0,0,0
283,2026-01-25,2,2,2,0,1,1,0,0,0
283,2026-01-26,5,7,5,0,1,1,0,3,0
283,2026-01-27,2,9,1,1,0,1,1,0,0
283,2026-01-28,3,12,2,1,0,2,1,0,0
283,2026-01-29,1,13,0,1,0,0,1,0,0
283,2026-01-30,2,15,2,0,0,2,0,0,0
283,2026-01-31,4,19,2,2,0,1,2,1,0
283,2026-02-01,3,22,3,0,1,1,0,1,0
283,2026-02-02,2,24,2,0,1,1,0,0,0
283,2026-02-03,4,28,3,1,0,3,0,0,1
283,2026-02-04,2,30,2,0,0,2,0,0,0
283,2026-02-05,1,31,1,0,1,0,0,0,0
283,2026-02-06,3,34,3,0,0,3,0,0,0
283,2026-02-07,1,35,1,0,0,1,0,0,0
283,2026-02-08,2,37,1,1,0,1,0,0,1
283,2026-02-09,3,40,3,0,1,1,0,1,0
283,2026-02-10,3,43,2,1,0,1,1,1,0
284,2026-01-14,0,0,0,0,0,0,0,0,0
284,2026-01-15,0,0,0,0,0,0,0,0,0
284,2026-01-16,0,0,0,0,0,0,0,0,0
284,2026-01-17,0,0,0,0,0,0,0,0,0
284,2026-01-18,0,0,0,0,0,0,0,0,0
284,2026-01-19,0,0,0,0,0,0,0,0,0
284,2026-01-20,0,0,0,0,0,0,0,0,0
284,2026-01-21,0,0,0,0,0,0,0,0,0
284,2026-01-22,0,0,0,0,0,0,0,0,0
284,2026-01-23,0,0,0,0,0,0,0,0,0
284,2026-01-24,0,0,0,0,0,0,0,0,0
284,2026-01-25,2,2,2,0,1,1,0,0,0
284,2026-01-26,4,6,4,0,1,3,0,0,0
284,2026-01-27,3,9,3,0,0,1,0,2,0
284,2026-01-28,1,10,1,0,0,1,0,0,0
284,2026-01-29,2,12,2,0,0,1,0,1,0
284,2026-01-30,3,15,3,0,2,1,0,0,0
284,2026-01-31,1,16,1,0,0,1,0,0,0
284,2026-02-01,1,17,1,0,0,1,0,0,0
284,2026-02-02,1,18,1,0,0,1,0,0,0
284,2026-02-03,1,19,0,1,0,0,0,0,1
284,2026-02-04,4,23,3,1,1,2,0,0,1
284,2026-02-05,1,24,1,0,0,1,0,0,0
284,2026-02-06,1,25,1,0,1,0,0,0,0
284,2026-02-07,2,27,2,0,1,1,0,0,0
284,2026-02-08,1,28,0,1,0,0,1,0,0
284,2026-02-09,1,29,1,0,0,1,0,0,0
284,2026-02-10,3,32,3,0,1,2,0,0,0
285,2026-01-14,0,0,0,0,0,0,0,0,0
285,2026-01-15,0,0,0,0,0,0,0,0,0
285,2026-01-16,0,0,0,0,0,0,0,0,0
285,2026-01-17,0,0,0,0,0,0,0,0,0
285,2026-01-18,0,0,0,0,0,0,0,0,0
285,2026-01-19,0,0,0,0,0,0,0,0,0
285,2026-01-20,0,0,0,0,0,0,0,0,0
285,2026-01-21,0,0,0,0,0,0,0,0,0
285,2026-01-22,0,0,0,0,0,0,0,0,0
285,2026-01-23,0,0,0,0,0,0,0,0,0
285,2026-01-24,0,0,0,0,0,0,0,0,0
285,2026-01-25,2,2,2,0,1,0,0,1,0
285,2026-01-26,0,2,0,0,0,0,0,0,0
285,2026-01-27,2,4,1,1,0,0,1,1,0
285,2026-01-28,1,5,1,0,1,0,0,0,0
285,2026-01-29,3,8,2,1,1,1,1,0,0
285,2026-01-30,4,12,4,0,1,2,0,1,0
285,2026-01-31,3,15,3,0,0,1,0,2,0
285,2026-02-01,1,16,0,1,0,0,0,0,1
285,2026-02-02,1,17,1,0,0,1,0,0,0
285,2026-02-03,2,19,2,0,0,2,0,0,0
285,2026-02-04,1,20,1,0,0,1,0,0,0
285,2026-02-05,3,23,1,2,1,0,2,0,0
285,2026-02-06,2,25,1,1,0,1,0,0,1
285,2026-02-07,1,26,0,1,0,0,1,0,0
285,2026-02-08,3,29,2,1,1,1,1,0,0
285,2026-02-09,1,30,1,0,1,0,0,0,0
285,2026-02-10,1,31,1,0,0,1,0,0,0
286,2026-01-14,0,0,0,0,0,0,0,0,0
286,2026-01-15,0,0,0,0,0,0,0,0,0
286,2026-01-16,0,0,0,0,0,0,0,0,0
286,2026-01-17,0,0,0,0,0,0,0,0,0
286,2026-01-18,0,0,0,0,0,0,0,0,0
286,2026-01-19,0,0,0,0,0,0,0,0,0
286,2026-01-20,0,0,0,0,0,0,0,0,0
286,2026-01-21,0,0,0,0,0,0,0,0,0
286,2026-01-22,0,0,0,0,0,0,0,0,0
286,2026-01-23,0,0,0,0,0,0,0,0,0
286,2026-01-24,0,0,0,0,0,0,0,0,0
286,2026-01-25,1,1,1,0,0,1,0,0,0
286,2026-01-26,5,6,4,1,2,2,0,0,1
286,2026-01-27,3,9,3,0,0,2,0,1,0
286,2026-01-28,4,13,3,1,0,2,1,1,0
286,2026-01-29,5,18,3,2,2,1,2,0,0
286,2026-01-30,9,27,8,1,3,5,1,0,0
286,2026-01-31,7,34,7,0,1,5,0,1,0
286,2026-02-01,3,37,2,1,0,2,1,0,0
286,2026-02-02,4,41,3,1,0,2,1,1,0
286,2026-02-03,3,44,3,0,2,1,0,0,0
286,2026-02-04,2,46,1,1,0,1,1,0,0
286,2026-02-05,2,48,2,0,1,1,0,0,0
286,2026-02-06,4,52,4,0,1,3,0,0,0
286,2026-02-07,3,55,3,0,2,1,0,0,0
286,2026-02-08,3,58,3,0,0,2,0,1,0
286,2026-02-09,7,65,7,0,1,5,0,1,0
286,2026-02-10,5,70,4,1,0,3,1,1,0
287,2026-01-14,0,0,0,0,0,0,0,0,0
287,2026-01-15,0,0,0,0,0,0,0,0,0
287,2026-01-16,0,0,0,0,0,0,0,0,0
287,2026-01-17,0,0,0,0,0,0,0,0,0
287,2026-01-18,0,0,0,0,0,0,0,0,0
287,2026-01-19,0,0,0,0,0,0,0,0,0
287,2026-01-20,0,0,0,0,0,0,0,0,0
287,2026-01-21,0,0,0,0,0,0,0,0,0
287,2026-01-22,0,0,0,0,0,0,0,0,0
287,2026-01-23,0,0,0,0,0,0,0,0,0
287,2026-01-24,0,0,0,0,0,0,0,0,0
287,2026-01-25,5,5,4,1,2,2,0,0,1
287,2026-01-26,7,12,7,0,2,4,0,1,0
287,2026-01-27,5,17,4,1,3,1,1,0,0
287,2026-01-28,3,20,2,1,1,1,0,0,1
287,2026-01-29,12,32,9,3,3,6,2,0,1
287,2026-01-30,5,37,4,1,1,2,1,1,0
287,2026-01-31,6,43,4,2,0,2,2,2,0
287,2026-02-01,7,50,6,1,2,4,1,0,0
287,2026-02-02,5,55,3,2,2,1,2,0,0
287,2026-02-03,3,58,3,0,1,2,0,0,0
287,2026-02-04,6,64,6,0,2,4,0,0,0
287,2026-02-05,5,69,3,2,0,3,2,0,0
287,2026-02-06,3,72,3,0,2,1,0,0,0
287,2026-02-07,6,78,4,2,1,3,2,0,0
287,2026-02-08,5,83,5,0,1,4,0,0,0
287,2026-02-09,7,90,6,1,2,4,1,0,0
287,2026-02-10,5,95,5,0,1,4,0,0,0
288,2026-01-14,0,0,0,0,0,0,0,0,0
288,2026-01-15,0,0,0,0,0,0,0,0,0
288,2026-01-16,0,0,0,0,0,0,0,0,0
288,2026-01-17,0,0,0,0,0,0,0,0,0
288,2026-01-18,0,0,0,0,0,0,0,0,0
288,2026-01-19,0,0,0,0,0,0,0,0,0
288,2026-01-20,0,0,0,0,0,0,0,0,0
288,2026-01-21,0,0,0,0,0,0,0,0,0
288,2026-01-22,0,0,0,0,0,0,0,0,0
288,2026-01-23,0,0,0,0,0,0,0,0,0
288,2026-01-24,0,0,0,0,0,0,0,0,0
288,2026-01-25,0,0,0,0,0,0,0,0,0
288,2026-01-26,7,7,7,0,2,4,0,1,0
288,2026-01-27,1,8,1,0,1,0,0,0,0
288,2026-01-28,3,11,3,0,0,2,0,1,0
288,2026-01-29,4,15,4,0,0,3,0,1,0
288,2026-01-30,1,16,1,0,0,0,0,1,0
288,2026-01-31,4,20,4,0,3,1,0,0,0
288,2026-02-01,3,23,3,0,1,2,0,0,0
288,2026-02-02,2,25,2,0,1,1,0,0,0
288,2026-02-03,3,28,2,1,1,1,1,0,0
288,2026-02-04,1,29,1,0,1,0,0,0,0
288,2026-02-05,2,31,2,0,1,1,0,0,0
288,2026-02-06,0,31,0,0,0,0,0,0,0
288,2026-02-07,1,32,1,0,0,1,0,0,0
288,2026-02-08,1,33,1,0,0,1,0,0,0
288,2026-02-09,3,36,2,1,0,2,1,0,0
288,2026-02-10,0,36,0,0,0,0,0,0,0
289,2026-01-14,0,0,0,0,0,0,0,0,0
289,2026-01-15,0,0,0,0,0,0,0,0,0
289,2026-01-16,0,0,0,0,0,0,0,0,0
289,2026-01-17,0,0,0,0,0,0,0,0,0
289,2026-01-18,0,0,0,0,0,0,0,0,0
289,2026-01-19,0,0,0,0,0,0,0,0,0
289,2026-01-20,0,0,0,0,0,0,0,0,0
289,2026-01-21,0,0,0,0,0,0,0,0,0
289,2026-01-22,0,0,0,0,0,0,0,0,0
289,2026-01-23,0,0,0,0,0,0,0,0,0
289,2026-01-24,0,0,0,0,0,0,0,0,0
289,2026-01-25,1,1,1,0,0,1,0,0,0
289,2026-01-26,1,2,1,0,0,1,0,0,0
289,2026-01-27,4,6,2,2,2,0,2,0,0
289,2026-01-28,1,7,1,0,1,0,0,0,0
289,2026-01-29,0,7,0,0,0,0,0,0,0
289,2026-01-30,0,7,0,0,0,0,0,0,0
289,2026-01-31,2,9,1,1,0,1,1,0,0
289,2026-02-01,1,10,1,0,0,1,0,0,0
289,2026-02-02,1,11,1,0,0,1,0,0,0
289,2026-02-03,1,12,0,1,0,0,1,0,0
289,2026-02-04,1,13,1,0,1,0,0,0,0
289,2026-02-05,1,14,1,0,0,1,0,0,0
289,2026-02-06,1,15,1,0,0,1,0,0,0
289,2026-02-07,2,17,1,1,0,1,1,0,0
289,2026-02-08,0,17,0,0,0,0,0,0,0
289,2026-02-09,1,18,1,0,0,1,0,0,0
289,2026-02-10,1,19,1,0,0,1,0,0,0
290,2026-01-14,0,0,0,0,0,0,0,0,0
290,2026-01-15,0,0,0,0,0,0,0,0,0
290,2026-01-16,0,0,0,0,0,0,0,0,0
290,2026-01-17,0,0,0,0,0,0,0,0,0
290,2026-01-18,0,0,0,0,0,0,0,0,0
290,2026-01-19,0,0,0,0,0,0,0,0,0
290,2026-01-20,0,0,0,0,0,0,0,0,0
290,2026-01-21,0,0,0,0,0,0,0,0,0
290,2026-01-22,0,0,0,0,0,0,0,0,0
290,2026-01-23,0,0,0,0,0,0,0,0,0
290,2026-01-24,0,0,0,0,0,0,0,0,0
290,2026-01-25,4,4,4,0,0,4,0,0,0
290,2026-01-26,8,12,4,4,2,2,3,0,1
290,2026-01-27,2,14,2,0,1,1,0,0,0
290,2026-01-28,3,17,1,2,1,0,1,0,1
290,2026-01-29,4,21,3,1,2,1,1,0,0
290,2026-01-30,6,27,4,2,1,3,2,0,0
290,2026-01-31,1,28,1,0,0,1,0,0,0
290,2026-02-01,1,29,1,0,0,1,0,0,0
290,2026-02-02,2,31,2,0,0,0,0,2,0
290,2026-02-03,3,34,2,1,1,1,1,0,0
290,2026-02-04,1,35,0,1,0,0,1,0,0
290,2026-02-05,0,35,0,0,0,0,0,0,0
290,2026-02-06,2,37,2,0,1,1,0,0,0
290,2026-02-07,2,39,2,0,1,1,0,0,0
290,2026-02-08,5,44,2,3,0,1,3,1,0
290,2026-02-09,3,47,2,1,0,2,1,0,0
290,2026-02-10,1,48,1,0,1,0,0,0,0
291,2026-01-14,0,0,0,0,0,0,0,0,0
291,2026-01-15,0,0,0,0,0,0,0,0,0
291,2026-01-16,0,0,0,0,0,0,0,0,0
291,2026-01-17,0,0,0,0,0,0,0,0,0
291,2026-01-18,0,0,0,0,0,0,0,0,0
291,2026-01-19,0,0,0,0,0,0,0,0,0
291,2026-01-20,0,0,0,0,0,0,0,0,0
291,2026-01-21,0,0,0,0,0,0,0,0,0
291,2026-01-22,0,0,0,0,0,0,0,0,0
291,2026-01-23,0,0,0,0,0,0,0,0,0
291,2026-01-24,0,0,0,0,0,0,0,0,0
291,2026-01-25,2,2,1,1,1,0,1,0,0
291,2026-01-26,3,5,2,1,1,1,1,0,0
291,2026-01-27,3,8,2,1,2,0,0,0,1
291,2026-01-28,1,9,1,0,0,1,0,0,0
291,2026-01-29,5,14,2,3,0,2,2,0,1
291,2026-01-30,3,17,0,3,0,0,0,0,3
291,2026-01-31,5,22,4,1,2,1,1,1,0
291,2026-02-01,6,28,5,1,2,3,1,0,0
291,2026-02-02,2,30,1,1,0,0,0,1,1
291,2026-02-03,1,31,1,0,0,1,0,0,0
291,2026-02-04,0,31,0,0,0,0,0,0,0
291,2026-02-05,2,33,2,0,0,1,0,1,0
291,2026-02-06,2,35,2,0,0,2,0,0,0
291,2026-02-07,1,36,0,1,0,0,1,0,0
291,2026-02-08,0,36,0,0,0,0,0,0,0
291,2026-02-09,1,37,0,1,0,0,0,0,1
291,2026-02-10,3,40,3,0,0,3,0,0,0
292,2026-01-14,0,0,0,0,0,0,0,0,0
292,2026-01-15,0,0,0,0,0,0,0,0,0
292,2026-01-16,0,0,0,0,0,0,0,0,0
292,2026-01-17,0,0,0,0,0,0,0,0,0
292,2026-01-18,0,0,0,0,0,0,0,0,0
292,2026-01-19,0,0,0,0,0,0,0,0,0
292,2026-01-20,0,0,0,0,0,0,0,0,0
292,2026-01-21,0,0,0,0,0,0,0,0,0
292,2026-01-22,0,0,0,0,0,0,0,0,0
292,2026-01-23,0,0,0,0,0,0,0,0,0
292,2026-01-24,0,0,0,0,0,0,0,0,0
292,2026-01-25,2,2,2,0,1,1,0,0,0
292,2026-01-26,1,3,1,0,0,1,0,0,0
292,2026-01-27,2,5,2,0,1,1,0,0,0
292,2026-01-28,4,9,4,0,2,2,0,0,0
292,2026-01-29,4,13,2,2,0,2,1,0,1
292,2026-01-30,3,16,1,2,0,1,1,0,1
292,2026-01-31,2,18,0,2,0,0,2,0,0
292,2026-02-01,1,19,1,0,0,1,0,0,0
292,2026-02-02,5,24,5,0,0,3,0,2,0
292,2026-02-03,6,30,2,4,1,1,3,0,1
292,2026-02-04,1,31,1,0,0,1,0,0,0
292,2026-02-05,2,33,2,0,1,1,0,0,0
292,2026-02-06,3,36,3,0,2,0,0,1,0
292,2026-02-07,3,39,2,1,1,1,1,0,0
292,2026-02-08,3,42,3,0,2,1,0,0,0
292,2026-02-09,2,44,2,0,1,0,0,1,0
292,2026-02-10,0,44,0,0,0,0,0,0,0
293,2026-01-14,0,0,0,0,0,0,0,0,0
293,2026-01-15,0,0,0,0,0,0,0,0,0
293,2026-01-16,0,0,0,0,0,0,0,0,0
293,2026-01-17,0,0,0,0,0,0,0,0,0
293,2026-01-18,0,0,0,0,0,0,0,0,0
293,2026-01-19,0,0,0,0,0,0,0,0,0
293,2026-01-20,0,0,0,0,0,0,0,0,0
293,2026-01-21,0,0,0,0,0,0,0,0,0
293,2026-01-22,0,0,0,0,0,0,0,0,0
293,2026-01-23,0,0,0,0,0,0,0,0,0
293,2026-01-24,0,0,0,0,0,0,0,0,0
293,2026-01-25,1,1,1,0,0,1,0,0,0
293,2026-01-26,2,3,2,0,0,1,0,1,0
293,2026-01-27,4,7,2,2,0,2,2,0,0
293,2026-01-28,2,9,2,0,1,1,0,0,0
293,2026-01-29,3,12,3,0,0,2,0,1,0
293,2026-01-30,2,14,2,0,0,2,0,0,0
293,2026-01-31,2,16,2,0,1,1,0,0,0
293,2026-02-01,0,16,0,0,0,0,0,0,0
293,2026-02-02,1,17,1,0,1,0,0,0,0
293,2026-02-03,6,23,5,1,2,3,1,0,0
293,2026-02-04,1,24,1,0,0,1,0,0,0
293,2026-02-05,2,26,1,1,0,1,0,0,1
293,2026-02-06,3,29,3,0,1,2,0,0,0
293,2026-02-07,0,29,0,0,0,0,0,0,0
293,2026-02-08,0,29,0,0,0,0,0,0,0
293,2026-02-09,2,31,2,0,1,1,0,0,0
293,2026-02-10,2,33,2,0,0,2,0,0,0
294,2026-01-14,0,0,0,0,0,0,0,0,0
294,2026-01-15,0,0,0,0,0,0,0,0,0
294,2026-01-16,0,0,0,0,0,0,0,0,0
294,2026-01-17,0,0,0,0,0,0,0,0,0
294,2026-01-18,0,0,0,0,0,0,0,0,0
294,2026-01-19,0,0,0,0,0,0,0,0,0
294,2026-01-20,0,0,0,0,0,0,0,0,0
294,2026-01-21,0,0,0,0,0,0,0,0,0
294,2026-01-22,0,0,0,0,0,0,0,0,0
294,2026-01-23,0,0,0,0,0,0,0,0,0
294,2026-01-24,0,0,0,0,0,0,0,0,0
294,2026-01-25,2,2,2,0,2,0,0,0,0
294,2026-01-26,3,5,3,0,1,2,0,0,0
294,2026-01-27,0,5,0,0,0,0,0,0,0
294,2026-01-28,1,6,1,0,0,1,0,0,0
294,2026-01-29,0,6,0,0,0,0,0,0,0
294,2026-01-30,1,7,1,0,0,1,0,0,0
294,2026-01-31,3,10,3,0,1,2,0,0,0
294,2026-02-01,2,12,0,2,0,0,2,0,0
294,2026-02-02,0,12,0,0,0,0,0,0,0
294,2026-02-03,3,15,3,0,1,1,0,1,0
294,2026-02-04,3,18,3,0,1,2,0,0,0
294,2026-02-05,1,19,1,0,0,1,0,0,0
294,2026-02-06,2,21,2,0,1,1,0,0,0
294,2026-02-07,2,23,1,1,0,1,1,0,0
294,2026-02-08,1,24,1,0,0,1,0,0,0
294,2026-02-09,2,26,2,0,0,2,0,0,0
294,2026-02-10,1,27,1,0,0,1,0,0,0
295,2026-01-14,0,0,0,0,0,0,0,0,0
295,2026-01-15,0,0,0,0,0,0,0,0,0
295,2026-01-16,0,0,0,0,0,0,0,0,0
295,2026-01-17,0,0,0,0,0,0,0,0,0
295,2026-01-18,0,0,0,0,0,0,0,0,0
295,2026-01-19,0,0,0,0,0,0,0,0,0
295,2026-01-20,0,0,0,0,0,0,0,0,0
295,2026-01-21,0,0,0,0,0,0,0,0,0
295,2026-01-22,0,0,0,0,0,0,0,0,0
295,2026-01-23,0,0,0,0,0,0,0,0,0
295,2026-01-24,0,0,0,0,0,0,0,0,0
295,2026-01-25,6,6,5,1,2,2,1,1,0
295,2026-01-26,3,9,2,1,1,1,1,0,0
295,2026-01-27,2,11,2,0,1,1,0,0,0
295,2026-01-28,3,14,3,0,0,3,0,0,0
295,2026-01-29,2,16,2,0,0,0,0,2,0
295,2026-01-30,1,17,0,1,0,0,1,0,0
295,2026-01-31,3,20,2,1,1,1,1,0,0
295,2026-02-01,2,22,1,1,0,1,1,0,0
295,2026-02-02,6,28,5,1,1,3,1,1,0
295,2026-02-03,2,30,2,0,1,1,0,0,0
295,2026-02-04,1,31,1,0,0,1,0,0,0
295,2026-02-05,3,34,3,0,1,2,0,0,0
295,2026-02-06,2,36,1,1,0,1,0,0,1
295,2026-02-07,3,39,2,1,1,1,1,0,0
295,2026-02-08,0,39,0,0,0,0,0,0,0
295,2026-02-09,2,41,1,1,0,1,1,0,0
295,2026-02-10,2,43,2,0,1,1,0,0,0
296,2026-01-14,0,0,0,0,0,0,0,0,0
296,2026-01-15,0,0,0,0,0,0,0,0,0
296,2026-01-16,0,0,0,0,0,0,0,0,0
296,2026-01-17,0,0,0,0,0,0,0,0,0
296,2026-01-18,0,0,0,0,0,0,0,0,0
296,2026-01-19,0,0,0,0,0,0,0,0,0
296,2026-01-20,0,0,0,0,0,0,0,0,0
296,2026-01-21,0,0,0,0,0,0,0,0,0
296,2026-01-22,0,0,0,0,0,0,0,0,0
296,2026-01-23,0,0,0,0,0,0,0,0,0
296,2026-01-24,0,0,0,0,0,0,0,0,0
296,2026-01-25,2,2,2,0,1,1,0,0,0
296,2026-01-26,3,5,2,1,1,1,1,0,0
296,2026-01-27,2,7,1,1,0,1,1,0,0
296,2026-01-28,2,9,2,0,0,2,0,0,0
296,2026-01-29,0,9,0,0,0,0,0,0,0
296,2026-01-30,2,11,2,0,0,2,0,0,0
296,2026-01-31,3,14,3,0,0,3,0,0,0
296,2026-02-01,3,17,2,1,0,2,0,0,1
296,2026-02-02,5,22,4,1,3,0,1,1,0
296,2026-02-03,1,23,1,0,0,1,0,0,0
296,2026-02-04,0,23,0,0,0,0,0,0,0
296,2026-02-05,1,24,0,1,0,0,1,0,0
296,2026-02-06,4,28,3,1,1,2,0,0,1
296,2026-02-07,3,31,2,1,0,2,1,0,0
296,2026-02-08,2,33,2,0,0,2,0,0,0
296,2026-02-09,0,33,0,0,0,0,0,0,0
296,2026-02-10,5,38,5,0,0,4,0,1,0
297,2026-01-14,0,0,0,0,0,0,0,0,0
297,2026-01-15,0,0,0,0,0,0,0,0,0
297,2026-01-16,0,0,0,0,0,0,0,0,0
297,2026-01-17,0,0,0,0,0,0,0,0,0
297,2026-01-18,0,0,0,0,0,0,0,0,0
297,2026-01-19,0,0,0,0,0,0,0,0,0
297,2026-01-20,0,0,0,0,0,0,0,0,0
297,2026-01-21,0,0,0,0,0,0,0,0,0
297,2026-01-22,0,0,0,0,0,0,0,0,0
297,2026-01-23,0,0,0,0,0,0,0,0,0
297,2026-01-24,0,0,0,0,0,0,0,0,0
297,2026-01-25,2,2,1,1,0,0,0,1,1
297,2026-01-26,1,3,0,1,0,0,0,0,1
297,2026-01-27,4,7,4,0,1,2,0,1,0
297,2026-01-28,0,7,0,0,0,0,0,0,0
297,2026-01-29,1,8,1,0,1,0,0,0,0
297,2026-01-30,1,9,0,1,0,0,1,0,0
297,2026-01-31,4,13,1,3,0,1,3,0,0
297,2026-02-01,1,14,1,0,0,1,0,0,0
297,2026-02-02,3,17,3,0,1,2,0,0,0
297,2026-02-03,2,19,2,0,1,1,0,0,0
297,2026-02-04,3,22,2,1,1,1,1,0,0
297,2026-02-05,2,24,2,0,1,1,0,0,0
297,2026-02-06,2,26,1,1,0,1,1,0,0
297,2026-02-07,0,26,0,0,0,0,0,0,0
297,2026-02-08,2,28,2,0,1,1,0,0,0
297,2026-02-09,1,29,0,1,0,0,1,0,0
297,2026-02-10,2,31,2,0,0,2,0,0,0
298,2026-01-14,0,0,0,0,0,0,0,0,0
298,2026-01-15,0,0,0,0,0,0,0,0,0
298,2026-01-16,0,0,0,0,0,0,0,0,0
298,2026-01-17,0,0,0,0,0,0,0,0,0
298,2026-01-18,0,0,0,0,0,0,0,0,0
298,2026-01-19,0,0,0,0,0,0,0,0,0
298,2026-01-20,0,0,0,0,0,0,0,0,0
298,2026-01-21,0,0,0,0,0,0,0,0,0
298,2026-01-22,0,0,0,0,0,0,0,0,0
298,2026-01-23,0,0,0,0,0,0,0,0,0
298,2026-01-24,0,0,0,0,0,0,0,0,0
298,2026-01-25,2,2,1,1,0,1,1,0,0
298,2026-01-26,4,6,3,1,1,1,1,1,0
298,2026-01-27,2,8,2,0,0,2,0,0,0
298,2026-01-28,2,10,2,0,1,1,0,0,0
298,2026-01-29,2,12,1,1,0,1,1,0,0
298,2026-01-30,4,16,2,2,1,1,1,0,1
298,2026-01-31,1,17,0,1,0,0,1,0,0
298,2026-02-01,2,19,1,1,0,1,1,0,0
298,2026-02-02,4,23,1,3,0,1,2,0,1
298,2026-02-03,2,25,1,1,0,1,1,0,0
298,2026-02-04,1,26,0,1,0,0,0,0,1
298,2026-02-05,4,30,3,1,0,3,1,0,0
298,2026-02-06,4,34,3,1,1,2,0,0,1
298,2026-02-07,6,40,5,1,1,3,1,1,0
298,2026-02-08,3,43,3,0,1,2,0,0,0
298,2026-02-09,3,46,3,0,2,1,0,0,0
298,2026-02-10,3,49,2,1,1,0,1,1,0
299,2026-01-14,0,0,0,0,0,0,0,0,0
299,2026-01-15,0,0,0,0,0,0,0,0,0
299,2026-01-16,0,0,0,0,0,0,0,0,0
299,2026-01-17,0,0,0,0,0,0,0,0,0
299,2026-01-18,0,0,0,0,0,0,0,0,0
299,2026-01-19,0,0,0,0,0,0,0,0,0
299,2026-01-20,0,0,0,0,0,0,0,0,0
299,2026-01-21,0,0,0,0,0,0,0,0,0
299,2026-01-22,0,0,0,0,0,0,0,0,0
299,2026-01-23,0,0,0,0,0,0,0,0,0
299,2026-01-24,0,0,0,0,0,0,0,0,0
299,2026-01-25,5,5,4,1,1,3,0,0,1
299,2026-01-26,6,11,6,0,0,5,0,1,0
299,2026-01-27,5,16,4,1,0,4,0,0,1
299,2026-01-28,3,19,1,2,0,1,2,0,0
299,2026-01-29,3,22,3,0,2,1,0,0,0
299,2026-01-30,2,24,2,0,0,2,0,0,0
299,2026-01-31,3,27,3,0,1,2,0,0,0
299,2026-02-01,2,29,2,0,0,2,0,0,0
299,2026-02-02,0,29,0,0,0,0,0,0,0
299,2026-02-03,4,33,4,0,2,2,0,0,0
299,2026-02-04,2,35,2,0,0,2,0,0,0
299,2026-02-05,6,41,5,1,1,3,1,1,0
299,2026-02-06,2,43,2,0,0,2,0,0,0
299,2026-02-07,4,47,3,1,1,2,1,0,0
299,2026-02-08,3,50,3,0,0,2,0,1,0
299,2026-02-09,5,55,4,1,2,2,0,0,1
299,2026-02-10,1,56,1,0,0,1,0,0,0
300,2026-01-14,0,0,0,0,0,0,0,0,0
300,2026-01-15,0,0,0,0,0,0,0,0,0
300,2026-01-16,0,0,0,0,0,0,0,0,0
300,2026-01-17,0,0,0,0,0,0,0,0,0
300,2026-01-18,0,0,0,0,0,0,0,0,0
300,2026-01-19,0,0,0,0,0,0,0,0,0
300,2026-01-20,0,0,0,0,0,0,0,0,0
300,2026-01-21,0,0,0,0,0,0,0,0,0
300,2026-01-22,0,0,0,0,0,0,0,0,0
300,2026-01-23,0,0,0,0,0,0,0,0,0
300,2026-01-24,0,0,0,0,0,0,0,0,0
300,2026-01-25,1,1,1,0,0,0,0,1,0
300,2026-01-26,2,3,2,0,0,2,0,0,0
300,2026-01-27,1,4,1,0,0,1,0,0,0
300,2026-01-28,1,5,1,0,0,1,0,0,0
300,2026-01-29,2,7,1,1,0,1,0,0,1
300,2026-01-30,4,11,3,1,2,1,1,0,0
300,2026-01-31,0,11,0,0,0,0,0,0,0
300,2026-02-01,5,16,4,1,2,2,1,0,0
300,2026-02-02,1,17,1,0,0,1,0,0,0
300,2026-02-03,2,19,2,0,0,2,0,0,0
300,2026-02-04,1,20,0,1,0,0,1,0,0
300,2026-02-05,1,21,1,0,0,1,0,0,0
300,2026-02-06,0,21,0,0,0,0,0,0,0
300,2026-02-07,3,24,3,0,0,3,0,0,0
300,2026-02-08,0,24,0,0,0,0,0,0,0
300,2026-02-09,2,26,1,1,0,1,1,0,0
300,2026-02-10,0,26,0,0,0,0,0,0,0
301,2026-01-14,0,0,0,0,0,0,0,0,0
301,2026-01-15,0,0,0,0,0,0,0,0,0
301,2026-01-16,0,0,0,0,0,0,0,0,0
301,2026-01-17,0,0,0,0,0,0,0,0,0
301,2026-01-18,0,0,0,0,0,0,0,0,0
301,2026-01-19,0,0,0,0,0,0,0,0,0
301,2026-01-20,0,0,0,0,0,0,0,0,0
301,2026-01-21,0,0,0,0,0,0,0,0,0
301,2026-01-22,0,0,0,0,0,0,0,0,0
301,2026-01-23,0,0,0,0,0,0,0,0,0
301,2026-01-24,0,0,0,0,0,0,0,0,0
301,2026-01-25,6,6,6,0,0,6,0,0,0
301,2026-01-26,2,8,2,0,0,2,0,0,0
301,2026-01-27,4,12,4,0,2,2,0,0,0
301,2026-01-28,4,16,4,0,2,2,0,0,0
301,2026-01-29,4,20,2,2,1,1,1,0,1
301,2026-01-30,4,24,4,0,0,4,0,0,0
301,2026-01-31,2,26,1,1,0,1,1,0,0
301,2026-02-01,4,30,4,0,0,4,0,0,0
301,2026-02-02,0,30,0,0,0,0,0,0,0
301,2026-02-03,4,34,4,0,1,3,0,0,0
301,2026-02-04,2,36,2,0,2,0,0,0,0
301,2026-02-05,1,37,1,0,1,0,0,0,0
301,2026-02-06,0,37,0,0,0,0,0,0,0
301,2026-02-07,1,38,0,1,0,0,0,0,1
301,2026-02-08,3,41,3,0,2,1,0,0,0
301,2026-02-09,0,41,0,0,0,0,0,0,0
301,2026-02-10,0,41,0,0,0,0,0,0,0
302,2026-01-14,0,0,0,0,0,0,0,0,0
302,2026-01-15,0,0,0,0,0,0,0,0,0
302,2026-01-16,0,0,0,0,0,0,0,0,0
302,2026-01-17,0,0,0,0,0,0,0,0,0
302,2026-01-18,0,0,0,0,0,0,0,0,0
302,2026-01-19,0,0,0,0,0,0,0,0,0
302,2026-01-20,0,0,0,0,0,0,0,0,0
302,2026-01-21,0,0,0,0,0,0,0,0,0
302,2026-01-22,0,0,0,0,0,0,0,0,0
302,2026-01-23,0,0,0,0,0,0,0,0,0
302,2026-01-24,0,0,0,0,0,0,0,0,0
302,2026-01-25,0,0,0,0,0,0,0,0,0
302,2026-01-26,2,2,1,1,0,1,1,0,0
302,2026-01-27,6,8,4,2,2,2,2,0,0
302,2026-01-28,4,12,4,0,0,4,0,0,0
302,2026-01-29,0,12,0,0,0,0,0,0,0
302,2026-01-30,3,15,3,0,2,1,0,0,0
302,2026-01-31,3,18,3,0,2,1,0,0,0
302,2026-02-01,1,19,1,0,1,0,0,0,0
302,2026-02-02,0,19,0,0,0,0,0,0,0
302,2026-02-03,2,21,2,0,0,2,0,0,0
302,2026-02-04,1,22,1,0,1,0,0,0,0
302,2026-02-05,2,24,2,0,0,0,0,2,0
302,2026-02-06,1,25,1,0,0,1,0,0,0
302,2026-02-07,1,26,1,0,0,1,0,0,0
302,2026-02-08,1,27,0,1,0,0,1,0,0
302,2026-02-09,0,27,0,0,0,0,0,0,0
302,2026-02-10,0,27,0,0,0,0,0,0,0
303,2026-01-14,0,0,0,0,0,0,0,0,0
303,2026-01-15,0,0,0,0,0,0,0,0,0
303,2026-01-16,0,0,0,0,0,0,0,0,0
303,2026-01-17,0,0,0,0,0,0,0,0,0
303,2026-01-18,0,0,0,0,0,0,0,0,0
303,2026-01-19,0,0,0,0,0,0,0,0,0
303,2026-01-20,0,0,0,0,0,0,0,0,0
303,2026-01-21,0,0,0,0,0,0,0,0,0
303,2026-01-22,0,0,0,0,0,0,0,0,0
303,2026-01-23,0,0,0,0,0,0,0,0,0
303,2026-01-24,0,0,0,0,0,0,0,0,0
303,2026-01-25,1,1,0,1,0,0,1,0,0
303,2026-01-26,3,4,3,0,1,2,0,0,0
303,2026-01-27,4,8,3,1,1,2,1,0,0
303,2026-01-28,1,9,0,1,0,0,1,0,0
303,2026-01-29,1,10,1,0,0,0,0,1,0
303,2026-01-30,2,12,2,0,1,1,0,0,0
303,2026-01-31,4,16,3,1,1,2,1,0,0
303,2026-02-01,1,17,1,0,0,1,0,0,0
303,2026-02-02,2,19,2,0,1,0,0,1,0
303,2026-02-03,2,21,1,1,0,1,1,0,0
303,2026-02-04,0,21,0,0,0,0,0,0,0
303,2026-02-05,2,23,2,0,1,1,0,0,0
303,2026-02-06,2,25,2,0,0,2,0,0,0
303,2026-02-07,4,29,4,0,1,3,0,0,0
303,2026-02-08,2,31,2,0,1,0,0,1,0
303,2026-02-09,2,33,1,1,1,0,1,0,0
303,2026-02-10,3,36,2,1,2,0,1,0,0
304,2026-01-14,0,0,0,0,0,0,0,0,0
304,2026-01-15,0,0,0,0,0,0,0,0,0
304,2026-01-16,0,0,0,0,0,0,0,0,0
304,2026-01-17,0,0,0,0,0,0,0,0,0
304,2026-01-18,0,0,0,0,0,0,0,0,0
304,2026-01-19,0,0,0,0,0,0,0,0,0
304,2026-01-20,0,0,0,0,0,0,0,0,0
304,2026-01-21,0,0,0,0,0,0,0,0,0
304,2026-01-22,0,0,0,0,0,0,0,0,0
304,2026-01-23,0,0,0,0,0,0,0,0,0
304,2026-01-24,0,0,0,0,0,0,0,0,0
304,2026-01-25,0,0,0,0,0,0,0,0,0
304,2026-01-26,2,2,0,2,0,0,2,0,0
304,2026-01-27,5,7,4,1,2,2,1,0,0
304,2026-01-28,1,8,1,0,0,1,0,0,0
304,2026-01-29,2,10,1,1,0,1,1,0,0
304,2026-01-30,6,16,5,1,3,2,1,0,0
304,2026-01-31,3,19,3,0,2,1,0,0,0
304,2026-02-01,4,23,3,1,3,0,1,0,0
304,2026-02-02,1,24,1,0,1,0,0,0,0
304,2026-02-03,1,25,0,1,0,0,0,0,1
304,2026-02-04,0,25,0,0,0,0,0,0,0
304,2026-02-05,2,27,2,0,1,1,0,0,0
304,2026-02-06,4,31,4,0,3,1,0,0,0
304,2026-02-07,6,37,4,2,1,3,2,0,0
304,2026-02-08,3,40,3,0,0,3,0,0,0
304,2026-02-09,5,45,5,0,1,3,0,1,0
304,2026-02-10,3,48,3,0,0,3,0,0,0
305,2026-01-14,0,0,0,0,0,0,0,0,0
305,2026-01-15,0,0,0,0,0,0,0,0,0
305,2026-01-16,0,0,0,0,0,0,0,0,0
305,2026-01-17,0,0,0,0,0,0,0,0,0
305,2026-01-18,0,0,0,0,0,0,0,0,0
305,2026-01-19,0,0,0,0,0,0,0,0,0
305,2026-01-20,0,0,0,0,0,0,0,0,0
305,2026-01-21,0,0,0,0,0,0,0,0,0
305,2026-01-22,0,0,0,0,0,0,0,0,0
305,2026-01-23,0,0,0,0,0,0,0,0,0
305,2026-01-24,0,0,0,0,0,0,0,0,0
305,2026-01-25,6,6,6,0,2,4,0,0,0
305,2026-01-26,4,10,3,1,0,2,1,1,0
305,2026-01-27,6,16,5,1,2,3,1,0,0
305,2026-01-28,4,20,4,0,0,4,0,0,0
305,2026-01-29,10,30,8,2,2,5,2,1,0
305,2026-01-30,8,38,5,3,2,3,3,0,0
305,2026-01-31,3,41,3,0,1,2,0,0,0
305,2026-02-01,5,46,2,3,1,1,3,0,0
305,2026-02-02,7,53,5,2,1,3,2,1,0
305,2026-02-03,6,59,4,2,1,3,2,0,0
305,2026-02-04,6,65,4,2,1,3,2,0,0
305,2026-02-05,6,71,3,3,2,1,3,0,0
305,2026-02-06,0,71,0,0,0,0,0,0,0
305,2026-02-07,6,77,3,3,1,2,2,0,1
305,2026-02-08,6,83,6,0,1,3,0,2,0
305,2026-02-09,2,85,2,0,0,2,0,0,0
305,2026-02-10,3,88,1,2,1,0,2,0,0
306,2026-01-14,0,0,0,0,0,0,0,0,0
306,2026-01-15,0,0,0,0,0,0,0,0,0
306,2026-01-16,0,0,0,0,0,0,0,0,0
306,2026-01-17,0,0,0,0,0,0,0,0,0
306,2026-01-18,0,0,0,0,0,0,0,0,0
306,2026-01-19,0,0,0,0,0,0,0,0,0
306,2026-01-20,0,0,0,0,0,0,0,0,0
306,2026-01-21,0,0,0,0,0,0,0,0,0
306,2026-01-22,0,0,0,0,0,0,0,0,0
306,2026-01-23,0,0,0,0,0,0,0,0,0
306,2026-01-24,0,0,0,0,0,0,0,0,0
306,2026-01-25,2,2,2,0,0,2,0,0,0
306,2026-01-26,5,7,3,2,1,2,1,0,1
306,2026-01-27,2,9,2,0,1,1,0,0,0
306,2026-01-28,4,13,3,1,0,2,1,1,0
306,2026-01-29,4,17,2,2,0,2,1,0,1
306,2026-01-30,2,19,1,1,1,0,1,0,0
306,2026-01-31,1,20,1,0,0,1,0,0,0
306,2026-02-01,6,26,6,0,1,5,0,0,0
306,2026-02-02,4,30,4,0,3,1,0,0,0
306,2026-02-03,2,32,1,1,0,1,1,0,0
306,2026-02-04,4,36,3,1,1,2,1,0,0
306,2026-02-05,2,38,1,1,0,1,0,0,1
306,2026-02-06,6,44,5,1,1,4,1,0,0
306,2026-02-07,2,46,1,1,0,0,1,1,0
306,2026-02-08,2,48,1,1,0,1,1,0,0
306,2026-02-09,3,51,3,0,2,1,0,0,0
306,2026-02-10,0,51,0,0,0,0,0,0,0
307,2026-01-14,0,0,0,0,0,0,0,0,0
307,2026-01-15,0,0,0,0,0,0,0,0,0
307,2026-01-16,0,0,0,0,0,0,0,0,0
307,2026-01-17,0,0,0,0,0,0,0,0,0
307,2026-01-18,0,0,0,0,0,0,0,0,0
307,2026-01-19,0,0,0,0,0,0,0,0,0
307,2026-01-20,0,0,0,0,0,0,0,0,0
307,2026-01-21,0,0,0,0,0,0,0,0,0
307,2026-01-22,0,0,0,0,0,0,0,0,0
307,2026-01-23,0,0,0,0,0,0,0,0,0
307,2026-01-24,0,0,0,0,0,0,0,0,0
307,2026-01-25,2,2,1,1,0,1,0,0,1
307,2026-01-26,7,9,3,4,1,2,4,0,0
307,2026-01-27,2,11,2,0,0,2,0,0,0
307,2026-01-28,1,12,1,0,0,1,0,0,0
307,2026-01-29,1,13,0,1,0,0,1,0,0
307,2026-01-30,0,13,0,0,0,0,0,0,0
307,2026-01-31,3,16,2,1,0,1,1,1,0
307,2026-02-01,4,20,3,1,2,1,0,0,1
307,2026-02-02,0,20,0,0,0,0,0,0,0
307,2026-02-03,2,22,1,1,0,0,1,1,0
307,2026-02-04,2,24,2,0,1,1,0,0,0
307,2026-02-05,2,26,2,0,0,2,0,0,0
307,2026-02-06,1,27,0,1,0,0,1,0,0
307,2026-02-07,0,27,0,0,0,0,0,0,0
307,2026-02-08,2,29,2,0,0,2,0,0,0
307,2026-02-09,3,32,3,0,0,3,0,0,0
307,2026-02-10,0,32,0,0,0,0,0,0,0
308,2026-01-14,0,0,0,0,0,0,0,0,0
308,2026-01-15,0,0,0,0,0,0,0,0,0
308,2026-01-16,0,0,0,0,0,0,0,0,0
308,2026-01-17,0,0,0,0,0,0,0,0,0
308,2026-01-18,0,0,0,0,0,0,0,0,0
308,2026-01-19,0,0,0,0,0,0,0,0,0
308,2026-01-20,0,0,0,0,0,0,0,0,0
308,2026-01-21,0,0,0,0,0,0,0,0,0
308,2026-01-22,0,0,0,0,0,0,0,0,0
308,2026-01-23,0,0,0,0,0,0,0,0,0
308,2026-01-24,0,0,0,0,0,0,0,0,0
308,2026-01-25,3,3,2,1,0,2,1,0,0
308,2026-01-26,2,5,1,1,0,1,1,0,0
308,2026-01-27,4,9,4,0,1,2,0,1,0
308,2026-01-28,0,9,0,0,0,0,0,0,0
308,2026-01-29,3,12,2,1,0,2,1,0,0
308,2026-01-30,2,14,1,1,0,1,1,0,0
308,2026-01-31,4,18,3,1,0,2,0,1,1
308,2026-02-01,1,19,1,0,1,0,0,0,0
308,2026-02-02,1,20,1,0,1,0,0,0,0
308,2026-02-03,3,23,3,0,0,2,0,1,0
308,2026-02-04,1,24,1,0,1,0,0,0,0
308,2026-02-05,6,30,6,0,1,5,0,0,0
308,2026-02-06,1,31,0,1,0,0,0,0,1
308,2026-02-07,1,32,1,0,0,1,0,0,0
308,2026-02-08,2,34,1,1,1,0,1,0,0
308,2026-02-09,3,37,3,0,0,3,0,0,0
308,2026-02-10,1,38,1,0,0,1,0,0,0
309,2026-01-14,0,0,0,0,0,0,0,0,0
309,2026-01-15,0,0,0,0,0,0,0,0,0
309,2026-01-16,0,0,0,0,0,0,0,0,0
309,2026-01-17,0,0,0,0,0,0,0,0,0
309,2026-01-18,0,0,0,0,0,0,0,0,0
309,2026-01-19,0,0,0,0,0,0,0,0,0
309,2026-01-20,0,0,0,0,0,0,0,0,0
309,2026-01-21,0,0,0,0,0,0,0,0,0
309,2026-01-22,0,0,0,0,0,0,0,0,0
309,2026-01-23,0,0,0,0,0,0,0,0,0
309,2026-01-24,0,0,0,0,0,0,0,0,0
309,2026-01-25,3,3,2,1,0,1,1,1,0
309,2026-01-26,1,4,1,0,0,0,0,1,0
309,2026-01-27,4,8,2,2,2,0,1,0,1
309,2026-01-28,1,9,1,0,1,0,0,0,0
309,2026-01-29,4,13,3,1,1,2,1,0,0
309,2026-01-30,3,16,1,2,0,1,2,0,0
309,2026-01-31,1,17,1,0,0,1,0,0,0
309,2026-02-01,3,20,2,1,0,2,0,0,1
309,2026-02-02,1,21,1,0,1,0,0,0,0
309,2026-02-03,1,22,1,0,1,0,0,0,0
309,2026-02-04,3,25,1,2,1,0,1,0,1
309,2026-02-05,2,27,2,0,0,1,0,1,0
309,2026-02-06,0,27,0,0,0,0,0,0,0
309,2026-02-07,1,28,0,1,0,0,1,0,0
309,2026-02-08,2,30,2,0,2,0,0,0,0
309,2026-02-09,2,32,2,0,1,1,0,0,0
309,2026-02-10,1,33,1,0,0,1,0,0,0
310,2026-01-14,0,0,0,0,0,0,0,0,0
310,2026-01-15,0,0,0,0,0,0,0,0,0
310,2026-01-16,0,0,0,0,0,0,0,0,0
310,2026-01-17,0,0,0,0,0,0,0,0,0
310,2026-01-18,0,0,0,0,0,0,0,0,0
310,2026-01-19,0,0,0,0,0,0,0,0,0
310,2026-01-20,0,0,0,0,0,0,0,0,0
310,2026-01-21,0,0,0,0,0,0,0,0,0
310,2026-01-22,0,0,0,0,0,0,0,0,0
310,2026-01-23,0,0,0,0,0,0,0,0,0
310,2026-01-24,0,0,0,0,0,0,0,0,0
310,2026-01-25,4,4,3,1,0,3,1,0,0
310,2026-01-26,4,8,4,0,1,3,0,0,0
310,2026-01-27,5,13,5,0,0,4,0,1,0
310,2026-01-28,1,14,1,0,0,1,0,0,0
310,2026-01-29,5,19,4,1,0,4,1,0,0
310,2026-01-30,4,23,3,1,1,2,0,0,1
310,2026-01-31,1,24,1,0,0,1,0,0,0
310,2026-02-01,7,31,6,1,2,4,1,0,0
310,2026-02-02,7,38,5,2,0,3,2,2,0
310,2026-02-03,2,40,2,0,0,2,0,0,0
310,2026-02-04,2,42,2,0,0,2,0,0,0
310,2026-02-05,0,42,0,0,0,0,0,0,0
310,2026-02-06,3,45,3,0,1,2,0,0,0
310,2026-02-07,1,46,1,0,1,0,0,0,0
310,2026-02-08,8,54,7,1,2,5,1,0,0
310,2026-02-09,3,57,3,0,1,2,0,0,0
310,2026-02-10,3,60,3,0,2,1,0,0,0
311,2026-01-14,0,0,0,0,0,0,0,0,0
311,2026-01-15,0,0,0,0,0,0,0,0,0
311,2026-01-16,0,0,0,0,0,0,0,0,0
311,2026-01-17,0,0,0,0,0,0,0,0,0
311,2026-01-18,0,0,0,0,0,0,0,0,0
311,2026-01-19,0,0,0,0,0,0,0,0,0
311,2026-01-20,0,0,0,0,0,0,0,0,0
311,2026-01-21,0,0,0,0,0,0,0,0,0
311,2026-01-22,0,0,0,0,0,0,0,0,0
311,2026-01-23,0,0,0,0,0,0,0,0,0
311,2026-01-24,0,0,0,0,0,0,0,0,0
311,2026-01-25,3,3,3,0,2,0,0,1,0
311,2026-01-26,2,5,1,1,0,1,1,0,0
311,2026-01-27,4,9,4,0,3,1,0,0,0
311,2026-01-28,5,14,4,1,0,3,1,1,0
311,2026-01-29,5,19,4,1,2,2,1,0,0
311,2026-01-30,7,26,5,2,0,5,2,0,0
311,2026-01-31,3,29,3,0,0,3,0,0,0
311,2026-02-01,4,33,3,1,1,2,1,0,0
311,2026-02-02,4,37,2,2,0,2,2,0,0
311,2026-02-03,5,42,3,2,2,1,2,0,0
311,2026-02-04,4,46,3,1,2,1,1,0,0
311,2026-02-05,5,51,4,1,1,3,1,0,0
311,2026-02-06,5,56,3,2,1,2,0,0,2
311,2026-02-07,5,61,5,0,1,4,0,0,0
311,2026-02-08,4,65,2,2,1,1,1,0,1
311,2026-02-09,1,66,1,0,0,1,0,0,0
311,2026-02-10,3,69,3,0,2,1,0,0,0
312,2026-01-14,0,0,0,0,0,0,0,0,0
312,2026-01-15,0,0,0,0,0,0,0,0,0
312,2026-01-16,0,0,0,0,0,0,0,0,0
312,2026-01-17,0,0,0,0,0,0,0,0,0
312,2026-01-18,0,0,0,0,0,0,0,0,0
312,2026-01-19,0,0,0,0,0,0,0,0,0
312,2026-01-20,0,0,0,0,0,0,0,0,0
312,2026-01-21,0,0,0,0,0,0,0,0,0
312,2026-01-22,0,0,0,0,0,0,0,0,0
312,2026-01-23,0,0,0,0,0,0,0,0,0
312,2026-01-24,0,0,0,0,0,0,0,0,0
312,2026-01-25,5,5,5,0,1,4,0,0,0
312,2026-01-26,4,9,4,0,1,3,0,0,0
312,2026-01-27,3,12,3,0,2,1,0,0,0
312,2026-01-28,6,18,5,1,2,3,1,0,0
312,2026-01-29,3,21,2,1,0,2,1,0,0
312,2026-01-30,2,23,2,0,0,2,0,0,0
312,2026-01-31,1,24,1,0,0,1,0,0,0
312,2026-02-01,2,26,2,0,1,1,0,0,0
312,2026-02-02,3,29,3,0,0,2,0,1,0
312,2026-02-03,2,31,2,0,1,1,0,0,0
312,2026-02-04,2,33,1,1,1,0,1,0,0
312,2026-02-05,7,40,6,1,3,3,1,0,0
312,2026-02-06,2,42,1,1,1,0,1,0,0
312,2026-02-07,4,46,2,2,1,1,1,0,1
312,2026-02-08,4,50,3,1,0,3,1,0,0
312,2026-02-09,0,50,0,0,0,0,0,0,0
312,2026-02-10,1,51,1,0,0,1,0,0,0
313,2026-01-14,0,0,0,0,0,0,0,0,0
313,2026-01-15,0,0,0,0,0,0,0,0,0
313,2026-01-16,0,0,0,0,0,0,0,0,0
313,2026-01-17,0,0,0,0,0,0,0,0,0
313,2026-01-18,0,0,0,0,0,0,0,0,0
313,2026-01-19,0,0,0,0,0,0,0,0,0
313,2026-01-20,0,0,0,0,0,0,0,0,0
313,2026-01-21,0,0,0,0,0,0,0,0,0
313,2026-01-22,0,0,0,0,0,0,0,0,0
313,2026-01-23,0,0,0,0,0,0,0,0,0
313,2026-01-24,0,0,0,0,0,0,0,0,0
313,2026-01-25,2,2,2,0,0,2,0,0,0
313,2026-01-26,2,4,2,0,1,1,0,0,0
313,2026-01-27,2,6,2,0,1,1,0,0,0
313,2026-01-28,1,7,0,1,0,0,1,0,0
313,2026-01-29,2,9,2,0,0,1,0,1,0
313,2026-01-30,2,11,1,1,0,1,1,0,0
313,2026-01-31,2,13,0,2,0,0,2,0,0
313,2026-02-01,1,14,1,0,1,0,0,0,0
313,2026-02-02,3,17,3,0,1,1,0,1,0
313,2026-02-03,3,20,2,1,0,1,1,1,0
313,2026-02-04,3,23,3,0,0,2,0,1,0
313,2026-02-05,2,25,2,0,0,1,0,1,0
313,2026-02-06,3,28,0,3,0,0,3,0,0
313,2026-02-07,5,33,5,0,1,4,0,0,0
313,2026-02-08,3,36,3,0,0,2,0,1,0
313,2026-02-09,1,37,1,0,1,0,0,0,0
313,2026-02-10,1,38,1,0,1,0,0,0,0
314,2026-01-14,0,0,0,0,0,0,0,0,0
314,2026-01-15,0,0,0,0,0,0,0,0,0
314,2026-01-16,0,0,0,0,0,0,0,0,0
314,2026-01-17,0,0,0,0,0,0,0,0,0
314,2026-01-18,0,0,0,0,0,0,0,0,0
314,2026-01-19,0,0,0,0,0,0,0,0,0
314,2026-01-20,0,0,0,0,0,0,0,0,0
314,2026-01-21,0,0,0,0,0,0,0,0,0
314,2026-01-22,0,0,0,0,0,0,0,0,0
314,2026-01-23,0,0,0,0,0,0,0,0,0
314,2026-01-24,0,0,0,0,0,0,0,0,0
314,2026-01-25,3,3,2,1,1,1,1,0,0
314,2026-01-26,4,7,4,0,1,3,0,0,0
314,2026-01-27,6,13,5,1,0,3,1,2,0
314,2026-01-28,2,15,2,0,1,1,0,0,0
314,2026-01-29,2,17,2,0,1,1,0,0,0
314,2026-01-30,1,18,1,0,1,0,0,0,0
314,2026-01-31,2,20,2,0,0,2,0,0,0
314,2026-02-01,3,23,1,2,0,1,2,0,0
314,2026-02-02,3,26,3,0,2,1,0,0,0
314,2026-02-03,0,26,0,0,0,0,0,0,0
314,2026-02-04,0,26,0,0,0,0,0,0,0
314,2026-02-05,1,27,1,0,0,0,0,1,0
314,2026-02-06,3,30,3,0,0,2,0,1,0
314,2026-02-07,0,30,0,0,0,0,0,0,0
314,2026-02-08,1,31,0,1,0,0,1,0,0
314,2026-02-09,1,32,1,0,1,0,0,0,0
314,2026-02-10,1,33,1,0,1,0,0,0,0
315,2026-01-14,0,0,0,0,0,0,0,0,0
315,2026-01-15,0,0,0,0,0,0,0,0,0
315,2026-01-16,0,0,0,0,0,0,0,0,0
315,2026-01-17,0,0,0,0,0,0,0,0,0
315,2026-01-18,0,0,0,0,0,0,0,0,0
315,2026-01-19,0,0,0,0,0,0,0,0,0
315,2026-01-20,0,0,0,0,0,0,0,0,0
315,2026-01-21,0,0,0,0,0,0,0,0,0
315,2026-01-22,0,0,0,0,0,0,0,0,0
315,2026-01-23,0,0,0,0,0,0,0,0,0
315,2026-01-24,0,0,0,0,0,0,0,0,0
315,2026-01-25,4,4,4,0,1,3,0,0,0
315,2026-01-26,2,6,2,0,1,1,0,0,0
315,2026-01-27,2,8,2,0,1,1,0,0,0
315,2026-01-28,3,11,3,0,2,1,0,0,0
315,2026-01-29,6,17,4,2,1,3,2,0,0
315,2026-01-30,2,19,1,1,0,1,1,0,0
315,2026-01-31,3,22,2,1,0,2,0,0,1
315,2026-02-01,3,25,1,2,1,0,0,0,2
315,2026-02-02,3,28,3,0,0,2,0,1,0
315,2026-02-03,2,30,2,0,2,0,0,0,0
315,2026-02-04,1,31,1,0,0,1,0,0,0
315,2026-02-05,7,38,7,0,4,3,0,0,0
315,2026-02-06,3,41,2,1,2,0,1,0,0
315,2026-02-07,1,42,0,1,0,0,1,0,0
315,2026-02-08,2,44,2,0,1,1,0,0,0
315,2026-02-09,4,48,3,1,0,3,0,0,1
315,2026-02-10,0,48,0,0,0,0,0,0,0
316,2026-01-14,0,0,0,0,0,0,0,0,0
316,2026-01-15,0,0,0,0,0,0,0,0,0
316,2026-01-16,0,0,0,0,0,0,0,0,0
316,2026-01-17,0,0,0,0,0,0,0,0,0
316,2026-01-18,0,0,0,0,0,0,0,0,0
316,2026-01-19,0,0,0,0,0,0,0,0,0
316,2026-01-20,0,0,0,0,0,0,0,0,0
316,2026-01-21,0,0,0,0,0,0,0,0,0
316,2026-01-22,0,0,0,0,0,0,0,0,0
316,2026-01-23,0,0,0,0,0,0,0,0,0
316,2026-01-24,0,0,0,0,0,0,0,0,0
316,2026-01-25,3,3,2,1,1,1,1,0,0
316,2026-01-26,4,7,3,1,2,1,1,0,0
316,2026-01-27,2,9,1,1,0,1,0,0,1
316,2026-01-28,2,11,1,1,0,1,1,0,0
316,2026-01-29,3,14,3,0,2,0,0,1,0
316,2026-01-30,3,17,2,1,1,0,1,1,0
316,2026-01-31,0,17,0,0,0,0,0,0,0
316,2026-02-01,9,26,9,0,1,7,0,1,0
316,2026-02-02,2,28,2,0,1,1,0,0,0
316,2026-02-03,3,31,3,0,3,0,0,0,0
316,2026-02-04,8,39,7,1,1,5,1,1,0
316,2026-02-05,1,40,1,0,1,0,0,0,0
316,2026-02-06,3,43,2,1,0,1,1,1,0
316,2026-02-07,4,47,4,0,1,3,0,0,0
316,2026-02-08,3,50,2,1,1,1,0,0,1
316,2026-02-09,1,51,1,0,0,1,0,0,0
316,2026-02-10,3,54,3,0,1,1,0,1,0
317,2026-01-14,0,0,0,0,0,0,0,0,0
317,2026-01-15,0,0,0,0,0,0,0,0,0
317,2026-01-16,0,0,0,0,0,0,0,0,0
317,2026-01-17,0,0,0,0,0,0,0,0,0
317,2026-01-18,0,0,0,0,0,0,0,0,0
317,2026-01-19,0,0,0,0,0,0,0,0,0
317,2026-01-20,0,0,0,0,0,0,0,0,0
317,2026-01-21,0,0,0,0,0,0,0,0,0
317,2026-01-22,0,0,0,0,0,0,0,0,0
317,2026-01-23,0,0,0,0,0,0,0,0,0
317,2026-01-24,0,0,0,0,0,0,0,0,0
317,2026-01-25,0,0,0,0,0,0,0,0,0
317,2026-01-26,3,3,2,1,0,2,1,0,0
317,2026-01-27,3,6,3,0,1,2,0,0,0
317,2026-01-28,4,10,4,0,2,2,0,0,0
317,2026-01-29,1,11,1,0,1,0,0,0,0
317,2026-01-30,1,12,1,0,0,1,0,0,0
317,2026-01-31,1,13,1,0,0,1,0,0,0
317,2026-02-01,0,13,0,0,0,0,0,0,0
317,2026-02-02,0,13,0,0,0,0,0,0,0
317,2026-02-03,0,13,0,0,0,0,0,0,0
317,2026-02-04,0,13,0,0,0,0,0,0,0
317,2026-02-05,2,15,2,0,0,2,0,0,0
317,2026-02-06,1,16,1,0,1,0,0,0,0
317,2026-02-07,2,18,2,0,0,2,0,0,0
317,2026-02-08,2,20,1,1,0,1,1,0,0
317,2026-02-09,1,21,1,0,0,1,0,0,0
317,2026-02-10,0,21,0,0,0,0,0,0,0
318,2026-01-14,0,0,0,0,0,0,0,0,0
318,2026-01-15,0,0,0,0,0,0,0,0,0
318,2026-01-16,0,0,0,0,0,0,0,0,0
318,2026-01-17,0,0,0,0,0,0,0,0,0
318,2026-01-18,0,0,0,0,0,0,0,0,0
318,2026-01-19,0,0,0,0,0,0,0,0,0
318,2026-01-20,0,0,0,0,0,0,0,0,0
318,2026-01-21,0,0,0,0,0,0,0,0,0
318,2026-01-22,0,0,0,0,0,0,0,0,0
318,2026-01-23,0,0,0,0,0,0,0,0,0
318,2026-01-24,0,0,0,0,0,0,0,0,0
318,2026-01-25,3,3,3,0,1,2,0,0,0
318,2026-01-26,3,6,3,0,0,3,0,0,0
318,2026-01-27,2,8,2,0,0,2,0,0,0
318,2026-01-28,1,9,1,0,0,0,0,1,0
318,2026-01-29,3,12,2,1,1,1,1,0,0
318,2026-01-30,4,16,3,1,0,1,1,2,0
318,2026-01-31,3,19,3,0,0,3,0,0,0
318,2026-02-01,1,20,1,0,0,1,0,0,0
318,2026-02-02,1,21,1,0,0,1,0,0,0
318,2026-02-03,4,25,2,2,1,0,2,1,0
318,2026-02-04,1,26,1,0,0,1,0,0,0
318,2026-02-05,1,27,1,0,1,0,0,0,0
318,2026-02-06,1,28,1,0,0,1,0,0,0
318,2026-02-07,2,30,2,0,0,1,0,1,0
318,2026-02-08,0,30,0,0,0,0,0,0,0
318,2026-02-09,0,30,0,0,0,0,0,0,0
318,2026-02-10,1,31,1,0,0,1,0,0,0
319,2026-01-14,0,0,0,0,0,0,0,0,0
319,2026-01-15,0,0,0,0,0,0,0,0,0
319,2026-01-16,0,0,0,0,0,0,0,0,0
319,2026-01-17,0,0,0,0,0,0,0,0,0
319,2026-01-18,0,0,0,0,0,0,0,0,0
319,2026-01-19,0,0,0,0,0,0,0,0,0
319,2026-01-20,0,0,0,0,0,0,0,0,0
319,2026-01-21,0,0,0,0,0,0,0,0,0
319,2026-01-22,0,0,0,0,0,0,0,0,0
319,2026-01-23,0,0,0,0,0,0,0,0,0
319,2026-01-24,0,0,0,0,0,0,0,0,0
319,2026-01-25,1,1,1,0,0,1,0,0,0
319,2026-01-26,3,4,1,2,1,0,2,0,0
319,2026-01-27,0,4,0,0,0,0,0,0,0
319,2026-01-28,5,9,2,3,1,1,2,0,1
319,2026-01-29,3,12,2,1,1,0,1,1,0
319,2026-01-30,2,14,1,1,0,1,0,0,1
319,2026-01-31,3,17,3,0,1,1,0,1,0
319,2026-02-01,4,21,1,3,0,1,3,0,0
319,2026-02-02,2,23,2,0,1,1,0,0,0
319,2026-02-03,2,25,1,1,0,1,1,0,0
319,2026-02-04,0,25,0,0,0,0,0,0,0
319,2026-02-05,1,26,1,0,0,0,0,1,0
319,2026-02-06,3,29,2,1,2,0,1,0,0
319,2026-02-07,2,31,1,1,0,0,1,1,0
319,2026-02-08,0,31,0,0,0,0,0,0,0
319,2026-02-09,3,34,3,0,0,3,0,0,0
319,2026-02-10,2,36,2,0,1,1,0,0,0
320,2026-01-14,0,0,0,0,0,0,0,0,0
320,2026-01-15,0,0,0,0,0,0,0,0,0
320,2026-01-16,0,0,0,0,0,0,0,0,0
320,2026-01-17,0,0,0,0,0,0,0,0,0
320,2026-01-18,0,0,0,0,0,0,0,0,0
320,2026-01-19,0,0,0,0,0,0,0,0,0
320,2026-01-20,0,0,0,0,0,0,0,0,0
320,2026-01-21,0,0,0,0,0,0,0,0,0
320,2026-01-22,0,0,0,0,0,0,0,0,0
320,2026-01-23,0,0,0,0,0,0,0,0,0
320,2026-01-24,0,0,0,0,0,0,0,0,0
320,2026-01-25,4,4,3,1,1,2,1,0,0
320,2026-01-26,1,5,0,1,0,0,0,0,1
320,2026-01-27,4,9,2,2,1,1,2,0,0
320,2026-01-28,6,15,5,1,0,5,1,0,0
320,2026-01-29,3,18,3,0,2,1,0,0,0
320,2026-01-30,2,20,2,0,0,1,0,1,0
320,2026-01-31,2,22,2,0,0,1,0,1,0
320,2026-02-01,4,26,4,0,0,4,0,0,0
320,2026-02-02,4,30,3,1,2,1,1,0,0
320,2026-02-03,4,34,4,0,2,1,0,1,0
320,2026-02-04,3,37,3,0,2,1,0,0,0
320,2026-02-05,3,40,2,1,0,2,0,0,1
320,2026-02-06,4,44,2,2,0,2,1,0,1
320,2026-02-07,1,45,1,0,1,0,0,0,0
320,2026-02-08,2,47,2,0,2,0,0,0,0
320,2026-02-09,2,49,2,0,0,2,0,0,0
320,2026-02-10,4,53,4,0,1,3,0,0,0
321,2026-01-14,0,0,0,0,0,0,0,0,0
321,2026-01-15,0,0,0,0,0,0,0,0,0
321,2026-01-16,0,0,0,0,0,0,0,0,0
321,2026-01-17,0,0,0,0,0,0,0,0,0
321,2026-01-18,0,0,0,0,0,0,0,0,0
321,2026-01-19,0,0,0,0,0,0,0,0,0
321,2026-01-20,0,0,0,0,0,0,0,0,0
321,2026-01-21,0,0,0,0,0,0,0,0,0
321,2026-01-22,0,0,0,0,0,0,0,0,0
321,2026-01-23,0,0,0,0,0,0,0,0,0
321,2026-01-24,0,0,0,0,0,0,0,0,0
321,2026-01-25,4,4,2,2,0,2,2,0,0
321,2026-01-26,5,9,5,0,0,4,0,1,0
321,2026-01-27,1,10,1,0,0,1,0,0,0
321,2026-01-28,1,11,1,0,1,0,0,0,0
321,2026-01-29,3,14,1,2,1,0,2,0,0
321,2026-01-30,0,14,0,0,0,0,0,0,0
321,2026-01-31,5,19,3,2,1,2,2,0,0
321,2026-02-01,1,20,1,0,0,1,0,0,0
321,2026-02-02,2,22,1,1,1,0,1,0,0
321,2026-02-03,5,27,2,3,0,2,2,0,1
321,2026-02-04,1,28,1,0,0,1,0,0,0
321,2026-02-05,5,33,4,1,2,2,1,0,0
321,2026-02-06,2,35,2,0,0,1,0,1,0
321,2026-02-07,0,35,0,0,0,0,0,0,0
321,2026-02-08,1,36,1,0,1,0,0,0,0
321,2026-02-09,1,37,1,0,0,1,0,0,0
321,2026-02-10,1,38,1,0,1,0,0,0,0
322,2026-01-14,0,0,0,0,0,0,0,0,0
322,2026-01-15,0,0,0,0,0,0,0,0,0
322,2026-01-16,0,0,0,0,0,0,0,0,0
322,2026-01-17,0,0,0,0,0,0,0,0,0
322,2026-01-18,0,0,0,0,0,0,0,0,0
322,2026-01-19,0,0,0,0,0,0,0,0,0
322,2026-01-20,0,0,0,0,0,0,0,0,0
322,2026-01-21,0,0,0,0,0,0,0,0,0
322,2026-01-22,0,0,0,0,0,0,0,0,0
322,2026-01-23,0,0,0,0,0,0,0,0,0
322,2026-01-24,0,0,0,0,0,0,0,0,0
322,2026-01-25,4,4,4,0,1,3,0,0,0
322,2026-01-26,3,7,3,0,0,3,0,0,0
322,2026-01-27,4,11,4,0,2,2,0,0,0
322,2026-01-28,6,17,4,2,1,3,2,0,0
322,2026-01-29,2,19,2,0,1,1,0,0,0
322,2026-01-30,4,23,2,2,0,2,1,0,1
322,2026-01-31,2,25,2,0,2,0,0,0,0
322,2026-02-01,1,26,1,0,0,0,0,1,0
322,2026-02-02,5,31,5,0,2,1,0,2,0
322,2026-02-03,2,33,1,1,0,0,1,1,0
322,2026-02-04,5,38,4,1,0,4,1,0,0
322,2026-02-05,2,40,2,0,0,0,0,2,0
322,2026-02-06,3,43,2,1,0,2,1,0,0
322,2026-02-07,3,46,3,0,1,1,0,1,0
322,2026-02-08,4,50,4,0,2,2,0,0,0
322,2026-02-09,4,54,4,0,0,4,0,0,0
322,2026-02-10,2,56,2,0,1,0,0,1,0
323,2026-01-14,0,0,0,0,0,0,0,0,0
323,2026-01-15,0,0,0,0,0,0,0,0,0
323,2026-01-16,0,0,0,0,0,0,0,0,0
323,2026-01-17,0,0,0,0,0,0,0,0,0
323,2026-01-18,0,0,0,0,0,0,0,0,0
323,2026-01-19,0,0,0,0,0,0,0,0,0
323,2026-01-20,0,0,0,0,0,0,0,0,0
323,2026-01-21,0,0,0,0,0,0,0,0,0
323,2026-01-22,0,0,0,0,0,0,0,0,0
323,2026-01-23,0,0,0,0,0,0,0,0,0
323,2026-01-24,0,0,0,0,0,0,0,0,0
323,2026-01-25,2,2,2,0,1,1,0,0,0
323,2026-01-26,2,4,2,0,0,2,0,0,0
323,2026-01-27,1,5,0,1,0,0,1,0,0
323,2026-01-28,6,11,3,3,1,2,2,0,1
323,2026-01-29,3,14,3,0,1,1,0,1,0
323,2026-01-30,1,15,1,0,0,1,0,0,0
323,2026-01-31,3,18,3,0,1,2,0,0,0
323,2026-02-01,4,22,4,0,2,2,0,0,0
323,2026-02-02,0,22,0,0,0,0,0,0,0
323,2026-02-03,3,25,3,0,2,1,0,0,0
323,2026-02-04,2,27,2,0,1,1,0,0,0
323,2026-02-05,1,28,1,0,1,0,0,0,0
323,2026-02-06,0,28,0,0,0,0,0,0,0
323,2026-02-07,3,31,3,0,1,1,0,1,0
323,2026-02-08,0,31,0,0,0,0,0,0,0
323,2026-02-09,2,33,1,1,0,1,0,0,1
323,2026-02-10,0,33,0,0,0,0,0,0,0
324,2026-01-14,0,0,0,0,0,0,0,0,0
324,2026-01-15,0,0,0,0,0,0,0,0,0
324,2026-01-16,0,0,0,0,0,0,0,0,0
324,2026-01-17,0,0,0,0,0,0,0,0,0
324,2026-01-18,0,0,0,0,0,0,0,0,0
324,2026-01-19,0,0,0,0,0,0,0,0,0
324,2026-01-20,0,0,0,0,0,0,0,0,0
324,2026-01-21,0,0,0,0,0,0,0,0,0
324,2026-01-22,0,0,0,0,0,0,0,0,0
324,2026-01-23,0,0,0,0,0,0,0,0,0
324,2026-01-24,0,0,0,0,0,0,0,0,0
324,2026-01-25,6,6,5,1,0,5,1,0,0
324,2026-01-26,0,6,0,0,0,0,0,0,0
324,2026-01-27,4,10,3,1,1,2,1,0,0
324,2026-01-28,2,12,2,0,1,1,0,0,0
324,2026-01-29,2,14,1,1,1,0,1,0,0
324,2026-01-30,3,17,1,2,0,0,1,1,1
324,2026-01-31,7,24,5,2,1,3,1,1,1
324,2026-02-01,5,29,4,1,1,3,1,0,0
324,2026-02-02,3,32,3,0,0,3,0,0,0
324,2026-02-03,5,37,5,0,3,2,0,0,0
324,2026-02-04,3,40,3,0,1,2,0,0,0
324,2026-02-05,2,42,2,0,2,0,0,0,0
324,2026-02-06,3,45,2,1,0,1,1,1,0
324,2026-02-07,4,49,4,0,1,3,0,0,0
324,2026-02-08,4,53,3,1,1,2,1,0,0
324,2026-02-09,4,57,2,2,0,2,1,0,1
324,2026-02-10,4,61,3,1,0,2,1,1,0
325,2026-01-14,0,0,0,0,0,0,0,0,0
325,2026-01-15,0,0,0,0,0,0,0,0,0
325,2026-01-16,0,0,0,0,0,0,0,0,0
325,2026-01-17,0,0,0,0,0,0,0,0,0
325,2026-01-18,0,0,0,0,0,0,0,0,0
325,2026-01-19,0,0,0,0,0,0,0,0,0
325,2026-01-20,0,0,0,0,0,0,0,0,0
325,2026-01-21,0,0,0,0,0,0,0,0,0
325,2026-01-22,0,0,0,0,0,0,0,0,0
325,2026-01-23,0,0,0,0,0,0,0,0,0
325,2026-01-24,0,0,0,0,0,0,0,0,0
325,2026-01-25,0,0,0,0,0,0,0,0,0
325,2026-01-26,1,1,1,0,1,0,0,0,0
325,2026-01-27,3,4,3,0,1,2,0,0,0
325,2026-01-28,2,6,1,1,0,1,1,0,0
325,2026-01-29,5,11,4,1,1,3,1,0,0
325,2026-01-30,1,12,1,0,0,1,0,0,0
325,2026-01-31,0,12,0,0,0,0,0,0,0
325,2026-02-01,3,15,2,1,1,1,1,0,0
325,2026-02-02,1,16,1,0,1,0,0,0,0
325,2026-02-03,6,22,6,0,1,3,0,2,0
325,2026-02-04,3,25,3,0,0,3,0,0,0
325,2026-02-05,3,28,3,0,1,2,0,0,0
325,2026-02-06,2,30,1,1,0,1,1,0,0
325,2026-02-07,1,31,0,1,0,0,1,0,0
325,2026-02-08,4,35,3,1,1,2,1,0,0
325,2026-02-09,3,38,2,1,1,1,1,0,0
325,2026-02-10,3,41,3,0,1,2,0,0,0
326,2026-01-14,0,0,0,0,0,0,0,0,0
326,2026-01-15,0,0,0,0,0,0,0,0,0
326,2026-01-16,0,0,0,0,0,0,0,0,0
326,2026-01-17,0,0,0,0,0,0,0,0,0
326,2026-01-18,0,0,0,0,0,0,0,0,0
326,2026-01-19,0,0,0,0,0,0,0,0,0
326,2026-01-20,0,0,0,0,0,0,0,0,0
326,2026-01-21,0,0,0,0,0,0,0,0,0
326,2026-01-22,0,0,0,0,0,0,0,0,0
326,2026-01-23,0,0,0,0,0,0,0,0,0
326,2026-01-24,0,0,0,0,0,0,0,0,0
326,2026-01-25,7,7,6,1,2,4,1,0,0
326,2026-01-26,3,10,2,1,1,1,1,0,0
326,2026-01-27,2,12,2,0,2,0,0,0,0
326,2026-01-28,5,17,3,2,0,3,1,0,1
326,2026-01-29,1,18,1,0,0,1,0,0,0
326,2026-01-30,1,19,0,1,0,0,1,0,0
326,2026-01-31,2,21,2,0,1,1,0,0,0
326,2026-02-01,5,26,5,0,0,5,0,0,0
326,2026-02-02,5,31,5,0,0,3,0,2,0
326,2026-02-03,8,39,6,2,1,5,1,0,1
326,2026-02-04,6,45,2,4,1,1,3,0,1
326,2026-02-05,5,50,4,1,0,3,1,1,0
326,2026-02-06,5,55,4,1,1,2,0,1,1
326,2026-02-07,7,62,7,0,2,4,0,1,0
326,2026-02-08,2,64,2,0,0,2,0,0,0
326,2026-02-09,1,65,1,0,0,1,0,0,0
326,2026-02-10,3,68,2,1,1,1,1,0,0
327,2026-01-14,0,0,0,0,0,0,0,0,0
327,2026-01-15,0,0,0,0,0,0,0,0,0
327,2026-01-16,0,0,0,0,0,0,0,0,0
327,2026-01-17,0,0,0,0,0,0,0,0,0
327,2026-01-18,0,0,0,0,0,0,0,0,0
327,2026-01-19,0,0,0,0,0,0,0,0,0
327,2026-01-20,0,0,0,0,0,0,0,0,0
327,2026-01-21,0,0,0,0,0,0,0,0,0
327,2026-01-22,0,0,0,0,0,0,0,0,0
327,2026-01-23,0,0,0,0,0,0,0,0,0
327,2026-01-24,0,0,0,0,0,0,0,0,0
327,2026-01-25,1,1,1,0,0,1,0,0,0
327,2026-01-26,1,2,0,1,0,0,1,0,0
327,2026-01-27,2,4,2,0,1,1,0,0,0
327,2026-01-28,1,5,1,0,1,0,0,0,0
327,2026-01-29,1,6,1,0,0,0,0,1,0
327,2026-01-30,3,9,2,1,1,1,0,0,1
327,2026-01-31,3,12,3,0,0,3,0,0,0
327,2026-02-01,2,14,1,1,0,1,1,0,0
327,2026-02-02,5,19,5,0,3,1,0,1,0
327,2026-02-03,2,21,2,0,1,1,0,0,0
327,2026-02-04,0,21,0,0,0,0,0,0,0
327,2026-02-05,2,23,2,0,0,1,0,1,0
327,2026-02-06,2,25,1,1,0,1,1,0,0
327,2026-02-07,2,27,1,1,0,1,1,0,0
327,2026-02-08,3,30,3,0,0,2,0,1,0
327,2026-02-09,1,31,1,0,0,1,0,0,0
327,2026-02-10,2,33,2,0,0,1,0,1,0
328,2026-01-14,0,0,0,0,0,0,0,0,0
328,2026-01-15,0,0,0,0,0,0,0,0,0
328,2026-01-16,0,0,0,0,0,0,0,0,0
328,2026-01-17,0,0,0,0,0,0,0,0,0
328,2026-01-18,0,0,0,0,0,0,0,0,0
328,2026-01-19,0,0,0,0,0,0,0,0,0
328,2026-01-20,0,0,0,0,0,0,0,0,0
328,2026-01-21,0,0,0,0,0,0,0,0,0
328,2026-01-22,0,0,0,0,0,0,0,0,0
328,2026-01-23,0,0,0,0,0,0,0,0,0
328,2026-01-24,0,0,0,0,0,0,0,0,0
328,2026-01-25,5,5,3,2,1,2,2,0,0
328,2026-01-26,6,11,6,0,0,5,0,1,0
328,2026-01-27,2,13,2,0,2,0,0,0,0
328,2026-01-28,2,15,2,0,1,1,0,0,0
328,2026-01-29,0,15,0,0,0,0,0,0,0
328,2026-01-30,5,20,4,1,1,3,0,0,1
328,2026-01-31,3,23,2,1,1,1,1,0,0
328,2026-02-01,0,23,0,0,0,0,0,0,0
328,2026-02-02,5,28,5,0,2,2,0,1,0
328,2026-02-03,4,32,3,1,0,3,1,0,0
328,2026-02-04,5,37,3,2,0,3,1,0,1
328,2026-02-05,2,39,1,1,1,0,0,0,1
328,2026-02-06,2,41,2,0,0,2,0,0,0
328,2026-02-07,3,44,2,1,0,2,1,0,0
328,2026-02-08,2,46,1,1,0,1,1,0,0
328,2026-02-09,2,48,1,1,0,0,1,1,0
328,2026-02-10,2,50,2,0,0,1,0,1,0
329,2026-01-14,0,0,0,0,0,0,0,0,0
329,2026-01-15,0,0,0,0,0,0,0,0,0
329,2026-01-16,0,0,0,0,0,0,0,0,0
329,2026-01-17,0,0,0,0,0,0,0,0,0
329,2026-01-18,0,0,0,0,0,0,0,0,0
329,2026-01-19,0,0,0,0,0,0,0,0,0
329,2026-01-20,0,0,0,0,0,0,0,0,0
329,2026-01-21,0,0,0,0,0,0,0,0,0
329,2026-01-22,0,0,0,0,0,0,0,0,0
329,2026-01-23,0,0,0,0,0,0,0,0,0
329,2026-01-24,0,0,0,0,0,0,0,0,0
329,2026-01-25,3,3,1,2,1,0,2,0,0
329,2026-01-26,3,6,3,0,0,2,0,1,0
329,2026-01-27,4,10,3,1,1,1,1,1,0
329,2026-01-28,3,13,3,0,2,1,0,0,0
329,2026-01-29,4,17,4,0,2,1,0,1,0
329,2026-01-30,4,21,3,1,0,3,1,0,0
329,2026-01-31,6,27,4,2,2,2,2,0,0
329,2026-02-01,2,29,1,1,1,0,1,0,0
329,2026-02-02,1,30,0,1,0,0,1,0,0
329,2026-02-03,2,32,1,1,1,0,1,0,0
329,2026-02-04,0,32,0,0,0,0,0,0,0
329,2026-02-05,4,36,3,1,0,3,1,0,0
329,2026-02-06,1,37,1,0,0,1,0,0,0
329,2026-02-07,0,37,0,0,0,0,0,0,0
329,2026-02-08,0,37,0,0,0,0,0,0,0
329,2026-02-09,2,39,1,1,0,1,1,0,0
329,2026-02-10,1,40,1,0,0,1,0,0,0
330,2026-01-14,0,0,0,0,0,0,0,0,0
330,2026-01-15,0,0,0,0,0,0,0,0,0
330,2026-01-16,0,0,0,0,0,0,0,0,0
330,2026-01-17,0,0,0,0,0,0,0,0,0
330,2026-01-18,0,0,0,0,0,0,0,0,0
330,2026-01-19,0,0,0,0,0,0,0,0,0
330,2026-01-20,0,0,0,0,0,0,0,0,0
330,2026-01-21,0,0,0,0,0,0,0,0,0
330,2026-01-22,0,0,0,0,0,0,0,0,0
330,2026-01-23,0,0,0,0,0,0,0,0,0
330,2026-01-24,0,0,0,0,0,0,0,0,0
330,2026-01-25,2,2,2,0,0,1,0,1,0
330,2026-01-26,2,4,2,0,2,0,0,0,0
330,2026-01-27,1,5,1,0,0,1,0,0,0
330,2026-01-28,3,8,2,1,1,1,1,0,0
330,2026-01-29,1,9,0,1,0,0,1,0,0
330,2026-01-30,0,9,0,0,0,0,0,0,0
330,2026-01-31,1,10,0,1,0,0,0,0,1
330,2026-02-01,3,13,2,1,0,2,1,0,0
330,2026-02-02,2,15,2,0,0,1,0,1,0
330,2026-02-03,0,15,0,0,0,0,0,0,0
330,2026-02-04,1,16,1,0,0,1,0,0,0
330,2026-02-05,1,17,1,0,0,1,0,0,0
330,2026-02-06,0,17,0,0,0,0,0,0,0
330,2026-02-07,1,18,1,0,0,1,0,0,0
330,2026-02-08,0,18,0,0,0,0,0,0,0
330,2026-02-09,1,19,1,0,0,0,0,1,0
330,2026-02-10,1,20,1,0,1,0,0,0,0
331,2026-01-14,0,0,0,0,0,0,0,0,0
331,2026-01-15,0,0,0,0,0,0,0,0,0
331,2026-01-16,0,0,0,0,0,0,0,0,0
331,2026-01-17,0,0,0,0,0,0,0,0,0
331,2026-01-18,0,0,0,0,0,0,0,0,0
331,2026-01-19,0,0,0,0,0,0,0,0,0
331,2026-01-20,0,0,0,0,0,0,0,0,0
331,2026-01-21,0,0,0,0,0,0,0,0,0
331,2026-01-22,0,0,0,0,0,0,0,0,0
331,2026-01-23,0,0,0,0,0,0,0,0,0
331,2026-01-24,0,0,0,0,0,0,0,0,0
331,2026-01-25,4,4,1,3,1,0,2,0,1
331,2026-01-26,4,8,3,1,1,2,1,0,0
331,2026-01-27,6,14,5,1,3,2,1,0,0
331,2026-01-28,7,21,5,2,0,4,2,1,0
331,2026-01-29,3,24,2,1,1,1,1,0,0
331,2026-01-30,6,30,5,1,2,2,1,1,0
331,2026-01-31,5,35,5,0,2,3,0,0,0
331,2026-02-01,3,38,3,0,0,2,0,1,0
331,2026-02-02,4,42,2,2,1,1,1,0,1
331,2026-02-03,3,45,2,1,0,2,0,0,1
331,2026-02-04,1,46,1,0,0,0,0,1,0
331,2026-02-05,2,48,1,1,1,0,1,0,0
331,2026-02-06,1,49,1,0,0,1,0,0,0
331,2026-02-07,0,49,0,0,0,0,0,0,0
331,2026-02-08,2,51,1,1,0,1,1,0,0
331,2026-02-09,1,52,1,0,1,0,0,0,0
331,2026-02-10,2,54,2,0,1,1,0,0,0
332,2026-01-14,0,0,0,0,0,0,0,0,0
332,2026-01-15,0,0,0,0,0,0,0,0,0
332,2026-01-16,0,0,0,0,0,0,0,0,0
332,2026-01-17,0,0,0,0,0,0,0,0,0
332,2026-01-18,0,0,0,0,0,0,0,0,0
332,2026-01-19,0,0,0,0,0,0,0,0,0
332,2026-01-20,0,0,0,0,0,0,0,0,0
332,2026-01-21,0,0,0,0,0,0,0,0,0
332,2026-01-22,0,0,0,0,0,0,0,0,0
332,2026-01-23,0,0,0,0,0,0,0,0,0
332,2026-01-24,0,0,0,0,0,0,0,0,0
332,2026-01-25,11,11,8,3,1,7,2,0,1
332,2026-01-26,9,20,7,2,3,3,1,1,1
332,2026-01-27,1,21,0,1,0,0,1,0,0
332,2026-01-28,3,24,3,0,1,2,0,0,0
332,2026-01-29,3,27,3,0,1,2,0,0,0
332,2026-01-30,6,33,4,2,1,3,1,0,1
332,2026-01-31,5,38,3,2,0,3,2,0,0
332,2026-02-01,4,42,4,0,1,3,0,0,0
332,2026-02-02,4,46,4,0,2,1,0,1,0
332,2026-02-03,1,47,0,1,0,0,1,0,0
332,2026-02-04,5,52,3,2,1,2,2,0,0
332,2026-02-05,1,53,1,0,0,1,0,0,0
332,2026-02-06,1,54,1,0,1,0,0,0,0
332,2026-02-07,3,57,2,1,0,2,1,0,0
332,2026-02-08,2,59,2,0,0,2,0,0,0
332,2026-02-09,2,61,1,1,1,0,1,0,0
332,2026-02-10,5,66,4,1,1,3,0,0,1
333,2026-01-14,0,0,0,0,0,0,0,0,0
333,2026-01-15,0,0,0,0,0,0,0,0,0
333,2026-01-16,0,0,0,0,0,0,0,0,0
333,2026-01-17,0,0,0,0,0,0,0,0,0
333,2026-01-18,0,0,0,0,0,0,0,0,0
333,2026-01-19,0,0,0,0,0,0,0,0,0
333,2026-01-20,0,0,0,0,0,0,0,0,0
333,2026-01-21,0,0,0,0,0,0,0,0,0
333,2026-01-22,0,0,0,0,0,0,0,0,0
333,2026-01-23,0,0,0,0,0,0,0,0,0
333,2026-01-24,0,0,0,0,0,0,0,0,0
333,2026-01-25,8,8,6,2,1,5,2,0,0
333,2026-01-26,8,16,7,1,0,7,1,0,0
333,2026-01-27,3,19,3,0,0,2,0,1,0
333,2026-01-28,4,23,3,1,0,3,1,0,0
333,2026-01-29,2,25,2,0,0,1,0,1,0
333,2026-01-30,5,30,3,2,2,1,1,0,1
333,2026-01-31,8,38,7,1,4,1,1,2,0
333,2026-02-01,7,45,5,2,0,5,1,0,1
333,2026-02-02,3,48,2,1,1,1,0,0,1
333,2026-02-03,1,49,0,1,0,0,1,0,0
333,2026-02-04,6,55,6,0,1,4,0,1,0
333,2026-02-05,4,59,4,0,1,2,0,1,0
333,2026-02-06,5,64,4,1,2,1,0,1,1
333,2026-02-07,5,69,3,2,1,1,2,1,0
333,2026-02-08,1,70,1,0,1,0,0,0,0
333,2026-02-09,5,75,5,0,1,2,0,2,0
333,2026-02-10,2,77,1,1,0,0,0,1,1
334,2026-01-14,0,0,0,0,0,0,0,0,0
334,2026-01-15,0,0,0,0,0,0,0,0,0
334,2026-01-16,0,0,0,0,0,0,0,0,0
334,2026-01-17,0,0,0,0,0,0,0,0,0
334,2026-01-18,0,0,0,0,0,0,0,0,0
334,2026-01-19,0,0,0,0,0,0,0,0,0
334,2026-01-20,0,0,0,0,0,0,0,0,0
334,2026-01-21,0,0,0,0,0,0,0,0,0
334,2026-01-22,0,0,0,0,0,0,0,0,0
334,2026-01-23,0,0,0,0,0,0,0,0,0
334,2026-01-24,0,0,0,0,0,0,0,0,0
334,2026-01-25,6,6,5,1,1,3,1,1,0
334,2026-01-26,4,10,4,0,0,4,0,0,0
334,2026-01-27,1,11,1,0,1,0,0,0,0
334,2026-01-28,2,13,2,0,1,1,0,0,0
334,2026-01-29,5,18,4,1,1,3,1,0,0
334,2026-01-30,5,23,5,0,1,3,0,1,0
334,2026-01-31,2,25,1,1,0,1,0,0,1
334,2026-02-01,2,27,1,1,0,1,1,0,0
334,2026-02-02,5,32,4,1,3,1,1,0,0
334,2026-02-03,1,33,1,0,0,1,0,0,0
334,2026-02-04,2,35,2,0,1,1,0,0,0
334,2026-02-05,2,37,2,0,2,0,0,0,0
334,2026-02-06,4,41,4,0,2,2,0,0,0
334,2026-02-07,1,42,1,0,0,1,0,0,0
334,2026-02-08,3,45,2,1,1,1,1,0,0
334,2026-02-09,2,47,2,0,1,1,0,0,0
334,2026-02-10,4,51,3,1,0,2,1,1,0
335,2026-01-14,0,0,0,0,0,0,0,0,0
335,2026-01-15,0,0,0,0,0,0,0,0,0
335,2026-01-16,0,0,0,0,0,0,0,0,0
335,2026-01-17,0,0,0,0,0,0,0,0,0
335,2026-01-18,0,0,0,0,0,0,0,0,0
335,2026-01-19,0,0,0,0,0,0,0,0,0
335,2026-01-20,0,0,0,0,0,0,0,0,0
335,2026-01-21,0,0,0,0,0,0,0,0,0
335,2026-01-22,0,0,0,0,0,0,0,0,0
335,2026-01-23,0,0,0,0,0,0,0,0,0
335,2026-01-24,0,0,0,0,0,0,0,0,0
335,2026-01-25,3,3,2,1,1,1,1,0,0
335,2026-01-26,1,4,1,0,0,1,0,0,0
335,2026-01-27,3,7,2,1,0,1,1,1,0
335,2026-01-28,4,11,4,0,2,1,0,1,0
335,2026-01-29,3,14,1,2,1,0,2,0,0
335,2026-01-30,1,15,0,1,0,0,1,0,0
335,2026-01-31,1,16,1,0,1,0,0,0,0
335,2026-02-01,2,18,2,0,0,1,0,1,0
335,2026-02-02,6,24,6,0,1,5,0,0,0
335,2026-02-03,2,26,1,1,1,0,1,0,0
335,2026-02-04,4,30,2,2,1,1,2,0,0
335,2026-02-05,3,33,2,1,1,1,1,0,0
335,2026-02-06,2,35,0,2,0,0,2,0,0
335,2026-02-07,2,37,0,2,0,0,2,0,0
335,2026-02-08,3,40,3,0,1,2,0,0,0
335,2026-02-09,2,42,1,1,0,1,1,0,0
335,2026-02-10,4,46,4,0,0,3,0,1,0
336,2026-01-14,0,0,0,0,0,0,0,0,0
336,2026-01-15,0,0,0,0,0,0,0,0,0
336,2026-01-16,0,0,0,0,0,0,0,0,0
336,2026-01-17,0,0,0,0,0,0,0,0,0
336,2026-01-18,0,0,0,0,0,0,0,0,0
336,2026-01-19,0,0,0,0,0,0,0,0,0
336,2026-01-20,0,0,0,0,0,0,0,0,0
336,2026-01-21,0,0,0,0,0,0,0,0,0
336,2026-01-22,0,0,0,0,0,0,0,0,0
336,2026-01-23,0,0,0,0,0,0,0,0,0
336,2026-01-24,0,0,0,0,0,0,0,0,0
336,2026-01-25,4,4,3,1,2,1,1,0,0
336,2026-01-26,3,7,2,1,0,2,0,0,1
336,2026-01-27,6,13,4,2,0,4,2,0,0
336,2026-01-28,4,17,3,1,0,2,1,1,0
336,2026-01-29,3,20,3,0,2,0,0,1,0
336,2026-01-30,2,22,2,0,0,2,0,0,0
336,2026-01-31,0,22,0,0,0,0,0,0,0
336,2026-02-01,1,23,1,0,1,0,0,0,0
336,2026-02-02,4,27,3,1,1,2,1,0,0
336,2026-02-03,2,29,2,0,0,2,0,0,0
336,2026-02-04,2,31,2,0,0,2,0,0,0
336,2026-02-05,3,34,2,1,1,1,1,0,0
336,2026-02-06,1,35,1,0,0,1,0,0,0
336,2026-02-07,2,37,1,1,1,0,0,0,1
336,2026-02-08,5,42,3,2,1,2,1,0,1
336,2026-02-09,1,43,1,0,0,1,0,0,0
336,2026-02-10,1,44,1,0,1,0,0,0,0
337,2026-01-14,0,0,0,0,0,0,0,0,0
337,2026-01-15,0,0,0,0,0,0,0,0,0
337,2026-01-16,0,0,0,0,0,0,0,0,0
337,2026-01-17,0,0,0,0,0,0,0,0,0
337,2026-01-18,0,0,0,0,0,0,0,0,0
337,2026-01-19,0,0,0,0,0,0,0,0,0
337,2026-01-20,0,0,0,0,0,0,0,0,0
337,2026-01-21,0,0,0,0,0,0,0,0,0
337,2026-01-22,0,0,0,0,0,0,0,0,0
337,2026-01-23,0,0,0,0,0,0,0,0,0
337,2026-01-24,0,0,0,0,0,0,0,0,0
337,2026-01-25,6,6,5,1,0,4,1,1,0
337,2026-01-26,5,11,4,1,0,4,1,0,0
337,2026-01-27,2,13,1,1,0,0,1,1,0
337,2026-01-28,4,17,4,0,2,2,0,0,0
337,2026-01-29,1,18,1,0,0,0,0,1,0
337,2026-01-30,0,18,0,0,0,0,0,0,0
337,2026-01-31,0,18,0,0,0,0,0,0,0
337,2026-02-01,3,21,3,0,1,2,0,0,0
337,2026-02-02,0,21,0,0,0,0,0,0,0
337,2026-02-03,5,26,5,0,2,2,0,1,0
337,2026-02-04,1,27,0,1,0,0,1,0,0
337,2026-02-05,2,29,2,0,0,2,0,0,0
337,2026-02-06,4,33,3,1,1,2,1,0,0
337,2026-02-07,1,34,1,0,0,1,0,0,0
337,2026-02-08,1,35,1,0,1,0,0,0,0
337,2026-02-09,1,36,1,0,1,0,0,0,0
337,2026-02-10,1,37,1,0,0,1,0,0,0
338,2026-01-14,0,0,0,0,0,0,0,0,0
338,2026-01-15,0,0,0,0,0,0,0,0,0
338,2026-01-16,0,0,0,0,0,0,0,0,0
338,2026-01-17,0,0,0,0,0,0,0,0,0
338,2026-01-18,0,0,0,0,0,0,0,0,0
338,2026-01-19,0,0,0,0,0,0,0,0,0
338,2026-01-20,0,0,0,0,0,0,0,0,0
338,2026-01-21,0,0,0,0,0,0,0,0,0
338,2026-01-22,0,0,0,0,0,0,0,0,0
338,2026-01-23,0,0,0,0,0,0,0,0,0
338,2026-01-24,0,0,0,0,0,0,0,0,0
338,2026-01-25,1,1,1,0,0,0,0,1,0
338,2026-01-26,3,4,1,2,0,1,2,0,0
338,2026-01-27,2,6,1,1,0,1,1,0,0
338,2026-01-28,2,8,1,1,1,0,1,0,0
338,2026-01-29,4,12,4,0,1,3,0,0,0
338,2026-01-30,1,13,1,0,1,0,0,0,0
338,2026-01-31,3,16,2,1,1,0,1,1,0
338,2026-02-01,1,17,0,1,0,0,1,0,0
338,2026-02-02,5,22,5,0,1,4,0,0,0
338,2026-02-03,0,22,0,0,0,0,0,0,0
338,2026-02-04,4,26,2,2,1,1,2,0,0
338,2026-02-05,1,27,1,0,0,1,0,0,0
338,2026-02-06,0,27,0,0,0,0,0,0,0
338,2026-02-07,2,29,2,0,0,2,0,0,0
338,2026-02-08,4,33,2,2,0,2,1,0,1
338,2026-02-09,1,34,1,0,0,0,0,1,0
338,2026-02-10,3,37,3,0,0,3,0,0,0
339,2026-01-14,0,0,0,0,0,0,0,0,0
339,2026-01-15,0,0,0,0,0,0,0,0,0
339,2026-01-16,0,0,0,0,0,0,0,0,0
339,2026-01-17,0,0,0,0,0,0,0,0,0
339,2026-01-18,0,0,0,0,0,0,0,0,0
339,2026-01-19,0,0,0,0,0,0,0,0,0
339,2026-01-20,0,0,0,0,0,0,0,0,0
339,2026-01-21,0,0,0,0,0,0,0,0,0
339,2026-01-22,0,0,0,0,0,0,0,0,0
339,2026-01-23,0,0,0,0,0,0,0,0,0
339,2026-01-24,0,0,0,0,0,0,0,0,0
339,2026-01-25,4,4,3,1,1,2,1,0,0
339,2026-01-26,3,7,3,0,0,3,0,0,0
339,2026-01-27,4,11,2,2,0,1,2,1,0
339,2026-01-28,2,13,1,1,0,1,0,0,1
339,2026-01-29,3,16,3,0,1,2,0,0,0
339,2026-01-30,4,20,3,1,2,1,1,0,0
339,2026-01-31,1,21,1,0,0,1,0,0,0
339,2026-02-01,5,26,5,0,1,3,0,1,0
339,2026-02-02,1,27,0,1,0,0,1,0,0
339,2026-02-03,5,32,4,1,2,2,0,0,1
339,2026-02-04,3,35,2,1,1,1,1,0,0
339,2026-02-05,5,40,5,0,2,3,0,0,0
339,2026-02-06,5,45,3,2,0,3,2,0,0
339,2026-02-07,4,49,3,1,1,2,1,0,0
339,2026-02-08,4,53,4,0,1,2,0,1,0
339,2026-02-09,3,56,3,0,0,3,0,0,0
339,2026-02-10,3,59,3,0,0,3,0,0,0
340,2026-01-14,0,0,0,0,0,0,0,0,0
340,2026-01-15,0,0,0,0,0,0,0,0,0
340,2026-01-16,0,0,0,0,0,0,0,0,0
340,2026-01-17,0,0,0,0,0,0,0,0,0
340,2026-01-18,0,0,0,0,0,0,0,0,0
340,2026-01-19,0,0,0,0,0,0,0,0,0
340,2026-01-20,0,0,0,0,0,0,0,0,0
340,2026-01-21,0,0,0,0,0,0,0,0,0
340,2026-01-22,0,0,0,0,0,0,0,0,0
340,2026-01-23,0,0,0,0,0,0,0,0,0
340,2026-01-24,0,0,0,0,0,0,0,0,0
340,2026-01-25,3,3,2,1,1,1,0,0,1
340,2026-01-26,2,5,1,1,0,1,1,0,0
340,2026-01-27,4,9,3,1,1,2,0,0,1
340,2026-01-28,7,16,6,1,2,2,1,2,0
340,2026-01-29,9,25,7,2,1,4,0,2,2
340,2026-01-30,7,32,5,2,3,1,1,1,1
340,2026-01-31,1,33,1,0,0,0,0,1,0
340,2026-02-01,3,36,3,0,0,1,0,2,0
340,2026-02-02,0,36,0,0,0,0,0,0,0
340,2026-02-03,0,36,0,0,0,0,0,0,0
340,2026-02-04,7,43,7,0,2,5,0,0,0
340,2026-02-05,2,45,2,0,1,0,0,1,0
340,2026-02-06,4,49,3,1,2,1,0,0,1
340,2026-02-07,4,53,4,0,2,1,0,1,0
340,2026-02-08,2,55,2,0,1,1,0,0,0
340,2026-02-09,3,58,2,1,0,2,1,0,0
340,2026-02-10,1,59,0,1,0,0,1,0,0
341,2026-01-14,0,0,0,0,0,0,0,0,0
341,2026-01-15,0,0,0,0,0,0,0,0,0
341,2026-01-16,0,0,0,0,0,0,0,0,0
341,2026-01-17,0,0,0,0,0,0,0,0,0
341,2026-01-18,0,0,0,0,0,0,0,0,0
341,2026-01-19,0,0,0,0,0,0,0,0,0
341,2026-01-20,0,0,0,0,0,0,0,0,0
341,2026-01-21,0,0,0,0,0,0,0,0,0
341,2026-01-22,0,0,0,0,0,0,0,0,0
341,2026-01-23,0,0,0,0,0,0,0,0,0
341,2026-01-24,0,0,0,0,0,0,0,0,0
341,2026-01-25,1,1,1,0,0,1,0,0,0
341,2026-01-26,3,4,2,1,0,2,1,0,0
341,2026-01-27,0,4,0,0,0,0,0,0,0
341,2026-01-28,2,6,2,0,0,1,0,1,0
341,2026-01-29,4,10,4,0,1,2,0,1,0
341,2026-01-30,0,10,0,0,0,0,0,0,0
341,2026-01-31,2,12,2,0,0,2,0,0,0
341,2026-02-01,2,14,1,1,0,1,0,0,1
341,2026-02-02,0,14,0,0,0,0,0,0,0
341,2026-02-03,3,17,3,0,0,3,0,0,0
341,2026-02-04,4,21,4,0,0,4,0,0,0
341,2026-02-05,5,26,5,0,2,3,0,0,0
341,2026-02-06,1,27,1,0,0,1,0,0,0
341,2026-02-07,1,28,1,0,0,0,0,1,0
341,2026-02-08,2,30,1,1,0,0,1,1,0
341,2026-02-09,0,30,0,0,0,0,0,0,0
341,2026-02-10,1,31,1,0,0,1,0,0,0
342,2026-01-14,0,0,0,0,0,0,0,0,0
342,2026-01-15,0,0,0,0,0,0,0,0,0
342,2026-01-16,0,0,0,0,0,0,0,0,0
342,2026-01-17,0,0,0,0,0,0,0,0,0
342,2026-01-18,0,0,0,0,0,0,0,0,0
342,2026-01-19,0,0,0,0,0,0,0,0,0
342,2026-01-20,0,0,0,0,0,0,0,0,0
342,2026-01-21,0,0,0,0,0,0,0,0,0
342,2026-01-22,0,0,0,0,0,0,0,0,0
342,2026-01-23,0,0,0,0,0,0,0,0,0
342,2026-01-24,0,0,0,0,0,0,0,0,0
342,2026-01-25,2,2,1,1,0,1,0,0,1
342,2026-01-26,2,4,2,0,0,2,0,0,0
342,2026-01-27,4,8,3,1,0,3,0,0,1
342,2026-01-28,3,11,2,1,1,1,1,0,0
342,2026-01-29,3,14,3,0,1,2,0,0,0
342,2026-01-30,5,19,5,0,1,3,0,1,0
342,2026-01-31,1,20,1,0,0,1,0,0,0
342,2026-02-01,3,23,3,0,1,1,0,1,0
342,2026-02-02,4,27,3,1,1,1,1,1,0
342,2026-02-03,1,28,1,0,0,1,0,0,0
342,2026-02-04,1,29,1,0,1,0,0,0,0
342,2026-02-05,1,30,1,0,0,1,0,0,0
342,2026-02-06,2,32,1,1,0,0,1,1,0
342,2026-02-07,4,36,3,1,0,3,1,0,0
342,2026-02-08,2,38,2,0,1,1,0,0,0
342,2026-02-09,3,41,2,1,0,2,0,0,1
342,2026-02-10,2,43,2,0,1,1,0,0,0
343,2026-01-14,0,0,0,0,0,0,0,0,0
343,2026-01-15,0,0,0,0,0,0,0,0,0
343,2026-01-16,0,0,0,0,0,0,0,0,0
343,2026-01-17,0,0,0,0,0,0,0,0,0
343,2026-01-18,0,0,0,0,0,0,0,0,0
343,2026-01-19,0,0,0,0,0,0,0,0,0
343,2026-01-20,0,0,0,0,0,0,0,0,0
343,2026-01-21,0,0,0,0,0,0,0,0,0
343,2026-01-22,0,0,0,0,0,0,0,0,0
343,2026-01-23,0,0,0,0,0,0,0,0,0
343,2026-01-24,0,0,0,0,0,0,0,0,0
343,2026-01-25,5,5,3,2,0,3,1,0,1
343,2026-01-26,1,6,1,0,0,1,0,0,0
343,2026-01-27,3,9,3,0,3,0,0,0,0
343,2026-01-28,0,9,0,0,0,0,0,0,0
343,2026-01-29,2,11,1,1,0,1,1,0,0
343,2026-01-30,1,12,0,1,0,0,1,0,0
343,2026-01-31,1,13,1,0,0,1,0,0,0
343,2026-02-01,1,14,1,0,0,1,0,0,0
343,2026-02-02,0,14,0,0,0,0,0,0,0
343,2026-02-03,0,14,0,0,0,0,0,0,0
343,2026-02-04,1,15,1,0,0,1,0,0,0
343,2026-02-05,2,17,2,0,0,1,0,1,0
343,2026-02-06,2,19,1,1,0,1,1,0,0
343,2026-02-07,2,21,1,1,0,1,1,0,0
343,2026-02-08,1,22,0,1,0,0,1,0,0
343,2026-02-09,1,23,0,1,0,0,0,0,1
343,2026-02-10,3,26,2,1,0,1,0,1,1
344,2026-01-14,0,0,0,0,0,0,0,0,0
344,2026-01-15,0,0,0,0,0,0,0,0,0
344,2026-01-16,0,0,0,0,0,0,0,0,0
344,2026-01-17,0,0,0,0,0,0,0,0,0
344,2026-01-18,0,0,0,0,0,0,0,0,0
344,2026-01-19,0,0,0,0,0,0,0,0,0
344,2026-01-20,0,0,0,0,0,0,0,0,0
344,2026-01-21,0,0,0,0,0,0,0,0,0
344,2026-01-22,0,0,0,0,0,0,0,0,0
344,2026-01-23,0,0,0,0,0,0,0,0,0
344,2026-01-24,0,0,0,0,0,0,0,0,0
344,2026-01-25,5,5,5,0,3,2,0,0,0
344,2026-01-26,3,8,2,1,0,2,0,0,1
344,2026-01-27,2,10,2,0,1,1,0,0,0
344,2026-01-28,3,13,3,0,0,3,0,0,0
344,2026-01-29,2,15,2,0,0,2,0,0,0
344,2026-01-30,1,16,1,0,0,1,0,0,0
344,2026-01-31,2,18,2,0,1,1,0,0,0
344,2026-02-01,2,20,2,0,2,0,0,0,0
344,2026-02-02,3,23,3,0,0,3,0,0,0
344,2026-02-03,3,26,3,0,2,1,0,0,0
344,2026-02-04,1,27,0,1,0,0,1,0,0
344,2026-02-05,3,30,2,1,2,0,1,0,0
344,2026-02-06,3,33,2,1,0,2,0,0,1
344,2026-02-07,3,36,3,0,1,2,0,0,0
344,2026-02-08,3,39,3,0,0,3,0,0,0
344,2026-02-09,2,41,1,1,0,1,1,0,0
344,2026-02-10,0,41,0,0,0,0,0,0,0
345,2026-01-14,0,0,0,0,0,0,0,0,0
345,2026-01-15,0,0,0,0,0,0,0,0,0
345,2026-01-16,0,0,0,0,0,0,0,0,0
345,2026-01-17,0,0,0,0,0,0,0,0,0
345,2026-01-18,0,0,0,0,0,0,0,0,0
345,2026-01-19,0,0,0,0,0,0,0,0,0
345,2026-01-20,0,0,0,0,0,0,0,0,0
345,2026-01-21,0,0,0,0,0,0,0,0,0
345,2026-01-22,0,0,0,0,0,0,0,0,0
345,2026-01-23,0,0,0,0,0,0,0,0,0
345,2026-01-24,0,0,0,0,0,0,0,0,0
345,2026-01-25,7,7,5,2,3,2,1,0,1
345,2026-01-26,7,14,4,3,0,3,2,1,1
345,2026-01-27,5,19,4,1,2,2,0,0,1
345,2026-01-28,2,21,2,0,1,1,0,0,0
345,2026-01-29,2,23,1,1,1,0,1,0,0
345,2026-01-30,2,25,1,1,1,0,0,0,1
345,2026-01-31,2,27,1,1,0,1,1,0,0
345,2026-02-01,2,29,2,0,0,2,0,0,0
345,2026-02-02,6,35,5,1,4,1,1,0,0
345,2026-02-03,2,37,1,1,1,0,0,0,1
345,2026-02-04,2,39,2,0,0,2,0,0,0
345,2026-02-05,8,47,5,3,0,5,2,0,1
345,2026-02-06,3,50,3,0,1,2,0,0,0
345,2026-02-07,2,52,2,0,1,1,0,0,0
345,2026-02-08,8,60,6,2,2,3,2,1,0
345,2026-02-09,2,62,1,1,1,0,1,0,0
345,2026-02-10,3,65,3,0,0,2,0,1,0
346,2026-01-14,0,0,0,0,0,0,0,0,0
346,2026-01-15,0,0,0,0,0,0,0,0,0
346,2026-01-16,0,0,0,0,0,0,0,0,0
346,2026-01-17,0,0,0,0,0,0,0,0,0
346,2026-01-18,0,0,0,0,0,0,0,0,0
346,2026-01-19,0,0,0,0,0,0,0,0,0
346,2026-01-20,0,0,0,0,0,0,0,0,0
346,2026-01-21,0,0,0,0,0,0,0,0,0
346,2026-01-22,0,0,0,0,0,0,0,0,0
346,2026-01-23,0,0,0,0,0,0,0,0,0
346,2026-01-24,0,0,0,0,0,0,0,0,0
346,2026-01-25,4,4,4,0,0,3,0,1,0
346,2026-01-26,2,6,2,0,1,1,0,0,0
346,2026-01-27,3,9,2,1,0,1,1,1,0
346,2026-01-28,2,11,2,0,1,1,0,0,0
346,2026-01-29,0,11,0,0,0,0,0,0,0
346,2026-01-30,2,13,1,1,0,1,1,0,0
346,2026-01-31,2,15,2,0,0,2,0,0,0
346,2026-02-01,3,18,2,1,0,1,1,1,0
346,2026-02-02,3,21,1,2,0,1,1,0,1
346,2026-02-03,2,23,1,1,0,0,1,1,0
346,2026-02-04,8,31,7,1,3,2,1,2,0
346,2026-02-05,2,33,2,0,1,1,0,0,0
346,2026-02-06,3,36,3,0,0,3,0,0,0
346,2026-02-07,0,36,0,0,0,0,0,0,0
346,2026-02-08,1,37,1,0,0,1,0,0,0
346,2026-02-09,2,39,1,1,1,0,0,0,1
346,2026-02-10,4,43,2,2,0,2,0,0,2
347,2026-01-14,0,0,0,0,0,0,0,0,0
347,2026-01-15,0,0,0,0,0,0,0,0,0
347,2026-01-16,0,0,0,0,0,0,0,0,0
347,2026-01-17,0,0,0,0,0,0,0,0,0
347,2026-01-18,0,0,0,0,0,0,0,0,0
347,2026-01-19,0,0,0,0,0,0,0,0,0
347,2026-01-20,0,0,0,0,0,0,0,0,0
347,2026-01-21,0,0,0,0,0,0,0,0,0
347,2026-01-22,0,0,0,0,0,0,0,0,0
347,2026-01-23,0,0,0,0,0,0,0,0,0
347,2026-01-24,0,0,0,0,0,0,0,0,0
347,2026-01-25,2,2,2,0,0,1,0,1,0
347,2026-01-26,3,5,2,1,0,2,1,0,0
347,2026-01-27,1,6,1,0,0,1,0,0,0
347,2026-01-28,1,7,1,0,0,1,0,0,0
347,2026-01-29,1,8,1,0,1,0,0,0,0
347,2026-01-30,3,11,3,0,1,2,0,0,0
347,2026-01-31,1,12,1,0,0,1,0,0,0
347,2026-02-01,1,13,1,0,0,0,0,1,0
347,2026-02-02,2,15,2,0,1,0,0,1,0
347,2026-02-03,1,16,1,0,0,1,0,0,0
347,2026-02-04,0,16,0,0,0,0,0,0,0
347,2026-02-05,1,17,0,1,0,0,0,0,1
347,2026-02-06,0,17,0,0,0,0,0,0,0
347,2026-02-07,0,17,0,0,0,0,0,0,0
347,2026-02-08,0,17,0,0,0,0,0,0,0
347,2026-02-09,2,19,2,0,1,0,0,1,0
347,2026-02-10,1,20,1,0,1,0,0,0,0
348,2026-01-14,0,0,0,0,0,0,0,0,0
348,2026-01-15,0,0,0,0,0,0,0,0,0
348,2026-01-16,0,0,0,0,0,0,0,0,0
348,2026-01-17,0,0,0,0,0,0,0,0,0
348,2026-01-18,0,0,0,0,0,0,0,0,0
348,2026-01-19,0,0,0,0,0,0,0,0,0
348,2026-01-20,0,0,0,0,0,0,0,0,0
348,2026-01-21,0,0,0,0,0,0,0,0,0
348,2026-01-22,0,0,0,0,0,0,0,0,0
348,2026-01-23,0,0,0,0,0,0,0,0,0
348,2026-01-24,0,0,0,0,0,0,0,0,0
348,2026-01-25,4,4,3,1,0,3,0,0,1
348,2026-01-26,6,10,4,2,1,1,2,2,0
348,2026-01-27,3,13,1,2,0,1,2,0,0
348,2026-01-28,2,15,1,1,0,0,1,1,0
348,2026-01-29,4,19,3,1,1,2,1,0,0
348,2026-01-30,5,24,5,0,2,3,0,0,0
348,2026-01-31,4,28,3,1,1,2,0,0,1
348,2026-02-01,2,30,2,0,1,1,0,0,0
348,2026-02-02,3,33,1,2,1,0,2,0,0
348,2026-02-03,2,35,1,1,0,1,1,0,0
348,2026-02-04,6,41,5,1,2,2,1,1,0
348,2026-02-05,2,43,2,0,0,2,0,0,0
348,2026-02-06,3,46,3,0,1,2,0,0,0
348,2026-02-07,0,46,0,0,0,0,0,0,0
348,2026-02-08,2,48,1,1,1,0,1,0,0
348,2026-02-09,5,53,2,3,0,2,2,0,1
348,2026-02-10,4,57,4,0,2,2,0,0,0
349,2026-01-14,0,0,0,0,0,0,0,0,0
349,2026-01-15,0,0,0,0,0,0,0,0,0
349,2026-01-16,0,0,0,0,0,0,0,0,0
349,2026-01-17,0,0,0,0,0,0,0,0,0
349,2026-01-18,0,0,0,0,0,0,0,0,0
349,2026-01-19,0,0,0,0,0,0,0,0,0
349,2026-01-20,0,0,0,0,0,0,0,0,0
349,2026-01-21,0,0,0,0,0,0,0,0,0
349,2026-01-22,0,0,0,0,0,0,0,0,0
349,2026-01-23,0,0,0,0,0,0,0,0,0
349,2026-01-24,0,0,0,0,0,0,0,0,0
349,2026-01-25,4,4,4,0,1,2,0,1,0
349,2026-01-26,3,7,2,1,0,2,0,0,1
349,2026-01-27,5,12,5,0,1,3,0,1,0
349,2026-01-28,6,18,4,2,2,1,1,1,1
349,2026-01-29,3,21,2,1,1,1,1,0,0
349,2026-01-30,3,24,2,1,1,0,1,1,0
349,2026-01-31,0,24,0,0,0,0,0,0,0
349,2026-02-01,3,27,2,1,0,2,1,0,0
349,2026-02-02,2,29,1,1,0,1,1,0,0
349,2026-02-03,2,31,2,0,1,0,0,1,0
349,2026-02-04,1,32,1,0,0,1,0,0,0
349,2026-02-05,0,32,0,0,0,0,0,0,0
349,2026-02-06,2,34,1,1,0,1,1,0,0
349,2026-02-07,1,35,1,0,0,1,0,0,0
349,2026-02-08,3,38,2,1,1,0,1,1,0
349,2026-02-09,0,38,0,0,0,0,0,0,0
349,2026-02-10,2,40,2,0,0,1,0,1,0
350,2026-01-14,0,0,0,0,0,0,0,0,0
350,2026-01-15,0,0,0,0,0,0,0,0,0
350,2026-01-16,0,0,0,0,0,0,0,0,0
350,2026-01-17,0,0,0,0,0,0,0,0,0
350,2026-01-18,0,0,0,0,0,0,0,0,0
350,2026-01-19,0,0,0,0,0,0,0,0,0
350,2026-01-20,0,0,0,0,0,0,0,0,0
350,2026-01-21,0,0,0,0,0,0,0,0,0
350,2026-01-22,0,0,0,0,0,0,0,0,0
350,2026-01-23,0,0,0,0,0,0,0,0,0
350,2026-01-24,0,0,0,0,0,0,0,0,0
350,2026-01-25,1,1,1,0,0,1,0,0,0
350,2026-01-26,4,5,3,1,2,1,1,0,0
350,2026-01-27,4,9,3,1,2,1,1,0,0
350,2026-01-28,4,13,3,1,1,1,1,1,0
350,2026-01-29,6,19,2,4,0,2,3,0,1
350,2026-01-30,0,19,0,0,0,0,0,0,0
350,2026-01-31,7,26,6,1,2,3,0,1,1
350,2026-02-01,4,30,3,1,1,2,1,0,0
350,2026-02-02,2,32,2,0,1,1,0,0,0
350,2026-02-03,2,34,2,0,0,1,0,1,0
350,2026-02-04,3,37,3,0,2,1,0,0,0
350,2026-02-05,4,41,4,0,1,3,0,0,0
350,2026-02-06,1,42,0,1,0,0,1,0,0
350,2026-02-07,1,43,0,1,0,0,1,0,0
350,2026-02-08,4,47,4,0,1,3,0,0,0
350,2026-02-09,1,48,1,0,1,0,0,0,0
350,2026-02-10,1,49,1,0,0,1,0,0,0
351,2026-01-14,0,0,0,0,0,0,0,0,0
351,2026-01-15,0,0,0,0,0,0,0,0,0
351,2026-01-16,0,0,0,0,0,0,0,0,0
351,2026-01-17,0,0,0,0,0,0,0,0,0
351,2026-01-18,0,0,0,0,0,0,0,0,0
351,2026-01-19,0,0,0,0,0,0,0,0,0
351,2026-01-20,0,0,0,0,0,0,0,0,0
351,2026-01-21,0,0,0,0,0,0,0,0,0
351,2026-01-22,0,0,0,0,0,0,0,0,0
351,2026-01-23,0,0,0,0,0,0,0,0,0
351,2026-01-24,0,0,0,0,0,0,0,0,0
351,2026-01-25,9,9,7,2,1,5,1,1,1
351,2026-01-26,6,15,4,2,1,3,1,0,1
351,2026-01-27,6,21,5,1,0,4,1,1,0
351,2026-01-28,10,31,9,1,4,5,1,0,0
351,2026-01-29,5,36,4,1,2,2,1,0,0
351,2026-01-30,4,40,2,2,0,2,2,0,0
351,2026-01-31,5,45,4,1,2,2,1,0,0
351,2026-02-01,1,46,1,0,0,1,0,0,0
351,2026-02-02,4,50,3,1,1,2,1,0,0
351,2026-02-03,9,59,6,3,2,4,3,0,0
351,2026-02-04,5,64,5,0,1,3,0,1,0
351,2026-02-05,0,64,0,0,0,0,0,0,0
351,2026-02-06,4,68,4,0,3,0,0,1,0
351,2026-02-07,0,68,0,0,0,0,0,0,0
351,2026-02-08,2,70,1,1,0,1,0,0,1
351,2026-02-09,1,71,1,0,0,1,0,0,0
351,2026-02-10,3,74,3,0,1,2,0,0,0
352,2026-01-14,0,0,0,0,0,0,0,0,0
352,2026-01-15,0,0,0,0,0,0,0,0,0
352,2026-01-16,0,0,0,0,0,0,0,0,0
352,2026-01-17,0,0,0,0,0,0,0,0,0
352,2026-01-18,0,0,0,0,0,0,0,0,0
352,2026-01-19,0,0,0,0,0,0,0,0,0
352,2026-01-20,0,0,0,0,0,0,0,0,0
352,2026-01-21,0,0,0,0,0,0,0,0,0
352,2026-01-22,0,0,0,0,0,0,0,0,0
352,2026-01-23,0,0,0,0,0,0,0,0,0
352,2026-01-24,0,0,0,0,0,0,0,0,0
352,2026-01-25,8,8,7,1,1,3,1,3,0
352,2026-01-26,4,12,3,1,0,3,0,0,1
352,2026-01-27,4,16,4,0,0,4,0,0,0
352,2026-01-28,5,21,2,3,0,2,2,0,1
352,2026-01-29,0,21,0,0,0,0,0,0,0
352,2026-01-30,0,21,0,0,0,0,0,0,0
352,2026-01-31,2,23,1,1,0,1,1,0,0
352,2026-02-01,2,25,2,0,0,2,0,0,0
352,2026-02-02,1,26,1,0,0,1,0,0,0
352,2026-02-03,2,28,1,1,0,1,1,0,0
352,2026-02-04,3,31,2,1,0,1,1,1,0
352,2026-02-05,6,37,6,0,2,4,0,0,0
352,2026-02-06,2,39,2,0,0,1,0,1,0
352,2026-02-07,0,39,0,0,0,0,0,0,0
352,2026-02-08,0,39,0,0,0,0,0,0,0
352,2026-02-09,1,40,1,0,1,0,0,0,0
352,2026-02-10,0,40,0,0,0,0,0,0,0
353,2026-01-14,0,0,0,0,0,0,0,0,0
353,2026-01-15,0,0,0,0,0,0,0,0,0
353,2026-01-16,0,0,0,0,0,0,0,0,0
353,2026-01-17,0,0,0,0,0,0,0,0,0
353,2026-01-18,0,0,0,0,0,0,0,0,0
353,2026-01-19,0,0,0,0,0,0,0,0,0
353,2026-01-20,0,0,0,0,0,0,0,0,0
353,2026-01-21,0,0,0,0,0,0,0,0,0
353,2026-01-22,0,0,0,0,0,0,0,0,0
353,2026-01-23,0,0,0,0,0,0,0,0,0
353,2026-01-24,0,0,0,0,0,0,0,0,0
353,2026-01-25,4,4,4,0,1,2,0,1,0
353,2026-01-26,3,7,3,0,1,2,0,0,0
353,2026-01-27,3,10,2,1,2,0,1,0,0
353,2026-01-28,1,11,1,0,0,1,0,0,0
353,2026-01-29,4,15,2,2,0,2,2,0,0
353,2026-01-30,5,20,2,3,0,0,1,2,2
353,2026-01-31,6,26,6,0,2,2,0,2,0
353,2026-02-01,3,29,2,1,1,1,1,0,0
353,2026-02-02,4,33,4,0,1,3,0,0,0
353,2026-02-03,0,33,0,0,0,0,0,0,0
353,2026-02-04,4,37,2,2,0,1,2,1,0
353,2026-02-05,0,37,0,0,0,0,0,0,0
353,2026-02-06,3,40,3,0,1,2,0,0,0
353,2026-02-07,3,43,2,1,0,1,1,1,0
353,2026-02-08,0,43,0,0,0,0,0,0,0
353,2026-02-09,1,44,0,1,0,0,1,0,0
353,2026-02-10,2,46,2,0,2,0,0,0,0
354,2026-01-14,0,0,0,0,0,0,0,0,0
354,2026-01-15,0,0,0,0,0,0,0,0,0
354,2026-01-16,0,0,0,0,0,0,0,0,0
354,2026-01-17,0,0,0,0,0,0,0,0,0
354,2026-01-18,0,0,0,0,0,0,0,0,0
354,2026-01-19,0,0,0,0,0,0,0,0,0
354,2026-01-20,0,0,0,0,0,0,0,0,0
354,2026-01-21,0,0,0,0,0,0,0,0,0
354,2026-01-22,0,0,0,0,0,0,0,0,0
354,2026-01-23,0,0,0,0,0,0,0,0,0
354,2026-01-24,0,0,0,0,0,0,0,0,0
354,2026-01-25,1,1,1,0,0,1,0,0,0
354,2026-01-26,4,5,2,2,1,1,2,0,0
354,2026-01-27,5,10,4,1,1,2,1,1,0
354,2026-01-28,2,12,2,0,1,0,0,1,0
354,2026-01-29,3,15,1,2,1,0,1,0,1
354,2026-01-30,6,21,4,2,3,1,2,0,0
354,2026-01-31,1,22,1,0,0,1,0,0,0
354,2026-02-01,8,30,6,2,2,4,1,0,1
354,2026-02-02,4,34,1,3,0,1,3,0,0
354,2026-02-03,4,38,3,1,1,2,1,0,0
354,2026-02-04,3,41,2,1,0,1,1,1,0
354,2026-02-05,2,43,0,2,0,0,2,0,0
354,2026-02-06,4,47,4,0,2,1,0,1,0
354,2026-02-07,1,48,1,0,0,1,0,0,0
354,2026-02-08,3,51,2,1,0,2,1,0,0
354,2026-02-09,3,54,3,0,3,0,0,0,0
354,2026-02-10,8,62,6,2,3,3,2,0,0
355,2026-01-14,0,0,0,0,0,0,0,0,0
355,2026-01-15,0,0,0,0,0,0,0,0,0
355,2026-01-16,0,0,0,0,0,0,0,0,0
355,2026-01-17,0,0,0,0,0,0,0,0,0
355,2026-01-18,0,0,0,0,0,0,0,0,0
355,2026-01-19,0,0,0,0,0,0,0,0,0
355,2026-01-20,0,0,0,0,0,0,0,0,0
355,2026-01-21,0,0,0,0,0,0,0,0,0
355,2026-01-22,0,0,0,0,0,0,0,0,0
355,2026-01-23,0,0,0,0,0,0,0,0,0
355,2026-01-24,0,0,0,0,0,0,0,0,0
355,2026-01-25,3,3,3,0,0,2,0,1,0
355,2026-01-26,5,8,5,0,1,3,0,1,0
355,2026-01-27,0,8,0,0,0,0,0,0,0
355,2026-01-28,2,10,1,1,0,1,1,0,0
355,2026-01-29,4,14,3,1,0,3,1,0,0
355,2026-01-30,6,20,3,3,1,2,3,0,0
355,2026-01-31,3,23,2,1,0,2,1,0,0
355,2026-02-01,3,26,2,1,0,2,1,0,0
355,2026-02-02,1,27,1,0,0,1,0,0,0
355,2026-02-03,0,27,0,0,0,0,0,0,0
355,2026-02-04,2,29,1,1,1,0,1,0,0
355,2026-02-05,1,30,1,0,0,1,0,0,0
355,2026-02-06,0,30,0,0,0,0,0,0,0
355,2026-02-07,4,34,4,0,2,2,0,0,0
355,2026-02-08,1,35,1,0,1,0,0,0,0
355,2026-02-09,2,37,2,0,0,2,0,0,0
355,2026-02-10,0,37,0,0,0,0,0,0,0
356,2026-01-14,0,0,0,0,0,0,0,0,0
356,2026-01-15,0,0,0,0,0,0,0,0,0
356,2026-01-16,0,0,0,0,0,0,0,0,0
356,2026-01-17,0,0,0,0,0,0,0,0,0
356,2026-01-18,0,0,0,0,0,0,0,0,0
356,2026-01-19,0,0,0,0,0,0,0,0,0
356,2026-01-20,0,0,0,0,0,0,0,0,0
356,2026-01-21,0,0,0,0,0,0,0,0,0
356,2026-01-22,0,0,0,0,0,0,0,0,0
356,2026-01-23,0,0,0,0,0,0,0,0,0
356,2026-01-24,0,0,0,0,0,0,0,0,0
356,2026-01-25,0,0,0,0,0,0,0,0,0
356,2026-01-26,4,4,2,2,2,0,2,0,0
356,2026-01-27,2,6,2,0,1,0,0,1,0
356,2026-01-28,3,9,2,1,0,2,1,0,0
356,2026-01-29,1,10,1,0,1,0,0,0,0
356,2026-01-30,3,13,2,1,1,1,1,0,0
356,2026-01-31,4,17,4,0,0,3,0,1,0
356,2026-02-01,3,20,1,2,0,0,1,1,1
356,2026-02-02,4,24,4,0,0,4,0,0,0
356,2026-02-03,1,25,1,0,1,0,0,0,0
356,2026-02-04,1,26,0,1,0,0,1,0,0
356,2026-02-05,1,27,0,1,0,0,1,0,0
356,2026-02-06,2,29,1,1,1,0,1,0,0
356,2026-02-07,2,31,2,0,1,1,0,0,0
356,2026-02-08,2,33,2,0,1,1,0,0,0
356,2026-02-09,2,35,2,0,1,0,0,1,0
356,2026-02-10,1,36,0,1,0,0,1,0,0
357,2026-01-14,0,0,0,0,0,0,0,0,0
357,2026-01-15,0,0,0,0,0,0,0,0,0
357,2026-01-16,0,0,0,0,0,0,0,0,0
357,2026-01-17,0,0,0,0,0,0,0,0,0
357,2026-01-18,0,0,0,0,0,0,0,0,0
357,2026-01-19,0,0,0,0,0,0,0,0,0
357,2026-01-20,0,0,0,0,0,0,0,0,0
357,2026-01-21,0,0,0,0,0,0,0,0,0
357,2026-01-22,0,0,0,0,0,0,0,0,0
357,2026-01-23,0,0,0,0,0,0,0,0,0
357,2026-01-24,0,0,0,0,0,0,0,0,0
357,2026-01-25,3,3,2,1,0,2,1,0,0
357,2026-01-26,2,5,1,1,0,0,1,1,0
357,2026-01-27,3,8,3,0,1,1,0,1,0
357,2026-01-28,4,12,2,2,0,2,2,0,0
357,2026-01-29,6,18,5,1,1,4,1,0,0
357,2026-01-30,2,20,1,1,1,0,1,0,0
357,2026-01-31,4,24,3,1,1,2,1,0,0
357,2026-02-01,4,28,3,1,1,1,1,1,0
357,2026-02-02,4,32,1,3,0,1,2,0,1
357,2026-02-03,6,38,6,0,2,4,0,0,0
357,2026-02-04,3,41,2,1,0,2,1,0,0
357,2026-02-05,4,45,3,1,0,3,1,0,0
357,2026-02-06,6,51,5,1,2,3,0,0,1
357,2026-02-07,2,53,1,1,0,1,1,0,0
357,2026-02-08,0,53,0,0,0,0,0,0,0
357,2026-02-09,4,57,2,2,0,2,2,0,0
357,2026-02-10,1,58,1,0,1,0,0,0,0
358,2026-01-14,0,0,0,0,0,0,0,0,0
358,2026-01-15,0,0,0,0,0,0,0,0,0
358,2026-01-16,0,0,0,0,0,0,0,0,0
358,2026-01-17,0,0,0,0,0,0,0,0,0
358,2026-01-18,0,0,0,0,0,0,0,0,0
358,2026-01-19,0,0,0,0,0,0,0,0,0
358,2026-01-20,0,0,0,0,0,0,0,0,0
358,2026-01-21,0,0,0,0,0,0,0,0,0
358,2026-01-22,0,0,0,0,0,0,0,0,0
358,2026-01-23,0,0,0,0,0,0,0,0,0
358,2026-01-24,0,0,0,0,0,0,0,0,0
358,2026-01-25,3,3,3,0,1,2,0,0,0
358,2026-01-26,4,7,4,0,2,2,0,0,0
358,2026-01-27,5,12,4,1,0,4,1,0,0
358,2026-01-28,2,14,0,2,0,0,1,0,1
358,2026-01-29,4,18,4,0,1,3,0,0,0
358,2026-01-30,3,21,3,0,1,2,0,0,0
358,2026-01-31,3,24,2,1,0,1,1,1,0
358,2026-02-01,1,25,1,0,0,1,0,0,0
358,2026-02-02,3,28,1,2,1,0,2,0,0
358,2026-02-03,1,29,1,0,0,1,0,0,0
358,2026-02-04,0,29,0,0,0,0,0,0,0
358,2026-02-05,1,30,1,0,0,1,0,0,0
358,2026-02-06,2,32,2,0,0,2,0,0,0
358,2026-02-07,4,36,1,3,0,1,3,0,0
358,2026-02-08,1,37,1,0,0,1,0,0,0
358,2026-02-09,3,40,3,0,3,0,0,0,0
358,2026-02-10,4,44,4,0,1,3,0,0,0
359,2026-01-14,0,0,0,0,0,0,0,0,0
359,2026-01-15,0,0,0,0,0,0,0,0,0
359,2026-01-16,0,0,0,0,0,0,0,0,0
359,2026-01-17,0,0,0,0,0,0,0,0,0
359,2026-01-18,0,0,0,0,0,0,0,0,0
359,2026-01-19,0,0,0,0,0,0,0,0,0
359,2026-01-20,0,0,0,0,0,0,0,0,0
359,2026-01-21,0,0,0,0,0,0,0,0,0
359,2026-01-22,0,0,0,0,0,0,0,0,0
359,2026-01-23,0,0,0,0,0,0,0,0,0
359,2026-01-24,0,0,0,0,0,0,0,0,0
359,2026-01-25,2,2,2,0,1,1,0,0,0
359,2026-01-26,5,7,2,3,1,1,2,0,1
359,2026-01-27,4,11,4,0,1,3,0,0,0
359,2026-01-28,5,16,4,1,1,3,1,0,0
359,2026-01-29,3,19,2,1,2,0,1,0,0
359,2026-01-30,5,24,4,1,3,0,1,1,0
359,2026-01-31,3,27,3,0,0,3,0,0,0
359,2026-02-01,1,28,0,1,0,0,1,0,0
359,2026-02-02,1,29,1,0,0,1,0,0,0
359,2026-02-03,3,32,1,2,1,0,1,0,1
359,2026-02-04,3,35,1,2,0,1,2,0,0
359,2026-02-05,4,39,3,1,1,1,1,1,0
359,2026-02-06,2,41,2,0,0,2,0,0,0
359,2026-02-07,4,45,4,0,1,3,0,0,0
359,2026-02-08,1,46,0,1,0,0,1,0,0
359,2026-02-09,4,50,4,0,1,3,0,0,0
359,2026-02-10,4,54,2,2,0,1,1,1,1
360,2026-01-14,0,0,0,0,0,0,0,0,0
360,2026-01-15,0,0,0,0,0,0,0,0,0
360,2026-01-16,0,0,0,0,0,0,0,0,0
360,2026-01-17,0,0,0,0,0,0,0,0,0
360,2026-01-18,0,0,0,0,0,0,0,0,0
360,2026-01-19,0,0,0,0,0,0,0,0,0
360,2026-01-20,0,0,0,0,0,0,0,0,0
360,2026-01-21,0,0,0,0,0,0,0,0,0
360,2026-01-22,0,0,0,0,0,0,0,0,0
360,2026-01-23,0,0,0,0,0,0,0,0,0
360,2026-01-24,0,0,0,0,0,0,0,0,0
360,2026-01-25,3,3,3,0,1,1,0,1,0
360,2026-01-26,2,5,2,0,1,1,0,0,0
360,2026-01-27,2,7,1,1,0,1,0,0,1
360,2026-01-28,1,8,0,1,0,0,0,0,1
360,2026-01-29,0,8,0,0,0,0,0,0,0
360,2026-01-30,4,12,4,0,2,1,0,1,0
360,2026-01-31,4,16,3,1,0,3,1,0,0
360,2026-02-01,2,18,2,0,0,2,0,0,0
360,2026-02-02,3,21,2,1,1,1,1,0,0
360,2026-02-03,2,23,2,0,0,2,0,0,0
360,2026-02-04,1,24,1,0,1,0,0,0,0
360,2026-02-05,0,24,0,0,0,0,0,0,0
360,2026-02-06,3,27,2,1,0,2,1,0,0
360,2026-02-07,0,27,0,0,0,0,0,0,0
360,2026-02-08,2,29,2,0,0,2,0,0,0
360,2026-02-09,1,30,0,1,0,0,1,0,0
360,2026-02-10,1,31,1,0,1,0,0,0,0
361,2026-01-14,0,0,0,0,0,0,0,0,0
361,2026-01-15,0,0,0,0,0,0,0,0,0
361,2026-01-16,0,0,0,0,0,0,0,0,0
361,2026-01-17,0,0,0,0,0,0,0,0,0
361,2026-01-18,0,0,0,0,0,0,0,0,0
361,2026-01-19,0,0,0,0,0,0,0,0,0
361,2026-01-20,0,0,0,0,0,0,0,0,0
361,2026-01-21,0,0,0,0,0,0,0,0,0
361,2026-01-22,0,0,0,0,0,0,0,0,0
361,2026-01-23,0,0,0,0,0,0,0,0,0
361,2026-01-24,0,0,0,0,0,0,0,0,0
361,2026-01-25,3,3,2,1,1,1,1,0,0
361,2026-01-26,2,5,2,0,1,1,0,0,0
361,2026-01-27,2,7,2,0,1,1,0,0,0
361,2026-01-28,2,9,2,0,2,0,0,0,0
361,2026-01-29,2,11,2,0,0,2,0,0,0
361,2026-01-30,7,18,7,0,0,6,0,1,0
361,2026-01-31,2,20,1,1,0,1,0,0,1
361,2026-02-01,2,22,1,1,1,0,1,0,0
361,2026-02-02,5,27,3,2,2,1,2,0,0
361,2026-02-03,5,32,4,1,2,1,0,1,1
361,2026-02-04,5,37,4,1,0,4,1,0,0
361,2026-02-05,1,38,1,0,1,0,0,0,0
361,2026-02-06,1,39,1,0,0,1,0,0,0
361,2026-02-07,0,39,0,0,0,0,0,0,0
361,2026-02-08,1,40,1,0,0,1,0,0,0
361,2026-02-09,3,43,3,0,1,2,0,0,0
361,2026-02-10,2,45,2,0,1,1,0,0,0
362,2026-01-14,0,0,0,0,0,0,0,0,0
362,2026-01-15,0,0,0,0,0,0,0,0,0
362,2026-01-16,0,0,0,0,0,0,0,0,0
362,2026-01-17,0,0,0,0,0,0,0,0,0
362,2026-01-18,0,0,0,0,0,0,0,0,0
362,2026-01-19,0,0,0,0,0,0,0,0,0
362,2026-01-20,0,0,0,0,0,0,0,0,0
362,2026-01-21,0,0,0,0,0,0,0,0,0
362,2026-01-22,0,0,0,0,0,0,0,0,0
362,2026-01-23,0,0,0,0,0,0,0,0,0
362,2026-01-24,0,0,0,0,0,0,0,0,0
362,2026-01-25,1,1,0,1,0,0,1,0,0
362,2026-01-26,3,4,2,1,1,1,1,0,0
362,2026-01-27,1,5,1,0,0,1,0,0,0
362,2026-01-28,1,6,1,0,0,1,0,0,0
362,2026-01-29,3,9,2,1,1,0,1,1,0
362,2026-01-30,3,12,2,1,0,2,1,0,0
362,2026-01-31,3,15,3,0,2,1,0,0,0
362,2026-02-01,5,20,3,2,1,2,0,0,2
362,2026-02-02,1,21,1,0,0,1,0,0,0
362,2026-02-03,2,23,2,0,1,0,0,1,0
362,2026-02-04,3,26,3,0,1,2,0,0,0
362,2026-02-05,2,28,2,0,0,2,0,0,0
362,2026-02-06,3,31,2,1,0,2,1,0,0
362,2026-02-07,2,33,1,1,1,0,1,0,0
362,2026-02-08,1,34,1,0,0,1,0,0,0
362,2026-02-09,1,35,1,0,0,1,0,0,0
362,2026-02-10,0,35,0,0,0,0,0,0,0
363,2026-01-14,0,0,0,0,0,0,0,0,0
363,2026-01-15,0,0,0,0,0,0,0,0,0
363,2026-01-16,0,0,0,0,0,0,0,0,0
363,2026-01-17,0,0,0,0,0,0,0,0,0
363,2026-01-18,0,0,0,0,0,0,0,0,0
363,2026-01-19,0,0,0,0,0,0,0,0,0
363,2026-01-20,0,0,0,0,0,0,0,0,0
363,2026-01-21,0,0,0,0,0,0,0,0,0
363,2026-01-22,0,0,0,0,0,0,0,0,0
363,2026-01-23,0,0,0,0,0,0,0,0,0
363,2026-01-24,0,0,0,0,0,0,0,0,0
363,2026-01-25,1,1,1,0,1,0,0,0,0
363,2026-01-26,3,4,2,1,1,0,1,1,0
363,2026-01-27,5,9,5,0,2,3,0,0,0
363,2026-01-28,1,10,1,0,0,1,0,0,0
363,2026-01-29,5,15,4,1,0,4,1,0,0
363,2026-01-30,1,16,1,0,0,1,0,0,0
363,2026-01-31,2,18,2,0,0,1,0,1,0
363,2026-02-01,4,22,3,1,1,2,0,0,1
363,2026-02-02,2,24,2,0,1,1,0,0,0
363,2026-02-03,2,26,2,0,0,2,0,0,0
363,2026-02-04,4,30,4,0,0,2,0,2,0
363,2026-02-05,3,33,3,0,2,1,0,0,0
363,2026-02-06,2,35,0,2,0,0,2,0,0
363,2026-02-07,0,35,0,0,0,0,0,0,0
363,2026-02-08,2,37,2,0,0,0,0,2,0
363,2026-02-09,0,37,0,0,0,0,0,0,0
363,2026-02-10,0,37,0,0,0,0,0,0,0
364,2026-01-14,0,0,0,0,0,0,0,0,0
364,2026-01-15,0,0,0,0,0,0,0,0,0
364,2026-01-16,0,0,0,0,0,0,0,0,0
364,2026-01-17,0,0,0,0,0,0,0,0,0
364,2026-01-18,0,0,0,0,0,0,0,0,0
364,2026-01-19,0,0,0,0,0,0,0,0,0
364,2026-01-20,0,0,0,0,0,0,0,0,0
364,2026-01-21,0,0,0,0,0,0,0,0,0
364,2026-01-22,0,0,0,0,0,0,0,0,0
364,2026-01-23,0,0,0,0,0,0,0,0,0
364,2026-01-24,0,0,0,0,0,0,0,0,0
364,2026-01-25,2,2,2,0,1,1,0,0,0
364,2026-01-26,5,7,3,2,1,1,1,1,1
364,2026-01-27,2,9,2,0,0,1,0,1,0
364,2026-01-28,2,11,0,2,0,0,1,0,1
364,2026-01-29,5,16,4,1,2,2,0,0,1
364,2026-01-30,3,19,3,0,0,3,0,0,0
364,2026-01-31,4,23,3,1,2,1,1,0,0
364,2026-02-01,2,25,2,0,1,1,0,0,0
364,2026-02-02,2,27,2,0,0,2,0,0,0
364,2026-02-03,3,30,3,0,1,2,0,0,0
364,2026-02-04,2,32,2,0,0,1,0,1,0
364,2026-02-05,1,33,1,0,0,1,0,0,0
364,2026-02-06,4,37,3,1,0,3,0,0,1
364,2026-02-07,1,38,1,0,0,1,0,0,0
364,2026-02-08,2,40,2,0,1,1,0,0,0
364,2026-02-09,3,43,3,0,2,1,0,0,0
364,2026-02-10,0,43,0,0,0,0,0,0,0
365,2026-01-14,0,0,0,0,0,0,0,0,0
365,2026-01-15,0,0,0,0,0,0,0,0,0
365,2026-01-16,0,0,0,0,0,0,0,0,0
365,2026-01-17,0,0,0,0,0,0,0,0,0
365,2026-01-18,0,0,0,0,0,0,0,0,0
365,2026-01-19,0,0,0,0,0,0,0,0,0
365,2026-01-20,0,0,0,0,0,0,0,0,0
365,2026-01-21,0,0,0,0,0,0,0,0,0
365,2026-01-22,0,0,0,0,0,0,0,0,0
365,2026-01-23,0,0,0,0,0,0,0,0,0
365,2026-01-24,0,0,0,0,0,0,0,0,0
365,2026-01-25,4,4,4,0,1,3,0,0,0
365,2026-01-26,4,8,4,0,3,1,0,0,0
365,2026-01-27,6,14,5,1,3,2,1,0,0
365,2026-01-28,6,20,4,2,2,2,2,0,0
365,2026-01-29,6,26,5,1,1,4,1,0,0
365,2026-01-30,2,28,2,0,1,1,0,0,0
365,2026-01-31,1,29,1,0,0,1,0,0,0
365,2026-02-01,3,32,3,0,0,2,0,1,0
365,2026-02-02,1,33,0,1,0,0,1,0,0
365,2026-02-03,5,38,5,0,2,3,0,0,0
365,2026-02-04,2,40,2,0,1,1,0,0,0
365,2026-02-05,1,41,1,0,0,1,0,0,0
365,2026-02-06,1,42,1,0,0,1,0,0,0
365,2026-02-07,3,45,3,0,1,1,0,1,0
365,2026-02-08,2,47,2,0,0,1,0,1,0
365,2026-02-09,2,49,2,0,1,1,0,0,0
365,2026-02-10,0,49,0,0,0,0,0,0,0
366,2026-01-14,0,0,0,0,0,0,0,0,0
366,2026-01-15,0,0,0,0,0,0,0,0,0
366,2026-01-16,0,0,0,0,0,0,0,0,0
366,2026-01-17,0,0,0,0,0,0,0,0,0
366,2026-01-18,0,0,0,0,0,0,0,0,0
366,2026-01-19,0,0,0,0,0,0,0,0,0
366,2026-01-20,0,0,0,0,0,0,0,0,0
366,2026-01-21,0,0,0,0,0,0,0,0,0
366,2026-01-22,0,0,0,0,0,0,0,0,0
366,2026-01-23,0,0,0,0,0,0,0,0,0
366,2026-01-24,0,0,0,0,0,0,0,0,0
366,2026-01-25,2,2,1,1,1,0,1,0,0
366,2026-01-26,4,6,4,0,0,4,0,0,0
366,2026-01-27,4,10,4,0,2,2,0,0,0
366,2026-01-28,4,14,3,1,0,3,1,0,0
366,2026-01-29,1,15,1,0,0,1,0,0,0
366,2026-01-30,3,18,1,2,0,1,1,0,1
366,2026-01-31,2,20,1,1,0,1,0,0,1
366,2026-02-01,3,23,2,1,0,1,1,1,0
366,2026-02-02,3,26,3,0,1,1,0,1,0
366,2026-02-03,5,31,3,2,0,3,2,0,0
366,2026-02-04,3,34,3,0,2,0,0,1,0
366,2026-02-05,1,35,1,0,0,1,0,0,0
366,2026-02-06,2,37,2,0,1,1,0,0,0
366,2026-02-07,2,39,1,1,0,1,1,0,0
366,2026-02-08,1,40,1,0,0,0,0,1,0
366,2026-02-09,4,44,4,0,3,1,0,0,0
366,2026-02-10,0,44,0,0,0,0,0,0,0
367,2026-01-14,0,0,0,0,0,0,0,0,0
367,2026-01-15,0,0,0,0,0,0,0,0,0
367,2026-01-16,0,0,0,0,0,0,0,0,0
367,2026-01-17,0,0,0,0,0,0,0,0,0
367,2026-01-18,0,0,0,0,0,0,0,0,0
367,2026-01-19,0,0,0,0,0,0,0,0,0
367,2026-01-20,0,0,0,0,0,0,0,0,0
367,2026-01-21,0,0,0,0,0,0,0,0,0
367,2026-01-22,0,0,0,0,0,0,0,0,0
367,2026-01-23,0,0,0,0,0,0,0,0,0
367,2026-01-24,0,0,0,0,0,0,0,0,0
367,2026-01-25,7,7,7,0,1,5,0,1,0
367,2026-01-26,5,12,5,0,1,4,0,0,0
367,2026-01-27,4,16,2,2,0,2,0,0,2
367,2026-01-28,7,23,6,1,1,4,1,1,0
367,2026-01-29,1,24,0,1,0,0,1,0,0
367,2026-01-30,4,28,4,0,1,3,0,0,0
367,2026-01-31,2,30,2,0,0,2,0,0,0
367,2026-02-01,2,32,1,1,0,1,0,0,1
367,2026-02-02,5,37,5,0,2,3,0,0,0
367,2026-02-03,3,40,2,1,0,2,0,0,1
367,2026-02-04,3,43,2,1,1,0,1,1,0
367,2026-02-05,1,44,1,0,0,0,0,1,0
367,2026-02-06,3,47,2,1,0,1,1,1,0
367,2026-02-07,1,48,1,0,1,0,0,0,0
367,2026-02-08,1,49,1,0,0,1,0,0,0
367,2026-02-09,0,49,0,0,0,0,0,0,0
367,2026-02-10,4,53,4,0,1,1,0,2,0
368,2026-01-14,0,0,0,0,0,0,0,0,0
368,2026-01-15,0,0,0,0,0,0,0,0,0
368,2026-01-16,0,0,0,0,0,0,0,0,0
368,2026-01-17,0,0,0,0,0,0,0,0,0
368,2026-01-18,0,0,0,0,0,0,0,0,0
368,2026-01-19,0,0,0,0,0,0,0,0,0
368,2026-01-20,0,0,0,0,0,0,0,0,0
368,2026-01-21,0,0,0,0,0,0,0,0,0
368,2026-01-22,0,0,0,0,0,0,0,0,0
368,2026-01-23,0,0,0,0,0,0,0,0,0
368,2026-01-24,0,0,0,0,0,0,0,0,0
368,2026-01-25,6,6,6,0,2,4,0,0,0
368,2026-01-26,3,9,2,1,0,2,0,0,1
368,2026-01-27,1,10,1,0,1,0,0,0,0
368,2026-01-28,3,13,3,0,0,2,0,1,0
368,2026-01-29,2,15,1,1,0,1,1,0,0
368,2026-01-30,3,18,3,0,1,2,0,0,0
368,2026-01-31,2,20,0,2,0,0,1,0,1
368,2026-02-01,2,22,2,0,0,1,0,1,0
368,2026-02-02,1,23,1,0,0,0,0,1,0
368,2026-02-03,1,24,0,1,0,0,1,0,0
368,2026-02-04,0,24,0,0,0,0,0,0,0
368,2026-02-05,3,27,3,0,1,1,0,1,0
368,2026-02-06,2,29,1,1,0,1,0,0,1
368,2026-02-07,0,29,0,0,0,0,0,0,0
368,2026-02-08,2,31,1,1,1,0,1,0,0
368,2026-02-09,1,32,1,0,1,0,0,0,0
368,2026-02-10,0,32,0,0,0,0,0,0,0
369,2026-01-14,0,0,0,0,0,0,0,0,0
369,2026-01-15,0,0,0,0,0,0,0,0,0
369,2026-01-16,0,0,0,0,0,0,0,0,0
369,2026-01-17,0,0,0,0,0,0,0,0,0
369,2026-01-18,0,0,0,0,0,0,0,0,0
369,2026-01-19,0,0,0,0,0,0,0,0,0
369,2026-01-20,0,0,0,0,0,0,0,0,0
369,2026-01-21,0,0,0,0,0,0,0,0,0
369,2026-01-22,0,0,0,0,0,0,0,0,0
369,2026-01-23,0,0,0,0,0,0,0,0,0
369,2026-01-24,0,0,0,0,0,0,0,0,0
369,2026-01-25,6,6,5,1,2,3,1,0,0
369,2026-01-26,4,10,4,0,2,2,0,0,0
369,2026-01-27,6,16,3,3,0,3,1,0,2
369,2026-01-28,8,24,7,1,2,4,1,1,0
369,2026-01-29,6,30,4,2,2,2,2,0,0
369,2026-01-30,7,37,6,1,4,2,0,0,1
369,2026-01-31,8,45,7,1,2,4,1,1,0
369,2026-02-01,0,45,0,0,0,0,0,0,0
369,2026-02-02,4,49,4,0,1,3,0,0,0
369,2026-02-03,4,53,4,0,2,1,0,1,0
369,2026-02-04,4,57,3,1,1,2,1,0,0
369,2026-02-05,6,63,4,2,1,3,1,0,1
369,2026-02-06,6,69,3,3,0,3,3,0,0
369,2026-02-07,2,71,1,1,1,0,1,0,0
369,2026-02-08,3,74,2,1,1,1,1,0,0
369,2026-02-09,2,76,1,1,0,1,1,0,0
369,2026-02-10,8,84,6,2,2,4,1,0,1
370,2026-01-14,0,0,0,0,0,0,0,0,0
370,2026-01-15,0,0,0,0,0,0,0,0,0
370,2026-01-16,0,0,0,0,0,0,0,0,0
370,2026-01-17,0,0,0,0,0,0,0,0,0
370,2026-01-18,0,0,0,0,0,0,0,0,0
370,2026-01-19,0,0,0,0,0,0,0,0,0
370,2026-01-20,0,0,0,0,0,0,0,0,0
370,2026-01-21,0,0,0,0,0,0,0,0,0
370,2026-01-22,0,0,0,0,0,0,0,0,0
370,2026-01-23,0,0,0,0,0,0,0,0,0
370,2026-01-24,0,0,0,0,0,0,0,0,0
370,2026-01-25,2,2,2,0,1,1,0,0,0
370,2026-01-26,2,4,1,1,1,0,1,0,0
370,2026-01-27,4,8,4,0,3,1,0,0,0
370,2026-01-28,1,9,0,1,0,0,0,0,1
370,2026-01-29,0,9,0,0,0,0,0,0,0
370,2026-01-30,2,11,2,0,0,2,0,0,0
370,2026-01-31,0,11,0,0,0,0,0,0,0
370,2026-02-01,2,13,1,1,0,1,1,0,0
370,2026-02-02,2,15,2,0,1,1,0,0,0
370,2026-02-03,1,16,1,0,0,1,0,0,0
370,2026-02-04,2,18,2,0,0,1,0,1,0
370,2026-02-05,2,20,1,1,1,0,1,0,0
370,2026-02-06,0,20,0,0,0,0,0,0,0
370,2026-02-07,0,20,0,0,0,0,0,0,0
370,2026-02-08,2,22,2,0,1,1,0,0,0
370,2026-02-09,1,23,1,0,1,0,0,0,0
370,2026-02-10,0,23,0,0,0,0,0,0,0
371,2026-01-14,0,0,0,0,0,0,0,0,0
371,2026-01-15,0,0,0,0,0,0,0,0,0
371,2026-01-16,0,0,0,0,0,0,0,0,0
371,2026-01-17,0,0,0,0,0,0,0,0,0
371,2026-01-18,0,0,0,0,0,0,0,0,0
371,2026-01-19,0,0,0,0,0,0,0,0,0
371,2026-01-20,0,0,0,0,0,0,0,0,0
371,2026-01-21,0,0,0,0,0,0,0,0,0
371,2026-01-22,0,0,0,0,0,0,0,0,0
371,2026-01-23,0,0,0,0,0,0,0,0,0
371,2026-01-24,0,0,0,0,0,0,0,0,0
371,2026-01-25,6,6,6,0,2,3,0,1,0
371,2026-01-26,2,8,1,1,0,0,1,1,0
371,2026-01-27,2,10,2,0,1,1,0,0,0
371,2026-01-28,6,16,1,5,1,0,4,0,1
371,2026-01-29,4,20,2,2,1,1,2,0,0
371,2026-01-30,1,21,1,0,1,0,0,0,0
371,2026-01-31,2,23,0,2,0,0,2,0,0
371,2026-02-01,3,26,3,0,0,3,0,0,0
371,2026-02-02,1,27,1,0,0,1,0,0,0
371,2026-02-03,3,30,3,0,2,1,0,0,0
371,2026-02-04,2,32,1,1,0,1,1,0,0
371,2026-02-05,3,35,2,1,2,0,1,0,0
371,2026-02-06,0,35,0,0,0,0,0,0,0
371,2026-02-07,1,36,0,1,0,0,1,0,0
371,2026-02-08,2,38,2,0,1,0,0,1,0
371,2026-02-09,4,42,3,1,0,3,1,0,0
371,2026-02-10,1,43,0,1,0,0,1,0,0
372,2026-01-14,0,0,0,0,0,0,0,0,0
372,2026-01-15,0,0,0,0,0,0,0,0,0
372,2026-01-16,0,0,0,0,0,0,0,0,0
372,2026-01-17,0,0,0,0,0,0,0,0,0
372,2026-01-18,0,0,0,0,0,0,0,0,0
372,2026-01-19,0,0,0,0,0,0,0,0,0
372,2026-01-20,0,0,0,0,0,0,0,0,0
372,2026-01-21,0,0,0,0,0,0,0,0,0
372,2026-01-22,0,0,0,0,0,0,0,0,0
372,2026-01-23,0,0,0,0,0,0,0,0,0
372,2026-01-24,0,0,0,0,0,0,0,0,0
372,2026-01-25,3,3,2,1,2,0,0,0,1
372,2026-01-26,2,5,2,0,0,2,0,0,0
372,2026-01-27,0,5,0,0,0,0,0,0,0
372,2026-01-28,2,7,2,0,2,0,0,0,0
372,2026-01-29,4,11,4,0,1,3,0,0,0
372,2026-01-30,4,15,3,1,1,1,1,1,0
372,2026-01-31,4,19,3,1,0,3,1,0,0
372,2026-02-01,4,23,3,1,0,2,1,1,0
372,2026-02-02,4,27,4,0,2,2,0,0,0
372,2026-02-03,3,30,3,0,1,1,0,1,0
372,2026-02-04,4,34,3,1,2,1,1,0,0
372,2026-02-05,4,38,3,1,1,2,0,0,1
372,2026-02-06,1,39,1,0,0,1,0,0,0
372,2026-02-07,3,42,3,0,1,2,0,0,0
372,2026-02-08,3,45,3,0,1,2,0,0,0
372,2026-02-09,1,46,1,0,0,1,0,0,0
372,2026-02-10,2,48,1,1,0,1,0,0,1
373,2026-01-14,0,0,0,0,0,0,0,0,0
373,2026-01-15,0,0,0,0,0,0,0,0,0
373,2026-01-16,0,0,0,0,0,0,0,0,0
373,2026-01-17,0,0,0,0,0,0,0,0,0
373,2026-01-18,0,0,0,0,0,0,0,0,0
373,2026-01-19,0,0,0,0,0,0,0,0,0
373,2026-01-20,0,0,0,0,0,0,0,0,0
373,2026-01-21,0,0,0,0,0,0,0,0,0
373,2026-01-22,0,0,0,0,0,0,0,0,0
373,2026-01-23,0,0,0,0,0,0,0,0,0
373,2026-01-24,0,0,0,0,0,0,0,0,0
373,2026-01-25,3,3,3,0,0,2,0,1,0
373,2026-01-26,3,6,3,0,0,2,0,1,0
373,2026-01-27,1,7,1,0,0,1,0,0,0
373,2026-01-28,2,9,2,0,2,0,0,0,0
373,2026-01-29,1,10,1,0,0,1,0,0,0
373,2026-01-30,3,13,3,0,1,2,0,0,0
373,2026-01-31,1,14,0,1,0,0,0,0,1
373,2026-02-01,1,15,1,0,1,0,0,0,0
373,2026-02-02,1,16,1,0,1,0,0,0,0
373,2026-02-03,1,17,1,0,0,0,0,1,0
373,2026-02-04,0,17,0,0,0,0,0,0,0
373,2026-02-05,1,18,1,0,1,0,0,0,0
373,2026-02-06,0,18,0,0,0,0,0,0,0
373,2026-02-07,0,18,0,0,0,0,0,0,0
373,2026-02-08,1,19,1,0,0,0,0,1,0
373,2026-02-09,1,20,0,1,0,0,1,0,0
373,2026-02-10,3,23,3,0,1,1,0,1,0
374,2026-01-14,0,0,0,0,0,0,0,0,0
374,2026-01-15,0,0,0,0,0,0,0,0,0
374,2026-01-16,0,0,0,0,0,0,0,0,0
374,2026-01-17,0,0,0,0,0,0,0,0,0
374,2026-01-18,0,0,0,0,0,0,0,0,0
374,2026-01-19,0,0,0,0,0,0,0,0,0
374,2026-01-20,0,0,0,0,0,0,0,0,0
374,2026-01-21,0,0,0,0,0,0,0,0,0
374,2026-01-22,0,0,0,0,0,0,0,0,0
374,2026-01-23,0,0,0,0,0,0,0,0,0
374,2026-01-24,0,0,0,0,0,0,0,0,0
374,2026-01-25,5,5,4,1,0,4,1,0,0
374,2026-01-26,5,10,4,1,0,4,0,0,1
374,2026-01-27,9,19,7,2,1,6,2,0,0
374,2026-01-28,6,25,5,1,1,3,1,1,0
374,2026-01-29,5,30,5,0,1,4,0,0,0
374,2026-01-30,3,33,1,2,0,1,1,0,1
374,2026-01-31,3,36,1,2,0,1,1,0,1
374,2026-02-01,4,40,4,0,2,2,0,0,0
374,2026-02-02,7,47,5,2,1,4,0,0,2
374,2026-02-03,5,52,4,1,0,4,0,0,1
374,2026-02-04,5,57,4,1,2,2,1,0,0
374,2026-02-05,3,60,2,1,1,1,1,0,0
374,2026-02-06,9,69,6,3,3,2,2,1,1
374,2026-02-07,4,73,3,1,0,3,1,0,0
374,2026-02-08,1,74,1,0,0,1,0,0,0
374,2026-02-09,1,75,1,0,0,1,0,0,0
374,2026-02-10,4,79,3,1,1,2,0,0,1
375,2026-01-14,0,0,0,0,0,0,0,0,0
375,2026-01-15,0,0,0,0,0,0,0,0,0
375,2026-01-16,0,0,0,0,0,0,0,0,0
375,2026-01-17,0,0,0,0,0,0,0,0,0
375,2026-01-18,0,0,0,0,0,0,0,0,0
375,2026-01-19,0,0,0,0,0,0,0,0,0
375,2026-01-20,0,0,0,0,0,0,0,0,0
375,2026-01-21,0,0,0,0,0,0,0,0,0
375,2026-01-22,0,0,0,0,0,0,0,0,0
375,2026-01-23,0,0,0,0,0,0,0,0,0
375,2026-01-24,0,0,0,0,0,0,0,0,0
375,2026-01-25,2,2,1,1,1,0,1,0,0
375,2026-01-26,3,5,2,1,0,2,1,0,0
375,2026-01-27,8,13,7,1,2,5,1,0,0
375,2026-01-28,6,19,6,0,0,5,0,1,0
375,2026-01-29,1,20,1,0,0,0,0,1,0
375,2026-01-30,6,26,5,1,2,3,1,0,0
375,2026-01-31,6,32,5,1,1,4,1,0,0
375,2026-02-01,7,39,5,2,1,4,2,0,0
375,2026-02-02,7,46,5,2,1,3,2,1,0
375,2026-02-03,4,50,3,1,1,2,1,0,0
375,2026-02-04,9,59,9,0,1,7,0,1,0
375,2026-02-05,3,62,1,2,0,1,2,0,0
375,2026-02-06,1,63,1,0,1,0,0,0,0
375,2026-02-07,2,65,2,0,0,1,0,1,0
375,2026-02-08,2,67,2,0,2,0,0,0,0
375,2026-02-09,3,70,3,0,1,1,0,1,0
375,2026-02-10,4,74,2,2,1,1,1,0,1
376,2026-01-14,0,0,0,0,0,0,0,0,0
376,2026-01-15,0,0,0,0,0,0,0,0,0
376,2026-01-16,0,0,0,0,0,0,0,0,0
376,2026-01-17,0,0,0,0,0,0,0,0,0
376,2026-01-18,0,0,0,0,0,0,0,0,0
376,2026-01-19,0,0,0,0,0,0,0,0,0
376,2026-01-20,0,0,0,0,0,0,0,0,0
376,2026-01-21,0,0,0,0,0,0,0,0,0
376,2026-01-22,0,0,0,0,0,0,0,0,0
376,2026-01-23,0,0,0,0,0,0,0,0,0
376,2026-01-24,0,0,0,0,0,0,0,0,0
376,2026-01-25,3,3,2,1,1,1,1,0,0
376,2026-01-26,2,5,2,0,1,1,0,0,0
376,2026-01-27,1,6,0,1,0,0,1,0,0
376,2026-01-28,3,9,3,0,1,2,0,0,0
376,2026-01-29,1,10,1,0,1,0,0,0,0
376,2026-01-30,3,13,0,3,0,0,2,0,1
376,2026-01-31,2,15,2,0,1,1,0,0,0
376,2026-02-01,5,20,4,1,0,4,1,0,0
376,2026-02-02,2,22,2,0,0,2,0,0,0
376,2026-02-03,4,26,3,1,1,2,1,0,0
376,2026-02-04,1,27,1,0,0,1,0,0,0
376,2026-02-05,2,29,2,0,1,1,0,0,0
376,2026-02-06,3,32,2,1,1,1,1,0,0
376,2026-02-07,3,35,2,1,0,2,1,0,0
376,2026-02-08,1,36,1,0,0,1,0,0,0
376,2026-02-09,4,40,2,2,1,1,2,0,0
376,2026-02-10,2,42,1,1,0,1,0,0,1
377,2026-01-14,0,0,0,0,0,0,0,0,0
377,2026-01-15,0,0,0,0,0,0,0,0,0
377,2026-01-16,0,0,0,0,0,0,0,0,0
377,2026-01-17,0,0,0,0,0,0,0,0,0
377,2026-01-18,0,0,0,0,0,0,0,0,0
377,2026-01-19,0,0,0,0,0,0,0,0,0
377,2026-01-20,0,0,0,0,0,0,0,0,0
377,2026-01-21,0,0,0,0,0,0,0,0,0
377,2026-01-22,0,0,0,0,0,0,0,0,0
377,2026-01-23,0,0,0,0,0,0,0,0,0
377,2026-01-24,0,0,0,0,0,0,0,0,0
377,2026-01-25,3,3,2,1,1,1,1,0,0
377,2026-01-26,6,9,5,1,1,3,1,1,0
377,2026-01-27,3,12,1,2,0,1,2,0,0
377,2026-01-28,2,14,1,1,0,1,0,0,1
377,2026-01-29,1,15,1,0,0,0,0,1,0
377,2026-01-30,2,17,1,1,0,1,1,0,0
377,2026-01-31,2,19,1,1,0,1,1,0,0
377,2026-02-01,0,19,0,0,0,0,0,0,0
377,2026-02-02,1,20,1,0,0,1,0,0,0
377,2026-02-03,0,20,0,0,0,0,0,0,0
377,2026-02-04,2,22,1,1,0,1,1,0,0
377,2026-02-05,0,22,0,0,0,0,0,0,0
377,2026-02-06,2,24,2,0,1,1,0,0,0
377,2026-02-07,0,24,0,0,0,0,0,0,0
377,2026-02-08,1,25,1,0,1,0,0,0,0
377,2026-02-09,0,25,0,0,0,0,0,0,0
377,2026-02-10,0,25,0,0,0,0,0,0,0
378,2026-01-14,0,0,0,0,0,0,0,0,0
378,2026-01-15,0,0,0,0,0,0,0,0,0
378,2026-01-16,0,0,0,0,0,0,0,0,0
378,2026-01-17,0,0,0,0,0,0,0,0,0
378,2026-01-18,0,0,0,0,0,0,0,0,0
378,2026-01-19,0,0,0,0,0,0,0,0,0
378,2026-01-20,0,0,0,0,0,0,0,0,0
378,2026-01-21,0,0,0,0,0,0,0,0,0
378,2026-01-22,0,0,0,0,0,0,0,0,0
378,2026-01-23,0,0,0,0,0,0,0,0,0
378,2026-01-24,0,0,0,0,0,0,0,0,0
378,2026-01-25,0,0,0,0,0,0,0,0,0
378,2026-01-26,3,3,3,0,0,3,0,0,0
378,2026-01-27,6,9,4,2,1,2,2,1,0
378,2026-01-28,4,13,4,0,1,3,0,0,0
378,2026-01-29,4,17,4,0,2,1,0,1,0
378,2026-01-30,3,20,3,0,1,0,0,2,0
378,2026-01-31,1,21,1,0,0,1,0,0,0
378,2026-02-01,2,23,2,0,0,2,0,0,0
378,2026-02-02,2,25,1,1,0,1,1,0,0
378,2026-02-03,3,28,2,1,0,2,1,0,0
378,2026-02-04,1,29,1,0,0,1,0,0,0
378,2026-02-05,7,36,5,2,2,3,1,0,1
378,2026-02-06,6,42,5,1,3,2,1,0,0
378,2026-02-07,7,49,7,0,4,3,0,0,0
378,2026-02-08,4,53,4,0,1,3,0,0,0
378,2026-02-09,2,55,2,0,1,1,0,0,0
378,2026-02-10,3,58,2,1,1,1,1,0,0
379,2026-01-14,0,0,0,0,0,0,0,0,0
379,2026-01-15,0,0,0,0,0,0,0,0,0
379,2026-01-16,0,0,0,0,0,0,0,0,0
379,2026-01-17,0,0,0,0,0,0,0,0,0
379,2026-01-18,0,0,0,0,0,0,0,0,0
379,2026-01-19,0,0,0,0,0,0,0,0,0
379,2026-01-20,0,0,0,0,0,0,0,0,0
379,2026-01-21,0,0,0,0,0,0,0,0,0
379,2026-01-22,0,0,0,0,0,0,0,0,0
379,2026-01-23,0,0,0,0,0,0,0,0,0
379,2026-01-24,0,0,0,0,0,0,0,0,0
379,2026-01-25,3,3,2,1,2,0,1,0,0
379,2026-01-26,1,4,1,0,0,1,0,0,0
379,2026-01-27,1,5,0,1,0,0,1,0,0
379,2026-01-28,3,8,2,1,1,1,1,0,0
379,2026-01-29,1,9,1,0,0,1,0,0,0
379,2026-01-30,5,14,4,1,1,3,1,0,0
379,2026-01-31,2,16,2,0,2,0,0,0,0
379,2026-02-01,1,17,1,0,0,1,0,0,0
379,2026-02-02,0,17,0,0,0,0,0,0,0
379,2026-02-03,2,19,2,0,0,2,0,0,0
379,2026-02-04,3,22,3,0,1,2,0,0,0
379,2026-02-05,1,23,1,0,0,1,0,0,0
379,2026-02-06,0,23,0,0,0,0,0,0,0
379,2026-02-07,2,25,1,1,0,1,1,0,0
379,2026-02-08,4,29,4,0,0,4,0,0,0
379,2026-02-09,1,30,0,1,0,0,1,0,0
379,2026-02-10,1,31,1,0,0,1,0,0,0
380,2026-01-14,0,0,0,0,0,0,0,0,0
380,2026-01-15,0,0,0,0,0,0,0,0,0
380,2026-01-16,0,0,0,0,0,0,0,0,0
380,2026-01-17,0,0,0,0,0,0,0,0,0
380,2026-01-18,0,0,0,0,0,0,0,0,0
380,2026-01-19,0,0,0,0,0,0,0,0,0
380,2026-01-20,0,0,0,0,0,0,0,0,0
380,2026-01-21,0,0,0,0,0,0,0,0,0
380,2026-01-22,0,0,0,0,0,0,0,0,0
380,2026-01-23,0,0,0,0,0,0,0,0,0
380,2026-01-24,0,0,0,0,0,0,0,0,0
380,2026-01-25,3,3,3,0,1,1,0,1,0
380,2026-01-26,3,6,3,0,1,2,0,0,0
380,2026-01-27,3,9,3,0,1,1,0,1,0
380,2026-01-28,4,13,4,0,2,2,0,0,0
380,2026-01-29,5,18,4,1,2,2,1,0,0
380,2026-01-30,1,19,1,0,1,0,0,0,0
380,2026-01-31,4,23,4,0,1,1,0,2,0
380,2026-02-01,2,25,1,1,0,0,1,1,0
380,2026-02-02,4,29,3,1,2,1,1,0,0
380,2026-02-03,3,32,3,0,1,2,0,0,0
380,2026-02-04,2,34,1,1,0,0,0,1,1
380,2026-02-05,2,36,1,1,1,0,0,0,1
380,2026-02-06,2,38,1,1,0,1,1,0,0
380,2026-02-07,3,41,3,0,1,2,0,0,0
380,2026-02-08,4,45,3,1,0,3,1,0,0
380,2026-02-09,3,48,2,1,0,2,1,0,0
380,2026-02-10,1,49,1,0,0,1,0,0,0
381,2026-01-14,0,0,0,0,0,0,0,0,0
381,2026-01-15,0,0,0,0,0,0,0,0,0
381,2026-01-16,0,0,0,0,0,0,0,0,0
381,2026-01-17,0,0,0,0,0,0,0,0,0
381,2026-01-18,0,0,0,0,0,0,0,0,0
381,2026-01-19,0,0,0,0,0,0,0,0,0
381,2026-01-20,0,0,0,0,0,0,0,0,0
381,2026-01-21,0,0,0,0,0,0,0,0,0
381,2026-01-22,0,0,0,0,0,0,0,0,0
381,2026-01-23,0,0,0,0,0,0,0,0,0
381,2026-01-24,0,0,0,0,0,0,0,0,0
381,2026-01-25,1,1,1,0,0,1,0,0,0
381,2026-01-26,1,2,1,0,1,0,0,0,0
381,2026-01-27,2,4,2,0,1,1,0,0,0
381,2026-01-28,5,9,4,1,1,2,1,1,0
381,2026-01-29,1,10,1,0,0,1,0,0,0
381,2026-01-30,1,11,1,0,0,0,0,1,0
381,2026-01-31,3,14,3,0,2,1,0,0,0
381,2026-02-01,1,15,1,0,0,1,0,0,0
381,2026-02-02,1,16,1,0,0,1,0,0,0
381,2026-02-03,2,18,2,0,0,2,0,0,0
381,2026-02-04,1,19,1,0,1,0,0,0,0
381,2026-02-05,0,19,0,0,0,0,0,0,0
381,2026-02-06,1,20,1,0,1,0,0,0,0
381,2026-02-07,0,20,0,0,0,0,0,0,0
381,2026-02-08,3,23,2,1,1,1,0,0,1
381,2026-02-09,1,24,0,1,0,0,1,0,0
381,2026-02-10,2,26,2,0,0,1,0,1,0
382,2026-01-14,0,0,0,0,0,0,0,0,0
382,2026-01-15,0,0,0,0,0,0,0,0,0
382,2026-01-16,0,0,0,0,0,0,0,0,0
382,2026-01-17,0,0,0,0,0,0,0,0,0
382,2026-01-18,0,0,0,0,0,0,0,0,0
382,2026-01-19,0,0,0,0,0,0,0,0,0
382,2026-01-20,0,0,0,0,0,0,0,0,0
382,2026-01-21,0,0,0,0,0,0,0,0,0
382,2026-01-22,0,0,0,0,0,0,0,0,0
382,2026-01-23,0,0,0,0,0,0,0,0,0
382,2026-01-24,0,0,0,0,0,0,0,0,0
382,2026-01-25,5,5,4,1,1,3,1,0,0
382,2026-01-26,1,6,1,0,1,0,0,0,0
382,2026-01-27,2,8,2,0,1,1,0,0,0
382,2026-01-28,2,10,2,0,0,2,0,0,0
382,2026-01-29,4,14,4,0,1,3,0,0,0
382,2026-01-30,0,14,0,0,0,0,0,0,0
382,2026-01-31,2,16,2,0,1,1,0,0,0
382,2026-02-01,0,16,0,0,0,0,0,0,0
382,2026-02-02,2,18,1,1,0,1,1,0,0
382,2026-02-03,2,20,1,1,1,0,0,0,1
382,2026-02-04,3,23,3,0,0,1,0,2,0
382,2026-02-05,3,26,3,0,1,2,0,0,0
382,2026-02-06,3,29,3,0,2,1,0,0,0
382,2026-02-07,3,32,2,1,2,0,1,0,0
382,2026-02-08,2,34,2,0,1,0,0,1,0
382,2026-02-09,1,35,1,0,0,1,0,0,0
382,2026-02-10,2,37,1,1,0,1,1,0,0
383,2026-01-14,0,0,0,0,0,0,0,0,0
383,2026-01-15,0,0,0,0,0,0,0,0,0
383,2026-01-16,0,0,0,0,0,0,0,0,0
383,2026-01-17,0,0,0,0,0,0,0,0,0
383,2026-01-18,0,0,0,0,0,0,0,0,0
383,2026-01-19,0,0,0,0,0,0,0,0,0
383,2026-01-20,0,0,0,0,0,0,0,0,0
383,2026-01-21,0,0,0,0,0,0,0,0,0
383,2026-01-22,0,0,0,0,0,0,0,0,0
383,2026-01-23,0,0,0,0,0,0,0,0,0
383,2026-01-24,0,0,0,0,0,0,0,0,0
383,2026-01-25,2,2,2,0,1,1,0,0,0
383,2026-01-26,3,5,3,0,0,3,0,0,0
383,2026-01-27,6,11,2,4,1,1,4,0,0
383,2026-01-28,7,18,7,0,2,5,0,0,0
383,2026-01-29,2,20,2,0,0,2,0,0,0
383,2026-01-30,8,28,7,1,5,2,1,0,0
383,2026-01-31,3,31,3,0,1,1,0,1,0
383,2026-02-01,5,36,5,0,0,4,0,1,0
383,2026-02-02,2,38,2,0,1,1,0,0,0
383,2026-02-03,3,41,2,1,1,1,1,0,0
383,2026-02-04,5,46,3,2,0,3,2,0,0
383,2026-02-05,2,48,2,0,0,2,0,0,0
383,2026-02-06,4,52,4,0,0,3,0,1,0
383,2026-02-07,2,54,1,1,0,1,1,0,0
383,2026-02-08,6,60,6,0,2,3,0,1,0
383,2026-02-09,4,64,3,1,0,2,1,1,0
383,2026-02-10,6,70,5,1,1,4,1,0,0
384,2026-01-14,0,0,0,0,0,0,0,0,0
384,2026-01-15,0,0,0,0,0,0,0,0,0
384,2026-01-16,0,0,0,0,0,0,0,0,0
384,2026-01-17,0,0,0,0,0,0,0,0,0
384,2026-01-18,0,0,0,0,0,0,0,0,0
384,2026-01-19,0,0,0,0,0,0,0,0,0
384,2026-01-20,0,0,0,0,0,0,0,0,0
384,2026-01-21,0,0,0,0,0,0,0,0,0
384,2026-01-22,0,0,0,0,0,0,0,0,0
384,2026-01-23,0,0,0,0,0,0,0,0,0
384,2026-01-24,0,0,0,0,0,0,0,0,0
384,2026-01-25,4,4,3,1,0,2,1,1,0
384,2026-01-26,3,7,2,1,0,2,1,0,0
384,2026-01-27,5,12,4,1,2,2,1,0,0
384,2026-01-28,1,13,0,1,0,0,1,0,0
384,2026-01-29,6,19,5,1,0,3,1,2,0
384,2026-01-30,5,24,3,2,0,3,1,0,1
384,2026-01-31,6,30,4,2,1,3,1,0,1
384,2026-02-01,1,31,1,0,0,1,0,0,0
384,2026-02-02,2,33,1,1,1,0,1,0,0
384,2026-02-03,2,35,2,0,1,1,0,0,0
384,2026-02-04,3,38,3,0,1,2,0,0,0
384,2026-02-05,3,41,3,0,2,1,0,0,0
384,2026-02-06,2,43,1,1,0,1,0,0,1
384,2026-02-07,2,45,2,0,0,2,0,0,0
384,2026-02-08,1,46,1,0,0,1,0,0,0
384,2026-02-09,2,48,2,0,1,1,0,0,0
384,2026-02-10,3,51,3,0,1,2,0,0,0
385,2026-01-14,0,0,0,0,0,0,0,0,0
385,2026-01-15,0,0,0,0,0,0,0,0,0
385,2026-01-16,0,0,0,0,0,0,0,0,0
385,2026-01-17,0,0,0,0,0,0,0,0,0
385,2026-01-18,0,0,0,0,0,0,0,0,0
385,2026-01-19,0,0,0,0,0,0,0,0,0
385,2026-01-20,0,0,0,0,0,0,0,0,0
385,2026-01-21,0,0,0,0,0,0,0,0,0
385,2026-01-22,0,0,0,0,0,0,0,0,0
385,2026-01-23,0,0,0,0,0,0,0,0,0
385,2026-01-24,0,0,0,0,0,0,0,0,0
385,2026-01-25,1,1,1,0,0,1,0,0,0
385,2026-01-26,2,3,2,0,0,0,0,2,0
385,2026-01-27,1,4,1,0,1,0,0,0,0
385,2026-01-28,1,5,1,0,0,1,0,0,0
385,2026-01-29,1,6,1,0,0,0,0,1,0
385,2026-01-30,3,9,3,0,1,2,0,0,0
385,2026-01-31,2,11,2,0,1,1,0,0,0
385,2026-02-01,2,13,2,0,1,1,0,0,0
385,2026-02-02,2,15,0,2,0,0,2,0,0
385,2026-02-03,2,17,2,0,1,1,0,0,0
385,2026-02-04,3,20,2,1,0,2,1,0,0
385,2026-02-05,1,21,1,0,1,0,0,0,0
385,2026-02-06,4,25,4,0,0,4,0,0,0
385,2026-02-07,5,30,3,2,1,2,1,0,1
385,2026-02-08,1,31,1,0,0,1,0,0,0
385,2026-02-09,0,31,0,0,0,0,0,0,0
385,2026-02-10,1,32,0,1,0,0,1,0,0
386,2026-01-14,0,0,0,0,0,0,0,0,0
386,2026-01-15,0,0,0,0,0,0,0,0,0
386,2026-01-16,0,0,0,0,0,0,0,0,0
386,2026-01-17,0,0,0,0,0,0,0,0,0
386,2026-01-18,0,0,0,0,0,0,0,0,0
386,2026-01-19,0,0,0,0,0,0,0,0,0
386,2026-01-20,0,0,0,0,0,0,0,0,0
386,2026-01-21,0,0,0,0,0,0,0,0,0
386,2026-01-22,0,0,0,0,0,0,0,0,0
386,2026-01-23,0,0,0,0,0,0,0,0,0
386,2026-01-24,0,0,0,0,0,0,0,0,0
386,2026-01-25,0,0,0,0,0,0,0,0,0
386,2026-01-26,3,3,2,1,1,1,1,0,0
386,2026-01-27,6,9,5,1,2,1,0,2,1
386,2026-01-28,3,12,3,0,0,3,0,0,0
386,2026-01-29,0,12,0,0,0,0,0,0,0
386,2026-01-30,1,13,1,0,0,1,0,0,0
386,2026-01-31,1,14,1,0,0,1,0,0,0
386,2026-02-01,0,14,0,0,0,0,0,0,0
386,2026-02-02,2,16,1,1,0,1,1,0,0
386,2026-02-03,1,17,1,0,0,1,0,0,0
386,2026-02-04,2,19,1,1,1,0,0,0,1
386,2026-02-05,0,19,0,0,0,0,0,0,0
386,2026-02-06,3,22,3,0,1,1,0,1,0
386,2026-02-07,0,22,0,0,0,0,0,0,0
386,2026-02-08,1,23,1,0,0,1,0,0,0
386,2026-02-09,0,23,0,0,0,0,0,0,0
386,2026-02-10,1,24,0,1,0,0,0,0,1
387,2026-01-14,0,0,0,0,0,0,0,0,0
387,2026-01-15,0,0,0,0,0,0,0,0,0
387,2026-01-16,0,0,0,0,0,0,0,0,0
387,2026-01-17,0,0,0,0,0,0,0,0,0
387,2026-01-18,0,0,0,0,0,0,0,0,0
387,2026-01-19,0,0,0,0,0,0,0,0,0
387,2026-01-20,0,0,0,0,0,0,0,0,0
387,2026-01-21,0,0,0,0,0,0,0,0,0
387,2026-01-22,0,0,0,0,0,0,0,0,0
387,2026-01-23,0,0,0,0,0,0,0,0,0
387,2026-01-24,0,0,0,0,0,0,0,0,0
387,2026-01-25,4,4,3,1,1,1,1,1,0
387,2026-01-26,2,6,2,0,0,1,0,1,0
387,2026-01-27,1,7,1,0,1,0,0,0,0
387,2026-01-28,2,9,1,1,0,1,1,0,0
387,2026-01-29,1,10,1,0,0,1,0,0,0
387,2026-01-30,5,15,5,0,1,4,0,0,0
387,2026-01-31,1,16,1,0,0,1,0,0,0
387,2026-02-01,1,17,1,0,0,1,0,0,0
387,2026-02-02,3,20,3,0,1,0,0,2,0
387,2026-02-03,0,20,0,0,0,0,0,0,0
387,2026-02-04,5,25,3,2,0,3,1,0,1
387,2026-02-05,2,27,2,0,0,2,0,0,0
387,2026-02-06,1,28,1,0,0,1,0,0,0
387,2026-02-07,2,30,2,0,0,1,0,1,0
387,2026-02-08,2,32,1,1,1,0,1,0,0
387,2026-02-09,6,38,5,1,1,4,1,0,0
387,2026-02-10,1,39,1,0,0,1,0,0,0
388,2026-01-14,0,0,0,0,0,0,0,0,0
388,2026-01-15,0,0,0,0,0,0,0,0,0
388,2026-01-16,0,0,0,0,0,0,0,0,0
388,2026-01-17,0,0,0,0,0,0,0,0,0
388,2026-01-18,0,0,0,0,0,0,0,0,0
388,2026-01-19,0,0,0,0,0,0,0,0,0
388,2026-01-20,0,0,0,0,0,0,0,0,0
388,2026-01-21,0,0,0,0,0,0,0,0,0
388,2026-01-22,0,0,0,0,0,0,0,0,0
388,2026-01-23,0,0,0,0,0,0,0,0,0
388,2026-01-24,0,0,0,0,0,0,0,0,0
388,2026-01-25,1,1,0,1,0,0,0,0,1
388,2026-01-26,6,7,6,0,3,1,0,2,0
388,2026-01-27,0,7,0,0,0,0,0,0,0
388,2026-01-28,2,9,2,0,0,2,0,0,0
388,2026-01-29,3,12,3,0,1,2,0,0,0
388,2026-01-30,3,15,2,1,1,1,0,0,1
388,2026-01-31,1,16,0,1,0,0,1,0,0
388,2026-02-01,2,18,2,0,1,1,0,0,0
388,2026-02-02,3,21,3,0,1,2,0,0,0
388,2026-02-03,4,25,3,1,0,2,1,1,0
388,2026-02-04,3,28,3,0,1,2,0,0,0
388,2026-02-05,2,30,2,0,0,2,0,0,0
388,2026-02-06,2,32,1,1,1,0,1,0,0
388,2026-02-07,0,32,0,0,0,0,0,0,0
388,2026-02-08,3,35,2,1,1,1,1,0,0
388,2026-02-09,2,37,2,0,0,2,0,0,0
388,2026-02-10,2,39,2,0,1,1,0,0,0
389,2026-01-14,0,0,0,0,0,0,0,0,0
389,2026-01-15,0,0,0,0,0,0,0,0,0
389,2026-01-16,0,0,0,0,0,0,0,0,0
389,2026-01-17,0,0,0,0,0,0,0,0,0
389,2026-01-18,0,0,0,0,0,0,0,0,0
389,2026-01-19,0,0,0,0,0,0,0,0,0
389,2026-01-20,0,0,0,0,0,0,0,0,0
389,2026-01-21,0,0,0,0,0,0,0,0,0
389,2026-01-22,0,0,0,0,0,0,0,0,0
389,2026-01-23,0,0,0,0,0,0,0,0,0
389,2026-01-24,0,0,0,0,0,0,0,0,0
389,2026-01-25,2,2,1,1,1,0,1,0,0
389,2026-01-26,3,5,3,0,1,2,0,0,0
389,2026-01-27,0,5,0,0,0,0,0,0,0
389,2026-01-28,1,6,1,0,0,1,0,0,0
389,2026-01-29,3,9,1,2,0,1,2,0,0
389,2026-01-30,3,12,2,1,0,2,1,0,0
389,2026-01-31,4,16,4,0,1,3,0,0,0
389,2026-02-01,3,19,3,0,1,2,0,0,0
389,2026-02-02,2,21,2,0,0,0,0,2,0
389,2026-02-03,3,24,3,0,1,2,0,0,0
389,2026-02-04,2,26,2,0,1,1,0,0,0
389,2026-02-05,2,28,1,1,0,1,1,0,0
389,2026-02-06,3,31,3,0,1,2,0,0,0
389,2026-02-07,1,32,1,0,0,1,0,0,0
389,2026-02-08,4,36,3,1,2,1,1,0,0
389,2026-02-09,2,38,2,0,2,0,0,0,0
389,2026-02-10,4,42,2,2,0,2,1,0,1
390,2026-01-14,0,0,0,0,0,0,0,0,0
390,2026-01-15,0,0,0,0,0,0,0,0,0
390,2026-01-16,0,0,0,0,0,0,0,0,0
390,2026-01-17,0,0,0,0,0,0,0,0,0
390,2026-01-18,0,0,0,0,0,0,0,0,0
390,2026-01-19,0,0,0,0,0,0,0,0,0
390,2026-01-20,0,0,0,0,0,0,0,0,0
390,2026-01-21,0,0,0,0,0,0,0,0,0
390,2026-01-22,0,0,0,0,0,0,0,0,0
390,2026-01-23,0,0,0,0,0,0,0,0,0
390,2026-01-24,0,0,0,0,0,0,0,0,0
390,2026-01-25,0,0,0,0,0,0,0,0,0
390,2026-01-26,2,2,1,1,0,1,1,0,0
390,2026-01-27,6,8,3,3,2,1,2,0,1
390,2026-01-28,1,9,1,0,0,1,0,0,0
390,2026-01-29,2,11,2,0,0,2,0,0,0
390,2026-01-30,0,11,0,0,0,0,0,0,0
390,2026-01-31,1,12,1,0,1,0,0,0,0
390,2026-02-01,5,17,3,2,0,3,2,0,0
390,2026-02-02,2,19,2,0,0,2,0,0,0
390,2026-02-03,0,19,0,0,0,0,0,0,0
390,2026-02-04,2,21,2,0,0,2,0,0,0
390,2026-02-05,0,21,0,0,0,0,0,0,0
390,2026-02-06,4,25,4,0,2,2,0,0,0
390,2026-02-07,2,27,2,0,1,1,0,0,0
390,2026-02-08,0,27,0,0,0,0,0,0,0
390,2026-02-09,2,29,2,0,0,2,0,0,0
390,2026-02-10,0,29,0,0,0,0,0,0,0
391,2026-01-14,0,0,0,0,0,0,0,0,0
391,2026-01-15,0,0,0,0,0,0,0,0,0
391,2026-01-16,0,0,0,0,0,0,0,0,0
391,2026-01-17,0,0,0,0,0,0,0,0,0
391,2026-01-18,0,0,0,0,0,0,0,0,0
391,2026-01-19,0,0,0,0,0,0,0,0,0
391,2026-01-20,0,0,0,0,0,0,0,0,0
391,2026-01-21,0,0,0,0,0,0,0,0,0
391,2026-01-22,0,0,0,0,0,0,0,0,0
391,2026-01-23,0,0,0,0,0,0,0,0,0
391,2026-01-24,0,0,0,0,0,0,0,0,0
391,2026-01-25,2,2,1,1,0,0,1,1,0
391,2026-01-26,1,3,0,1,0,0,1,0,0
391,2026-01-27,0,3,0,0,0,0,0,0,0
391,2026-01-28,0,3,0,0,0,0,0,0,0
391,2026-01-29,2,5,2,0,1,1,0,0,0
391,2026-01-30,1,6,1,0,0,1,0,0,0
391,2026-01-31,2,8,1,1,0,1,1,0,0
391,2026-02-01,4,12,3,1,0,3,0,0,1
391,2026-02-02,3,15,1,2,1,0,2,0,0
391,2026-02-03,1,16,1,0,0,1,0,0,0
391,2026-02-04,2,18,1,1,0,0,0,1,1
391,2026-02-05,1,19,0,1,0,0,0,0,1
391,2026-02-06,2,21,2,0,0,1,0,1,0
391,2026-02-07,4,25,4,0,1,2,0,1,0
391,2026-02-08,4,29,3,1,1,1,1,1,0
391,2026-02-09,0,29,0,0,0,0,0,0,0
391,2026-02-10,0,29,0,0,0,0,0,0,0
392,2026-01-14,0,0,0,0,0,0,0,0,0
392,2026-01-15,0,0,0,0,0,0,0,0,0
392,2026-01-16,0,0,0,0,0,0,0,0,0
392,2026-01-17,0,0,0,0,0,0,0,0,0
392,2026-01-18,0,0,0,0,0,0,0,0,0
392,2026-01-19,0,0,0,0,0,0,0,0,0
392,2026-01-20,0,0,0,0,0,0,0,0,0
392,2026-01-21,0,0,0,0,0,0,0,0,0
392,2026-01-22,0,0,0,0,0,0,0,0,0
392,2026-01-23,0,0,0,0,0,0,0,0,0
392,2026-01-24,0,0,0,0,0,0,0,0,0
392,2026-01-25,7,7,4,3,1,3,2,0,1
392,2026-01-26,5,12,4,1,1,3,1,0,0
392,2026-01-27,5,17,5,0,2,3,0,0,0
392,2026-01-28,2,19,1,1,0,1,1,0,0
392,2026-01-29,5,24,5,0,0,4,0,1,0
392,2026-01-30,1,25,1,0,0,1,0,0,0
392,2026-01-31,5,30,5,0,2,1,0,2,0
392,2026-02-01,2,32,1,1,0,1,1,0,0
392,2026-02-02,6,38,4,2,1,2,2,1,0
392,2026-02-03,5,43,5,0,1,4,0,0,0
392,2026-02-04,4,47,4,0,2,1,0,1,0
392,2026-02-05,3,50,3,0,2,1,0,0,0
392,2026-02-06,1,51,1,0,0,1,0,0,0
392,2026-02-07,3,54,3,0,2,0,0,1,0
392,2026-02-08,4,58,4,0,1,3,0,0,0
392,2026-02-09,6,64,5,1,0,4,0,1,1
392,2026-02-10,2,66,2,0,2,0,0,0,0
393,2026-01-14,0,0,0,0,0,0,0,0,0
393,2026-01-15,0,0,0,0,0,0,0,0,0
393,2026-01-16,0,0,0,0,0,0,0,0,0
393,2026-01-17,0,0,0,0,0,0,0,0,0
393,2026-01-18,0,0,0,0,0,0,0,0,0
393,2026-01-19,0,0,0,0,0,0,0,0,0
393,2026-01-20,0,0,0,0,0,0,0,0,0
393,2026-01-21,0,0,0,0,0,0,0,0,0
393,2026-01-22,0,0,0,0,0,0,0,0,0
393,2026-01-23,0,0,0,0,0,0,0,0,0
393,2026-01-24,0,0,0,0,0,0,0,0,0
393,2026-01-25,3,3,3,0,1,2,0,0,0
393,2026-01-26,1,4,1,0,0,1,0,0,0
393,2026-01-27,2,6,2,0,0,2,0,0,0
393,2026-01-28,2,8,2,0,0,2,0,0,0
393,2026-01-29,1,9,1,0,0,1,0,0,0
393,2026-01-30,1,10,1,0,0,1,0,0,0
393,2026-01-31,3,13,3,0,3,0,0,0,0
393,2026-02-01,2,15,1,1,0,1,0,0,1
393,2026-02-02,2,17,2,0,1,1,0,0,0
393,2026-02-03,4,21,4,0,1,3,0,0,0
393,2026-02-04,3,24,3,0,1,2,0,0,0
393,2026-02-05,1,25,1,0,0,1,0,0,0
393,2026-02-06,1,26,0,1,0,0,1,0,0
393,2026-02-07,1,27,1,0,0,1,0,0,0
393,2026-02-08,2,29,2,0,0,2,0,0,0
393,2026-02-09,3,32,3,0,1,2,0,0,0
393,2026-02-10,0,32,0,0,0,0,0,0,0
394,2026-01-14,0,0,0,0,0,0,0,0,0
394,2026-01-15,0,0,0,0,0,0,0,0,0
394,2026-01-16,0,0,0,0,0,0,0,0,0
394,2026-01-17,0,0,0,0,0,0,0,0,0
394,2026-01-18,0,0,0,0,0,0,0,0,0
394,2026-01-19,0,0,0,0,0,0,0,0,0
394,2026-01-20,0,0,0,0,0,0,0,0,0
394,2026-01-21,0,0,0,0,0,0,0,0,0
394,2026-01-22,0,0,0,0,0,0,0,0,0
394,2026-01-23,0,0,0,0,0,0,0,0,0
394,2026-01-24,0,0,0,0,0,0,0,0,0
394,2026-01-25,2,2,1,1,0,1,1,0,0
394,2026-01-26,2,4,1,1,0,1,1,0,0
394,2026-01-27,0,4,0,0,0,0,0,0,0
394,2026-01-28,3,7,2,1,0,2,1,0,0
394,2026-01-29,1,8,1,0,0,0,0,1,0
394,2026-01-30,0,8,0,0,0,0,0,0,0
394,2026-01-31,2,10,1,1,1,0,1,0,0
394,2026-02-01,0,10,0,0,0,0,0,0,0
394,2026-02-02,1,11,1,0,0,1,0,0,0
394,2026-02-03,2,13,2,0,1,1,0,0,0
394,2026-02-04,1,14,1,0,0,1,0,0,0
394,2026-02-05,4,18,3,1,0,2,1,1,0
394,2026-02-06,1,19,1,0,0,0,0,1,0
394,2026-02-07,2,21,1,1,0,0,1,1,0
394,2026-02-08,2,23,2,0,1,1,0,0,0
394,2026-02-09,0,23,0,0,0,0,0,0,0
394,2026-02-10,1,24,1,0,0,1,0,0,0
395,2026-01-14,0,0,0,0,0,0,0,0,0
395,2026-01-15,0,0,0,0,0,0,0,0,0
395,2026-01-16,0,0,0,0,0,0,0,0,0
395,2026-01-17,0,0,0,0,0,0,0,0,0
395,2026-01-18,0,0,0,0,0,0,0,0,0
395,2026-01-19,0,0,0,0,0,0,0,0,0
395,2026-01-20,0,0,0,0,0,0,0,0,0
395,2026-01-21,0,0,0,0,0,0,0,0,0
395,2026-01-22,0,0,0,0,0,0,0,0,0
395,2026-01-23,0,0,0,0,0,0,0,0,0
395,2026-01-24,0,0,0,0,0,0,0,0,0
395,2026-01-25,2,2,2,0,0,2,0,0,0
395,2026-01-26,2,4,2,0,1,1,0,0,0
395,2026-01-27,2,6,1,1,0,1,1,0,0
395,2026-01-28,1,7,1,0,1,0,0,0,0
395,2026-01-29,2,9,2,0,0,2,0,0,0
395,2026-01-30,2,11,2,0,1,1,0,0,0
395,2026-01-31,0,11,0,0,0,0,0,0,0
395,2026-02-01,1,12,1,0,0,1,0,0,0
395,2026-02-02,1,13,1,0,0,1,0,0,0
395,2026-02-03,3,16,2,1,0,2,1,0,0
395,2026-02-04,2,18,2,0,1,1,0,0,0
395,2026-02-05,1,19,0,1,0,0,1,0,0
395,2026-02-06,0,19,0,0,0,0,0,0,0
395,2026-02-07,1,20,1,0,1,0,0,0,0
395,2026-02-08,2,22,2,0,0,1,0,1,0
395,2026-02-09,1,23,1,0,0,1,0,0,0
395,2026-02-10,1,24,1,0,1,0,0,0,0
396,2026-01-14,0,0,0,0,0,0,0,0,0
396,2026-01-15,0,0,0,0,0,0,0,0,0
396,2026-01-16,0,0,0,0,0,0,0,0,0
396,2026-01-17,0,0,0,0,0,0,0,0,0
396,2026-01-18,0,0,0,0,0,0,0,0,0
396,2026-01-19,0,0,0,0,0,0,0,0,0
396,2026-01-20,0,0,0,0,0,0,0,0,0
396,2026-01-21,0,0,0,0,0,0,0,0,0
396,2026-01-22,0,0,0,0,0,0,0,0,0
396,2026-01-23,0,0,0,0,0,0,0,0,0
396,2026-01-24,0,0,0,0,0,0,0,0,0
396,2026-01-25,8,8,6,2,1,5,1,0,1
396,2026-01-26,6,14,5,1,1,4,0,0,1
396,2026-01-27,9,23,6,3,1,5,3,0,0
396,2026-01-28,3,26,2,1,1,1,0,0,1
396,2026-01-29,6,32,3,3,0,3,2,0,1
396,2026-01-30,3,35,2,1,0,2,1,0,0
396,2026-01-31,4,39,4,0,2,2,0,0,0
396,2026-02-01,4,43,3,1,1,2,0,0,1
396,2026-02-02,6,49,5,1,0,5,1,0,0
396,2026-02-03,3,52,3,0,2,1,0,0,0
396,2026-02-04,5,57,4,1,1,3,1,0,0
396,2026-02-05,1,58,0,1,0,0,1,0,0
396,2026-02-06,3,61,2,1,0,2,0,0,1
396,2026-02-07,2,63,2,0,1,1,0,0,0
396,2026-02-08,5,68,3,2,1,2,1,0,1
396,2026-02-09,1,69,0,1,0,0,1,0,0
396,2026-02-10,2,71,1,1,0,1,1,0,0
397,2026-01-14,0,0,0,0,0,0,0,0,0
397,2026-01-15,0,0,0,0,0,0,0,0,0
397,2026-01-16,0,0,0,0,0,0,0,0,0
397,2026-01-17,0,0,0,0,0,0,0,0,0
397,2026-01-18,0,0,0,0,0,0,0,0,0
397,2026-01-19,0,0,0,0,0,0,0,0,0
397,2026-01-20,0,0,0,0,0,0,0,0,0
397,2026-01-21,0,0,0,0,0,0,0,0,0
397,2026-01-22,0,0,0,0,0,0,0,0,0
397,2026-01-23,0,0,0,0,0,0,0,0,0
397,2026-01-24,0,0,0,0,0,0,0,0,0
397,2026-01-25,3,3,3,0,1,2,0,0,0
397,2026-01-26,0,3,0,0,0,0,0,0,0
397,2026-01-27,1,4,1,0,0,1,0,0,0
397,2026-01-28,4,8,4,0,0,4,0,0,0
397,2026-01-29,6,14,5,1,0,5,1,0,0
397,2026-01-30,4,18,2,2,1,1,2,0,0
397,2026-01-31,2,20,2,0,1,0,0,1,0
397,2026-02-01,3,23,3,0,1,1,0,1,0
397,2026-02-02,2,25,1,1,0,1,1,0,0
397,2026-02-03,1,26,1,0,1,0,0,0,0
397,2026-02-04,0,26,0,0,0,0,0,0,0
397,2026-02-05,1,27,1,0,0,0,0,1,0
397,2026-02-06,0,27,0,0,0,0,0,0,0
397,2026-02-07,0,27,0,0,0,0,0,0,0
397,2026-02-08,4,31,2,2,2,0,2,0,0
397,2026-02-09,3,34,3,0,1,2,0,0,0
397,2026-02-10,0,34,0,0,0,0,0,0,0
398,2026-01-14,0,0,0,0,0,0,0,0,0
398,2026-01-15,0,0,0,0,0,0,0,0,0
398,2026-01-16,0,0,0,0,0,0,0,0,0
398,2026-01-17,0,0,0,0,0,0,0,0,0
398,2026-01-18,0,0,0,0,0,0,0,0,0
398,2026-01-19,0,0,0,0,0,0,0,0,0
398,2026-01-20,0,0,0,0,0,0,0,0,0
398,2026-01-21,0,0,0,0,0,0,0,0,0
398,2026-01-22,0,0,0,0,0,0,0,0,0
398,2026-01-23,0,0,0,0,0,0,0,0,0
398,2026-01-24,0,0,0,0,0,0,0,0,0
398,2026-01-25,4,4,4,0,2,2,0,0,0
398,2026-01-26,2,6,1,1,0,1,1,0,0
398,2026-01-27,0,6,0,0,0,0,0,0,0
398,2026-01-28,2,8,2,0,1,0,0,1,0
398,2026-01-29,5,13,5,0,1,3,0,1,0
398,2026-01-30,3,16,1,2,0,1,1,0,1
398,2026-01-31,3,19,3,0,1,2,0,0,0
398,2026-02-01,2,21,1,1,0,1,1,0,0
398,2026-02-02,3,24,3,0,1,1,0,1,0
398,2026-02-03,1,25,1,0,0,1,0,0,0
398,2026-02-04,1,26,1,0,0,1,0,0,0
398,2026-02-05,1,27,1,0,1,0,0,0,0
398,2026-02-06,1,28,1,0,1,0,0,0,0
398,2026-02-07,2,30,2,0,1,1,0,0,0
398,2026-02-08,3,33,1,2,0,1,2,0,0
398,2026-02-09,1,34,1,0,0,0,0,1,0
398,2026-02-10,1,35,1,0,0,1,0,0,0
399,2026-01-14,0,0,0,0,0,0,0,0,0
399,2026-01-15,0,0,0,0,0,0,0,0,0
399,2026-01-16,0,0,0,0,0,0,0,0,0
399,2026-01-17,0,0,0,0,0,0,0,0,0
399,2026-01-18,0,0,0,0,0,0,0,0,0
399,2026-01-19,0,0,0,0,0,0,0,0,0
399,2026-01-20,0,0,0,0,0,0,0,0,0
399,2026-01-21,0,0,0,0,0,0,0,0,0
399,2026-01-22,0,0,0,0,0,0,0,0,0
399,2026-01-23,0,0,0,0,0,0,0,0,0
399,2026-01-24,0,0,0,0,0,0,0,0,0
399,2026-01-25,1,1,1,0,0,1,0,0,0
399,2026-01-26,2,3,2,0,0,2,0,0,0
399,2026-01-27,8,11,7,1,1,4,1,2,0
399,2026-01-28,3,14,3,0,1,2,0,0,0
399,2026-01-29,5,19,5,0,2,3,0,0,0
399,2026-01-30,3,22,3,0,0,3,0,0,0
399,2026-01-31,1,23,1,0,0,1,0,0,0
399,2026-02-01,0,23,0,0,0,0,0,0,0
399,2026-02-02,0,23,0,0,0,0,0,0,0
399,2026-02-03,0,23,0,0,0,0,0,0,0
399,2026-02-04,3,26,2,1,0,2,1,0,0
399,2026-02-05,1,27,1,0,0,1,0,0,0
399,2026-02-06,1,28,1,0,1,0,0,0,0
399,2026-02-07,1,29,1,0,0,0,0,1,0
399,2026-02-08,3,32,3,0,1,2,0,0,0
399,2026-02-09,0,32,0,0,0,0,0,0,0
399,2026-02-10,2,34,2,0,0,2,0,0,0
400,2026-01-14,0,0,0,0,0,0,0,0,0
400,2026-01-15,0,0,0,0,0,0,0,0,0
400,2026-01-16,0,0,0,0,0,0,0,0,0
400,2026-01-17,0,0,0,0,0,0,0,0,0
400,2026-01-18,0,0,0,0,0,0,0,0,0
400,2026-01-19,0,0,0,0,0,0,0,0,0
400,2026-01-20,0,0,0,0,0,0,0,0,0
400,2026-01-21,0,0,0,0,0,0,0,0,0
400,2026-01-22,0,0,0,0,0,0,0,0,0
400,2026-01-23,0,0,0,0,0,0,0,0,0
400,2026-01-24,0,0,0,0,0,0,0,0,0
400,2026-01-25,2,2,1,1,1,0,0,0,1
400,2026-01-26,3,5,2,1,1,1,1,0,0
400,2026-01-27,4,9,3,1,2,1,0,0,1
400,2026-01-28,4,13,3,1,0,3,1,0,0
400,2026-01-29,3,16,2,1,1,1,1,0,0
400,2026-01-30,2,18,2,0,1,1,0,0,0
400,2026-01-31,3,21,2,1,1,1,0,0,1
400,2026-02-01,3,24,2,1,0,2,1,0,0
400,2026-02-02,4,28,4,0,1,3,0,0,0
400,2026-02-03,1,29,0,1,0,0,1,0,0
400,2026-02-04,5,34,5,0,2,3,0,0,0
400,2026-02-05,4,38,2,2,2,0,2,0,0
400,2026-02-06,6,44,1,5,0,1,4,0,1
400,2026-02-07,6,50,5,1,1,4,1,0,0
400,2026-02-08,3,53,3,0,0,3,0,0,0
400,2026-02-09,4,57,3,1,1,1,1,1,0
400,2026-02-10,2,59,2,0,2,0,0,0,0
401,2026-01-14,0,0,0,0,0,0,0,0,0
401,2026-01-15,0,0,0,0,0,0,0,0,0
401,2026-01-16,0,0,0,0,0,0,0,0,0
401,2026-01-17,0,0,0,0,0,0,0,0,0
401,2026-01-18,0,0,0,0,0,0,0,0,0
401,2026-01-19,0,0,0,0,0,0,0,0,0
401,2026-01-20,0,0,0,0,0,0,0,0,0
401,2026-01-21,0,0,0,0,0,0,0,0,0
401,2026-01-22,0,0,0,0,0,0,0,0,0
401,2026-01-23,0,0,0,0,0,0,0,0,0
401,2026-01-24,0,0,0,0,0,0,0,0,0
401,2026-01-25,3,3,3,0,0,3,0,0,0
401,2026-01-26,3,6,2,1,0,2,0,0,1
401,2026-01-27,3,9,1,2,0,1,2,0,0
401,2026-01-28,3,12,3,0,0,3,0,0,0
401,2026-01-29,4,16,3,1,0,3,1,0,0
401,2026-01-30,3,19,2,1,0,2,0,0,1
401,2026-01-31,3,22,3,0,1,2,0,0,0
401,2026-02-01,3,25,3,0,0,3,0,0,0
401,2026-02-02,2,27,2,0,1,0,0,1,0
401,2026-02-03,2,29,2,0,1,0,0,1,0
401,2026-02-04,1,30,1,0,0,1,0,0,0
401,2026-02-05,3,33,3,0,0,3,0,0,0
401,2026-02-06,4,37,1,3,0,1,2,0,1
401,2026-02-07,2,39,2,0,0,1,0,1,0
401,2026-02-08,1,40,1,0,0,1,0,0,0
401,2026-02-09,2,42,2,0,0,1,0,1,0
401,2026-02-10,1,43,1,0,0,1,0,0,0
402,2026-01-14,0,0,0,0,0,0,0,0,0
402,2026-01-15,0,0,0,0,0,0,0,0,0
402,2026-01-16,0,0,0,0,0,0,0,0,0
402,2026-01-17,0,0,0,0,0,0,0,0,0
402,2026-01-18,0,0,0,0,0,0,0,0,0
402,2026-01-19,0,0,0,0,0,0,0,0,0
402,2026-01-20,0,0,0,0,0,0,0,0,0
402,2026-01-21,0,0,0,0,0,0,0,0,0
402,2026-01-22,0,0,0,0,0,0,0,0,0
402,2026-01-23,0,0,0,0,0,0,0,0,0
402,2026-01-24,0,0,0,0,0,0,0,0,0
402,2026-01-25,1,1,1,0,1,0,0,0,0
402,2026-01-26,2,3,2,0,0,2,0,0,0
402,2026-01-27,4,7,3,1,0,0,1,3,0
402,2026-01-28,3,10,3,0,2,0,0,1,0
402,2026-01-29,3,13,2,1,2,0,1,0,0
402,2026-01-30,4,17,4,0,3,0,0,1,0
402,2026-01-31,5,22,5,0,1,4,0,0,0
402,2026-02-01,3,25,2,1,1,1,1,0,0
402,2026-02-02,2,27,2,0,2,0,0,0,0
402,2026-02-03,2,29,1,1,0,1,1,0,0
402,2026-02-04,1,30,1,0,0,1,0,0,0
402,2026-02-05,0,30,0,0,0,0,0,0,0
402,2026-02-06,1,31,1,0,0,1,0,0,0
402,2026-02-07,0,31,0,0,0,0,0,0,0
402,2026-02-08,1,32,0,1,0,0,0,0,1
402,2026-02-09,1,33,1,0,0,1,0,0,0
402,2026-02-10,0,33,0,0,0,0,0,0,0
403,2026-01-14,0,0,0,0,0,0,0,0,0
403,2026-01-15,0,0,0,0,0,0,0,0,0
403,2026-01-16,0,0,0,0,0,0,0,0,0
403,2026-01-17,0,0,0,0,0,0,0,0,0
403,2026-01-18,0,0,0,0,0,0,0,0,0
403,2026-01-19,0,0,0,0,0,0,0,0,0
403,2026-01-20,0,0,0,0,0,0,0,0,0
403,2026-01-21,0,0,0,0,0,0,0,0,0
403,2026-01-22,0,0,0,0,0,0,0,0,0
403,2026-01-23,0,0,0,0,0,0,0,0,0
403,2026-01-24,0,0,0,0,0,0,0,0,0
403,2026-01-25,6,6,3,3,1,1,2,1,1
403,2026-01-26,3,9,3,0,1,2,0,0,0
403,2026-01-27,4,13,4,0,0,3,0,1,0
403,2026-01-28,1,14,1,0,0,1,0,0,0
403,2026-01-29,1,15,0,1,0,0,0,0,1
403,2026-01-30,3,18,2,1,0,2,0,0,1
403,2026-01-31,2,20,2,0,0,1,0,1,0
403,2026-02-01,6,26,5,1,1,4,1,0,0
403,2026-02-02,3,29,3,0,1,2,0,0,0
403,2026-02-03,2,31,2,0,1,1,0,0,0
403,2026-02-04,3,34,2,1,0,2,1,0,0
403,2026-02-05,2,36,2,0,2,0,0,0,0
403,2026-02-06,3,39,3,0,1,2,0,0,0
403,2026-02-07,1,40,1,0,0,1,0,0,0
403,2026-02-08,1,41,1,0,1,0,0,0,0
403,2026-02-09,3,44,2,1,0,2,1,0,0
403,2026-02-10,1,45,1,0,1,0,0,0,0
404,2026-01-14,0,0,0,0,0,0,0,0,0
404,2026-01-15,0,0,0,0,0,0,0,0,0
404,2026-01-16,0,0,0,0,0,0,0,0,0
404,2026-01-17,0,0,0,0,0,0,0,0,0
404,2026-01-18,0,0,0,0,0,0,0,0,0
404,2026-01-19,0,0,0,0,0,0,0,0,0
404,2026-01-20,0,0,0,0,0,0,0,0,0
404,2026-01-21,0,0,0,0,0,0,0,0,0
404,2026-01-22,0,0,0,0,0,0,0,0,0
404,2026-01-23,0,0,0,0,0,0,0,0,0
404,2026-01-24,0,0,0,0,0,0,0,0,0
404,2026-01-25,2,2,1,1,0,1,1,0,0
404,2026-01-26,2,4,2,0,2,0,0,0,0
404,2026-01-27,1,5,1,0,0,1,0,0,0
404,2026-01-28,3,8,3,0,1,2,0,0,0
404,2026-01-29,5,13,5,0,2,3,0,0,0
404,2026-01-30,4,17,3,1,1,2,1,0,0
404,2026-01-31,7,24,7,0,3,0,0,4,0
404,2026-02-01,0,24,0,0,0,0,0,0,0
404,2026-02-02,3,27,2,1,0,2,1,0,0
404,2026-02-03,4,31,4,0,2,2,0,0,0
404,2026-02-04,2,33,2,0,1,1,0,0,0
404,2026-02-05,3,36,3,0,2,1,0,0,0
404,2026-02-06,3,39,3,0,1,2,0,0,0
404,2026-02-07,4,43,3,1,2,1,1,0,0
404,2026-02-08,2,45,1,1,1,0,1,0,0
404,2026-02-09,3,48,3,0,1,1,0,1,0
404,2026-02-10,4,52,4,0,0,4,0,0,0
405,2026-01-14,0,0,0,0,0,0,0,0,0
405,2026-01-15,0,0,0,0,0,0,0,0,0
405,2026-01-16,0,0,0,0,0,0,0,0,0
405,2026-01-17,0,0,0,0,0,0,0,0,0
405,2026-01-18,0,0,0,0,0,0,0,0,0
405,2026-01-19,0,0,0,0,0,0,0,0,0
405,2026-01-20,0,0,0,0,0,0,0,0,0
405,2026-01-21,0,0,0,0,0,0,0,0,0
405,2026-01-22,0,0,0,0,0,0,0,0,0
405,2026-01-23,0,0,0,0,0,0,0,0,0
405,2026-01-24,0,0,0,0,0,0,0,0,0
405,2026-01-25,3,3,3,0,0,3,0,0,0
405,2026-01-26,7,10,5,2,0,4,2,1,0
405,2026-01-27,3,13,1,2,0,1,2,0,0
405,2026-01-28,8,21,6,2,2,3,2,1,0
405,2026-01-29,6,27,6,0,2,3,0,1,0
405,2026-01-30,3,30,2,1,0,1,0,1,1
405,2026-01-31,4,34,4,0,2,2,0,0,0
405,2026-02-01,4,38,3,1,2,0,1,1,0
405,2026-02-02,4,42,3,1,0,3,1,0,0
405,2026-02-03,7,49,7,0,2,4,0,1,0
405,2026-02-04,6,55,4,2,3,1,1,0,1
405,2026-02-05,6,61,5,1,3,2,1,0,0
405,2026-02-06,4,65,2,2,2,0,2,0,0
405,2026-02-07,3,68,3,0,0,3,0,0,0
405,2026-02-08,2,70,2,0,0,2,0,0,0
405,2026-02-09,5,75,4,1,1,2,0,1,1
405,2026-02-10,6,81,4,2,2,2,2,0,0
406,2026-01-14,0,0,0,0,0,0,0,0,0
406,2026-01-15,0,0,0,0,0,0,0,0,0
406,2026-01-16,0,0,0,0,0,0,0,0,0
406,2026-01-17,0,0,0,0,0,0,0,0,0
406,2026-01-18,0,0,0,0,0,0,0,0,0
406,2026-01-19,0,0,0,0,0,0,0,0,0
406,2026-01-20,0,0,0,0,0,0,0,0,0
406,2026-01-21,0,0,0,0,0,0,0,0,0
406,2026-01-22,0,0,0,0,0,0,0,0,0
406,2026-01-23,0,0,0,0,0,0,0,0,0
406,2026-01-24,0,0,0,0,0,0,0,0,0
406,2026-01-25,1,1,1,0,0,1,0,0,0
406,2026-01-26,3,4,2,1,1,1,1,0,0
406,2026-01-27,1,5,1,0,1,0,0,0,0
406,2026-01-28,3,8,2,1,1,1,1,0,0
406,2026-01-29,3,11,3,0,0,3,0,0,0
406,2026-01-30,1,12,1,0,0,1,0,0,0
406,2026-01-31,2,14,2,0,1,1,0,0,0
406,2026-02-01,3,17,1,2,0,1,2,0,0
406,2026-02-02,2,19,1,1,1,0,1,0,0
406,2026-02-03,2,21,2,0,0,2,0,0,0
406,2026-02-04,2,23,2,0,0,2,0,0,0
406,2026-02-05,1,24,1,0,1,0,0,0,0
406,2026-02-06,1,25,1,0,0,1,0,0,0
406,2026-02-07,1,26,1,0,0,1,0,0,0
406,2026-02-08,1,27,1,0,0,1,0,0,0
406,2026-02-09,1,28,1,0,0,1,0,0,0
406,2026-02-10,1,29,1,0,0,1,0,0,0
407,2026-01-14,0,0,0,0,0,0,0,0,0
407,2026-01-15,0,0,0,0,0,0,0,0,0
407,2026-01-16,0,0,0,0,0,0,0,0,0
407,2026-01-17,0,0,0,0,0,0,0,0,0
407,2026-01-18,0,0,0,0,0,0,0,0,0
407,2026-01-19,0,0,0,0,0,0,0,0,0
407,2026-01-20,0,0,0,0,0,0,0,0,0
407,2026-01-21,0,0,0,0,0,0,0,0,0
407,2026-01-22,0,0,0,0,0,0,0,0,0
407,2026-01-23,0,0,0,0,0,0,0,0,0
407,2026-01-24,0,0,0,0,0,0,0,0,0
407,2026-01-25,3,3,3,0,1,2,0,0,0
407,2026-01-26,2,5,1,1,1,0,1,0,0
407,2026-01-27,3,8,2,1,0,1,0,1,1
407,2026-01-28,7,15,6,1,4,2,1,0,0
407,2026-01-29,2,17,1,1,0,1,0,0,1
407,2026-01-30,1,18,0,1,0,0,1,0,0
407,2026-01-31,4,22,2,2,0,2,2,0,0
407,2026-02-01,3,25,3,0,1,2,0,0,0
407,2026-02-02,3,28,2,1,0,2,1,0,0
407,2026-02-03,1,29,1,0,0,1,0,0,0
407,2026-02-04,3,32,1,2,1,0,2,0,0
407,2026-02-05,7,39,3,4,0,3,1,0,3
407,2026-02-06,2,41,1,1,0,1,1,0,0
407,2026-02-07,2,43,0,2,0,0,2,0,0
407,2026-02-08,1,44,1,0,0,1,0,0,0
407,2026-02-09,3,47,0,3,0,0,2,0,1
407,2026-02-10,2,49,2,0,0,2,0,0,0
408,2026-01-14,0,0,0,0,0,0,0,0,0
408,2026-01-15,0,0,0,0,0,0,0,0,0
408,2026-01-16,0,0,0,0,0,0,0,0,0
408,2026-01-17,0,0,0,0,0,0,0,0,0
408,2026-01-18,0,0,0,0,0,0,0,0,0
408,2026-01-19,0,0,0,0,0,0,0,0,0
408,2026-01-20,0,0,0,0,0,0,0,0,0
408,2026-01-21,0,0,0,0,0,0,0,0,0
408,2026-01-22,0,0,0,0,0,0,0,0,0
408,2026-01-23,0,0,0,0,0,0,0,0,0
408,2026-01-24,0,0,0,0,0,0,0,0,0
408,2026-01-25,1,1,0,1,0,0,1,0,0
408,2026-01-26,1,2,0,1,0,0,1,0,0
408,2026-01-27,7,9,5,2,2,3,0,0,2
408,2026-01-28,4,13,4,0,1,3,0,0,0
408,2026-01-29,2,15,1,1,1,0,1,0,0
408,2026-01-30,0,15,0,0,0,0,0,0,0
408,2026-01-31,5,20,3,2,2,1,1,0,1
408,2026-02-01,2,22,1,1,0,1,1,0,0
408,2026-02-02,3,25,3,0,1,2,0,0,0
408,2026-02-03,10,35,7,3,1,6,2,0,1
408,2026-02-04,2,37,2,0,0,2,0,0,0
408,2026-02-05,6,43,5,1,2,3,1,0,0
408,2026-02-06,3,46,2,1,1,1,0,0,1
408,2026-02-07,0,46,0,0,0,0,0,0,0
408,2026-02-08,0,46,0,0,0,0,0,0,0
408,2026-02-09,4,50,3,1,0,3,1,0,0
408,2026-02-10,3,53,3,0,1,2,0,0,0
409,2026-01-14,0,0,0,0,0,0,0,0,0
409,2026-01-15,0,0,0,0,0,0,0,0,0
409,2026-01-16,0,0,0,0,0,0,0,0,0
409,2026-01-17,0,0,0,0,0,0,0,0,0
409,2026-01-18,0,0,0,0,0,0,0,0,0
409,2026-01-19,0,0,0,0,0,0,0,0,0
409,2026-01-20,0,0,0,0,0,0,0,0,0
409,2026-01-21,0,0,0,0,0,0,0,0,0
409,2026-01-22,0,0,0,0,0,0,0,0,0
409,2026-01-23,0,0,0,0,0,0,0,0,0
409,2026-01-24,0,0,0,0,0,0,0,0,0
409,2026-01-25,2,2,2,0,0,1,0,1,0
409,2026-01-26,2,4,2,0,1,1,0,0,0
409,2026-01-27,2,6,1,1,0,1,1,0,0
409,2026-01-28,3,9,3,0,0,2,0,1,0
409,2026-01-29,6,15,5,1,2,2,0,1,1
409,2026-01-30,1,16,1,0,0,1,0,0,0
409,2026-01-31,1,17,1,0,0,0,0,1,0
409,2026-02-01,1,18,1,0,0,1,0,0,0
409,2026-02-02,2,20,1,1,0,1,1,0,0
409,2026-02-03,5,25,4,1,1,3,1,0,0
409,2026-02-04,1,26,1,0,0,0,0,1,0
409,2026-02-05,0,26,0,0,0,0,0,0,0
409,2026-02-06,2,28,2,0,2,0,0,0,0
409,2026-02-07,6,34,4,2,3,1,2,0,0
409,2026-02-08,0,34,0,0,0,0,0,0,0
409,2026-02-09,1,35,1,0,1,0,0,0,0
409,2026-02-10,1,36,1,0,1,0,0,0,0
410,2026-01-14,0,0,0,0,0,0,0,0,0
410,2026-01-15,0,0,0,0,0,0,0,0,0
410,2026-01-16,0,0,0,0,0,0,0,0,0
410,2026-01-17,0,0,0,0,0,0,0,0,0
410,2026-01-18,0,0,0,0,0,0,0,0,0
410,2026-01-19,0,0,0,0,0,0,0,0,0
410,2026-01-20,0,0,0,0,0,0,0,0,0
410,2026-01-21,0,0,0,0,0,0,0,0,0
410,2026-01-22,0,0,0,0,0,0,0,0,0
410,2026-01-23,0,0,0,0,0,0,0,0,0
410,2026-01-24,0,0,0,0,0,0,0,0,0
410,2026-01-25,2,2,2,0,1,1,0,0,0
410,2026-01-26,2,4,2,0,1,1,0,0,0
410,2026-01-27,4,8,4,0,1,2,0,1,0
410,2026-01-28,1,9,1,0,1,0,0,0,0
410,2026-01-29,1,10,0,1,0,0,1,0,0
410,2026-01-30,2,12,2,0,1,0,0,1,0
410,2026-01-31,3,15,3,0,0,0,0,3,0
410,2026-02-01,3,18,2,1,1,1,1,0,0
410,2026-02-02,1,19,1,0,1,0,0,0,0
410,2026-02-03,0,19,0,0,0,0,0,0,0
410,2026-02-04,1,20,0,1,0,0,1,0,0
410,2026-02-05,2,22,2,0,0,2,0,0,0
410,2026-02-06,2,24,1,1,1,0,1,0,0
410,2026-02-07,0,24,0,0,0,0,0,0,0
410,2026-02-08,1,25,1,0,0,1,0,0,0
410,2026-02-09,2,27,2,0,1,0,0,1,0
410,2026-02-10,2,29,1,1,0,1,1,0,0
411,2026-01-14,0,0,0,0,0,0,0,0,0
411,2026-01-15,0,0,0,0,0,0,0,0,0
411,2026-01-16,0,0,0,0,0,0,0,0,0
411,2026-01-17,0,0,0,0,0,0,0,0,0
411,2026-01-18,0,0,0,0,0,0,0,0,0
411,2026-01-19,0,0,0,0,0,0,0,0,0
411,2026-01-20,0,0,0,0,0,0,0,0,0
411,2026-01-21,0,0,0,0,0,0,0,0,0
411,2026-01-22,0,0,0,0,0,0,0,0,0
411,2026-01-23,0,0,0,0,0,0,0,0,0
411,2026-01-24,0,0,0,0,0,0,0,0,0
411,2026-01-25,5,5,5,0,1,3,0,1,0
411,2026-01-26,2,7,2,0,1,1,0,0,0
411,2026-01-27,2,9,1,1,0,1,0,0,1
411,2026-01-28,1,10,1,0,1,0,0,0,0
411,2026-01-29,2,12,1,1,1,0,1,0,0
411,2026-01-30,2,14,2,0,0,2,0,0,0
411,2026-01-31,4,18,4,0,1,3,0,0,0
411,2026-02-01,9,27,4,5,3,1,4,0,1
411,2026-02-02,3,30,2,1,1,1,1,0,0
411,2026-02-03,1,31,0,1,0,0,1,0,0
411,2026-02-04,1,32,1,0,0,0,0,1,0
411,2026-02-05,3,35,3,0,0,2,0,1,0
411,2026-02-06,0,35,0,0,0,0,0,0,0
411,2026-02-07,2,37,2,0,0,1,0,1,0
411,2026-02-08,2,39,1,1,0,1,1,0,0
411,2026-02-09,1,40,1,0,0,0,0,1,0
411,2026-02-10,1,41,1,0,0,1,0,0,0
412,2026-01-14,0,0,0,0,0,0,0,0,0
412,2026-01-15,0,0,0,0,0,0,0,0,0
412,2026-01-16,0,0,0,0,0,0,0,0,0
412,2026-01-17,0,0,0,0,0,0,0,0,0
412,2026-01-18,0,0,0,0,0,0,0,0,0
412,2026-01-19,0,0,0,0,0,0,0,0,0
412,2026-01-20,0,0,0,0,0,0,0,0,0
412,2026-01-21,0,0,0,0,0,0,0,0,0
412,2026-01-22,0,0,0,0,0,0,0,0,0
412,2026-01-23,0,0,0,0,0,0,0,0,0
412,2026-01-24,0,0,0,0,0,0,0,0,0
412,2026-01-25,3,3,2,1,0,2,1,0,0
412,2026-01-26,2,5,2,0,0,2,0,0,0
412,2026-01-27,5,10,3,2,1,2,1,0,1
412,2026-01-28,6,16,5,1,3,2,1,0,0
412,2026-01-29,3,19,3,0,0,1,0,2,0
412,2026-01-30,0,19,0,0,0,0,0,0,0
412,2026-01-31,2,21,1,1,0,0,0,1,1
412,2026-02-01,2,23,2,0,0,1,0,1,0
412,2026-02-02,4,27,3,1,1,2,1,0,0
412,2026-02-03,4,31,4,0,2,2,0,0,0
412,2026-02-04,8,39,4,4,1,3,4,0,0
412,2026-02-05,4,43,2,2,2,0,2,0,0
412,2026-02-06,5,48,5,0,1,4,0,0,0
412,2026-02-07,6,54,4,2,1,3,1,0,1
412,2026-02-08,5,59,3,2,0,2,2,1,0
412,2026-02-09,0,59,0,0,0,0,0,0,0
412,2026-02-10,1,60,1,0,0,1,0,0,0
413,2026-01-14,0,0,0,0,0,0,0,0,0
413,2026-01-15,0,0,0,0,0,0,0,0,0
413,2026-01-16,0,0,0,0,0,0,0,0,0
413,2026-01-17,0,0,0,0,0,0,0,0,0
413,2026-01-18,0,0,0,0,0,0,0,0,0
413,2026-01-19,0,0,0,0,0,0,0,0,0
413,2026-01-20,0,0,0,0,0,0,0,0,0
413,2026-01-21,0,0,0,0,0,0,0,0,0
413,2026-01-22,0,0,0,0,0,0,0,0,0
413,2026-01-23,0,0,0,0,0,0,0,0,0
413,2026-01-24,0,0,0,0,0,0,0,0,0
413,2026-01-25,2,2,1,1,1,0,1,0,0
413,2026-01-26,2,4,1,1,1,0,1,0,0
413,2026-01-27,0,4,0,0,0,0,0,0,0
413,2026-01-28,5,9,4,1,3,0,0,1,1
413,2026-01-29,2,11,2,0,1,1,0,0,0
413,2026-01-30,4,15,3,1,0,2,0,1,1
413,2026-01-31,4,19,4,0,0,3,0,1,0
413,2026-02-01,2,21,2,0,0,2,0,0,0
413,2026-02-02,1,22,1,0,0,1,0,0,0
413,2026-02-03,5,27,4,1,2,2,0,0,1
413,2026-02-04,5,32,4,1,3,1,1,0,0
413,2026-02-05,3,35,3,0,1,2,0,0,0
413,2026-02-06,1,36,1,0,0,1,0,0,0
413,2026-02-07,3,39,3,0,1,1,0,1,0
413,2026-02-08,3,42,1,2,0,1,1,0,1
413,2026-02-09,3,45,2,1,1,1,1,0,0
413,2026-02-10,1,46,1,0,0,0,0,1,0
414,2026-01-14,0,0,0,0,0,0,0,0,0
414,2026-01-15,0,0,0,0,0,0,0,0,0
414,2026-01-16,0,0,0,0,0,0,0,0,0
414,2026-01-17,0,0,0,0,0,0,0,0,0
414,2026-01-18,0,0,0,0,0,0,0,0,0
414,2026-01-19,0,0,0,0,0,0,0,0,0
414,2026-01-20,0,0,0,0,0,0,0,0,0
414,2026-01-21,0,0,0,0,0,0,0,0,0
414,2026-01-22,0,0,0,0,0,0,0,0,0
414,2026-01-23,0,0,0,0,0,0,0,0,0
414,2026-01-24,0,0,0,0,0,0,0,0,0
414,2026-01-25,6,6,5,1,1,3,1,1,0
414,2026-01-26,4,10,2,2,0,2,2,0,0
414,2026-01-27,2,12,1,1,0,1,1,0,0
414,2026-01-28,4,16,3,1,3,0,1,0,0
414,2026-01-29,4,20,4,0,2,2,0,0,0
414,2026-01-30,3,23,3,0,2,1,0,0,0
414,2026-01-31,8,31,8,0,4,4,0,0,0
414,2026-02-01,4,35,3,1,1,2,1,0,0
414,2026-02-02,2,37,2,0,0,2,0,0,0
414,2026-02-03,3,40,2,1,0,2,1,0,0
414,2026-02-04,3,43,1,2,0,0,2,1,0
414,2026-02-05,4,47,2,2,0,2,1,0,1
414,2026-02-06,3,50,2,1,1,1,1,0,0
414,2026-02-07,3,53,3,0,2,1,0,0,0
414,2026-02-08,3,56,1,2,0,1,1,0,1
414,2026-02-09,7,63,6,1,2,4,1,0,0
414,2026-02-10,2,65,1,1,0,1,0,0,1
415,2026-01-14,0,0,0,0,0,0,0,0,0
415,2026-01-15,0,0,0,0,0,0,0,0,0
415,2026-01-16,0,0,0,0,0,0,0,0,0
415,2026-01-17,0,0,0,0,0,0,0,0,0
415,2026-01-18,0,0,0,0,0,0,0,0,0
415,2026-01-19,0,0,0,0,0,0,0,0,0
415,2026-01-20,0,0,0,0,0,0,0,0,0
415,2026-01-21,0,0,0,0,0,0,0,0,0
415,2026-01-22,0,0,0,0,0,0,0,0,0
415,2026-01-23,0,0,0,0,0,0,0,0,0
415,2026-01-24,0,0,0,0,0,0,0,0,0
415,2026-01-25,1,1,1,0,0,1,0,0,0
415,2026-01-26,6,7,6,0,2,4,0,0,0
415,2026-01-27,1,8,1,0,1,0,0,0,0
415,2026-01-28,3,11,3,0,1,2,0,0,0
415,2026-01-29,5,16,5,0,0,5,0,0,0
415,2026-01-30,2,18,1,1,0,1,1,0,0
415,2026-01-31,1,19,1,0,1,0,0,0,0
415,2026-02-01,0,19,0,0,0,0,0,0,0
415,2026-02-02,3,22,2,1,0,2,1,0,0
415,2026-02-03,1,23,1,0,0,1,0,0,0
415,2026-02-04,0,23,0,0,0,0,0,0,0
415,2026-02-05,1,24,1,0,1,0,0,0,0
415,2026-02-06,1,25,0,1,0,0,0,0,1
415,2026-02-07,1,26,0,1,0,0,1,0,0
415,2026-02-08,1,27,0,1,0,0,1,0,0
415,2026-02-09,2,29,2,0,1,1,0,0,0
415,2026-02-10,0,29,0,0,0,0,0,0,0
416,2026-01-14,0,0,0,0,0,0,0,0,0
416,2026-01-15,0,0,0,0,0,0,0,0,0
416,2026-01-16,0,0,0,0,0,0,0,0,0
416,2026-01-17,0,0,0,0,0,0,0,0,0
416,2026-01-18,0,0,0,0,0,0,0,0,0
416,2026-01-19,0,0,0,0,0,0,0,0,0
416,2026-01-20,0,0,0,0,0,0,0,0,0
416,2026-01-21,0,0,0,0,0,0,0,0,0
416,2026-01-22,0,0,0,0,0,0,0,0,0
416,2026-01-23,0,0,0,0,0,0,0,0,0
416,2026-01-24,0,0,0,0,0,0,0,0,0
416,2026-01-25,4,4,3,1,0,3,1,0,0
416,2026-01-26,5,9,5,0,1,3,0,1,0
416,2026-01-27,4,13,1,3,0,1,3,0,0
416,2026-01-28,2,15,2,0,1,1,0,0,0
416,2026-01-29,5,20,5,0,1,3,0,1,0
416,2026-01-30,3,23,2,1,0,2,1,0,0
416,2026-01-31,4,27,3,1,2,1,1,0,0
416,2026-02-01,6,33,3,3,0,3,2,0,1
416,2026-02-02,2,35,2,0,0,2,0,0,0
416,2026-02-03,1,36,1,0,0,1,0,0,0
416,2026-02-04,0,36,0,0,0,0,0,0,0
416,2026-02-05,0,36,0,0,0,0,0,0,0
416,2026-02-06,1,37,1,0,1,0,0,0,0
416,2026-02-07,2,39,2,0,0,1,0,1,0
416,2026-02-08,1,40,1,0,0,1,0,0,0
416,2026-02-09,2,42,1,1,0,1,1,0,0
416,2026-02-10,2,44,2,0,1,1,0,0,0
417,2026-01-14,0,0,0,0,0,0,0,0,0
417,2026-01-15,0,0,0,0,0,0,0,0,0
417,2026-01-16,0,0,0,0,0,0,0,0,0
417,2026-01-17,0,0,0,0,0,0,0,0,0
417,2026-01-18,0,0,0,0,0,0,0,0,0
417,2026-01-19,0,0,0,0,0,0,0,0,0
417,2026-01-20,0,0,0,0,0,0,0,0,0
417,2026-01-21,0,0,0,0,0,0,0,0,0
417,2026-01-22,0,0,0,0,0,0,0,0,0
417,2026-01-23,0,0,0,0,0,0,0,0,0
417,2026-01-24,0,0,0,0,0,0,0,0,0
417,2026-01-25,5,5,3,2,2,1,1,0,1
417,2026-01-26,7,12,6,1,1,4,0,1,1
417,2026-01-27,5,17,5,0,3,1,0,1,0
417,2026-01-28,3,20,2,1,1,1,1,0,0
417,2026-01-29,8,28,6,2,2,2,2,2,0
417,2026-01-30,2,30,0,2,0,0,1,0,1
417,2026-01-31,1,31,1,0,1,0,0,0,0
417,2026-02-01,1,32,1,0,0,1,0,0,0
417,2026-02-02,5,37,3,2,1,2,2,0,0
417,2026-02-03,3,40,1,2,0,1,2,0,0
417,2026-02-04,3,43,2,1,2,0,0,0,1
417,2026-02-05,1,44,1,0,0,1,0,0,0
417,2026-02-06,4,48,4,0,1,3,0,0,0
417,2026-02-07,1,49,0,1,0,0,0,0,1
417,2026-02-08,4,53,4,0,1,3,0,0,0
417,2026-02-09,1,54,1,0,0,1,0,0,0
417,2026-02-10,3,57,3,0,0,2,0,1,0
418,2026-01-14,0,0,0,0,0,0,0,0,0
418,2026-01-15,0,0,0,0,0,0,0,0,0
418,2026-01-16,0,0,0,0,0,0,0,0,0
418,2026-01-17,0,0,0,0,0,0,0,0,0
418,2026-01-18,0,0,0,0,0,0,0,0,0
418,2026-01-19,0,0,0,0,0,0,0,0,0
418,2026-01-20,0,0,0,0,0,0,0,0,0
418,2026-01-21,0,0,0,0,0,0,0,0,0
418,2026-01-22,0,0,0,0,0,0,0,0,0
418,2026-01-23,0,0,0,0,0,0,0,0,0
418,2026-01-24,0,0,0,0,0,0,0,0,0
418,2026-01-25,2,2,2,0,1,0,0,1,0
418,2026-01-26,6,8,4,2,2,2,2,0,0
418,2026-01-27,1,9,0,1,0,0,1,0,0
418,2026-01-28,1,10,1,0,0,1,0,0,0
418,2026-01-29,7,17,5,2,1,3,2,1,0
418,2026-01-30,4,21,4,0,1,2,0,1,0
418,2026-01-31,1,22,0,1,0,0,1,0,0
418,2026-02-01,5,27,4,1,3,1,1,0,0
418,2026-02-02,0,27,0,0,0,0,0,0,0
418,2026-02-03,2,29,2,0,0,2,0,0,0
418,2026-02-04,3,32,2,1,0,2,1,0,0
418,2026-02-05,3,35,3,0,0,2,0,1,0
418,2026-02-06,1,36,1,0,1,0,0,0,0
418,2026-02-07,3,39,3,0,0,3,0,0,0
418,2026-02-08,2,41,1,1,0,0,1,1,0
418,2026-02-09,4,45,2,2,1,1,2,0,0
418,2026-02-10,5,50,4,1,2,2,1,0,0
419,2026-01-14,0,0,0,0,0,0,0,0,0
419,2026-01-15,0,0,0,0,0,0,0,0,0
419,2026-01-16,0,0,0,0,0,0,0,0,0
419,2026-01-17,0,0,0,0,0,0,0,0,0
419,2026-01-18,0,0,0,0,0,0,0,0,0
419,2026-01-19,0,0,0,0,0,0,0,0,0
419,2026-01-20,0,0,0,0,0,0,0,0,0
419,2026-01-21,0,0,0,0,0,0,0,0,0
419,2026-01-22,0,0,0,0,0,0,0,0,0
419,2026-01-23,0,0,0,0,0,0,0,0,0
419,2026-01-24,0,0,0,0,0,0,0,0,0
419,2026-01-25,2,2,2,0,1,1,0,0,0
419,2026-01-26,3,5,2,1,0,2,1,0,0
419,2026-01-27,5,10,4,1,0,4,1,0,0
419,2026-01-28,2,12,2,0,0,1,0,1,0
419,2026-01-29,1,13,1,0,0,1,0,0,0
419,2026-01-30,4,17,4,0,0,4,0,0,0
419,2026-01-31,1,18,1,0,0,1,0,0,0
419,2026-02-01,2,20,2,0,1,1,0,0,0
419,2026-02-02,1,21,1,0,0,1,0,0,0
419,2026-02-03,2,23,1,1,0,1,1,0,0
419,2026-02-04,5,28,5,0,1,4,0,0,0
419,2026-02-05,0,28,0,0,0,0,0,0,0
419,2026-02-06,3,31,2,1,1,0,1,1,0
419,2026-02-07,1,32,0,1,0,0,0,0,1
419,2026-02-08,0,32,0,0,0,0,0,0,0
419,2026-02-09,0,32,0,0,0,0,0,0,0
419,2026-02-10,1,33,1,0,1,0,0,0,0
420,2026-01-14,0,0,0,0,0,0,0,0,0
420,2026-01-15,0,0,0,0,0,0,0,0,0
420,2026-01-16,0,0,0,0,0,0,0,0,0
420,2026-01-17,0,0,0,0,0,0,0,0,0
420,2026-01-18,0,0,0,0,0,0,0,0,0
420,2026-01-19,0,0,0,0,0,0,0,0,0
420,2026-01-20,0,0,0,0,0,0,0,0,0
420,2026-01-21,0,0,0,0,0,0,0,0,0
420,2026-01-22,0,0,0,0,0,0,0,0,0
420,2026-01-23,0,0,0,0,0,0,0,0,0
420,2026-01-24,0,0,0,0,0,0,0,0,0
420,2026-01-25,2,2,2,0,0,2,0,0,0
420,2026-01-26,1,3,1,0,0,1,0,0,0
420,2026-01-27,4,7,4,0,3,1,0,0,0
420,2026-01-28,4,11,3,1,0,3,0,0,1
420,2026-01-29,2,13,2,0,0,2,0,0,0
420,2026-01-30,3,16,2,1,0,2,1,0,0
420,2026-01-31,4,20,4,0,1,3,0,0,0
420,2026-02-01,1,21,1,0,1,0,0,0,0
420,2026-02-02,1,22,1,0,0,0,0,1,0
420,2026-02-03,4,26,3,1,0,3,0,0,1
420,2026-02-04,2,28,2,0,1,0,0,1,0
420,2026-02-05,3,31,2,1,1,0,1,1,0
420,2026-02-06,4,35,3,1,2,0,1,1,0
420,2026-02-07,1,36,1,0,1,0,0,0,0
420,2026-02-08,3,39,2,1,0,2,1,0,0
420,2026-02-09,1,40,1,0,0,1,0,0,0
420,2026-02-10,2,42,1,1,0,1,1,0,0
421,2026-01-14,0,0,0,0,0,0,0,0,0
421,2026-01-15,0,0,0,0,0,0,0,0,0
421,2026-01-16,0,0,0,0,0,0,0,0,0
421,2026-01-17,0,0,0,0,0,0,0,0,0
421,2026-01-18,0,0,0,0,0,0,0,0,0
421,2026-01-19,0,0,0,0,0,0,0,0,0
421,2026-01-20,0,0,0,0,0,0,0,0,0
421,2026-01-21,0,0,0,0,0,0,0,0,0
421,2026-01-22,0,0,0,0,0,0,0,0,0
421,2026-01-23,0,0,0,0,0,0,0,0,0
421,2026-01-24,0,0,0,0,0,0,0,0,0
421,2026-01-25,5,5,4,1,1,2,0,1,1
421,2026-01-26,4,9,4,0,2,2,0,0,0
421,2026-01-27,3,12,3,0,1,2,0,0,0
421,2026-01-28,3,15,2,1,0,2,1,0,0
421,2026-01-29,6,21,5,1,0,5,0,0,1
421,2026-01-30,6,27,4,2,1,3,1,0,1
421,2026-01-31,6,33,3,3,2,1,3,0,0
421,2026-02-01,2,35,1,1,0,1,0,0,1
421,2026-02-02,4,39,2,2,1,1,1,0,1
421,2026-02-03,3,42,3,0,1,2,0,0,0
421,2026-02-04,1,43,1,0,0,1,0,0,0
421,2026-02-05,4,47,3,1,0,3,1,0,0
421,2026-02-06,2,49,1,1,0,1,1,0,0
421,2026-02-07,4,53,4,0,1,3,0,0,0
421,2026-02-08,7,60,5,2,2,3,2,0,0
421,2026-02-09,5,65,4,1,1,3,1,0,0
421,2026-02-10,4,69,3,1,1,2,1,0,0
422,2026-01-14,0,0,0,0,0,0,0,0,0
422,2026-01-15,0,0,0,0,0,0,0,0,0
422,2026-01-16,0,0,0,0,0,0,0,0,0
422,2026-01-17,0,0,0,0,0,0,0,0,0
422,2026-01-18,0,0,0,0,0,0,0,0,0
422,2026-01-19,0,0,0,0,0,0,0,0,0
422,2026-01-20,0,0,0,0,0,0,0,0,0
422,2026-01-21,0,0,0,0,0,0,0,0,0
422,2026-01-22,0,0,0,0,0,0,0,0,0
422,2026-01-23,0,0,0,0,0,0,0,0,0
422,2026-01-24,0,0,0,0,0,0,0,0,0
422,2026-01-25,3,3,1,2,0,1,2,0,0
422,2026-01-26,1,4,0,1,0,0,0,0,1
422,2026-01-27,1,5,1,0,1,0,0,0,0
422,2026-01-28,6,11,4,2,3,1,1,0,1
422,2026-01-29,3,14,2,1,1,1,1,0,0
422,2026-01-30,2,16,1,1,0,1,0,0,1
422,2026-01-31,4,20,4,0,1,1,0,2,0
422,2026-02-01,1,21,0,1,0,0,1,0,0
422,2026-02-02,2,23,1,1,0,1,1,0,0
422,2026-02-03,2,25,2,0,1,1,0,0,0
422,2026-02-04,3,28,3,0,1,2,0,0,0
422,2026-02-05,2,30,1,1,0,1,0,0,1
422,2026-02-06,2,32,2,0,0,2,0,0,0
422,2026-02-07,2,34,1,1,0,0,1,1,0
422,2026-02-08,4,38,2,2,2,0,1,0,1
422,2026-02-09,1,39,1,0,0,1,0,0,0
422,2026-02-10,0,39,0,0,0,0,0,0,0
423,2026-01-14,0,0,0,0,0,0,0,0,0
423,2026-01-15,0,0,0,0,0,0,0,0,0
423,2026-01-16,0,0,0,0,0,0,0,0,0
423,2026-01-17,0,0,0,0,0,0,0,0,0
423,2026-01-18,0,0,0,0,0,0,0,0,0
423,2026-01-19,0,0,0,0,0,0,0,0,0
423,2026-01-20,0,0,0,0,0,0,0,0,0
423,2026-01-21,0,0,0,0,0,0,0,0,0
423,2026-01-22,0,0,0,0,0,0,0,0,0
423,2026-01-23,0,0,0,0,0,0,0,0,0
423,2026-01-24,0,0,0,0,0,0,0,0,0
423,2026-01-25,4,4,3,1,0,3,1,0,0
423,2026-01-26,2,6,2,0,1,1,0,0,0
423,2026-01-27,4,10,4,0,2,2,0,0,0
423,2026-01-28,8,18,7,1,3,3,1,1,0
423,2026-01-29,2,20,0,2,0,0,2,0,0
423,2026-01-30,2,22,1,1,0,0,1,1,0
423,2026-01-31,4,26,2,2,0,2,2,0,0
423,2026-02-01,0,26,0,0,0,0,0,0,0
423,2026-02-02,6,32,5,1,1,3,1,1,0
423,2026-02-03,3,35,2,1,0,1,0,1,1
423,2026-02-04,1,36,1,0,0,1,0,0,0
423,2026-02-05,3,39,2,1,2,0,1,0,0
423,2026-02-06,3,42,2,1,0,2,1,0,0
423,2026-02-07,2,44,1,1,1,0,1,0,0
423,2026-02-08,2,46,2,0,0,2,0,0,0
423,2026-02-09,0,46,0,0,0,0,0,0,0
423,2026-02-10,2,48,2,0,0,2,0,0,0
424,2026-01-14,0,0,0,0,0,0,0,0,0
424,2026-01-15,0,0,0,0,0,0,0,0,0
424,2026-01-16,0,0,0,0,0,0,0,0,0
424,2026-01-17,0,0,0,0,0,0,0,0,0
424,2026-01-18,0,0,0,0,0,0,0,0,0
424,2026-01-19,0,0,0,0,0,0,0,0,0
424,2026-01-20,0,0,0,0,0,0,0,0,0
424,2026-01-21,0,0,0,0,0,0,0,0,0
424,2026-01-22,0,0,0,0,0,0,0,0,0
424,2026-01-23,0,0,0,0,0,0,0,0,0
424,2026-01-24,0,0,0,0,0,0,0,0,0
424,2026-01-25,1,1,1,0,0,1,0,0,0
424,2026-01-26,2,3,2,0,1,1,0,0,0
424,2026-01-27,3,6,3,0,0,1,0,2,0
424,2026-01-28,3,9,2,1,1,1,1,0,0
424,2026-01-29,1,10,1,0,1,0,0,0,0
424,2026-01-30,2,12,0,2,0,0,2,0,0
424,2026-01-31,2,14,2,0,2,0,0,0,0
424,2026-02-01,3,17,1,2,0,1,2,0,0
424,2026-02-02,0,17,0,0,0,0,0,0,0
424,2026-02-03,3,20,2,1,1,1,0,0,1
424,2026-02-04,3,23,1,2,0,1,2,0,0
424,2026-02-05,2,25,1,1,1,0,1,0,0
424,2026-02-06,2,27,1,1,0,0,1,1,0
424,2026-02-07,1,28,1,0,1,0,0,0,0
424,2026-02-08,1,29,0,1,0,0,1,0,0
424,2026-02-09,0,29,0,0,0,0,0,0,0
424,2026-02-10,1,30,1,0,0,1,0,0,0
425,2026-01-14,0,0,0,0,0,0,0,0,0
425,2026-01-15,0,0,0,0,0,0,0,0,0
425,2026-01-16,0,0,0,0,0,0,0,0,0
425,2026-01-17,0,0,0,0,0,0,0,0,0
425,2026-01-18,0,0,0,0,0,0,0,0,0
425,2026-01-19,0,0,0,0,0,0,0,0,0
425,2026-01-20,0,0,0,0,0,0,0,0,0
425,2026-01-21,0,0,0,0,0,0,0,0,0
425,2026-01-22,0,0,0,0,0,0,0,0,0
425,2026-01-23,0,0,0,0,0,0,0,0,0
425,2026-01-24,0,0,0,0,0,0,0,0,0
425,2026-01-25,3,3,3,0,0,3,0,0,0
425,2026-01-26,3,6,3,0,1,1,0,1,0
425,2026-01-27,0,6,0,0,0,0,0,0,0
425,2026-01-28,2,8,2,0,1,1,0,0,0
425,2026-01-29,1,9,1,0,0,1,0,0,0
425,2026-01-30,4,13,3,1,0,3,1,0,0
425,2026-01-31,2,15,2,0,1,1,0,0,0
425,2026-02-01,3,18,3,0,0,2,0,1,0
425,2026-02-02,1,19,0,1,0,0,1,0,0
425,2026-02-03,4,23,4,0,2,2,0,0,0
425,2026-02-04,8,31,7,1,1,6,0,0,1
425,2026-02-05,3,34,2,1,1,1,1,0,0
425,2026-02-06,2,36,2,0,1,1,0,0,0
425,2026-02-07,4,40,4,0,0,3,0,1,0
425,2026-02-08,3,43,3,0,0,3,0,0,0
425,2026-02-09,2,45,1,1,1,0,1,0,0
425,2026-02-10,5,50,5,0,1,2,0,2,0
426,2026-01-14,0,0,0,0,0,0,0,0,0
426,2026-01-15,0,0,0,0,0,0,0,0,0
426,2026-01-16,0,0,0,0,0,0,0,0,0
426,2026-01-17,0,0,0,0,0,0,0,0,0
426,2026-01-18,0,0,0,0,0,0,0,0,0
426,2026-01-19,0,0,0,0,0,0,0,0,0
426,2026-01-20,0,0,0,0,0,0,0,0,0
426,2026-01-21,0,0,0,0,0,0,0,0,0
426,2026-01-22,0,0,0,0,0,0,0,0,0
426,2026-01-23,0,0,0,0,0,0,0,0,0
426,2026-01-24,0,0,0,0,0,0,0,0,0
426,2026-01-25,3,3,2,1,2,0,0,0,1
426,2026-01-26,3,6,3,0,0,3,0,0,0
426,2026-01-27,5,11,5,0,2,3,0,0,0
426,2026-01-28,5,16,5,0,3,2,0,0,0
426,2026-01-29,1,17,1,0,1,0,0,0,0
426,2026-01-30,2,19,2,0,1,1,0,0,0
426,2026-01-31,1,20,1,0,0,1,0,0,0
426,2026-02-01,3,23,2,1,1,1,0,0,1
426,2026-02-02,2,25,2,0,2,0,0,0,0
426,2026-02-03,2,27,2,0,1,0,0,1,0
426,2026-02-04,2,29,2,0,1,1,0,0,0
426,2026-02-05,2,31,2,0,0,2,0,0,0
426,2026-02-06,1,32,1,0,1,0,0,0,0
426,2026-02-07,3,35,1,2,0,0,2,1,0
426,2026-02-08,1,36,1,0,0,0,0,1,0
426,2026-02-09,6,42,4,2,2,2,2,0,0
426,2026-02-10,2,44,2,0,1,1,0,0,0
427,2026-01-14,0,0,0,0,0,0,0,0,0
427,2026-01-15,0,0,0,0,0,0,0,0,0
427,2026-01-16,0,0,0,0,0,0,0,0,0
427,2026-01-17,0,0,0,0,0,0,0,0,0
427,2026-01-18,0,0,0,0,0,0,0,0,0
427,2026-01-19,0,0,0,0,0,0,0,0,0
427,2026-01-20,0,0,0,0,0,0,0,0,0
427,2026-01-21,0,0,0,0,0,0,0,0,0
427,2026-01-22,0,0,0,0,0,0,0,0,0
427,2026-01-23,0,0,0,0,0,0,0,0,0
427,2026-01-24,0,0,0,0,0,0,0,0,0
427,2026-01-25,4,4,4,0,2,2,0,0,0
427,2026-01-26,3,7,3,0,1,2,0,0,0
427,2026-01-27,3,10,2,1,0,2,1,0,0
427,2026-01-28,1,11,0,1,0,0,1,0,0
427,2026-01-29,1,12,1,0,1,0,0,0,0
427,2026-01-30,1,13,1,0,0,1,0,0,0
427,2026-01-31,2,15,2,0,0,2,0,0,0
427,2026-02-01,2,17,1,1,0,1,0,0,1
427,2026-02-02,0,17,0,0,0,0,0,0,0
427,2026-02-03,4,21,3,1,2,1,1,0,0
427,2026-02-04,4,25,3,1,1,2,1,0,0
427,2026-02-05,0,25,0,0,0,0,0,0,0
427,2026-02-06,1,26,1,0,0,1,0,0,0
427,2026-02-07,4,30,3,1,0,3,1,0,0
427,2026-02-08,1,31,1,0,0,0,0,1,0
427,2026-02-09,1,32,0,1,0,0,1,0,0
427,2026-02-10,0,32,0,0,0,0,0,0,0
428,2026-01-14,0,0,0,0,0,0,0,0,0
428,2026-01-15,0,0,0,0,0,0,0,0,0
428,2026-01-16,0,0,0,0,0,0,0,0,0
428,2026-01-17,0,0,0,0,0,0,0,0,0
428,2026-01-18,0,0,0,0,0,0,0,0,0
428,2026-01-19,0,0,0,0,0,0,0,0,0
428,2026-01-20,0,0,0,0,0,0,0,0,0
428,2026-01-21,0,0,0,0,0,0,0,0,0
428,2026-01-22,0,0,0,0,0,0,0,0,0
428,2026-01-23,0,0,0,0,0,0,0,0,0
428,2026-01-24,0,0,0,0,0,0,0,0,0
428,2026-01-25,2,2,1,1,0,1,1,0,0
428,2026-01-26,3,5,2,1,1,1,1,0,0
428,2026-01-27,1,6,1,0,0,1,0,0,0
428,2026-01-28,3,9,3,0,1,2,0,0,0
428,2026-01-29,5,14,4,1,1,3,1,0,0
428,2026-01-30,3,17,1,2,0,1,1,0,1
428,2026-01-31,5,22,4,1,1,3,1,0,0
428,2026-02-01,3,25,3,0,0,3,0,0,0
428,2026-02-02,6,31,4,2,1,1,1,2,1
428,2026-02-03,2,33,1,1,1,0,1,0,0
428,2026-02-04,4,37,4,0,1,3,0,0,0
428,2026-02-05,4,41,4,0,2,1,0,1,0
428,2026-02-06,0,41,0,0,0,0,0,0,0
428,2026-02-07,2,43,1,1,0,1,0,0,1
428,2026-02-08,2,45,1,1,1,0,1,0,0
428,2026-02-09,1,46,1,0,0,1,0,0,0
428,2026-02-10,2,48,2,0,0,1,0,1,0
429,2026-01-14,0,0,0,0,0,0,0,0,0
429,2026-01-15,0,0,0,0,0,0,0,0,0
429,2026-01-16,0,0,0,0,0,0,0,0,0
429,2026-01-17,0,0,0,0,0,0,0,0,0
429,2026-01-18,0,0,0,0,0,0,0,0,0
429,2026-01-19,0,0,0,0,0,0,0,0,0
429,2026-01-20,0,0,0,0,0,0,0,0,0
429,2026-01-21,0,0,0,0,0,0,0,0,0
429,2026-01-22,0,0,0,0,0,0,0,0,0
429,2026-01-23,0,0,0,0,0,0,0,0,0
429,2026-01-24,0,0,0,0,0,0,0,0,0
429,2026-01-25,3,3,2,1,0,2,1,0,0
429,2026-01-26,6,9,6,0,1,5,0,0,0
429,2026-01-27,6,15,5,1,2,3,0,0,1
429,2026-01-28,6,21,5,1,1,4,1,0,0
429,2026-01-29,2,23,2,0,1,1,0,0,0
429,2026-01-30,0,23,0,0,0,0,0,0,0
429,2026-01-31,2,25,2,0,2,0,0,0,0
429,2026-02-01,3,28,3,0,0,2,0,1,0
429,2026-02-02,2,30,1,1,0,1,1,0,0
429,2026-02-03,3,33,3,0,1,2,0,0,0
429,2026-02-04,1,34,0,1,0,0,1,0,0
429,2026-02-05,5,39,5,0,2,3,0,0,0
429,2026-02-06,1,40,1,0,0,1,0,0,0
429,2026-02-07,1,41,1,0,0,1,0,0,0
429,2026-02-08,1,42,1,0,0,1,0,0,0
429,2026-02-09,2,44,2,0,1,1,0,0,0
429,2026-02-10,0,44,0,0,0,0,0,0,0
430,2026-01-14,0,0,0,0,0,0,0,0,0
430,2026-01-15,0,0,0,0,0,0,0,0,0
430,2026-01-16,0,0,0,0,0,0,0,0,0
430,2026-01-17,0,0,0,0,0,0,0,0,0
430,2026-01-18,0,0,0,0,0,0,0,0,0
430,2026-01-19,0,0,0,0,0,0,0,0,0
430,2026-01-20,0,0,0,0,0,0,0,0,0
430,2026-01-21,0,0,0,0,0,0,0,0,0
430,2026-01-22,0,0,0,0,0,0,0,0,0
430,2026-01-23,0,0,0,0,0,0,0,0,0
430,2026-01-24,0,0,0,0,0,0,0,0,0
430,2026-01-25,2,2,2,0,1,1,0,0,0
430,2026-01-26,6,8,4,2,1,3,1,0,1
430,2026-01-27,3,11,2,1,0,2,0,0,1
430,2026-01-28,6,17,4,2,0,3,2,1,0
430,2026-01-29,2,19,2,0,2,0,0,0,0
430,2026-01-30,9,28,7,2,4,1,2,2,0
430,2026-01-31,1,29,1,0,1,0,0,0,0
430,2026-02-01,1,30,1,0,0,1,0,0,0
430,2026-02-02,4,34,4,0,1,3,0,0,0
430,2026-02-03,2,36,1,1,0,0,0,1,1
430,2026-02-04,4,40,4,0,0,3,0,1,0
430,2026-02-05,2,42,2,0,0,2,0,0,0
430,2026-02-06,3,45,2,1,0,2,1,0,0
430,2026-02-07,1,46,1,0,0,0,0,1,0
430,2026-02-08,2,48,2,0,0,2,0,0,0
430,2026-02-09,2,50,2,0,0,2,0,0,0
430,2026-02-10,1,51,1,0,0,1,0,0,0
431,2026-01-14,0,0,0,0,0,0,0,0,0
431,2026-01-15,0,0,0,0,0,0,0,0,0
431,2026-01-16,0,0,0,0,0,0,0,0,0
431,2026-01-17,0,0,0,0,0,0,0,0,0
431,2026-01-18,0,0,0,0,0,0,0,0,0
431,2026-01-19,0,0,0,0,0,0,0,0,0
431,2026-01-20,0,0,0,0,0,0,0,0,0
431,2026-01-21,0,0,0,0,0,0,0,0,0
431,2026-01-22,0,0,0,0,0,0,0,0,0
431,2026-01-23,0,0,0,0,0,0,0,0,0
431,2026-01-24,0,0,0,0,0,0,0,0,0
431,2026-01-25,6,6,3,3,1,2,3,0,0
431,2026-01-26,4,10,2,2,0,2,1,0,1
431,2026-01-27,6,16,3,3,1,1,2,1,1
431,2026-01-28,4,20,4,0,1,3,0,0,0
431,2026-01-29,2,22,2,0,0,2,0,0,0
431,2026-01-30,6,28,6,0,1,5,0,0,0
431,2026-01-31,1,29,1,0,0,1,0,0,0
431,2026-02-01,4,33,2,2,1,0,1,1,1
431,2026-02-02,6,39,3,3,2,1,1,0,2
431,2026-02-03,2,41,2,0,1,1,0,0,0
431,2026-02-04,7,48,5,2,1,3,0,1,2
431,2026-02-05,3,51,2,1,0,2,1,0,0
431,2026-02-06,2,53,2,0,0,2,0,0,0
431,2026-02-07,2,55,2,0,0,2,0,0,0
431,2026-02-08,5,60,5,0,0,5,0,0,0
431,2026-02-09,2,62,2,0,1,1,0,0,0
431,2026-02-10,4,66,2,2,1,0,1,1,1
432,2026-01-14,0,0,0,0,0,0,0,0,0
432,2026-01-15,0,0,0,0,0,0,0,0,0
432,2026-01-16,0,0,0,0,0,0,0,0,0
432,2026-01-17,0,0,0,0,0,0,0,0,0
432,2026-01-18,0,0,0,0,0,0,0,0,0
432,2026-01-19,0,0,0,0,0,0,0,0,0
432,2026-01-20,0,0,0,0,0,0,0,0,0
432,2026-01-21,0,0,0,0,0,0,0,0,0
432,2026-01-22,0,0,0,0,0,0,0,0,0
432,2026-01-23,0,0,0,0,0,0,0,0,0
432,2026-01-24,0,0,0,0,0,0,0,0,0
432,2026-01-25,6,6,4,2,0,4,0,0,2
432,2026-01-26,7,13,7,0,1,3,0,3,0
432,2026-01-27,6,19,4,2,1,2,2,1,0
432,2026-01-28,3,22,3,0,0,3,0,0,0
432,2026-01-29,1,23,0,1,0,0,1,0,0
432,2026-01-30,8,31,8,0,1,7,0,0,0
432,2026-01-31,3,34,3,0,0,2,0,1,0
432,2026-02-01,3,37,3,0,1,1,0,1,0
432,2026-02-02,3,40,3,0,2,1,0,0,0
432,2026-02-03,3,43,3,0,1,1,0,1,0
432,2026-02-04,2,45,0,2,0,0,2,0,0
432,2026-02-05,4,49,3,1,2,1,1,0,0
432,2026-02-06,0,49,0,0,0,0,0,0,0
432,2026-02-07,0,49,0,0,0,0,0,0,0
432,2026-02-08,3,52,3,0,1,1,0,1,0
432,2026-02-09,1,53,1,0,0,1,0,0,0
432,2026-02-10,2,55,2,0,1,1,0,0,0
433,2026-01-14,0,0,0,0,0,0,0,0,0
433,2026-01-15,0,0,0,0,0,0,0,0,0
433,2026-01-16,0,0,0,0,0,0,0,0,0
433,2026-01-17,0,0,0,0,0,0,0,0,0
433,2026-01-18,0,0,0,0,0,0,0,0,0
433,2026-01-19,0,0,0,0,0,0,0,0,0
433,2026-01-20,0,0,0,0,0,0,0,0,0
433,2026-01-21,0,0,0,0,0,0,0,0,0
433,2026-01-22,0,0,0,0,0,0,0,0,0
433,2026-01-23,0,0,0,0,0,0,0,0,0
433,2026-01-24,0,0,0,0,0,0,0,0,0
433,2026-01-25,5,5,5,0,1,4,0,0,0
433,2026-01-26,3,8,3,0,0,3,0,0,0
433,2026-01-27,5,13,5,0,2,2,0,1,0
433,2026-01-28,13,26,10,3,2,6,3,2,0
433,2026-01-29,7,33,6,1,2,3,1,1,0
433,2026-01-30,7,40,6,1,0,5,0,1,1
433,2026-01-31,6,46,6,0,1,5,0,0,0
433,2026-02-01,7,53,6,1,1,5,1,0,0
433,2026-02-02,2,55,2,0,2,0,0,0,0
433,2026-02-03,5,60,4,1,2,1,1,1,0
433,2026-02-04,9,69,8,1,2,6,1,0,0
433,2026-02-05,2,71,2,0,2,0,0,0,0
433,2026-02-06,5,76,4,1,1,2,1,1,0
433,2026-02-07,3,79,3,0,2,1,0,0,0
433,2026-02-08,5,84,4,1,1,2,1,1,0
433,2026-02-09,5,89,3,2,0,3,2,0,0
433,2026-02-10,4,93,4,0,1,3,0,0,0
434,2026-01-14,0,0,0,0,0,0,0,0,0
434,2026-01-15,0,0,0,0,0,0,0,0,0
434,2026-01-16,0,0,0,0,0,0,0,0,0
434,2026-01-17,0,0,0,0,0,0,0,0,0
434,2026-01-18,0,0,0,0,0,0,0,0,0
434,2026-01-19,0,0,0,0,0,0,0,0,0
434,2026-01-20,0,0,0,0,0,0,0,0,0
434,2026-01-21,0,0,0,0,0,0,0,0,0
434,2026-01-22,0,0,0,0,0,0,0,0,0
434,2026-01-23,0,0,0,0,0,0,0,0,0
434,2026-01-24,0,0,0,0,0,0,0,0,0
434,2026-01-25,7,7,6,1,2,4,0,0,1
434,2026-01-26,5,12,4,1,0,4,1,0,0
434,2026-01-27,3,15,3,0,1,1,0,1,0
434,2026-01-28,3,18,2,1,2,0,0,0,1
434,2026-01-29,2,20,0,2,0,0,1,0,1
434,2026-01-30,5,25,1,4,0,1,3,0,1
434,2026-01-31,4,29,4,0,1,3,0,0,0
434,2026-02-01,3,32,3,0,0,2,0,1,0
434,2026-02-02,3,35,3,0,1,2,0,0,0
434,2026-02-03,1,36,1,0,1,0,0,0,0
434,2026-02-04,1,37,0,1,0,0,1,0,0
434,2026-02-05,3,40,3,0,1,1,0,1,0
434,2026-02-06,0,40,0,0,0,0,0,0,0
434,2026-02-07,5,45,4,1,2,1,1,1,0
434,2026-02-08,1,46,1,0,0,0,0,1,0
434,2026-02-09,0,46,0,0,0,0,0,0,0
434,2026-02-10,2,48,2,0,0,2,0,0,0
435,2026-01-14,0,0,0,0,0,0,0,0,0
435,2026-01-15,0,0,0,0,0,0,0,0,0
435,2026-01-16,0,0,0,0,0,0,0,0,0
435,2026-01-17,0,0,0,0,0,0,0,0,0
435,2026-01-18,0,0,0,0,0,0,0,0,0
435,2026-01-19,0,0,0,0,0,0,0,0,0
435,2026-01-20,0,0,0,0,0,0,0,0,0
435,2026-01-21,0,0,0,0,0,0,0,0,0
435,2026-01-22,0,0,0,0,0,0,0,0,0
435,2026-01-23,0,0,0,0,0,0,0,0,0
435,2026-01-24,0,0,0,0,0,0,0,0,0
435,2026-01-25,2,2,2,0,0,2,0,0,0
435,2026-01-26,1,3,1,0,0,1,0,0,0
435,2026-01-27,5,8,4,1,2,2,1,0,0
435,2026-01-28,3,11,3,0,2,1,0,0,0
435,2026-01-29,4,15,2,2,1,1,2,0,0
435,2026-01-30,2,17,2,0,0,2,0,0,0
435,2026-01-31,2,19,0,2,0,0,2,0,0
435,2026-02-01,2,21,1,1,1,0,1,0,0
435,2026-02-02,3,24,2,1,0,1,0,1,1
435,2026-02-03,2,26,1,1,0,1,1,0,0
435,2026-02-04,2,28,2,0,1,1,0,0,0
435,2026-02-05,1,29,0,1,0,0,1,0,0
435,2026-02-06,1,30,1,0,0,1,0,0,0
435,2026-02-07,2,32,1,1,1,0,1,0,0
435,2026-02-08,3,35,3,0,0,3,0,0,0
435,2026-02-09,4,39,4,0,1,3,0,0,0
435,2026-02-10,1,40,0,1,0,0,0,0,1
436,2026-01-14,0,0,0,0,0,0,0,0,0
436,2026-01-15,0,0,0,0,0,0,0,0,0
436,2026-01-16,0,0,0,0,0,0,0,0,0
436,2026-01-17,0,0,0,0,0,0,0,0,0
436,2026-01-18,0,0,0,0,0,0,0,0,0
436,2026-01-19,0,0,0,0,0,0,0,0,0
436,2026-01-20,0,0,0,0,0,0,0,0,0
436,2026-01-21,0,0,0,0,0,0,0,0,0
436,2026-01-22,0,0,0,0,0,0,0,0,0
436,2026-01-23,0,0,0,0,0,0,0,0,0
436,2026-01-24,0,0,0,0,0,0,0,0,0
436,2026-01-25,2,2,2,0,1,1,0,0,0
436,2026-01-26,4,6,4,0,1,2,0,1,0
436,2026-01-27,4,10,4,0,1,3,0,0,0
436,2026-01-28,4,14,4,0,0,3,0,1,0
436,2026-01-29,5,19,5,0,1,2,0,2,0
436,2026-01-30,2,21,2,0,0,2,0,0,0
436,2026-01-31,1,22,0,1,0,0,1,0,0
436,2026-02-01,4,26,2,2,0,2,1,0,1
436,2026-02-02,6,32,5,1,1,4,0,0,1
436,2026-02-03,4,36,4,0,3,1,0,0,0
436,2026-02-04,5,41,4,1,2,2,1,0,0
436,2026-02-05,2,43,1,1,0,1,0,0,1
436,2026-02-06,7,50,6,1,1,5,1,0,0
436,2026-02-07,1,51,1,0,0,0,0,1,0
436,2026-02-08,4,55,4,0,1,3,0,0,0
436,2026-02-09,1,56,1,0,1,0,0,0,0
436,2026-02-10,4,60,4,0,0,4,0,0,0
437,2026-01-14,0,0,0,0,0,0,0,0,0
437,2026-01-15,0,0,0,0,0,0,0,0,0
437,2026-01-16,0,0,0,0,0,0,0,0,0
437,2026-01-17,0,0,0,0,0,0,0,0,0
437,2026-01-18,0,0,0,0,0,0,0,0,0
437,2026-01-19,0,0,0,0,0,0,0,0,0
437,2026-01-20,0,0,0,0,0,0,0,0,0
437,2026-01-21,0,0,0,0,0,0,0,0,0
437,2026-01-22,0,0,0,0,0,0,0,0,0
437,2026-01-23,0,0,0,0,0,0,0,0,0
437,2026-01-24,0,0,0,0,0,0,0,0,0
437,2026-01-25,3,3,2,1,1,1,1,0,0
437,2026-01-26,1,4,1,0,0,1,0,0,0
437,2026-01-27,3,7,3,0,2,1,0,0,0
437,2026-01-28,1,8,1,0,0,1,0,0,0
437,2026-01-29,1,9,1,0,0,1,0,0,0
437,2026-01-30,2,11,2,0,0,1,0,1,0
437,2026-01-31,2,13,2,0,0,2,0,0,0
437,2026-02-01,2,15,1,1,1,0,1,0,0
437,2026-02-02,3,18,3,0,1,1,0,1,0
437,2026-02-03,4,22,4,0,0,2,0,2,0
437,2026-02-04,1,23,0,1,0,0,1,0,0
437,2026-02-05,2,25,2,0,1,1,0,0,0
437,2026-02-06,3,28,2,1,1,1,1,0,0
437,2026-02-07,3,31,3,0,1,2,0,0,0
437,2026-02-08,0,31,0,0,0,0,0,0,0
437,2026-02-09,2,33,2,0,0,1,0,1,0
437,2026-02-10,0,33,0,0,0,0,0,0,0
438,2026-01-14,0,0,0,0,0,0,0,0,0
438,2026-01-15,0,0,0,0,0,0,0,0,0
438,2026-01-16,0,0,0,0,0,0,0,0,0
438,2026-01-17,0,0,0,0,0,0,0,0,0
438,2026-01-18,0,0,0,0,0,0,0,0,0
438,2026-01-19,0,0,0,0,0,0,0,0,0
438,2026-01-20,0,0,0,0,0,0,0,0,0
438,2026-01-21,0,0,0,0,0,0,0,0,0
438,2026-01-22,0,0,0,0,0,0,0,0,0
438,2026-01-23,0,0,0,0,0,0,0,0,0
438,2026-01-24,0,0,0,0,0,0,0,0,0
438,2026-01-25,2,2,2,0,1,1,0,0,0
438,2026-01-26,3,5,3,0,0,2,0,1,0
438,2026-01-27,2,7,2,0,1,0,0,1,0
438,2026-01-28,1,8,1,0,0,1,0,0,0
438,2026-01-29,3,11,3,0,0,3,0,0,0
438,2026-01-30,1,12,1,0,0,1,0,0,0
438,2026-01-31,2,14,1,1,1,0,1,0,0
438,2026-02-01,2,16,2,0,2,0,0,0,0
438,2026-02-02,2,18,1,1,0,1,1,0,0
438,2026-02-03,0,18,0,0,0,0,0,0,0
438,2026-02-04,2,20,2,0,0,2,0,0,0
438,2026-02-05,0,20,0,0,0,0,0,0,0
438,2026-02-06,0,20,0,0,0,0,0,0,0
438,2026-02-07,1,21,0,1,0,0,1,0,0
438,2026-02-08,1,22,1,0,1,0,0,0,0
438,2026-02-09,3,25,1,2,0,1,2,0,0
438,2026-02-10,2,27,2,0,1,1,0,0,0
439,2026-01-14,0,0,0,0,0,0,0,0,0
439,2026-01-15,0,0,0,0,0,0,0,0,0
439,2026-01-16,0,0,0,0,0,0,0,0,0
439,2026-01-17,0,0,0,0,0,0,0,0,0
439,2026-01-18,0,0,0,0,0,0,0,0,0
439,2026-01-19,0,0,0,0,0,0,0,0,0
439,2026-01-20,0,0,0,0,0,0,0,0,0
439,2026-01-21,0,0,0,0,0,0,0,0,0
439,2026-01-22,0,0,0,0,0,0,0,0,0
439,2026-01-23,0,0,0,0,0,0,0,0,0
439,2026-01-24,0,0,0,0,0,0,0,0,0
439,2026-01-25,1,1,1,0,0,1,0,0,0
439,2026-01-26,1,2,1,0,0,1,0,0,0
439,2026-01-27,4,6,3,1,0,3,0,0,1
439,2026-01-28,5,11,5,0,2,3,0,0,0
439,2026-01-29,4,15,4,0,1,3,0,0,0
439,2026-01-30,1,16,1,0,0,1,0,0,0
439,2026-01-31,0,16,0,0,0,0,0,0,0
439,2026-02-01,0,16,0,0,0,0,0,0,0
439,2026-02-02,2,18,1,1,0,1,1,0,0
439,2026-02-03,3,21,2,1,1,1,1,0,0
439,2026-02-04,2,23,2,0,0,2,0,0,0
439,2026-02-05,1,24,0,1,0,0,1,0,0
439,2026-02-06,0,24,0,0,0,0,0,0,0
439,2026-02-07,2,26,1,1,0,0,1,1,0
439,2026-02-08,1,27,1,0,0,1,0,0,0
439,2026-02-09,2,29,1,1,0,1,1,0,0
439,2026-02-10,3,32,3,0,1,2,0,0,0
440,2026-01-14,0,0,0,0,0,0,0,0,0
440,2026-01-15,0,0,0,0,0,0,0,0,0
440,2026-01-16,0,0,0,0,0,0,0,0,0
440,2026-01-17,0,0,0,0,0,0,0,0,0
440,2026-01-18,0,0,0,0,0,0,0,0,0
440,2026-01-19,0,0,0,0,0,0,0,0,0
440,2026-01-20,0,0,0,0,0,0,0,0,0
440,2026-01-21,0,0,0,0,0,0,0,0,0
440,2026-01-22,0,0,0,0,0,0,0,0,0
440,2026-01-23,0,0,0,0,0,0,0,0,0
440,2026-01-24,0,0,0,0,0,0,0,0,0
440,2026-01-25,0,0,0,0,0,0,0,0,0
440,2026-01-26,7,7,7,0,3,4,0,0,0
440,2026-01-27,6,13,5,1,1,4,1,0,0
440,2026-01-28,3,16,3,0,0,3,0,0,0
440,2026-01-29,6,22,4,2,0,4,2,0,0
440,2026-01-30,2,24,1,1,0,1,1,0,0
440,2026-01-31,2,26,1,1,0,1,0,0,1
440,2026-02-01,1,27,1,0,1,0,0,0,0
440,2026-02-02,4,31,4,0,0,4,0,0,0
440,2026-02-03,4,35,4,0,1,3,0,0,0
440,2026-02-04,6,41,6,0,2,4,0,0,0
440,2026-02-05,5,46,4,1,1,3,1,0,0
440,2026-02-06,4,50,2,2,0,1,2,1,0
440,2026-02-07,4,54,4,0,0,3,0,1,0
440,2026-02-08,5,59,4,1,0,3,1,1,0
440,2026-02-09,6,65,6,0,1,5,0,0,0
440,2026-02-10,1,66,1,0,1,0,0,0,0
441,2026-01-14,0,0,0,0,0,0,0,0,0
441,2026-01-15,0,0,0,0,0,0,0,0,0
441,2026-01-16,0,0,0,0,0,0,0,0,0
441,2026-01-17,0,0,0,0,0,0,0,0,0
441,2026-01-18,0,0,0,0,0,0,0,0,0
441,2026-01-19,0,0,0,0,0,0,0,0,0
441,2026-01-20,0,0,0,0,0,0,0,0,0
441,2026-01-21,0,0,0,0,0,0,0,0,0
441,2026-01-22,0,0,0,0,0,0,0,0,0
441,2026-01-23,0,0,0,0,0,0,0,0,0
441,2026-01-24,0,0,0,0,0,0,0,0,0
441,2026-01-25,2,2,2,0,1,1,0,0,0
441,2026-01-26,1,3,1,0,1,0,0,0,0
441,2026-01-27,2,5,1,1,1,0,1,0,0
441,2026-01-28,3,8,2,1,1,0,1,1,0
441,2026-01-29,5,13,5,0,1,4,0,0,0
441,2026-01-30,5,18,3,2,1,2,1,0,1
441,2026-01-31,5,23,4,1,1,1,1,2,0
441,2026-02-01,2,25,2,0,0,1,0,1,0
441,2026-02-02,4,29,2,2,0,2,2,0,0
441,2026-02-03,1,30,0,1,0,0,1,0,0
441,2026-02-04,1,31,0,1,0,0,1,0,0
441,2026-02-05,3,34,0,3,0,0,2,0,1
441,2026-02-06,2,36,2,0,1,0,0,1,0
441,2026-02-07,1,37,1,0,0,1,0,0,0
441,2026-02-08,1,38,1,0,0,0,0,1,0
441,2026-02-09,1,39,1,0,0,1,0,0,0
441,2026-02-10,3,42,3,0,0,2,0,1,0
442,2026-01-14,0,0,0,0,0,0,0,0,0
442,2026-01-15,0,0,0,0,0,0,0,0,0
442,2026-01-16,0,0,0,0,0,0,0,0,0
442,2026-01-17,0,0,0,0,0,0,0,0,0
442,2026-01-18,0,0,0,0,0,0,0,0,0
442,2026-01-19,0,0,0,0,0,0,0,0,0
442,2026-01-20,0,0,0,0,0,0,0,0,0
442,2026-01-21,0,0,0,0,0,0,0,0,0
442,2026-01-22,0,0,0,0,0,0,0,0,0
442,2026-01-23,0,0,0,0,0,0,0,0,0
442,2026-01-24,0,0,0,0,0,0,0,0,0
442,2026-01-25,3,3,3,0,0,3,0,0,0
442,2026-01-26,5,8,4,1,2,2,1,0,0
442,2026-01-27,3,11,2,1,0,1,1,1,0
442,2026-01-28,3,14,2,1,0,2,1,0,0
442,2026-01-29,2,16,2,0,1,1,0,0,0
442,2026-01-30,4,20,4,0,2,1,0,1,0
442,2026-01-31,0,20,0,0,0,0,0,0,0
442,2026-02-01,5,25,4,1,2,1,0,1,1
442,2026-02-02,2,27,2,0,1,1,0,0,0
442,2026-02-03,3,30,2,1,0,2,1,0,0
442,2026-02-04,4,34,3,1,0,3,1,0,0
442,2026-02-05,0,34,0,0,0,0,0,0,0
442,2026-02-06,5,39,4,1,1,3,1,0,0
442,2026-02-07,2,41,1,1,0,1,0,0,1
442,2026-02-08,2,43,0,2,0,0,1,0,1
442,2026-02-09,1,44,1,0,1,0,0,0,0
442,2026-02-10,2,46,2,0,1,1,0,0,0
443,2026-01-14,0,0,0,0,0,0,0,0,0
443,2026-01-15,0,0,0,0,0,0,0,0,0
443,2026-01-16,0,0,0,0,0,0,0,0,0
443,2026-01-17,0,0,0,0,0,0,0,0,0
443,2026-01-18,0,0,0,0,0,0,0,0,0
443,2026-01-19,0,0,0,0,0,0,0,0,0
443,2026-01-20,0,0,0,0,0,0,0,0,0
443,2026-01-21,0,0,0,0,0,0,0,0,0
443,2026-01-22,0,0,0,0,0,0,0,0,0
443,2026-01-23,0,0,0,0,0,0,0,0,0
443,2026-01-24,0,0,0,0,0,0,0,0,0
443,2026-01-25,7,7,4,3,1,2,1,1,2
443,2026-01-26,4,11,4,0,2,2,0,0,0
443,2026-01-27,3,14,3,0,0,3,0,0,0
443,2026-01-28,3,17,3,0,1,1,0,1,0
443,2026-01-29,4,21,3,1,1,2,1,0,0
443,2026-01-30,4,25,3,1,0,3,0,0,1
443,2026-01-31,0,25,0,0,0,0,0,0,0
443,2026-02-01,0,25,0,0,0,0,0,0,0
443,2026-02-02,2,27,2,0,0,2,0,0,0
443,2026-02-03,4,31,3,1,0,2,1,1,0
443,2026-02-04,1,32,1,0,1,0,0,0,0
443,2026-02-05,2,34,1,1,0,1,1,0,0
443,2026-02-06,5,39,5,0,0,5,0,0,0
443,2026-02-07,4,43,2,2,0,2,2,0,0
443,2026-02-08,3,46,2,1,2,0,1,0,0
443,2026-02-09,3,49,3,0,2,1,0,0,0
443,2026-02-10,2,51,1,1,0,1,0,0,1
444,2026-01-14,0,0,0,0,0,0,0,0,0
444,2026-01-15,0,0,0,0,0,0,0,0,0
444,2026-01-16,0,0,0,0,0,0,0,0,0
444,2026-01-17,0,0,0,0,0,0,0,0,0
444,2026-01-18,0,0,0,0,0,0,0,0,0
444,2026-01-19,0,0,0,0,0,0,0,0,0
444,2026-01-20,0,0,0,0,0,0,0,0,0
444,2026-01-21,0,0,0,0,0,0,0,0,0
444,2026-01-22,0,0,0,0,0,0,0,0,0
444,2026-01-23,0,0,0,0,0,0,0,0,0
444,2026-01-24,0,0,0,0,0,0,0,0,0
444,2026-01-25,1,1,1,0,1,0,0,0,0
444,2026-01-26,3,4,2,1,1,1,1,0,0
444,2026-01-27,4,8,3,1,1,2,1,0,0
444,2026-01-28,3,11,1,2,0,1,2,0,0
444,2026-01-29,1,12,1,0,0,1,0,0,0
444,2026-01-30,1,13,1,0,0,0,0,1,0
444,2026-01-31,2,15,0,2,0,0,2,0,0
444,2026-02-01,2,17,2,0,1,1,0,0,0
444,2026-02-02,3,20,3,0,0,2,0,1,0
444,2026-02-03,1,21,1,0,1,0,0,0,0
444,2026-02-04,1,22,1,0,0,1,0,0,0
444,2026-02-05,3,25,1,2,0,1,1,0,1
444,2026-02-06,2,27,1,1,0,1,1,0,0
444,2026-02-07,0,27,0,0,0,0,0,0,0
444,2026-02-08,0,27,0,0,0,0,0,0,0
444,2026-02-09,3,30,2,1,0,1,0,1,1
444,2026-02-10,1,31,1,0,0,1,0,0,0
445,2026-01-14,0,0,0,0,0,0,0,0,0
445,2026-01-15,0,0,0,0,0,0,0,0,0
445,2026-01-16,0,0,0,0,0,0,0,0,0
445,2026-01-17,0,0,0,0,0,0,0,0,0
445,2026-01-18,0,0,0,0,0,0,0,0,0
445,2026-01-19,0,0,0,0,0,0,0,0,0
445,2026-01-20,0,0,0,0,0,0,0,0,0
445,2026-01-21,0,0,0,0,0,0,0,0,0
445,2026-01-22,0,0,0,0,0,0,0,0,0
445,2026-01-23,0,0,0,0,0,0,0,0,0
445,2026-01-24,0,0,0,0,0,0,0,0,0
445,2026-01-25,4,4,3,1,1,2,1,0,0
445,2026-01-26,2,6,2,0,0,2,0,0,0
445,2026-01-27,4,10,4,0,1,2,0,1,0
445,2026-01-28,3,13,2,1,2,0,1,0,0
445,2026-01-29,4,17,2,2,0,2,2,0,0
445,2026-01-30,1,18,1,0,0,1,0,0,0
445,2026-01-31,2,20,2,0,0,0,0,2,0
445,2026-02-01,3,23,3,0,2,1,0,0,0
445,2026-02-02,2,25,2,0,1,1,0,0,0
445,2026-02-03,6,31,5,1,3,2,0,0,1
445,2026-02-04,5,36,3,2,1,2,1,0,1
445,2026-02-05,5,41,4,1,2,1,1,1,0
445,2026-02-06,4,45,2,2,0,1,0,1,2
445,2026-02-07,3,48,2,1,1,1,1,0,0
445,2026-02-08,2,50,1,1,0,1,1,0,0
445,2026-02-09,2,52,2,0,1,1,0,0,0
445,2026-02-10,0,52,0,0,0,0,0,0,0
446,2026-01-14,0,0,0,0,0,0,0,0,0
446,2026-01-15,0,0,0,0,0,0,0,0,0
446,2026-01-16,0,0,0,0,0,0,0,0,0
446,2026-01-17,0,0,0,0,0,0,0,0,0
446,2026-01-18,0,0,0,0,0,0,0,0,0
446,2026-01-19,0,0,0,0,0,0,0,0,0
446,2026-01-20,0,0,0,0,0,0,0,0,0
446,2026-01-21,0,0,0,0,0,0,0,0,0
446,2026-01-22,0,0,0,0,0,0,0,0,0
446,2026-01-23,0,0,0,0,0,0,0,0,0
446,2026-01-24,0,0,0,0,0,0,0,0,0
446,2026-01-25,2,2,2,0,1,0,0,1,0
446,2026-01-26,6,8,4,2,0,4,2,0,0
446,2026-01-27,3,11,3,0,1,2,0,0,0
446,2026-01-28,2,13,1,1,1,0,1,0,0
446,2026-01-29,7,20,7,0,5,2,0,0,0
446,2026-01-30,3,23,2,1,0,2,1,0,0
446,2026-01-31,3,26,3,0,1,1,0,1,0
446,2026-02-01,2,28,2,0,0,2,0,0,0
446,2026-02-02,2,30,1,1,0,1,1,0,0
446,2026-02-03,2,32,2,0,0,1,0,1,0
446,2026-02-04,2,34,1,1,0,1,0,0,1
446,2026-02-05,2,36,1,1,0,0,1,1,0
446,2026-02-06,3,39,1,2,0,1,2,0,0
446,2026-02-07,2,41,1,1,0,1,0,0,1
446,2026-02-08,2,43,2,0,0,2,0,0,0
446,2026-02-09,4,47,3,1,0,3,1,0,0
446,2026-02-10,1,48,1,0,0,1,0,0,0
447,2026-01-14,0,0,0,0,0,0,0,0,0
447,2026-01-15,0,0,0,0,0,0,0,0,0
447,2026-01-16,0,0,0,0,0,0,0,0,0
447,2026-01-17,0,0,0,0,0,0,0,0,0
447,2026-01-18,0,0,0,0,0,0,0,0,0
447,2026-01-19,0,0,0,0,0,0,0,0,0
447,2026-01-20,0,0,0,0,0,0,0,0,0
447,2026-01-21,0,0,0,0,0,0,0,0,0
447,2026-01-22,0,0,0,0,0,0,0,0,0
447,2026-01-23,0,0,0,0,0,0,0,0,0
447,2026-01-24,0,0,0,0,0,0,0,0,0
447,2026-01-25,2,2,2,0,1,0,0,1,0
447,2026-01-26,1,3,1,0,1,0,0,0,0
447,2026-01-27,5,8,4,1,2,2,1,0,0
447,2026-01-28,4,12,4,0,2,2,0,0,0
447,2026-01-29,0,12,0,0,0,0,0,0,0
447,2026-01-30,1,13,1,0,0,1,0,0,0
447,2026-01-31,1,14,1,0,1,0,0,0,0
447,2026-02-01,3,17,3,0,0,1,0,2,0
447,2026-02-02,3,20,2,1,0,1,0,1,1
447,2026-02-03,1,21,1,0,1,0,0,0,0
447,2026-02-04,7,28,6,1,1,5,1,0,0
447,2026-02-05,1,29,1,0,0,1,0,0,0
447,2026-02-06,5,34,5,0,0,5,0,0,0
447,2026-02-07,5,39,5,0,0,4,0,1,0
447,2026-02-08,2,41,2,0,0,2,0,0,0
447,2026-02-09,4,45,3,1,0,2,1,1,0
447,2026-02-10,2,47,1,1,0,1,1,0,0
448,2026-01-14,0,0,0,0,0,0,0,0,0
448,2026-01-15,0,0,0,0,0,0,0,0,0
448,2026-01-16,0,0,0,0,0,0,0,0,0
448,2026-01-17,0,0,0,0,0,0,0,0,0
448,2026-01-18,0,0,0,0,0,0,0,0,0
448,2026-01-19,0,0,0,0,0,0,0,0,0
448,2026-01-20,0,0,0,0,0,0,0,0,0
448,2026-01-21,0,0,0,0,0,0,0,0,0
448,2026-01-22,0,0,0,0,0,0,0,0,0
448,2026-01-23,0,0,0,0,0,0,0,0,0
448,2026-01-24,0,0,0,0,0,0,0,0,0
448,2026-01-25,2,2,0,2,0,0,2,0,0
448,2026-01-26,3,5,3,0,1,2,0,0,0
448,2026-01-27,4,9,4,0,1,3,0,0,0
448,2026-01-28,1,10,1,0,0,0,0,1,0
448,2026-01-29,3,13,2,1,1,1,1,0,0
448,2026-01-30,1,14,1,0,1,0,0,0,0
448,2026-01-31,1,15,1,0,0,1,0,0,0
448,2026-02-01,1,16,0,1,0,0,1,0,0
448,2026-02-02,3,19,3,0,1,2,0,0,0
448,2026-02-03,1,20,0,1,0,0,0,0,1
448,2026-02-04,3,23,2,1,1,1,1,0,0
448,2026-02-05,2,25,2,0,1,1,0,0,0
448,2026-02-06,1,26,1,0,1,0,0,0,0
448,2026-02-07,2,28,2,0,0,2,0,0,0
448,2026-02-08,1,29,1,0,0,1,0,0,0
448,2026-02-09,1,30,0,1,0,0,1,0,0
448,2026-02-10,2,32,2,0,0,2,0,0,0
449,2026-01-14,0,0,0,0,0,0,0,0,0
449,2026-01-15,0,0,0,0,0,0,0,0,0
449,2026-01-16,0,0,0,0,0,0,0,0,0
449,2026-01-17,0,0,0,0,0,0,0,0,0
449,2026-01-18,0,0,0,0,0,0,0,0,0
449,2026-01-19,0,0,0,0,0,0,0,0,0
449,2026-01-20,0,0,0,0,0,0,0,0,0
449,2026-01-21,0,0,0,0,0,0,0,0,0
449,2026-01-22,0,0,0,0,0,0,0,0,0
449,2026-01-23,0,0,0,0,0,0,0,0,0
449,2026-01-24,0,0,0,0,0,0,0,0,0
449,2026-01-25,5,5,5,0,0,4,0,1,0
449,2026-01-26,2,7,2,0,1,1,0,0,0
449,2026-01-27,0,7,0,0,0,0,0,0,0
449,2026-01-28,2,9,2,0,0,2,0,0,0
449,2026-01-29,5,14,4,1,0,4,1,0,0
449,2026-01-30,3,17,3,0,0,3,0,0,0
449,2026-01-31,2,19,2,0,1,1,0,0,0
449,2026-02-01,2,21,2,0,0,1,0,1,0
449,2026-02-02,5,26,1,4,1,0,4,0,0
449,2026-02-03,1,27,1,0,1,0,0,0,0
449,2026-02-04,2,29,2,0,0,2,0,0,0
449,2026-02-05,4,33,4,0,1,3,0,0,0
449,2026-02-06,4,37,2,2,1,1,2,0,0
449,2026-02-07,3,40,3,0,1,2,0,0,0
449,2026-02-08,3,43,2,1,0,2,1,0,0
449,2026-02-09,3,46,1,2,0,0,1,1,1
449,2026-02-10,1,47,1,0,0,1,0,0,0
450,2026-01-14,0,0,0,0,0,0,0,0,0
450,2026-01-15,0,0,0,0,0,0,0,0,0
450,2026-01-16,0,0,0,0,0,0,0,0,0
450,2026-01-17,0,0,0,0,0,0,0,0,0
450,2026-01-18,0,0,0,0,0,0,0,0,0
450,2026-01-19,0,0,0,0,0,0,0,0,0
450,2026-01-20,0,0,0,0,0,0,0,0,0
450,2026-01-21,0,0,0,0,0,0,0,0,0
450,2026-01-22,0,0,0,0,0,0,0,0,0
450,2026-01-23,0,0,0,0,0,0,0,0,0
450,2026-01-24,0,0,0,0,0,0,0,0,0
450,2026-01-25,4,4,2,2,1,0,2,1,0
450,2026-01-26,2,6,1,1,1,0,0,0,1
450,2026-01-27,1,7,1,0,0,1,0,0,0
450,2026-01-28,2,9,2,0,1,1,0,0,0
450,2026-01-29,1,10,1,0,0,1,0,0,0
450,2026-01-30,4,14,4,0,2,2,0,0,0
450,2026-01-31,1,15,1,0,0,1,0,0,0
450,2026-02-01,1,16,1,0,0,1,0,0,0
450,2026-02-02,2,18,1,1,0,1,1,0,0
450,2026-02-03,3,21,2,1,1,1,0,0,1
450,2026-02-04,1,22,1,0,0,1,0,0,0
450,2026-02-05,1,23,1,0,0,1,0,0,0
450,2026-02-06,1,24,0,1,0,0,1,0,0
450,2026-02-07,4,28,3,1,1,2,1,0,0
450,2026-02-08,1,29,1,0,0,1,0,0,0
450,2026-02-09,0,29,0,0,0,0,0,0,0
450,2026-02-10,1,30,1,0,1,0,0,0,0
451,2026-01-14,0,0,0,0,0,0,0,0,0
451,2026-01-15,0,0,0,0,0,0,0,0,0
451,2026-01-16,0,0,0,0,0,0,0,0,0
451,2026-01-17,0,0,0,0,0,0,0,0,0
451,2026-01-18,0,0,0,0,0,0,0,0,0
451,2026-01-19,0,0,0,0,0,0,0,0,0
451,2026-01-20,0,0,0,0,0,0,0,0,0
451,2026-01-21,0,0,0,0,0,0,0,0,0
451,2026-01-22,0,0,0,0,0,0,0,0,0
451,2026-01-23,0,0,0,0,0,0,0,0,0
451,2026-01-24,0,0,0,0,0,0,0,0,0
451,2026-01-25,7,7,6,1,2,4,1,0,0
451,2026-01-26,3,10,3,0,0,2,0,1,0
451,2026-01-27,7,17,6,1,2,3,1,1,0
451,2026-01-28,3,20,3,0,1,2,0,0,0
451,2026-01-29,4,24,3,1,0,3,0,0,1
451,2026-01-30,4,28,3,1,1,2,0,0,1
451,2026-01-31,5,33,5,0,4,1,0,0,0
451,2026-02-01,5,38,4,1,2,1,1,1,0
451,2026-02-02,3,41,1,2,0,0,1,1,1
451,2026-02-03,8,49,8,0,2,6,0,0,0
451,2026-02-04,3,52,3,0,1,1,0,1,0
451,2026-02-05,4,56,3,1,1,1,1,1,0
451,2026-02-06,5,61,5,0,0,5,0,0,0
451,2026-02-07,6,67,6,0,3,3,0,0,0
451,2026-02-08,3,70,1,2,0,1,2,0,0
451,2026-02-09,4,74,4,0,2,2,0,0,0
451,2026-02-10,1,75,1,0,1,0,0,0,0
452,2026-01-14,0,0,0,0,0,0,0,0,0
452,2026-01-15,0,0,0,0,0,0,0,0,0
452,2026-01-16,0,0,0,0,0,0,0,0,0
452,2026-01-17,0,0,0,0,0,0,0,0,0
452,2026-01-18,0,0,0,0,0,0,0,0,0
452,2026-01-19,0,0,0,0,0,0,0,0,0
452,2026-01-20,0,0,0,0,0,0,0,0,0
452,2026-01-21,0,0,0,0,0,0,0,0,0
452,2026-01-22,0,0,0,0,0,0,0,0,0
452,2026-01-23,0,0,0,0,0,0,0,0,0
452,2026-01-24,0,0,0,0,0,0,0,0,0
452,2026-01-25,3,3,3,0,2,0,0,1,0
452,2026-01-26,4,7,3,1,2,1,1,0,0
452,2026-01-27,1,8,1,0,0,1,0,0,0
452,2026-01-28,3,11,2,1,0,2,1,0,0
452,2026-01-29,5,16,5,0,1,4,0,0,0
452,2026-01-30,1,17,0,1,0,0,1,0,0
452,2026-01-31,1,18,1,0,1,0,0,0,0
452,2026-02-01,2,20,2,0,1,0,0,1,0
452,2026-02-02,2,22,2,0,0,2,0,0,0
452,2026-02-03,2,24,1,1,1,0,1,0,0
452,2026-02-04,1,25,0,1,0,0,1,0,0
452,2026-02-05,2,27,2,0,0,2,0,0,0
452,2026-02-06,0,27,0,0,0,0,0,0,0
452,2026-02-07,2,29,2,0,0,2,0,0,0
452,2026-02-08,3,32,3,0,2,1,0,0,0
452,2026-02-09,3,35,3,0,1,2,0,0,0
452,2026-02-10,2,37,1,1,1,0,0,0,1
453,2026-01-14,0,0,0,0,0,0,0,0,0
453,2026-01-15,0,0,0,0,0,0,0,0,0
453,2026-01-16,0,0,0,0,0,0,0,0,0
453,2026-01-17,0,0,0,0,0,0,0,0,0
453,2026-01-18,0,0,0,0,0,0,0,0,0
453,2026-01-19,0,0,0,0,0,0,0,0,0
453,2026-01-20,0,0,0,0,0,0,0,0,0
453,2026-01-21,0,0,0,0,0,0,0,0,0
453,2026-01-22,0,0,0,0,0,0,0,0,0
453,2026-01-23,0,0,0,0,0,0,0,0,0
453,2026-01-24,0,0,0,0,0,0,0,0,0
453,2026-01-25,4,4,3,1,2,1,1,0,0
453,2026-01-26,2,6,2,0,0,2,0,0,0
453,2026-01-27,4,10,4,0,1,3,0,0,0
453,2026-01-28,2,12,2,0,0,2,0,0,0
453,2026-01-29,3,15,2,1,1,1,0,0,1
453,2026-01-30,4,19,2,2,0,1,2,1,0
453,2026-01-31,4,23,3,1,1,2,1,0,0
453,2026-02-01,0,23,0,0,0,0,0,0,0
453,2026-02-02,2,25,2,0,1,1,0,0,0
453,2026-02-03,1,26,1,0,0,0,0,1,0
453,2026-02-04,3,29,2,1,0,2,0,0,1
453,2026-02-05,2,31,2,0,1,1,0,0,0
453,2026-02-06,1,32,1,0,0,1,0,0,0
453,2026-02-07,1,33,0,1,0,0,1,0,0
453,2026-02-08,2,35,1,1,0,1,1,0,0
453,2026-02-09,4,39,4,0,1,3,0,0,0
453,2026-02-10,0,39,0,0,0,0,0,0,0
454,2026-01-14,0,0,0,0,0,0,0,0,0
454,2026-01-15,0,0,0,0,0,0,0,0,0
454,2026-01-16,0,0,0,0,0,0,0,0,0
454,2026-01-17,0,0,0,0,0,0,0,0,0
454,2026-01-18,0,0,0,0,0,0,0,0,0
454,2026-01-19,0,0,0,0,0,0,0,0,0
454,2026-01-20,0,0,0,0,0,0,0,0,0
454,2026-01-21,0,0,0,0,0,0,0,0,0
454,2026-01-22,0,0,0,0,0,0,0,0,0
454,2026-01-23,0,0,0,0,0,0,0,0,0
454,2026-01-24,0,0,0,0,0,0,0,0,0
454,2026-01-25,1,1,1,0,1,0,0,0,0
454,2026-01-26,4,5,3,1,2,1,1,0,0
454,2026-01-27,4,9,4,0,4,0,0,0,0
454,2026-01-28,1,10,1,0,0,1,0,0,0
454,2026-01-29,3,13,2,1,2,0,0,0,1
454,2026-01-30,2,15,0,2,0,0,1,0,1
454,2026-01-31,2,17,1,1,1,0,0,0,1
454,2026-02-01,4,21,4,0,2,1,0,1,0
454,2026-02-02,1,22,1,0,0,1,0,0,0
454,2026-02-03,1,23,1,0,0,1,0,0,0
454,2026-02-04,2,25,2,0,0,2,0,0,0
454,2026-02-05,4,29,0,4,0,0,4,0,0
454,2026-02-06,3,32,3,0,0,2,0,1,0
454,2026-02-07,5,37,3,2,0,3,1,0,1
454,2026-02-08,2,39,1,1,0,1,1,0,0
454,2026-02-09,3,42,2,1,0,2,1,0,0
454,2026-02-10,0,42,0,0,0,0,0,0,0
455,2026-01-14,0,0,0,0,0,0,0,0,0
455,2026-01-15,0,0,0,0,0,0,0,0,0
455,2026-01-16,0,0,0,0,0,0,0,0,0
455,2026-01-17,0,0,0,0,0,0,0,0,0
455,2026-01-18,0,0,0,0,0,0,0,0,0
455,2026-01-19,0,0,0,0,0,0,0,0,0
455,2026-01-20,0,0,0,0,0,0,0,0,0
455,2026-01-21,0,0,0,0,0,0,0,0,0
455,2026-01-22,0,0,0,0,0,0,0,0,0
455,2026-01-23,0,0,0,0,0,0,0,0,0
455,2026-01-24,0,0,0,0,0,0,0,0,0
455,2026-01-25,4,4,3,1,1,2,0,0,1
455,2026-01-26,2,6,1,1,0,1,1,0,0
455,2026-01-27,5,11,3,2,1,2,2,0,0
455,2026-01-28,7,18,7,0,3,3,0,1,0
455,2026-01-29,3,21,2,1,0,1,1,1,0
455,2026-01-30,5,26,4,1,2,2,1,0,0
455,2026-01-31,3,29,1,2,0,1,2,0,0
455,2026-02-01,3,32,3,0,1,1,0,1,0
455,2026-02-02,9,41,6,3,3,3,2,0,1
455,2026-02-03,5,46,4,1,2,2,0,0,1
455,2026-02-04,1,47,0,1,0,0,1,0,0
455,2026-02-05,3,50,2,1,1,1,1,0,0
455,2026-02-06,4,54,4,0,2,2,0,0,0
455,2026-02-07,4,58,2,2,2,0,2,0,0
455,2026-02-08,3,61,3,0,0,3,0,0,0
455,2026-02-09,6,67,3,3,0,2,3,1,0
455,2026-02-10,3,70,2,1,1,1,0,0,1
456,2026-01-14,0,0,0,0,0,0,0,0,0
456,2026-01-15,0,0,0,0,0,0,0,0,0
456,2026-01-16,0,0,0,0,0,0,0,0,0
456,2026-01-17,0,0,0,0,0,0,0,0,0
456,2026-01-18,0,0,0,0,0,0,0,0,0
456,2026-01-19,0,0,0,0,0,0,0,0,0
456,2026-01-20,0,0,0,0,0,0,0,0,0
456,2026-01-21,0,0,0,0,0,0,0,0,0
456,2026-01-22,0,0,0,0,0,0,0,0,0
456,2026-01-23,0,0,0,0,0,0,0,0,0
456,2026-01-24,0,0,0,0,0,0,0,0,0
456,2026-01-25,4,4,4,0,0,4,0,0,0
456,2026-01-26,3,7,3,0,1,1,0,1,0
456,2026-01-27,2,9,2,0,0,2,0,0,0
456,2026-01-28,0,9,0,0,0,0,0,0,0
456,2026-01-29,4,13,4,0,1,3,0,0,0
456,2026-01-30,2,15,2,0,2,0,0,0,0
456,2026-01-31,1,16,0,1,0,0,1,0,0
456,2026-02-01,5,21,3,2,2,1,1,0,1
456,2026-02-02,2,23,2,0,0,2,0,0,0
456,2026-02-03,6,29,4,2,2,1,1,1,1
456,2026-02-04,3,32,2,1,1,0,1,1,0
456,2026-02-05,3,35,3,0,1,2,0,0,0
456,2026-02-06,3,38,0,3,0,0,1,0,2
456,2026-02-07,2,40,0,2,0,0,1,0,1
456,2026-02-08,2,42,2,0,1,1,0,0,0
456,2026-02-09,0,42,0,0,0,0,0,0,0
456,2026-02-10,0,42,0,0,0,0,0,0,0
457,2026-01-14,0,0,0,0,0,0,0,0,0
457,2026-01-15,0,0,0,0,0,0,0,0,0
457,2026-01-16,0,0,0,0,0,0,0,0,0
457,2026-01-17,0,0,0,0,0,0,0,0,0
457,2026-01-18,0,0,0,0,0,0,0,0,0
457,2026-01-19,0,0,0,0,0,0,0,0,0
457,2026-01-20,0,0,0,0,0,0,0,0,0
457,2026-01-21,0,0,0,0,0,0,0,0,0
457,2026-01-22,0,0,0,0,0,0,0,0,0
457,2026-01-23,0,0,0,0,0,0,0,0,0
457,2026-01-24,0,0,0,0,0,0,0,0,0
457,2026-01-25,3,3,1,2,1,0,2,0,0
457,2026-01-26,9,12,3,6,0,3,4,0,2
457,2026-01-27,4,16,2,2,0,1,1,1,1
457,2026-01-28,9,25,5,4,3,2,4,0,0
457,2026-01-29,2,27,1,1,0,1,0,0,1
457,2026-01-30,4,31,3,1,1,2,1,0,0
457,2026-01-31,5,36,4,1,3,1,1,0,0
457,2026-02-01,3,39,3,0,3,0,0,0,0
457,2026-02-02,4,43,2,2,1,0,2,1,0
457,2026-02-03,3,46,3,0,0,1,0,2,0
457,2026-02-04,3,49,3,0,0,1,0,2,0
457,2026-02-05,7,56,6,1,1,5,0,0,1
457,2026-02-06,2,58,2,0,1,0,0,1,0
457,2026-02-07,0,58,0,0,0,0,0,0,0
457,2026-02-08,2,60,2,0,0,1,0,1,0
457,2026-02-09,2,62,2,0,1,1,0,0,0
457,2026-02-10,4,66,4,0,1,3,0,0,0
458,2026-01-14,0,0,0,0,0,0,0,0,0
458,2026-01-15,0,0,0,0,0,0,0,0,0
458,2026-01-16,0,0,0,0,0,0,0,0,0
458,2026-01-17,0,0,0,0,0,0,0,0,0
458,2026-01-18,0,0,0,0,0,0,0,0,0
458,2026-01-19,0,0,0,0,0,0,0,0,0
458,2026-01-20,0,0,0,0,0,0,0,0,0
458,2026-01-21,0,0,0,0,0,0,0,0,0
458,2026-01-22,0,0,0,0,0,0,0,0,0
458,2026-01-23,0,0,0,0,0,0,0,0,0
458,2026-01-24,0,0,0,0,0,0,0,0,0
458,2026-01-25,6,6,3,3,1,2,1,0,2
458,2026-01-26,1,7,1,0,1,0,0,0,0
458,2026-01-27,2,9,2,0,1,1,0,0,0
458,2026-01-28,3,12,1,2,0,0,1,1,1
458,2026-01-29,1,13,1,0,1,0,0,0,0
458,2026-01-30,3,16,2,1,2,0,1,0,0
458,2026-01-31,1,17,0,1,0,0,1,0,0
458,2026-02-01,1,18,1,0,1,0,0,0,0
458,2026-02-02,1,19,0,1,0,0,1,0,0
458,2026-02-03,2,21,2,0,0,2,0,0,0
458,2026-02-04,5,26,5,0,1,4,0,0,0
458,2026-02-05,2,28,1,1,0,1,1,0,0
458,2026-02-06,1,29,0,1,0,0,1,0,0
458,2026-02-07,1,30,1,0,0,1,0,0,0
458,2026-02-08,0,30,0,0,0,0,0,0,0
458,2026-02-09,1,31,1,0,0,1,0,0,0
458,2026-02-10,2,33,2,0,0,2,0,0,0
459,2026-01-14,0,0,0,0,0,0,0,0,0
459,2026-01-15,0,0,0,0,0,0,0,0,0
459,2026-01-16,0,0,0,0,0,0,0,0,0
459,2026-01-17,0,0,0,0,0,0,0,0,0
459,2026-01-18,0,0,0,0,0,0,0,0,0
459,2026-01-19,0,0,0,0,0,0,0,0,0
459,2026-01-20,0,0,0,0,0,0,0,0,0
459,2026-01-21,0,0,0,0,0,0,0,0,0
459,2026-01-22,0,0,0,0,0,0,0,0,0
459,2026-01-23,0,0,0,0,0,0,0,0,0
459,2026-01-24,0,0,0,0,0,0,0,0,0
459,2026-01-25,3,3,1,2,1,0,1,0,1
459,2026-01-26,3,6,3,0,0,2,0,1,0
459,2026-01-27,2,8,1,1,0,1,0,0,1
459,2026-01-28,6,14,3,3,0,3,2,0,1
459,2026-01-29,3,17,2,1,0,1,1,1,0
459,2026-01-30,1,18,1,0,0,1,0,0,0
459,2026-01-31,4,22,4,0,1,3,0,0,0
459,2026-02-01,3,25,2,1,0,2,1,0,0
459,2026-02-02,0,25,0,0,0,0,0,0,0
459,2026-02-03,2,27,2,0,0,2,0,0,0
459,2026-02-04,3,30,2,1,2,0,1,0,0
459,2026-02-05,4,34,2,2,2,0,1,0,1
459,2026-02-06,2,36,2,0,1,1,0,0,0
459,2026-02-07,0,36,0,0,0,0,0,0,0
459,2026-02-08,6,42,5,1,1,4,1,0,0
459,2026-02-09,2,44,2,0,1,1,0,0,0
459,2026-02-10,1,45,1,0,0,1,0,0,0
460,2026-01-14,0,0,0,0,0,0,0,0,0
460,2026-01-15,0,0,0,0,0,0,0,0,0
460,2026-01-16,0,0,0,0,0,0,0,0,0
460,2026-01-17,0,0,0,0,0,0,0,0,0
460,2026-01-18,0,0,0,0,0,0,0,0,0
460,2026-01-19,0,0,0,0,0,0,0,0,0
460,2026-01-20,0,0,0,0,0,0,0,0,0
460,2026-01-21,0,0,0,0,0,0,0,0,0
460,2026-01-22,0,0,0,0,0,0,0,0,0
460,2026-01-23,0,0,0,0,0,0,0,0,0
460,2026-01-24,0,0,0,0,0,0,0,0,0
460,2026-01-25,3,3,2,1,1,1,1,0,0
460,2026-01-26,3,6,3,0,1,2,0,0,0
460,2026-01-27,5,11,3,2,1,2,2,0,0
460,2026-01-28,2,13,1,1,1,0,1,0,0
460,2026-01-29,1,14,1,0,0,1,0,0,0
460,2026-01-30,1,15,1,0,0,1,0,0,0
460,2026-01-31,1,16,1,0,0,1,0,0,0
460,2026-02-01,2,18,2,0,0,2,0,0,0
460,2026-02-02,1,19,1,0,1,0,0,0,0
460,2026-02-03,2,21,2,0,1,1,0,0,0
460,2026-02-04,2,23,2,0,1,1,0,0,0
460,2026-02-05,5,28,5,0,0,4,0,1,0
460,2026-02-06,3,31,3,0,1,2,0,0,0
460,2026-02-07,1,32,1,0,0,1,0,0,0
460,2026-02-08,1,33,1,0,0,0,0,1,0
460,2026-02-09,3,36,3,0,0,3,0,0,0
460,2026-02-10,1,37,1,0,0,1,0,0,0
461,2026-01-14,0,0,0,0,0,0,0,0,0
461,2026-01-15,0,0,0,0,0,0,0,0,0
461,2026-01-16,0,0,0,0,0,0,0,0,0
461,2026-01-17,0,0,0,0,0,0,0,0,0
461,2026-01-18,0,0,0,0,0,0,0,0,0
461,2026-01-19,0,0,0,0,0,0,0,0,0
461,2026-01-20,0,0,0,0,0,0,0,0,0
461,2026-01-21,0,0,0,0,0,0,0,0,0
461,2026-01-22,0,0,0,0,0,0,0,0,0
461,2026-01-23,0,0,0,0,0,0,0,0,0
461,2026-01-24,0,0,0,0,0,0,0,0,0
461,2026-01-25,3,3,3,0,0,3,0,0,0
461,2026-01-26,3,6,2,1,1,1,1,0,0
461,2026-01-27,1,7,0,1,0,0,1,0,0
461,2026-01-28,2,9,2,0,1,0,0,1,0
461,2026-01-29,8,17,6,2,4,2,1,0,1
461,2026-01-30,3,20,3,0,2,1,0,0,0
461,2026-01-31,2,22,1,1,0,1,1,0,0
461,2026-02-01,4,26,3,1,2,1,0,0,1
461,2026-02-02,2,28,1,1,0,1,1,0,0
461,2026-02-03,2,30,2,0,0,1,0,1,0
461,2026-02-04,4,34,4,0,2,2,0,0,0
461,2026-02-05,4,38,3,1,0,3,1,0,0
461,2026-02-06,3,41,3,0,1,2,0,0,0
461,2026-02-07,3,44,2,1,1,1,1,0,0
461,2026-02-08,2,46,2,0,0,1,0,1,0
461,2026-02-09,4,50,4,0,2,1,0,1,0
461,2026-02-10,3,53,3,0,1,2,0,0,0
462,2026-01-14,0,0,0,0,0,0,0,0,0
462,2026-01-15,0,0,0,0,0,0,0,0,0
462,2026-01-16,0,0,0,0,0,0,0,0,0
462,2026-01-17,0,0,0,0,0,0,0,0,0
462,2026-01-18,0,0,0,0,0,0,0,0,0
462,2026-01-19,0,0,0,0,0,0,0,0,0
462,2026-01-20,0,0,0,0,0,0,0,0,0
462,2026-01-21,0,0,0,0,0,0,0,0,0
462,2026-01-22,0,0,0,0,0,0,0,0,0
462,2026-01-23,0,0,0,0,0,0,0,0,0
462,2026-01-24,0,0,0,0,0,0,0,0,0
462,2026-01-25,5,5,5,0,3,1,0,1,0
462,2026-01-26,7,12,6,1,1,5,1,0,0
462,2026-01-27,5,17,4,1,1,3,0,0,1
462,2026-01-28,4,21,3,1,1,1,1,1,0
462,2026-01-29,3,24,3,0,1,2,0,0,0
462,2026-01-30,2,26,2,0,0,2,0,0,0
462,2026-01-31,8,34,5,3,2,2,3,1,0
462,2026-02-01,1,35,0,1,0,0,0,0,1
462,2026-02-02,7,42,7,0,2,5,0,0,0
462,2026-02-03,3,45,1,2,0,1,2,0,0
462,2026-02-04,5,50,3,2,1,2,2,0,0
462,2026-02-05,4,54,3,1,1,1,1,1,0
462,2026-02-06,2,56,1,1,0,1,1,0,0
462,2026-02-07,1,57,1,0,0,1,0,0,0
462,2026-02-08,4,61,2,2,0,1,0,1,2
462,2026-02-09,4,65,4,0,1,2,0,1,0
462,2026-02-10,7,72,7,0,1,6,0,0,0
463,2026-01-14,0,0,0,0,0,0,0,0,0
463,2026-01-15,0,0,0,0,0,0,0,0,0
463,2026-01-16,0,0,0,0,0,0,0,0,0
463,2026-01-17,0,0,0,0,0,0,0,0,0
463,2026-01-18,0,0,0,0,0,0,0,0,0
463,2026-01-19,0,0,0,0,0,0,0,0,0
463,2026-01-20,0,0,0,0,0,0,0,0,0
463,2026-01-21,0,0,0,0,0,0,0,0,0
463,2026-01-22,0,0,0,0,0,0,0,0,0
463,2026-01-23,0,0,0,0,0,0,0,0,0
463,2026-01-24,0,0,0,0,0,0,0,0,0
463,2026-01-25,4,4,3,1,0,3,0,0,1
463,2026-01-26,4,8,4,0,1,1,0,2,0
463,2026-01-27,0,8,0,0,0,0,0,0,0
463,2026-01-28,1,9,1,0,0,1,0,0,0
463,2026-01-29,3,12,3,0,1,1,0,1,0
463,2026-01-30,2,14,2,0,1,1,0,0,0
463,2026-01-31,3,17,3,0,1,2,0,0,0
463,2026-02-01,1,18,1,0,1,0,0,0,0
463,2026-02-02,2,20,2,0,0,2,0,0,0
463,2026-02-03,2,22,2,0,1,1,0,0,0
463,2026-02-04,1,23,1,0,1,0,0,0,0
463,2026-02-05,1,24,1,0,0,1,0,0,0
463,2026-02-06,2,26,2,0,1,1,0,0,0
463,2026-02-07,1,27,1,0,0,1,0,0,0
463,2026-02-08,3,30,3,0,0,3,0,0,0
463,2026-02-09,2,32,2,0,0,1,0,1,0
463,2026-02-10,2,34,0,2,0,0,2,0,0
464,2026-01-14,0,0,0,0,0,0,0,0,0
464,2026-01-15,0,0,0,0,0,0,0,0,0
464,2026-01-16,0,0,0,0,0,0,0,0,0
464,2026-01-17,0,0,0,0,0,0,0,0,0
464,2026-01-18,0,0,0,0,0,0,0,0,0
464,2026-01-19,0,0,0,0,0,0,0,0,0
464,2026-01-20,0,0,0,0,0,0,0,0,0
464,2026-01-21,0,0,0,0,0,0,0,0,0
464,2026-01-22,0,0,0,0,0,0,0,0,0
464,2026-01-23,0,0,0,0,0,0,0,0,0
464,2026-01-24,0,0,0,0,0,0,0,0,0
464,2026-01-25,5,5,4,1,2,2,1,0,0
464,2026-01-26,2,7,2,0,0,2,0,0,0
464,2026-01-27,4,11,3,1,1,2,1,0,0
464,2026-01-28,5,16,4,1,1,2,1,1,0
464,2026-01-29,1,17,0,1,0,0,0,0,1
464,2026-01-30,5,22,5,0,2,3,0,0,0
464,2026-01-31,3,25,3,0,1,0,0,2,0
464,2026-02-01,5,30,5,0,2,3,0,0,0
464,2026-02-02,4,34,3,1,2,1,1,0,0
464,2026-02-03,4,38,3,1,2,0,1,1,0
464,2026-02-04,8,46,7,1,2,5,1,0,0
464,2026-02-05,4,50,4,0,0,4,0,0,0
464,2026-02-06,1,51,0,1,0,0,1,0,0
464,2026-02-07,3,54,3,0,1,2,0,0,0
464,2026-02-08,2,56,2,0,0,2,0,0,0
464,2026-02-09,1,57,1,0,0,1,0,0,0
464,2026-02-10,0,57,0,0,0,0,0,0,0
465,2026-01-14,0,0,0,0,0,0,0,0,0
465,2026-01-15,0,0,0,0,0,0,0,0,0
465,2026-01-16,0,0,0,0,0,0,0,0,0
465,2026-01-17,0,0,0,0,0,0,0,0,0
465,2026-01-18,0,0,0,0,0,0,0,0,0
465,2026-01-19,0,0,0,0,0,0,0,0,0
465,2026-01-20,0,0,0,0,0,0,0,0,0
465,2026-01-21,0,0,0,0,0,0,0,0,0
465,2026-01-22,0,0,0,0,0,0,0,0,0
465,2026-01-23,0,0,0,0,0,0,0,0,0
465,2026-01-24,0,0,0,0,0,0,0,0,0
465,2026-01-25,4,4,2,2,2,0,2,0,0
465,2026-01-26,4,8,4,0,2,2,0,0,0
465,2026-01-27,3,11,2,1,0,2,1,0,0
465,2026-01-28,5,16,5,0,1,4,0,0,0
465,2026-01-29,3,19,2,1,0,0,1,2,0
465,2026-01-30,1,20,1,0,1,0,0,0,0
465,2026-01-31,2,22,2,0,1,1,0,0,0
465,2026-02-01,3,25,2,1,0,2,0,0,1
465,2026-02-02,1,26,0,1,0,0,1,0,0
465,2026-02-03,2,28,2,0,0,1,0,1,0
465,2026-02-04,0,28,0,0,0,0,0,0,0
465,2026-02-05,4,32,3,1,1,2,1,0,0
465,2026-02-06,4,36,4,0,2,2,0,0,0
465,2026-02-07,3,39,1,2,0,1,1,0,1
465,2026-02-08,5,44,5,0,0,5,0,0,0
465,2026-02-09,2,46,2,0,0,2,0,0,0
465,2026-02-10,3,49,1,2,1,0,1,0,1
466,2026-01-14,0,0,0,0,0,0,0,0,0
466,2026-01-15,0,0,0,0,0,0,0,0,0
466,2026-01-16,0,0,0,0,0,0,0,0,0
466,2026-01-17,0,0,0,0,0,0,0,0,0
466,2026-01-18,0,0,0,0,0,0,0,0,0
466,2026-01-19,0,0,0,0,0,0,0,0,0
466,2026-01-20,0,0,0,0,0,0,0,0,0
466,2026-01-21,0,0,0,0,0,0,0,0,0
466,2026-01-22,0,0,0,0,0,0,0,0,0
466,2026-01-23,0,0,0,0,0,0,0,0,0
466,2026-01-24,0,0,0,0,0,0,0,0,0
466,2026-01-25,2,2,2,0,0,1,0,1,0
466,2026-01-26,2,4,2,0,0,2,0,0,0
466,2026-01-27,2,6,2,0,0,2,0,0,0
466,2026-01-28,1,7,1,0,1,0,0,0,0
466,2026-01-29,3,10,2,1,0,2,0,0,1
466,2026-01-30,2,12,1,1,1,0,1,0,0
466,2026-01-31,2,14,1,1,1,0,0,0,1
466,2026-02-01,4,18,4,0,2,2,0,0,0
466,2026-02-02,3,21,3,0,1,2,0,0,0
466,2026-02-03,1,22,1,0,0,1,0,0,0
466,2026-02-04,2,24,2,0,1,1,0,0,0
466,2026-02-05,2,26,1,1,0,1,1,0,0
466,2026-02-06,5,31,5,0,3,2,0,0,0
466,2026-02-07,1,32,0,1,0,0,1,0,0
466,2026-02-08,0,32,0,0,0,0,0,0,0
466,2026-02-09,4,36,4,0,1,3,0,0,0
466,2026-02-10,1,37,1,0,0,1,0,0,0
467,2026-01-14,0,0,0,0,0,0,0,0,0
467,2026-01-15,0,0,0,0,0,0,0,0,0
467,2026-01-16,0,0,0,0,0,0,0,0,0
467,2026-01-17,0,0,0,0,0,0,0,0,0
467,2026-01-18,0,0,0,0,0,0,0,0,0
467,2026-01-19,0,0,0,0,0,0,0,0,0
467,2026-01-20,0,0,0,0,0,0,0,0,0
467,2026-01-21,0,0,0,0,0,0,0,0,0
467,2026-01-22,0,0,0,0,0,0,0,0,0
467,2026-01-23,0,0,0,0,0,0,0,0,0
467,2026-01-24,0,0,0,0,0,0,0,0,0
467,2026-01-25,2,2,1,1,0,0,1,1,0
467,2026-01-26,6,8,5,1,1,3,1,1,0
467,2026-01-27,3,11,3,0,1,1,0,1,0
467,2026-01-28,4,15,3,1,0,2,1,1,0
467,2026-01-29,6,21,3,3,2,1,3,0,0
467,2026-01-30,1,22,1,0,0,1,0,0,0
467,2026-01-31,3,25,2,1,1,1,1,0,0
467,2026-02-01,0,25,0,0,0,0,0,0,0
467,2026-02-02,2,27,2,0,0,1,0,1,0
467,2026-02-03,2,29,0,2,0,0,1,0,1
467,2026-02-04,0,29,0,0,0,0,0,0,0
467,2026-02-05,1,30,0,1,0,0,0,0,1
467,2026-02-06,6,36,6,0,0,6,0,0,0
467,2026-02-07,3,39,2,1,0,2,1,0,0
467,2026-02-08,1,40,1,0,0,1,0,0,0
467,2026-02-09,0,40,0,0,0,0,0,0,0
467,2026-02-10,1,41,1,0,0,1,0,0,0
468,2026-01-14,0,0,0,0,0,0,0,0,0
468,2026-01-15,0,0,0,0,0,0,0,0,0
468,2026-01-16,0,0,0,0,0,0,0,0,0
468,2026-01-17,0,0,0,0,0,0,0,0,0
468,2026-01-18,0,0,0,0,0,0,0,0,0
468,2026-01-19,0,0,0,0,0,0,0,0,0
468,2026-01-20,0,0,0,0,0,0,0,0,0
468,2026-01-21,0,0,0,0,0,0,0,0,0
468,2026-01-22,0,0,0,0,0,0,0,0,0
468,2026-01-23,0,0,0,0,0,0,0,0,0
468,2026-01-24,0,0,0,0,0,0,0,0,0
468,2026-01-25,3,3,3,0,1,2,0,0,0
468,2026-01-26,2,5,1,1,0,0,0,1,1
468,2026-01-27,0,5,0,0,0,0,0,0,0
468,2026-01-28,2,7,2,0,0,2,0,0,0
468,2026-01-29,3,10,2,1,0,1,1,1,0
468,2026-01-30,0,10,0,0,0,0,0,0,0
468,2026-01-31,4,14,3,1,1,2,1,0,0
468,2026-02-01,2,16,1,1,0,1,1,0,0
468,2026-02-02,3,19,2,1,1,1,1,0,0
468,2026-02-03,1,20,1,0,0,1,0,0,0
468,2026-02-04,2,22,1,1,0,1,1,0,0
468,2026-02-05,2,24,2,0,2,0,0,0,0
468,2026-02-06,2,26,1,1,0,1,1,0,0
468,2026-02-07,0,26,0,0,0,0,0,0,0
468,2026-02-08,0,26,0,0,0,0,0,0,0
468,2026-02-09,2,28,2,0,0,2,0,0,0
468,2026-02-10,1,29,1,0,1,0,0,0,0
469,2026-01-14,0,0,0,0,0,0,0,0,0
469,2026-01-15,0,0,0,0,0,0,0,0,0
469,2026-01-16,0,0,0,0,0,0,0,0,0
469,2026-01-17,0,0,0,0,0,0,0,0,0
469,2026-01-18,0,0,0,0,0,0,0,0,0
469,2026-01-19,0,0,0,0,0,0,0,0,0
469,2026-01-20,0,0,0,0,0,0,0,0,0
469,2026-01-21,0,0,0,0,0,0,0,0,0
469,2026-01-22,0,0,0,0,0,0,0,0,0
469,2026-01-23,0,0,0,0,0,0,0,0,0
469,2026-01-24,0,0,0,0,0,0,0,0,0
469,2026-01-25,5,5,3,2,2,1,1,0,1
469,2026-01-26,1,6,0,1,0,0,1,0,0
469,2026-01-27,5,11,4,1,2,2,1,0,0
469,2026-01-28,3,14,3,0,2,1,0,0,0
469,2026-01-29,4,18,4,0,0,4,0,0,0
469,2026-01-30,0,18,0,0,0,0,0,0,0
469,2026-01-31,0,18,0,0,0,0,0,0,0
469,2026-02-01,3,21,3,0,1,2,0,0,0
469,2026-02-02,3,24,2,1,2,0,1,0,0
469,2026-02-03,2,26,1,1,0,1,1,0,0
469,2026-02-04,3,29,3,0,1,2,0,0,0
469,2026-02-05,0,29,0,0,0,0,0,0,0
469,2026-02-06,2,31,1,1,0,1,1,0,0
469,2026-02-07,3,34,1,2,0,0,2,1,0
469,2026-02-08,5,39,2,3,0,2,2,0,1
469,2026-02-09,0,39,0,0,0,0,0,0,0
469,2026-02-10,0,39,0,0,0,0,0,0,0
470,2026-01-14,0,0,0,0,0,0,0,0,0
470,2026-01-15,0,0,0,0,0,0,0,0,0
470,2026-01-16,0,0,0,0,0,0,0,0,0
470,2026-01-17,0,0,0,0,0,0,0,0,0
470,2026-01-18,0,0,0,0,0,0,0,0,0
470,2026-01-19,0,0,0,0,0,0,0,0,0
470,2026-01-20,0,0,0,0,0,0,0,0,0
470,2026-01-21,0,0,0,0,0,0,0,0,0
470,2026-01-22,0,0,0,0,0,0,0,0,0
470,2026-01-23,0,0,0,0,0,0,0,0,0
470,2026-01-24,0,0,0,0,0,0,0,0,0
470,2026-01-25,7,7,6,1,1,4,1,1,0
470,2026-01-26,3,10,3,0,0,3,0,0,0
470,2026-01-27,2,12,2,0,2,0,0,0,0
470,2026-01-28,6,18,4,2,1,3,1,0,1
470,2026-01-29,3,21,1,2,1,0,2,0,0
470,2026-01-30,1,22,1,0,1,0,0,0,0
470,2026-01-31,3,25,3,0,2,1,0,0,0
470,2026-02-01,0,25,0,0,0,0,0,0,0
470,2026-02-02,1,26,0,1,0,0,1,0,0
470,2026-02-03,1,27,0,1,0,0,1,0,0
470,2026-02-04,4,31,3,1,0,3,1,0,0
470,2026-02-05,4,35,2,2,1,1,2,0,0
470,2026-02-06,5,40,3,2,0,2,2,1,0
470,2026-02-07,1,41,1,0,0,1,0,0,0
470,2026-02-08,2,43,2,0,0,2,0,0,0
470,2026-02-09,1,44,0,1,0,0,0,0,1
470,2026-02-10,1,45,1,0,0,1,0,0,0
471,2026-01-14,0,0,0,0,0,0,0,0,0
471,2026-01-15,0,0,0,0,0,0,0,0,0
471,2026-01-16,0,0,0,0,0,0,0,0,0
471,2026-01-17,0,0,0,0,0,0,0,0,0
471,2026-01-18,0,0,0,0,0,0,0,0,0
471,2026-01-19,0,0,0,0,0,0,0,0,0
471,2026-01-20,0,0,0,0,0,0,0,0,0
471,2026-01-21,0,0,0,0,0,0,0,0,0
471,2026-01-22,0,0,0,0,0,0,0,0,0
471,2026-01-23,0,0,0,0,0,0,0,0,0
471,2026-01-24,0,0,0,0,0,0,0,0,0
471,2026-01-25,6,6,4,2,1,3,1,0,1
471,2026-01-26,9,15,8,1,1,6,1,1,0
471,2026-01-27,1,16,1,0,0,1,0,0,0
471,2026-01-28,8,24,5,3,1,3,2,1,1
471,2026-01-29,4,28,4,0,1,3,0,0,0
471,2026-01-30,4,32,4,0,1,3,0,0,0
471,2026-01-31,3,35,3,0,1,2,0,0,0
471,2026-02-01,2,37,1,1,0,1,1,0,0
471,2026-02-02,2,39,2,0,1,1,0,0,0
471,2026-02-03,3,42,3,0,0,3,0,0,0
471,2026-02-04,6,48,4,2,2,1,2,1,0
471,2026-02-05,2,50,1,1,0,0,1,1,0
471,2026-02-06,3,53,3,0,1,2,0,0,0
471,2026-02-07,3,56,3,0,1,2,0,0,0
471,2026-02-08,2,58,2,0,0,2,0,0,0
471,2026-02-09,3,61,2,1,1,1,1,0,0
471,2026-02-10,2,63,2,0,1,1,0,0,0
472,2026-01-14,0,0,0,0,0,0,0,0,0
472,2026-01-15,0,0,0,0,0,0,0,0,0
472,2026-01-16,0,0,0,0,0,0,0,0,0
472,2026-01-17,0,0,0,0,0,0,0,0,0
472,2026-01-18,0,0,0,0,0,0,0,0,0
472,2026-01-19,0,0,0,0,0,0,0,0,0
472,2026-01-20,0,0,0,0,0,0,0,0,0
472,2026-01-21,0,0,0,0,0,0,0,0,0
472,2026-01-22,0,0,0,0,0,0,0,0,0
472,2026-01-23,0,0,0,0,0,0,0,0,0
472,2026-01-24,0,0,0,0,0,0,0,0,0
472,2026-01-25,6,6,3,3,2,1,1,0,2
472,2026-01-26,1,7,1,0,0,1,0,0,0
472,2026-01-27,2,9,2,0,0,2,0,0,0
472,2026-01-28,1,10,1,0,1,0,0,0,0
472,2026-01-29,1,11,1,0,0,1,0,0,0
472,2026-01-30,3,14,3,0,1,1,0,1,0
472,2026-01-31,3,17,2,1,0,2,0,0,1
472,2026-02-01,6,23,6,0,2,3,0,1,0
472,2026-02-02,5,28,3,2,0,3,2,0,0
472,2026-02-03,4,32,4,0,1,2,0,1,0
472,2026-02-04,5,37,3,2,1,2,0,0,2
472,2026-02-05,2,39,1,1,0,1,0,0,1
472,2026-02-06,3,42,3,0,1,2,0,0,0
472,2026-02-07,1,43,1,0,1,0,0,0,0
472,2026-02-08,3,46,3,0,0,2,0,1,0
472,2026-02-09,3,49,2,1,1,1,1,0,0
472,2026-02-10,4,53,3,1,1,2,0,0,1
473,2026-01-14,0,0,0,0,0,0,0,0,0
473,2026-01-15,0,0,0,0,0,0,0,0,0
473,2026-01-16,0,0,0,0,0,0,0,0,0
473,2026-01-17,0,0,0,0,0,0,0,0,0
473,2026-01-18,0,0,0,0,0,0,0,0,0
473,2026-01-19,0,0,0,0,0,0,0,0,0
473,2026-01-20,0,0,0,0,0,0,0,0,0
473,2026-01-21,0,0,0,0,0,0,0,0,0
473,2026-01-22,0,0,0,0,0,0,0,0,0
473,2026-01-23,0,0,0,0,0,0,0,0,0
473,2026-01-24,0,0,0,0,0,0,0,0,0
473,2026-01-25,3,3,3,0,1,2,0,0,0
473,2026-01-26,4,7,3,1,0,2,1,1,0
473,2026-01-27,3,10,0,3,0,0,2,0,1
473,2026-01-28,1,11,1,0,0,1,0,0,0
473,2026-01-29,2,13,1,1,1,0,1,0,0
473,2026-01-30,7,20,6,1,4,1,1,1,0
473,2026-01-31,2,22,2,0,2,0,0,0,0
473,2026-02-01,2,24,1,1,0,0,1,1,0
473,2026-02-02,1,25,1,0,1,0,0,0,0
473,2026-02-03,1,26,1,0,0,1,0,0,0
473,2026-02-04,0,26,0,0,0,0,0,0,0
473,2026-02-05,0,26,0,0,0,0,0,0,0
473,2026-02-06,0,26,0,0,0,0,0,0,0
473,2026-02-07,3,29,1,2,0,0,2,1,0
473,2026-02-08,3,32,2,1,1,1,1,0,0
473,2026-02-09,1,33,1,0,0,1,0,0,0
473,2026-02-10,0,33,0,0,0,0,0,0,0
474,2026-01-14,0,0,0,0,0,0,0,0,0
474,2026-01-15,0,0,0,0,0,0,0,0,0
474,2026-01-16,0,0,0,0,0,0,0,0,0
474,2026-01-17,0,0,0,0,0,0,0,0,0
474,2026-01-18,0,0,0,0,0,0,0,0,0
474,2026-01-19,0,0,0,0,0,0,0,0,0
474,2026-01-20,0,0,0,0,0,0,0,0,0
474,2026-01-21,0,0,0,0,0,0,0,0,0
474,2026-01-22,0,0,0,0,0,0,0,0,0
474,2026-01-23,0,0,0,0,0,0,0,0,0
474,2026-01-24,0,0,0,0,0,0,0,0,0
474,2026-01-25,1,1,0,1,0,0,1,0,0
474,2026-01-26,7,8,6,1,3,3,1,0,0
474,2026-01-27,5,13,4,1,1,3,1,0,0
474,2026-01-28,2,15,1,1,0,1,1,0,0
474,2026-01-29,6,21,5,1,1,3,1,1,0
474,2026-01-30,4,25,4,0,1,3,0,0,0
474,2026-01-31,3,28,3,0,1,2,0,0,0
474,2026-02-01,3,31,2,1,1,1,1,0,0
474,2026-02-02,3,34,1,2,0,0,2,1,0
474,2026-02-03,6,40,5,1,1,4,0,0,1
474,2026-02-04,6,46,4,2,1,2,2,1,0
474,2026-02-05,4,50,4,0,0,3,0,1,0
474,2026-02-06,1,51,1,0,1,0,0,0,0
474,2026-02-07,3,54,2,1,0,2,0,0,1
474,2026-02-08,4,58,3,1,2,1,1,0,0
474,2026-02-09,2,60,2,0,0,2,0,0,0
474,2026-02-10,8,68,7,1,1,6,1,0,0
475,2026-01-14,0,0,0,0,0,0,0,0,0
475,2026-01-15,0,0,0,0,0,0,0,0,0
475,2026-01-16,0,0,0,0,0,0,0,0,0
475,2026-01-17,0,0,0,0,0,0,0,0,0
475,2026-01-18,0,0,0,0,0,0,0,0,0
475,2026-01-19,0,0,0,0,0,0,0,0,0
475,2026-01-20,0,0,0,0,0,0,0,0,0
475,2026-01-21,0,0,0,0,0,0,0,0,0
475,2026-01-22,0,0,0,0,0,0,0,0,0
475,2026-01-23,0,0,0,0,0,0,0,0,0
475,2026-01-24,0,0,0,0,0,0,0,0,0
475,2026-01-25,1,1,1,0,0,1,0,0,0
475,2026-01-26,8,9,5,3,1,4,2,0,1
475,2026-01-27,1,10,1,0,1,0,0,0,0
475,2026-01-28,2,12,2,0,2,0,0,0,0
475,2026-01-29,7,19,5,2,1,4,2,0,0
475,2026-01-30,2,21,2,0,0,2,0,0,0
475,2026-01-31,2,23,0,2,0,0,2,0,0
475,2026-02-01,1,24,1,0,0,1,0,0,0
475,2026-02-02,4,28,3,1,1,2,1,0,0
475,2026-02-03,1,29,1,0,1,0,0,0,0
475,2026-02-04,4,33,4,0,3,1,0,0,0
475,2026-02-05,2,35,2,0,0,2,0,0,0
475,2026-02-06,0,35,0,0,0,0,0,0,0
475,2026-02-07,5,40,4,1,0,3,1,1,0
475,2026-02-08,0,40,0,0,0,0,0,0,0
475,2026-02-09,1,41,1,0,0,1,0,0,0
475,2026-02-10,1,42,1,0,0,1,0,0,0
476,2026-01-14,0,0,0,0,0,0,0,0,0
476,2026-01-15,0,0,0,0,0,0,0,0,0
476,2026-01-16,0,0,0,0,0,0,0,0,0
476,2026-01-17,0,0,0,0,0,0,0,0,0
476,2026-01-18,0,0,0,0,0,0,0,0,0
476,2026-01-19,0,0,0,0,0,0,0,0,0
476,2026-01-20,0,0,0,0,0,0,0,0,0
476,2026-01-21,0,0,0,0,0,0,0,0,0
476,2026-01-22,0,0,0,0,0,0,0,0,0
476,2026-01-23,0,0,0,0,0,0,0,0,0
476,2026-01-24,0,0,0,0,0,0,0,0,0
476,2026-01-25,5,5,3,2,0,2,2,1,0
476,2026-01-26,5,10,5,0,1,3,0,1,0
476,2026-01-27,2,12,1,1,1,0,1,0,0
476,2026-01-28,5,17,3,2,2,0,2,1,0
476,2026-01-29,4,21,4,0,2,1,0,1,0
476,2026-01-30,4,25,3,1,1,2,1,0,0
476,2026-01-31,4,29,4,0,1,2,0,1,0
476,2026-02-01,4,33,4,0,3,1,0,0,0
476,2026-02-02,1,34,1,0,0,1,0,0,0
476,2026-02-03,3,37,2,1,0,2,0,0,1
476,2026-02-04,0,37,0,0,0,0,0,0,0
476,2026-02-05,1,38,1,0,0,1,0,0,0
476,2026-02-06,5,43,4,1,2,1,1,1,0
476,2026-02-07,4,47,3,1,1,2,0,0,1
476,2026-02-08,3,50,2,1,1,1,1,0,0
476,2026-02-09,4,54,2,2,0,2,2,0,0
476,2026-02-10,5,59,5,0,1,4,0,0,0
477,2026-01-14,0,0,0,0,0,0,0,0,0
477,2026-01-15,0,0,0,0,0,0,0,0,0
477,2026-01-16,0,0,0,0,0,0,0,0,0
477,2026-01-17,0,0,0,0,0,0,0,0,0
477,2026-01-18,0,0,0,0,0,0,0,0,0
477,2026-01-19,0,0,0,0,0,0,0,0,0
477,2026-01-20,0,0,0,0,0,0,0,0,0
477,2026-01-21,0,0,0,0,0,0,0,0,0
477,2026-01-22,0,0,0,0,0,0,0,0,0
477,2026-01-23,0,0,0,0,0,0,0,0,0
477,2026-01-24,0,0,0,0,0,0,0,0,0
477,2026-01-25,3,3,2,1,0,2,1,0,0
477,2026-01-26,4,7,4,0,2,2,0,0,0
477,2026-01-27,2,9,1,1,0,1,1,0,0
477,2026-01-28,1,10,1,0,0,1,0,0,0
477,2026-01-29,3,13,2,1,1,1,1,0,0
477,2026-01-30,2,15,2,0,1,1,0,0,0
477,2026-01-31,3,18,2,1,0,2,1,0,0
477,2026-02-01,1,19,1,0,0,1,0,0,0
477,2026-02-02,1,20,1,0,0,0,0,1,0
477,2026-02-03,4,24,1,3,0,1,0,0,3
477,2026-02-04,1,25,1,0,0,1,0,0,0
477,2026-02-05,1,26,1,0,0,1,0,0,0
477,2026-02-06,4,30,3,1,1,2,0,0,1
477,2026-02-07,3,33,2,1,2,0,1,0,0
477,2026-02-08,0,33,0,0,0,0,0,0,0
477,2026-02-09,3,36,3,0,0,3,0,0,0
477,2026-02-10,3,39,2,1,1,1,1,0,0
478,2026-01-14,0,0,0,0,0,0,0,0,0
478,2026-01-15,0,0,0,0,0,0,0,0,0
478,2026-01-16,0,0,0,0,0,0,0,0,0
478,2026-01-17,0,0,0,0,0,0,0,0,0
478,2026-01-18,0,0,0,0,0,0,0,0,0
478,2026-01-19,0,0,0,0,0,0,0,0,0
478,2026-01-20,0,0,0,0,0,0,0,0,0
478,2026-01-21,0,0,0,0,0,0,0,0,0
478,2026-01-22,0,0,0,0,0,0,0,0,0
478,2026-01-23,0,0,0,0,0,0,0,0,0
478,2026-01-24,0,0,0,0,0,0,0,0,0
478,2026-01-25,3,3,3,0,1,2,0,0,0
478,2026-01-26,4,7,3,1,2,1,0,0,1
478,2026-01-27,0,7,0,0,0,0,0,0,0
478,2026-01-28,5,12,5,0,4,1,0,0,0
478,2026-01-29,8,20,6,2,1,4,2,1,0
478,2026-01-30,1,21,1,0,0,0,0,1,0
478,2026-01-31,4,25,3,1,0,3,1,0,0
478,2026-02-01,0,25,0,0,0,0,0,0,0
478,2026-02-02,1,26,1,0,0,1,0,0,0
478,2026-02-03,1,27,1,0,0,1,0,0,0
478,2026-02-04,1,28,0,1,0,0,1,0,0
478,2026-02-05,5,33,3,2,1,2,2,0,0
478,2026-02-06,2,35,2,0,1,0,0,1,0
478,2026-02-07,3,38,3,0,0,3,0,0,0
478,2026-02-08,3,41,3,0,1,2,0,0,0
478,2026-02-09,2,43,1,1,0,1,1,0,0
478,2026-02-10,1,44,1,0,1,0,0,0,0
479,2026-01-14,0,0,0,0,0,0,0,0,0
479,2026-01-15,0,0,0,0,0,0,0,0,0
479,2026-01-16,0,0,0,0,0,0,0,0,0
479,2026-01-17,0,0,0,0,0,0,0,0,0
479,2026-01-18,0,0,0,0,0,0,0,0,0
479,2026-01-19,0,0,0,0,0,0,0,0,0
479,2026-01-20,0,0,0,0,0,0,0,0,0
479,2026-01-21,0,0,0,0,0,0,0,0,0
479,2026-01-22,0,0,0,0,0,0,0,0,0
479,2026-01-23,0,0,0,0,0,0,0,0,0
479,2026-01-24,0,0,0,0,0,0,0,0,0
479,2026-01-25,6,6,4,2,1,2,2,1,0
479,2026-01-26,3,9,2,1,1,1,1,0,0
479,2026-01-27,11,20,10,1,2,7,1,1,0
479,2026-01-28,2,22,1,1,0,1,0,0,1
479,2026-01-29,4,26,2,2,1,1,1,0,1
479,2026-01-30,3,29,3,0,2,0,0,1,0
479,2026-01-31,2,31,2,0,1,1,0,0,0
479,2026-02-01,6,37,6,0,0,6,0,0,0
479,2026-02-02,4,41,4,0,1,3,0,0,0
479,2026-02-03,0,41,0,0,0,0,0,0,0
479,2026-02-04,6,47,4,2,1,3,2,0,0
479,2026-02-05,2,49,1,1,0,1,1,0,0
479,2026-02-06,2,51,2,0,1,1,0,0,0
479,2026-02-07,3,54,2,1,2,0,1,0,0
479,2026-02-08,4,58,4,0,2,2,0,0,0
479,2026-02-09,1,59,1,0,0,1,0,0,0
479,2026-02-10,3,62,2,1,1,1,1,0,0
480,2026-01-14,0,0,0,0,0,0,0,0,0
480,2026-01-15,0,0,0,0,0,0,0,0,0
480,2026-01-16,0,0,0,0,0,0,0,0,0
480,2026-01-17,0,0,0,0,0,0,0,0,0
480,2026-01-18,0,0,0,0,0,0,0,0,0
480,2026-01-19,0,0,0,0,0,0,0,0,0
480,2026-01-20,0,0,0,0,0,0,0,0,0
480,2026-01-21,0,0,0,0,0,0,0,0,0
480,2026-01-22,0,0,0,0,0,0,0,0,0
480,2026-01-23,0,0,0,0,0,0,0,0,0
480,2026-01-24,0,0,0,0,0,0,0,0,0
480,2026-01-25,7,7,5,2,1,3,2,1,0
480,2026-01-26,2,9,2,0,1,1,0,0,0
480,2026-01-27,3,12,2,1,0,2,1,0,0
480,2026-01-28,1,13,1,0,1,0,0,0,0
480,2026-01-29,3,16,3,0,1,2,0,0,0
480,2026-01-30,5,21,3,2,0,3,2,0,0
480,2026-01-31,1,22,1,0,0,0,0,1,0
480,2026-02-01,1,23,1,0,0,1,0,0,0
480,2026-02-02,2,25,2,0,2,0,0,0,0
480,2026-02-03,1,26,1,0,0,1,0,0,0
480,2026-02-04,2,28,2,0,2,0,0,0,0
480,2026-02-05,2,30,1,1,1,0,1,0,0
480,2026-02-06,2,32,2,0,1,1,0,0,0
480,2026-02-07,2,34,2,0,1,1,0,0,0
480,2026-02-08,1,35,1,0,0,1,0,0,0
480,2026-02-09,1,36,1,0,0,1,0,0,0
480,2026-02-10,2,38,2,0,0,1,0,1,0
481,2026-01-14,0,0,0,0,0,0,0,0,0
481,2026-01-15,0,0,0,0,0,0,0,0,0
481,2026-01-16,0,0,0,0,0,0,0,0,0
481,2026-01-17,0,0,0,0,0,0,0,0,0
481,2026-01-18,0,0,0,0,0,0,0,0,0
481,2026-01-19,0,0,0,0,0,0,0,0,0
481,2026-01-20,0,0,0,0,0,0,0,0,0
481,2026-01-21,0,0,0,0,0,0,0,0,0
481,2026-01-22,0,0,0,0,0,0,0,0,0
481,2026-01-23,0,0,0,0,0,0,0,0,0
481,2026-01-24,0,0,0,0,0,0,0,0,0
481,2026-01-25,2,2,2,0,0,1,0,1,0
481,2026-01-26,2,4,1,1,0,1,1,0,0
481,2026-01-27,2,6,2,0,0,2,0,0,0
481,2026-01-28,3,9,1,2,1,0,1,0,1
481,2026-01-29,2,11,2,0,1,1,0,0,0
481,2026-01-30,4,15,3,1,3,0,1,0,0
481,2026-01-31,2,17,2,0,0,2,0,0,0
481,2026-02-01,0,17,0,0,0,0,0,0,0
481,2026-02-02,2,19,1,1,0,1,0,0,1
481,2026-02-03,4,23,4,0,3,1,0,0,0
481,2026-02-04,3,26,2,1,0,2,1,0,0
481,2026-02-05,1,27,1,0,0,1,0,0,0
481,2026-02-06,4,31,4,0,1,2,0,1,0
481,2026-02-07,3,34,3,0,1,2,0,0,0
481,2026-02-08,1,35,1,0,0,1,0,0,0
481,2026-02-09,3,38,3,0,0,3,0,0,0
481,2026-02-10,2,40,2,0,0,2,0,0,0
482,2026-01-14,0,0,0,0,0,0,0,0,0
482,2026-01-15,0,0,0,0,0,0,0,0,0
482,2026-01-16,0,0,0,0,0,0,0,0,0
482,2026-01-17,0,0,0,0,0,0,0,0,0
482,2026-01-18,0,0,0,0,0,0,0,0,0
482,2026-01-19,0,0,0,0,0,0,0,0,0
482,2026-01-20,0,0,0,0,0,0,0,0,0
482,2026-01-21,0,0,0,0,0,0,0,0,0
482,2026-01-22,0,0,0,0,0,0,0,0,0
482,2026-01-23,0,0,0,0,0,0,0,0,0
482,2026-01-24,0,0,0,0,0,0,0,0,0
482,2026-01-25,2,2,2,0,0,2,0,0,0
482,2026-01-26,4,6,3,1,0,2,1,1,0
482,2026-01-27,3,9,3,0,0,3,0,0,0
482,2026-01-28,4,13,4,0,1,3,0,0,0
482,2026-01-29,2,15,2,0,1,1,0,0,0
482,2026-01-30,3,18,2,1,0,2,0,0,1
482,2026-01-31,2,20,0,2,0,0,1,0,1
482,2026-02-01,1,21,0,1,0,0,1,0,0
482,2026-02-02,2,23,2,0,1,1,0,0,0
482,2026-02-03,1,24,1,0,0,1,0,0,0
482,2026-02-04,0,24,0,0,0,0,0,0,0
482,2026-02-05,3,27,0,3,0,0,2,0,1
482,2026-02-06,3,30,2,1,0,2,0,0,1
482,2026-02-07,2,32,1,1,0,1,1,0,0
482,2026-02-08,0,32,0,0,0,0,0,0,0
482,2026-02-09,0,32,0,0,0,0,0,0,0
482,2026-02-10,1,33,1,0,0,1,0,0,0
483,2026-01-14,0,0,0,0,0,0,0,0,0
483,2026-01-15,0,0,0,0,0,0,0,0,0
483,2026-01-16,0,0,0,0,0,0,0,0,0
483,2026-01-17,0,0,0,0,0,0,0,0,0
483,2026-01-18,0,0,0,0,0,0,0,0,0
483,2026-01-19,0,0,0,0,0,0,0,0,0
483,2026-01-20,0,0,0,0,0,0,0,0,0
483,2026-01-21,0,0,0,0,0,0,0,0,0
483,2026-01-22,0,0,0,0,0,0,0,0,0
483,2026-01-23,0,0,0,0,0,0,0,0,0
483,2026-01-24,0,0,0,0,0,0,0,0,0
483,2026-01-25,2,2,1,1,1,0,0,0,1
483,2026-01-26,0,2,0,0,0,0,0,0,0
483,2026-01-27,4,6,2,2,0,1,1,1,1
483,2026-01-28,1,7,1,0,0,1,0,0,0
483,2026-01-29,0,7,0,0,0,0,0,0,0
483,2026-01-30,0,7,0,0,0,0,0,0,0
483,2026-01-31,3,10,3,0,0,3,0,0,0
483,2026-02-01,4,14,3,1,1,2,1,0,0
483,2026-02-02,5,19,5,0,1,3,0,1,0
483,2026-02-03,0,19,0,0,0,0,0,0,0
483,2026-02-04,2,21,0,2,0,0,1,0,1
483,2026-02-05,5,26,3,2,1,2,1,0,1
483,2026-02-06,2,28,2,0,0,2,0,0,0
483,2026-02-07,4,32,2,2,2,0,2,0,0
483,2026-02-08,1,33,1,0,1,0,0,0,0
483,2026-02-09,1,34,1,0,1,0,0,0,0
483,2026-02-10,1,35,1,0,0,1,0,0,0
484,2026-01-14,0,0,0,0,0,0,0,0,0
484,2026-01-15,0,0,0,0,0,0,0,0,0
484,2026-01-16,0,0,0,0,0,0,0,0,0
484,2026-01-17,0,0,0,0,0,0,0,0,0
484,2026-01-18,0,0,0,0,0,0,0,0,0
484,2026-01-19,0,0,0,0,0,0,0,0,0
484,2026-01-20,0,0,0,0,0,0,0,0,0
484,2026-01-21,0,0,0,0,0,0,0,0,0
484,2026-01-22,0,0,0,0,0,0,0,0,0
484,2026-01-23,0,0,0,0,0,0,0,0,0
484,2026-01-24,0,0,0,0,0,0,0,0,0
484,2026-01-25,4,4,4,0,0,4,0,0,0
484,2026-01-26,1,5,1,0,0,1,0,0,0
484,2026-01-27,4,9,4,0,1,3,0,0,0
484,2026-01-28,1,10,1,0,0,1,0,0,0
484,2026-01-29,1,11,1,0,0,1,0,0,0
484,2026-01-30,1,12,1,0,1,0,0,0,0
484,2026-01-31,2,14,1,1,1,0,1,0,0
484,2026-02-01,5,19,4,1,0,3,1,1,0
484,2026-02-02,4,23,4,0,2,2,0,0,0
484,2026-02-03,2,25,2,0,0,2,0,0,0
484,2026-02-04,0,25,0,0,0,0,0,0,0
484,2026-02-05,2,27,2,0,2,0,0,0,0
484,2026-02-06,2,29,2,0,0,1,0,1,0
484,2026-02-07,1,30,1,0,1,0,0,0,0
484,2026-02-08,1,31,1,0,0,1,0,0,0
484,2026-02-09,1,32,1,0,1,0,0,0,0
484,2026-02-10,0,32,0,0,0,0,0,0,0
485,2026-01-14,0,0,0,0,0,0,0,0,0
485,2026-01-15,0,0,0,0,0,0,0,0,0
485,2026-01-16,0,0,0,0,0,0,0,0,0
485,2026-01-17,0,0,0,0,0,0,0,0,0
485,2026-01-18,0,0,0,0,0,0,0,0,0
485,2026-01-19,0,0,0,0,0,0,0,0,0
485,2026-01-20,0,0,0,0,0,0,0,0,0
485,2026-01-21,0,0,0,0,0,0,0,0,0
485,2026-01-22,0,0,0,0,0,0,0,0,0
485,2026-01-23,0,0,0,0,0,0,0,0,0
485,2026-01-24,0,0,0,0,0,0,0,0,0
485,2026-01-25,4,4,3,1,2,1,1,0,0
485,2026-01-26,4,8,3,1,1,2,0,0,1
485,2026-01-27,1,9,0,1,0,0,0,0,1
485,2026-01-28,0,9,0,0,0,0,0,0,0
485,2026-01-29,1,10,0,1,0,0,0,0,1
485,2026-01-30,2,12,2,0,1,1,0,0,0
485,2026-01-31,2,14,2,0,0,2,0,0,0
485,2026-02-01,3,17,2,1,0,1,1,1,0
485,2026-02-02,3,20,3,0,0,3,0,0,0
485,2026-02-03,4,24,3,1,0,3,1,0,0
485,2026-02-04,0,24,0,0,0,0,0,0,0
485,2026-02-05,2,26,2,0,2,0,0,0,0
485,2026-02-06,2,28,1,1,0,1,0,0,1
485,2026-02-07,1,29,1,0,1,0,0,0,0
485,2026-02-08,1,30,1,0,0,1,0,0,0
485,2026-02-09,2,32,1,1,1,0,1,0,0
485,2026-02-10,0,32,0,0,0,0,0,0,0
486,2026-01-14,0,0,0,0,0,0,0,0,0
486,2026-01-15,0,0,0,0,0,0,0,0,0
486,2026-01-16,0,0,0,0,0,0,0,0,0
486,2026-01-17,0,0,0,0,0,0,0,0,0
486,2026-01-18,0,0,0,0,0,0,0,0,0
486,2026-01-19,0,0,0,0,0,0,0,0,0
486,2026-01-20,0,0,0,0,0,0,0,0,0
486,2026-01-21,0,0,0,0,0,0,0,0,0
486,2026-01-22,0,0,0,0,0,0,0,0,0
486,2026-01-23,0,0,0,0,0,0,0,0,0
486,2026-01-24,0,0,0,0,0,0,0,0,0
486,2026-01-25,2,2,2,0,0,1,0,1,0
486,2026-01-26,2,4,1,1,0,1,1,0,0
486,2026-01-27,1,5,1,0,0,1,0,0,0
486,2026-01-28,4,9,4,0,1,1,0,2,0
486,2026-01-29,5,14,5,0,0,4,0,1,0
486,2026-01-30,8,22,8,0,0,7,0,1,0
486,2026-01-31,2,24,1,1,1,0,1,0,0
486,2026-02-01,1,25,1,0,1,0,0,0,0
486,2026-02-02,4,29,4,0,1,3,0,0,0
486,2026-02-03,3,32,3,0,1,2,0,0,0
486,2026-02-04,1,33,1,0,1,0,0,0,0
486,2026-02-05,4,37,4,0,0,3,0,1,0
486,2026-02-06,3,40,3,0,0,2,0,1,0
486,2026-02-07,2,42,1,1,0,1,0,0,1
486,2026-02-08,1,43,1,0,0,1,0,0,0
486,2026-02-09,2,45,2,0,0,1,0,1,0
486,2026-02-10,0,45,0,0,0,0,0,0,0
487,2026-01-14,0,0,0,0,0,0,0,0,0
487,2026-01-15,0,0,0,0,0,0,0,0,0
487,2026-01-16,0,0,0,0,0,0,0,0,0
487,2026-01-17,0,0,0,0,0,0,0,0,0
487,2026-01-18,0,0,0,0,0,0,0,0,0
487,2026-01-19,0,0,0,0,0,0,0,0,0
487,2026-01-20,0,0,0,0,0,0,0,0,0
487,2026-01-21,0,0,0,0,0,0,0,0,0
487,2026-01-22,0,0,0,0,0,0,0,0,0
487,2026-01-23,0,0,0,0,0,0,0,0,0
487,2026-01-24,0,0,0,0,0,0,0,0,0
487,2026-01-25,4,4,4,0,0,4,0,0,0
487,2026-01-26,3,7,2,1,0,2,0,0,1
487,2026-01-27,4,11,3,1,0,3,0,0,1
487,2026-01-28,5,16,3,2,1,2,2,0,0
487,2026-01-29,4,20,3,1,0,3,1,0,0
487,2026-01-30,6,26,3,3,1,2,3,0,0
487,2026-01-31,6,32,3,3,2,0,1,1,2
487,2026-02-01,1,33,1,0,0,1,0,0,0
487,2026-02-02,6,39,4,2,0,4,2,0,0
487,2026-02-03,1,40,0,1,0,0,1,0,0
487,2026-02-04,5,45,3,2,1,2,2,0,0
487,2026-02-05,4,49,2,2,1,1,2,0,0
487,2026-02-06,1,50,1,0,0,0,0,1,0
487,2026-02-07,3,53,3,0,1,2,0,0,0
487,2026-02-08,5,58,5,0,2,1,0,2,0
487,2026-02-09,1,59,1,0,0,1,0,0,0
487,2026-02-10,4,63,3,1,1,2,1,0,0
488,2026-01-14,0,0,0,0,0,0,0,0,0
488,2026-01-15,0,0,0,0,0,0,0,0,0
488,2026-01-16,0,0,0,0,0,0,0,0,0
488,2026-01-17,0,0,0,0,0,0,0,0,0
488,2026-01-18,0,0,0,0,0,0,0,0,0
488,2026-01-19,0,0,0,0,0,0,0,0,0
488,2026-01-20,0,0,0,0,0,0,0,0,0
488,2026-01-21,0,0,0,0,0,0,0,0,0
488,2026-01-22,0,0,0,0,0,0,0,0,0
488,2026-01-23,0,0,0,0,0,0,0,0,0
488,2026-01-24,0,0,0,0,0,0,0,0,0
488,2026-01-25,2,2,1,1,0,0,1,1,0
488,2026-01-26,4,6,2,2,0,2,2,0,0
488,2026-01-27,2,8,2,0,1,1,0,0,0
488,2026-01-28,2,10,2,0,0,2,0,0,0
488,2026-01-29,7,17,3,4,0,3,3,0,1
488,2026-01-30,5,22,2,3,0,2,3,0,0
488,2026-01-31,5,27,3,2,1,2,2,0,0
488,2026-02-01,3,30,2,1,2,0,1,0,0
488,2026-02-02,1,31,1,0,0,1,0,0,0
488,2026-02-03,1,32,1,0,0,0,0,1,0
488,2026-02-04,3,35,3,0,0,3,0,0,0
488,2026-02-05,3,38,1,2,0,1,2,0,0
488,2026-02-06,4,42,3,1,0,2,1,1,0
488,2026-02-07,1,43,1,0,0,1,0,0,0
488,2026-02-08,1,44,1,0,0,1,0,0,0
488,2026-02-09,0,44,0,0,0,0,0,0,0
488,2026-02-10,1,45,0,1,0,0,1,0,0
489,2026-01-14,0,0,0,0,0,0,0,0,0
489,2026-01-15,0,0,0,0,0,0,0,0,0
489,2026-01-16,0,0,0,0,0,0,0,0,0
489,2026-01-17,0,0,0,0,0,0,0,0,0
489,2026-01-18,0,0,0,0,0,0,0,0,0
489,2026-01-19,0,0,0,0,0,0,0,0,0
489,2026-01-20,0,0,0,0,0,0,0,0,0
489,2026-01-21,0,0,0,0,0,0,0,0,0
489,2026-01-22,0,0,0,0,0,0,0,0,0
489,2026-01-23,0,0,0,0,0,0,0,0,0
489,2026-01-24,0,0,0,0,0,0,0,0,0
489,2026-01-25,4,4,4,0,1,3,0,0,0
489,2026-01-26,2,6,1,1,0,0,1,1,0
489,2026-01-27,2,8,1,1,0,1,1,0,0
489,2026-01-28,3,11,3,0,1,2,0,0,0
489,2026-01-29,4,15,4,0,1,1,0,2,0
489,2026-01-30,4,19,3,1,2,1,1,0,0
489,2026-01-31,5,24,3,2,2,1,2,0,0
489,2026-02-01,5,29,3,2,1,1,2,1,0
489,2026-02-02,3,32,1,2,0,1,1,0,1
489,2026-02-03,5,37,4,1,1,3,1,0,0
489,2026-02-04,3,40,2,1,0,2,1,0,0
489,2026-02-05,2,42,2,0,1,1,0,0,0
489,2026-02-06,1,43,1,0,0,1,0,0,0
489,2026-02-07,3,46,1,2,0,1,1,0,1
489,2026-02-08,1,47,1,0,1,0,0,0,0
489,2026-02-09,3,50,3,0,1,0,0,2,0
489,2026-02-10,6,56,4,2,1,3,2,0,0
490,2026-01-14,0,0,0,0,0,0,0,0,0
490,2026-01-15,0,0,0,0,0,0,0,0,0
490,2026-01-16,0,0,0,0,0,0,0,0,0
490,2026-01-17,0,0,0,0,0,0,0,0,0
490,2026-01-18,0,0,0,0,0,0,0,0,0
490,2026-01-19,0,0,0,0,0,0,0,0,0
490,2026-01-20,0,0,0,0,0,0,0,0,0
490,2026-01-21,0,0,0,0,0,0,0,0,0
490,2026-01-22,0,0,0,0,0,0,0,0,0
490,2026-01-23,0,0,0,0,0,0,0,0,0
490,2026-01-24,0,0,0,0,0,0,0,0,0
490,2026-01-25,2,2,0,2,0,0,2,0,0
490,2026-01-26,7,9,6,1,3,3,1,0,0
490,2026-01-27,3,12,2,1,1,1,1,0,0
490,2026-01-28,3,15,2,1,0,2,0,0,1
490,2026-01-29,1,16,0,1,0,0,1,0,0
490,2026-01-30,2,18,1,1,0,0,1,1,0
490,2026-01-31,2,20,1,1,0,1,1,0,0
490,2026-02-01,3,23,3,0,2,1,0,0,0
490,2026-02-02,2,25,2,0,0,2,0,0,0
490,2026-02-03,2,27,2,0,1,1,0,0,0
490,2026-02-04,1,28,1,0,0,1,0,0,0
490,2026-02-05,1,29,1,0,1,0,0,0,0
490,2026-02-06,3,32,1,2,0,1,2,0,0
490,2026-02-07,0,32,0,0,0,0,0,0,0
490,2026-02-08,0,32,0,0,0,0,0,0,0
490,2026-02-09,1,33,0,1,0,0,0,0,1
490,2026-02-10,1,34,1,0,0,1,0,0,0
491,2026-01-14,0,0,0,0,0,0,0,0,0
491,2026-01-15,0,0,0,0,0,0,0,0,0
491,2026-01-16,0,0,0,0,0,0,0,0,0
491,2026-01-17,0,0,0,0,0,0,0,0,0
491,2026-01-18,0,0,0,0,0,0,0,0,0
491,2026-01-19,0,0,0,0,0,0,0,0,0
491,2026-01-20,0,0,0,0,0,0,0,0,0
491,2026-01-21,0,0,0,0,0,0,0,0,0
491,2026-01-22,0,0,0,0,0,0,0,0,0
491,2026-01-23,0,0,0,0,0,0,0,0,0
491,2026-01-24,0,0,0,0,0,0,0,0,0
491,2026-01-25,3,3,3,0,2,1,0,0,0
491,2026-01-26,3,6,3,0,0,3,0,0,0
491,2026-01-27,7,13,5,2,1,2,1,2,1
491,2026-01-28,1,14,1,0,1,0,0,0,0
491,2026-01-29,3,17,3,0,0,3,0,0,0
491,2026-01-30,3,20,3,0,0,3,0,0,0
491,2026-01-31,5,25,4,1,0,4,1,0,0
491,2026-02-01,2,27,2,0,0,2,0,0,0
491,2026-02-02,1,28,1,0,1,0,0,0,0
491,2026-02-03,2,30,0,2,0,0,1,0,1
491,2026-02-04,1,31,1,0,1,0,0,0,0
491,2026-02-05,3,34,2,1,1,1,1,0,0
491,2026-02-06,4,38,2,2,1,1,2,0,0
491,2026-02-07,4,42,3,1,1,1,0,1,1
491,2026-02-08,1,43,1,0,0,1,0,0,0
491,2026-02-09,0,43,0,0,0,0,0,0,0
491,2026-02-10,0,43,0,0,0,0,0,0,0
492,2026-01-14,0,0,0,0,0,0,0,0,0
492,2026-01-15,0,0,0,0,0,0,0,0,0
492,2026-01-16,0,0,0,0,0,0,0,0,0
492,2026-01-17,0,0,0,0,0,0,0,0,0
492,2026-01-18,0,0,0,0,0,0,0,0,0
492,2026-01-19,0,0,0,0,0,0,0,0,0
492,2026-01-20,0,0,0,0,0,0,0,0,0
492,2026-01-21,0,0,0,0,0,0,0,0,0
492,2026-01-22,0,0,0,0,0,0,0,0,0
492,2026-01-23,0,0,0,0,0,0,0,0,0
492,2026-01-24,0,0,0,0,0,0,0,0,0
492,2026-01-25,4,4,4,0,2,2,0,0,0
492,2026-01-26,4,8,4,0,0,4,0,0,0
492,2026-01-27,5,13,4,1,0,4,1,0,0
492,2026-01-28,4,17,3,1,1,2,1,0,0
492,2026-01-29,7,24,6,1,1,4,0,1,1
492,2026-01-30,3,27,3,0,0,3,0,0,0
492,2026-01-31,3,30,3,0,0,3,0,0,0
492,2026-02-01,3,33,3,0,0,2,0,1,0
492,2026-02-02,3,36,2,1,0,1,1,1,0
492,2026-02-03,5,41,4,1,0,4,0,0,1
492,2026-02-04,3,44,3,0,0,3,0,0,0
492,2026-02-05,1,45,0,1,0,0,1,0,0
492,2026-02-06,3,48,1,2,0,1,2,0,0
492,2026-02-07,2,50,2,0,1,0,0,1,0
492,2026-02-08,0,50,0,0,0,0,0,0,0
492,2026-02-09,5,55,3,2,1,2,2,0,0
492,2026-02-10,1,56,1,0,1,0,0,0,0
493,2026-01-14,0,0,0,0,0,0,0,0,0
493,2026-01-15,0,0,0,0,0,0,0,0,0
493,2026-01-16,0,0,0,0,0,0,0,0,0
493,2026-01-17,0,0,0,0,0,0,0,0,0
493,2026-01-18,0,0,0,0,0,0,0,0,0
493,2026-01-19,0,0,0,0,0,0,0,0,0
493,2026-01-20,0,0,0,0,0,0,0,0,0
493,2026-01-21,0,0,0,0,0,0,0,0,0
493,2026-01-22,0,0,0,0,0,0,0,0,0
493,2026-01-23,0,0,0,0,0,0,0,0,0
493,2026-01-24,0,0,0,0,0,0,0,0,0
493,2026-01-25,6,6,5,1,2,3,1,0,0
493,2026-01-26,3,9,2,1,0,2,1,0,0
493,2026-01-27,1,10,0,1,0,0,0,0,1
493,2026-01-28,3,13,2,1,1,0,1,1,0
493,2026-01-29,7,20,6,1,1,4,1,1,0
493,2026-01-30,6,26,6,0,1,5,0,0,0
493,2026-01-31,5,31,3,2,1,1,1,1,1
493,2026-02-01,4,35,4,0,1,2,0,1,0
493,2026-02-02,4,39,3,1,0,1,1,2,0
493,2026-02-03,11,50,9,2,2,7,1,0,1
493,2026-02-04,5,55,3,2,1,2,1,0,1
493,2026-02-05,0,55,0,0,0,0,0,0,0
493,2026-02-06,3,58,2,1,0,1,1,1,0
493,2026-02-07,3,61,3,0,0,3,0,0,0
493,2026-02-08,2,63,2,0,1,1,0,0,0
493,2026-02-09,3,66,2,1,0,2,1,0,0
493,2026-02-10,1,67,0,1,0,0,1,0,0
494,2026-01-14,0,0,0,0,0,0,0,0,0
494,2026-01-15,0,0,0,0,0,0,0,0,0
494,2026-01-16,0,0,0,0,0,0,0,0,0
494,2026-01-17,0,0,0,0,0,0,0,0,0
494,2026-01-18,0,0,0,0,0,0,0,0,0
494,2026-01-19,0,0,0,0,0,0,0,0,0
494,2026-01-20,0,0,0,0,0,0,0,0,0
494,2026-01-21,0,0,0,0,0,0,0,0,0
494,2026-01-22,0,0,0,0,0,0,0,0,0
494,2026-01-23,0,0,0,0,0,0,0,0,0
494,2026-01-24,0,0,0,0,0,0,0,0,0
494,2026-01-25,1,1,0,1,0,0,1,0,0
494,2026-01-26,2,3,2,0,0,2,0,0,0
494,2026-01-27,2,5,0,2,0,0,1,0,1
494,2026-01-28,2,7,1,1,0,0,1,1,0
494,2026-01-29,0,7,0,0,0,0,0,0,0
494,2026-01-30,1,8,1,0,1,0,0,0,0
494,2026-01-31,5,13,5,0,4,1,0,0,0
494,2026-02-01,2,15,0,2,0,0,2,0,0
494,2026-02-02,2,17,2,0,1,1,0,0,0
494,2026-02-03,0,17,0,0,0,0,0,0,0
494,2026-02-04,3,20,2,1,1,1,1,0,0
494,2026-02-05,0,20,0,0,0,0,0,0,0
494,2026-02-06,2,22,2,0,1,1,0,0,0
494,2026-02-07,1,23,1,0,0,1,0,0,0
494,2026-02-08,0,23,0,0,0,0,0,0,0
494,2026-02-09,3,26,2,1,0,1,1,1,0
494,2026-02-10,2,28,1,1,0,1,1,0,0
495,2026-01-14,0,0,0,0,0,0,0,0,0
495,2026-01-15,0,0,0,0,0,0,0,0,0
495,2026-01-16,0,0,0,0,0,0,0,0,0
495,2026-01-17,0,0,0,0,0,0,0,0,0
495,2026-01-18,0,0,0,0,0,0,0,0,0
495,2026-01-19,0,0,0,0,0,0,0,0,0
495,2026-01-20,0,0,0,0,0,0,0,0,0
495,2026-01-21,0,0,0,0,0,0,0,0,0
495,2026-01-22,0,0,0,0,0,0,0,0,0
495,2026-01-23,0,0,0,0,0,0,0,0,0
495,2026-01-24,0,0,0,0,0,0,0,0,0
495,2026-01-25,5,5,3,2,1,1,1,1,1
495,2026-01-26,4,9,2,2,1,1,2,0,0
495,2026-01-27,2,11,2,0,1,1,0,0,0
495,2026-01-28,0,11,0,0,0,0,0,0,0
495,2026-01-29,0,11,0,0,0,0,0,0,0
495,2026-01-30,1,12,0,1,0,0,1,0,0
495,2026-01-31,0,12,0,0,0,0,0,0,0
495,2026-02-01,2,14,2,0,0,2,0,0,0
495,2026-02-02,2,16,2,0,0,2,0,0,0
495,2026-02-03,3,19,2,1,1,1,1,0,0
495,2026-02-04,5,24,3,2,1,1,1,1,1
495,2026-02-05,3,27,3,0,1,2,0,0,0
495,2026-02-06,5,32,4,1,2,2,1,0,0
495,2026-02-07,3,35,3,0,0,2,0,1,0
495,2026-02-08,0,35,0,0,0,0,0,0,0
495,2026-02-09,3,38,2,1,0,2,1,0,0
495,2026-02-10,3,41,0,3,0,0,3,0,0
496,2026-01-14,0,0,0,0,0,0,0,0,0
496,2026-01-15,0,0,0,0,0,0,0,0,0
496,2026-01-16,0,0,0,0,0,0,0,0,0
496,2026-01-17,0,0,0,0,0,0,0,0,0
496,2026-01-18,0,0,0,0,0,0,0,0,0
496,2026-01-19,0,0,0,0,0,0,0,0,0
496,2026-01-20,0,0,0,0,0,0,0,0,0
496,2026-01-21,0,0,0,0,0,0,0,0,0
496,2026-01-22,0,0,0,0,0,0,0,0,0
496,2026-01-23,0,0,0,0,0,0,0,0,0
496,2026-01-24,0,0,0,0,0,0,0,0,0
496,2026-01-25,1,1,1,0,1,0,0,0,0
496,2026-01-26,6,7,4,2,1,2,1,1,1
496,2026-01-27,3,10,3,0,1,2,0,0,0
496,2026-01-28,5,15,5,0,2,2,0,1,0
496,2026-01-29,4,19,4,0,1,3,0,0,0
496,2026-01-30,3,22,2,1,0,2,1,0,0
496,2026-01-31,2,24,1,1,0,0,0,1,1
496,2026-02-01,4,28,3,1,0,3,1,0,0
496,2026-02-02,3,31,2,1,1,1,1,0,0
496,2026-02-03,4,35,2,2,0,2,0,0,2
496,2026-02-04,1,36,1,0,0,1,0,0,0
496,2026-02-05,4,40,3,1,3,0,1,0,0
496,2026-02-06,2,42,2,0,1,1,0,0,0
496,2026-02-07,2,44,2,0,1,1,0,0,0
496,2026-02-08,1,45,0,1,0,0,1,0,0
496,2026-02-09,3,48,3,0,1,2,0,0,0
496,2026-02-10,2,50,2,0,0,2,0,0,0
497,2026-01-14,0,0,0,0,0,0,0,0,0
497,2026-01-15,0,0,0,0,0,0,0,0,0
497,2026-01-16,0,0,0,0,0,0,0,0,0
497,2026-01-17,0,0,0,0,0,0,0,0,0
497,2026-01-18,0,0,0,0,0,0,0,0,0
497,2026-01-19,0,0,0,0,0,0,0,0,0
497,2026-01-20,0,0,0,0,0,0,0,0,0
497,2026-01-21,0,0,0,0,0,0,0,0,0
497,2026-01-22,0,0,0,0,0,0,0,0,0
497,2026-01-23,0,0,0,0,0,0,0,0,0
497,2026-01-24,0,0,0,0,0,0,0,0,0
497,2026-01-25,2,2,1,1,1,0,1,0,0
497,2026-01-26,3,5,3,0,1,2,0,0,0
497,2026-01-27,1,6,1,0,0,1,0,0,0
497,2026-01-28,1,7,0,1,0,0,1,0,0
497,2026-01-29,6,13,4,2,0,3,2,1,0
497,2026-01-30,6,19,6,0,2,3,0,1,0
497,2026-01-31,3,22,3,0,2,1,0,0,0
497,2026-02-01,2,24,2,0,0,2,0,0,0
497,2026-02-02,4,28,4,0,1,3,0,0,0
497,2026-02-03,1,29,1,0,0,1,0,0,0
497,2026-02-04,0,29,0,0,0,0,0,0,0
497,2026-02-05,1,30,1,0,0,1,0,0,0
497,2026-02-06,0,30,0,0,0,0,0,0,0
497,2026-02-07,4,34,4,0,1,2,0,1,0
497,2026-02-08,2,36,1,1,0,1,0,0,1
497,2026-02-09,2,38,2,0,1,1,0,0,0
497,2026-02-10,1,39,0,1,0,0,1,0,0
498,2026-01-14,0,0,0,0,0,0,0,0,0
498,2026-01-15,0,0,0,0,0,0,0,0,0
498,2026-01-16,0,0,0,0,0,0,0,0,0
498,2026-01-17,0,0,0,0,0,0,0,0,0
498,2026-01-18,0,0,0,0,0,0,0,0,0
498,2026-01-19,0,0,0,0,0,0,0,0,0
498,2026-01-20,0,0,0,0,0,0,0,0,0
498,2026-01-21,0,0,0,0,0,0,0,0,0
498,2026-01-22,0,0,0,0,0,0,0,0,0
498,2026-01-23,0,0,0,0,0,0,0,0,0
498,2026-01-24,0,0,0,0,0,0,0,0,0
498,2026-01-25,0,0,0,0,0,0,0,0,0
498,2026-01-26,2,2,2,0,1,0,0,1,0
498,2026-01-27,2,4,2,0,0,2,0,0,0
498,2026-01-28,2,6,1,1,0,1,1,0,0
498,2026-01-29,0,6,0,0,0,0,0,0,0
498,2026-01-30,1,7,1,0,1,0,0,0,0
498,2026-01-31,2,9,2,0,1,1,0,0,0
498,2026-02-01,1,10,1,0,0,1,0,0,0
498,2026-02-02,4,14,2,2,0,2,1,0,1
498,2026-02-03,2,16,1,1,0,1,0,0,1
498,2026-02-04,1,17,1,0,1,0,0,0,0
498,2026-02-05,1,18,1,0,0,1,0,0,0
498,2026-02-06,3,21,3,0,1,2,0,0,0
498,2026-02-07,3,24,1,2,0,1,2,0,0
498,2026-02-08,2,26,1,1,0,1,1,0,0
498,2026-02-09,3,29,1,2,0,1,1,0,1
498,2026-02-10,1,30,1,0,0,1,0,0,0
499,2026-01-14,0,0,0,0,0,0,0,0,0
499,2026-01-15,0,0,0,0,0,0,0,0,0
499,2026-01-16,0,0,0,0,0,0,0,0,0
499,2026-01-17,0,0,0,0,0,0,0,0,0
499,2026-01-18,0,0,0,0,0,0,0,0,0
499,2026-01-19,0,0,0,0,0,0,0,0,0
499,2026-01-20,0,0,0,0,0,0,0,0,0
499,2026-01-21,0,0,0,0,0,0,0,0,0
499,2026-01-22,0,0,0,0,0,0,0,0,0
499,2026-01-23,0,0,0,0,0,0,0,0,0
499,2026-01-24,0,0,0,0,0,0,0,0,0
499,2026-01-25,3,3,3,0,1,2,0,0,0
499,2026-01-26,2,5,2,0,0,1,0,1,0
499,2026-01-27,2,7,1,1,1,0,1,0,0
499,2026-01-28,5,12,5,0,2,3,0,0,0
499,2026-01-29,2,14,1,1,0,1,0,0,1
499,2026-01-30,0,14,0,0,0,0,0,0,0
499,2026-01-31,2,16,2,0,0,1,0,1,0
499,2026-02-01,5,21,4,1,2,2,1,0,0
499,2026-02-02,5,26,3,2,1,2,2,0,0
499,2026-02-03,3,29,1,2,0,0,2,1,0
499,2026-02-04,2,31,2,0,0,1,0,1,0
499,2026-02-05,1,32,0,1,0,0,1,0,0
499,2026-02-06,1,33,1,0,0,1,0,0,0
499,2026-02-07,2,35,2,0,1,1,0,0,0
499,2026-02-08,1,36,1,0,0,1,0,0,0
499,2026-02-09,2,38,2,0,0,2,0,0,0
499,2026-02-10,0,38,0,0,0,0,0,0,0
500,2026-01-14,0,0,0,0,0,0,0,0,0
500,2026-01-15,0,0,0,0,0,0,0,0,0
500,2026-01-16,0,0,0,0,0,0,0,0,0
500,2026-01-17,0,0,0,0,0,0,0,0,0
500,2026-01-18,0,0,0,0,0,0,0,0,0
500,2026-01-19,0,0,0,0,0,0,0,0,0
500,2026-01-20,0,0,0,0,0,0,0,0,0
500,2026-01-21,0,0,0,0,0,0,0,0,0
500,2026-01-22,0,0,0,0,0,0,0,0,0
500,2026-01-23,0,0,0,0,0,0,0,0,0
500,2026-01-24,0,0,0,0,0,0,0,0,0
500,2026-01-25,4,4,4,0,0,4,0,0,0
500,2026-01-26,3,7,2,1,0,2,1,0,0
500,2026-01-27,3,10,2,1,1,1,1,0,0
500,2026-01-28,4,14,2,2,1,1,2,0,0
500,2026-01-29,2,16,2,0,0,2,0,0,0
500,2026-01-30,4,20,4,0,1,3,0,0,0
500,2026-01-31,3,23,2,1,0,2,1,0,0
500,2026-02-01,6,29,6,0,0,3,0,3,0
500,2026-02-02,4,33,3,1,1,2,1,0,0
500,2026-02-03,3,36,3,0,1,1,0,1,0
500,2026-02-04,3,39,2,1,1,1,1,0,0
500,2026-02-05,3,42,3,0,1,2,0,0,0
500,2026-02-06,5,47,4,1,0,4,0,0,1
500,2026-02-07,0,47,0,0,0,0,0,0,0
500,2026-02-08,2,49,1,1,0,0,1,1,0
500,2026-02-09,1,50,1,0,0,0,0,1,0
500,2026-02-10,2,52,2,0,2,0,0,0,0
