trajectory,date,new_confirmed,cum_new_confirmed,new_chicken,new_duck,new_broiler_1,new_broiler_2,new_conventional,new_layer,new_organic
1,2026-01-14,0,0,0,0,0,0,0,0,0
1,2026-01-15,0,0,0,0,0,0,0,0,0
1,2026-01-16,0,0,0,0,0,0,0,0,0
1,2026-01-17,0,0,0,0,0,0,0,0,0
1,2026-01-18,0,0,0,0,0,0,0,0,0
1,2026-01-19,0,0,0,0,0,0,0,0,0
1,2026-01-20,0,0,0,0,0,0,0,0,0
1,2026-01-21,0,0,0,0,0,0,0,0,0
1,2026-01-22,0,0,0,0,0,0,0,0,0
1,2026-01-23,0,0,0,0,0,0,0,0,0
1,2026-01-24,0,0,0,0,0,0,0,0,0
1,2026-01-25,5,5,4,1,1,3,0,0,1
1,2026-01-26,7,12,7,0,4,3,0,0,0
1,2026-01-27,6,18,5,1,2,3,0,0,1
1,2026-01-28,2,20,2,0,0,2,0,0,0
1,2026-01-29,3,23,2,1,1,1,1,0,0
1,2026-01-30,3,26,3,0,1,2,0,0,0
1,2026-01-31,7,33,4,3,1,2,2,1,1
1,2026-02-01,4,37,3,1,1,2,0,0,1
1,2026-02-02,8,45,7,1,1,5,1,1,0
1,2026-02-03,3,48,3,0,2,1,0,0,0
1,2026-02-04,7,55,5,2,1,3,2,1,0
1,2026-02-05,7,62,5,2,3,2,2,0,0
1,2026-02-06,8,70,6,2,3,3,1,0,1
1,2026-02-07,6,76,4,2,1,3,2,0,0
1,2026-02-08,3,79,2,1,1,1,1,0,0
1,2026-02-09,6,85,4,2,1,2,1,1,1
1,2026-02-10,12,97,8,4,2,4,3,2,1
2,2026-01-14,0,0,0,0,0,0,0,0,0
2,2026-01-15,0,0,0,0,0,0,0,0,0
2,2026-01-16,0,0,0,0,0,0,0,0,0
2,2026-01-17,0,0,0,0,0,0,0,0,0
2,2026-01-18,0,0,0,0,0,0,0,0,0
2,2026-01-19,0,0,0,0,0,0,0,0,0
2,2026-01-20,0,0,0,0,0,0,0,0,0
2,2026-01-21,0,0,0,0,0,0,0,0,0
2,2026-01-22,0,0,0,0,0,0,0,0,0
2,2026-01-23,0,0,0,0,0,0,0,0,0
2,2026-01-24,0,0,0,0,0,0,0,0,0
2,2026-01-25,7,7,5,2,2,1,2,2,0
2,2026-01-26,3,10,2,1,1,1,0,0,1
2,2026-01-27,3,13,2,1,0,2,1,0,0
2,2026-01-28,5,18,3,2,0,2,2,1,0
2,2026-01-29,8,26,7,1,3,4,0,0,1
2,2026-01-30,4,30,4,0,0,3,0,1,0
2,2026-01-31,9,39,7,2,0,7,2,0,0
2,2026-02-01,3,42,3,0,3,0,0,0,0
2,2026-02-02,5,47,4,1,3,1,1,0,0
2,2026-02-03,7,54,6,1,2,3,1,1,0
2,2026-02-04,9,63,8,1,1,5,1,2,0
2,2026-02-05,9,72,6,3,2,4,3,0,0
2,2026-02-06,6,78,5,1,0,5,1,0,0
2,2026-02-07,8,86,4,4,1,3,3,0,1
2,2026-02-08,9,95,3,6,0,2,6,1,0
2,2026-02-09,6,101,3,3,0,3,2,0,1
2,2026-02-10,8,109,6,2,0,6,2,0,0
3,2026-01-14,0,0,0,0,0,0,0,0,0
3,2026-01-15,0,0,0,0,0,0,0,0,0
3,2026-01-16,0,0,0,0,0,0,0,0,0
3,2026-01-17,0,0,0,0,0,0,0,0,0
3,2026-01-18,0,0,0,0,0,0,0,0,0
3,2026-01-19,0,0,0,0,0,0,0,0,0
3,2026-01-20,0,0,0,0,0,0,0,0,0
3,2026-01-21,0,0,0,0,0,0,0,0,0
3,2026-01-22,0,0,0,0,0,0,0,0,0
3,2026-01-23,0,0,0,0,0,0,0,0,0
3,2026-01-24,0,0,0,0,0,0,0,0,0
3,2026-01-25,6,6,6,0,0,6,0,0,0
3,2026-01-26,6,12,5,1,2,3,1,0,0
3,2026-01-27,3,15,3,0,0,1,0,2,0
3,2026-01-28,5,20,4,1,1,3,1,0,0
3,2026-01-29,3,23,3,0,1,1,0,1,0
3,2026-01-30,10,33,10,0,2,5,0,3,0
3,2026-01-31,7,40,6,1,2,4,1,0,0
3,2026-02-01,9,49,8,1,5,2,0,1,1
3,2026-02-02,4,53,4,0,0,2,0,2,0
3,2026-02-03,11,64,9,2,2,7,2,0,0
3,2026-02-04,5,69,3,2,2,1,1,0,1
3,2026-02-05,7,76,6,1,4,2,1,0,0
3,2026-02-06,5,81,5,0,0,5,0,0,0
3,2026-02-07,4,85,2,2,0,2,2,0,0
3,2026-02-08,9,94,6,3,0,6,3,0,0
3,2026-02-09,13,107,8,5,1,6,4,1,1
3,2026-02-10,10,117,9,1,3,5,0,1,1
4,2026-01-14,0,0,0,0,0,0,0,0,0
4,2026-01-15,0,0,0,0,0,0,0,0,0
4,2026-01-16,0,0,0,0,0,0,0,0,0
4,2026-01-17,0,0,0,0,0,0,0,0,0
4,2026-01-18,0,0,0,0,0,0,0,0,0
4,2026-01-19,0,0,0,0,0,0,0,0,0
4,2026-01-20,0,0,0,0,0,0,0,0,0
4,2026-01-21,0,0,0,0,0,0,0,0,0
4,2026-01-22,0,0,0,0,0,0,0,0,0
4,2026-01-23,0,0,0,0,0,0,0,0,0
4,2026-01-24,0,0,0,0,0,0,0,0,0
4,2026-01-25,8,8,8,0,2,5,0,1,0
4,2026-01-26,3,11,2,1,2,0,1,0,0
4,2026-01-27,3,14,3,0,3,0,0,0,0
4,2026-01-28,5,19,4,1,2,2,1,0,0
4,2026-01-29,6,25,6,0,1,5,0,0,0
4,2026-01-30,4,29,3,1,3,0,1,0,0
4,2026-01-31,6,35,6,0,3,3,0,0,0
4,2026-02-01,11,46,6,5,3,3,3,0,2
4,2026-02-02,10,56,9,1,1,6,0,2,1
4,2026-02-03,8,64,6,2,2,2,2,2,0
4,2026-02-04,12,76,12,0,5,7,0,0,0
4,2026-02-05,4,80,3,1,0,3,1,0,0
4,2026-02-06,12,92,12,0,5,6,0,1,0
4,2026-02-07,9,101,9,0,4,4,0,1,0
4,2026-02-08,8,109,5,3,0,5,3,0,0
4,2026-02-09,10,119,9,1,1,7,1,1,0
4,2026-02-10,11,130,8,3,3,5,2,0,1
5,2026-01-14,0,0,0,0,0,0,0,0,0
5,2026-01-15,0,0,0,0,0,0,0,0,0
5,2026-01-16,0,0,0,0,0,0,0,0,0
5,2026-01-17,0,0,0,0,0,0,0,0,0
5,2026-01-18,0,0,0,0,0,0,0,0,0
5,2026-01-19,0,0,0,0,0,0,0,0,0
5,2026-01-20,0,0,0,0,0,0,0,0,0
5,2026-01-21,0,0,0,0,0,0,0,0,0
5,2026-01-22,0,0,0,0,0,0,0,0,0
5,2026-01-23,0,0,0,0,0,0,0,0,0
5,2026-01-24,0,0,0,0,0,0,0,0,0
5,2026-01-25,9,9,9,0,1,7,0,1,0
5,2026-01-26,2,11,1,1,0,1,1,0,0
5,2026-01-27,6,17,5,1,2,3,1,0,0
5,2026-01-28,8,25,6,2,1,5,2,0,0
5,2026-01-29,3,28,3,0,1,2,0,0,0
5,2026-01-30,4,32,4,0,3,1,0,0,0
5,2026-01-31,4,36,3,1,1,2,1,0,0
5,2026-02-01,10,46,10,0,4,6,0,0,0
5,2026-02-02,7,53,4,3,0,4,2,0,1
5,2026-02-03,9,62,6,3,4,1,1,1,2
5,2026-02-04,7,69,6,1,3,3,1,0,0
5,2026-02-05,10,79,5,5,3,2,4,0,1
5,2026-02-06,8,87,6,2,0,4,1,2,1
5,2026-02-07,8,95,6,2,3,2,1,1,1
5,2026-02-08,4,99,2,2,1,1,2,0,0
5,2026-02-09,9,108,6,3,2,4,3,0,0
5,2026-02-10,9,117,5,4,1,3,3,1,1
6,2026-01-14,0,0,0,0,0,0,0,0,0
6,2026-01-15,0,0,0,0,0,0,0,0,0
6,2026-01-16,0,0,0,0,0,0,0,0,0
6,2026-01-17,0,0,0,0,0,0,0,0,0
6,2026-01-18,0,0,0,0,0,0,0,0,0
6,2026-01-19,0,0,0,0,0,0,0,0,0
6,2026-01-20,0,0,0,0,0,0,0,0,0
6,2026-01-21,0,0,0,0,0,0,0,0,0
6,2026-01-22,0,0,0,0,0,0,0,0,0
6,2026-01-23,0,0,0,0,0,0,0,0,0
6,2026-01-24,0,0,0,0,0,0,0,0,0
6,2026-01-25,10,10,10,0,3,6,0,1,0
6,2026-01-26,2,12,2,0,1,1,0,0,0
6,2026-01-27,7,19,3,4,1,2,4,0,0
6,2026-01-28,3,22,2,1,0,1,1,1,0
6,2026-01-29,2,24,1,1,0,1,1,0,0
6,2026-01-30,6,30,5,1,3,1,1,1,0
6,2026-01-31,7,37,7,0,2,4,0,1,0
6,2026-02-01,9,46,8,1,3,4,0,1,1
6,2026-02-02,7,53,6,1,1,4,1,1,0
6,2026-02-03,12,65,10,2,2,8,1,0,1
6,2026-02-04,6,71,6,0,3,3,0,0,0
6,2026-02-05,13,84,8,5,3,5,5,0,0
6,2026-02-06,7,91,6,1,4,2,1,0,0
6,2026-02-07,6,97,3,3,1,2,3,0,0
6,2026-02-08,11,108,10,1,3,5,0,2,1
6,2026-02-09,12,120,9,3,2,7,3,0,0
6,2026-02-10,10,130,9,1,0,6,1,3,0
7,2026-01-14,0,0,0,0,0,0,0,0,0
7,2026-01-15,0,0,0,0,0,0,0,0,0
7,2026-01-16,0,0,0,0,0,0,0,0,0
7,2026-01-17,0,0,0,0,0,0,0,0,0
7,2026-01-18,0,0,0,0,0,0,0,0,0
7,2026-01-19,0,0,0,0,0,0,0,0,0
7,2026-01-20,0,0,0,0,0,0,0,0,0
7,2026-01-21,0,0,0,0,0,0,0,0,0
7,2026-01-22,0,0,0,0,0,0,0,0,0
7,2026-01-23,0,0,0,0,0,0,0,0,0
7,2026-01-24,0,0,0,0,0,0,0,0,0
7,2026-01-25,11,11,7,4,5,2,3,0,1
7,2026-01-26,2,13,2,0,0,2,0,0,0
7,2026-01-27,2,15,2,0,2,0,0,0,0
7,2026-01-28,2,17,2,0,0,2,0,0,0
7,2026-01-29,6,23,6,0,3,3,0,0,0
7,2026-01-30,3,26,3,0,1,2,0,0,0
7,2026-01-31,4,30,4,0,1,2,0,1,0
7,2026-02-01,3,33,3,0,1,2,0,0,0
7,2026-02-02,6,39,6,0,1,4,0,1,0
7,2026-02-03,5,44,3,2,1,2,1,0,1
7,2026-02-04,7,51,7,0,3,3,0,1,0
7,2026-02-05,6,57,6,0,1,5,0,0,0
7,2026-02-06,4,61,4,0,0,4,0,0,0
7,2026-02-07,8,69,6,2,0,4,2,2,0
7,2026-02-08,9,78,6,3,2,4,2,0,1
7,2026-02-09,7,85,7,0,2,5,0,0,0
7,2026-02-10,7,92,6,1,2,3,0,1,1
8,2026-01-14,0,0,0,0,0,0,0,0,0
8,2026-01-15,0,0,0,0,0,0,0,0,0
8,2026-01-16,0,0,0,0,0,0,0,0,0
8,2026-01-17,0,0,0,0,0,0,0,0,0
8,2026-01-18,0,0,0,0,0,0,0,0,0
8,2026-01-19,0,0,0,0,0,0,0,0,0
8,2026-01-20,0,0,0,0,0,0,0,0,0
8,2026-01-21,0,0,0,0,0,0,0,0,0
8,2026-01-22,0,0,0,0,0,0,0,0,0
8,2026-01-23,0,0,0,0,0,0,0,0,0
8,2026-01-24,0,0,0,0,0,0,0,0,0
8,2026-01-25,9,9,7,2,0,5,1,2,1
8,2026-01-26,4,13,4,0,0,4,0,0,0
8,2026-01-27,5,18,3,2,1,1,2,1,0
8,2026-01-28,4,22,4,0,2,2,0,0,0
8,2026-01-29,6,28,6,0,1,4,0,1,0
8,2026-01-30,6,34,5,1,0,4,1,1,0
8,2026-01-31,7,41,6,1,3,2,1,1,0
8,2026-02-01,7,48,5,2,1,4,2,0,0
8,2026-02-02,7,55,7,0,1,5,0,1,0
8,2026-02-03,4,59,3,1,1,1,1,1,0
8,2026-02-04,3,62,1,2,0,1,2,0,0
8,2026-02-05,8,70,7,1,2,5,1,0,0
8,2026-02-06,7,77,5,2,1,4,2,0,0
8,2026-02-07,8,85,5,3,2,3,3,0,0
8,2026-02-08,10,95,9,1,3,6,1,0,0
8,2026-02-09,6,101,4,2,2,2,2,0,0
8,2026-02-10,6,107,6,0,2,3,0,1,0
9,2026-01-14,0,0,0,0,0,0,0,0,0
9,2026-01-15,0,0,0,0,0,0,0,0,0
9,2026-01-16,0,0,0,0,0,0,0,0,0
9,2026-01-17,0,0,0,0,0,0,0,0,0
9,2026-01-18,0,0,0,0,0,0,0,0,0
9,2026-01-19,0,0,0,0,0,0,0,0,0
9,2026-01-20,0,0,0,0,0,0,0,0,0
9,2026-01-21,0,0,0,0,0,0,0,0,0
9,2026-01-22,0,0,0,0,0,0,0,0,0
9,2026-01-23,0,0,0,0,0,0,0,0,0
9,2026-01-24,0,0,0,0,0,0,0,0,0
9,2026-01-25,4,4,4,0,0,4,0,0,0
9,2026-01-26,1,5,1,0,0,1,0,0,0
9,2026-01-27,1,6,1,0,0,1,0,0,0
9,2026-01-28,4,10,3,1,0,3,0,0,1
9,2026-01-29,4,14,3,1,0,3,0,0,1
9,2026-01-30,5,19,4,1,0,4,1,0,0
9,2026-01-31,6,25,6,0,2,4,0,0,0
9,2026-02-01,5,30,3,2,0,1,2,2,0
9,2026-02-02,6,36,6,0,0,4,0,2,0
9,2026-02-03,7,43,6,1,2,3,0,1,1
9,2026-02-04,2,45,1,1,0,1,1,0,0
9,2026-02-05,4,49,3,1,2,1,0,0,1
9,2026-02-06,10,59,7,3,1,6,2,0,1
9,2026-02-07,9,68,7,2,1,6,2,0,0
9,2026-02-08,7,75,7,0,1,6,0,0,0
9,2026-02-09,12,87,11,1,3,6,1,2,0
9,2026-02-10,7,94,5,2,3,2,1,0,1
10,2026-01-14,0,0,0,0,0,0,0,0,0
10,2026-01-15,0,0,0,0,0,0,0,0,0
10,2026-01-16,0,0,0,0,0,0,0,0,0
10,2026-01-17,0,0,0,0,0,0,0,0,0
10,2026-01-18,0,0,0,0,0,0,0,0,0
10,2026-01-19,0,0,0,0,0,0,0,0,0
10,2026-01-20,0,0,0,0,0,0,0,0,0
10,2026-01-21,0,0,0,0,0,0,0,0,0
10,2026-01-22,0,0,0,0,0,0,0,0,0
10,2026-01-23,0,0,0,0,0,0,0,0,0
10,2026-01-24,0,0,0,0,0,0,0,0,0
10,2026-01-25,9,9,7,2,2,4,2,1,0
10,2026-01-26,7,16,6,1,1,5,0,0,1
10,2026-01-27,2,18,2,0,1,1,0,0,0
10,2026-01-28,4,22,3,1,0,3,0,0,1
10,2026-01-29,4,26,3,1,1,2,1,0,0
10,2026-01-30,8,34,7,1,1,4,1,2,0
10,2026-01-31,7,41,6,1,3,3,1,0,0
10,2026-02-01,7,48,5,2,2,2,2,1,0
10,2026-02-02,8,56,7,1,4,3,1,0,0
10,2026-02-03,11,67,8,3,2,6,2,0,1
10,2026-02-04,6,73,4,2,1,3,2,0,0
10,2026-02-05,14,87,14,0,0,12,0,2,0
10,2026-02-06,14,101,11,3,4,6,3,1,0
10,2026-02-07,14,115,11,3,5,5,3,1,0
10,2026-02-08,12,127,8,4,4,3,2,1,2
10,2026-02-09,14,141,12,2,3,7,1,2,1
10,2026-02-10,9,150,6,3,2,3,2,1,1
11,2026-01-14,0,0,0,0,0,0,0,0,0
11,2026-01-15,0,0,0,0,0,0,0,0,0
11,2026-01-16,0,0,0,0,0,0,0,0,0
11,2026-01-17,0,0,0,0,0,0,0,0,0
11,2026-01-18,0,0,0,0,0,0,0,0,0
11,2026-01-19,0,0,0,0,0,0,0,0,0
11,2026-01-20,0,0,0,0,0,0,0,0,0
11,2026-01-21,0,0,0,0,0,0,0,0,0
11,2026-01-22,0,0,0,0,0,0,0,0,0
11,2026-01-23,0,0,0,0,0,0,0,0,0
11,2026-01-24,0,0,0,0,0,0,0,0,0
11,2026-01-25,8,8,7,1,1,4,1,2,0
11,2026-01-26,8,16,8,0,3,4,0,1,0
11,2026-01-27,6,22,6,0,0,4,0,2,0
11,2026-01-28,5,27,5,0,2,2,0,1,0
11,2026-01-29,4,31,3,1,0,2,1,1,0
11,2026-01-30,5,36,2,3,1,1,3,0,0
11,2026-01-31,2,38,2,0,0,2,0,0,0
11,2026-02-01,8,46,8,0,2,6,0,0,0
11,2026-02-02,11,57,10,1,4,4,1,2,0
11,2026-02-03,12,69,9,3,2,6,2,1,1
11,2026-02-04,8,77,6,2,3,3,2,0,0
11,2026-02-05,7,84,7,0,4,3,0,0,0
11,2026-02-06,10,94,8,2,3,5,2,0,0
11,2026-02-07,13,107,12,1,2,7,1,3,0
11,2026-02-08,10,117,7,3,2,5,2,0,1
11,2026-02-09,10,127,7,3,2,2,3,3,0
11,2026-02-10,9,136,9,0,3,5,0,1,0
12,2026-01-14,0,0,0,0,0,0,0,0,0
12,2026-01-15,0,0,0,0,0,0,0,0,0
12,2026-01-16,0,0,0,0,0,0,0,0,0
12,2026-01-17,0,0,0,0,0,0,0,0,0
12,2026-01-18,0,0,0,0,0,0,0,0,0
12,2026-01-19,0,0,0,0,0,0,0,0,0
12,2026-01-20,0,0,0,0,0,0,0,0,0
12,2026-01-21,0,0,0,0,0,0,0,0,0
12,2026-01-22,0,0,0,0,0,0,0,0,0
12,2026-01-23,0,0,0,0,0,0,0,0,0
12,2026-01-24,0,0,0,0,0,0,0,0,0
12,2026-01-25,6,6,6,0,2,4,0,0,0
12,2026-01-26,5,11,3,2,1,2,1,0,1
12,2026-01-27,6,17,4,2,2,1,2,1,0
12,2026-01-28,7,24,5,2,0,4,2,1,0
12,2026-01-29,7,31,7,0,4,3,0,0,0
12,2026-01-30,5,36,4,1,1,3,1,0,0
12,2026-01-31,8,44,7,1,0,6,1,1,0
12,2026-02-01,7,51,7,0,0,6,0,1,0
12,2026-02-02,6,57,4,2,2,2,2,0,0
12,2026-02-03,10,67,9,1,1,8,1,0,0
12,2026-02-04,6,73,5,1,2,3,1,0,0
12,2026-02-05,10,83,9,1,1,7,1,1,0
12,2026-02-06,12,95,8,4,2,6,4,0,0
12,2026-02-07,17,112,15,2,6,9,2,0,0
12,2026-02-08,13,125,9,4,2,5,4,2,0
12,2026-02-09,13,138,11,2,3,7,1,1,1
12,2026-02-10,14,152,10,4,3,6,3,1,1
13,2026-01-14,0,0,0,0,0,0,0,0,0
13,2026-01-15,0,0,0,0,0,0,0,0,0
13,2026-01-16,0,0,0,0,0,0,0,0,0
13,2026-01-17,0,0,0,0,0,0,0,0,0
13,2026-01-18,0,0,0,0,0,0,0,0,0
13,2026-01-19,0,0,0,0,0,0,0,0,0
13,2026-01-20,0,0,0,0,0,0,0,0,0
13,2026-01-21,0,0,0,0,0,0,0,0,0
13,2026-01-22,0,0,0,0,0,0,0,0,0
13,2026-01-23,0,0,0,0,0,0,0,0,0
13,2026-01-24,0,0,0,0,0,0,0,0,0
13,2026-01-25,4,4,3,1,0,3,0,0,1
13,2026-01-26,7,11,6,1,1,4,1,1,0
13,2026-01-27,5,16,1,4,0,1,4,0,0
13,2026-01-28,6,22,4,2,2,2,1,0,1
13,2026-01-29,1,23,1,0,0,1,0,0,0
13,2026-01-30,3,26,2,1,0,1,0,1,1
13,2026-01-31,10,36,8,2,1,4,1,3,1
13,2026-02-01,3,39,2,1,1,1,1,0,0
13,2026-02-02,8,47,7,1,2,4,1,1,0
13,2026-02-03,10,57,6,4,3,3,4,0,0
13,2026-02-04,7,64,4,3,2,2,3,0,0
13,2026-02-05,8,72,6,2,1,5,0,0,2
13,2026-02-06,9,81,5,4,1,3,2,1,2
13,2026-02-07,5,86,4,1,0,4,1,0,0
13,2026-02-08,10,96,8,2,2,4,2,2,0
13,2026-02-09,6,102,5,1,2,3,1,0,0
13,2026-02-10,3,105,3,0,0,3,0,0,0
14,2026-01-14,0,0,0,0,0,0,0,0,0
14,2026-01-15,0,0,0,0,0,0,0,0,0
14,2026-01-16,0,0,0,0,0,0,0,0,0
14,2026-01-17,0,0,0,0,0,0,0,0,0
14,2026-01-18,0,0,0,0,0,0,0,0,0
14,2026-01-19,0,0,0,0,0,0,0,0,0
14,2026-01-20,0,0,0,0,0,0,0,0,0
14,2026-01-21,0,0,0,0,0,0,0,0,0
14,2026-01-22,0,0,0,0,0,0,0,0,0
14,2026-01-23,0,0,0,0,0,0,0,0,0
14,2026-01-24,0,0,0,0,0,0,0,0,0
14,2026-01-25,6,6,5,1,1,4,1,0,0
14,2026-01-26,8,14,7,1,2,5,1,0,0
14,2026-01-27,8,22,6,2,3,3,2,0,0
14,2026-01-28,6,28,4,2,1,3,1,0,1
14,2026-01-29,9,37,6,3,2,3,2,1,1
14,2026-01-30,8,45,7,1,3,3,0,1,1
14,2026-01-31,8,53,4,4,1,2,3,1,1
14,2026-02-01,4,57,3,1,1,1,0,1,1
14,2026-02-02,9,66,8,1,2,4,1,2,0
14,2026-02-03,7,73,6,1,2,4,0,0,1
14,2026-02-04,7,80,7,0,2,5,0,0,0
14,2026-02-05,13,93,6,7,1,5,6,0,1
14,2026-02-06,17,110,15,2,7,8,2,0,0
14,2026-02-07,17,127,12,5,3,8,4,1,1
14,2026-02-08,9,136,6,3,3,3,1,0,2
14,2026-02-09,10,146,8,2,2,4,2,2,0
14,2026-02-10,9,155,8,1,3,4,1,1,0
15,2026-01-14,0,0,0,0,0,0,0,0,0
15,2026-01-15,0,0,0,0,0,0,0,0,0
15,2026-01-16,0,0,0,0,0,0,0,0,0
15,2026-01-17,0,0,0,0,0,0,0,0,0
15,2026-01-18,0,0,0,0,0,0,0,0,0
15,2026-01-19,0,0,0,0,0,0,0,0,0
15,2026-01-20,0,0,0,0,0,0,0,0,0
15,2026-01-21,0,0,0,0,0,0,0,0,0
15,2026-01-22,0,0,0,0,0,0,0,0,0
15,2026-01-23,0,0,0,0,0,0,0,0,0
15,2026-01-24,0,0,0,0,0,0,0,0,0
15,2026-01-25,5,5,4,1,1,3,0,0,1
15,2026-01-26,3,8,3,0,2,1,0,0,0
15,2026-01-27,2,10,2,0,0,2,0,0,0
15,2026-01-28,2,12,2,0,1,1,0,0,0
15,2026-01-29,4,16,4,0,1,2,0,1,0
15,2026-01-30,6,22,1,5,1,0,4,0,1
15,2026-01-31,5,27,4,1,3,1,1,0,0
15,2026-02-01,4,31,3,1,2,1,1,0,0
15,2026-02-02,9,40,8,1,1,7,1,0,0
15,2026-02-03,2,42,2,0,1,0,0,1,0
15,2026-02-04,8,50,7,1,3,3,1,1,0
15,2026-02-05,7,57,5,2,3,2,1,0,1
15,2026-02-06,6,63,4,2,1,3,2,0,0
15,2026-02-07,9,72,8,1,3,5,1,0,0
15,2026-02-08,8,80,8,0,0,8,0,0,0
15,2026-02-09,12,92,8,4,4,3,3,1,1
15,2026-02-10,11,103,7,4,1,5,2,1,2
16,2026-01-14,0,0,0,0,0,0,0,0,0
16,2026-01-15,0,0,0,0,0,0,0,0,0
16,2026-01-16,0,0,0,0,0,0,0,0,0
16,2026-01-17,0,0,0,0,0,0,0,0,0
16,2026-01-18,0,0,0,0,0,0,0,0,0
16,2026-01-19,0,0,0,0,0,0,0,0,0
16,2026-01-20,0,0,0,0,0,0,0,0,0
16,2026-01-21,0,0,0,0,0,0,0,0,0
16,2026-01-22,0,0,0,0,0,0,0,0,0
16,2026-01-23,0,0,0,0,0,0,0,0,0
16,2026-01-24,0,0,0,0,0,0,0,0,0
16,2026-01-25,3,3,3,0,2,1,0,0,0
16,2026-01-26,3,6,2,1,1,1,1,0,0
16,2026-01-27,3,9,1,2,0,1,2,0,0
16,2026-01-28,2,11,1,1,1,0,1,0,0
16,2026-01-29,2,13,0,2,0,0,2,0,0
16,2026-01-30,5,18,1,4,0,1,3,0,1
16,2026-01-31,1,19,1,0,1,0,0,0,0
16,2026-02-01,0,19,0,0,0,0,0,0,0
16,2026-02-02,3,22,3,0,1,1,0,1,0
16,2026-02-03,7,29,5,2,0,3,1,2,1
16,2026-02-04,1,30,1,0,0,1,0,0,0
16,2026-02-05,2,32,1,1,1,0,1,0,0
16,2026-02-06,7,39,4,3,0,4,3,0,0
16,2026-02-07,6,45,6,0,1,4,0,1,0
16,2026-02-08,2,47,2,0,0,1,0,1,0
16,2026-02-09,6,53,4,2,2,1,1,1,1
16,2026-02-10,4,57,4,0,4,0,0,0,0
17,2026-01-14,0,0,0,0,0,0,0,0,0
17,2026-01-15,0,0,0,0,0,0,0,0,0
17,2026-01-16,0,0,0,0,0,0,0,0,0
17,2026-01-17,0,0,0,0,0,0,0,0,0
17,2026-01-18,0,0,0,0,0,0,0,0,0
17,2026-01-19,0,0,0,0,0,0,0,0,0
17,2026-01-20,0,0,0,0,0,0,0,0,0
17,2026-01-21,0,0,0,0,0,0,0,0,0
17,2026-01-22,0,0,0,0,0,0,0,0,0
17,2026-01-23,0,0,0,0,0,0,0,0,0
17,2026-01-24,0,0,0,0,0,0,0,0,0
17,2026-01-25,5,5,2,3,1,1,2,0,1
17,2026-01-26,4,9,3,1,0,3,1,0,0
17,2026-01-27,5,14,3,2,2,1,1,0,1
17,2026-01-28,1,15,0,1,0,0,0,0,1
17,2026-01-29,1,16,0,1,0,0,1,0,0
17,2026-01-30,4,20,2,2,2,0,0,0,2
17,2026-01-31,6,26,6,0,3,3,0,0,0
17,2026-02-01,4,30,4,0,2,2,0,0,0
17,2026-02-02,7,37,7,0,4,3,0,0,0
17,2026-02-03,4,41,4,0,1,3,0,0,0
17,2026-02-04,4,45,3,1,0,3,1,0,0
17,2026-02-05,10,55,7,3,3,4,0,0,3
17,2026-02-06,6,61,4,2,0,3,2,1,0
17,2026-02-07,3,64,3,0,1,1,0,1,0
17,2026-02-08,11,75,9,2,3,5,1,1,1
17,2026-02-09,11,86,8,3,1,6,3,1,0
17,2026-02-10,12,98,11,1,3,6,1,2,0
18,2026-01-14,0,0,0,0,0,0,0,0,0
18,2026-01-15,0,0,0,0,0,0,0,0,0
18,2026-01-16,0,0,0,0,0,0,0,0,0
18,2026-01-17,0,0,0,0,0,0,0,0,0
18,2026-01-18,0,0,0,0,0,0,0,0,0
18,2026-01-19,0,0,0,0,0,0,0,0,0
18,2026-01-20,0,0,0,0,0,0,0,0,0
18,2026-01-21,0,0,0,0,0,0,0,0,0
18,2026-01-22,0,0,0,0,0,0,0,0,0
18,2026-01-23,0,0,0,0,0,0,0,0,0
18,2026-01-24,0,0,0,0,0,0,0,0,0
18,2026-01-25,5,5,5,0,2,3,0,0,0
18,2026-01-26,4,9,4,0,1,3,0,0,0
18,2026-01-27,5,14,5,0,2,3,0,0,0
18,2026-01-28,1,15,1,0,0,0,0,1,0
18,2026-01-29,0,15,0,0,0,0,0,0,0
18,2026-01-30,2,17,2,0,0,2,0,0,0
18,2026-01-31,2,19,2,0,0,2,0,0,0
18,2026-02-01,4,23,1,3,0,1,2,0,1
18,2026-02-02,5,28,3,2,2,1,1,0,1
18,2026-02-03,3,31,2,1,1,1,1,0,0
18,2026-02-04,1,32,1,0,0,1,0,0,0
18,2026-02-05,10,42,7,3,1,4,2,2,1
18,2026-02-06,2,44,1,1,0,0,1,1,0
18,2026-02-07,4,48,3,1,2,0,0,1,1
18,2026-02-08,1,49,1,0,0,1,0,0,0
18,2026-02-09,9,58,5,4,1,2,2,2,2
18,2026-02-10,4,62,3,1,0,3,1,0,0
19,2026-01-14,0,0,0,0,0,0,0,0,0
19,2026-01-15,0,0,0,0,0,0,0,0,0
19,2026-01-16,0,0,0,0,0,0,0,0,0
19,2026-01-17,0,0,0,0,0,0,0,0,0
19,2026-01-18,0,0,0,0,0,0,0,0,0
19,2026-01-19,0,0,0,0,0,0,0,0,0
19,2026-01-20,0,0,0,0,0,0,0,0,0
19,2026-01-21,0,0,0,0,0,0,0,0,0
19,2026-01-22,0,0,0,0,0,0,0,0,0
19,2026-01-23,0,0,0,0,0,0,0,0,0
19,2026-01-24,0,0,0,0,0,0,0,0,0
19,2026-01-25,9,9,7,2,3,4,1,0,1
19,2026-01-26,4,13,4,0,2,2,0,0,0
19,2026-01-27,0,13,0,0,0,0,0,0,0
19,2026-01-28,2,15,2,0,1,0,0,1,0
19,2026-01-29,4,19,4,0,2,2,0,0,0
19,2026-01-30,5,24,4,1,2,1,1,1,0
19,2026-01-31,3,27,2,1,0,1,1,1,0
19,2026-02-01,6,33,3,3,0,2,3,1,0
19,2026-02-02,7,40,7,0,2,5,0,0,0
19,2026-02-03,6,46,5,1,1,4,0,0,1
19,2026-02-04,5,51,2,3,1,1,3,0,0
19,2026-02-05,4,55,4,0,1,3,0,0,0
19,2026-02-06,8,63,8,0,5,3,0,0,0
19,2026-02-07,4,67,4,0,2,2,0,0,0
19,2026-02-08,10,77,7,3,4,3,3,0,0
19,2026-02-09,3,80,2,1,0,2,1,0,0
19,2026-02-10,7,87,6,1,1,5,1,0,0
20,2026-01-14,0,0,0,0,0,0,0,0,0
20,2026-01-15,0,0,0,0,0,0,0,0,0
20,2026-01-16,0,0,0,0,0,0,0,0,0
20,2026-01-17,0,0,0,0,0,0,0,0,0
20,2026-01-18,0,0,0,0,0,0,0,0,0
20,2026-01-19,0,0,0,0,0,0,0,0,0
20,2026-01-20,0,0,0,0,0,0,0,0,0
20,2026-01-21,0,0,0,0,0,0,0,0,0
20,2026-01-22,0,0,0,0,0,0,0,0,0
20,2026-01-23,0,0,0,0,0,0,0,0,0
20,2026-01-24,0,0,0,0,0,0,0,0,0
20,2026-01-25,0,0,0,0,0,0,0,0,0
20,2026-01-26,5,5,5,0,1,4,0,0,0
20,2026-01-27,6,11,6,0,3,3,0,0,0
20,2026-01-28,5,16,4,1,1,3,1,0,0
20,2026-01-29,2,18,1,1,0,0,1,1,0
20,2026-01-30,5,23,5,0,1,3,0,1,0
20,2026-01-31,6,29,3,3,1,2,2,0,1
20,2026-02-01,7,36,7,0,2,4,0,1,0
20,2026-02-02,5,41,2,3,1,1,2,0,1
20,2026-02-03,8,49,7,1,0,7,0,0,1
20,2026-02-04,6,55,4,2,1,3,1,0,1
20,2026-02-05,7,62,5,2,2,3,2,0,0
20,2026-02-06,9,71,8,1,2,4,1,2,0
20,2026-02-07,7,78,7,0,2,5,0,0,0
20,2026-02-08,3,81,2,1,1,1,1,0,0
20,2026-02-09,6,87,6,0,4,2,0,0,0
20,2026-02-10,5,92,5,0,3,2,0,0,0
21,2026-01-14,0,0,0,0,0,0,0,0,0
21,2026-01-15,0,0,0,0,0,0,0,0,0
21,2026-01-16,0,0,0,0,0,0,0,0,0
21,2026-01-17,0,0,0,0,0,0,0,0,0
21,2026-01-18,0,0,0,0,0,0,0,0,0
21,2026-01-19,0,0,0,0,0,0,0,0,0
21,2026-01-20,0,0,0,0,0,0,0,0,0
21,2026-01-21,0,0,0,0,0,0,0,0,0
21,2026-01-22,0,0,0,0,0,0,0,0,0
21,2026-01-23,0,0,0,0,0,0,0,0,0
21,2026-01-24,0,0,0,0,0,0,0,0,0
21,2026-01-25,10,10,8,2,2,5,2,1,0
21,2026-01-26,3,13,2,1,1,1,1,0,0
21,2026-01-27,5,18,5,0,3,0,0,2,0
21,2026-01-28,7,25,6,1,1,4,1,1,0
21,2026-01-29,4,29,3,1,2,1,1,0,0
21,2026-01-30,5,34,3,2,1,1,1,1,1
21,2026-01-31,5,39,4,1,1,3,1,0,0
21,2026-02-01,9,48,7,2,3,3,2,1,0
21,2026-02-02,9,57,8,1,1,5,1,2,0
21,2026-02-03,12,69,6,6,3,3,5,0,1
21,2026-02-04,6,75,4,2,0,3,2,1,0
21,2026-02-05,11,86,9,2,2,4,1,3,1
21,2026-02-06,12,98,10,2,2,7,1,1,1
21,2026-02-07,13,111,10,3,4,4,3,2,0
21,2026-02-08,14,125,11,3,4,5,1,2,2
21,2026-02-09,14,139,13,1,5,7,1,1,0
21,2026-02-10,13,152,12,1,6,2,0,4,1
22,2026-01-14,0,0,0,0,0,0,0,0,0
22,2026-01-15,0,0,0,0,0,0,0,0,0
22,2026-01-16,0,0,0,0,0,0,0,0,0
22,2026-01-17,0,0,0,0,0,0,0,0,0
22,2026-01-18,0,0,0,0,0,0,0,0,0
22,2026-01-19,0,0,0,0,0,0,0,0,0
22,2026-01-20,0,0,0,0,0,0,0,0,0
22,2026-01-21,0,0,0,0,0,0,0,0,0
22,2026-01-22,0,0,0,0,0,0,0,0,0
22,2026-01-23,0,0,0,0,0,0,0,0,0
22,2026-01-24,0,0,0,0,0,0,0,0,0
22,2026-01-25,8,8,8,0,2,5,0,1,0
22,2026-01-26,5,13,5,0,3,2,0,0,0
22,2026-01-27,14,27,13,1,6,5,0,2,1
22,2026-01-28,6,33,4,2,0,3,1,1,1
22,2026-01-29,8,41,7,1,1,6,1,0,0
22,2026-01-30,8,49,6,2,2,4,1,0,1
22,2026-01-31,8,57,8,0,4,2,0,2,0
22,2026-02-01,10,67,5,5,1,3,5,1,0
22,2026-02-02,12,79,9,3,0,6,2,3,1
22,2026-02-03,16,95,12,4,4,8,2,0,2
22,2026-02-04,11,106,10,1,7,1,1,2,0
22,2026-02-05,17,123,14,3,5,7,3,2,0
22,2026-02-06,16,139,10,6,2,7,6,1,0
22,2026-02-07,9,148,6,3,1,5,3,0,0
22,2026-02-08,9,157,8,1,3,4,1,1,0
22,2026-02-09,17,174,15,2,7,8,2,0,0
22,2026-02-10,16,190,13,3,3,9,1,1,2
23,2026-01-14,0,0,0,0,0,0,0,0,0
23,2026-01-15,0,0,0,0,0,0,0,0,0
23,2026-01-16,0,0,0,0,0,0,0,0,0
23,2026-01-17,0,0,0,0,0,0,0,0,0
23,2026-01-18,0,0,0,0,0,0,0,0,0
23,2026-01-19,0,0,0,0,0,0,0,0,0
23,2026-01-20,0,0,0,0,0,0,0,0,0
23,2026-01-21,0,0,0,0,0,0,0,0,0
23,2026-01-22,0,0,0,0,0,0,0,0,0
23,2026-01-23,0,0,0,0,0,0,0,0,0
23,2026-01-24,0,0,0,0,0,0,0,0,0
23,2026-01-25,8,8,8,0,1,6,0,1,0
23,2026-01-26,6,14,5,1,2,2,1,1,0
23,2026-01-27,1,15,1,0,0,1,0,0,0
23,2026-01-28,6,21,5,1,2,2,0,1,1
23,2026-01-29,2,23,0,2,0,0,2,0,0
23,2026-01-30,5,28,5,0,2,3,0,0,0
23,2026-01-31,1,29,1,0,0,1,0,0,0
23,2026-02-01,4,33,4,0,2,2,0,0,0
23,2026-02-02,3,36,3,0,1,2,0,0,0
23,2026-02-03,4,40,3,1,2,1,0,0,1
23,2026-02-04,1,41,1,0,0,1,0,0,0
23,2026-02-05,3,44,2,1,0,2,1,0,0
23,2026-02-06,7,51,5,2,0,5,1,0,1
23,2026-02-07,2,53,2,0,0,2,0,0,0
23,2026-02-08,2,55,1,1,0,1,1,0,0
23,2026-02-09,4,59,4,0,1,2,0,1,0
23,2026-02-10,4,63,4,0,1,3,0,0,0
24,2026-01-14,0,0,0,0,0,0,0,0,0
24,2026-01-15,0,0,0,0,0,0,0,0,0
24,2026-01-16,0,0,0,0,0,0,0,0,0
24,2026-01-17,0,0,0,0,0,0,0,0,0
24,2026-01-18,0,0,0,0,0,0,0,0,0
24,2026-01-19,0,0,0,0,0,0,0,0,0
24,2026-01-20,0,0,0,0,0,0,0,0,0
24,2026-01-21,0,0,0,0,0,0,0,0,0
24,2026-01-22,0,0,0,0,0,0,0,0,0
24,2026-01-23,0,0,0,0,0,0,0,0,0
24,2026-01-24,0,0,0,0,0,0,0,0,0
24,2026-01-25,10,10,9,1,0,5,1,4,0
24,2026-01-26,5,15,5,0,1,4,0,0,0
24,2026-01-27,0,15,0,0,0,0,0,0,0
24,2026-01-28,5,20,4,1,2,2,0,0,1
24,2026-01-29,5,25,3,2,1,2,1,0,1
24,2026-01-30,10,35,8,2,1,4,2,3,0
24,2026-01-31,6,41,4,2,3,1,2,0,0
24,2026-02-01,4,45,3,1,1,2,1,0,0
24,2026-02-02,9,54,9,0,4,4,0,1,0
24,2026-02-03,11,65,9,2,2,6,2,1,0
24,2026-02-04,7,72,6,1,1,5,1,0,0
24,2026-02-05,6,78,6,0,4,1,0,1,0
24,2026-02-06,9,87,7,2,2,4,2,1,0
24,2026-02-07,10,97,9,1,5,4,1,0,0
24,2026-02-08,5,102,5,0,2,3,0,0,0
24,2026-02-09,6,108,6,0,1,4,0,1,0
24,2026-02-10,9,117,9,0,1,8,0,0,0
25,2026-01-14,0,0,0,0,0,0,0,0,0
25,2026-01-15,0,0,0,0,0,0,0,0,0
25,2026-01-16,0,0,0,0,0,0,0,0,0
25,2026-01-17,0,0,0,0,0,0,0,0,0
25,2026-01-18,0,0,0,0,0,0,0,0,0
25,2026-01-19,0,0,0,0,0,0,0,0,0
25,2026-01-20,0,0,0,0,0,0,0,0,0
25,2026-01-21,0,0,0,0,0,0,0,0,0
25,2026-01-22,0,0,0,0,0,0,0,0,0
25,2026-01-23,0,0,0,0,0,0,0,0,0
25,2026-01-24,0,0,0,0,0,0,0,0,0
25,2026-01-25,4,4,3,1,0,3,0,0,1
25,2026-01-26,5,9,3,2,1,2,1,0,1
25,2026-01-27,1,10,0,1,0,0,1,0,0
25,2026-01-28,3,13,2,1,2,0,1,0,0
25,2026-01-29,1,14,1,0,1,0,0,0,0
25,2026-01-30,4,18,3,1,0,2,0,1,1
25,2026-01-31,4,22,2,2,1,0,1,1,1
25,2026-02-01,4,26,2,2,0,2,1,0,1
25,2026-02-02,8,34,6,2,2,3,2,1,0
25,2026-02-03,4,38,3,1,1,1,1,1,0
25,2026-02-04,5,43,4,1,0,3,1,1,0
25,2026-02-05,9,52,8,1,2,5,1,1,0
25,2026-02-06,8,60,8,0,2,4,0,2,0
25,2026-02-07,14,74,10,4,1,8,3,1,1
25,2026-02-08,7,81,7,0,1,5,0,1,0
25,2026-02-09,10,91,8,2,3,2,1,3,1
25,2026-02-10,3,94,1,2,0,1,2,0,0
26,2026-01-14,0,0,0,0,0,0,0,0,0
26,2026-01-15,0,0,0,0,0,0,0,0,0
26,2026-01-16,0,0,0,0,0,0,0,0,0
26,2026-01-17,0,0,0,0,0,0,0,0,0
26,2026-01-18,0,0,0,0,0,0,0,0,0
26,2026-01-19,0,0,0,0,0,0,0,0,0
26,2026-01-20,0,0,0,0,0,0,0,0,0
26,2026-01-21,0,0,0,0,0,0,0,0,0
26,2026-01-22,0,0,0,0,0,0,0,0,0
26,2026-01-23,0,0,0,0,0,0,0,0,0
26,2026-01-24,0,0,0,0,0,0,0,0,0
26,2026-01-25,8,8,8,0,2,5,0,1,0
26,2026-01-26,1,9,1,0,0,1,0,0,0
26,2026-01-27,3,12,3,0,2,1,0,0,0
26,2026-01-28,4,16,3,1,1,2,1,0,0
26,2026-01-29,3,19,2,1,1,0,1,1,0
26,2026-01-30,4,23,4,0,1,3,0,0,0
26,2026-01-31,6,29,5,1,2,3,1,0,0
26,2026-02-01,6,35,5,1,2,1,1,2,0
26,2026-02-02,9,44,8,1,1,6,1,1,0
26,2026-02-03,5,49,3,2,2,1,1,0,1
26,2026-02-04,7,56,6,1,2,4,1,0,0
26,2026-02-05,6,62,5,1,0,4,1,1,0
26,2026-02-06,7,69,6,1,1,5,0,0,1
26,2026-02-07,4,73,4,0,2,2,0,0,0
26,2026-02-08,8,81,8,0,4,4,0,0,0
26,2026-02-09,9,90,7,2,3,4,2,0,0
26,2026-02-10,12,102,9,3,1,8,2,0,1
27,2026-01-14,0,0,0,0,0,0,0,0,0
27,2026-01-15,0,0,0,0,0,0,0,0,0
27,2026-01-16,0,0,0,0,0,0,0,0,0
27,2026-01-17,0,0,0,0,0,0,0,0,0
27,2026-01-18,0,0,0,0,0,0,0,0,0
27,2026-01-19,0,0,0,0,0,0,0,0,0
27,2026-01-20,0,0,0,0,0,0,0,0,0
27,2026-01-21,0,0,0,0,0,0,0,0,0
27,2026-01-22,0,0,0,0,0,0,0,0,0
27,2026-01-23,0,0,0,0,0,0,0,0,0
27,2026-01-24,0,0,0,0,0,0,0,0,0
27,2026-01-25,11,11,7,4,3,2,3,2,1
27,2026-01-26,8,19,7,1,0,5,1,2,0
27,2026-01-27,3,22,2,1,1,1,1,0,0
27,2026-01-28,7,29,4,3,0,4,2,0,1
27,2026-01-29,5,34,5,0,1,3,0,1,0
27,2026-01-30,6,40,6,0,3,3,0,0,0
27,2026-01-31,6,46,4,2,3,1,2,0,0
27,2026-02-01,7,53,7,0,3,4,0,0,0
27,2026-02-02,3,56,3,0,2,1,0,0,0
27,2026-02-03,7,63,5,2,0,5,1,0,1
27,2026-02-04,6,69,4,2,1,3,1,0,1
27,2026-02-05,7,76,7,0,2,4,0,1,0
27,2026-02-06,10,86,7,3,0,6,1,1,2
27,2026-02-07,9,95,9,0,1,8,0,0,0
27,2026-02-08,7,102,6,1,2,4,1,0,0
27,2026-02-09,5,107,2,3,0,1,2,1,1
27,2026-02-10,11,118,9,2,2,7,2,0,0
28,2026-01-14,0,0,0,0,0,0,0,0,0
28,2026-01-15,0,0,0,0,0,0,0,0,0
28,2026-01-16,0,0,0,0,0,0,0,0,0
28,2026-01-17,0,0,0,0,0,0,0,0,0
28,2026-01-18,0,0,0,0,0,0,0,0,0
28,2026-01-19,0,0,0,0,0,0,0,0,0
28,2026-01-20,0,0,0,0,0,0,0,0,0
28,2026-01-21,0,0,0,0,0,0,0,0,0
28,2026-01-22,0,0,0,0,0,0,0,0,0
28,2026-01-23,0,0,0,0,0,0,0,0,0
28,2026-01-24,0,0,0,0,0,0,0,0,0
28,2026-01-25,6,6,5,1,2,2,0,1,1
28,2026-01-26,6,12,5,1,0,4,1,1,0
28,2026-01-27,3,15,2,1,1,1,0,0,1
28,2026-01-28,7,22,5,2,5,0,0,0,2
28,2026-01-29,2,24,1,1,0,0,1,1,0
28,2026-01-30,6,30,4,2,0,4,2,0,0
28,2026-01-31,3,33,3,0,1,2,0,0,0
28,2026-02-01,11,44,8,3,6,2,3,0,0
28,2026-02-02,2,46,2,0,0,2,0,0,0
28,2026-02-03,3,49,3,0,0,3,0,0,0
28,2026-02-04,8,57,8,0,3,4,0,1,0
28,2026-02-05,10,67,10,0,1,8,0,1,0
28,2026-02-06,4,71,4,0,1,3,0,0,0
28,2026-02-07,2,73,2,0,0,2,0,0,0
28,2026-02-08,8,81,5,3,2,3,3,0,0
28,2026-02-09,4,85,3,1,2,1,1,0,0
28,2026-02-10,7,92,6,1,3,3,1,0,0
29,2026-01-14,0,0,0,0,0,0,0,0,0
29,2026-01-15,0,0,0,0,0,0,0,0,0
29,2026-01-16,0,0,0,0,0,0,0,0,0
29,2026-01-17,0,0,0,0,0,0,0,0,0
29,2026-01-18,0,0,0,0,0,0,0,0,0
29,2026-01-19,0,0,0,0,0,0,0,0,0
29,2026-01-20,0,0,0,0,0,0,0,0,0
29,2026-01-21,0,0,0,0,0,0,0,0,0
29,2026-01-22,0,0,0,0,0,0,0,0,0
29,2026-01-23,0,0,0,0,0,0,0,0,0
29,2026-01-24,0,0,0,0,0,0,0,0,0
29,2026-01-25,6,6,4,2,2,1,2,1,0
29,2026-01-26,6,12,6,0,2,3,0,1,0
29,2026-01-27,6,18,6,0,0,5,0,1,0
29,2026-01-28,4,22,1,3,0,1,2,0,1
29,2026-01-29,3,25,2,1,0,1,1,1,0
29,2026-01-30,5,30,4,1,0,4,1,0,0
29,2026-01-31,4,34,4,0,0,4,0,0,0
29,2026-02-01,8,42,6,2,1,5,1,0,1
29,2026-02-02,4,46,3,1,1,2,0,0,1
29,2026-02-03,4,50,3,1,1,2,0,0,1
29,2026-02-04,10,60,7,3,2,3,1,2,2
29,2026-02-05,8,68,5,3,0,5,1,0,2
29,2026-02-06,4,72,4,0,1,3,0,0,0
29,2026-02-07,3,75,3,0,1,2,0,0,0
29,2026-02-08,11,86,7,4,1,4,4,2,0
29,2026-02-09,10,96,8,2,3,5,2,0,0
29,2026-02-10,9,105,8,1,2,6,0,0,1
30,2026-01-14,0,0,0,0,0,0,0,0,0
30,2026-01-15,0,0,0,0,0,0,0,0,0
30,2026-01-16,0,0,0,0,0,0,0,0,0
30,2026-01-17,0,0,0,0,0,0,0,0,0
30,2026-01-18,0,0,0,0,0,0,0,0,0
30,2026-01-19,0,0,0,0,0,0,0,0,0
30,2026-01-20,0,0,0,0,0,0,0,0,0
30,2026-01-21,0,0,0,0,0,0,0,0,0
30,2026-01-22,0,0,0,0,0,0,0,0,0
30,2026-01-23,0,0,0,0,0,0,0,0,0
30,2026-01-24,0,0,0,0,0,0,0,0,0
30,2026-01-25,7,7,6,1,1,4,1,1,0
30,2026-01-26,2,9,2,0,0,1,0,1,0
30,2026-01-27,4,13,3,1,2,1,0,0,1
30,2026-01-28,1,14,0,1,0,0,0,0,1
30,2026-01-29,3,17,3,0,0,3,0,0,0
30,2026-01-30,4,21,3,1,1,2,1,0,0
30,2026-01-31,2,23,2,0,1,1,0,0,0
30,2026-02-01,4,27,4,0,2,2,0,0,0
30,2026-02-02,4,31,3,1,0,3,1,0,0
30,2026-02-03,4,35,4,0,1,2,0,1,0
30,2026-02-04,3,38,3,0,1,2,0,0,0
30,2026-02-05,1,39,1,0,0,0,0,1,0
30,2026-02-06,5,44,4,1,1,3,1,0,0
30,2026-02-07,3,47,3,0,0,3,0,0,0
30,2026-02-08,7,54,6,1,1,4,1,1,0
30,2026-02-09,4,58,3,1,1,2,1,0,0
30,2026-02-10,6,64,5,1,2,3,1,0,0
31,2026-01-14,0,0,0,0,0,0,0,0,0
31,2026-01-15,0,0,0,0,0,0,0,0,0
31,2026-01-16,0,0,0,0,0,0,0,0,0
31,2026-01-17,0,0,0,0,0,0,0,0,0
31,2026-01-18,0,0,0,0,0,0,0,0,0
31,2026-01-19,0,0,0,0,0,0,0,0,0
31,2026-01-20,0,0,0,0,0,0,0,0,0
31,2026-01-21,0,0,0,0,0,0,0,0,0
31,2026-01-22,0,0,0,0,0,0,0,0,0
31,2026-01-23,0,0,0,0,0,0,0,0,0
31,2026-01-24,0,0,0,0,0,0,0,0,0
31,2026-01-25,8,8,8,0,1,6,0,1,0
31,2026-01-26,5,13,4,1,3,1,1,0,0
31,2026-01-27,7,20,7,0,1,4,0,2,0
31,2026-01-28,6,26,5,1,0,4,1,1,0
31,2026-01-29,3,29,2,1,0,2,0,0,1
31,2026-01-30,5,34,3,2,1,2,2,0,0
31,2026-01-31,7,41,7,0,1,5,0,1,0
31,2026-02-01,6,47,4,2,1,1,2,2,0
31,2026-02-02,9,56,6,3,4,1,2,1,1
31,2026-02-03,10,66,7,3,2,5,1,0,2
31,2026-02-04,10,76,6,4,1,5,2,0,2
31,2026-02-05,7,83,6,1,2,4,1,0,0
31,2026-02-06,13,96,10,3,7,3,3,0,0
31,2026-02-07,4,100,3,1,1,2,1,0,0
31,2026-02-08,3,103,2,1,1,1,1,0,0
31,2026-02-09,5,108,5,0,1,2,0,2,0
31,2026-02-10,13,121,9,4,1,7,1,1,3
32,2026-01-14,0,0,0,0,0,0,0,0,0
32,2026-01-15,0,0,0,0,0,0,0,0,0
32,2026-01-16,0,0,0,0,0,0,0,0,0
32,2026-01-17,0,0,0,0,0,0,0,0,0
32,2026-01-18,0,0,0,0,0,0,0,0,0
32,2026-01-19,0,0,0,0,0,0,0,0,0
32,2026-01-20,0,0,0,0,0,0,0,0,0
32,2026-01-21,0,0,0,0,0,0,0,0,0
32,2026-01-22,0,0,0,0,0,0,0,0,0
32,2026-01-23,0,0,0,0,0,0,0,0,0
32,2026-01-24,0,0,0,0,0,0,0,0,0
32,2026-01-25,4,4,3,1,1,2,1,0,0
32,2026-01-26,2,6,1,1,0,1,0,0,1
32,2026-01-27,5,11,4,1,1,3,1,0,0
32,2026-01-28,2,13,1,1,0,1,1,0,0
32,2026-01-29,3,16,2,1,1,0,0,1,1
32,2026-01-30,3,19,3,0,0,1,0,2,0
32,2026-01-31,4,23,2,2,0,1,1,1,1
32,2026-02-01,2,25,2,0,1,0,0,1,0
32,2026-02-02,6,31,5,1,2,3,0,0,1
32,2026-02-03,4,35,3,1,0,1,1,2,0
32,2026-02-04,4,39,2,2,1,1,1,0,1
32,2026-02-05,3,42,3,0,2,1,0,0,0
32,2026-02-06,8,50,5,3,2,3,3,0,0
32,2026-02-07,8,58,6,2,1,3,0,2,2
32,2026-02-08,4,62,4,0,0,3,0,1,0
32,2026-02-09,7,69,5,2,3,2,2,0,0
32,2026-02-10,8,77,7,1,2,5,1,0,0
33,2026-01-14,0,0,0,0,0,0,0,0,0
33,2026-01-15,0,0,0,0,0,0,0,0,0
33,2026-01-16,0,0,0,0,0,0,0,0,0
33,2026-01-17,0,0,0,0,0,0,0,0,0
33,2026-01-18,0,0,0,0,0,0,0,0,0
33,2026-01-19,0,0,0,0,0,0,0,0,0
33,2026-01-20,0,0,0,0,0,0,0,0,0
33,2026-01-21,0,0,0,0,0,0,0,0,0
33,2026-01-22,0,0,0,0,0,0,0,0,0
33,2026-01-23,0,0,0,0,0,0,0,0,0
33,2026-01-24,0,0,0,0,0,0,0,0,0
33,2026-01-25,8,8,8,0,0,7,0,1,0
33,2026-01-26,6,14,5,1,3,2,1,0,0
33,2026-01-27,4,18,2,2,0,1,2,1,0
33,2026-01-28,4,22,3,1,0,3,0,0,1
33,2026-01-29,2,24,1,1,0,1,1,0,0
33,2026-01-30,4,28,3,1,0,3,1,0,0
33,2026-01-31,2,30,2,0,1,0,0,1,0
33,2026-02-01,7,37,5,2,0,4,1,1,1
33,2026-02-02,7,44,5,2,2,3,1,0,1
33,2026-02-03,5,49,4,1,2,1,1,1,0
33,2026-02-04,12,61,9,3,2,6,3,1,0
33,2026-02-05,7,68,6,1,0,4,1,2,0
33,2026-02-06,8,76,5,3,1,4,3,0,0
33,2026-02-07,9,85,9,0,6,3,0,0,0
33,2026-02-08,12,97,10,2,2,8,1,0,1
33,2026-02-09,10,107,8,2,1,7,2,0,0
33,2026-02-10,12,119,9,3,2,6,3,1,0
34,2026-01-14,0,0,0,0,0,0,0,0,0
34,2026-01-15,0,0,0,0,0,0,0,0,0
34,2026-01-16,0,0,0,0,0,0,0,0,0
34,2026-01-17,0,0,0,0,0,0,0,0,0
34,2026-01-18,0,0,0,0,0,0,0,0,0
34,2026-01-19,0,0,0,0,0,0,0,0,0
34,2026-01-20,0,0,0,0,0,0,0,0,0
34,2026-01-21,0,0,0,0,0,0,0,0,0
34,2026-01-22,0,0,0,0,0,0,0,0,0
34,2026-01-23,0,0,0,0,0,0,0,0,0
34,2026-01-24,0,0,0,0,0,0,0,0,0
34,2026-01-25,9,9,7,2,2,4,2,1,0
34,2026-01-26,5,14,5,0,1,3,0,1,0
34,2026-01-27,4,18,4,0,2,2,0,0,0
34,2026-01-28,6,24,5,1,1,4,1,0,0
34,2026-01-29,8,32,7,1,0,6,1,1,0
34,2026-01-30,4,36,4,0,2,1,0,1,0
34,2026-01-31,6,42,5,1,1,4,0,0,1
34,2026-02-01,9,51,9,0,4,3,0,2,0
34,2026-02-02,4,55,2,2,0,2,2,0,0
34,2026-02-03,13,68,10,3,5,5,3,0,0
34,2026-02-04,12,80,10,2,2,7,0,1,2
34,2026-02-05,6,86,4,2,1,3,1,0,1
34,2026-02-06,9,95,7,2,2,5,2,0,0
34,2026-02-07,6,101,6,0,1,5,0,0,0
34,2026-02-08,9,110,8,1,2,5,0,1,1
34,2026-02-09,9,119,6,3,1,5,2,0,1
34,2026-02-10,4,123,3,1,0,3,1,0,0
35,2026-01-14,0,0,0,0,0,0,0,0,0
35,2026-01-15,0,0,0,0,0,0,0,0,0
35,2026-01-16,0,0,0,0,0,0,0,0,0
35,2026-01-17,0,0,0,0,0,0,0,0,0
35,2026-01-18,0,0,0,0,0,0,0,0,0
35,2026-01-19,0,0,0,0,0,0,0,0,0
35,2026-01-20,0,0,0,0,0,0,0,0,0
35,2026-01-21,0,0,0,0,0,0,0,0,0
35,2026-01-22,0,0,0,0,0,0,0,0,0
35,2026-01-23,0,0,0,0,0,0,0,0,0
35,2026-01-24,0,0,0,0,0,0,0,0,0
35,2026-01-25,6,6,5,1,3,2,1,0,0
35,2026-01-26,5,11,4,1,1,3,0,0,1
35,2026-01-27,3,14,3,0,1,2,0,0,0
35,2026-01-28,2,16,2,0,0,2,0,0,0
35,2026-01-29,4,20,2,2,0,2,1,0,1
35,2026-01-30,6,26,5,1,0,5,1,0,0
35,2026-01-31,2,28,2,0,1,1,0,0,0
35,2026-02-01,4,32,3,1,1,2,1,0,0
35,2026-02-02,4,36,4,0,1,3,0,0,0
35,2026-02-03,6,42,6,0,1,4,0,1,0
35,2026-02-04,7,49,6,1,3,3,1,0,0
35,2026-02-05,7,56,7,0,3,4,0,0,0
35,2026-02-06,9,65,9,0,1,7,0,1,0
35,2026-02-07,8,73,8,0,3,4,0,1,0
35,2026-02-08,5,78,4,1,1,3,1,0,0
35,2026-02-09,9,87,8,1,3,5,1,0,0
35,2026-02-10,6,93,5,1,1,4,1,0,0
36,2026-01-14,0,0,0,0,0,0,0,0,0
36,2026-01-15,0,0,0,0,0,0,0,0,0
36,2026-01-16,0,0,0,0,0,0,0,0,0
36,2026-01-17,0,0,0,0,0,0,0,0,0
36,2026-01-18,0,0,0,0,0,0,0,0,0
36,2026-01-19,0,0,0,0,0,0,0,0,0
36,2026-01-20,0,0,0,0,0,0,0,0,0
36,2026-01-21,0,0,0,0,0,0,0,0,0
36,2026-01-22,0,0,0,0,0,0,0,0,0
36,2026-01-23,0,0,0,0,0,0,0,0,0
36,2026-01-24,0,0,0,0,0,0,0,0,0
36,2026-01-25,5,5,3,2,3,0,2,0,0
36,2026-01-26,7,12,2,5,2,0,4,0,1
36,2026-01-27,4,16,2,2,0,1,1,1,1
36,2026-01-28,4,20,3,1,0,2,1,1,0
36,2026-01-29,3,23,2,1,1,0,1,1,0
36,2026-01-30,2,25,2,0,1,1,0,0,0
36,2026-01-31,10,35,7,3,4,2,2,1,1
36,2026-02-01,7,42,6,1,0,4,0,2,1
36,2026-02-02,9,51,8,1,2,5,1,1,0
36,2026-02-03,4,55,2,2,0,1,1,1,1
36,2026-02-04,5,60,4,1,3,1,1,0,0
36,2026-02-05,6,66,4,2,3,1,2,0,0
36,2026-02-06,8,74,6,2,2,3,2,1,0
36,2026-02-07,13,87,10,3,2,8,2,0,1
36,2026-02-08,3,90,3,0,1,2,0,0,0
36,2026-02-09,7,97,7,0,1,6,0,0,0
36,2026-02-10,6,103,5,1,3,2,1,0,0
37,2026-01-14,0,0,0,0,0,0,0,0,0
37,2026-01-15,0,0,0,0,0,0,0,0,0
37,2026-01-16,0,0,0,0,0,0,0,0,0
37,2026-01-17,0,0,0,0,0,0,0,0,0
37,2026-01-18,0,0,0,0,0,0,0,0,0
37,2026-01-19,0,0,0,0,0,0,0,0,0
37,2026-01-20,0,0,0,0,0,0,0,0,0
37,2026-01-21,0,0,0,0,0,0,0,0,0
37,2026-01-22,0,0,0,0,0,0,0,0,0
37,2026-01-23,0,0,0,0,0,0,0,0,0
37,2026-01-24,0,0,0,0,0,0,0,0,0
37,2026-01-25,7,7,6,1,3,3,0,0,1
37,2026-01-26,3,10,3,0,1,2,0,0,0
37,2026-01-27,2,12,2,0,2,0,0,0,0
37,2026-01-28,5,17,2,3,0,2,2,0,1
37,2026-01-29,4,21,4,0,0,3,0,1,0
37,2026-01-30,5,26,4,1,0,4,0,0,1
37,2026-01-31,2,28,1,1,0,1,1,0,0
37,2026-02-01,6,34,4,2,2,2,0,0,2
37,2026-02-02,10,44,8,2,3,4,2,1,0
37,2026-02-03,9,53,8,1,3,4,1,1,0
37,2026-02-04,9,62,8,1,4,4,0,0,1
37,2026-02-05,9,71,9,0,3,6,0,0,0
37,2026-02-06,11,82,6,5,0,5,3,1,2
37,2026-02-07,6,88,4,2,0,3,2,1,0
37,2026-02-08,12,100,9,3,1,6,3,2,0
37,2026-02-09,9,109,9,0,5,3,0,1,0
37,2026-02-10,6,115,4,2,0,4,1,0,1
38,2026-01-14,0,0,0,0,0,0,0,0,0
38,2026-01-15,0,0,0,0,0,0,0,0,0
38,2026-01-16,0,0,0,0,0,0,0,0,0
38,2026-01-17,0,0,0,0,0,0,0,0,0
38,2026-01-18,0,0,0,0,0,0,0,0,0
38,2026-01-19,0,0,0,0,0,0,0,0,0
38,2026-01-20,0,0,0,0,0,0,0,0,0
38,2026-01-21,0,0,0,0,0,0,0,0,0
38,2026-01-22,0,0,0,0,0,0,0,0,0
38,2026-01-23,0,0,0,0,0,0,0,0,0
38,2026-01-24,0,0,0,0,0,0,0,0,0
38,2026-01-25,10,10,7,3,1,5,1,1,2
38,2026-01-26,3,13,1,2,0,1,1,0,1
38,2026-01-27,3,16,1,2,0,0,2,1,0
38,2026-01-28,5,21,3,2,1,2,2,0,0
38,2026-01-29,3,24,2,1,1,0,0,1,1
38,2026-01-30,4,28,3,1,0,3,1,0,0
38,2026-01-31,2,30,1,1,0,0,1,1,0
38,2026-02-01,3,33,3,0,1,1,0,1,0
38,2026-02-02,5,38,5,0,1,2,0,2,0
38,2026-02-03,5,43,4,1,0,4,1,0,0
38,2026-02-04,10,53,9,1,1,6,0,2,1
38,2026-02-05,4,57,4,0,1,3,0,0,0
38,2026-02-06,7,64,4,3,1,3,3,0,0
38,2026-02-07,2,66,2,0,1,1,0,0,0
38,2026-02-08,8,74,5,3,1,4,2,0,1
38,2026-02-09,10,84,8,2,1,7,2,0,0
38,2026-02-10,11,95,10,1,6,4,1,0,0
39,2026-01-14,0,0,0,0,0,0,0,0,0
39,2026-01-15,0,0,0,0,0,0,0,0,0
39,2026-01-16,0,0,0,0,0,0,0,0,0
39,2026-01-17,0,0,0,0,0,0,0,0,0
39,2026-01-18,0,0,0,0,0,0,0,0,0
39,2026-01-19,0,0,0,0,0,0,0,0,0
39,2026-01-20,0,0,0,0,0,0,0,0,0
39,2026-01-21,0,0,0,0,0,0,0,0,0
39,2026-01-22,0,0,0,0,0,0,0,0,0
39,2026-01-23,0,0,0,0,0,0,0,0,0
39,2026-01-24,0,0,0,0,0,0,0,0,0
39,2026-01-25,1,1,1,0,0,1,0,0,0
39,2026-01-26,5,6,5,0,0,4,0,1,0
39,2026-01-27,3,9,3,0,0,3,0,0,0
39,2026-01-28,0,9,0,0,0,0,0,0,0
39,2026-01-29,3,12,3,0,0,3,0,0,0
39,2026-01-30,4,16,3,1,1,2,1,0,0
39,2026-01-31,1,17,1,0,0,0,0,1,0
39,2026-02-01,5,22,5,0,3,2,0,0,0
39,2026-02-02,3,25,3,0,1,1,0,1,0
39,2026-02-03,6,31,4,2,0,3,1,1,1
39,2026-02-04,5,36,4,1,3,0,1,1,0
39,2026-02-05,1,37,1,0,1,0,0,0,0
39,2026-02-06,9,46,8,1,3,5,1,0,0
39,2026-02-07,5,51,5,0,1,4,0,0,0
39,2026-02-08,5,56,4,1,1,3,1,0,0
39,2026-02-09,3,59,3,0,2,1,0,0,0
39,2026-02-10,10,69,8,2,2,5,2,1,0
40,2026-01-14,0,0,0,0,0,0,0,0,0
40,2026-01-15,0,0,0,0,0,0,0,0,0
40,2026-01-16,0,0,0,0,0,0,0,0,0
40,2026-01-17,0,0,0,0,0,0,0,0,0
40,2026-01-18,0,0,0,0,0,0,0,0,0
40,2026-01-19,0,0,0,0,0,0,0,0,0
40,2026-01-20,0,0,0,0,0,0,0,0,0
40,2026-01-21,0,0,0,0,0,0,0,0,0
40,2026-01-22,0,0,0,0,0,0,0,0,0
40,2026-01-23,0,0,0,0,0,0,0,0,0
40,2026-01-24,0,0,0,0,0,0,0,0,0
40,2026-01-25,5,5,4,1,1,2,1,1,0
40,2026-01-26,0,5,0,0,0,0,0,0,0
40,2026-01-27,5,10,5,0,1,4,0,0,0
40,2026-01-28,7,17,5,2,3,1,2,1,0
40,2026-01-29,2,19,1,1,0,1,1,0,0
40,2026-01-30,6,25,5,1,2,3,0,0,1
40,2026-01-31,3,28,1,2,0,0,2,1,0
40,2026-02-01,6,34,6,0,1,5,0,0,0
40,2026-02-02,5,39,4,1,2,1,1,1,0
40,2026-02-03,3,42,2,1,1,1,1,0,0
40,2026-02-04,9,51,7,2,3,3,2,1,0
40,2026-02-05,2,53,2,0,0,2,0,0,0
40,2026-02-06,6,59,3,3,0,1,3,2,0
40,2026-02-07,6,65,5,1,2,3,1,0,0
40,2026-02-08,3,68,0,3,0,0,2,0,1
40,2026-02-09,6,74,4,2,1,3,2,0,0
40,2026-02-10,6,80,5,1,2,3,1,0,0
41,2026-01-14,0,0,0,0,0,0,0,0,0
41,2026-01-15,0,0,0,0,0,0,0,0,0
41,2026-01-16,0,0,0,0,0,0,0,0,0
41,2026-01-17,0,0,0,0,0,0,0,0,0
41,2026-01-18,0,0,0,0,0,0,0,0,0
41,2026-01-19,0,0,0,0,0,0,0,0,0
41,2026-01-20,0,0,0,0,0,0,0,0,0
41,2026-01-21,0,0,0,0,0,0,0,0,0
41,2026-01-22,0,0,0,0,0,0,0,0,0
41,2026-01-23,0,0,0,0,0,0,0,0,0
41,2026-01-24,0,0,0,0,0,0,0,0,0
41,2026-01-25,7,7,6,1,0,6,1,0,0
41,2026-01-26,6,13,6,0,0,5,0,1,0
41,2026-01-27,3,16,0,3,0,0,3,0,0
41,2026-01-28,3,19,1,2,1,0,2,0,0
41,2026-01-29,3,22,2,1,1,1,1,0,0
41,2026-01-30,11,33,8,3,4,3,2,1,1
41,2026-01-31,6,39,3,3,2,1,2,0,1
41,2026-02-01,8,47,5,3,2,3,1,0,2
41,2026-02-02,11,58,8,3,1,6,3,1,0
41,2026-02-03,10,68,7,3,4,3,2,0,1
41,2026-02-04,10,78,8,2,4,3,2,1,0
41,2026-02-05,14,92,10,4,0,10,3,0,1
41,2026-02-06,9,101,7,2,1,5,2,1,0
41,2026-02-07,7,108,6,1,0,3,1,3,0
41,2026-02-08,10,118,6,4,2,2,3,2,1
41,2026-02-09,13,131,7,6,2,4,6,1,0
41,2026-02-10,11,142,7,4,3,4,3,0,1
42,2026-01-14,0,0,0,0,0,0,0,0,0
42,2026-01-15,0,0,0,0,0,0,0,0,0
42,2026-01-16,0,0,0,0,0,0,0,0,0
42,2026-01-17,0,0,0,0,0,0,0,0,0
42,2026-01-18,0,0,0,0,0,0,0,0,0
42,2026-01-19,0,0,0,0,0,0,0,0,0
42,2026-01-20,0,0,0,0,0,0,0,0,0
42,2026-01-21,0,0,0,0,0,0,0,0,0
42,2026-01-22,0,0,0,0,0,0,0,0,0
42,2026-01-23,0,0,0,0,0,0,0,0,0
42,2026-01-24,0,0,0,0,0,0,0,0,0
42,2026-01-25,3,3,2,1,0,2,1,0,0
42,2026-01-26,2,5,2,0,0,2,0,0,0
42,2026-01-27,5,10,4,1,2,2,1,0,0
42,2026-01-28,2,12,2,0,0,2,0,0,0
42,2026-01-29,5,17,4,1,1,3,1,0,0
42,2026-01-30,4,21,2,2,1,1,1,0,1
42,2026-01-31,6,27,5,1,2,2,1,1,0
42,2026-02-01,5,32,5,0,1,4,0,0,0
42,2026-02-02,1,33,1,0,0,1,0,0,0
42,2026-02-03,3,36,2,1,0,2,0,0,1
42,2026-02-04,1,37,1,0,0,0,0,1,0
42,2026-02-05,4,41,4,0,2,2,0,0,0
42,2026-02-06,7,48,5,2,2,3,2,0,0
42,2026-02-07,8,56,7,1,2,5,0,0,1
42,2026-02-08,3,59,3,0,1,2,0,0,0
42,2026-02-09,3,62,2,1,1,1,1,0,0
42,2026-02-10,0,62,0,0,0,0,0,0,0
43,2026-01-14,0,0,0,0,0,0,0,0,0
43,2026-01-15,0,0,0,0,0,0,0,0,0
43,2026-01-16,0,0,0,0,0,0,0,0,0
43,2026-01-17,0,0,0,0,0,0,0,0,0
43,2026-01-18,0,0,0,0,0,0,0,0,0
43,2026-01-19,0,0,0,0,0,0,0,0,0
43,2026-01-20,0,0,0,0,0,0,0,0,0
43,2026-01-21,0,0,0,0,0,0,0,0,0
43,2026-01-22,0,0,0,0,0,0,0,0,0
43,2026-01-23,0,0,0,0,0,0,0,0,0
43,2026-01-24,0,0,0,0,0,0,0,0,0
43,2026-01-25,10,10,9,1,4,5,1,0,0
43,2026-01-26,7,17,6,1,2,3,1,1,0
43,2026-01-27,3,20,2,1,1,1,1,0,0
43,2026-01-28,5,25,4,1,1,3,1,0,0
43,2026-01-29,10,35,9,1,4,4,1,1,0
43,2026-01-30,8,43,4,4,2,2,2,0,2
43,2026-01-31,9,52,5,4,1,3,1,1,3
43,2026-02-01,6,58,6,0,1,5,0,0,0
43,2026-02-02,9,67,8,1,2,5,1,1,0
43,2026-02-03,6,73,6,0,2,4,0,0,0
43,2026-02-04,15,88,10,5,2,6,5,2,0
43,2026-02-05,10,98,10,0,3,4,0,3,0
43,2026-02-06,9,107,5,4,2,3,4,0,0
43,2026-02-07,16,123,15,1,4,10,1,1,0
43,2026-02-08,11,134,11,0,6,5,0,0,0
43,2026-02-09,10,144,10,0,2,5,0,3,0
43,2026-02-10,14,158,12,2,5,6,2,1,0
44,2026-01-14,0,0,0,0,0,0,0,0,0
44,2026-01-15,0,0,0,0,0,0,0,0,0
44,2026-01-16,0,0,0,0,0,0,0,0,0
44,2026-01-17,0,0,0,0,0,0,0,0,0
44,2026-01-18,0,0,0,0,0,0,0,0,0
44,2026-01-19,0,0,0,0,0,0,0,0,0
44,2026-01-20,0,0,0,0,0,0,0,0,0
44,2026-01-21,0,0,0,0,0,0,0,0,0
44,2026-01-22,0,0,0,0,0,0,0,0,0
44,2026-01-23,0,0,0,0,0,0,0,0,0
44,2026-01-24,0,0,0,0,0,0,0,0,0
44,2026-01-25,7,7,6,1,2,4,0,0,1
44,2026-01-26,2,9,1,1,1,0,1,0,0
44,2026-01-27,4,13,3,1,0,1,1,2,0
44,2026-01-28,3,16,3,0,2,1,0,0,0
44,2026-01-29,4,20,3,1,1,2,0,0,1
44,2026-01-30,6,26,6,0,4,2,0,0,0
44,2026-01-31,5,31,5,0,1,3,0,1,0
44,2026-02-01,5,36,4,1,1,3,1,0,0
44,2026-02-02,2,38,2,0,0,2,0,0,0
44,2026-02-03,9,47,7,2,2,5,2,0,0
44,2026-02-04,6,53,6,0,3,2,0,1,0
44,2026-02-05,10,63,8,2,2,5,1,1,1
44,2026-02-06,12,75,9,3,2,7,3,0,0
44,2026-02-07,8,83,8,0,0,6,0,2,0
44,2026-02-08,12,95,7,5,3,3,3,1,2
44,2026-02-09,13,108,13,0,2,9,0,2,0
44,2026-02-10,9,117,9,0,4,4,0,1,0
45,2026-01-14,0,0,0,0,0,0,0,0,0
45,2026-01-15,0,0,0,0,0,0,0,0,0
45,2026-01-16,0,0,0,0,0,0,0,0,0
45,2026-01-17,0,0,0,0,0,0,0,0,0
45,2026-01-18,0,0,0,0,0,0,0,0,0
45,2026-01-19,0,0,0,0,0,0,0,0,0
45,2026-01-20,0,0,0,0,0,0,0,0,0
45,2026-01-21,0,0,0,0,0,0,0,0,0
45,2026-01-22,0,0,0,0,0,0,0,0,0
45,2026-01-23,0,0,0,0,0,0,0,0,0
45,2026-01-24,0,0,0,0,0,0,0,0,0
45,2026-01-25,5,5,5,0,1,4,0,0,0
45,2026-01-26,3,8,3,0,0,3,0,0,0
45,2026-01-27,2,10,1,1,0,1,1,0,0
45,2026-01-28,5,15,4,1,0,4,0,0,1
45,2026-01-29,3,18,2,1,0,2,0,0,1
45,2026-01-30,4,22,3,1,1,2,1,0,0
45,2026-01-31,2,24,1,1,0,1,0,0,1
45,2026-02-01,6,30,4,2,3,1,2,0,0
45,2026-02-02,2,32,2,0,1,1,0,0,0
45,2026-02-03,5,37,5,0,3,2,0,0,0
45,2026-02-04,4,41,3,1,1,2,0,0,1
45,2026-02-05,6,47,5,1,1,4,0,0,1
45,2026-02-06,6,53,5,1,2,3,1,0,0
45,2026-02-07,8,61,5,3,0,4,1,1,2
45,2026-02-08,5,66,5,0,1,4,0,0,0
45,2026-02-09,4,70,1,3,0,1,2,0,1
45,2026-02-10,3,73,3,0,1,2,0,0,0
46,2026-01-14,0,0,0,0,0,0,0,0,0
46,2026-01-15,0,0,0,0,0,0,0,0,0
46,2026-01-16,0,0,0,0,0,0,0,0,0
46,2026-01-17,0,0,0,0,0,0,0,0,0
46,2026-01-18,0,0,0,0,0,0,0,0,0
46,2026-01-19,0,0,0,0,0,0,0,0,0
46,2026-01-20,0,0,0,0,0,0,0,0,0
46,2026-01-21,0,0,0,0,0,0,0,0,0
46,2026-01-22,0,0,0,0,0,0,0,0,0
46,2026-01-23,0,0,0,0,0,0,0,0,0
46,2026-01-24,0,0,0,0,0,0,0,0,0
46,2026-01-25,7,7,5,2,3,2,2,0,0
46,2026-01-26,5,12,4,1,1,3,0,0,1
46,2026-01-27,8,20,8,0,2,5,0,1,0
46,2026-01-28,4,24,4,0,1,3,0,0,0
46,2026-01-29,7,31,7,0,3,4,0,0,0
46,2026-01-30,8,39,6,2,1,4,1,1,1
46,2026-01-31,6,45,6,0,0,5,0,1,0
46,2026-02-01,17,62,16,1,4,9,1,3,0
46,2026-02-02,9,71,7,2,3,3,1,1,1
46,2026-02-03,6,77,5,1,0,4,1,1,0
46,2026-02-04,13,90,8,5,1,7,4,0,1
46,2026-02-05,6,96,5,1,2,3,1,0,0
46,2026-02-06,16,112,14,2,6,6,1,2,1
46,2026-02-07,7,119,7,0,3,3,0,1,0
46,2026-02-08,8,127,6,2,2,4,1,0,1
46,2026-02-09,10,137,10,0,4,5,0,1,0
46,2026-02-10,10,147,7,3,2,5,3,0,0
47,2026-01-14,0,0,0,0,0,0,0,0,0
47,2026-01-15,0,0,0,0,0,0,0,0,0
47,2026-01-16,0,0,0,0,0,0,0,0,0
47,2026-01-17,0,0,0,0,0,0,0,0,0
47,2026-01-18,0,0,0,0,0,0,0,0,0
47,2026-01-19,0,0,0,0,0,0,0,0,0
47,2026-01-20,0,0,0,0,0,0,0,0,0
47,2026-01-21,0,0,0,0,0,0,0,0,0
47,2026-01-22,0,0,0,0,0,0,0,0,0
47,2026-01-23,0,0,0,0,0,0,0,0,0
47,2026-01-24,0,0,0,0,0,0,0,0,0
47,2026-01-25,6,6,6,0,1,5,0,0,0
47,2026-01-26,1,7,0,1,0,0,0,0,1
47,2026-01-27,6,13,5,1,0,4,0,1,1
47,2026-01-28,6,19,6,0,0,5,0,1,0
47,2026-01-29,7,26,6,1,2,2,1,2,0
47,2026-01-30,2,28,2,0,0,1,0,1,0
47,2026-01-31,4,32,4,0,2,2,0,0,0
47,2026-02-01,4,36,4,0,2,1,0,1,0
47,2026-02-02,3,39,3,0,0,3,0,0,0
47,2026-02-03,4,43,3,1,1,2,1,0,0
47,2026-02-04,3,46,2,1,0,1,0,1,1
47,2026-02-05,6,52,5,1,3,2,1,0,0
47,2026-02-06,5,57,5,0,4,1,0,0,0
47,2026-02-07,6,63,5,1,3,1,1,1,0
47,2026-02-08,6,69,4,2,1,3,2,0,0
47,2026-02-09,3,72,3,0,1,2,0,0,0
47,2026-02-10,2,74,2,0,0,2,0,0,0
48,2026-01-14,0,0,0,0,0,0,0,0,0
48,2026-01-15,0,0,0,0,0,0,0,0,0
48,2026-01-16,0,0,0,0,0,0,0,0,0
48,2026-01-17,0,0,0,0,0,0,0,0,0
48,2026-01-18,0,0,0,0,0,0,0,0,0
48,2026-01-19,0,0,0,0,0,0,0,0,0
48,2026-01-20,0,0,0,0,0,0,0,0,0
48,2026-01-21,0,0,0,0,0,0,0,0,0
48,2026-01-22,0,0,0,0,0,0,0,0,0
48,2026-01-23,0,0,0,0,0,0,0,0,0
48,2026-01-24,0,0,0,0,0,0,0,0,0
48,2026-01-25,5,5,2,3,2,0,3,0,0
48,2026-01-26,6,11,5,1,1,3,1,1,0
48,2026-01-27,6,17,5,1,4,1,1,0,0
48,2026-01-28,8,25,7,1,0,6,1,1,0
48,2026-01-29,5,30,4,1,1,3,1,0,0
48,2026-01-30,4,34,3,1,0,3,1,0,0
48,2026-01-31,7,41,6,1,2,3,0,1,1
48,2026-02-01,7,48,7,0,2,4,0,1,0
48,2026-02-02,6,54,4,2,1,3,2,0,0
48,2026-02-03,11,65,9,2,2,6,1,1,1
48,2026-02-04,6,71,5,1,1,3,1,1,0
48,2026-02-05,7,78,5,2,2,2,1,1,1
48,2026-02-06,9,87,8,1,3,5,1,0,0
48,2026-02-07,14,101,10,4,3,6,3,1,1
48,2026-02-08,9,110,8,1,4,3,1,1,0
48,2026-02-09,11,121,8,3,3,5,3,0,0
48,2026-02-10,15,136,10,5,2,7,3,1,2
49,2026-01-14,0,0,0,0,0,0,0,0,0
49,2026-01-15,0,0,0,0,0,0,0,0,0
49,2026-01-16,0,0,0,0,0,0,0,0,0
49,2026-01-17,0,0,0,0,0,0,0,0,0
49,2026-01-18,0,0,0,0,0,0,0,0,0
49,2026-01-19,0,0,0,0,0,0,0,0,0
49,2026-01-20,0,0,0,0,0,0,0,0,0
49,2026-01-21,0,0,0,0,0,0,0,0,0
49,2026-01-22,0,0,0,0,0,0,0,0,0
49,2026-01-23,0,0,0,0,0,0,0,0,0
49,2026-01-24,0,0,0,0,0,0,0,0,0
49,2026-01-25,9,9,8,1,3,5,1,0,0
49,2026-01-26,6,15,5,1,3,1,1,1,0
49,2026-01-27,5,20,4,1,2,2,1,0,0
49,2026-01-28,3,23,3,0,0,3,0,0,0
49,2026-01-29,4,27,2,2,1,1,2,0,0
49,2026-01-30,7,34,6,1,3,3,0,0,1
49,2026-01-31,3,37,3,0,0,3,0,0,0
49,2026-02-01,6,43,6,0,1,3,0,2,0
49,2026-02-02,8,51,6,2,1,3,1,2,1
49,2026-02-03,4,55,4,0,0,4,0,0,0
49,2026-02-04,14,69,10,4,0,10,3,0,1
49,2026-02-05,5,74,3,2,0,3,2,0,0
49,2026-02-06,9,83,7,2,0,6,1,1,1
49,2026-02-07,7,90,6,1,0,6,1,0,0
49,2026-02-08,8,98,7,1,3,4,1,0,0
49,2026-02-09,6,104,5,1,3,2,0,0,1
49,2026-02-10,7,111,7,0,3,4,0,0,0
50,2026-01-14,0,0,0,0,0,0,0,0,0
50,2026-01-15,0,0,0,0,0,0,0,0,0
50,2026-01-16,0,0,0,0,0,0,0,0,0
50,2026-01-17,0,0,0,0,0,0,0,0,0
50,2026-01-18,0,0,0,0,0,0,0,0,0
50,2026-01-19,0,0,0,0,0,0,0,0,0
50,2026-01-20,0,0,0,0,0,0,0,0,0
50,2026-01-21,0,0,0,0,0,0,0,0,0
50,2026-01-22,0,0,0,0,0,0,0,0,0
50,2026-01-23,0,0,0,0,0,0,0,0,0
50,2026-01-24,0,0,0,0,0,0,0,0,0
50,2026-01-25,4,4,4,0,0,3,0,1,0
50,2026-01-26,3,7,2,1,0,2,1,0,0
50,2026-01-27,4,11,3,1,1,2,1,0,0
50,2026-01-28,3,14,2,1,0,2,1,0,0
50,2026-01-29,2,16,2,0,1,0,0,1,0
50,2026-01-30,5,21,4,1,0,4,1,0,0
50,2026-01-31,2,23,2,0,1,1,0,0,0
50,2026-02-01,4,27,4,0,0,4,0,0,0
50,2026-02-02,6,33,5,1,2,3,0,0,1
50,2026-02-03,6,39,5,1,0,5,1,0,0
50,2026-02-04,5,44,3,2,1,2,1,0,1
50,2026-02-05,14,58,10,4,4,5,4,1,0
50,2026-02-06,4,62,3,1,1,1,1,1,0
50,2026-02-07,7,69,6,1,0,5,1,1,0
50,2026-02-08,8,77,5,3,2,3,2,0,1
50,2026-02-09,6,83,6,0,0,6,0,0,0
50,2026-02-10,6,89,4,2,0,3,1,1,1
51,2026-01-14,0,0,0,0,0,0,0,0,0
51,2026-01-15,0,0,0,0,0,0,0,0,0
51,2026-01-16,0,0,0,0,0,0,0,0,0
51,2026-01-17,0,0,0,0,0,0,0,0,0
51,2026-01-18,0,0,0,0,0,0,0,0,0
51,2026-01-19,0,0,0,0,0,0,0,0,0
51,2026-01-20,0,0,0,0,0,0,0,0,0
51,2026-01-21,0,0,0,0,0,0,0,0,0
51,2026-01-22,0,0,0,0,0,0,0,0,0
51,2026-01-23,0,0,0,0,0,0,0,0,0
51,2026-01-24,0,0,0,0,0,0,0,0,0
51,2026-01-25,7,7,7,0,0,6,0,1,0
51,2026-01-26,0,7,0,0,0,0,0,0,0
51,2026-01-27,0,7,0,0,0,0,0,0,0
51,2026-01-28,1,8,1,0,0,1,0,0,0
51,2026-01-29,3,11,3,0,1,0,0,2,0
51,2026-01-30,2,13,1,1,0,0,0,1,1
51,2026-01-31,2,15,1,1,0,1,1,0,0
51,2026-02-01,2,17,1,1,0,1,1,0,0
51,2026-02-02,3,20,3,0,0,2,0,1,0
51,2026-02-03,4,24,4,0,3,1,0,0,0
51,2026-02-04,3,27,3,0,1,2,0,0,0
51,2026-02-05,7,34,6,1,2,3,1,1,0
51,2026-02-06,5,39,4,1,0,3,0,1,1
51,2026-02-07,4,43,4,0,2,2,0,0,0
51,2026-02-08,6,49,5,1,3,2,0,0,1
51,2026-02-09,4,53,3,1,0,3,1,0,0
51,2026-02-10,6,59,6,0,1,4,0,1,0
52,2026-01-14,0,0,0,0,0,0,0,0,0
52,2026-01-15,0,0,0,0,0,0,0,0,0
52,2026-01-16,0,0,0,0,0,0,0,0,0
52,2026-01-17,0,0,0,0,0,0,0,0,0
52,2026-01-18,0,0,0,0,0,0,0,0,0
52,2026-01-19,0,0,0,0,0,0,0,0,0
52,2026-01-20,0,0,0,0,0,0,0,0,0
52,2026-01-21,0,0,0,0,0,0,0,0,0
52,2026-01-22,0,0,0,0,0,0,0,0,0
52,2026-01-23,0,0,0,0,0,0,0,0,0
52,2026-01-24,0,0,0,0,0,0,0,0,0
52,2026-01-25,7,7,6,1,1,5,1,0,0
52,2026-01-26,1,8,1,0,1,0,0,0,0
52,2026-01-27,4,12,3,1,0,3,1,0,0
52,2026-01-28,2,14,0,2,0,0,2,0,0
52,2026-01-29,3,17,1,2,0,0,1,1,1
52,2026-01-30,2,19,2,0,0,2,0,0,0
52,2026-01-31,4,23,3,1,0,3,1,0,0
52,2026-02-01,5,28,4,1,1,2,1,1,0
52,2026-02-02,1,29,1,0,0,0,0,1,0
52,2026-02-03,8,37,3,5,1,2,1,0,4
52,2026-02-04,7,44,4,3,0,4,2,0,1
52,2026-02-05,4,48,1,3,0,1,2,0,1
52,2026-02-06,9,57,7,2,2,5,1,0,1
52,2026-02-07,6,63,6,0,2,2,0,2,0
52,2026-02-08,10,73,8,2,3,4,2,1,0
52,2026-02-09,8,81,6,2,1,5,2,0,0
52,2026-02-10,12,93,10,2,3,7,2,0,0
53,2026-01-14,0,0,0,0,0,0,0,0,0
53,2026-01-15,0,0,0,0,0,0,0,0,0
53,2026-01-16,0,0,0,0,0,0,0,0,0
53,2026-01-17,0,0,0,0,0,0,0,0,0
53,2026-01-18,0,0,0,0,0,0,0,0,0
53,2026-01-19,0,0,0,0,0,0,0,0,0
53,2026-01-20,0,0,0,0,0,0,0,0,0
53,2026-01-21,0,0,0,0,0,0,0,0,0
53,2026-01-22,0,0,0,0,0,0,0,0,0
53,2026-01-23,0,0,0,0,0,0,0,0,0
53,2026-01-24,0,0,0,0,0,0,0,0,0
53,2026-01-25,7,7,6,1,1,4,1,1,0
53,2026-01-26,5,12,3,2,0,2,2,1,0
53,2026-01-27,4,16,2,2,0,2,2,0,0
53,2026-01-28,6,22,5,1,2,2,1,1,0
53,2026-01-29,7,29,4,3,3,1,2,0,1
53,2026-01-30,4,33,3,1,0,3,0,0,1
53,2026-01-31,8,41,6,2,3,3,1,0,1
53,2026-02-01,7,48,4,3,1,2,1,1,2
53,2026-02-02,8,56,7,1,4,3,0,0,1
53,2026-02-03,8,64,6,2,2,4,2,0,0
53,2026-02-04,8,72,7,1,3,3,1,1,0
53,2026-02-05,6,78,5,1,3,2,1,0,0
53,2026-02-06,11,89,9,2,2,7,2,0,0
53,2026-02-07,11,100,8,3,2,4,1,2,2
53,2026-02-08,12,112,9,3,1,6,2,2,1
53,2026-02-09,11,123,7,4,0,6,3,1,1
53,2026-02-10,11,134,9,2,2,7,1,0,1
54,2026-01-14,0,0,0,0,0,0,0,0,0
54,2026-01-15,0,0,0,0,0,0,0,0,0
54,2026-01-16,0,0,0,0,0,0,0,0,0
54,2026-01-17,0,0,0,0,0,0,0,0,0
54,2026-01-18,0,0,0,0,0,0,0,0,0
54,2026-01-19,0,0,0,0,0,0,0,0,0
54,2026-01-20,0,0,0,0,0,0,0,0,0
54,2026-01-21,0,0,0,0,0,0,0,0,0
54,2026-01-22,0,0,0,0,0,0,0,0,0
54,2026-01-23,0,0,0,0,0,0,0,0,0
54,2026-01-24,0,0,0,0,0,0,0,0,0
54,2026-01-25,9,9,7,2,3,3,1,1,1
54,2026-01-26,5,14,4,1,1,3,0,0,1
54,2026-01-27,6,20,6,0,1,4,0,1,0
54,2026-01-28,2,22,2,0,1,1,0,0,0
54,2026-01-29,6,28,5,1,1,4,1,0,0
54,2026-01-30,4,32,3,1,1,2,1,0,0
54,2026-01-31,5,37,3,2,0,2,0,1,2
54,2026-02-01,10,47,7,3,4,3,3,0,0
54,2026-02-02,8,55,6,2,4,2,2,0,0
54,2026-02-03,8,63,6,2,1,4,1,1,1
54,2026-02-04,8,71,6,2,2,3,1,1,1
54,2026-02-05,13,84,8,5,1,4,5,3,0
54,2026-02-06,10,94,10,0,4,6,0,0,0
54,2026-02-07,7,101,7,0,1,6,0,0,0
54,2026-02-08,9,110,7,2,3,4,2,0,0
54,2026-02-09,13,123,9,4,1,6,2,2,2
54,2026-02-10,8,131,7,1,1,5,0,1,1
55,2026-01-14,0,0,0,0,0,0,0,0,0
55,2026-01-15,0,0,0,0,0,0,0,0,0
55,2026-01-16,0,0,0,0,0,0,0,0,0
55,2026-01-17,0,0,0,0,0,0,0,0,0
55,2026-01-18,0,0,0,0,0,0,0,0,0
55,2026-01-19,0,0,0,0,0,0,0,0,0
55,2026-01-20,0,0,0,0,0,0,0,0,0
55,2026-01-21,0,0,0,0,0,0,0,0,0
55,2026-01-22,0,0,0,0,0,0,0,0,0
55,2026-01-23,0,0,0,0,0,0,0,0,0
55,2026-01-24,0,0,0,0,0,0,0,0,0
55,2026-01-25,3,3,3,0,1,2,0,0,0
55,2026-01-26,5,8,5,0,2,3,0,0,0
55,2026-01-27,6,14,5,1,0,5,0,0,1
55,2026-01-28,5,19,5,0,1,4,0,0,0
55,2026-01-29,7,26,7,0,1,4,0,2,0
55,2026-01-30,3,29,3,0,1,2,0,0,0
55,2026-01-31,2,31,2,0,1,1,0,0,0
55,2026-02-01,8,39,5,3,1,4,3,0,0
55,2026-02-02,5,44,5,0,1,4,0,0,0
55,2026-02-03,8,52,7,1,4,3,1,0,0
55,2026-02-04,5,57,5,0,3,2,0,0,0
55,2026-02-05,6,63,6,0,4,2,0,0,0
55,2026-02-06,4,67,3,1,1,2,1,0,0
55,2026-02-07,2,69,2,0,2,0,0,0,0
55,2026-02-08,8,77,7,1,2,3,0,2,1
55,2026-02-09,6,83,6,0,1,5,0,0,0
55,2026-02-10,5,88,5,0,2,3,0,0,0
56,2026-01-14,0,0,0,0,0,0,0,0,0
56,2026-01-15,0,0,0,0,0,0,0,0,0
56,2026-01-16,0,0,0,0,0,0,0,0,0
56,2026-01-17,0,0,0,0,0,0,0,0,0
56,2026-01-18,0,0,0,0,0,0,0,0,0
56,2026-01-19,0,0,0,0,0,0,0,0,0
56,2026-01-20,0,0,0,0,0,0,0,0,0
56,2026-01-21,0,0,0,0,0,0,0,0,0
56,2026-01-22,0,0,0,0,0,0,0,0,0
56,2026-01-23,0,0,0,0,0,0,0,0,0
56,2026-01-24,0,0,0,0,0,0,0,0,0
56,2026-01-25,5,5,5,0,1,4,0,0,0
56,2026-01-26,6,11,6,0,1,5,0,0,0
56,2026-01-27,3,14,2,1,0,1,1,1,0
56,2026-01-28,2,16,2,0,1,1,0,0,0
56,2026-01-29,3,19,3,0,1,2,0,0,0
56,2026-01-30,2,21,1,1,1,0,1,0,0
56,2026-01-31,4,25,4,0,0,4,0,0,0
56,2026-02-01,5,30,4,1,1,3,1,0,0
56,2026-02-02,5,35,4,1,2,2,0,0,1
56,2026-02-03,7,42,6,1,1,5,1,0,0
56,2026-02-04,7,49,5,2,3,2,2,0,0
56,2026-02-05,10,59,9,1,3,5,1,1,0
56,2026-02-06,10,69,9,1,4,5,1,0,0
56,2026-02-07,4,73,4,0,2,2,0,0,0
56,2026-02-08,8,81,6,2,1,5,2,0,0
56,2026-02-09,11,92,10,1,5,4,1,1,0
56,2026-02-10,10,102,9,1,3,3,0,3,1
57,2026-01-14,0,0,0,0,0,0,0,0,0
57,2026-01-15,0,0,0,0,0,0,0,0,0
57,2026-01-16,0,0,0,0,0,0,0,0,0
57,2026-01-17,0,0,0,0,0,0,0,0,0
57,2026-01-18,0,0,0,0,0,0,0,0,0
57,2026-01-19,0,0,0,0,0,0,0,0,0
57,2026-01-20,0,0,0,0,0,0,0,0,0
57,2026-01-21,0,0,0,0,0,0,0,0,0
57,2026-01-22,0,0,0,0,0,0,0,0,0
57,2026-01-23,0,0,0,0,0,0,0,0,0
57,2026-01-24,0,0,0,0,0,0,0,0,0
57,2026-01-25,5,5,5,0,2,3,0,0,0
57,2026-01-26,5,10,4,1,0,4,1,0,0
57,2026-01-27,2,12,1,1,1,0,0,0,1
57,2026-01-28,3,15,3,0,0,2,0,1,0
57,2026-01-29,4,19,3,1,2,1,1,0,0
57,2026-01-30,4,23,3,1,1,2,1,0,0
57,2026-01-31,4,27,3,1,1,2,0,0,1
57,2026-02-01,2,29,1,1,0,0,1,1,0
57,2026-02-02,7,36,6,1,2,4,1,0,0
57,2026-02-03,5,41,4,1,0,3,1,1,0
57,2026-02-04,2,43,2,0,1,1,0,0,0
57,2026-02-05,9,52,7,2,5,2,2,0,0
57,2026-02-06,3,55,2,1,2,0,1,0,0
57,2026-02-07,5,60,4,1,3,1,1,0,0
57,2026-02-08,5,65,3,2,1,0,2,2,0
57,2026-02-09,5,70,4,1,2,2,1,0,0
57,2026-02-10,5,75,4,1,2,2,1,0,0
58,2026-01-14,0,0,0,0,0,0,0,0,0
58,2026-01-15,0,0,0,0,0,0,0,0,0
58,2026-01-16,0,0,0,0,0,0,0,0,0
58,2026-01-17,0,0,0,0,0,0,0,0,0
58,2026-01-18,0,0,0,0,0,0,0,0,0
58,2026-01-19,0,0,0,0,0,0,0,0,0
58,2026-01-20,0,0,0,0,0,0,0,0,0
58,2026-01-21,0,0,0,0,0,0,0,0,0
58,2026-01-22,0,0,0,0,0,0,0,0,0
58,2026-01-23,0,0,0,0,0,0,0,0,0
58,2026-01-24,0,0,0,0,0,0,0,0,0
58,2026-01-25,6,6,6,0,1,3,0,2,0
58,2026-01-26,4,10,2,2,1,1,2,0,0
58,2026-01-27,2,12,2,0,0,2,0,0,0
58,2026-01-28,5,17,3,2,0,2,2,1,0
58,2026-01-29,4,21,4,0,0,3,0,1,0
58,2026-01-30,1,22,1,0,0,1,0,0,0
58,2026-01-31,2,24,2,0,0,2,0,0,0
58,2026-02-01,4,28,3,1,3,0,1,0,0
58,2026-02-02,4,32,3,1,1,2,1,0,0
58,2026-02-03,5,37,3,2,2,1,1,0,1
58,2026-02-04,5,42,5,0,3,2,0,0,0
58,2026-02-05,5,47,3,2,2,1,2,0,0
58,2026-02-06,3,50,3,0,0,3,0,0,0
58,2026-02-07,4,54,3,1,1,1,1,1,0
58,2026-02-08,6,60,4,2,1,1,2,2,0
58,2026-02-09,9,69,7,2,2,5,2,0,0
58,2026-02-10,3,72,2,1,0,1,1,1,0
59,2026-01-14,0,0,0,0,0,0,0,0,0
59,2026-01-15,0,0,0,0,0,0,0,0,0
59,2026-01-16,0,0,0,0,0,0,0,0,0
59,2026-01-17,0,0,0,0,0,0,0,0,0
59,2026-01-18,0,0,0,0,0,0,0,0,0
59,2026-01-19,0,0,0,0,0,0,0,0,0
59,2026-01-20,0,0,0,0,0,0,0,0,0
59,2026-01-21,0,0,0,0,0,0,0,0,0
59,2026-01-22,0,0,0,0,0,0,0,0,0
59,2026-01-23,0,0,0,0,0,0,0,0,0
59,2026-01-24,0,0,0,0,0,0,0,0,0
59,2026-01-25,5,5,3,2,1,1,1,1,1
59,2026-01-26,3,8,3,0,1,1,0,1,0
59,2026-01-27,2,10,1,1,1,0,1,0,0
59,2026-01-28,3,13,3,0,2,1,0,0,0
59,2026-01-29,4,17,4,0,1,1,0,2,0
59,2026-01-30,2,19,2,0,1,1,0,0,0
59,2026-01-31,3,22,3,0,2,1,0,0,0
59,2026-02-01,6,28,5,1,0,4,1,1,0
59,2026-02-02,7,35,5,2,0,4,2,1,0
59,2026-02-03,3,38,3,0,1,2,0,0,0
59,2026-02-04,3,41,2,1,0,1,1,1,0
59,2026-02-05,5,46,5,0,2,2,0,1,0
59,2026-02-06,2,48,2,0,0,2,0,0,0
59,2026-02-07,8,56,6,2,1,5,1,0,1
59,2026-02-08,3,59,1,2,1,0,2,0,0
59,2026-02-09,6,65,5,1,3,2,1,0,0
59,2026-02-10,7,72,5,2,1,4,2,0,0
60,2026-01-14,0,0,0,0,0,0,0,0,0
60,2026-01-15,0,0,0,0,0,0,0,0,0
60,2026-01-16,0,0,0,0,0,0,0,0,0
60,2026-01-17,0,0,0,0,0,0,0,0,0
60,2026-01-18,0,0,0,0,0,0,0,0,0
60,2026-01-19,0,0,0,0,0,0,0,0,0
60,2026-01-20,0,0,0,0,0,0,0,0,0
60,2026-01-21,0,0,0,0,0,0,0,0,0
60,2026-01-22,0,0,0,0,0,0,0,0,0
60,2026-01-23,0,0,0,0,0,0,0,0,0
60,2026-01-24,0,0,0,0,0,0,0,0,0
60,2026-01-25,5,5,2,3,0,2,3,0,0
60,2026-01-26,0,5,0,0,0,0,0,0,0
60,2026-01-27,3,8,2,1,1,1,0,0,1
60,2026-01-28,3,11,2,1,0,2,1,0,0
60,2026-01-29,5,16,4,1,0,4,0,0,1
60,2026-01-30,1,17,1,0,1,0,0,0,0
60,2026-01-31,2,19,0,2,0,0,2,0,0
60,2026-02-01,8,27,7,1,3,4,1,0,0
60,2026-02-02,2,29,2,0,0,2,0,0,0
60,2026-02-03,7,36,6,1,4,2,1,0,0
60,2026-02-04,4,40,3,1,1,2,1,0,0
60,2026-02-05,4,44,4,0,1,2,0,1,0
60,2026-02-06,5,49,5,0,2,3,0,0,0
60,2026-02-07,4,53,3,1,2,1,0,0,1
60,2026-02-08,6,59,6,0,1,4,0,1,0
60,2026-02-09,12,71,9,3,0,9,1,0,2
60,2026-02-10,4,75,2,2,0,1,1,1,1
61,2026-01-14,0,0,0,0,0,0,0,0,0
61,2026-01-15,0,0,0,0,0,0,0,0,0
61,2026-01-16,0,0,0,0,0,0,0,0,0
61,2026-01-17,0,0,0,0,0,0,0,0,0
61,2026-01-18,0,0,0,0,0,0,0,0,0
61,2026-01-19,0,0,0,0,0,0,0,0,0
61,2026-01-20,0,0,0,0,0,0,0,0,0
61,2026-01-21,0,0,0,0,0,0,0,0,0
61,2026-01-22,0,0,0,0,0,0,0,0,0
61,2026-01-23,0,0,0,0,0,0,0,0,0
61,2026-01-24,0,0,0,0,0,0,0,0,0
61,2026-01-25,13,13,11,2,3,6,0,2,2
61,2026-01-26,2,15,1,1,1,0,1,0,0
61,2026-01-27,5,20,4,1,0,4,1,0,0
61,2026-01-28,13,33,9,4,5,3,3,1,1
61,2026-01-29,9,42,3,6,1,2,6,0,0
61,2026-01-30,8,50,5,3,2,3,1,0,2
61,2026-01-31,8,58,5,3,2,2,2,1,1
61,2026-02-01,14,72,10,4,4,5,4,1,0
61,2026-02-02,13,85,8,5,3,5,4,0,1
61,2026-02-03,14,99,13,1,5,6,1,2,0
61,2026-02-04,18,117,15,3,6,7,2,2,1
61,2026-02-05,18,135,13,5,2,9,4,2,1
61,2026-02-06,21,156,17,4,4,10,4,3,0
61,2026-02-07,7,163,5,2,1,4,2,0,0
61,2026-02-08,20,183,12,8,3,9,7,0,1
61,2026-02-09,19,202,11,8,3,6,4,2,4
61,2026-02-10,15,217,11,4,1,9,4,1,0
62,2026-01-14,0,0,0,0,0,0,0,0,0
62,2026-01-15,0,0,0,0,0,0,0,0,0
62,2026-01-16,0,0,0,0,0,0,0,0,0
62,2026-01-17,0,0,0,0,0,0,0,0,0
62,2026-01-18,0,0,0,0,0,0,0,0,0
62,2026-01-19,0,0,0,0,0,0,0,0,0
62,2026-01-20,0,0,0,0,0,0,0,0,0
62,2026-01-21,0,0,0,0,0,0,0,0,0
62,2026-01-22,0,0,0,0,0,0,0,0,0
62,2026-01-23,0,0,0,0,0,0,0,0,0
62,2026-01-24,0,0,0,0,0,0,0,0,0
62,2026-01-25,5,5,4,1,1,3,0,0,1
62,2026-01-26,2,7,2,0,0,1,0,1,0
62,2026-01-27,4,11,3,1,1,1,1,1,0
62,2026-01-28,2,13,1,1,0,1,1,0,0
62,2026-01-29,2,15,1,1,1,0,1,0,0
62,2026-01-30,4,19,2,2,0,1,2,1,0
62,2026-01-31,4,23,2,2,0,1,2,1,0
62,2026-02-01,3,26,2,1,1,1,0,0,1
62,2026-02-02,6,32,6,0,1,4,0,1,0
62,2026-02-03,3,35,1,2,1,0,1,0,1
62,2026-02-04,3,38,2,1,1,1,1,0,0
62,2026-02-05,5,43,5,0,2,2,0,1,0
62,2026-02-06,4,47,4,0,2,1,0,1,0
62,2026-02-07,5,52,5,0,2,3,0,0,0
62,2026-02-08,7,59,6,1,2,3,1,1,0
62,2026-02-09,4,63,2,2,0,2,2,0,0
62,2026-02-10,5,68,5,0,1,4,0,0,0
63,2026-01-14,0,0,0,0,0,0,0,0,0
63,2026-01-15,0,0,0,0,0,0,0,0,0
63,2026-01-16,0,0,0,0,0,0,0,0,0
63,2026-01-17,0,0,0,0,0,0,0,0,0
63,2026-01-18,0,0,0,0,0,0,0,0,0
63,2026-01-19,0,0,0,0,0,0,0,0,0
63,2026-01-20,0,0,0,0,0,0,0,0,0
63,2026-01-21,0,0,0,0,0,0,0,0,0
63,2026-01-22,0,0,0,0,0,0,0,0,0
63,2026-01-23,0,0,0,0,0,0,0,0,0
63,2026-01-24,0,0,0,0,0,0,0,0,0
63,2026-01-25,4,4,4,0,2,2,0,0,0
63,2026-01-26,4,8,3,1,1,2,1,0,0
63,2026-01-27,4,12,4,0,1,2,0,1,0
63,2026-01-28,3,15,3,0,1,1,0,1,0
63,2026-01-29,3,18,3,0,1,1,0,1,0
63,2026-01-30,10,28,7,3,1,5,2,1,1
63,2026-01-31,5,33,5,0,2,3,0,0,0
63,2026-02-01,6,39,4,2,1,2,2,1,0
63,2026-02-02,9,48,6,3,4,2,3,0,0
63,2026-02-03,6,54,3,3,1,0,3,2,0
63,2026-02-04,8,62,6,2,2,4,1,0,1
63,2026-02-05,7,69,5,2,2,2,1,1,1
63,2026-02-06,9,78,4,5,0,4,4,0,1
63,2026-02-07,6,84,6,0,0,5,0,1,0
63,2026-02-08,8,92,6,2,1,4,1,1,1
63,2026-02-09,17,109,14,3,1,13,1,0,2
63,2026-02-10,5,114,2,3,1,0,2,1,1
64,2026-01-14,0,0,0,0,0,0,0,0,0
64,2026-01-15,0,0,0,0,0,0,0,0,0
64,2026-01-16,0,0,0,0,0,0,0,0,0
64,2026-01-17,0,0,0,0,0,0,0,0,0
64,2026-01-18,0,0,0,0,0,0,0,0,0
64,2026-01-19,0,0,0,0,0,0,0,0,0
64,2026-01-20,0,0,0,0,0,0,0,0,0
64,2026-01-21,0,0,0,0,0,0,0,0,0
64,2026-01-22,0,0,0,0,0,0,0,0,0
64,2026-01-23,0,0,0,0,0,0,0,0,0
64,2026-01-24,0,0,0,0,0,0,0,0,0
64,2026-01-25,7,7,7,0,3,4,0,0,0
64,2026-01-26,2,9,2,0,0,2,0,0,0
64,2026-01-27,2,11,2,0,1,1,0,0,0
64,2026-01-28,4,15,4,0,0,4,0,0,0
64,2026-01-29,0,15,0,0,0,0,0,0,0
64,2026-01-30,5,20,4,1,0,4,1,0,0
64,2026-01-31,5,25,4,1,2,2,0,0,1
64,2026-02-01,7,32,4,3,0,4,2,0,1
64,2026-02-02,4,36,3,1,0,3,1,0,0
64,2026-02-03,9,45,7,2,2,4,2,1,0
64,2026-02-04,3,48,2,1,0,2,0,0,1
64,2026-02-05,6,54,5,1,1,3,0,1,1
64,2026-02-06,5,59,5,0,3,1,0,1,0
64,2026-02-07,8,67,7,1,2,5,1,0,0
64,2026-02-08,10,77,8,2,2,5,2,1,0
64,2026-02-09,5,82,5,0,0,5,0,0,0
64,2026-02-10,10,92,7,3,2,4,2,1,1
65,2026-01-14,0,0,0,0,0,0,0,0,0
65,2026-01-15,0,0,0,0,0,0,0,0,0
65,2026-01-16,0,0,0,0,0,0,0,0,0
65,2026-01-17,0,0,0,0,0,0,0,0,0
65,2026-01-18,0,0,0,0,0,0,0,0,0
65,2026-01-19,0,0,0,0,0,0,0,0,0
65,2026-01-20,0,0,0,0,0,0,0,0,0
65,2026-01-21,0,0,0,0,0,0,0,0,0
65,2026-01-22,0,0,0,0,0,0,0,0,0
65,2026-01-23,0,0,0,0,0,0,0,0,0
65,2026-01-24,0,0,0,0,0,0,0,0,0
65,2026-01-25,5,5,2,3,0,2,2,0,1
65,2026-01-26,6,11,4,2,0,2,2,2,0
65,2026-01-27,1,12,0,1,0,0,1,0,0
65,2026-01-28,5,17,5,0,3,1,0,1,0
65,2026-01-29,4,21,3,1,0,2,1,1,0
65,2026-01-30,2,23,0,2,0,0,2,0,0
65,2026-01-31,5,28,4,1,1,3,0,0,1
65,2026-02-01,7,35,6,1,3,3,1,0,0
65,2026-02-02,9,44,8,1,2,6,1,0,0
65,2026-02-03,4,48,3,1,1,2,1,0,0
65,2026-02-04,5,53,4,1,1,3,1,0,0
65,2026-02-05,10,63,6,4,1,5,4,0,0
65,2026-02-06,8,71,6,2,3,2,1,1,1
65,2026-02-07,9,80,6,3,3,2,1,1,2
65,2026-02-08,13,93,11,2,4,7,2,0,0
65,2026-02-09,13,106,9,4,3,5,3,1,1
65,2026-02-10,16,122,10,6,5,5,5,0,1
66,2026-01-14,0,0,0,0,0,0,0,0,0
66,2026-01-15,0,0,0,0,0,0,0,0,0
66,2026-01-16,0,0,0,0,0,0,0,0,0
66,2026-01-17,0,0,0,0,0,0,0,0,0
66,2026-01-18,0,0,0,0,0,0,0,0,0
66,2026-01-19,0,0,0,0,0,0,0,0,0
66,2026-01-20,0,0,0,0,0,0,0,0,0
66,2026-01-21,0,0,0,0,0,0,0,0,0
66,2026-01-22,0,0,0,0,0,0,0,0,0
66,2026-01-23,0,0,0,0,0,0,0,0,0
66,2026-01-24,0,0,0,0,0,0,0,0,0
66,2026-01-25,12,12,10,2,1,8,1,1,1
66,2026-01-26,3,15,2,1,1,1,1,0,0
66,2026-01-27,6,21,5,1,2,2,1,1,0
66,2026-01-28,6,27,6,0,2,4,0,0,0
66,2026-01-29,7,34,5,2,1,4,1,0,1
66,2026-01-30,4,38,1,3,0,1,3,0,0
66,2026-01-31,11,49,9,2,2,6,1,1,1
66,2026-02-01,5,54,4,1,1,3,1,0,0
66,2026-02-02,3,57,3,0,0,2,0,1,0
66,2026-02-03,12,69,9,3,3,5,2,1,1
66,2026-02-04,13,82,10,3,1,8,2,1,1
66,2026-02-05,10,92,8,2,3,5,1,0,1
66,2026-02-06,11,103,9,2,4,5,2,0,0
66,2026-02-07,10,113,8,2,3,3,1,2,1
66,2026-02-08,21,134,19,2,6,13,2,0,0
66,2026-02-09,9,143,6,3,2,3,3,1,0
66,2026-02-10,14,157,12,2,4,6,2,2,0
67,2026-01-14,0,0,0,0,0,0,0,0,0
67,2026-01-15,0,0,0,0,0,0,0,0,0
67,2026-01-16,0,0,0,0,0,0,0,0,0
67,2026-01-17,0,0,0,0,0,0,0,0,0
67,2026-01-18,0,0,0,0,0,0,0,0,0
67,2026-01-19,0,0,0,0,0,0,0,0,0
67,2026-01-20,0,0,0,0,0,0,0,0,0
67,2026-01-21,0,0,0,0,0,0,0,0,0
67,2026-01-22,0,0,0,0,0,0,0,0,0
67,2026-01-23,0,0,0,0,0,0,0,0,0
67,2026-01-24,0,0,0,0,0,0,0,0,0
67,2026-01-25,7,7,7,0,3,4,0,0,0
67,2026-01-26,3,10,1,2,1,0,1,0,1
67,2026-01-27,3,13,2,1,0,1,1,1,0
67,2026-01-28,2,15,2,0,1,1,0,0,0
67,2026-01-29,3,18,3,0,2,1,0,0,0
67,2026-01-30,2,20,0,2,0,0,0,0,2
67,2026-01-31,5,25,4,1,2,2,1,0,0
67,2026-02-01,7,32,4,3,0,4,2,0,1
67,2026-02-02,6,38,6,0,2,3,0,1,0
67,2026-02-03,5,43,5,0,2,3,0,0,0
67,2026-02-04,5,48,4,1,1,3,0,0,1
67,2026-02-05,5,53,4,1,1,1,0,2,1
67,2026-02-06,4,57,3,1,1,2,1,0,0
67,2026-02-07,10,67,8,2,1,6,1,1,1
67,2026-02-08,6,73,6,0,0,6,0,0,0
67,2026-02-09,8,81,6,2,2,3,2,1,0
67,2026-02-10,4,85,4,0,0,3,0,1,0
68,2026-01-14,0,0,0,0,0,0,0,0,0
68,2026-01-15,0,0,0,0,0,0,0,0,0
68,2026-01-16,0,0,0,0,0,0,0,0,0
68,2026-01-17,0,0,0,0,0,0,0,0,0
68,2026-01-18,0,0,0,0,0,0,0,0,0
68,2026-01-19,0,0,0,0,0,0,0,0,0
68,2026-01-20,0,0,0,0,0,0,0,0,0
68,2026-01-21,0,0,0,0,0,0,0,0,0
68,2026-01-22,0,0,0,0,0,0,0,0,0
68,2026-01-23,0,0,0,0,0,0,0,0,0
68,2026-01-24,0,0,0,0,0,0,0,0,0
68,2026-01-25,3,3,3,0,0,1,0,2,0
68,2026-01-26,7,10,6,1,1,5,0,0,1
68,2026-01-27,3,13,3,0,0,2,0,1,0
68,2026-01-28,2,15,2,0,1,1,0,0,0
68,2026-01-29,3,18,3,0,0,2,0,1,0
68,2026-01-30,6,24,6,0,2,3,0,1,0
68,2026-01-31,0,24,0,0,0,0,0,0,0
68,2026-02-01,6,30,4,2,0,4,2,0,0
68,2026-02-02,4,34,3,1,0,2,1,1,0
68,2026-02-03,8,42,5,3,2,3,1,0,2
68,2026-02-04,3,45,3,0,1,1,0,1,0
68,2026-02-05,5,50,5,0,2,3,0,0,0
68,2026-02-06,7,57,5,2,3,2,2,0,0
68,2026-02-07,4,61,3,1,1,2,1,0,0
68,2026-02-08,13,74,13,0,6,6,0,1,0
68,2026-02-09,8,82,7,1,0,7,1,0,0
68,2026-02-10,6,88,4,2,1,2,1,1,1
69,2026-01-14,0,0,0,0,0,0,0,0,0
69,2026-01-15,0,0,0,0,0,0,0,0,0
69,2026-01-16,0,0,0,0,0,0,0,0,0
69,2026-01-17,0,0,0,0,0,0,0,0,0
69,2026-01-18,0,0,0,0,0,0,0,0,0
69,2026-01-19,0,0,0,0,0,0,0,0,0
69,2026-01-20,0,0,0,0,0,0,0,0,0
69,2026-01-21,0,0,0,0,0,0,0,0,0
69,2026-01-22,0,0,0,0,0,0,0,0,0
69,2026-01-23,0,0,0,0,0,0,0,0,0
69,2026-01-24,0,0,0,0,0,0,0,0,0
69,2026-01-25,12,12,10,2,4,1,1,5,1
69,2026-01-26,4,16,3,1,1,1,1,1,0
69,2026-01-27,5,21,4,1,2,2,1,0,0
69,2026-01-28,12,33,10,2,4,5,1,1,1
69,2026-01-29,4,37,4,0,1,3,0,0,0
69,2026-01-30,9,46,7,2,4,3,2,0,0
69,2026-01-31,5,51,4,1,1,3,1,0,0
69,2026-02-01,7,58,7,0,2,5,0,0,0
69,2026-02-02,10,68,9,1,3,5,1,1,0
69,2026-02-03,5,73,4,1,1,2,1,1,0
69,2026-02-04,17,90,12,5,6,4,3,2,2
69,2026-02-05,12,102,9,3,2,4,2,3,1
69,2026-02-06,16,118,13,3,4,9,3,0,0
69,2026-02-07,15,133,12,3,2,5,3,5,0
69,2026-02-08,9,142,7,2,3,4,2,0,0
69,2026-02-09,8,150,6,2,0,5,2,1,0
69,2026-02-10,11,161,9,2,1,7,2,1,0
70,2026-01-14,0,0,0,0,0,0,0,0,0
70,2026-01-15,0,0,0,0,0,0,0,0,0
70,2026-01-16,0,0,0,0,0,0,0,0,0
70,2026-01-17,0,0,0,0,0,0,0,0,0
70,2026-01-18,0,0,0,0,0,0,0,0,0
70,2026-01-19,0,0,0,0,0,0,0,0,0
70,2026-01-20,0,0,0,0,0,0,0,0,0
70,2026-01-21,0,0,0,0,0,0,0,0,0
70,2026-01-22,0,0,0,0,0,0,0,0,0
70,2026-01-23,0,0,0,0,0,0,0,0,0
70,2026-01-24,0,0,0,0,0,0,0,0,0
70,2026-01-25,7,7,5,2,1,4,1,0,1
70,2026-01-26,7,14,6,1,1,4,1,1,0
70,2026-01-27,3,17,2,1,0,2,0,0,1
70,2026-01-28,8,25,7,1,3,4,1,0,0
70,2026-01-29,4,29,3,1,0,2,1,1,0
70,2026-01-30,5,34,3,2,2,1,2,0,0
70,2026-01-31,4,38,3,1,1,2,1,0,0
70,2026-02-01,6,44,4,2,0,3,0,1,2
70,2026-02-02,8,52,7,1,2,3,0,2,1
70,2026-02-03,10,62,7,3,2,5,2,0,1
70,2026-02-04,9,71,8,1,4,4,0,0,1
70,2026-02-05,14,85,10,4,4,6,3,0,1
70,2026-02-06,10,95,6,4,2,4,4,0,0
70,2026-02-07,8,103,6,2,1,5,1,0,1
70,2026-02-08,14,117,11,3,2,7,3,2,0
70,2026-02-09,18,135,13,5,1,11,4,1,1
70,2026-02-10,16,151,9,7,1,8,6,0,1
71,2026-01-14,0,0,0,0,0,0,0,0,0
71,2026-01-15,0,0,0,0,0,0,0,0,0
71,2026-01-16,0,0,0,0,0,0,0,0,0
71,2026-01-17,0,0,0,0,0,0,0,0,0
71,2026-01-18,0,0,0,0,0,0,0,0,0
71,2026-01-19,0,0,0,0,0,0,0,0,0
71,2026-01-20,0,0,0,0,0,0,0,0,0
71,2026-01-21,0,0,0,0,0,0,0,0,0
71,2026-01-22,0,0,0,0,0,0,0,0,0
71,2026-01-23,0,0,0,0,0,0,0,0,0
71,2026-01-24,0,0,0,0,0,0,0,0,0
71,2026-01-25,5,5,4,1,2,1,1,1,0
71,2026-01-26,2,7,2,0,0,2,0,0,0
71,2026-01-27,6,13,5,1,1,4,1,0,0
71,2026-01-28,9,22,8,1,2,4,1,2,0
71,2026-01-29,6,28,5,1,3,2,1,0,0
71,2026-01-30,3,31,3,0,1,2,0,0,0
71,2026-01-31,4,35,3,1,0,3,1,0,0
71,2026-02-01,1,36,0,1,0,0,1,0,0
71,2026-02-02,9,45,9,0,2,7,0,0,0
71,2026-02-03,7,52,7,0,2,3,0,2,0
71,2026-02-04,7,59,6,1,3,3,1,0,0
71,2026-02-05,3,62,3,0,2,1,0,0,0
71,2026-02-06,8,70,7,1,0,6,1,1,0
71,2026-02-07,9,79,8,1,1,6,1,1,0
71,2026-02-08,11,90,9,2,2,5,1,2,1
71,2026-02-09,3,93,3,0,2,1,0,0,0
71,2026-02-10,13,106,11,2,2,9,2,0,0
72,2026-01-14,0,0,0,0,0,0,0,0,0
72,2026-01-15,0,0,0,0,0,0,0,0,0
72,2026-01-16,0,0,0,0,0,0,0,0,0
72,2026-01-17,0,0,0,0,0,0,0,0,0
72,2026-01-18,0,0,0,0,0,0,0,0,0
72,2026-01-19,0,0,0,0,0,0,0,0,0
72,2026-01-20,0,0,0,0,0,0,0,0,0
72,2026-01-21,0,0,0,0,0,0,0,0,0
72,2026-01-22,0,0,0,0,0,0,0,0,0
72,2026-01-23,0,0,0,0,0,0,0,0,0
72,2026-01-24,0,0,0,0,0,0,0,0,0
72,2026-01-25,6,6,5,1,0,4,0,1,1
72,2026-01-26,6,12,5,1,2,3,1,0,0
72,2026-01-27,4,16,4,0,1,1,0,2,0
72,2026-01-28,2,18,2,0,0,2,0,0,0
72,2026-01-29,7,25,4,3,1,1,2,2,1
72,2026-01-30,1,26,0,1,0,0,1,0,0
72,2026-01-31,6,32,3,3,1,2,1,0,2
72,2026-02-01,4,36,3,1,2,0,1,1,0
72,2026-02-02,2,38,2,0,1,1,0,0,0
72,2026-02-03,3,41,2,1,1,1,1,0,0
72,2026-02-04,7,48,6,1,3,3,1,0,0
72,2026-02-05,2,50,2,0,1,0,0,1,0
72,2026-02-06,9,59,6,3,2,3,3,1,0
72,2026-02-07,15,74,12,3,4,7,1,1,2
72,2026-02-08,4,78,3,1,1,1,0,1,1
72,2026-02-09,4,82,2,2,1,1,2,0,0
72,2026-02-10,10,92,9,1,4,3,1,2,0
73,2026-01-14,0,0,0,0,0,0,0,0,0
73,2026-01-15,0,0,0,0,0,0,0,0,0
73,2026-01-16,0,0,0,0,0,0,0,0,0
73,2026-01-17,0,0,0,0,0,0,0,0,0
73,2026-01-18,0,0,0,0,0,0,0,0,0
73,2026-01-19,0,0,0,0,0,0,0,0,0
73,2026-01-20,0,0,0,0,0,0,0,0,0
73,2026-01-21,0,0,0,0,0,0,0,0,0
73,2026-01-22,0,0,0,0,0,0,0,0,0
73,2026-01-23,0,0,0,0,0,0,0,0,0
73,2026-01-24,0,0,0,0,0,0,0,0,0
73,2026-01-25,6,6,5,1,1,4,1,0,0
73,2026-01-26,8,14,6,2,4,1,2,1,0
73,2026-01-27,3,17,2,1,1,1,1,0,0
73,2026-01-28,4,21,4,0,3,1,0,0,0
73,2026-01-29,5,26,3,2,0,3,2,0,0
73,2026-01-30,4,30,4,0,1,2,0,1,0
73,2026-01-31,6,36,5,1,0,5,1,0,0
73,2026-02-01,3,39,2,1,2,0,1,0,0
73,2026-02-02,2,41,1,1,0,1,1,0,0
73,2026-02-03,7,48,4,3,3,1,2,0,1
73,2026-02-04,3,51,3,0,0,2,0,1,0
73,2026-02-05,7,58,5,2,2,3,2,0,0
73,2026-02-06,13,71,6,7,0,4,7,2,0
73,2026-02-07,10,81,7,3,1,5,2,1,1
73,2026-02-08,9,90,5,4,2,3,2,0,2
73,2026-02-09,5,95,4,1,1,3,0,0,1
73,2026-02-10,12,107,10,2,3,5,2,2,0
74,2026-01-14,0,0,0,0,0,0,0,0,0
74,2026-01-15,0,0,0,0,0,0,0,0,0
74,2026-01-16,0,0,0,0,0,0,0,0,0
74,2026-01-17,0,0,0,0,0,0,0,0,0
74,2026-01-18,0,0,0,0,0,0,0,0,0
74,2026-01-19,0,0,0,0,0,0,0,0,0
74,2026-01-20,0,0,0,0,0,0,0,0,0
74,2026-01-21,0,0,0,0,0,0,0,0,0
74,2026-01-22,0,0,0,0,0,0,0,0,0
74,2026-01-23,0,0,0,0,0,0,0,0,0
74,2026-01-24,0,0,0,0,0,0,0,0,0
74,2026-01-25,10,10,5,5,1,2,4,2,1
74,2026-01-26,5,15,4,1,1,2,1,1,0
74,2026-01-27,3,18,1,2,0,1,2,0,0
74,2026-01-28,3,21,2,1,0,1,1,1,0
74,2026-01-29,5,26,4,1,0,3,1,1,0
74,2026-01-30,6,32,5,1,1,4,1,0,0
74,2026-01-31,5,37,3,2,2,1,2,0,0
74,2026-02-01,4,41,4,0,0,4,0,0,0
74,2026-02-02,6,47,3,3,1,2,2,0,1
74,2026-02-03,5,52,5,0,1,4,0,0,0
74,2026-02-04,11,63,7,4,4,3,4,0,0
74,2026-02-05,6,69,5,1,2,1,0,2,1
74,2026-02-06,6,75,6,0,3,3,0,0,0
74,2026-02-07,8,83,7,1,2,5,1,0,0
74,2026-02-08,5,88,5,0,1,4,0,0,0
74,2026-02-09,8,96,7,1,2,5,1,0,0
74,2026-02-10,8,104,6,2,3,3,2,0,0
75,2026-01-14,0,0,0,0,0,0,0,0,0
75,2026-01-15,0,0,0,0,0,0,0,0,0
75,2026-01-16,0,0,0,0,0,0,0,0,0
75,2026-01-17,0,0,0,0,0,0,0,0,0
75,2026-01-18,0,0,0,0,0,0,0,0,0
75,2026-01-19,0,0,0,0,0,0,0,0,0
75,2026-01-20,0,0,0,0,0,0,0,0,0
75,2026-01-21,0,0,0,0,0,0,0,0,0
75,2026-01-22,0,0,0,0,0,0,0,0,0
75,2026-01-23,0,0,0,0,0,0,0,0,0
75,2026-01-24,0,0,0,0,0,0,0,0,0
75,2026-01-25,4,4,4,0,0,4,0,0,0
75,2026-01-26,6,10,5,1,3,0,0,2,1
75,2026-01-27,6,16,4,2,1,3,2,0,0
75,2026-01-28,3,19,3,0,0,3,0,0,0
75,2026-01-29,5,24,4,1,2,2,1,0,0
75,2026-01-30,7,31,3,4,0,3,4,0,0
75,2026-01-31,6,37,5,1,1,3,1,1,0
75,2026-02-01,10,47,9,1,4,5,1,0,0
75,2026-02-02,8,55,3,5,1,1,4,1,1
75,2026-02-03,7,62,5,2,1,4,2,0,0
75,2026-02-04,13,75,7,6,2,5,4,0,2
75,2026-02-05,14,89,13,1,6,6,1,1,0
75,2026-02-06,13,102,6,7,1,5,6,0,1
75,2026-02-07,16,118,12,4,3,6,4,3,0
75,2026-02-08,19,137,13,6,2,9,4,2,2
75,2026-02-09,14,151,9,5,2,6,4,1,1
75,2026-02-10,11,162,8,3,2,6,2,0,1
76,2026-01-14,0,0,0,0,0,0,0,0,0
76,2026-01-15,0,0,0,0,0,0,0,0,0
76,2026-01-16,0,0,0,0,0,0,0,0,0
76,2026-01-17,0,0,0,0,0,0,0,0,0
76,2026-01-18,0,0,0,0,0,0,0,0,0
76,2026-01-19,0,0,0,0,0,0,0,0,0
76,2026-01-20,0,0,0,0,0,0,0,0,0
76,2026-01-21,0,0,0,0,0,0,0,0,0
76,2026-01-22,0,0,0,0,0,0,0,0,0
76,2026-01-23,0,0,0,0,0,0,0,0,0
76,2026-01-24,0,0,0,0,0,0,0,0,0
76,2026-01-25,6,6,6,0,1,5,0,0,0
76,2026-01-26,1,7,1,0,1,0,0,0,0
76,2026-01-27,5,12,1,4,0,1,4,0,0
76,2026-01-28,3,15,2,1,0,2,1,0,0
76,2026-01-29,4,19,2,2,1,1,1,0,1
76,2026-01-30,4,23,4,0,0,4,0,0,0
76,2026-01-31,2,25,2,0,0,2,0,0,0
76,2026-02-01,8,33,5,3,1,4,2,0,1
76,2026-02-02,11,44,10,1,2,8,0,0,1
76,2026-02-03,4,48,1,3,0,1,2,0,1
76,2026-02-04,5,53,3,2,2,1,2,0,0
76,2026-02-05,9,62,8,1,2,5,1,1,0
76,2026-02-06,7,69,6,1,0,6,1,0,0
76,2026-02-07,14,83,13,1,5,8,0,0,1
76,2026-02-08,13,96,12,1,3,9,1,0,0
76,2026-02-09,11,107,9,2,5,3,2,1,0
76,2026-02-10,8,115,7,1,3,4,0,0,1
77,2026-01-14,0,0,0,0,0,0,0,0,0
77,2026-01-15,0,0,0,0,0,0,0,0,0
77,2026-01-16,0,0,0,0,0,0,0,0,0
77,2026-01-17,0,0,0,0,0,0,0,0,0
77,2026-01-18,0,0,0,0,0,0,0,0,0
77,2026-01-19,0,0,0,0,0,0,0,0,0
77,2026-01-20,0,0,0,0,0,0,0,0,0
77,2026-01-21,0,0,0,0,0,0,0,0,0
77,2026-01-22,0,0,0,0,0,0,0,0,0
77,2026-01-23,0,0,0,0,0,0,0,0,0
77,2026-01-24,0,0,0,0,0,0,0,0,0
77,2026-01-25,5,5,5,0,0,5,0,0,0
77,2026-01-26,0,5,0,0,0,0,0,0,0
77,2026-01-27,4,9,4,0,1,3,0,0,0
77,2026-01-28,2,11,2,0,1,1,0,0,0
77,2026-01-29,2,13,2,0,1,1,0,0,0
77,2026-01-30,5,18,5,0,1,3,0,1,0
77,2026-01-31,1,19,1,0,1,0,0,0,0
77,2026-02-01,3,22,3,0,1,2,0,0,0
77,2026-02-02,2,24,2,0,0,2,0,0,0
77,2026-02-03,3,27,2,1,1,1,1,0,0
77,2026-02-04,5,32,4,1,2,1,0,1,1
77,2026-02-05,3,35,3,0,1,2,0,0,0
77,2026-02-06,6,41,6,0,2,2,0,2,0
77,2026-02-07,8,49,6,2,4,2,2,0,0
77,2026-02-08,2,51,2,0,1,1,0,0,0
77,2026-02-09,7,58,6,1,2,3,1,1,0
77,2026-02-10,5,63,3,2,0,2,2,1,0
78,2026-01-14,0,0,0,0,0,0,0,0,0
78,2026-01-15,0,0,0,0,0,0,0,0,0
78,2026-01-16,0,0,0,0,0,0,0,0,0
78,2026-01-17,0,0,0,0,0,0,0,0,0
78,2026-01-18,0,0,0,0,0,0,0,0,0
78,2026-01-19,0,0,0,0,0,0,0,0,0
78,2026-01-20,0,0,0,0,0,0,0,0,0
78,2026-01-21,0,0,0,0,0,0,0,0,0
78,2026-01-22,0,0,0,0,0,0,0,0,0
78,2026-01-23,0,0,0,0,0,0,0,0,0
78,2026-01-24,0,0,0,0,0,0,0,0,0
78,2026-01-25,7,7,4,3,3,1,1,0,2
78,2026-01-26,4,11,4,0,1,2,0,1,0
78,2026-01-27,1,12,1,0,0,1,0,0,0
78,2026-01-28,1,13,0,1,0,0,1,0,0
78,2026-01-29,2,15,2,0,0,2,0,0,0
78,2026-01-30,3,18,3,0,1,2,0,0,0
78,2026-01-31,2,20,1,1,0,1,1,0,0
78,2026-02-01,2,22,2,0,0,2,0,0,0
78,2026-02-02,3,25,3,0,0,2,0,1,0
78,2026-02-03,1,26,0,1,0,0,1,0,0
78,2026-02-04,3,29,3,0,1,2,0,0,0
78,2026-02-05,4,33,4,0,1,3,0,0,0
78,2026-02-06,3,36,2,1,1,1,1,0,0
78,2026-02-07,5,41,5,0,1,3,0,1,0
78,2026-02-08,6,47,4,2,3,1,1,0,1
78,2026-02-09,1,48,1,0,1,0,0,0,0
78,2026-02-10,3,51,3,0,0,3,0,0,0
79,2026-01-14,0,0,0,0,0,0,0,0,0
79,2026-01-15,0,0,0,0,0,0,0,0,0
79,2026-01-16,0,0,0,0,0,0,0,0,0
79,2026-01-17,0,0,0,0,0,0,0,0,0
79,2026-01-18,0,0,0,0,0,0,0,0,0
79,2026-01-19,0,0,0,0,0,0,0,0,0
79,2026-01-20,0,0,0,0,0,0,0,0,0
79,2026-01-21,0,0,0,0,0,0,0,0,0
79,2026-01-22,0,0,0,0,0,0,0,0,0
79,2026-01-23,0,0,0,0,0,0,0,0,0
79,2026-01-24,0,0,0,0,0,0,0,0,0
79,2026-01-25,8,8,8,0,4,3,0,1,0
79,2026-01-26,7,15,6,1,2,4,0,0,1
79,2026-01-27,2,17,1,1,1,0,0,0,1
79,2026-01-28,2,19,2,0,1,1,0,0,0
79,2026-01-29,3,22,3,0,0,3,0,0,0
79,2026-01-30,9,31,7,2,2,5,2,0,0
79,2026-01-31,6,37,6,0,1,4,0,1,0
79,2026-02-01,3,40,2,1,0,1,1,1,0
79,2026-02-02,3,43,3,0,3,0,0,0,0
79,2026-02-03,8,51,6,2,1,3,1,2,1
79,2026-02-04,6,57,5,1,1,4,1,0,0
79,2026-02-05,7,64,6,1,2,4,0,0,1
79,2026-02-06,9,73,8,1,3,4,0,1,1
79,2026-02-07,13,86,12,1,5,5,1,2,0
79,2026-02-08,10,96,8,2,2,5,1,1,1
79,2026-02-09,10,106,10,0,1,9,0,0,0
79,2026-02-10,5,111,5,0,1,1,0,3,0
80,2026-01-14,0,0,0,0,0,0,0,0,0
80,2026-01-15,0,0,0,0,0,0,0,0,0
80,2026-01-16,0,0,0,0,0,0,0,0,0
80,2026-01-17,0,0,0,0,0,0,0,0,0
80,2026-01-18,0,0,0,0,0,0,0,0,0
80,2026-01-19,0,0,0,0,0,0,0,0,0
80,2026-01-20,0,0,0,0,0,0,0,0,0
80,2026-01-21,0,0,0,0,0,0,0,0,0
80,2026-01-22,0,0,0,0,0,0,0,0,0
80,2026-01-23,0,0,0,0,0,0,0,0,0
80,2026-01-24,0,0,0,0,0,0,0,0,0
80,2026-01-25,10,10,6,4,1,5,4,0,0
80,2026-01-26,5,15,4,1,2,2,1,0,0
80,2026-01-27,4,19,4,0,2,1,0,1,0
80,2026-01-28,4,23,2,2,0,2,1,0,1
80,2026-01-29,7,30,4,3,0,4,3,0,0
80,2026-01-30,3,33,3,0,0,3,0,0,0
80,2026-01-31,2,35,0,2,0,0,1,0,1
80,2026-02-01,4,39,3,1,1,2,0,0,1
80,2026-02-02,5,44,2,3,1,1,2,0,1
80,2026-02-03,7,51,6,1,2,4,1,0,0
80,2026-02-04,11,62,9,2,2,7,2,0,0
80,2026-02-05,11,73,9,2,0,7,2,2,0
80,2026-02-06,7,80,7,0,1,5,0,1,0
80,2026-02-07,5,85,5,0,1,3,0,1,0
80,2026-02-08,7,92,6,1,2,3,1,1,0
80,2026-02-09,14,106,9,5,4,3,3,2,2
80,2026-02-10,15,121,12,3,6,4,2,2,1
81,2026-01-14,0,0,0,0,0,0,0,0,0
81,2026-01-15,0,0,0,0,0,0,0,0,0
81,2026-01-16,0,0,0,0,0,0,0,0,0
81,2026-01-17,0,0,0,0,0,0,0,0,0
81,2026-01-18,0,0,0,0,0,0,0,0,0
81,2026-01-19,0,0,0,0,0,0,0,0,0
81,2026-01-20,0,0,0,0,0,0,0,0,0
81,2026-01-21,0,0,0,0,0,0,0,0,0
81,2026-01-22,0,0,0,0,0,0,0,0,0
81,2026-01-23,0,0,0,0,0,0,0,0,0
81,2026-01-24,0,0,0,0,0,0,0,0,0
81,2026-01-25,6,6,5,1,2,3,1,0,0
81,2026-01-26,3,9,1,2,0,1,1,0,1
81,2026-01-27,2,11,1,1,1,0,1,0,0
81,2026-01-28,2,13,1,1,1,0,1,0,0
81,2026-01-29,3,16,3,0,2,1,0,0,0
81,2026-01-30,2,18,1,1,1,0,1,0,0
81,2026-01-31,3,21,3,0,0,2,0,1,0
81,2026-02-01,7,28,6,1,2,3,1,1,0
81,2026-02-02,3,31,2,1,1,1,1,0,0
81,2026-02-03,0,31,0,0,0,0,0,0,0
81,2026-02-04,1,32,1,0,0,0,0,1,0
81,2026-02-05,7,39,7,0,3,4,0,0,0
81,2026-02-06,9,48,8,1,1,3,0,4,1
81,2026-02-07,5,53,5,0,1,3,0,1,0
81,2026-02-08,5,58,3,2,2,1,2,0,0
81,2026-02-09,4,62,3,1,0,3,1,0,0
81,2026-02-10,11,73,6,5,4,2,4,0,1
82,2026-01-14,0,0,0,0,0,0,0,0,0
82,2026-01-15,0,0,0,0,0,0,0,0,0
82,2026-01-16,0,0,0,0,0,0,0,0,0
82,2026-01-17,0,0,0,0,0,0,0,0,0
82,2026-01-18,0,0,0,0,0,0,0,0,0
82,2026-01-19,0,0,0,0,0,0,0,0,0
82,2026-01-20,0,0,0,0,0,0,0,0,0
82,2026-01-21,0,0,0,0,0,0,0,0,0
82,2026-01-22,0,0,0,0,0,0,0,0,0
82,2026-01-23,0,0,0,0,0,0,0,0,0
82,2026-01-24,0,0,0,0,0,0,0,0,0
82,2026-01-25,5,5,4,1,1,2,1,1,0
82,2026-01-26,4,9,3,1,0,3,0,0,1
82,2026-01-27,0,9,0,0,0,0,0,0,0
82,2026-01-28,3,12,3,0,1,1,0,1,0
82,2026-01-29,0,12,0,0,0,0,0,0,0
82,2026-01-30,4,16,3,1,0,2,0,1,1
82,2026-01-31,1,17,1,0,1,0,0,0,0
82,2026-02-01,3,20,2,1,0,1,0,1,1
82,2026-02-02,2,22,2,0,0,1,0,1,0
82,2026-02-03,6,28,5,1,0,3,0,2,1
82,2026-02-04,6,34,4,2,1,3,2,0,0
82,2026-02-05,8,42,2,6,1,1,4,0,2
82,2026-02-06,4,46,3,1,0,3,1,0,0
82,2026-02-07,6,52,5,1,3,1,1,1,0
82,2026-02-08,4,56,4,0,1,3,0,0,0
82,2026-02-09,5,61,2,3,1,1,3,0,0
82,2026-02-10,13,74,9,4,3,6,4,0,0
83,2026-01-14,0,0,0,0,0,0,0,0,0
83,2026-01-15,0,0,0,0,0,0,0,0,0
83,2026-01-16,0,0,0,0,0,0,0,0,0
83,2026-01-17,0,0,0,0,0,0,0,0,0
83,2026-01-18,0,0,0,0,0,0,0,0,0
83,2026-01-19,0,0,0,0,0,0,0,0,0
83,2026-01-20,0,0,0,0,0,0,0,0,0
83,2026-01-21,0,0,0,0,0,0,0,0,0
83,2026-01-22,0,0,0,0,0,0,0,0,0
83,2026-01-23,0,0,0,0,0,0,0,0,0
83,2026-01-24,0,0,0,0,0,0,0,0,0
83,2026-01-25,6,6,4,2,1,3,2,0,0
83,2026-01-26,2,8,1,1,0,1,1,0,0
83,2026-01-27,3,11,2,1,0,1,1,1,0
83,2026-01-28,2,13,1,1,0,1,1,0,0
83,2026-01-29,4,17,2,2,0,2,2,0,0
83,2026-01-30,1,18,1,0,0,1,0,0,0
83,2026-01-31,3,21,3,0,1,1,0,1,0
83,2026-02-01,4,25,4,0,2,0,0,2,0
83,2026-02-02,5,30,4,1,1,3,1,0,0
83,2026-02-03,6,36,6,0,2,4,0,0,0
83,2026-02-04,2,38,2,0,1,1,0,0,0
83,2026-02-05,6,44,4,2,0,4,2,0,0
83,2026-02-06,4,48,4,0,2,2,0,0,0
83,2026-02-07,4,52,4,0,0,3,0,1,0
83,2026-02-08,4,56,4,0,0,4,0,0,0
83,2026-02-09,5,61,5,0,3,2,0,0,0
83,2026-02-10,8,69,8,0,2,6,0,0,0
84,2026-01-14,0,0,0,0,0,0,0,0,0
84,2026-01-15,0,0,0,0,0,0,0,0,0
84,2026-01-16,0,0,0,0,0,0,0,0,0
84,2026-01-17,0,0,0,0,0,0,0,0,0
84,2026-01-18,0,0,0,0,0,0,0,0,0
84,2026-01-19,0,0,0,0,0,0,0,0,0
84,2026-01-20,0,0,0,0,0,0,0,0,0
84,2026-01-21,0,0,0,0,0,0,0,0,0
84,2026-01-22,0,0,0,0,0,0,0,0,0
84,2026-01-23,0,0,0,0,0,0,0,0,0
84,2026-01-24,0,0,0,0,0,0,0,0,0
84,2026-01-25,7,7,4,3,0,4,2,0,1
84,2026-01-26,8,15,7,1,4,2,1,1,0
84,2026-01-27,4,19,2,2,0,2,2,0,0
84,2026-01-28,7,26,2,5,2,0,5,0,0
84,2026-01-29,1,27,0,1,0,0,0,0,1
84,2026-01-30,2,29,2,0,0,2,0,0,0
84,2026-01-31,5,34,4,1,1,3,1,0,0
84,2026-02-01,6,40,5,1,1,3,1,1,0
84,2026-02-02,6,46,3,3,1,1,3,1,0
84,2026-02-03,6,52,4,2,0,2,2,2,0
84,2026-02-04,7,59,5,2,3,2,1,0,1
84,2026-02-05,6,65,5,1,1,3,1,1,0
84,2026-02-06,12,77,10,2,4,6,2,0,0
84,2026-02-07,6,83,5,1,2,2,1,1,0
84,2026-02-08,6,89,3,3,0,3,1,0,2
84,2026-02-09,11,100,10,1,3,6,1,1,0
84,2026-02-10,5,105,3,2,0,3,1,0,1
85,2026-01-14,0,0,0,0,0,0,0,0,0
85,2026-01-15,0,0,0,0,0,0,0,0,0
85,2026-01-16,0,0,0,0,0,0,0,0,0
85,2026-01-17,0,0,0,0,0,0,0,0,0
85,2026-01-18,0,0,0,0,0,0,0,0,0
85,2026-01-19,0,0,0,0,0,0,0,0,0
85,2026-01-20,0,0,0,0,0,0,0,0,0
85,2026-01-21,0,0,0,0,0,0,0,0,0
85,2026-01-22,0,0,0,0,0,0,0,0,0
85,2026-01-23,0,0,0,0,0,0,0,0,0
85,2026-01-24,0,0,0,0,0,0,0,0,0
85,2026-01-25,5,5,5,0,0,5,0,0,0
85,2026-01-26,4,9,4,0,0,2,0,2,0
85,2026-01-27,2,11,2,0,0,2,0,0,0
85,2026-01-28,2,13,2,0,2,0,0,0,0
85,2026-01-29,2,15,1,1,0,0,1,1,0
85,2026-01-30,5,20,3,2,0,3,1,0,1
85,2026-01-31,1,21,1,0,0,1,0,0,0
85,2026-02-01,6,27,5,1,1,3,1,1,0
85,2026-02-02,5,32,3,2,2,1,2,0,0
85,2026-02-03,5,37,5,0,1,4,0,0,0
85,2026-02-04,6,43,4,2,0,3,2,1,0
85,2026-02-05,6,49,4,2,1,3,2,0,0
85,2026-02-06,9,58,9,0,6,2,0,1,0
85,2026-02-07,8,66,6,2,2,3,2,1,0
85,2026-02-08,7,73,6,1,4,2,1,0,0
85,2026-02-09,4,77,3,1,1,1,1,1,0
85,2026-02-10,6,83,6,0,2,4,0,0,0
86,2026-01-14,0,0,0,0,0,0,0,0,0
86,2026-01-15,0,0,0,0,0,0,0,0,0
86,2026-01-16,0,0,0,0,0,0,0,0,0
86,2026-01-17,0,0,0,0,0,0,0,0,0
86,2026-01-18,0,0,0,0,0,0,0,0,0
86,2026-01-19,0,0,0,0,0,0,0,0,0
86,2026-01-20,0,0,0,0,0,0,0,0,0
86,2026-01-21,0,0,0,0,0,0,0,0,0
86,2026-01-22,0,0,0,0,0,0,0,0,0
86,2026-01-23,0,0,0,0,0,0,0,0,0
86,2026-01-24,0,0,0,0,0,0,0,0,0
86,2026-01-25,4,4,3,1,0,1,1,2,0
86,2026-01-26,7,11,6,1,0,5,1,1,0
86,2026-01-27,5,16,4,1,0,4,0,0,1
86,2026-01-28,4,20,4,0,1,3,0,0,0
86,2026-01-29,2,22,2,0,1,1,0,0,0
86,2026-01-30,2,24,1,1,0,1,1,0,0
86,2026-01-31,6,30,6,0,2,3,0,1,0
86,2026-02-01,3,33,2,1,1,1,1,0,0
86,2026-02-02,4,37,4,0,3,1,0,0,0
86,2026-02-03,5,42,3,2,0,2,2,1,0
86,2026-02-04,4,46,4,0,1,2,0,1,0
86,2026-02-05,4,50,3,1,2,1,0,0,1
86,2026-02-06,7,57,5,2,1,3,1,1,1
86,2026-02-07,6,63,6,0,2,4,0,0,0
86,2026-02-08,4,67,3,1,1,2,1,0,0
86,2026-02-09,6,73,6,0,3,3,0,0,0
86,2026-02-10,4,77,4,0,1,3,0,0,0
87,2026-01-14,0,0,0,0,0,0,0,0,0
87,2026-01-15,0,0,0,0,0,0,0,0,0
87,2026-01-16,0,0,0,0,0,0,0,0,0
87,2026-01-17,0,0,0,0,0,0,0,0,0
87,2026-01-18,0,0,0,0,0,0,0,0,0
87,2026-01-19,0,0,0,0,0,0,0,0,0
87,2026-01-20,0,0,0,0,0,0,0,0,0
87,2026-01-21,0,0,0,0,0,0,0,0,0
87,2026-01-22,0,0,0,0,0,0,0,0,0
87,2026-01-23,0,0,0,0,0,0,0,0,0
87,2026-01-24,0,0,0,0,0,0,0,0,0
87,2026-01-25,7,7,4,3,2,2,2,0,1
87,2026-01-26,2,9,2,0,0,2,0,0,0
87,2026-01-27,7,16,4,3,2,2,2,0,1
87,2026-01-28,3,19,2,1,1,1,1,0,0
87,2026-01-29,6,25,4,2,1,2,2,1,0
87,2026-01-30,3,28,3,0,1,1,0,1,0
87,2026-01-31,7,35,5,2,0,4,2,1,0
87,2026-02-01,6,41,3,3,1,1,2,1,1
87,2026-02-02,2,43,1,1,0,1,1,0,0
87,2026-02-03,9,52,7,2,4,3,1,0,1
87,2026-02-04,12,64,8,4,1,7,3,0,1
87,2026-02-05,8,72,6,2,2,4,1,0,1
87,2026-02-06,5,77,3,2,1,2,2,0,0
87,2026-02-07,8,85,7,1,1,5,0,1,1
87,2026-02-08,9,94,6,3,2,4,2,0,1
87,2026-02-09,11,105,11,0,3,7,0,1,0
87,2026-02-10,7,112,4,3,1,2,3,1,0
88,2026-01-14,0,0,0,0,0,0,0,0,0
88,2026-01-15,0,0,0,0,0,0,0,0,0
88,2026-01-16,0,0,0,0,0,0,0,0,0
88,2026-01-17,0,0,0,0,0,0,0,0,0
88,2026-01-18,0,0,0,0,0,0,0,0,0
88,2026-01-19,0,0,0,0,0,0,0,0,0
88,2026-01-20,0,0,0,0,0,0,0,0,0
88,2026-01-21,0,0,0,0,0,0,0,0,0
88,2026-01-22,0,0,0,0,0,0,0,0,0
88,2026-01-23,0,0,0,0,0,0,0,0,0
88,2026-01-24,0,0,0,0,0,0,0,0,0
88,2026-01-25,5,5,3,2,1,2,2,0,0
88,2026-01-26,7,12,5,2,2,3,2,0,0
88,2026-01-27,7,19,7,0,1,5,0,1,0
88,2026-01-28,9,28,6,3,3,3,3,0,0
88,2026-01-29,7,35,6,1,1,5,1,0,0
88,2026-01-30,8,43,5,3,1,4,1,0,2
88,2026-01-31,8,51,7,1,0,7,1,0,0
88,2026-02-01,7,58,7,0,2,4,0,1,0
88,2026-02-02,7,65,6,1,3,3,1,0,0
88,2026-02-03,10,75,9,1,3,5,1,1,0
88,2026-02-04,8,83,7,1,3,3,1,1,0
88,2026-02-05,7,90,7,0,2,5,0,0,0
88,2026-02-06,12,102,7,5,4,3,4,0,1
88,2026-02-07,6,108,6,0,2,4,0,0,0
88,2026-02-08,4,112,3,1,0,3,1,0,0
88,2026-02-09,8,120,8,0,4,4,0,0,0
88,2026-02-10,8,128,7,1,3,3,0,1,1
89,2026-01-14,0,0,0,0,0,0,0,0,0
89,2026-01-15,0,0,0,0,0,0,0,0,0
89,2026-01-16,0,0,0,0,0,0,0,0,0
89,2026-01-17,0,0,0,0,0,0,0,0,0
89,2026-01-18,0,0,0,0,0,0,0,0,0
89,2026-01-19,0,0,0,0,0,0,0,0,0
89,2026-01-20,0,0,0,0,0,0,0,0,0
89,2026-01-21,0,0,0,0,0,0,0,0,0
89,2026-01-22,0,0,0,0,0,0,0,0,0
89,2026-01-23,0,0,0,0,0,0,0,0,0
89,2026-01-24,0,0,0,0,0,0,0,0,0
89,2026-01-25,7,7,7,0,5,1,0,1,0
89,2026-01-26,3,10,1,2,0,1,2,0,0
89,2026-01-27,3,13,2,1,0,2,0,0,1
89,2026-01-28,6,19,6,0,0,5,0,1,0
89,2026-01-29,4,23,3,1,0,3,1,0,0
89,2026-01-30,5,28,5,0,1,3,0,1,0
89,2026-01-31,4,32,4,0,2,2,0,0,0
89,2026-02-01,8,40,7,1,2,5,1,0,0
89,2026-02-02,3,43,2,1,1,1,1,0,0
89,2026-02-03,7,50,6,1,1,5,1,0,0
89,2026-02-04,5,55,5,0,3,2,0,0,0
89,2026-02-05,5,60,4,1,0,4,0,0,1
89,2026-02-06,9,69,8,1,2,4,1,2,0
89,2026-02-07,4,73,4,0,1,2,0,1,0
89,2026-02-08,5,78,5,0,1,4,0,0,0
89,2026-02-09,9,87,9,0,3,6,0,0,0
89,2026-02-10,5,92,4,1,2,2,0,0,1
90,2026-01-14,0,0,0,0,0,0,0,0,0
90,2026-01-15,0,0,0,0,0,0,0,0,0
90,2026-01-16,0,0,0,0,0,0,0,0,0
90,2026-01-17,0,0,0,0,0,0,0,0,0
90,2026-01-18,0,0,0,0,0,0,0,0,0
90,2026-01-19,0,0,0,0,0,0,0,0,0
90,2026-01-20,0,0,0,0,0,0,0,0,0
90,2026-01-21,0,0,0,0,0,0,0,0,0
90,2026-01-22,0,0,0,0,0,0,0,0,0
90,2026-01-23,0,0,0,0,0,0,0,0,0
90,2026-01-24,0,0,0,0,0,0,0,0,0
90,2026-01-25,7,7,7,0,4,3,0,0,0
90,2026-01-26,7,14,6,1,2,3,0,1,1
90,2026-01-27,4,18,3,1,2,0,0,1,1
90,2026-01-28,3,21,3,0,0,2,0,1,0
90,2026-01-29,9,30,8,1,4,4,1,0,0
90,2026-01-30,6,36,5,1,0,4,1,1,0
90,2026-01-31,6,42,6,0,2,3,0,1,0
90,2026-02-01,5,47,4,1,1,3,1,0,0
90,2026-02-02,8,55,8,0,2,6,0,0,0
90,2026-02-03,6,61,5,1,1,4,1,0,0
90,2026-02-04,12,73,8,4,2,5,4,1,0
90,2026-02-05,13,86,12,1,3,9,1,0,0
90,2026-02-06,8,94,6,2,2,4,2,0,0
90,2026-02-07,10,104,7,3,0,7,2,0,1
90,2026-02-08,12,116,11,1,2,7,1,2,0
90,2026-02-09,7,123,6,1,0,6,1,0,0
90,2026-02-10,9,132,8,1,3,3,1,2,0
91,2026-01-14,0,0,0,0,0,0,0,0,0
91,2026-01-15,0,0,0,0,0,0,0,0,0
91,2026-01-16,0,0,0,0,0,0,0,0,0
91,2026-01-17,0,0,0,0,0,0,0,0,0
91,2026-01-18,0,0,0,0,0,0,0,0,0
91,2026-01-19,0,0,0,0,0,0,0,0,0
91,2026-01-20,0,0,0,0,0,0,0,0,0
91,2026-01-21,0,0,0,0,0,0,0,0,0
91,2026-01-22,0,0,0,0,0,0,0,0,0
91,2026-01-23,0,0,0,0,0,0,0,0,0
91,2026-01-24,0,0,0,0,0,0,0,0,0
91,2026-01-25,7,7,7,0,3,4,0,0,0
91,2026-01-26,4,11,4,0,2,2,0,0,0
91,2026-01-27,5,16,2,3,0,2,1,0,2
91,2026-01-28,3,19,3,0,0,3,0,0,0
91,2026-01-29,1,20,1,0,0,1,0,0,0
91,2026-01-30,2,22,2,0,0,2,0,0,0
91,2026-01-31,1,23,1,0,0,0,0,1,0
91,2026-02-01,2,25,1,1,0,1,0,0,1
91,2026-02-02,1,26,1,0,0,1,0,0,0
91,2026-02-03,3,29,2,1,1,0,0,1,1
91,2026-02-04,7,36,7,0,2,5,0,0,0
91,2026-02-05,6,42,6,0,2,2,0,2,0
91,2026-02-06,3,45,2,1,0,1,1,1,0
91,2026-02-07,2,47,2,0,1,1,0,0,0
91,2026-02-08,5,52,5,0,0,5,0,0,0
91,2026-02-09,8,60,5,3,0,4,3,1,0
91,2026-02-10,5,65,4,1,1,3,0,0,1
92,2026-01-14,0,0,0,0,0,0,0,0,0
92,2026-01-15,0,0,0,0,0,0,0,0,0
92,2026-01-16,0,0,0,0,0,0,0,0,0
92,2026-01-17,0,0,0,0,0,0,0,0,0
92,2026-01-18,0,0,0,0,0,0,0,0,0
92,2026-01-19,0,0,0,0,0,0,0,0,0
92,2026-01-20,0,0,0,0,0,0,0,0,0
92,2026-01-21,0,0,0,0,0,0,0,0,0
92,2026-01-22,0,0,0,0,0,0,0,0,0
92,2026-01-23,0,0,0,0,0,0,0,0,0
92,2026-01-24,0,0,0,0,0,0,0,0,0
92,2026-01-25,10,10,10,0,4,6,0,0,0
92,2026-01-26,3,13,3,0,1,0,0,2,0
92,2026-01-27,6,19,5,1,2,3,1,0,0
92,2026-01-28,4,23,3,1,0,2,1,1,0
92,2026-01-29,10,33,10,0,5,3,0,2,0
92,2026-01-30,2,35,2,0,2,0,0,0,0
92,2026-01-31,8,43,8,0,4,4,0,0,0
92,2026-02-01,2,45,2,0,0,2,0,0,0
92,2026-02-02,4,49,3,1,1,2,1,0,0
92,2026-02-03,7,56,7,0,1,6,0,0,0
92,2026-02-04,7,63,7,0,0,5,0,2,0
92,2026-02-05,6,69,5,1,3,1,1,1,0
92,2026-02-06,12,81,10,2,3,5,1,2,1
92,2026-02-07,10,91,10,0,1,8,0,1,0
92,2026-02-08,8,99,6,2,0,6,1,0,1
92,2026-02-09,10,109,8,2,1,7,2,0,0
92,2026-02-10,6,115,5,1,0,4,0,1,1
93,2026-01-14,0,0,0,0,0,0,0,0,0
93,2026-01-15,0,0,0,0,0,0,0,0,0
93,2026-01-16,0,0,0,0,0,0,0,0,0
93,2026-01-17,0,0,0,0,0,0,0,0,0
93,2026-01-18,0,0,0,0,0,0,0,0,0
93,2026-01-19,0,0,0,0,0,0,0,0,0
93,2026-01-20,0,0,0,0,0,0,0,0,0
93,2026-01-21,0,0,0,0,0,0,0,0,0
93,2026-01-22,0,0,0,0,0,0,0,0,0
93,2026-01-23,0,0,0,0,0,0,0,0,0
93,2026-01-24,0,0,0,0,0,0,0,0,0
93,2026-01-25,5,5,5,0,3,1,0,1,0
93,2026-01-26,5,10,5,0,1,4,0,0,0
93,2026-01-27,8,18,7,1,3,4,1,0,0
93,2026-01-28,7,25,7,0,2,4,0,1,0
93,2026-01-29,4,29,2,2,1,1,2,0,0
93,2026-01-30,8,37,6,2,2,4,2,0,0
93,2026-01-31,4,41,3,1,2,1,0,0,1
93,2026-02-01,12,53,9,3,4,4,3,1,0
93,2026-02-02,9,62,7,2,2,5,1,0,1
93,2026-02-03,7,69,6,1,1,4,0,1,1
93,2026-02-04,16,85,11,5,0,8,4,3,1
93,2026-02-05,9,94,7,2,1,5,2,1,0
93,2026-02-06,15,109,12,3,4,6,3,2,0
93,2026-02-07,13,122,11,2,4,6,0,1,2
93,2026-02-08,11,133,9,2,4,4,2,1,0
93,2026-02-09,11,144,11,0,5,5,0,1,0
93,2026-02-10,14,158,10,4,4,4,2,2,2
94,2026-01-14,0,0,0,0,0,0,0,0,0
94,2026-01-15,0,0,0,0,0,0,0,0,0
94,2026-01-16,0,0,0,0,0,0,0,0,0
94,2026-01-17,0,0,0,0,0,0,0,0,0
94,2026-01-18,0,0,0,0,0,0,0,0,0
94,2026-01-19,0,0,0,0,0,0,0,0,0
94,2026-01-20,0,0,0,0,0,0,0,0,0
94,2026-01-21,0,0,0,0,0,0,0,0,0
94,2026-01-22,0,0,0,0,0,0,0,0,0
94,2026-01-23,0,0,0,0,0,0,0,0,0
94,2026-01-24,0,0,0,0,0,0,0,0,0
94,2026-01-25,9,9,7,2,1,4,1,2,1
94,2026-01-26,2,11,2,0,1,0,0,1,0
94,2026-01-27,4,15,2,2,2,0,1,0,1
94,2026-01-28,4,19,3,1,2,1,1,0,0
94,2026-01-29,4,23,4,0,1,3,0,0,0
94,2026-01-30,5,28,4,1,0,3,0,1,1
94,2026-01-31,2,30,2,0,1,1,0,0,0
94,2026-02-01,6,36,5,1,1,3,1,1,0
94,2026-02-02,6,42,4,2,1,2,1,1,1
94,2026-02-03,5,47,5,0,1,2,0,2,0
94,2026-02-04,5,52,4,1,1,3,1,0,0
94,2026-02-05,4,56,4,0,0,4,0,0,0
94,2026-02-06,4,60,4,0,2,1,0,1,0
94,2026-02-07,11,71,6,5,5,0,5,1,0
94,2026-02-08,5,76,5,0,2,3,0,0,0
94,2026-02-09,3,79,1,2,0,1,2,0,0
94,2026-02-10,7,86,6,1,0,5,1,1,0
95,2026-01-14,0,0,0,0,0,0,0,0,0
95,2026-01-15,0,0,0,0,0,0,0,0,0
95,2026-01-16,0,0,0,0,0,0,0,0,0
95,2026-01-17,0,0,0,0,0,0,0,0,0
95,2026-01-18,0,0,0,0,0,0,0,0,0
95,2026-01-19,0,0,0,0,0,0,0,0,0
95,2026-01-20,0,0,0,0,0,0,0,0,0
95,2026-01-21,0,0,0,0,0,0,0,0,0
95,2026-01-22,0,0,0,0,0,0,0,0,0
95,2026-01-23,0,0,0,0,0,0,0,0,0
95,2026-01-24,0,0,0,0,0,0,0,0,0
95,2026-01-25,0,0,0,0,0,0,0,0,0
95,2026-01-26,3,3,2,1,0,1,1,1,0
95,2026-01-27,6,9,6,0,1,4,0,1,0
95,2026-01-28,5,14,5,0,3,2,0,0,0
95,2026-01-29,7,21,6,1,2,3,1,1,0
95,2026-01-30,5,26,5,0,2,1,0,2,0
95,2026-01-31,4,30,2,2,1,1,2,0,0
95,2026-02-01,1,31,1,0,0,1,0,0,0
95,2026-02-02,2,33,1,1,0,1,1,0,0
95,2026-02-03,6,39,6,0,1,4,0,1,0
95,2026-02-04,2,41,2,0,1,1,0,0,0
95,2026-02-05,6,47,4,2,1,3,2,0,0
95,2026-02-06,5,52,4,1,1,3,1,0,0
95,2026-02-07,6,58,4,2,1,3,2,0,0
95,2026-02-08,3,61,2,1,0,1,1,1,0
95,2026-02-09,6,67,5,1,2,2,0,1,1
95,2026-02-10,4,71,3,1,1,2,0,0,1
96,2026-01-14,0,0,0,0,0,0,0,0,0
96,2026-01-15,0,0,0,0,0,0,0,0,0
96,2026-01-16,0,0,0,0,0,0,0,0,0
96,2026-01-17,0,0,0,0,0,0,0,0,0
96,2026-01-18,0,0,0,0,0,0,0,0,0
96,2026-01-19,0,0,0,0,0,0,0,0,0
96,2026-01-20,0,0,0,0,0,0,0,0,0
96,2026-01-21,0,0,0,0,0,0,0,0,0
96,2026-01-22,0,0,0,0,0,0,0,0,0
96,2026-01-23,0,0,0,0,0,0,0,0,0
96,2026-01-24,0,0,0,0,0,0,0,0,0
96,2026-01-25,10,10,8,2,1,6,1,1,1
96,2026-01-26,4,14,4,0,1,2,0,1,0
96,2026-01-27,4,18,4,0,1,2,0,1,0
96,2026-01-28,5,23,5,0,0,3,0,2,0
96,2026-01-29,4,27,4,0,1,2,0,1,0
96,2026-01-30,7,34,5,2,0,3,2,2,0
96,2026-01-31,4,38,2,2,0,2,2,0,0
96,2026-02-01,7,45,6,1,4,1,0,1,1
96,2026-02-02,8,53,5,3,1,3,3,1,0
96,2026-02-03,3,56,3,0,0,3,0,0,0
96,2026-02-04,9,65,6,3,0,6,3,0,0
96,2026-02-05,9,74,7,2,4,2,1,1,1
96,2026-02-06,11,85,9,2,2,5,2,2,0
96,2026-02-07,8,93,5,3,1,4,2,0,1
96,2026-02-08,2,95,1,1,0,1,0,0,1
96,2026-02-09,9,104,4,5,3,1,5,0,0
96,2026-02-10,11,115,9,2,5,4,1,0,1
97,2026-01-14,0,0,0,0,0,0,0,0,0
97,2026-01-15,0,0,0,0,0,0,0,0,0
97,2026-01-16,0,0,0,0,0,0,0,0,0
97,2026-01-17,0,0,0,0,0,0,0,0,0
97,2026-01-18,0,0,0,0,0,0,0,0,0
97,2026-01-19,0,0,0,0,0,0,0,0,0
97,2026-01-20,0,0,0,0,0,0,0,0,0
97,2026-01-21,0,0,0,0,0,0,0,0,0
97,2026-01-22,0,0,0,0,0,0,0,0,0
97,2026-01-23,0,0,0,0,0,0,0,0,0
97,2026-01-24,0,0,0,0,0,0,0,0,0
97,2026-01-25,8,8,6,2,3,2,2,1,0
97,2026-01-26,2,10,2,0,0,2,0,0,0
97,2026-01-27,5,15,5,0,2,3,0,0,0
97,2026-01-28,5,20,4,1,0,3,1,1,0
97,2026-01-29,4,24,4,0,2,2,0,0,0
97,2026-01-30,2,26,1,1,0,1,1,0,0
97,2026-01-31,10,36,9,1,2,7,1,0,0
97,2026-02-01,2,38,1,1,0,1,0,0,1
97,2026-02-02,5,43,4,1,3,0,1,1,0
97,2026-02-03,11,54,9,2,3,4,1,2,1
97,2026-02-04,5,59,4,1,2,1,0,1,1
97,2026-02-05,3,62,3,0,1,2,0,0,0
97,2026-02-06,13,75,11,2,2,8,2,1,0
97,2026-02-07,2,77,2,0,2,0,0,0,0
97,2026-02-08,8,85,7,1,0,6,0,1,1
97,2026-02-09,11,96,10,1,2,7,1,1,0
97,2026-02-10,10,106,7,3,1,6,1,0,2
98,2026-01-14,0,0,0,0,0,0,0,0,0
98,2026-01-15,0,0,0,0,0,0,0,0,0
98,2026-01-16,0,0,0,0,0,0,0,0,0
98,2026-01-17,0,0,0,0,0,0,0,0,0
98,2026-01-18,0,0,0,0,0,0,0,0,0
98,2026-01-19,0,0,0,0,0,0,0,0,0
98,2026-01-20,0,0,0,0,0,0,0,0,0
98,2026-01-21,0,0,0,0,0,0,0,0,0
98,2026-01-22,0,0,0,0,0,0,0,0,0
98,2026-01-23,0,0,0,0,0,0,0,0,0
98,2026-01-24,0,0,0,0,0,0,0,0,0
98,2026-01-25,5,5,3,2,1,2,1,0,1
98,2026-01-26,4,9,3,1,0,3,1,0,0
98,2026-01-27,4,13,4,0,1,1,0,2,0
98,2026-01-28,4,17,4,0,2,1,0,1,0
98,2026-01-29,5,22,4,1,0,3,0,1,1
98,2026-01-30,4,26,2,2,0,1,2,1,0
98,2026-01-31,5,31,3,2,0,3,2,0,0
98,2026-02-01,3,34,1,2,1,0,1,0,1
98,2026-02-02,3,37,3,0,0,3,0,0,0
98,2026-02-03,3,40,3,0,0,3,0,0,0
98,2026-02-04,2,42,1,1,0,1,0,0,1
98,2026-02-05,9,51,4,5,1,3,4,0,1
98,2026-02-06,8,59,6,2,0,5,1,1,1
98,2026-02-07,9,68,6,3,0,5,3,1,0
98,2026-02-08,5,73,4,1,1,2,1,1,0
98,2026-02-09,6,79,6,0,2,3,0,1,0
98,2026-02-10,6,85,4,2,2,2,0,0,2
99,2026-01-14,0,0,0,0,0,0,0,0,0
99,2026-01-15,0,0,0,0,0,0,0,0,0
99,2026-01-16,0,0,0,0,0,0,0,0,0
99,2026-01-17,0,0,0,0,0,0,0,0,0
99,2026-01-18,0,0,0,0,0,0,0,0,0
99,2026-01-19,0,0,0,0,0,0,0,0,0
99,2026-01-20,0,0,0,0,0,0,0,0,0
99,2026-01-21,0,0,0,0,0,0,0,0,0
99,2026-01-22,0,0,0,0,0,0,0,0,0
99,2026-01-23,0,0,0,0,0,0,0,0,0
99,2026-01-24,0,0,0,0,0,0,0,0,0
99,2026-01-25,5,5,5,0,2,3,0,0,0
99,2026-01-26,0,5,0,0,0,0,0,0,0
99,2026-01-27,7,12,6,1,1,2,1,3,0
99,2026-01-28,3,15,3,0,0,1,0,2,0
99,2026-01-29,6,21,6,0,1,2,0,3,0
99,2026-01-30,5,26,4,1,2,2,1,0,0
99,2026-01-31,5,31,3,2,1,2,2,0,0
99,2026-02-01,5,36,4,1,0,3,1,1,0
99,2026-02-02,8,44,7,1,3,3,1,1,0
99,2026-02-03,6,50,6,0,4,2,0,0,0
99,2026-02-04,14,64,10,4,1,9,3,0,1
99,2026-02-05,11,75,9,2,4,4,2,1,0
99,2026-02-06,19,94,19,0,3,15,0,1,0
99,2026-02-07,10,104,10,0,2,7,0,1,0
99,2026-02-08,9,113,7,2,4,2,2,1,0
99,2026-02-09,14,127,11,3,3,7,2,1,1
99,2026-02-10,15,142,12,3,2,10,3,0,0
100,2026-01-14,0,0,0,0,0,0,0,0,0
100,2026-01-15,0,0,0,0,0,0,0,0,0
100,2026-01-16,0,0,0,0,0,0,0,0,0
100,2026-01-17,0,0,0,0,0,0,0,0,0
100,2026-01-18,0,0,0,0,0,0,0,0,0
100,2026-01-19,0,0,0,0,0,0,0,0,0
100,2026-01-20,0,0,0,0,0,0,0,0,0
100,2026-01-21,0,0,0,0,0,0,0,0,0
100,2026-01-22,0,0,0,0,0,0,0,0,0
100,2026-01-23,0,0,0,0,0,0,0,0,0
100,2026-01-24,0,0,0,0,0,0,0,0,0
100,2026-01-25,5,5,3,2,0,3,2,0,0
100,2026-01-26,8,13,7,1,2,4,1,1,0
100,2026-01-27,4,17,2,2,0,1,0,1,2
100,2026-01-28,5,22,2,3,1,1,2,0,1
100,2026-01-29,6,28,5,1,2,3,1,0,0
100,2026-01-30,3,31,3,0,0,3,0,0,0
100,2026-01-31,4,35,3,1,1,2,0,0,1
100,2026-02-01,4,39,3,1,1,2,1,0,0
100,2026-02-02,8,47,5,3,1,2,2,2,1
100,2026-02-03,11,58,10,1,2,6,1,2,0
100,2026-02-04,4,62,4,0,1,2,0,1,0
100,2026-02-05,7,69,7,0,1,6,0,0,0
100,2026-02-06,13,82,11,2,3,7,2,1,0
100,2026-02-07,7,89,5,2,1,4,2,0,0
100,2026-02-08,6,95,6,0,1,5,0,0,0
100,2026-02-09,7,102,6,1,4,0,1,2,0
100,2026-02-10,8,110,8,0,2,4,0,2,0
101,2026-01-14,0,0,0,0,0,0,0,0,0
101,2026-01-15,0,0,0,0,0,0,0,0,0
101,2026-01-16,0,0,0,0,0,0,0,0,0
101,2026-01-17,0,0,0,0,0,0,0,0,0
101,2026-01-18,0,0,0,0,0,0,0,0,0
101,2026-01-19,0,0,0,0,0,0,0,0,0
101,2026-01-20,0,0,0,0,0,0,0,0,0
101,2026-01-21,0,0,0,0,0,0,0,0,0
101,2026-01-22,0,0,0,0,0,0,0,0,0
101,2026-01-23,0,0,0,0,0,0,0,0,0
101,2026-01-24,0,0,0,0,0,0,0,0,0
101,2026-01-25,7,7,5,2,3,2,2,0,0
101,2026-01-26,3,10,2,1,0,2,0,0,1
101,2026-01-27,6,16,4,2,1,3,2,0,0
101,2026-01-28,4,20,2,2,2,0,1,0,1
101,2026-01-29,7,27,7,0,2,5,0,0,0
101,2026-01-30,5,32,5,0,2,3,0,0,0
101,2026-01-31,5,37,5,0,3,2,0,0,0
101,2026-02-01,6,43,2,4,1,1,4,0,0
101,2026-02-02,9,52,6,3,1,5,3,0,0
101,2026-02-03,7,59,6,1,2,4,1,0,0
101,2026-02-04,10,69,8,2,3,4,1,1,1
101,2026-02-05,8,77,6,2,3,3,1,0,1
101,2026-02-06,7,84,6,1,3,2,1,1,0
101,2026-02-07,9,93,5,4,1,4,3,0,1
101,2026-02-08,12,105,8,4,2,6,4,0,0
101,2026-02-09,7,112,4,3,1,2,3,1,0
101,2026-02-10,12,124,10,2,2,7,1,1,1
102,2026-01-14,0,0,0,0,0,0,0,0,0
102,2026-01-15,0,0,0,0,0,0,0,0,0
102,2026-01-16,0,0,0,0,0,0,0,0,0
102,2026-01-17,0,0,0,0,0,0,0,0,0
102,2026-01-18,0,0,0,0,0,0,0,0,0
102,2026-01-19,0,0,0,0,0,0,0,0,0
102,2026-01-20,0,0,0,0,0,0,0,0,0
102,2026-01-21,0,0,0,0,0,0,0,0,0
102,2026-01-22,0,0,0,0,0,0,0,0,0
102,2026-01-23,0,0,0,0,0,0,0,0,0
102,2026-01-24,0,0,0,0,0,0,0,0,0
102,2026-01-25,7,7,7,0,1,6,0,0,0
102,2026-01-26,8,15,5,3,1,4,2,0,1
102,2026-01-27,5,20,5,0,1,4,0,0,0
102,2026-01-28,6,26,3,3,2,1,2,0,1
102,2026-01-29,4,30,4,0,0,3,0,1,0
102,2026-01-30,7,37,6,1,2,2,1,2,0
102,2026-01-31,6,43,4,2,2,2,0,0,2
102,2026-02-01,6,49,4,2,1,3,1,0,1
102,2026-02-02,6,55,2,4,1,1,2,0,2
102,2026-02-03,14,69,12,2,3,8,1,1,1
102,2026-02-04,13,82,7,6,1,6,5,0,1
102,2026-02-05,8,90,6,2,5,1,2,0,0
102,2026-02-06,13,103,9,4,1,8,4,0,0
102,2026-02-07,9,112,5,4,1,2,3,2,1
102,2026-02-08,15,127,11,4,3,8,3,0,1
102,2026-02-09,13,140,12,1,5,7,1,0,0
102,2026-02-10,6,146,4,2,2,1,2,1,0
103,2026-01-14,0,0,0,0,0,0,0,0,0
103,2026-01-15,0,0,0,0,0,0,0,0,0
103,2026-01-16,0,0,0,0,0,0,0,0,0
103,2026-01-17,0,0,0,0,0,0,0,0,0
103,2026-01-18,0,0,0,0,0,0,0,0,0
103,2026-01-19,0,0,0,0,0,0,0,0,0
103,2026-01-20,0,0,0,0,0,0,0,0,0
103,2026-01-21,0,0,0,0,0,0,0,0,0
103,2026-01-22,0,0,0,0,0,0,0,0,0
103,2026-01-23,0,0,0,0,0,0,0,0,0
103,2026-01-24,0,0,0,0,0,0,0,0,0
103,2026-01-25,7,7,5,2,1,4,1,0,1
103,2026-01-26,6,13,3,3,0,3,0,0,3
103,2026-01-27,4,17,4,0,2,2,0,0,0
103,2026-01-28,4,21,2,2,0,2,2,0,0
103,2026-01-29,4,25,2,2,0,2,2,0,0
103,2026-01-30,8,33,8,0,4,4,0,0,0
103,2026-01-31,5,38,3,2,0,3,2,0,0
103,2026-02-01,7,45,6,1,1,4,1,1,0
103,2026-02-02,0,45,0,0,0,0,0,0,0
103,2026-02-03,6,51,6,0,3,3,0,0,0
103,2026-02-04,5,56,3,2,2,1,1,0,1
103,2026-02-05,11,67,8,3,2,4,3,2,0
103,2026-02-06,6,73,5,1,0,5,1,0,0
103,2026-02-07,10,83,8,2,2,6,2,0,0
103,2026-02-08,9,92,7,2,1,5,2,1,0
103,2026-02-09,12,104,7,5,2,5,5,0,0
103,2026-02-10,7,111,5,2,1,2,2,2,0
104,2026-01-14,0,0,0,0,0,0,0,0,0
104,2026-01-15,0,0,0,0,0,0,0,0,0
104,2026-01-16,0,0,0,0,0,0,0,0,0
104,2026-01-17,0,0,0,0,0,0,0,0,0
104,2026-01-18,0,0,0,0,0,0,0,0,0
104,2026-01-19,0,0,0,0,0,0,0,0,0
104,2026-01-20,0,0,0,0,0,0,0,0,0
104,2026-01-21,0,0,0,0,0,0,0,0,0
104,2026-01-22,0,0,0,0,0,0,0,0,0
104,2026-01-23,0,0,0,0,0,0,0,0,0
104,2026-01-24,0,0,0,0,0,0,0,0,0
104,2026-01-25,3,3,3,0,1,2,0,0,0
104,2026-01-26,8,11,6,2,2,4,2,0,0
104,2026-01-27,2,13,1,1,1,0,1,0,0
104,2026-01-28,2,15,2,0,1,0,0,1,0
104,2026-01-29,2,17,2,0,0,2,0,0,0
104,2026-01-30,6,23,4,2,1,2,2,1,0
104,2026-01-31,5,28,5,0,3,2,0,0,0
104,2026-02-01,5,33,5,0,2,3,0,0,0
104,2026-02-02,6,39,3,3,1,1,2,1,1
104,2026-02-03,7,46,7,0,0,6,0,1,0
104,2026-02-04,6,52,2,4,0,2,3,0,1
104,2026-02-05,9,61,7,2,4,3,2,0,0
104,2026-02-06,6,67,2,4,1,0,4,1,0
104,2026-02-07,11,78,9,2,6,3,2,0,0
104,2026-02-08,9,87,6,3,3,2,3,1,0
104,2026-02-09,9,96,8,1,1,7,1,0,0
104,2026-02-10,11,107,8,3,0,8,2,0,1
105,2026-01-14,0,0,0,0,0,0,0,0,0
105,2026-01-15,0,0,0,0,0,0,0,0,0
105,2026-01-16,0,0,0,0,0,0,0,0,0
105,2026-01-17,0,0,0,0,0,0,0,0,0
105,2026-01-18,0,0,0,0,0,0,0,0,0
105,2026-01-19,0,0,0,0,0,0,0,0,0
105,2026-01-20,0,0,0,0,0,0,0,0,0
105,2026-01-21,0,0,0,0,0,0,0,0,0
105,2026-01-22,0,0,0,0,0,0,0,0,0
105,2026-01-23,0,0,0,0,0,0,0,0,0
105,2026-01-24,0,0,0,0,0,0,0,0,0
105,2026-01-25,2,2,2,0,1,1,0,0,0
105,2026-01-26,5,7,5,0,4,1,0,0,0
105,2026-01-27,1,8,1,0,0,1,0,0,0
105,2026-01-28,2,10,2,0,0,2,0,0,0
105,2026-01-29,3,13,2,1,1,1,1,0,0
105,2026-01-30,5,18,4,1,2,2,0,0,1
105,2026-01-31,3,21,2,1,0,2,1,0,0
105,2026-02-01,1,22,1,0,0,1,0,0,0
105,2026-02-02,6,28,3,3,0,2,2,1,1
105,2026-02-03,2,30,2,0,0,2,0,0,0
105,2026-02-04,3,33,3,0,1,2,0,0,0
105,2026-02-05,5,38,5,0,3,1,0,1,0
105,2026-02-06,4,42,4,0,1,3,0,0,0
105,2026-02-07,3,45,3,0,1,2,0,0,0
105,2026-02-08,2,47,2,0,2,0,0,0,0
105,2026-02-09,3,50,3,0,1,2,0,0,0
105,2026-02-10,7,57,7,0,3,3,0,1,0
106,2026-01-14,0,0,0,0,0,0,0,0,0
106,2026-01-15,0,0,0,0,0,0,0,0,0
106,2026-01-16,0,0,0,0,0,0,0,0,0
106,2026-01-17,0,0,0,0,0,0,0,0,0
106,2026-01-18,0,0,0,0,0,0,0,0,0
106,2026-01-19,0,0,0,0,0,0,0,0,0
106,2026-01-20,0,0,0,0,0,0,0,0,0
106,2026-01-21,0,0,0,0,0,0,0,0,0
106,2026-01-22,0,0,0,0,0,0,0,0,0
106,2026-01-23,0,0,0,0,0,0,0,0,0
106,2026-01-24,0,0,0,0,0,0,0,0,0
106,2026-01-25,9,9,9,0,1,8,0,0,0
106,2026-01-26,2,11,2,0,1,1,0,0,0
106,2026-01-27,4,15,4,0,1,2,0,1,0
106,2026-01-28,5,20,4,1,0,3,1,1,0
106,2026-01-29,3,23,1,2,0,1,2,0,0
106,2026-01-30,4,27,1,3,0,1,3,0,0
106,2026-01-31,5,32,4,1,2,2,1,0,0
106,2026-02-01,5,37,3,2,0,3,2,0,0
106,2026-02-02,6,43,4,2,2,2,2,0,0
106,2026-02-03,8,51,8,0,3,5,0,0,0
106,2026-02-04,8,59,7,1,3,4,1,0,0
106,2026-02-05,5,64,3,2,0,3,2,0,0
106,2026-02-06,7,71,6,1,1,4,1,1,0
106,2026-02-07,2,73,2,0,1,0,0,1,0
106,2026-02-08,12,85,9,3,3,6,3,0,0
106,2026-02-09,10,95,8,2,2,6,2,0,0
106,2026-02-10,7,102,6,1,0,5,1,1,0
107,2026-01-14,0,0,0,0,0,0,0,0,0
107,2026-01-15,0,0,0,0,0,0,0,0,0
107,2026-01-16,0,0,0,0,0,0,0,0,0
107,2026-01-17,0,0,0,0,0,0,0,0,0
107,2026-01-18,0,0,0,0,0,0,0,0,0
107,2026-01-19,0,0,0,0,0,0,0,0,0
107,2026-01-20,0,0,0,0,0,0,0,0,0
107,2026-01-21,0,0,0,0,0,0,0,0,0
107,2026-01-22,0,0,0,0,0,0,0,0,0
107,2026-01-23,0,0,0,0,0,0,0,0,0
107,2026-01-24,0,0,0,0,0,0,0,0,0
107,2026-01-25,8,8,8,0,1,5,0,2,0
107,2026-01-26,7,15,6,1,4,1,1,1,0
107,2026-01-27,2,17,2,0,2,0,0,0,0
107,2026-01-28,0,17,0,0,0,0,0,0,0
107,2026-01-29,5,22,4,1,1,3,1,0,0
107,2026-01-30,4,26,4,0,1,2,0,1,0
107,2026-01-31,5,31,3,2,0,3,1,0,1
107,2026-02-01,6,37,4,2,1,3,1,0,1
107,2026-02-02,10,47,7,3,1,6,3,0,0
107,2026-02-03,6,53,4,2,0,3,2,1,0
107,2026-02-04,5,58,4,1,1,2,1,1,0
107,2026-02-05,6,64,5,1,1,4,1,0,0
107,2026-02-06,2,66,2,0,2,0,0,0,0
107,2026-02-07,7,73,4,3,0,3,3,1,0
107,2026-02-08,5,78,4,1,0,4,1,0,0
107,2026-02-09,8,86,7,1,2,5,1,0,0
107,2026-02-10,2,88,2,0,0,2,0,0,0
108,2026-01-14,0,0,0,0,0,0,0,0,0
108,2026-01-15,0,0,0,0,0,0,0,0,0
108,2026-01-16,0,0,0,0,0,0,0,0,0
108,2026-01-17,0,0,0,0,0,0,0,0,0
108,2026-01-18,0,0,0,0,0,0,0,0,0
108,2026-01-19,0,0,0,0,0,0,0,0,0
108,2026-01-20,0,0,0,0,0,0,0,0,0
108,2026-01-21,0,0,0,0,0,0,0,0,0
108,2026-01-22,0,0,0,0,0,0,0,0,0
108,2026-01-23,0,0,0,0,0,0,0,0,0
108,2026-01-24,0,0,0,0,0,0,0,0,0
108,2026-01-25,13,13,11,2,3,5,2,3,0
108,2026-01-26,3,16,3,0,0,2,0,1,0
108,2026-01-27,5,21,4,1,1,2,1,1,0
108,2026-01-28,6,27,6,0,2,4,0,0,0
108,2026-01-29,8,35,6,2,1,4,2,1,0
108,2026-01-30,12,47,10,2,6,3,2,1,0
108,2026-01-31,5,52,4,1,1,3,1,0,0
108,2026-02-01,9,61,6,3,2,4,2,0,1
108,2026-02-02,10,71,10,0,3,7,0,0,0
108,2026-02-03,12,83,12,0,2,9,0,1,0
108,2026-02-04,5,88,4,1,1,2,0,1,1
108,2026-02-05,11,99,8,3,4,3,2,1,1
108,2026-02-06,10,109,8,2,2,6,1,0,1
108,2026-02-07,16,125,16,0,5,11,0,0,0
108,2026-02-08,18,143,12,6,3,7,4,2,2
108,2026-02-09,13,156,9,4,3,5,4,1,0
108,2026-02-10,14,170,12,2,4,7,2,1,0
109,2026-01-14,0,0,0,0,0,0,0,0,0
109,2026-01-15,0,0,0,0,0,0,0,0,0
109,2026-01-16,0,0,0,0,0,0,0,0,0
109,2026-01-17,0,0,0,0,0,0,0,0,0
109,2026-01-18,0,0,0,0,0,0,0,0,0
109,2026-01-19,0,0,0,0,0,0,0,0,0
109,2026-01-20,0,0,0,0,0,0,0,0,0
109,2026-01-21,0,0,0,0,0,0,0,0,0
109,2026-01-22,0,0,0,0,0,0,0,0,0
109,2026-01-23,0,0,0,0,0,0,0,0,0
109,2026-01-24,0,0,0,0,0,0,0,0,0
109,2026-01-25,15,15,15,0,4,10,0,1,0
109,2026-01-26,2,17,1,1,1,0,1,0,0
109,2026-01-27,6,23,4,2,3,1,1,0,1
109,2026-01-28,7,30,4,3,0,4,2,0,1
109,2026-01-29,3,33,3,0,0,3,0,0,0
109,2026-01-30,8,41,7,1,2,5,0,0,1
109,2026-01-31,9,50,8,1,4,4,1,0,0
109,2026-02-01,4,54,2,2,0,2,2,0,0
109,2026-02-02,9,63,7,2,3,3,2,1,0
109,2026-02-03,5,68,5,0,1,3,0,1,0
109,2026-02-04,9,77,6,3,1,5,3,0,0
109,2026-02-05,8,85,4,4,0,3,3,1,1
109,2026-02-06,14,99,9,5,4,5,5,0,0
109,2026-02-07,8,107,4,4,1,3,3,0,1
109,2026-02-08,7,114,4,3,2,2,3,0,0
109,2026-02-09,12,126,11,1,4,6,1,1,0
109,2026-02-10,9,135,7,2,1,3,2,3,0
110,2026-01-14,0,0,0,0,0,0,0,0,0
110,2026-01-15,0,0,0,0,0,0,0,0,0
110,2026-01-16,0,0,0,0,0,0,0,0,0
110,2026-01-17,0,0,0,0,0,0,0,0,0
110,2026-01-18,0,0,0,0,0,0,0,0,0
110,2026-01-19,0,0,0,0,0,0,0,0,0
110,2026-01-20,0,0,0,0,0,0,0,0,0
110,2026-01-21,0,0,0,0,0,0,0,0,0
110,2026-01-22,0,0,0,0,0,0,0,0,0
110,2026-01-23,0,0,0,0,0,0,0,0,0
110,2026-01-24,0,0,0,0,0,0,0,0,0
110,2026-01-25,4,4,3,1,3,0,1,0,0
110,2026-01-26,2,6,2,0,0,2,0,0,0
110,2026-01-27,1,7,1,0,0,1,0,0,0
110,2026-01-28,2,9,2,0,0,2,0,0,0
110,2026-01-29,4,13,3,1,0,3,1,0,0
110,2026-01-30,3,16,3,0,0,3,0,0,0
110,2026-01-31,6,22,3,3,2,1,3,0,0
110,2026-02-01,1,23,1,0,1,0,0,0,0
110,2026-02-02,2,25,2,0,1,1,0,0,0
110,2026-02-03,2,27,1,1,0,1,1,0,0
110,2026-02-04,1,28,0,1,0,0,1,0,0
110,2026-02-05,4,32,2,2,1,1,2,0,0
110,2026-02-06,1,33,1,0,0,1,0,0,0
110,2026-02-07,4,37,4,0,0,4,0,0,0
110,2026-02-08,3,40,2,1,1,1,1,0,0
110,2026-02-09,3,43,3,0,1,2,0,0,0
110,2026-02-10,3,46,1,2,0,0,1,1,1
111,2026-01-14,0,0,0,0,0,0,0,0,0
111,2026-01-15,0,0,0,0,0,0,0,0,0
111,2026-01-16,0,0,0,0,0,0,0,0,0
111,2026-01-17,0,0,0,0,0,0,0,0,0
111,2026-01-18,0,0,0,0,0,0,0,0,0
111,2026-01-19,0,0,0,0,0,0,0,0,0
111,2026-01-20,0,0,0,0,0,0,0,0,0
111,2026-01-21,0,0,0,0,0,0,0,0,0
111,2026-01-22,0,0,0,0,0,0,0,0,0
111,2026-01-23,0,0,0,0,0,0,0,0,0
111,2026-01-24,0,0,0,0,0,0,0,0,0
111,2026-01-25,5,5,4,1,1,2,0,1,1
111,2026-01-26,5,10,4,1,1,3,1,0,0
111,2026-01-27,5,15,5,0,0,5,0,0,0
111,2026-01-28,2,17,2,0,1,1,0,0,0
111,2026-01-29,3,20,3,0,0,3,0,0,0
111,2026-01-30,4,24,3,1,0,3,1,0,0
111,2026-01-31,2,26,1,1,0,1,1,0,0
111,2026-02-01,5,31,5,0,1,4,0,0,0
111,2026-02-02,3,34,3,0,1,2,0,0,0
111,2026-02-03,3,37,3,0,1,2,0,0,0
111,2026-02-04,4,41,4,0,0,4,0,0,0
111,2026-02-05,5,46,5,0,4,1,0,0,0
111,2026-02-06,7,53,7,0,2,5,0,0,0
111,2026-02-07,2,55,1,1,0,1,0,0,1
111,2026-02-08,4,59,3,1,1,2,1,0,0
111,2026-02-09,8,67,4,4,0,3,4,1,0
111,2026-02-10,2,69,2,0,0,1,0,1,0
112,2026-01-14,0,0,0,0,0,0,0,0,0
112,2026-01-15,0,0,0,0,0,0,0,0,0
112,2026-01-16,0,0,0,0,0,0,0,0,0
112,2026-01-17,0,0,0,0,0,0,0,0,0
112,2026-01-18,0,0,0,0,0,0,0,0,0
112,2026-01-19,0,0,0,0,0,0,0,0,0
112,2026-01-20,0,0,0,0,0,0,0,0,0
112,2026-01-21,0,0,0,0,0,0,0,0,0
112,2026-01-22,0,0,0,0,0,0,0,0,0
112,2026-01-23,0,0,0,0,0,0,0,0,0
112,2026-01-24,0,0,0,0,0,0,0,0,0
112,2026-01-25,7,7,7,0,2,5,0,0,0
112,2026-01-26,6,13,4,2,1,3,0,0,2
112,2026-01-27,7,20,6,1,1,3,1,2,0
112,2026-01-28,8,28,8,0,4,3,0,1,0
112,2026-01-29,4,32,4,0,0,4,0,0,0
112,2026-01-30,5,37,4,1,0,4,1,0,0
112,2026-01-31,9,46,8,1,1,5,1,2,0
112,2026-02-01,8,54,6,2,3,2,2,1,0
112,2026-02-02,8,62,6,2,2,4,2,0,0
112,2026-02-03,9,71,6,3,0,5,3,1,0
112,2026-02-04,11,82,9,2,1,7,1,1,1
112,2026-02-05,10,92,6,4,1,4,3,1,1
112,2026-02-06,16,108,14,2,5,9,2,0,0
112,2026-02-07,14,122,13,1,0,9,1,4,0
112,2026-02-08,12,134,12,0,3,9,0,0,0
112,2026-02-09,9,143,9,0,2,4,0,3,0
112,2026-02-10,14,157,11,3,2,9,3,0,0
113,2026-01-14,0,0,0,0,0,0,0,0,0
113,2026-01-15,0,0,0,0,0,0,0,0,0
113,2026-01-16,0,0,0,0,0,0,0,0,0
113,2026-01-17,0,0,0,0,0,0,0,0,0
113,2026-01-18,0,0,0,0,0,0,0,0,0
113,2026-01-19,0,0,0,0,0,0,0,0,0
113,2026-01-20,0,0,0,0,0,0,0,0,0
113,2026-01-21,0,0,0,0,0,0,0,0,0
113,2026-01-22,0,0,0,0,0,0,0,0,0
113,2026-01-23,0,0,0,0,0,0,0,0,0
113,2026-01-24,0,0,0,0,0,0,0,0,0
113,2026-01-25,9,9,9,0,4,5,0,0,0
113,2026-01-26,5,14,5,0,1,4,0,0,0
113,2026-01-27,4,18,4,0,1,3,0,0,0
113,2026-01-28,6,24,3,3,0,3,3,0,0
113,2026-01-29,6,30,5,1,0,4,1,1,0
113,2026-01-30,4,34,2,2,0,2,2,0,0
113,2026-01-31,4,38,4,0,2,2,0,0,0
113,2026-02-01,6,44,4,2,0,3,1,1,1
113,2026-02-02,8,52,6,2,2,4,2,0,0
113,2026-02-03,13,65,10,3,7,3,2,0,1
113,2026-02-04,10,75,8,2,2,6,2,0,0
113,2026-02-05,5,80,3,2,1,2,1,0,1
113,2026-02-06,9,89,7,2,1,6,1,0,1
113,2026-02-07,10,99,6,4,3,2,1,1,3
113,2026-02-08,6,105,3,3,0,1,3,2,0
113,2026-02-09,13,118,11,2,2,8,1,1,1
113,2026-02-10,12,130,12,0,2,9,0,1,0
114,2026-01-14,0,0,0,0,0,0,0,0,0
114,2026-01-15,0,0,0,0,0,0,0,0,0
114,2026-01-16,0,0,0,0,0,0,0,0,0
114,2026-01-17,0,0,0,0,0,0,0,0,0
114,2026-01-18,0,0,0,0,0,0,0,0,0
114,2026-01-19,0,0,0,0,0,0,0,0,0
114,2026-01-20,0,0,0,0,0,0,0,0,0
114,2026-01-21,0,0,0,0,0,0,0,0,0
114,2026-01-22,0,0,0,0,0,0,0,0,0
114,2026-01-23,0,0,0,0,0,0,0,0,0
114,2026-01-24,0,0,0,0,0,0,0,0,0
114,2026-01-25,8,8,6,2,0,3,2,3,0
114,2026-01-26,3,11,2,1,0,1,0,1,1
114,2026-01-27,7,18,6,1,1,5,1,0,0
114,2026-01-28,7,25,5,2,1,4,2,0,0
114,2026-01-29,5,30,5,0,3,2,0,0,0
114,2026-01-30,3,33,1,2,0,0,1,1,1
114,2026-01-31,5,38,4,1,2,2,1,0,0
114,2026-02-01,5,43,1,4,1,0,4,0,0
114,2026-02-02,4,47,3,1,1,2,1,0,0
114,2026-02-03,4,51,4,0,1,2,0,1,0
114,2026-02-04,8,59,3,5,1,2,3,0,2
114,2026-02-05,4,63,2,2,0,2,1,0,1
114,2026-02-06,8,71,7,1,1,4,1,2,0
114,2026-02-07,12,83,9,3,3,6,3,0,0
114,2026-02-08,8,91,7,1,2,5,1,0,0
114,2026-02-09,6,97,6,0,2,4,0,0,0
114,2026-02-10,15,112,12,3,5,6,1,1,2
115,2026-01-14,0,0,0,0,0,0,0,0,0
115,2026-01-15,0,0,0,0,0,0,0,0,0
115,2026-01-16,0,0,0,0,0,0,0,0,0
115,2026-01-17,0,0,0,0,0,0,0,0,0
115,2026-01-18,0,0,0,0,0,0,0,0,0
115,2026-01-19,0,0,0,0,0,0,0,0,0
115,2026-01-20,0,0,0,0,0,0,0,0,0
115,2026-01-21,0,0,0,0,0,0,0,0,0
115,2026-01-22,0,0,0,0,0,0,0,0,0
115,2026-01-23,0,0,0,0,0,0,0,0,0
115,2026-01-24,0,0,0,0,0,0,0,0,0
115,2026-01-25,3,3,3,0,0,2,0,1,0
115,2026-01-26,6,9,2,4,1,0,3,1,1
115,2026-01-27,5,14,4,1,1,3,0,0,1
115,2026-01-28,3,17,2,1,0,1,1,1,0
115,2026-01-29,5,22,5,0,4,1,0,0,0
115,2026-01-30,6,28,6,0,2,3,0,1,0
115,2026-01-31,11,39,8,3,5,2,3,1,0
115,2026-02-01,13,52,8,5,2,5,3,1,2
115,2026-02-02,8,60,7,1,2,5,1,0,0
115,2026-02-03,9,69,8,1,1,7,1,0,0
115,2026-02-04,10,79,7,3,3,3,3,1,0
115,2026-02-05,10,89,8,2,3,3,2,2,0
115,2026-02-06,17,106,15,2,6,9,2,0,0
115,2026-02-07,14,120,6,8,2,3,6,1,2
115,2026-02-08,14,134,11,3,2,9,1,0,2
115,2026-02-09,17,151,12,5,1,10,5,1,0
115,2026-02-10,15,166,11,4,2,8,3,1,1
116,2026-01-14,0,0,0,0,0,0,0,0,0
116,2026-01-15,0,0,0,0,0,0,0,0,0
116,2026-01-16,0,0,0,0,0,0,0,0,0
116,2026-01-17,0,0,0,0,0,0,0,0,0
116,2026-01-18,0,0,0,0,0,0,0,0,0
116,2026-01-19,0,0,0,0,0,0,0,0,0
116,2026-01-20,0,0,0,0,0,0,0,0,0
116,2026-01-21,0,0,0,0,0,0,0,0,0
116,2026-01-22,0,0,0,0,0,0,0,0,0
116,2026-01-23,0,0,0,0,0,0,0,0,0
116,2026-01-24,0,0,0,0,0,0,0,0,0
116,2026-01-25,6,6,6,0,0,3,0,3,0
116,2026-01-26,9,15,6,3,3,3,2,0,1
116,2026-01-27,3,18,3,0,0,3,0,0,0
116,2026-01-28,9,27,7,2,3,3,2,1,0
116,2026-01-29,9,36,8,1,5,3,1,0,0
116,2026-01-30,2,38,0,2,0,0,0,0,2
116,2026-01-31,9,47,7,2,4,3,1,0,1
116,2026-02-01,4,51,2,2,1,1,2,0,0
116,2026-02-02,4,55,1,3,1,0,1,0,2
116,2026-02-03,6,61,6,0,1,5,0,0,0
116,2026-02-04,6,67,3,3,1,2,3,0,0
116,2026-02-05,11,78,10,1,7,2,1,1,0
116,2026-02-06,8,86,6,2,1,4,2,1,0
116,2026-02-07,8,94,8,0,3,5,0,0,0
116,2026-02-08,9,103,7,2,2,4,2,1,0
116,2026-02-09,2,105,0,2,0,0,2,0,0
116,2026-02-10,11,116,10,1,4,5,1,1,0
117,2026-01-14,0,0,0,0,0,0,0,0,0
117,2026-01-15,0,0,0,0,0,0,0,0,0
117,2026-01-16,0,0,0,0,0,0,0,0,0
117,2026-01-17,0,0,0,0,0,0,0,0,0
117,2026-01-18,0,0,0,0,0,0,0,0,0
117,2026-01-19,0,0,0,0,0,0,0,0,0
117,2026-01-20,0,0,0,0,0,0,0,0,0
117,2026-01-21,0,0,0,0,0,0,0,0,0
117,2026-01-22,0,0,0,0,0,0,0,0,0
117,2026-01-23,0,0,0,0,0,0,0,0,0
117,2026-01-24,0,0,0,0,0,0,0,0,0
117,2026-01-25,10,10,8,2,1,6,2,1,0
117,2026-01-26,4,14,3,1,2,1,1,0,0
117,2026-01-27,1,15,1,0,0,0,0,1,0
117,2026-01-28,4,19,2,2,2,0,1,0,1
117,2026-01-29,7,26,5,2,2,2,2,1,0
117,2026-01-30,5,31,3,2,1,2,2,0,0
117,2026-01-31,4,35,4,0,1,3,0,0,0
117,2026-02-01,4,39,4,0,1,2,0,1,0
117,2026-02-02,3,42,1,2,0,1,1,0,1
117,2026-02-03,9,51,7,2,1,4,2,2,0
117,2026-02-04,6,57,4,2,2,1,2,1,0
117,2026-02-05,4,61,2,2,1,1,1,0,1
117,2026-02-06,5,66,4,1,4,0,1,0,0
117,2026-02-07,10,76,6,4,4,2,4,0,0
117,2026-02-08,10,86,8,2,3,5,2,0,0
117,2026-02-09,4,90,3,1,0,2,1,1,0
117,2026-02-10,6,96,5,1,2,3,1,0,0
118,2026-01-14,0,0,0,0,0,0,0,0,0
118,2026-01-15,0,0,0,0,0,0,0,0,0
118,2026-01-16,0,0,0,0,0,0,0,0,0
118,2026-01-17,0,0,0,0,0,0,0,0,0
118,2026-01-18,0,0,0,0,0,0,0,0,0
118,2026-01-19,0,0,0,0,0,0,0,0,0
118,2026-01-20,0,0,0,0,0,0,0,0,0
118,2026-01-21,0,0,0,0,0,0,0,0,0
118,2026-01-22,0,0,0,0,0,0,0,0,0
118,2026-01-23,0,0,0,0,0,0,0,0,0
118,2026-01-24,0,0,0,0,0,0,0,0,0
118,2026-01-25,6,6,4,2,1,2,2,1,0
118,2026-01-26,5,11,4,1,1,2,1,1,0
118,2026-01-27,4,15,3,1,0,3,1,0,0
118,2026-01-28,7,22,4,3,0,2,3,2,0
118,2026-01-29,5,27,4,1,0,4,0,0,1
118,2026-01-30,3,30,2,1,1,0,0,1,1
118,2026-01-31,12,42,9,3,1,8,2,0,1
118,2026-02-01,8,50,8,0,1,5,0,2,0
118,2026-02-02,11,61,9,2,5,3,2,1,0
118,2026-02-03,7,68,7,0,2,4,0,1,0
118,2026-02-04,4,72,4,0,0,4,0,0,0
118,2026-02-05,11,83,9,2,3,5,1,1,1
118,2026-02-06,5,88,4,1,0,4,1,0,0
118,2026-02-07,10,98,8,2,3,4,1,1,1
118,2026-02-08,8,106,8,0,2,4,0,2,0
118,2026-02-09,8,114,8,0,1,7,0,0,0
118,2026-02-10,15,129,11,4,4,7,3,0,1
119,2026-01-14,0,0,0,0,0,0,0,0,0
119,2026-01-15,0,0,0,0,0,0,0,0,0
119,2026-01-16,0,0,0,0,0,0,0,0,0
119,2026-01-17,0,0,0,0,0,0,0,0,0
119,2026-01-18,0,0,0,0,0,0,0,0,0
119,2026-01-19,0,0,0,0,0,0,0,0,0
119,2026-01-20,0,0,0,0,0,0,0,0,0
119,2026-01-21,0,0,0,0,0,0,0,0,0
119,2026-01-22,0,0,0,0,0,0,0,0,0
119,2026-01-23,0,0,0,0,0,0,0,0,0
119,2026-01-24,0,0,0,0,0,0,0,0,0
119,2026-01-25,5,5,3,2,0,3,2,0,0
119,2026-01-26,2,7,1,1,0,1,1,0,0
119,2026-01-27,6,13,5,1,1,3,1,1,0
119,2026-01-28,4,17,3,1,0,2,1,1,0
119,2026-01-29,1,18,1,0,0,1,0,0,0
119,2026-01-30,5,23,4,1,0,4,1,0,0
119,2026-01-31,3,26,3,0,1,2,0,0,0
119,2026-02-01,7,33,6,1,1,5,1,0,0
119,2026-02-02,7,40,6,1,1,3,1,2,0
119,2026-02-03,8,48,6,2,1,4,2,1,0
119,2026-02-04,6,54,4,2,0,3,2,1,0
119,2026-02-05,5,59,3,2,0,1,1,2,1
119,2026-02-06,11,70,9,2,2,6,2,1,0
119,2026-02-07,7,77,6,1,1,3,0,2,1
119,2026-02-08,5,82,3,2,1,2,1,0,1
119,2026-02-09,8,90,5,3,2,2,2,1,1
119,2026-02-10,6,96,4,2,2,2,2,0,0
120,2026-01-14,0,0,0,0,0,0,0,0,0
120,2026-01-15,0,0,0,0,0,0,0,0,0
120,2026-01-16,0,0,0,0,0,0,0,0,0
120,2026-01-17,0,0,0,0,0,0,0,0,0
120,2026-01-18,0,0,0,0,0,0,0,0,0
120,2026-01-19,0,0,0,0,0,0,0,0,0
120,2026-01-20,0,0,0,0,0,0,0,0,0
120,2026-01-21,0,0,0,0,0,0,0,0,0
120,2026-01-22,0,0,0,0,0,0,0,0,0
120,2026-01-23,0,0,0,0,0,0,0,0,0
120,2026-01-24,0,0,0,0,0,0,0,0,0
120,2026-01-25,7,7,5,2,1,4,2,0,0
120,2026-01-26,4,11,3,1,0,3,1,0,0
120,2026-01-27,3,14,2,1,1,1,1,0,0
120,2026-01-28,6,20,4,2,1,2,2,1,0
120,2026-01-29,2,22,2,0,0,2,0,0,0
120,2026-01-30,3,25,1,2,0,1,2,0,0
120,2026-01-31,1,26,1,0,0,1,0,0,0
120,2026-02-01,5,31,5,0,2,2,0,1,0
120,2026-02-02,7,38,5,2,1,3,2,1,0
120,2026-02-03,5,43,5,0,1,3,0,1,0
120,2026-02-04,7,50,4,3,0,3,3,1,0
120,2026-02-05,8,58,8,0,2,6,0,0,0
120,2026-02-06,7,65,5,2,1,3,1,1,1
120,2026-02-07,5,70,3,2,2,1,1,0,1
120,2026-02-08,11,81,8,3,3,5,2,0,1
120,2026-02-09,9,90,5,4,3,2,3,0,1
120,2026-02-10,7,97,6,1,2,4,0,0,1
121,2026-01-14,0,0,0,0,0,0,0,0,0
121,2026-01-15,0,0,0,0,0,0,0,0,0
121,2026-01-16,0,0,0,0,0,0,0,0,0
121,2026-01-17,0,0,0,0,0,0,0,0,0
121,2026-01-18,0,0,0,0,0,0,0,0,0
121,2026-01-19,0,0,0,0,0,0,0,0,0
121,2026-01-20,0,0,0,0,0,0,0,0,0
121,2026-01-21,0,0,0,0,0,0,0,0,0
121,2026-01-22,0,0,0,0,0,0,0,0,0
121,2026-01-23,0,0,0,0,0,0,0,0,0
121,2026-01-24,0,0,0,0,0,0,0,0,0
121,2026-01-25,5,5,4,1,1,3,1,0,0
121,2026-01-26,1,6,0,1,0,0,0,0,1
121,2026-01-27,1,7,1,0,0,1,0,0,0
121,2026-01-28,3,10,2,1,0,2,1,0,0
121,2026-01-29,4,14,4,0,2,1,0,1,0
121,2026-01-30,5,19,5,0,3,2,0,0,0
121,2026-01-31,1,20,1,0,1,0,0,0,0
121,2026-02-01,2,22,2,0,0,1,0,1,0
121,2026-02-02,2,24,2,0,0,2,0,0,0
121,2026-02-03,4,28,4,0,1,2,0,1,0
121,2026-02-04,2,30,1,1,0,1,1,0,0
121,2026-02-05,8,38,7,1,1,5,1,1,0
121,2026-02-06,7,45,3,4,0,3,4,0,0
121,2026-02-07,4,49,4,0,1,3,0,0,0
121,2026-02-08,1,50,1,0,1,0,0,0,0
121,2026-02-09,7,57,4,3,2,2,3,0,0
121,2026-02-10,4,61,4,0,0,4,0,0,0
122,2026-01-14,0,0,0,0,0,0,0,0,0
122,2026-01-15,0,0,0,0,0,0,0,0,0
122,2026-01-16,0,0,0,0,0,0,0,0,0
122,2026-01-17,0,0,0,0,0,0,0,0,0
122,2026-01-18,0,0,0,0,0,0,0,0,0
122,2026-01-19,0,0,0,0,0,0,0,0,0
122,2026-01-20,0,0,0,0,0,0,0,0,0
122,2026-01-21,0,0,0,0,0,0,0,0,0
122,2026-01-22,0,0,0,0,0,0,0,0,0
122,2026-01-23,0,0,0,0,0,0,0,0,0
122,2026-01-24,0,0,0,0,0,0,0,0,0
122,2026-01-25,6,6,6,0,1,3,0,2,0
122,2026-01-26,5,11,5,0,0,3,0,2,0
122,2026-01-27,6,17,5,1,3,2,0,0,1
122,2026-01-28,3,20,3,0,0,2,0,1,0
122,2026-01-29,7,27,4,3,1,2,2,1,1
122,2026-01-30,3,30,3,0,2,1,0,0,0
122,2026-01-31,5,35,4,1,1,3,0,0,1
122,2026-02-01,10,45,9,1,3,4,1,2,0
122,2026-02-02,13,58,13,0,3,9,0,1,0
122,2026-02-03,5,63,4,1,3,0,1,1,0
122,2026-02-04,11,74,8,3,1,7,1,0,2
122,2026-02-05,9,83,7,2,2,4,1,1,1
122,2026-02-06,10,93,9,1,1,7,1,1,0
122,2026-02-07,9,102,7,2,2,5,1,0,1
122,2026-02-08,18,120,12,6,2,9,6,1,0
122,2026-02-09,15,135,9,6,2,6,4,1,2
122,2026-02-10,22,157,17,5,7,8,5,2,0
123,2026-01-14,0,0,0,0,0,0,0,0,0
123,2026-01-15,0,0,0,0,0,0,0,0,0
123,2026-01-16,0,0,0,0,0,0,0,0,0
123,2026-01-17,0,0,0,0,0,0,0,0,0
123,2026-01-18,0,0,0,0,0,0,0,0,0
123,2026-01-19,0,0,0,0,0,0,0,0,0
123,2026-01-20,0,0,0,0,0,0,0,0,0
123,2026-01-21,0,0,0,0,0,0,0,0,0
123,2026-01-22,0,0,0,0,0,0,0,0,0
123,2026-01-23,0,0,0,0,0,0,0,0,0
123,2026-01-24,0,0,0,0,0,0,0,0,0
123,2026-01-25,8,8,7,1,2,5,1,0,0
123,2026-01-26,4,12,4,0,1,2,0,1,0
123,2026-01-27,3,15,3,0,1,2,0,0,0
123,2026-01-28,5,20,4,1,1,2,1,1,0
123,2026-01-29,3,23,2,1,0,2,1,0,0
123,2026-01-30,9,32,7,2,2,5,2,0,0
123,2026-01-31,3,35,1,2,0,1,2,0,0
123,2026-02-01,7,42,4,3,1,2,3,1,0
123,2026-02-02,7,49,4,3,1,2,2,1,1
123,2026-02-03,4,53,3,1,0,2,1,1,0
123,2026-02-04,8,61,8,0,2,6,0,0,0
123,2026-02-05,11,72,6,5,0,6,3,0,2
123,2026-02-06,7,79,5,2,1,3,1,1,1
123,2026-02-07,8,87,5,3,2,3,1,0,2
123,2026-02-08,7,94,4,3,1,3,2,0,1
123,2026-02-09,9,103,6,3,1,4,3,1,0
123,2026-02-10,8,111,7,1,1,5,1,1,0
124,2026-01-14,0,0,0,0,0,0,0,0,0
124,2026-01-15,0,0,0,0,0,0,0,0,0
124,2026-01-16,0,0,0,0,0,0,0,0,0
124,2026-01-17,0,0,0,0,0,0,0,0,0
124,2026-01-18,0,0,0,0,0,0,0,0,0
124,2026-01-19,0,0,0,0,0,0,0,0,0
124,2026-01-20,0,0,0,0,0,0,0,0,0
124,2026-01-21,0,0,0,0,0,0,0,0,0
124,2026-01-22,0,0,0,0,0,0,0,0,0
124,2026-01-23,0,0,0,0,0,0,0,0,0
124,2026-01-24,0,0,0,0,0,0,0,0,0
124,2026-01-25,5,5,4,1,1,3,1,0,0
124,2026-01-26,9,14,7,2,3,4,2,0,0
124,2026-01-27,9,23,8,1,2,5,1,1,0
124,2026-01-28,4,27,4,0,0,4,0,0,0
124,2026-01-29,4,31,4,0,1,3,0,0,0
124,2026-01-30,5,36,4,1,1,2,1,1,0
124,2026-01-31,6,42,4,2,0,1,2,3,0
124,2026-02-01,5,47,4,1,0,3,0,1,1
124,2026-02-02,9,56,6,3,2,3,3,1,0
124,2026-02-03,9,65,8,1,1,7,1,0,0
124,2026-02-04,8,73,7,1,3,3,1,1,0
124,2026-02-05,10,83,7,3,2,5,2,0,1
124,2026-02-06,11,94,8,3,1,7,2,0,1
124,2026-02-07,8,102,7,1,3,4,1,0,0
124,2026-02-08,10,112,8,2,4,4,0,0,2
124,2026-02-09,11,123,11,0,3,6,0,2,0
124,2026-02-10,16,139,15,1,6,8,1,1,0
125,2026-01-14,0,0,0,0,0,0,0,0,0
125,2026-01-15,0,0,0,0,0,0,0,0,0
125,2026-01-16,0,0,0,0,0,0,0,0,0
125,2026-01-17,0,0,0,0,0,0,0,0,0
125,2026-01-18,0,0,0,0,0,0,0,0,0
125,2026-01-19,0,0,0,0,0,0,0,0,0
125,2026-01-20,0,0,0,0,0,0,0,0,0
125,2026-01-21,0,0,0,0,0,0,0,0,0
125,2026-01-22,0,0,0,0,0,0,0,0,0
125,2026-01-23,0,0,0,0,0,0,0,0,0
125,2026-01-24,0,0,0,0,0,0,0,0,0
125,2026-01-25,6,6,2,4,2,0,3,0,1
125,2026-01-26,6,12,4,2,1,3,1,0,1
125,2026-01-27,2,14,1,1,1,0,0,0,1
125,2026-01-28,6,20,4,2,0,4,2,0,0
125,2026-01-29,9,29,7,2,0,6,2,1,0
125,2026-01-30,8,37,6,2,1,4,0,1,2
125,2026-01-31,2,39,2,0,1,1,0,0,0
125,2026-02-01,10,49,7,3,2,5,1,0,2
125,2026-02-02,13,62,7,6,1,6,4,0,2
125,2026-02-03,9,71,8,1,2,4,1,2,0
125,2026-02-04,9,80,7,2,2,5,2,0,0
125,2026-02-05,10,90,9,1,3,6,0,0,1
125,2026-02-06,12,102,11,1,2,7,0,2,1
125,2026-02-07,12,114,9,3,1,8,2,0,1
125,2026-02-08,13,127,8,5,2,4,2,2,3
125,2026-02-09,10,137,7,3,0,6,2,1,1
125,2026-02-10,7,144,7,0,1,3,0,3,0
126,2026-01-14,0,0,0,0,0,0,0,0,0
126,2026-01-15,0,0,0,0,0,0,0,0,0
126,2026-01-16,0,0,0,0,0,0,0,0,0
126,2026-01-17,0,0,0,0,0,0,0,0,0
126,2026-01-18,0,0,0,0,0,0,0,0,0
126,2026-01-19,0,0,0,0,0,0,0,0,0
126,2026-01-20,0,0,0,0,0,0,0,0,0
126,2026-01-21,0,0,0,0,0,0,0,0,0
126,2026-01-22,0,0,0,0,0,0,0,0,0
126,2026-01-23,0,0,0,0,0,0,0,0,0
126,2026-01-24,0,0,0,0,0,0,0,0,0
126,2026-01-25,3,3,3,0,1,1,0,1,0
126,2026-01-26,0,3,0,0,0,0,0,0,0
126,2026-01-27,1,4,1,0,0,1,0,0,0
126,2026-01-28,4,8,4,0,3,0,0,1,0
126,2026-01-29,1,9,1,0,1,0,0,0,0
126,2026-01-30,2,11,1,1,0,0,1,1,0
126,2026-01-31,4,15,2,2,1,1,2,0,0
126,2026-02-01,1,16,1,0,0,1,0,0,0
126,2026-02-02,2,18,2,0,1,1,0,0,0
126,2026-02-03,3,21,3,0,2,0,0,1,0
126,2026-02-04,2,23,0,2,0,0,2,0,0
126,2026-02-05,5,28,5,0,2,3,0,0,0
126,2026-02-06,2,30,2,0,1,1,0,0,0
126,2026-02-07,3,33,2,1,0,2,1,0,0
126,2026-02-08,1,34,0,1,0,0,1,0,0
126,2026-02-09,4,38,3,1,0,2,1,1,0
126,2026-02-10,1,39,1,0,0,1,0,0,0
127,2026-01-14,0,0,0,0,0,0,0,0,0
127,2026-01-15,0,0,0,0,0,0,0,0,0
127,2026-01-16,0,0,0,0,0,0,0,0,0
127,2026-01-17,0,0,0,0,0,0,0,0,0
127,2026-01-18,0,0,0,0,0,0,0,0,0
127,2026-01-19,0,0,0,0,0,0,0,0,0
127,2026-01-20,0,0,0,0,0,0,0,0,0
127,2026-01-21,0,0,0,0,0,0,0,0,0
127,2026-01-22,0,0,0,0,0,0,0,0,0
127,2026-01-23,0,0,0,0,0,0,0,0,0
127,2026-01-24,0,0,0,0,0,0,0,0,0
127,2026-01-25,2,2,2,0,1,1,0,0,0
127,2026-01-26,8,10,8,0,3,5,0,0,0
127,2026-01-27,1,11,1,0,1,0,0,0,0
127,2026-01-28,6,17,4,2,0,4,2,0,0
127,2026-01-29,7,24,7,0,3,3,0,1,0
127,2026-01-30,3,27,2,1,1,1,1,0,0
127,2026-01-31,4,31,3,1,0,3,1,0,0
127,2026-02-01,5,36,4,1,1,3,1,0,0
127,2026-02-02,3,39,2,1,1,0,0,1,1
127,2026-02-03,8,47,6,2,3,3,0,0,2
127,2026-02-04,3,50,3,0,0,2,0,1,0
127,2026-02-05,7,57,4,3,1,2,2,1,1
127,2026-02-06,10,67,8,2,3,3,0,2,2
127,2026-02-07,6,73,6,0,1,3,0,2,0
127,2026-02-08,4,77,4,0,0,4,0,0,0
127,2026-02-09,7,84,6,1,2,4,1,0,0
127,2026-02-10,4,88,4,0,1,2,0,1,0
128,2026-01-14,0,0,0,0,0,0,0,0,0
128,2026-01-15,0,0,0,0,0,0,0,0,0
128,2026-01-16,0,0,0,0,0,0,0,0,0
128,2026-01-17,0,0,0,0,0,0,0,0,0
128,2026-01-18,0,0,0,0,0,0,0,0,0
128,2026-01-19,0,0,0,0,0,0,0,0,0
128,2026-01-20,0,0,0,0,0,0,0,0,0
128,2026-01-21,0,0,0,0,0,0,0,0,0
128,2026-01-22,0,0,0,0,0,0,0,0,0
128,2026-01-23,0,0,0,0,0,0,0,0,0
128,2026-01-24,0,0,0,0,0,0,0,0,0
128,2026-01-25,8,8,3,5,1,2,5,0,0
128,2026-01-26,3,11,2,1,1,0,0,1,1
128,2026-01-27,4,15,3,1,2,1,0,0,1
128,2026-01-28,3,18,2,1,2,0,1,0,0
128,2026-01-29,6,24,3,3,0,2,3,1,0
128,2026-01-30,4,28,3,1,1,2,1,0,0
128,2026-01-31,1,29,0,1,0,0,1,0,0
128,2026-02-01,6,35,6,0,1,5,0,0,0
128,2026-02-02,7,42,5,2,1,4,1,0,1
128,2026-02-03,7,49,4,3,1,3,2,0,1
128,2026-02-04,12,61,12,0,2,8,0,2,0
128,2026-02-05,12,73,9,3,3,6,2,0,1
128,2026-02-06,9,82,6,3,1,5,3,0,0
128,2026-02-07,10,92,5,5,1,4,4,0,1
128,2026-02-08,9,101,4,5,0,3,4,1,1
128,2026-02-09,15,116,13,2,3,9,2,1,0
128,2026-02-10,11,127,6,5,2,4,5,0,0
129,2026-01-14,0,0,0,0,0,0,0,0,0
129,2026-01-15,0,0,0,0,0,0,0,0,0
129,2026-01-16,0,0,0,0,0,0,0,0,0
129,2026-01-17,0,0,0,0,0,0,0,0,0
129,2026-01-18,0,0,0,0,0,0,0,0,0
129,2026-01-19,0,0,0,0,0,0,0,0,0
129,2026-01-20,0,0,0,0,0,0,0,0,0
129,2026-01-21,0,0,0,0,0,0,0,0,0
129,2026-01-22,0,0,0,0,0,0,0,0,0
129,2026-01-23,0,0,0,0,0,0,0,0,0
129,2026-01-24,0,0,0,0,0,0,0,0,0
129,2026-01-25,8,8,7,1,0,5,1,2,0
129,2026-01-26,7,15,6,1,1,4,1,1,0
129,2026-01-27,2,17,2,0,1,1,0,0,0
129,2026-01-28,5,22,4,1,1,3,1,0,0
129,2026-01-29,5,27,3,2,1,2,1,0,1
129,2026-01-30,6,33,6,0,3,2,0,1,0
129,2026-01-31,6,39,4,2,1,3,1,0,1
129,2026-02-01,6,45,6,0,2,4,0,0,0
129,2026-02-02,8,53,6,2,2,3,1,1,1
129,2026-02-03,9,62,8,1,2,5,1,1,0
129,2026-02-04,7,69,5,2,1,3,2,1,0
129,2026-02-05,5,74,4,1,0,4,1,0,0
129,2026-02-06,10,84,7,3,1,6,2,0,1
129,2026-02-07,8,92,8,0,3,3,0,2,0
129,2026-02-08,9,101,6,3,2,2,2,2,1
129,2026-02-09,6,107,6,0,1,4,0,1,0
129,2026-02-10,10,117,7,3,3,4,3,0,0
130,2026-01-14,0,0,0,0,0,0,0,0,0
130,2026-01-15,0,0,0,0,0,0,0,0,0
130,2026-01-16,0,0,0,0,0,0,0,0,0
130,2026-01-17,0,0,0,0,0,0,0,0,0
130,2026-01-18,0,0,0,0,0,0,0,0,0
130,2026-01-19,0,0,0,0,0,0,0,0,0
130,2026-01-20,0,0,0,0,0,0,0,0,0
130,2026-01-21,0,0,0,0,0,0,0,0,0
130,2026-01-22,0,0,0,0,0,0,0,0,0
130,2026-01-23,0,0,0,0,0,0,0,0,0
130,2026-01-24,0,0,0,0,0,0,0,0,0
130,2026-01-25,6,6,5,1,2,2,0,1,1
130,2026-01-26,6,12,3,3,1,2,2,0,1
130,2026-01-27,5,17,5,0,2,3,0,0,0
130,2026-01-28,5,22,5,0,1,4,0,0,0
130,2026-01-29,6,28,5,1,2,3,1,0,0
130,2026-01-30,2,30,2,0,1,0,0,1,0
130,2026-01-31,11,41,9,2,2,7,2,0,0
130,2026-02-01,7,48,6,1,1,4,1,1,0
130,2026-02-02,10,58,8,2,3,5,2,0,0
130,2026-02-03,8,66,7,1,0,7,1,0,0
130,2026-02-04,13,79,10,3,5,5,2,0,1
130,2026-02-05,10,89,6,4,0,6,2,0,2
130,2026-02-06,8,97,8,0,4,4,0,0,0
130,2026-02-07,18,115,17,1,3,14,1,0,0
130,2026-02-08,18,133,13,5,2,8,3,3,2
130,2026-02-09,17,150,12,5,2,9,4,1,1
130,2026-02-10,17,167,11,6,4,6,5,1,1
131,2026-01-14,0,0,0,0,0,0,0,0,0
131,2026-01-15,0,0,0,0,0,0,0,0,0
131,2026-01-16,0,0,0,0,0,0,0,0,0
131,2026-01-17,0,0,0,0,0,0,0,0,0
131,2026-01-18,0,0,0,0,0,0,0,0,0
131,2026-01-19,0,0,0,0,0,0,0,0,0
131,2026-01-20,0,0,0,0,0,0,0,0,0
131,2026-01-21,0,0,0,0,0,0,0,0,0
131,2026-01-22,0,0,0,0,0,0,0,0,0
131,2026-01-23,0,0,0,0,0,0,0,0,0
131,2026-01-24,0,0,0,0,0,0,0,0,0
131,2026-01-25,6,6,6,0,3,2,0,1,0
131,2026-01-26,4,10,3,1,2,1,0,0,1
131,2026-01-27,5,15,3,2,1,2,0,0,2
131,2026-01-28,0,15,0,0,0,0,0,0,0
131,2026-01-29,6,21,5,1,1,3,1,1,0
131,2026-01-30,3,24,3,0,2,0,0,1,0
131,2026-01-31,8,32,6,2,3,2,1,1,1
131,2026-02-01,7,39,5,2,1,4,2,0,0
131,2026-02-02,10,49,6,4,3,3,4,0,0
131,2026-02-03,5,54,2,3,1,1,3,0,0
131,2026-02-04,5,59,4,1,2,2,1,0,0
131,2026-02-05,6,65,5,1,2,3,1,0,0
131,2026-02-06,8,73,7,1,1,6,1,0,0
131,2026-02-07,5,78,2,3,1,1,2,0,1
131,2026-02-08,9,87,7,2,2,3,1,2,1
131,2026-02-09,8,95,8,0,2,6,0,0,0
131,2026-02-10,7,102,5,2,3,1,1,1,1
132,2026-01-14,0,0,0,0,0,0,0,0,0
132,2026-01-15,0,0,0,0,0,0,0,0,0
132,2026-01-16,0,0,0,0,0,0,0,0,0
132,2026-01-17,0,0,0,0,0,0,0,0,0
132,2026-01-18,0,0,0,0,0,0,0,0,0
132,2026-01-19,0,0,0,0,0,0,0,0,0
132,2026-01-20,0,0,0,0,0,0,0,0,0
132,2026-01-21,0,0,0,0,0,0,0,0,0
132,2026-01-22,0,0,0,0,0,0,0,0,0
132,2026-01-23,0,0,0,0,0,0,0,0,0
132,2026-01-24,0,0,0,0,0,0,0,0,0
132,2026-01-25,5,5,3,2,0,3,0,0,2
132,2026-01-26,2,7,1,1,1,0,1,0,0
132,2026-01-27,3,10,2,1,1,1,1,0,0
132,2026-01-28,6,16,5,1,2,2,0,1,1
132,2026-01-29,3,19,3,0,0,3,0,0,0
132,2026-01-30,6,25,5,1,3,2,1,0,0
132,2026-01-31,1,26,1,0,1,0,0,0,0
132,2026-02-01,6,32,5,1,1,2,1,2,0
132,2026-02-02,3,35,1,2,1,0,1,0,1
132,2026-02-03,6,41,4,2,3,1,2,0,0
132,2026-02-04,5,46,5,0,2,3,0,0,0
132,2026-02-05,5,51,5,0,2,1,0,2,0
132,2026-02-06,5,56,5,0,0,4,0,1,0
132,2026-02-07,7,63,5,2,2,3,2,0,0
132,2026-02-08,10,73,10,0,3,7,0,0,0
132,2026-02-09,7,80,5,2,3,1,1,1,1
132,2026-02-10,7,87,5,2,2,3,1,0,1
133,2026-01-14,0,0,0,0,0,0,0,0,0
133,2026-01-15,0,0,0,0,0,0,0,0,0
133,2026-01-16,0,0,0,0,0,0,0,0,0
133,2026-01-17,0,0,0,0,0,0,0,0,0
133,2026-01-18,0,0,0,0,0,0,0,0,0
133,2026-01-19,0,0,0,0,0,0,0,0,0
133,2026-01-20,0,0,0,0,0,0,0,0,0
133,2026-01-21,0,0,0,0,0,0,0,0,0
133,2026-01-22,0,0,0,0,0,0,0,0,0
133,2026-01-23,0,0,0,0,0,0,0,0,0
133,2026-01-24,0,0,0,0,0,0,0,0,0
133,2026-01-25,5,5,3,2,1,2,1,0,1
133,2026-01-26,4,9,4,0,0,4,0,0,0
133,2026-01-27,4,13,3,1,2,1,1,0,0
133,2026-01-28,5,18,4,1,1,2,1,1,0
133,2026-01-29,4,22,3,1,1,0,0,2,1
133,2026-01-30,8,30,5,3,1,4,3,0,0
133,2026-01-31,8,38,7,1,3,3,1,1,0
133,2026-02-01,3,41,1,2,0,1,2,0,0
133,2026-02-02,4,45,4,0,0,4,0,0,0
133,2026-02-03,8,53,6,2,3,3,1,0,1
133,2026-02-04,6,59,5,1,2,2,1,1,0
133,2026-02-05,8,67,6,2,1,4,1,1,1
133,2026-02-06,11,78,8,3,0,8,3,0,0
133,2026-02-07,11,89,11,0,2,8,0,1,0
133,2026-02-08,7,96,6,1,1,4,1,1,0
133,2026-02-09,9,105,7,2,1,6,2,0,0
133,2026-02-10,9,114,5,4,3,1,3,1,1
134,2026-01-14,0,0,0,0,0,0,0,0,0
134,2026-01-15,0,0,0,0,0,0,0,0,0
134,2026-01-16,0,0,0,0,0,0,0,0,0
134,2026-01-17,0,0,0,0,0,0,0,0,0
134,2026-01-18,0,0,0,0,0,0,0,0,0
134,2026-01-19,0,0,0,0,0,0,0,0,0
134,2026-01-20,0,0,0,0,0,0,0,0,0
134,2026-01-21,0,0,0,0,0,0,0,0,0
134,2026-01-22,0,0,0,0,0,0,0,0,0
134,2026-01-23,0,0,0,0,0,0,0,0,0
134,2026-01-24,0,0,0,0,0,0,0,0,0
134,2026-01-25,8,8,4,4,2,2,3,0,1
134,2026-01-26,3,11,2,1,1,1,1,0,0
134,2026-01-27,2,13,0,2,0,0,2,0,0
134,2026-01-28,5,18,4,1,2,2,1,0,0
134,2026-01-29,4,22,4,0,2,2,0,0,0
134,2026-01-30,3,25,3,0,0,3,0,0,0
134,2026-01-31,5,30,2,3,2,0,3,0,0
134,2026-02-01,6,36,4,2,0,4,0,0,2
134,2026-02-02,5,41,3,2,0,2,2,1,0
134,2026-02-03,3,44,1,2,0,0,2,1,0
134,2026-02-04,4,48,3,1,0,3,0,0,1
134,2026-02-05,2,50,1,1,1,0,1,0,0
134,2026-02-06,5,55,4,1,1,3,1,0,0
134,2026-02-07,5,60,4,1,1,3,1,0,0
134,2026-02-08,4,64,2,2,2,0,1,0,1
134,2026-02-09,3,67,2,1,1,1,1,0,0
134,2026-02-10,5,72,4,1,3,1,1,0,0
135,2026-01-14,0,0,0,0,0,0,0,0,0
135,2026-01-15,0,0,0,0,0,0,0,0,0
135,2026-01-16,0,0,0,0,0,0,0,0,0
135,2026-01-17,0,0,0,0,0,0,0,0,0
135,2026-01-18,0,0,0,0,0,0,0,0,0
135,2026-01-19,0,0,0,0,0,0,0,0,0
135,2026-01-20,0,0,0,0,0,0,0,0,0
135,2026-01-21,0,0,0,0,0,0,0,0,0
135,2026-01-22,0,0,0,0,0,0,0,0,0
135,2026-01-23,0,0,0,0,0,0,0,0,0
135,2026-01-24,0,0,0,0,0,0,0,0,0
135,2026-01-25,3,3,2,1,0,2,0,0,1
135,2026-01-26,6,9,3,3,1,2,2,0,1
135,2026-01-27,2,11,1,1,0,1,1,0,0
135,2026-01-28,3,14,3,0,0,2,0,1,0
135,2026-01-29,3,17,3,0,1,1,0,1,0
135,2026-01-30,3,20,2,1,1,1,1,0,0
135,2026-01-31,7,27,5,2,0,4,1,1,1
135,2026-02-01,6,33,4,2,2,2,2,0,0
135,2026-02-02,4,37,3,1,1,1,1,1,0
135,2026-02-03,8,45,7,1,3,3,0,1,1
135,2026-02-04,6,51,4,2,2,2,1,0,1
135,2026-02-05,7,58,6,1,3,3,1,0,0
135,2026-02-06,7,65,6,1,2,4,1,0,0
135,2026-02-07,4,69,4,0,3,1,0,0,0
135,2026-02-08,13,82,12,1,5,7,1,0,0
135,2026-02-09,8,90,5,3,3,2,2,0,1
135,2026-02-10,10,100,10,0,3,7,0,0,0
136,2026-01-14,0,0,0,0,0,0,0,0,0
136,2026-01-15,0,0,0,0,0,0,0,0,0
136,2026-01-16,0,0,0,0,0,0,0,0,0
136,2026-01-17,0,0,0,0,0,0,0,0,0
136,2026-01-18,0,0,0,0,0,0,0,0,0
136,2026-01-19,0,0,0,0,0,0,0,0,0
136,2026-01-20,0,0,0,0,0,0,0,0,0
136,2026-01-21,0,0,0,0,0,0,0,0,0
136,2026-01-22,0,0,0,0,0,0,0,0,0
136,2026-01-23,0,0,0,0,0,0,0,0,0
136,2026-01-24,0,0,0,0,0,0,0,0,0
136,2026-01-25,9,9,5,4,2,2,4,1,0
136,2026-01-26,4,13,2,2,0,2,0,0,2
136,2026-01-27,2,15,2,0,1,1,0,0,0
136,2026-01-28,4,19,4,0,3,1,0,0,0
136,2026-01-29,3,22,3,0,0,3,0,0,0
136,2026-01-30,6,28,5,1,1,3,1,1,0
136,2026-01-31,10,38,8,2,3,5,2,0,0
136,2026-02-01,7,45,6,1,3,3,0,0,1
136,2026-02-02,6,51,4,2,3,0,2,1,0
136,2026-02-03,7,58,5,2,1,4,1,0,1
136,2026-02-04,13,71,11,2,3,7,1,1,1
136,2026-02-05,4,75,4,0,1,1,0,2,0
136,2026-02-06,5,80,4,1,1,3,1,0,0
136,2026-02-07,7,87,7,0,2,5,0,0,0
136,2026-02-08,5,92,4,1,1,3,0,0,1
136,2026-02-09,12,104,10,2,1,7,2,2,0
136,2026-02-10,8,112,8,0,3,3,0,2,0
137,2026-01-14,0,0,0,0,0,0,0,0,0
137,2026-01-15,0,0,0,0,0,0,0,0,0
137,2026-01-16,0,0,0,0,0,0,0,0,0
137,2026-01-17,0,0,0,0,0,0,0,0,0
137,2026-01-18,0,0,0,0,0,0,0,0,0
137,2026-01-19,0,0,0,0,0,0,0,0,0
137,2026-01-20,0,0,0,0,0,0,0,0,0
137,2026-01-21,0,0,0,0,0,0,0,0,0
137,2026-01-22,0,0,0,0,0,0,0,0,0
137,2026-01-23,0,0,0,0,0,0,0,0,0
137,2026-01-24,0,0,0,0,0,0,0,0,0
137,2026-01-25,6,6,5,1,1,4,1,0,0
137,2026-01-26,4,10,4,0,0,3,0,1,0
137,2026-01-27,6,16,6,0,2,4,0,0,0
137,2026-01-28,4,20,4,0,0,4,0,0,0
137,2026-01-29,5,25,5,0,0,2,0,3,0
137,2026-01-30,4,29,4,0,1,3,0,0,0
137,2026-01-31,6,35,3,3,1,2,3,0,0
137,2026-02-01,3,38,3,0,1,2,0,0,0
137,2026-02-02,3,41,3,0,1,2,0,0,0
137,2026-02-03,5,46,3,2,1,2,1,0,1
137,2026-02-04,7,53,5,2,2,2,1,1,1
137,2026-02-05,12,65,11,1,1,8,1,2,0
137,2026-02-06,2,67,2,0,0,2,0,0,0
137,2026-02-07,9,76,9,0,3,6,0,0,0
137,2026-02-08,7,83,6,1,1,5,1,0,0
137,2026-02-09,12,95,11,1,7,4,0,0,1
137,2026-02-10,9,104,9,0,2,7,0,0,0
138,2026-01-14,0,0,0,0,0,0,0,0,0
138,2026-01-15,0,0,0,0,0,0,0,0,0
138,2026-01-16,0,0,0,0,0,0,0,0,0
138,2026-01-17,0,0,0,0,0,0,0,0,0
138,2026-01-18,0,0,0,0,0,0,0,0,0
138,2026-01-19,0,0,0,0,0,0,0,0,0
138,2026-01-20,0,0,0,0,0,0,0,0,0
138,2026-01-21,0,0,0,0,0,0,0,0,0
138,2026-01-22,0,0,0,0,0,0,0,0,0
138,2026-01-23,0,0,0,0,0,0,0,0,0
138,2026-01-24,0,0,0,0,0,0,0,0,0
138,2026-01-25,4,4,2,2,1,1,1,0,1
138,2026-01-26,4,8,1,3,0,1,2,0,1
138,2026-01-27,5,13,3,2,2,1,2,0,0
138,2026-01-28,2,15,0,2,0,0,1,0,1
138,2026-01-29,3,18,3,0,1,2,0,0,0
138,2026-01-30,4,22,3,1,3,0,1,0,0
138,2026-01-31,3,25,2,1,0,2,1,0,0
138,2026-02-01,8,33,7,1,4,3,1,0,0
138,2026-02-02,7,40,5,2,2,3,2,0,0
138,2026-02-03,5,45,3,2,0,3,2,0,0
138,2026-02-04,7,52,6,1,1,5,0,0,1
138,2026-02-05,4,56,4,0,0,4,0,0,0
138,2026-02-06,10,66,6,4,1,3,4,2,0
138,2026-02-07,11,77,8,3,3,5,2,0,1
138,2026-02-08,7,84,6,1,1,5,1,0,0
138,2026-02-09,4,88,4,0,2,1,0,1,0
138,2026-02-10,6,94,6,0,2,4,0,0,0
139,2026-01-14,0,0,0,0,0,0,0,0,0
139,2026-01-15,0,0,0,0,0,0,0,0,0
139,2026-01-16,0,0,0,0,0,0,0,0,0
139,2026-01-17,0,0,0,0,0,0,0,0,0
139,2026-01-18,0,0,0,0,0,0,0,0,0
139,2026-01-19,0,0,0,0,0,0,0,0,0
139,2026-01-20,0,0,0,0,0,0,0,0,0
139,2026-01-21,0,0,0,0,0,0,0,0,0
139,2026-01-22,0,0,0,0,0,0,0,0,0
139,2026-01-23,0,0,0,0,0,0,0,0,0
139,2026-01-24,0,0,0,0,0,0,0,0,0
139,2026-01-25,3,3,3,0,2,0,0,1,0
139,2026-01-26,2,5,1,1,0,1,0,0,1
139,2026-01-27,2,7,0,2,0,0,1,0,1
139,2026-01-28,1,8,1,0,0,1,0,0,0
139,2026-01-29,2,10,1,1,0,1,1,0,0
139,2026-01-30,5,15,4,1,0,2,0,2,1
139,2026-01-31,3,18,2,1,0,2,1,0,0
139,2026-02-01,5,23,3,2,3,0,1,0,1
139,2026-02-02,1,24,0,1,0,0,1,0,0
139,2026-02-03,3,27,2,1,2,0,1,0,0
139,2026-02-04,6,33,5,1,3,2,1,0,0
139,2026-02-05,7,40,6,1,3,3,0,0,1
139,2026-02-06,6,46,5,1,1,3,0,1,1
139,2026-02-07,5,51,4,1,1,1,1,2,0
139,2026-02-08,4,55,4,0,0,4,0,0,0
139,2026-02-09,9,64,7,2,2,3,2,2,0
139,2026-02-10,4,68,1,3,0,0,3,1,0
140,2026-01-14,0,0,0,0,0,0,0,0,0
140,2026-01-15,0,0,0,0,0,0,0,0,0
140,2026-01-16,0,0,0,0,0,0,0,0,0
140,2026-01-17,0,0,0,0,0,0,0,0,0
140,2026-01-18,0,0,0,0,0,0,0,0,0
140,2026-01-19,0,0,0,0,0,0,0,0,0
140,2026-01-20,0,0,0,0,0,0,0,0,0
140,2026-01-21,0,0,0,0,0,0,0,0,0
140,2026-01-22,0,0,0,0,0,0,0,0,0
140,2026-01-23,0,0,0,0,0,0,0,0,0
140,2026-01-24,0,0,0,0,0,0,0,0,0
140,2026-01-25,6,6,3,3,0,1,2,2,1
140,2026-01-26,5,11,4,1,1,3,1,0,0
140,2026-01-27,0,11,0,0,0,0,0,0,0
140,2026-01-28,1,12,1,0,1,0,0,0,0
140,2026-01-29,6,18,6,0,1,4,0,1,0
140,2026-01-30,6,24,5,1,0,4,1,1,0
140,2026-01-31,6,30,6,0,3,3,0,0,0
140,2026-02-01,5,35,5,0,4,1,0,0,0
140,2026-02-02,3,38,2,1,0,0,1,2,0
140,2026-02-03,14,52,11,3,3,7,2,1,1
140,2026-02-04,8,60,7,1,0,7,1,0,0
140,2026-02-05,11,71,10,1,1,7,1,2,0
140,2026-02-06,7,78,6,1,2,4,1,0,0
140,2026-02-07,14,92,12,2,3,8,1,1,1
140,2026-02-08,9,101,4,5,3,1,3,0,2
140,2026-02-09,12,113,9,3,0,7,3,2,0
140,2026-02-10,10,123,8,2,4,4,2,0,0
141,2026-01-14,0,0,0,0,0,0,0,0,0
141,2026-01-15,0,0,0,0,0,0,0,0,0
141,2026-01-16,0,0,0,0,0,0,0,0,0
141,2026-01-17,0,0,0,0,0,0,0,0,0
141,2026-01-18,0,0,0,0,0,0,0,0,0
141,2026-01-19,0,0,0,0,0,0,0,0,0
141,2026-01-20,0,0,0,0,0,0,0,0,0
141,2026-01-21,0,0,0,0,0,0,0,0,0
141,2026-01-22,0,0,0,0,0,0,0,0,0
141,2026-01-23,0,0,0,0,0,0,0,0,0
141,2026-01-24,0,0,0,0,0,0,0,0,0
141,2026-01-25,7,7,5,2,2,3,0,0,2
141,2026-01-26,1,8,1,0,1,0,0,0,0
141,2026-01-27,3,11,3,0,1,2,0,0,0
141,2026-01-28,3,14,3,0,2,1,0,0,0
141,2026-01-29,4,18,4,0,2,1,0,1,0
141,2026-01-30,5,23,5,0,2,2,0,1,0
141,2026-01-31,3,26,2,1,1,0,0,1,1
141,2026-02-01,7,33,6,1,2,4,1,0,0
141,2026-02-02,7,40,6,1,1,4,1,1,0
141,2026-02-03,3,43,3,0,0,3,0,0,0
141,2026-02-04,4,47,3,1,0,3,1,0,0
141,2026-02-05,7,54,6,1,1,3,1,2,0
141,2026-02-06,4,58,4,0,1,3,0,0,0
141,2026-02-07,4,62,3,1,1,2,1,0,0
141,2026-02-08,7,69,5,2,1,3,1,1,1
141,2026-02-09,3,72,3,0,1,2,0,0,0
141,2026-02-10,6,78,6,0,2,4,0,0,0
142,2026-01-14,0,0,0,0,0,0,0,0,0
142,2026-01-15,0,0,0,0,0,0,0,0,0
142,2026-01-16,0,0,0,0,0,0,0,0,0
142,2026-01-17,0,0,0,0,0,0,0,0,0
142,2026-01-18,0,0,0,0,0,0,0,0,0
142,2026-01-19,0,0,0,0,0,0,0,0,0
142,2026-01-20,0,0,0,0,0,0,0,0,0
142,2026-01-21,0,0,0,0,0,0,0,0,0
142,2026-01-22,0,0,0,0,0,0,0,0,0
142,2026-01-23,0,0,0,0,0,0,0,0,0
142,2026-01-24,0,0,0,0,0,0,0,0,0
142,2026-01-25,4,4,4,0,1,3,0,0,0
142,2026-01-26,6,10,4,2,1,2,2,1,0
142,2026-01-27,2,12,1,1,1,0,1,0,0
142,2026-01-28,2,14,1,1,1,0,1,0,0
142,2026-01-29,5,19,4,1,1,2,1,1,0
142,2026-01-30,4,23,4,0,2,1,0,1,0
142,2026-01-31,5,28,3,2,2,0,1,1,1
142,2026-02-01,7,35,6,1,3,2,0,1,1
142,2026-02-02,6,41,6,0,1,5,0,0,0
142,2026-02-03,4,45,3,1,1,1,1,1,0
142,2026-02-04,10,55,8,2,4,4,1,0,1
142,2026-02-05,8,63,6,2,1,4,1,1,1
142,2026-02-06,4,67,3,1,2,1,1,0,0
142,2026-02-07,8,75,7,1,3,4,1,0,0
142,2026-02-08,5,80,4,1,1,2,1,1,0
142,2026-02-09,8,88,7,1,2,5,1,0,0
142,2026-02-10,8,96,5,3,1,4,1,0,2
143,2026-01-14,0,0,0,0,0,0,0,0,0
143,2026-01-15,0,0,0,0,0,0,0,0,0
143,2026-01-16,0,0,0,0,0,0,0,0,0
143,2026-01-17,0,0,0,0,0,0,0,0,0
143,2026-01-18,0,0,0,0,0,0,0,0,0
143,2026-01-19,0,0,0,0,0,0,0,0,0
143,2026-01-20,0,0,0,0,0,0,0,0,0
143,2026-01-21,0,0,0,0,0,0,0,0,0
143,2026-01-22,0,0,0,0,0,0,0,0,0
143,2026-01-23,0,0,0,0,0,0,0,0,0
143,2026-01-24,0,0,0,0,0,0,0,0,0
143,2026-01-25,6,6,6,0,2,4,0,0,0
143,2026-01-26,2,8,2,0,0,2,0,0,0
143,2026-01-27,8,16,5,3,0,5,3,0,0
143,2026-01-28,6,22,6,0,1,5,0,0,0
143,2026-01-29,9,31,8,1,0,7,1,1,0
143,2026-01-30,3,34,1,2,1,0,2,0,0
143,2026-01-31,8,42,8,0,2,6,0,0,0
143,2026-02-01,10,52,6,4,1,4,3,1,1
143,2026-02-02,9,61,8,1,4,4,1,0,0
143,2026-02-03,13,74,11,2,2,7,2,2,0
143,2026-02-04,8,82,5,3,1,2,3,2,0
143,2026-02-05,11,93,9,2,2,6,0,1,2
143,2026-02-06,14,107,13,1,5,6,1,2,0
143,2026-02-07,10,117,9,1,2,6,1,1,0
143,2026-02-08,11,128,6,5,0,5,4,1,1
143,2026-02-09,10,138,10,0,4,5,0,1,0
143,2026-02-10,13,151,8,5,1,7,4,0,1
144,2026-01-14,0,0,0,0,0,0,0,0,0
144,2026-01-15,0,0,0,0,0,0,0,0,0
144,2026-01-16,0,0,0,0,0,0,0,0,0
144,2026-01-17,0,0,0,0,0,0,0,0,0
144,2026-01-18,0,0,0,0,0,0,0,0,0
144,2026-01-19,0,0,0,0,0,0,0,0,0
144,2026-01-20,0,0,0,0,0,0,0,0,0
144,2026-01-21,0,0,0,0,0,0,0,0,0
144,2026-01-22,0,0,0,0,0,0,0,0,0
144,2026-01-23,0,0,0,0,0,0,0,0,0
144,2026-01-24,0,0,0,0,0,0,0,0,0
144,2026-01-25,4,4,4,0,2,2,0,0,0
144,2026-01-26,4,8,3,1,0,2,1,1,0
144,2026-01-27,2,10,2,0,0,2,0,0,0
144,2026-01-28,9,19,8,1,2,4,1,2,0
144,2026-01-29,3,22,3,0,1,2,0,0,0
144,2026-01-30,3,25,2,1,0,1,1,1,0
144,2026-01-31,1,26,1,0,1,0,0,0,0
144,2026-02-01,6,32,6,0,4,2,0,0,0
144,2026-02-02,6,38,4,2,2,2,1,0,1
144,2026-02-03,6,44,6,0,3,3,0,0,0
144,2026-02-04,8,52,6,2,2,3,1,1,1
144,2026-02-05,7,59,5,2,1,3,2,1,0
144,2026-02-06,5,64,5,0,3,2,0,0,0
144,2026-02-07,15,79,11,4,4,7,4,0,0
144,2026-02-08,7,86,5,2,1,2,2,2,0
144,2026-02-09,8,94,7,1,2,4,0,1,1
144,2026-02-10,13,107,10,3,4,6,2,0,1
145,2026-01-14,0,0,0,0,0,0,0,0,0
145,2026-01-15,0,0,0,0,0,0,0,0,0
145,2026-01-16,0,0,0,0,0,0,0,0,0
145,2026-01-17,0,0,0,0,0,0,0,0,0
145,2026-01-18,0,0,0,0,0,0,0,0,0
145,2026-01-19,0,0,0,0,0,0,0,0,0
145,2026-01-20,0,0,0,0,0,0,0,0,0
145,2026-01-21,0,0,0,0,0,0,0,0,0
145,2026-01-22,0,0,0,0,0,0,0,0,0
145,2026-01-23,0,0,0,0,0,0,0,0,0
145,2026-01-24,0,0,0,0,0,0,0,0,0
145,2026-01-25,7,7,5,2,1,3,2,1,0
145,2026-01-26,3,10,3,0,2,1,0,0,0
145,2026-01-27,7,17,7,0,3,4,0,0,0
145,2026-01-28,4,21,4,0,1,3,0,0,0
145,2026-01-29,10,31,9,1,0,6,0,3,1
145,2026-01-30,3,34,3,0,1,2,0,0,0
145,2026-01-31,5,39,3,2,2,0,2,1,0
145,2026-02-01,7,46,4,3,1,2,2,1,1
145,2026-02-02,4,50,3,1,0,2,1,1,0
145,2026-02-03,8,58,5,3,2,2,1,1,2
145,2026-02-04,4,62,2,2,0,2,2,0,0
145,2026-02-05,6,68,4,2,2,2,1,0,1
145,2026-02-06,8,76,8,0,2,4,0,2,0
145,2026-02-07,4,80,4,0,1,2,0,1,0
145,2026-02-08,7,87,3,4,1,2,3,0,1
145,2026-02-09,3,90,3,0,3,0,0,0,0
145,2026-02-10,8,98,8,0,2,3,0,3,0
146,2026-01-14,0,0,0,0,0,0,0,0,0
146,2026-01-15,0,0,0,0,0,0,0,0,0
146,2026-01-16,0,0,0,0,0,0,0,0,0
146,2026-01-17,0,0,0,0,0,0,0,0,0
146,2026-01-18,0,0,0,0,0,0,0,0,0
146,2026-01-19,0,0,0,0,0,0,0,0,0
146,2026-01-20,0,0,0,0,0,0,0,0,0
146,2026-01-21,0,0,0,0,0,0,0,0,0
146,2026-01-22,0,0,0,0,0,0,0,0,0
146,2026-01-23,0,0,0,0,0,0,0,0,0
146,2026-01-24,0,0,0,0,0,0,0,0,0
146,2026-01-25,9,9,8,1,3,5,1,0,0
146,2026-01-26,3,12,3,0,0,2,0,1,0
146,2026-01-27,5,17,4,1,0,3,1,1,0
146,2026-01-28,6,23,6,0,2,3,0,1,0
146,2026-01-29,0,23,0,0,0,0,0,0,0
146,2026-01-30,4,27,4,0,2,2,0,0,0
146,2026-01-31,3,30,1,2,1,0,1,0,1
146,2026-02-01,5,35,4,1,0,3,1,1,0
146,2026-02-02,6,41,6,0,2,4,0,0,0
146,2026-02-03,5,46,3,2,2,1,2,0,0
146,2026-02-04,6,52,4,2,1,3,2,0,0
146,2026-02-05,5,57,4,1,0,3,1,1,0
146,2026-02-06,6,63,5,1,0,5,1,0,0
146,2026-02-07,13,76,10,3,2,6,3,2,0
146,2026-02-08,8,84,7,1,2,3,1,2,0
146,2026-02-09,10,94,9,1,1,6,1,2,0
146,2026-02-10,7,101,5,2,2,3,2,0,0
147,2026-01-14,0,0,0,0,0,0,0,0,0
147,2026-01-15,0,0,0,0,0,0,0,0,0
147,2026-01-16,0,0,0,0,0,0,0,0,0
147,2026-01-17,0,0,0,0,0,0,0,0,0
147,2026-01-18,0,0,0,0,0,0,0,0,0
147,2026-01-19,0,0,0,0,0,0,0,0,0
147,2026-01-20,0,0,0,0,0,0,0,0,0
147,2026-01-21,0,0,0,0,0,0,0,0,0
147,2026-01-22,0,0,0,0,0,0,0,0,0
147,2026-01-23,0,0,0,0,0,0,0,0,0
147,2026-01-24,0,0,0,0,0,0,0,0,0
147,2026-01-25,6,6,5,1,0,4,1,1,0
147,2026-01-26,1,7,1,0,0,1,0,0,0
147,2026-01-27,4,11,4,0,0,4,0,0,0
147,2026-01-28,3,14,3,0,1,2,0,0,0
147,2026-01-29,7,21,4,3,0,4,3,0,0
147,2026-01-30,10,31,9,1,1,7,1,1,0
147,2026-01-31,3,34,1,2,0,0,2,1,0
147,2026-02-01,4,38,3,1,0,1,1,2,0
147,2026-02-02,6,44,6,0,2,4,0,0,0
147,2026-02-03,6,50,6,0,4,2,0,0,0
147,2026-02-04,6,56,5,1,1,3,1,1,0
147,2026-02-05,6,62,6,0,4,2,0,0,0
147,2026-02-06,9,71,9,0,1,7,0,1,0
147,2026-02-07,6,77,4,2,2,2,2,0,0
147,2026-02-08,8,85,8,0,1,7,0,0,0
147,2026-02-09,5,90,4,1,0,3,0,1,1
147,2026-02-10,11,101,9,2,3,6,1,0,1
148,2026-01-14,0,0,0,0,0,0,0,0,0
148,2026-01-15,0,0,0,0,0,0,0,0,0
148,2026-01-16,0,0,0,0,0,0,0,0,0
148,2026-01-17,0,0,0,0,0,0,0,0,0
148,2026-01-18,0,0,0,0,0,0,0,0,0
148,2026-01-19,0,0,0,0,0,0,0,0,0
148,2026-01-20,0,0,0,0,0,0,0,0,0
148,2026-01-21,0,0,0,0,0,0,0,0,0
148,2026-01-22,0,0,0,0,0,0,0,0,0
148,2026-01-23,0,0,0,0,0,0,0,0,0
148,2026-01-24,0,0,0,0,0,0,0,0,0
148,2026-01-25,4,4,3,1,1,2,0,0,1
148,2026-01-26,4,8,3,1,1,2,0,0,1
148,2026-01-27,3,11,2,1,1,1,1,0,0
148,2026-01-28,5,16,5,0,3,2,0,0,0
148,2026-01-29,5,21,5,0,1,2,0,2,0
148,2026-01-30,5,26,3,2,1,2,0,0,2
148,2026-01-31,2,28,2,0,1,1,0,0,0
148,2026-02-01,10,38,8,2,2,4,2,2,0
148,2026-02-02,5,43,4,1,0,4,1,0,0
148,2026-02-03,8,51,7,1,2,5,1,0,0
148,2026-02-04,12,63,10,2,4,5,1,1,1
148,2026-02-05,7,70,5,2,3,1,2,1,0
148,2026-02-06,8,78,7,1,2,2,1,3,0
148,2026-02-07,9,87,8,1,3,3,1,2,0
148,2026-02-08,8,95,7,1,1,5,1,1,0
148,2026-02-09,13,108,10,3,1,7,2,2,1
148,2026-02-10,11,119,6,5,1,5,5,0,0
149,2026-01-14,0,0,0,0,0,0,0,0,0
149,2026-01-15,0,0,0,0,0,0,0,0,0
149,2026-01-16,0,0,0,0,0,0,0,0,0
149,2026-01-17,0,0,0,0,0,0,0,0,0
149,2026-01-18,0,0,0,0,0,0,0,0,0
149,2026-01-19,0,0,0,0,0,0,0,0,0
149,2026-01-20,0,0,0,0,0,0,0,0,0
149,2026-01-21,0,0,0,0,0,0,0,0,0
149,2026-01-22,0,0,0,0,0,0,0,0,0
149,2026-01-23,0,0,0,0,0,0,0,0,0
149,2026-01-24,0,0,0,0,0,0,0,0,0
149,2026-01-25,4,4,3,1,2,1,1,0,0
149,2026-01-26,5,9,4,1,2,2,1,0,0
149,2026-01-27,2,11,2,0,0,2,0,0,0
149,2026-01-28,2,13,2,0,0,2,0,0,0
149,2026-01-29,5,18,4,1,0,4,1,0,0
149,2026-01-30,0,18,0,0,0,0,0,0,0
149,2026-01-31,3,21,3,0,0,3,0,0,0
149,2026-02-01,4,25,3,1,0,2,1,1,0
149,2026-02-02,3,28,3,0,1,2,0,0,0
149,2026-02-03,3,31,3,0,2,1,0,0,0
149,2026-02-04,2,33,2,0,0,2,0,0,0
149,2026-02-05,7,40,6,1,2,4,1,0,0
149,2026-02-06,3,43,1,2,0,1,2,0,0
149,2026-02-07,4,47,4,0,1,3,0,0,0
149,2026-02-08,4,51,3,1,0,3,1,0,0
149,2026-02-09,5,56,4,1,2,2,0,0,1
149,2026-02-10,5,61,3,2,0,3,2,0,0
150,2026-01-14,0,0,0,0,0,0,0,0,0
150,2026-01-15,0,0,0,0,0,0,0,0,0
150,2026-01-16,0,0,0,0,0,0,0,0,0
150,2026-01-17,0,0,0,0,0,0,0,0,0
150,2026-01-18,0,0,0,0,0,0,0,0,0
150,2026-01-19,0,0,0,0,0,0,0,0,0
150,2026-01-20,0,0,0,0,0,0,0,0,0
150,2026-01-21,0,0,0,0,0,0,0,0,0
150,2026-01-22,0,0,0,0,0,0,0,0,0
150,2026-01-23,0,0,0,0,0,0,0,0,0
150,2026-01-24,0,0,0,0,0,0,0,0,0
150,2026-01-25,9,9,8,1,2,5,1,1,0
150,2026-01-26,7,16,6,1,1,4,1,1,0
150,2026-01-27,4,20,4,0,2,2,0,0,0
150,2026-01-28,8,28,6,2,0,6,2,0,0
150,2026-01-29,3,31,2,1,1,0,0,1,1
150,2026-01-30,4,35,3,1,1,2,1,0,0
150,2026-01-31,4,39,3,1,1,2,1,0,0
150,2026-02-01,6,45,4,2,2,2,1,0,1
150,2026-02-02,2,47,1,1,0,1,1,0,0
150,2026-02-03,11,58,7,4,2,3,3,2,1
150,2026-02-04,7,65,6,1,2,4,1,0,0
150,2026-02-05,10,75,8,2,2,6,0,0,2
150,2026-02-06,4,79,4,0,1,2,0,1,0
150,2026-02-07,10,89,8,2,1,5,2,2,0
150,2026-02-08,8,97,5,3,2,2,3,1,0
150,2026-02-09,8,105,6,2,2,4,1,0,1
150,2026-02-10,10,115,9,1,4,4,0,1,1
151,2026-01-14,0,0,0,0,0,0,0,0,0
151,2026-01-15,0,0,0,0,0,0,0,0,0
151,2026-01-16,0,0,0,0,0,0,0,0,0
151,2026-01-17,0,0,0,0,0,0,0,0,0
151,2026-01-18,0,0,0,0,0,0,0,0,0
151,2026-01-19,0,0,0,0,0,0,0,0,0
151,2026-01-20,0,0,0,0,0,0,0,0,0
151,2026-01-21,0,0,0,0,0,0,0,0,0
151,2026-01-22,0,0,0,0,0,0,0,0,0
151,2026-01-23,0,0,0,0,0,0,0,0,0
151,2026-01-24,0,0,0,0,0,0,0,0,0
151,2026-01-25,2,2,2,0,1,1,0,0,0
151,2026-01-26,4,6,4,0,1,2,0,1,0
151,2026-01-27,4,10,1,3,1,0,2,0,1
151,2026-01-28,3,13,3,0,2,1,0,0,0
151,2026-01-29,6,19,4,2,1,3,2,0,0
151,2026-01-30,3,22,2,1,1,1,1,0,0
151,2026-01-31,3,25,3,0,1,2,0,0,0
151,2026-02-01,5,30,4,1,1,3,1,0,0
151,2026-02-02,3,33,3,0,1,2,0,0,0
151,2026-02-03,5,38,4,1,1,2,1,1,0
151,2026-02-04,7,45,6,1,0,6,1,0,0
151,2026-02-05,4,49,3,1,0,2,1,1,0
151,2026-02-06,8,57,7,1,1,5,1,1,0
151,2026-02-07,8,65,6,2,1,3,2,2,0
151,2026-02-08,7,72,5,2,1,3,2,1,0
151,2026-02-09,7,79,6,1,3,2,0,1,1
151,2026-02-10,9,88,7,2,1,6,2,0,0
152,2026-01-14,0,0,0,0,0,0,0,0,0
152,2026-01-15,0,0,0,0,0,0,0,0,0
152,2026-01-16,0,0,0,0,0,0,0,0,0
152,2026-01-17,0,0,0,0,0,0,0,0,0
152,2026-01-18,0,0,0,0,0,0,0,0,0
152,2026-01-19,0,0,0,0,0,0,0,0,0
152,2026-01-20,0,0,0,0,0,0,0,0,0
152,2026-01-21,0,0,0,0,0,0,0,0,0
152,2026-01-22,0,0,0,0,0,0,0,0,0
152,2026-01-23,0,0,0,0,0,0,0,0,0
152,2026-01-24,0,0,0,0,0,0,0,0,0
152,2026-01-25,4,4,4,0,1,2,0,1,0
152,2026-01-26,6,10,6,0,2,3,0,1,0
152,2026-01-27,3,13,2,1,1,1,0,0,1
152,2026-01-28,2,15,1,1,0,1,0,0,1
152,2026-01-29,1,16,1,0,1,0,0,0,0
152,2026-01-30,6,22,5,1,2,2,1,1,0
152,2026-01-31,2,24,1,1,0,0,1,1,0
152,2026-02-01,4,28,4,0,2,2,0,0,0
152,2026-02-02,4,32,3,1,1,2,1,0,0
152,2026-02-03,5,37,3,2,2,1,2,0,0
152,2026-02-04,3,40,2,1,2,0,1,0,0
152,2026-02-05,7,47,4,3,1,2,2,1,1
152,2026-02-06,4,51,4,0,3,1,0,0,0
152,2026-02-07,10,61,10,0,4,6,0,0,0
152,2026-02-08,6,67,5,1,3,1,1,1,0
152,2026-02-09,9,76,5,4,0,5,3,0,1
152,2026-02-10,5,81,4,1,0,3,1,1,0
153,2026-01-14,0,0,0,0,0,0,0,0,0
153,2026-01-15,0,0,0,0,0,0,0,0,0
153,2026-01-16,0,0,0,0,0,0,0,0,0
153,2026-01-17,0,0,0,0,0,0,0,0,0
153,2026-01-18,0,0,0,0,0,0,0,0,0
153,2026-01-19,0,0,0,0,0,0,0,0,0
153,2026-01-20,0,0,0,0,0,0,0,0,0
153,2026-01-21,0,0,0,0,0,0,0,0,0
153,2026-01-22,0,0,0,0,0,0,0,0,0
153,2026-01-23,0,0,0,0,0,0,0,0,0
153,2026-01-24,0,0,0,0,0,0,0,0,0
153,2026-01-25,7,7,3,4,0,2,4,1,0
153,2026-01-26,3,10,1,2,1,0,2,0,0
153,2026-01-27,4,14,4,0,0,4,0,0,0
153,2026-01-28,5,19,4,1,3,1,1,0,0
153,2026-01-29,6,25,4,2,1,3,2,0,0
153,2026-01-30,2,27,2,0,1,1,0,0,0
153,2026-01-31,5,32,5,0,1,3,0,1,0
153,2026-02-01,9,41,8,1,1,7,1,0,0
153,2026-02-02,5,46,3,2,2,1,2,0,0
153,2026-02-03,6,52,5,1,2,2,1,1,0
153,2026-02-04,9,61,6,3,4,2,3,0,0
153,2026-02-05,14,75,11,3,5,4,2,2,1
153,2026-02-06,15,90,12,3,2,10,3,0,0
153,2026-02-07,11,101,6,5,2,4,5,0,0
153,2026-02-08,13,114,12,1,5,7,1,0,0
153,2026-02-09,8,122,6,2,0,4,0,2,2
153,2026-02-10,16,138,14,2,4,7,2,3,0
154,2026-01-14,0,0,0,0,0,0,0,0,0
154,2026-01-15,0,0,0,0,0,0,0,0,0
154,2026-01-16,0,0,0,0,0,0,0,0,0
154,2026-01-17,0,0,0,0,0,0,0,0,0
154,2026-01-18,0,0,0,0,0,0,0,0,0
154,2026-01-19,0,0,0,0,0,0,0,0,0
154,2026-01-20,0,0,0,0,0,0,0,0,0
154,2026-01-21,0,0,0,0,0,0,0,0,0
154,2026-01-22,0,0,0,0,0,0,0,0,0
154,2026-01-23,0,0,0,0,0,0,0,0,0
154,2026-01-24,0,0,0,0,0,0,0,0,0
154,2026-01-25,5,5,2,3,0,2,2,0,1
154,2026-01-26,8,13,3,5,2,1,3,0,2
154,2026-01-27,3,16,3,0,0,3,0,0,0
154,2026-01-28,3,19,2,1,0,2,1,0,0
154,2026-01-29,1,20,1,0,0,1,0,0,0
154,2026-01-30,3,23,3,0,0,3,0,0,0
154,2026-01-31,5,28,5,0,2,3,0,0,0
154,2026-02-01,7,35,4,3,2,1,2,1,1
154,2026-02-02,9,44,9,0,3,6,0,0,0
154,2026-02-03,6,50,4,2,1,3,2,0,0
154,2026-02-04,10,60,9,1,4,5,1,0,0
154,2026-02-05,5,65,5,0,2,2,0,1,0
154,2026-02-06,7,72,6,1,2,4,0,0,1
154,2026-02-07,18,90,14,4,5,8,4,1,0
154,2026-02-08,8,98,6,2,2,3,2,1,0
154,2026-02-09,11,109,5,6,1,2,4,2,2
154,2026-02-10,9,118,5,4,2,3,3,0,1
155,2026-01-14,0,0,0,0,0,0,0,0,0
155,2026-01-15,0,0,0,0,0,0,0,0,0
155,2026-01-16,0,0,0,0,0,0,0,0,0
155,2026-01-17,0,0,0,0,0,0,0,0,0
155,2026-01-18,0,0,0,0,0,0,0,0,0
155,2026-01-19,0,0,0,0,0,0,0,0,0
155,2026-01-20,0,0,0,0,0,0,0,0,0
155,2026-01-21,0,0,0,0,0,0,0,0,0
155,2026-01-22,0,0,0,0,0,0,0,0,0
155,2026-01-23,0,0,0,0,0,0,0,0,0
155,2026-01-24,0,0,0,0,0,0,0,0,0
155,2026-01-25,10,10,5,5,1,4,4,0,1
155,2026-01-26,3,13,3,0,2,1,0,0,0
155,2026-01-27,3,16,3,0,1,2,0,0,0
155,2026-01-28,4,20,3,1,1,2,1,0,0
155,2026-01-29,2,22,2,0,1,1,0,0,0
155,2026-01-30,11,33,10,1,2,7,1,1,0
155,2026-01-31,4,37,2,2,0,2,2,0,0
155,2026-02-01,6,43,5,1,2,3,1,0,0
155,2026-02-02,6,49,4,2,1,3,1,0,1
155,2026-02-03,8,57,8,0,1,5,0,2,0
155,2026-02-04,9,66,7,2,3,4,1,0,1
155,2026-02-05,2,68,1,1,1,0,1,0,0
155,2026-02-06,10,78,7,3,1,5,3,1,0
155,2026-02-07,11,89,10,1,4,5,0,1,1
155,2026-02-08,7,96,4,3,1,3,3,0,0
155,2026-02-09,9,105,5,4,2,3,4,0,0
155,2026-02-10,6,111,5,1,1,3,1,1,0
156,2026-01-14,0,0,0,0,0,0,0,0,0
156,2026-01-15,0,0,0,0,0,0,0,0,0
156,2026-01-16,0,0,0,0,0,0,0,0,0
156,2026-01-17,0,0,0,0,0,0,0,0,0
156,2026-01-18,0,0,0,0,0,0,0,0,0
156,2026-01-19,0,0,0,0,0,0,0,0,0
156,2026-01-20,0,0,0,0,0,0,0,0,0
156,2026-01-21,0,0,0,0,0,0,0,0,0
156,2026-01-22,0,0,0,0,0,0,0,0,0
156,2026-01-23,0,0,0,0,0,0,0,0,0
156,2026-01-24,0,0,0,0,0,0,0,0,0
156,2026-01-25,3,3,1,2,0,1,2,0,0
156,2026-01-26,6,9,5,1,1,4,1,0,0
156,2026-01-27,2,11,2,0,0,2,0,0,0
156,2026-01-28,0,11,0,0,0,0,0,0,0
156,2026-01-29,6,17,4,2,1,2,2,1,0
156,2026-01-30,5,22,4,1,3,1,1,0,0
156,2026-01-31,5,27,4,1,2,2,1,0,0
156,2026-02-01,4,31,4,0,2,2,0,0,0
156,2026-02-02,4,35,2,2,0,2,1,0,1
156,2026-02-03,8,43,7,1,3,4,1,0,0
156,2026-02-04,8,51,8,0,3,5,0,0,0
156,2026-02-05,7,58,5,2,0,4,2,1,0
156,2026-02-06,5,63,3,2,0,2,1,1,1
156,2026-02-07,8,71,4,4,1,3,3,0,1
156,2026-02-08,6,77,5,1,0,2,0,3,1
156,2026-02-09,9,86,6,3,1,3,3,2,0
156,2026-02-10,6,92,6,0,1,5,0,0,0
157,2026-01-14,0,0,0,0,0,0,0,0,0
157,2026-01-15,0,0,0,0,0,0,0,0,0
157,2026-01-16,0,0,0,0,0,0,0,0,0
157,2026-01-17,0,0,0,0,0,0,0,0,0
157,2026-01-18,0,0,0,0,0,0,0,0,0
157,2026-01-19,0,0,0,0,0,0,0,0,0
157,2026-01-20,0,0,0,0,0,0,0,0,0
157,2026-01-21,0,0,0,0,0,0,0,0,0
157,2026-01-22,0,0,0,0,0,0,0,0,0
157,2026-01-23,0,0,0,0,0,0,0,0,0
157,2026-01-24,0,0,0,0,0,0,0,0,0
157,2026-01-25,6,6,4,2,1,3,2,0,0
157,2026-01-26,3,9,3,0,0,3,0,0,0
157,2026-01-27,3,12,1,2,0,1,2,0,0
157,2026-01-28,7,19,5,2,3,2,0,0,2
157,2026-01-29,6,25,5,1,0,5,1,0,0
157,2026-01-30,3,28,3,0,1,1,0,1,0
157,2026-01-31,6,34,6,0,3,1,0,2,0
157,2026-02-01,3,37,3,0,2,1,0,0,0
157,2026-02-02,7,44,4,3,2,1,2,1,1
157,2026-02-03,9,53,6,3,4,2,3,0,0
157,2026-02-04,7,60,7,0,0,5,0,2,0
157,2026-02-05,12,72,8,4,1,4,4,3,0
157,2026-02-06,9,81,7,2,1,6,2,0,0
157,2026-02-07,14,95,11,3,2,4,3,5,0
157,2026-02-08,10,105,8,2,3,4,1,1,1
157,2026-02-09,16,121,14,2,0,10,2,4,0
157,2026-02-10,14,135,11,3,6,3,3,2,0
158,2026-01-14,0,0,0,0,0,0,0,0,0
158,2026-01-15,0,0,0,0,0,0,0,0,0
158,2026-01-16,0,0,0,0,0,0,0,0,0
158,2026-01-17,0,0,0,0,0,0,0,0,0
158,2026-01-18,0,0,0,0,0,0,0,0,0
158,2026-01-19,0,0,0,0,0,0,0,0,0
158,2026-01-20,0,0,0,0,0,0,0,0,0
158,2026-01-21,0,0,0,0,0,0,0,0,0
158,2026-01-22,0,0,0,0,0,0,0,0,0
158,2026-01-23,0,0,0,0,0,0,0,0,0
158,2026-01-24,0,0,0,0,0,0,0,0,0
158,2026-01-25,10,10,9,1,3,5,1,1,0
158,2026-01-26,5,15,2,3,1,1,3,0,0
158,2026-01-27,5,20,5,0,3,1,0,1,0
158,2026-01-28,9,29,6,3,1,4,3,1,0
158,2026-01-29,4,33,4,0,2,1,0,1,0
158,2026-01-30,3,36,3,0,1,2,0,0,0
158,2026-01-31,6,42,5,1,1,3,1,1,0
158,2026-02-01,8,50,6,2,2,4,1,0,1
158,2026-02-02,4,54,3,1,0,3,1,0,0
158,2026-02-03,8,62,7,1,0,6,1,1,0
158,2026-02-04,10,72,9,1,1,8,1,0,0
158,2026-02-05,12,84,9,3,2,7,3,0,0
158,2026-02-06,10,94,9,1,1,8,1,0,0
158,2026-02-07,11,105,9,2,5,4,2,0,0
158,2026-02-08,12,117,7,5,2,5,3,0,2
158,2026-02-09,16,133,10,6,3,7,3,0,3
158,2026-02-10,13,146,11,2,4,6,1,1,1
159,2026-01-14,0,0,0,0,0,0,0,0,0
159,2026-01-15,0,0,0,0,0,0,0,0,0
159,2026-01-16,0,0,0,0,0,0,0,0,0
159,2026-01-17,0,0,0,0,0,0,0,0,0
159,2026-01-18,0,0,0,0,0,0,0,0,0
159,2026-01-19,0,0,0,0,0,0,0,0,0
159,2026-01-20,0,0,0,0,0,0,0,0,0
159,2026-01-21,0,0,0,0,0,0,0,0,0
159,2026-01-22,0,0,0,0,0,0,0,0,0
159,2026-01-23,0,0,0,0,0,0,0,0,0
159,2026-01-24,0,0,0,0,0,0,0,0,0
159,2026-01-25,11,11,9,2,2,6,1,1,1
159,2026-01-26,4,15,3,1,2,1,1,0,0
159,2026-01-27,4,19,4,0,1,2,0,1,0
159,2026-01-28,6,25,6,0,2,2,0,2,0
159,2026-01-29,6,31,5,1,2,3,1,0,0
159,2026-01-30,4,35,4,0,2,2,0,0,0
159,2026-01-31,6,41,5,1,1,3,0,1,1
159,2026-02-01,8,49,7,1,2,5,1,0,0
159,2026-02-02,4,53,3,1,0,1,1,2,0
159,2026-02-03,6,59,5,1,0,5,1,0,0
159,2026-02-04,18,77,13,5,4,5,5,4,0
159,2026-02-05,7,84,5,2,1,4,1,0,1
159,2026-02-06,12,96,8,4,4,3,4,1,0
159,2026-02-07,12,108,9,3,2,7,3,0,0
159,2026-02-08,4,112,3,1,2,1,1,0,0
159,2026-02-09,7,119,5,2,0,4,1,1,1
159,2026-02-10,16,135,14,2,8,4,0,2,2
160,2026-01-14,0,0,0,0,0,0,0,0,0
160,2026-01-15,0,0,0,0,0,0,0,0,0
160,2026-01-16,0,0,0,0,0,0,0,0,0
160,2026-01-17,0,0,0,0,0,0,0,0,0
160,2026-01-18,0,0,0,0,0,0,0,0,0
160,2026-01-19,0,0,0,0,0,0,0,0,0
160,2026-01-20,0,0,0,0,0,0,0,0,0
160,2026-01-21,0,0,0,0,0,0,0,0,0
160,2026-01-22,0,0,0,0,0,0,0,0,0
160,2026-01-23,0,0,0,0,0,0,0,0,0
160,2026-01-24,0,0,0,0,0,0,0,0,0
160,2026-01-25,5,5,4,1,2,2,0,0,1
160,2026-01-26,5,10,2,3,0,1,3,1,0
160,2026-01-27,3,13,3,0,2,1,0,0,0
160,2026-01-28,5,18,3,2,1,2,1,0,1
160,2026-01-29,0,18,0,0,0,0,0,0,0
160,2026-01-30,3,21,3,0,0,3,0,0,0
160,2026-01-31,5,26,1,4,0,1,3,0,1
160,2026-02-01,3,29,2,1,1,0,1,1,0
160,2026-02-02,3,32,2,1,0,2,1,0,0
160,2026-02-03,3,35,2,1,1,1,0,0,1
160,2026-02-04,3,38,3,0,1,2,0,0,0
160,2026-02-05,4,42,3,1,1,2,1,0,0
160,2026-02-06,5,47,4,1,0,4,0,0,1
160,2026-02-07,7,54,6,1,4,2,1,0,0
160,2026-02-08,7,61,3,4,2,0,3,1,1
160,2026-02-09,5,66,4,1,1,2,1,1,0
160,2026-02-10,5,71,3,2,0,3,2,0,0
161,2026-01-14,0,0,0,0,0,0,0,0,0
161,2026-01-15,0,0,0,0,0,0,0,0,0
161,2026-01-16,0,0,0,0,0,0,0,0,0
161,2026-01-17,0,0,0,0,0,0,0,0,0
161,2026-01-18,0,0,0,0,0,0,0,0,0
161,2026-01-19,0,0,0,0,0,0,0,0,0
161,2026-01-20,0,0,0,0,0,0,0,0,0
161,2026-01-21,0,0,0,0,0,0,0,0,0
161,2026-01-22,0,0,0,0,0,0,0,0,0
161,2026-01-23,0,0,0,0,0,0,0,0,0
161,2026-01-24,0,0,0,0,0,0,0,0,0
161,2026-01-25,5,5,5,0,1,3,0,1,0
161,2026-01-26,3,8,3,0,0,2,0,1,0
161,2026-01-27,2,10,1,1,0,1,1,0,0
161,2026-01-28,2,12,2,0,1,1,0,0,0
161,2026-01-29,1,13,1,0,0,1,0,0,0
161,2026-01-30,2,15,1,1,0,1,1,0,0
161,2026-01-31,6,21,6,0,3,1,0,2,0
161,2026-02-01,2,23,2,0,0,0,0,2,0
161,2026-02-02,8,31,8,0,4,3,0,1,0
161,2026-02-03,7,38,5,2,3,2,1,0,1
161,2026-02-04,1,39,1,0,0,1,0,0,0
161,2026-02-05,5,44,3,2,1,2,2,0,0
161,2026-02-06,9,53,6,3,3,2,3,1,0
161,2026-02-07,3,56,2,1,0,1,1,1,0
161,2026-02-08,2,58,2,0,2,0,0,0,0
161,2026-02-09,8,66,7,1,1,4,1,2,0
161,2026-02-10,6,72,4,2,2,1,2,1,0
162,2026-01-14,0,0,0,0,0,0,0,0,0
162,2026-01-15,0,0,0,0,0,0,0,0,0
162,2026-01-16,0,0,0,0,0,0,0,0,0
162,2026-01-17,0,0,0,0,0,0,0,0,0
162,2026-01-18,0,0,0,0,0,0,0,0,0
162,2026-01-19,0,0,0,0,0,0,0,0,0
162,2026-01-20,0,0,0,0,0,0,0,0,0
162,2026-01-21,0,0,0,0,0,0,0,0,0
162,2026-01-22,0,0,0,0,0,0,0,0,0
162,2026-01-23,0,0,0,0,0,0,0,0,0
162,2026-01-24,0,0,0,0,0,0,0,0,0
162,2026-01-25,5,5,4,1,1,3,1,0,0
162,2026-01-26,5,10,5,0,1,4,0,0,0
162,2026-01-27,6,16,4,2,0,3,0,1,2
162,2026-01-28,6,22,6,0,2,3,0,1,0
162,2026-01-29,6,28,5,1,3,2,1,0,0
162,2026-01-30,5,33,4,1,1,2,1,1,0
162,2026-01-31,12,45,6,6,3,3,4,0,2
162,2026-02-01,8,53,7,1,3,3,0,1,1
162,2026-02-02,4,57,4,0,1,3,0,0,0
162,2026-02-03,9,66,6,3,2,3,2,1,1
162,2026-02-04,6,72,4,2,1,3,1,0,1
162,2026-02-05,12,84,10,2,2,6,2,2,0
162,2026-02-06,12,96,10,2,1,7,2,2,0
162,2026-02-07,8,104,6,2,3,2,2,1,0
162,2026-02-08,10,114,9,1,4,4,0,1,1
162,2026-02-09,14,128,10,4,3,4,3,3,1
162,2026-02-10,11,139,6,5,1,3,4,2,1
163,2026-01-14,0,0,0,0,0,0,0,0,0
163,2026-01-15,0,0,0,0,0,0,0,0,0
163,2026-01-16,0,0,0,0,0,0,0,0,0
163,2026-01-17,0,0,0,0,0,0,0,0,0
163,2026-01-18,0,0,0,0,0,0,0,0,0
163,2026-01-19,0,0,0,0,0,0,0,0,0
163,2026-01-20,0,0,0,0,0,0,0,0,0
163,2026-01-21,0,0,0,0,0,0,0,0,0
163,2026-01-22,0,0,0,0,0,0,0,0,0
163,2026-01-23,0,0,0,0,0,0,0,0,0
163,2026-01-24,0,0,0,0,0,0,0,0,0
163,2026-01-25,8,8,7,1,3,4,1,0,0
163,2026-01-26,2,10,1,1,0,1,1,0,0
163,2026-01-27,3,13,3,0,0,2,0,1,0
163,2026-01-28,6,19,6,0,4,2,0,0,0
163,2026-01-29,0,19,0,0,0,0,0,0,0
163,2026-01-30,1,20,0,1,0,0,1,0,0
163,2026-01-31,7,27,5,2,2,3,1,0,1
163,2026-02-01,10,37,8,2,1,7,2,0,0
163,2026-02-02,3,40,2,1,0,2,1,0,0
163,2026-02-03,3,43,1,2,0,1,1,0,1
163,2026-02-04,8,51,6,2,3,2,2,1,0
163,2026-02-05,5,56,3,2,1,2,2,0,0
163,2026-02-06,4,60,3,1,1,1,1,1,0
163,2026-02-07,4,64,3,1,3,0,1,0,0
163,2026-02-08,5,69,4,1,0,4,0,0,1
163,2026-02-09,7,76,6,1,2,3,1,1,0
163,2026-02-10,2,78,1,1,0,1,1,0,0
164,2026-01-14,0,0,0,0,0,0,0,0,0
164,2026-01-15,0,0,0,0,0,0,0,0,0
164,2026-01-16,0,0,0,0,0,0,0,0,0
164,2026-01-17,0,0,0,0,0,0,0,0,0
164,2026-01-18,0,0,0,0,0,0,0,0,0
164,2026-01-19,0,0,0,0,0,0,0,0,0
164,2026-01-20,0,0,0,0,0,0,0,0,0
164,2026-01-21,0,0,0,0,0,0,0,0,0
164,2026-01-22,0,0,0,0,0,0,0,0,0
164,2026-01-23,0,0,0,0,0,0,0,0,0
164,2026-01-24,0,0,0,0,0,0,0,0,0
164,2026-01-25,2,2,2,0,0,2,0,0,0
164,2026-01-26,5,7,5,0,1,4,0,0,0
164,2026-01-27,3,10,2,1,2,0,0,0,1
164,2026-01-28,2,12,2,0,1,1,0,0,0
164,2026-01-29,0,12,0,0,0,0,0,0,0
164,2026-01-30,2,14,1,1,0,1,1,0,0
164,2026-01-31,2,16,1,1,1,0,0,0,1
164,2026-02-01,1,17,0,1,0,0,1,0,0
164,2026-02-02,2,19,2,0,1,1,0,0,0
164,2026-02-03,3,22,2,1,1,1,1,0,0
164,2026-02-04,5,27,2,3,1,1,1,0,2
164,2026-02-05,1,28,1,0,0,1,0,0,0
164,2026-02-06,4,32,4,0,3,1,0,0,0
164,2026-02-07,4,36,2,2,0,2,2,0,0
164,2026-02-08,3,39,1,2,0,1,1,0,1
164,2026-02-09,4,43,4,0,2,2,0,0,0
164,2026-02-10,6,49,1,5,0,1,4,0,1
165,2026-01-14,0,0,0,0,0,0,0,0,0
165,2026-01-15,0,0,0,0,0,0,0,0,0
165,2026-01-16,0,0,0,0,0,0,0,0,0
165,2026-01-17,0,0,0,0,0,0,0,0,0
165,2026-01-18,0,0,0,0,0,0,0,0,0
165,2026-01-19,0,0,0,0,0,0,0,0,0
165,2026-01-20,0,0,0,0,0,0,0,0,0
165,2026-01-21,0,0,0,0,0,0,0,0,0
165,2026-01-22,0,0,0,0,0,0,0,0,0
165,2026-01-23,0,0,0,0,0,0,0,0,0
165,2026-01-24,0,0,0,0,0,0,0,0,0
165,2026-01-25,4,4,4,0,2,1,0,1,0
165,2026-01-26,5,9,4,1,0,3,1,1,0
165,2026-01-27,2,11,2,0,0,2,0,0,0
165,2026-01-28,5,16,5,0,3,1,0,1,0
165,2026-01-29,3,19,2,1,0,2,1,0,0
165,2026-01-30,3,22,3,0,1,2,0,0,0
165,2026-01-31,1,23,0,1,0,0,1,0,0
165,2026-02-01,1,24,1,0,0,1,0,0,0
165,2026-02-02,1,25,1,0,0,1,0,0,0
165,2026-02-03,3,28,3,0,3,0,0,0,0
165,2026-02-04,3,31,2,1,0,2,1,0,0
165,2026-02-05,7,38,5,2,1,4,2,0,0
165,2026-02-06,6,44,4,2,1,2,2,1,0
165,2026-02-07,2,46,2,0,1,1,0,0,0
165,2026-02-08,4,50,4,0,2,2,0,0,0
165,2026-02-09,3,53,3,0,0,3,0,0,0
165,2026-02-10,6,59,6,0,2,4,0,0,0
166,2026-01-14,0,0,0,0,0,0,0,0,0
166,2026-01-15,0,0,0,0,0,0,0,0,0
166,2026-01-16,0,0,0,0,0,0,0,0,0
166,2026-01-17,0,0,0,0,0,0,0,0,0
166,2026-01-18,0,0,0,0,0,0,0,0,0
166,2026-01-19,0,0,0,0,0,0,0,0,0
166,2026-01-20,0,0,0,0,0,0,0,0,0
166,2026-01-21,0,0,0,0,0,0,0,0,0
166,2026-01-22,0,0,0,0,0,0,0,0,0
166,2026-01-23,0,0,0,0,0,0,0,0,0
166,2026-01-24,0,0,0,0,0,0,0,0,0
166,2026-01-25,6,6,5,1,0,5,1,0,0
166,2026-01-26,4,10,3,1,1,2,1,0,0
166,2026-01-27,6,16,4,2,2,1,2,1,0
166,2026-01-28,7,23,5,2,2,2,2,1,0
166,2026-01-29,1,24,1,0,1,0,0,0,0
166,2026-01-30,7,31,4,3,1,3,3,0,0
166,2026-01-31,5,36,5,0,1,4,0,0,0
166,2026-02-01,7,43,6,1,2,3,1,1,0
166,2026-02-02,8,51,8,0,2,4,0,2,0
166,2026-02-03,11,62,9,2,4,5,2,0,0
166,2026-02-04,11,73,10,1,3,6,1,1,0
166,2026-02-05,11,84,11,0,3,8,0,0,0
166,2026-02-06,10,94,9,1,2,5,0,2,1
166,2026-02-07,16,110,12,4,6,6,2,0,2
166,2026-02-08,13,123,11,2,3,8,2,0,0
166,2026-02-09,14,137,13,1,7,5,0,1,1
166,2026-02-10,19,156,18,1,9,9,0,0,1
167,2026-01-14,0,0,0,0,0,0,0,0,0
167,2026-01-15,0,0,0,0,0,0,0,0,0
167,2026-01-16,0,0,0,0,0,0,0,0,0
167,2026-01-17,0,0,0,0,0,0,0,0,0
167,2026-01-18,0,0,0,0,0,0,0,0,0
167,2026-01-19,0,0,0,0,0,0,0,0,0
167,2026-01-20,0,0,0,0,0,0,0,0,0
167,2026-01-21,0,0,0,0,0,0,0,0,0
167,2026-01-22,0,0,0,0,0,0,0,0,0
167,2026-01-23,0,0,0,0,0,0,0,0,0
167,2026-01-24,0,0,0,0,0,0,0,0,0
167,2026-01-25,10,10,8,2,2,6,2,0,0
167,2026-01-26,2,12,2,0,1,1,0,0,0
167,2026-01-27,2,14,1,1,1,0,0,0,1
167,2026-01-28,4,18,4,0,1,3,0,0,0
167,2026-01-29,3,21,3,0,2,0,0,1,0
167,2026-01-30,3,24,3,0,1,2,0,0,0
167,2026-01-31,4,28,4,0,1,3,0,0,0
167,2026-02-01,3,31,3,0,0,3,0,0,0
167,2026-02-02,6,37,6,0,1,4,0,1,0
167,2026-02-03,4,41,4,0,2,2,0,0,0
167,2026-02-04,3,44,3,0,1,1,0,1,0
167,2026-02-05,4,48,4,0,1,3,0,0,0
167,2026-02-06,6,54,3,3,0,3,3,0,0
167,2026-02-07,5,59,2,3,0,0,2,2,1
167,2026-02-08,3,62,2,1,0,1,1,1,0
167,2026-02-09,6,68,3,3,2,1,2,0,1
167,2026-02-10,8,76,7,1,1,4,0,2,1
168,2026-01-14,0,0,0,0,0,0,0,0,0
168,2026-01-15,0,0,0,0,0,0,0,0,0
168,2026-01-16,0,0,0,0,0,0,0,0,0
168,2026-01-17,0,0,0,0,0,0,0,0,0
168,2026-01-18,0,0,0,0,0,0,0,0,0
168,2026-01-19,0,0,0,0,0,0,0,0,0
168,2026-01-20,0,0,0,0,0,0,0,0,0
168,2026-01-21,0,0,0,0,0,0,0,0,0
168,2026-01-22,0,0,0,0,0,0,0,0,0
168,2026-01-23,0,0,0,0,0,0,0,0,0
168,2026-01-24,0,0,0,0,0,0,0,0,0
168,2026-01-25,8,8,6,2,4,2,2,0,0
168,2026-01-26,8,16,5,3,2,3,1,0,2
168,2026-01-27,1,17,1,0,0,0,0,1,0
168,2026-01-28,4,21,4,0,2,2,0,0,0
168,2026-01-29,4,25,2,2,1,1,1,0,1
168,2026-01-30,5,30,3,2,2,1,0,0,2
168,2026-01-31,9,39,5,4,2,2,4,1,0
168,2026-02-01,3,42,3,0,1,2,0,0,0
168,2026-02-02,8,50,5,3,1,4,1,0,2
168,2026-02-03,4,54,3,1,1,2,1,0,0
168,2026-02-04,4,58,3,1,0,3,0,0,1
168,2026-02-05,10,68,7,3,3,4,2,0,1
168,2026-02-06,8,76,5,3,4,0,2,1,1
168,2026-02-07,10,86,7,3,2,4,3,1,0
168,2026-02-08,7,93,4,3,1,0,3,3,0
168,2026-02-09,12,105,10,2,2,8,2,0,0
168,2026-02-10,6,111,5,1,1,3,1,1,0
169,2026-01-14,0,0,0,0,0,0,0,0,0
169,2026-01-15,0,0,0,0,0,0,0,0,0
169,2026-01-16,0,0,0,0,0,0,0,0,0
169,2026-01-17,0,0,0,0,0,0,0,0,0
169,2026-01-18,0,0,0,0,0,0,0,0,0
169,2026-01-19,0,0,0,0,0,0,0,0,0
169,2026-01-20,0,0,0,0,0,0,0,0,0
169,2026-01-21,0,0,0,0,0,0,0,0,0
169,2026-01-22,0,0,0,0,0,0,0,0,0
169,2026-01-23,0,0,0,0,0,0,0,0,0
169,2026-01-24,0,0,0,0,0,0,0,0,0
169,2026-01-25,7,7,6,1,1,4,1,1,0
169,2026-01-26,3,10,2,1,0,2,1,0,0
169,2026-01-27,4,14,4,0,0,4,0,0,0
169,2026-01-28,3,17,2,1,0,2,1,0,0
169,2026-01-29,5,22,4,1,2,1,1,1,0
169,2026-01-30,5,27,5,0,1,3,0,1,0
169,2026-01-31,7,34,5,2,1,4,2,0,0
169,2026-02-01,3,37,2,1,1,1,1,0,0
169,2026-02-02,10,47,3,7,1,2,5,0,2
169,2026-02-03,4,51,3,1,1,2,0,0,1
169,2026-02-04,10,61,9,1,4,5,1,0,0
169,2026-02-05,8,69,6,2,2,3,2,1,0
169,2026-02-06,10,79,7,3,2,5,2,0,1
169,2026-02-07,7,86,3,4,0,3,3,0,1
169,2026-02-08,6,92,4,2,1,2,1,1,1
169,2026-02-09,7,99,5,2,2,2,2,1,0
169,2026-02-10,5,104,4,1,2,2,1,0,0
170,2026-01-14,0,0,0,0,0,0,0,0,0
170,2026-01-15,0,0,0,0,0,0,0,0,0
170,2026-01-16,0,0,0,0,0,0,0,0,0
170,2026-01-17,0,0,0,0,0,0,0,0,0
170,2026-01-18,0,0,0,0,0,0,0,0,0
170,2026-01-19,0,0,0,0,0,0,0,0,0
170,2026-01-20,0,0,0,0,0,0,0,0,0
170,2026-01-21,0,0,0,0,0,0,0,0,0
170,2026-01-22,0,0,0,0,0,0,0,0,0
170,2026-01-23,0,0,0,0,0,0,0,0,0
170,2026-01-24,0,0,0,0,0,0,0,0,0
170,2026-01-25,3,3,2,1,1,1,1,0,0
170,2026-01-26,7,10,6,1,0,5,0,1,1
170,2026-01-27,7,17,6,1,2,4,1,0,0
170,2026-01-28,6,23,5,1,1,4,1,0,0
170,2026-01-29,7,30,6,1,1,4,1,1,0
170,2026-01-30,4,34,4,0,2,2,0,0,0
170,2026-01-31,4,38,3,1,0,3,1,0,0
170,2026-02-01,10,48,7,3,1,6,3,0,0
170,2026-02-02,7,55,6,1,2,4,1,0,0
170,2026-02-03,6,61,5,1,1,3,1,1,0
170,2026-02-04,6,67,6,0,0,5,0,1,0
170,2026-02-05,13,80,9,4,2,6,3,1,1
170,2026-02-06,8,88,6,2,2,3,2,1,0
170,2026-02-07,8,96,8,0,1,7,0,0,0
170,2026-02-08,13,109,9,4,4,3,1,2,3
170,2026-02-09,7,116,5,2,2,3,1,0,1
170,2026-02-10,12,128,10,2,2,8,1,0,1
171,2026-01-14,0,0,0,0,0,0,0,0,0
171,2026-01-15,0,0,0,0,0,0,0,0,0
171,2026-01-16,0,0,0,0,0,0,0,0,0
171,2026-01-17,0,0,0,0,0,0,0,0,0
171,2026-01-18,0,0,0,0,0,0,0,0,0
171,2026-01-19,0,0,0,0,0,0,0,0,0
171,2026-01-20,0,0,0,0,0,0,0,0,0
171,2026-01-21,0,0,0,0,0,0,0,0,0
171,2026-01-22,0,0,0,0,0,0,0,0,0
171,2026-01-23,0,0,0,0,0,0,0,0,0
171,2026-01-24,0,0,0,0,0,0,0,0,0
171,2026-01-25,6,6,3,3,1,0,2,2,1
171,2026-01-26,1,7,1,0,1,0,0,0,0
171,2026-01-27,1,8,1,0,0,1,0,0,0
171,2026-01-28,6,14,5,1,2,3,1,0,0
171,2026-01-29,3,17,3,0,1,2,0,0,0
171,2026-01-30,3,20,2,1,0,1,0,1,1
171,2026-01-31,2,22,1,1,0,1,1,0,0
171,2026-02-01,5,27,4,1,1,3,1,0,0
171,2026-02-02,2,29,2,0,0,2,0,0,0
171,2026-02-03,1,30,0,1,0,0,1,0,0
171,2026-02-04,6,36,3,3,2,1,2,0,1
171,2026-02-05,1,37,0,1,0,0,1,0,0
171,2026-02-06,4,41,2,2,0,2,1,0,1
171,2026-02-07,1,42,0,1,0,0,0,0,1
171,2026-02-08,3,45,3,0,1,1,0,1,0
171,2026-02-09,4,49,4,0,2,2,0,0,0
171,2026-02-10,3,52,3,0,0,2,0,1,0
172,2026-01-14,0,0,0,0,0,0,0,0,0
172,2026-01-15,0,0,0,0,0,0,0,0,0
172,2026-01-16,0,0,0,0,0,0,0,0,0
172,2026-01-17,0,0,0,0,0,0,0,0,0
172,2026-01-18,0,0,0,0,0,0,0,0,0
172,2026-01-19,0,0,0,0,0,0,0,0,0
172,2026-01-20,0,0,0,0,0,0,0,0,0
172,2026-01-21,0,0,0,0,0,0,0,0,0
172,2026-01-22,0,0,0,0,0,0,0,0,0
172,2026-01-23,0,0,0,0,0,0,0,0,0
172,2026-01-24,0,0,0,0,0,0,0,0,0
172,2026-01-25,6,6,5,1,1,3,1,1,0
172,2026-01-26,5,11,2,3,0,2,3,0,0
172,2026-01-27,3,14,1,2,0,0,2,1,0
172,2026-01-28,1,15,1,0,0,1,0,0,0
172,2026-01-29,4,19,2,2,0,2,2,0,0
172,2026-01-30,3,22,1,2,1,0,2,0,0
172,2026-01-31,4,26,1,3,0,1,3,0,0
172,2026-02-01,3,29,2,1,2,0,1,0,0
172,2026-02-02,6,35,6,0,2,4,0,0,0
172,2026-02-03,6,41,4,2,2,2,2,0,0
172,2026-02-04,5,46,3,2,1,1,2,1,0
172,2026-02-05,4,50,3,1,1,2,1,0,0
172,2026-02-06,5,55,4,1,1,3,1,0,0
172,2026-02-07,8,63,7,1,3,3,1,1,0
172,2026-02-08,5,68,4,1,1,2,0,1,1
172,2026-02-09,7,75,6,1,2,4,0,0,1
172,2026-02-10,6,81,3,3,1,2,3,0,0
173,2026-01-14,0,0,0,0,0,0,0,0,0
173,2026-01-15,0,0,0,0,0,0,0,0,0
173,2026-01-16,0,0,0,0,0,0,0,0,0
173,2026-01-17,0,0,0,0,0,0,0,0,0
173,2026-01-18,0,0,0,0,0,0,0,0,0
173,2026-01-19,0,0,0,0,0,0,0,0,0
173,2026-01-20,0,0,0,0,0,0,0,0,0
173,2026-01-21,0,0,0,0,0,0,0,0,0
173,2026-01-22,0,0,0,0,0,0,0,0,0
173,2026-01-23,0,0,0,0,0,0,0,0,0
173,2026-01-24,0,0,0,0,0,0,0,0,0
173,2026-01-25,6,6,5,1,2,2,1,1,0
173,2026-01-26,6,12,6,0,4,2,0,0,0
173,2026-01-27,6,18,1,5,0,0,3,1,2
173,2026-01-28,10,28,8,2,4,4,2,0,0
173,2026-01-29,5,33,5,0,3,2,0,0,0
173,2026-01-30,7,40,7,0,1,6,0,0,0
173,2026-01-31,7,47,6,1,0,4,1,2,0
173,2026-02-01,8,55,7,1,2,5,0,0,1
173,2026-02-02,7,62,6,1,2,3,1,1,0
173,2026-02-03,11,73,10,1,3,7,1,0,0
173,2026-02-04,5,78,3,2,0,3,2,0,0
173,2026-02-05,13,91,8,5,2,3,4,3,1
173,2026-02-06,11,102,9,2,1,7,2,1,0
173,2026-02-07,5,107,5,0,0,4,0,1,0
173,2026-02-08,9,116,5,4,2,2,2,1,2
173,2026-02-09,6,122,4,2,0,3,2,1,0
173,2026-02-10,15,137,9,6,1,7,4,1,2
174,2026-01-14,0,0,0,0,0,0,0,0,0
174,2026-01-15,0,0,0,0,0,0,0,0,0
174,2026-01-16,0,0,0,0,0,0,0,0,0
174,2026-01-17,0,0,0,0,0,0,0,0,0
174,2026-01-18,0,0,0,0,0,0,0,0,0
174,2026-01-19,0,0,0,0,0,0,0,0,0
174,2026-01-20,0,0,0,0,0,0,0,0,0
174,2026-01-21,0,0,0,0,0,0,0,0,0
174,2026-01-22,0,0,0,0,0,0,0,0,0
174,2026-01-23,0,0,0,0,0,0,0,0,0
174,2026-01-24,0,0,0,0,0,0,0,0,0
174,2026-01-25,4,4,3,1,0,3,1,0,0
174,2026-01-26,9,13,5,4,4,1,3,0,1
174,2026-01-27,2,15,1,1,0,0,0,1,1
174,2026-01-28,3,18,1,2,1,0,1,0,1
174,2026-01-29,5,23,5,0,0,5,0,0,0
174,2026-01-30,6,29,6,0,3,3,0,0,0
174,2026-01-31,4,33,2,2,2,0,1,0,1
174,2026-02-01,5,38,5,0,1,2,0,2,0
174,2026-02-02,8,46,6,2,2,4,2,0,0
174,2026-02-03,7,53,6,1,0,5,0,1,1
174,2026-02-04,4,57,4,0,2,1,0,1,0
174,2026-02-05,6,63,5,1,4,1,1,0,0
174,2026-02-06,5,68,5,0,0,2,0,3,0
174,2026-02-07,6,74,4,2,2,2,1,0,1
174,2026-02-08,13,87,12,1,4,7,1,1,0
174,2026-02-09,10,97,8,2,4,2,1,2,1
174,2026-02-10,5,102,3,2,1,2,1,0,1
175,2026-01-14,0,0,0,0,0,0,0,0,0
175,2026-01-15,0,0,0,0,0,0,0,0,0
175,2026-01-16,0,0,0,0,0,0,0,0,0
175,2026-01-17,0,0,0,0,0,0,0,0,0
175,2026-01-18,0,0,0,0,0,0,0,0,0
175,2026-01-19,0,0,0,0,0,0,0,0,0
175,2026-01-20,0,0,0,0,0,0,0,0,0
175,2026-01-21,0,0,0,0,0,0,0,0,0
175,2026-01-22,0,0,0,0,0,0,0,0,0
175,2026-01-23,0,0,0,0,0,0,0,0,0
175,2026-01-24,0,0,0,0,0,0,0,0,0
175,2026-01-25,4,4,4,0,1,2,0,1,0
175,2026-01-26,2,6,1,1,1,0,1,0,0
175,2026-01-27,5,11,4,1,1,3,1,0,0
175,2026-01-28,6,17,5,1,0,4,1,1,0
175,2026-01-29,3,20,3,0,1,1,0,1,0
175,2026-01-30,3,23,3,0,2,1,0,0,0
175,2026-01-31,7,30,6,1,1,5,1,0,0
175,2026-02-01,3,33,3,0,0,3,0,0,0
175,2026-02-02,4,37,4,0,1,3,0,0,0
175,2026-02-03,6,43,4,2,0,4,2,0,0
175,2026-02-04,10,53,10,0,1,7,0,2,0
175,2026-02-05,12,65,12,0,5,6,0,1,0
175,2026-02-06,7,72,6,1,0,4,1,2,0
175,2026-02-07,10,82,8,2,2,5,2,1,0
175,2026-02-08,9,91,6,3,2,2,2,2,1
175,2026-02-09,3,94,2,1,2,0,1,0,0
175,2026-02-10,13,107,12,1,3,7,1,2,0
176,2026-01-14,0,0,0,0,0,0,0,0,0
176,2026-01-15,0,0,0,0,0,0,0,0,0
176,2026-01-16,0,0,0,0,0,0,0,0,0
176,2026-01-17,0,0,0,0,0,0,0,0,0
176,2026-01-18,0,0,0,0,0,0,0,0,0
176,2026-01-19,0,0,0,0,0,0,0,0,0
176,2026-01-20,0,0,0,0,0,0,0,0,0
176,2026-01-21,0,0,0,0,0,0,0,0,0
176,2026-01-22,0,0,0,0,0,0,0,0,0
176,2026-01-23,0,0,0,0,0,0,0,0,0
176,2026-01-24,0,0,0,0,0,0,0,0,0
176,2026-01-25,14,14,11,3,3,8,2,0,1
176,2026-01-26,3,17,1,2,0,1,2,0,0
176,2026-01-27,6,23,5,1,1,3,1,1,0
176,2026-01-28,8,31,6,2,1,4,2,1,0
176,2026-01-29,7,38,5,2,3,2,2,0,0
176,2026-01-30,7,45,6,1,0,2,1,4,0
176,2026-01-31,5,50,4,1,1,3,1,0,0
176,2026-02-01,13,63,12,1,6,4,1,2,0
176,2026-02-02,9,72,7,2,2,3,2,2,0
176,2026-02-03,17,89,10,7,4,5,4,1,3
176,2026-02-04,15,104,11,4,3,8,3,0,1
176,2026-02-05,19,123,17,2,5,11,2,1,0
176,2026-02-06,11,134,8,3,3,5,3,0,0
176,2026-02-07,15,149,14,1,4,10,0,0,1
176,2026-02-08,12,161,7,5,3,4,4,0,1
176,2026-02-09,14,175,13,1,5,5,0,3,1
176,2026-02-10,21,196,18,3,4,13,3,1,0
177,2026-01-14,0,0,0,0,0,0,0,0,0
177,2026-01-15,0,0,0,0,0,0,0,0,0
177,2026-01-16,0,0,0,0,0,0,0,0,0
177,2026-01-17,0,0,0,0,0,0,0,0,0
177,2026-01-18,0,0,0,0,0,0,0,0,0
177,2026-01-19,0,0,0,0,0,0,0,0,0
177,2026-01-20,0,0,0,0,0,0,0,0,0
177,2026-01-21,0,0,0,0,0,0,0,0,0
177,2026-01-22,0,0,0,0,0,0,0,0,0
177,2026-01-23,0,0,0,0,0,0,0,0,0
177,2026-01-24,0,0,0,0,0,0,0,0,0
177,2026-01-25,5,5,4,1,0,3,1,1,0
177,2026-01-26,7,12,6,1,2,4,1,0,0
177,2026-01-27,4,16,3,1,1,2,1,0,0
177,2026-01-28,5,21,5,0,2,3,0,0,0
177,2026-01-29,3,24,2,1,1,1,1,0,0
177,2026-01-30,5,29,5,0,2,3,0,0,0
177,2026-01-31,9,38,7,2,2,4,2,1,0
177,2026-02-01,5,43,4,1,2,2,1,0,0
177,2026-02-02,8,51,8,0,2,3,0,3,0
177,2026-02-03,5,56,3,2,0,3,2,0,0
177,2026-02-04,12,68,10,2,2,6,1,2,1
177,2026-02-05,7,75,6,1,3,2,1,1,0
177,2026-02-06,3,78,2,1,0,1,1,1,0
177,2026-02-07,11,89,11,0,1,9,0,1,0
177,2026-02-08,12,101,10,2,3,6,2,1,0
177,2026-02-09,7,108,5,2,1,4,1,0,1
177,2026-02-10,10,118,9,1,4,5,1,0,0
178,2026-01-14,0,0,0,0,0,0,0,0,0
178,2026-01-15,0,0,0,0,0,0,0,0,0
178,2026-01-16,0,0,0,0,0,0,0,0,0
178,2026-01-17,0,0,0,0,0,0,0,0,0
178,2026-01-18,0,0,0,0,0,0,0,0,0
178,2026-01-19,0,0,0,0,0,0,0,0,0
178,2026-01-20,0,0,0,0,0,0,0,0,0
178,2026-01-21,0,0,0,0,0,0,0,0,0
178,2026-01-22,0,0,0,0,0,0,0,0,0
178,2026-01-23,0,0,0,0,0,0,0,0,0
178,2026-01-24,0,0,0,0,0,0,0,0,0
178,2026-01-25,8,8,6,2,1,4,2,1,0
178,2026-01-26,4,12,4,0,0,4,0,0,0
178,2026-01-27,4,16,2,2,0,1,2,1,0
178,2026-01-28,6,22,4,2,1,3,2,0,0
178,2026-01-29,3,25,2,1,1,1,1,0,0
178,2026-01-30,5,30,4,1,0,4,1,0,0
178,2026-01-31,3,33,2,1,2,0,0,0,1
178,2026-02-01,4,37,3,1,0,3,1,0,0
178,2026-02-02,2,39,0,2,0,0,1,0,1
178,2026-02-03,4,43,4,0,1,3,0,0,0
178,2026-02-04,7,50,6,1,3,3,0,0,1
178,2026-02-05,7,57,5,2,1,3,0,1,2
178,2026-02-06,12,69,8,4,2,3,4,3,0
178,2026-02-07,6,75,4,2,0,4,1,0,1
178,2026-02-08,10,85,7,3,2,5,1,0,2
178,2026-02-09,6,91,2,4,1,1,3,0,1
178,2026-02-10,11,102,7,4,3,4,2,0,2
179,2026-01-14,0,0,0,0,0,0,0,0,0
179,2026-01-15,0,0,0,0,0,0,0,0,0
179,2026-01-16,0,0,0,0,0,0,0,0,0
179,2026-01-17,0,0,0,0,0,0,0,0,0
179,2026-01-18,0,0,0,0,0,0,0,0,0
179,2026-01-19,0,0,0,0,0,0,0,0,0
179,2026-01-20,0,0,0,0,0,0,0,0,0
179,2026-01-21,0,0,0,0,0,0,0,0,0
179,2026-01-22,0,0,0,0,0,0,0,0,0
179,2026-01-23,0,0,0,0,0,0,0,0,0
179,2026-01-24,0,0,0,0,0,0,0,0,0
179,2026-01-25,6,6,5,1,0,5,1,0,0
179,2026-01-26,2,8,2,0,0,1,0,1,0
179,2026-01-27,7,15,6,1,0,6,1,0,0
179,2026-01-28,3,18,1,2,1,0,1,0,1
179,2026-01-29,2,20,2,0,1,1,0,0,0
179,2026-01-30,3,23,2,1,1,1,1,0,0
179,2026-01-31,1,24,0,1,0,0,0,0,1
179,2026-02-01,2,26,2,0,1,1,0,0,0
179,2026-02-02,6,32,5,1,1,4,1,0,0
179,2026-02-03,6,38,3,3,2,0,2,1,1
179,2026-02-04,1,39,1,0,1,0,0,0,0
179,2026-02-05,2,41,1,1,1,0,1,0,0
179,2026-02-06,4,45,4,0,2,1,0,1,0
179,2026-02-07,11,56,8,3,3,2,1,3,2
179,2026-02-08,2,58,2,0,2,0,0,0,0
179,2026-02-09,3,61,3,0,1,1,0,1,0
179,2026-02-10,1,62,1,0,0,1,0,0,0
180,2026-01-14,0,0,0,0,0,0,0,0,0
180,2026-01-15,0,0,0,0,0,0,0,0,0
180,2026-01-16,0,0,0,0,0,0,0,0,0
180,2026-01-17,0,0,0,0,0,0,0,0,0
180,2026-01-18,0,0,0,0,0,0,0,0,0
180,2026-01-19,0,0,0,0,0,0,0,0,0
180,2026-01-20,0,0,0,0,0,0,0,0,0
180,2026-01-21,0,0,0,0,0,0,0,0,0
180,2026-01-22,0,0,0,0,0,0,0,0,0
180,2026-01-23,0,0,0,0,0,0,0,0,0
180,2026-01-24,0,0,0,0,0,0,0,0,0
180,2026-01-25,4,4,3,1,2,1,1,0,0
180,2026-01-26,7,11,7,0,1,6,0,0,0
180,2026-01-27,4,15,1,3,0,1,3,0,0
180,2026-01-28,3,18,2,1,0,2,0,0,1
180,2026-01-29,3,21,2,1,0,2,1,0,0
180,2026-01-30,5,26,3,2,1,2,2,0,0
180,2026-01-31,6,32,4,2,2,2,2,0,0
180,2026-02-01,7,39,4,3,1,2,2,1,1
180,2026-02-02,5,44,5,0,0,3,0,2,0
180,2026-02-03,3,47,3,0,0,1,0,2,0
180,2026-02-04,9,56,7,2,1,5,1,1,1
180,2026-02-05,6,62,5,1,2,3,1,0,0
180,2026-02-06,8,70,6,2,2,4,2,0,0
180,2026-02-07,6,76,4,2,1,2,1,1,1
180,2026-02-08,5,81,3,2,1,2,2,0,0
180,2026-02-09,10,91,10,0,1,9,0,0,0
180,2026-02-10,4,95,2,2,0,2,2,0,0
181,2026-01-14,0,0,0,0,0,0,0,0,0
181,2026-01-15,0,0,0,0,0,0,0,0,0
181,2026-01-16,0,0,0,0,0,0,0,0,0
181,2026-01-17,0,0,0,0,0,0,0,0,0
181,2026-01-18,0,0,0,0,0,0,0,0,0
181,2026-01-19,0,0,0,0,0,0,0,0,0
181,2026-01-20,0,0,0,0,0,0,0,0,0
181,2026-01-21,0,0,0,0,0,0,0,0,0
181,2026-01-22,0,0,0,0,0,0,0,0,0
181,2026-01-23,0,0,0,0,0,0,0,0,0
181,2026-01-24,0,0,0,0,0,0,0,0,0
181,2026-01-25,5,5,3,2,2,1,2,0,0
181,2026-01-26,4,9,3,1,2,0,1,1,0
181,2026-01-27,2,11,2,0,0,2,0,0,0
181,2026-01-28,4,15,4,0,0,3,0,1,0
181,2026-01-29,2,17,2,0,0,1,0,1,0
181,2026-01-30,1,18,1,0,1,0,0,0,0
181,2026-01-31,3,21,3,0,3,0,0,0,0
181,2026-02-01,2,23,2,0,0,2,0,0,0
181,2026-02-02,5,28,3,2,0,2,2,1,0
181,2026-02-03,5,33,5,0,0,5,0,0,0
181,2026-02-04,6,39,6,0,1,3,0,2,0
181,2026-02-05,3,42,2,1,1,1,0,0,1
181,2026-02-06,3,45,2,1,0,2,1,0,0
181,2026-02-07,2,47,1,1,0,1,0,0,1
181,2026-02-08,8,55,6,2,1,5,2,0,0
181,2026-02-09,4,59,3,1,1,2,1,0,0
181,2026-02-10,2,61,2,0,1,1,0,0,0
182,2026-01-14,0,0,0,0,0,0,0,0,0
182,2026-01-15,0,0,0,0,0,0,0,0,0
182,2026-01-16,0,0,0,0,0,0,0,0,0
182,2026-01-17,0,0,0,0,0,0,0,0,0
182,2026-01-18,0,0,0,0,0,0,0,0,0
182,2026-01-19,0,0,0,0,0,0,0,0,0
182,2026-01-20,0,0,0,0,0,0,0,0,0
182,2026-01-21,0,0,0,0,0,0,0,0,0
182,2026-01-22,0,0,0,0,0,0,0,0,0
182,2026-01-23,0,0,0,0,0,0,0,0,0
182,2026-01-24,0,0,0,0,0,0,0,0,0
182,2026-01-25,5,5,5,0,1,3,0,1,0
182,2026-01-26,6,11,5,1,1,3,1,1,0
182,2026-01-27,2,13,2,0,0,2,0,0,0
182,2026-01-28,4,17,4,0,0,3,0,1,0
182,2026-01-29,3,20,2,1,1,1,1,0,0
182,2026-01-30,4,24,4,0,2,2,0,0,0
182,2026-01-31,2,26,1,1,0,1,1,0,0
182,2026-02-01,6,32,2,4,1,1,3,0,1
182,2026-02-02,3,35,3,0,0,3,0,0,0
182,2026-02-03,6,41,6,0,2,3,0,1,0
182,2026-02-04,7,48,6,1,0,6,1,0,0
182,2026-02-05,8,56,8,0,2,5,0,1,0
182,2026-02-06,9,65,7,2,1,6,2,0,0
182,2026-02-07,13,78,12,1,1,10,1,1,0
182,2026-02-08,7,85,5,2,1,4,1,0,1
182,2026-02-09,10,95,6,4,3,3,2,0,2
182,2026-02-10,3,98,3,0,0,3,0,0,0
183,2026-01-14,0,0,0,0,0,0,0,0,0
183,2026-01-15,0,0,0,0,0,0,0,0,0
183,2026-01-16,0,0,0,0,0,0,0,0,0
183,2026-01-17,0,0,0,0,0,0,0,0,0
183,2026-01-18,0,0,0,0,0,0,0,0,0
183,2026-01-19,0,0,0,0,0,0,0,0,0
183,2026-01-20,0,0,0,0,0,0,0,0,0
183,2026-01-21,0,0,0,0,0,0,0,0,0
183,2026-01-22,0,0,0,0,0,0,0,0,0
183,2026-01-23,0,0,0,0,0,0,0,0,0
183,2026-01-24,0,0,0,0,0,0,0,0,0
183,2026-01-25,5,5,2,3,0,2,3,0,0
183,2026-01-26,3,8,1,2,0,1,2,0,0
183,2026-01-27,6,14,3,3,1,2,2,0,1
183,2026-01-28,7,21,7,0,1,4,0,2,0
183,2026-01-29,5,26,5,0,2,3,0,0,0
183,2026-01-30,3,29,3,0,0,2,0,1,0
183,2026-01-31,5,34,4,1,1,3,1,0,0
183,2026-02-01,5,39,4,1,2,2,1,0,0
183,2026-02-02,6,45,4,2,2,2,2,0,0
183,2026-02-03,9,54,6,3,3,3,2,0,1
183,2026-02-04,5,59,4,1,0,3,1,1,0
183,2026-02-05,11,70,5,6,1,4,5,0,1
183,2026-02-06,17,87,12,5,3,8,3,1,2
183,2026-02-07,15,102,10,5,5,5,1,0,4
183,2026-02-08,7,109,4,3,1,2,3,1,0
183,2026-02-09,11,120,9,2,2,7,2,0,0
183,2026-02-10,7,127,3,4,1,1,2,1,2
184,2026-01-14,0,0,0,0,0,0,0,0,0
184,2026-01-15,0,0,0,0,0,0,0,0,0
184,2026-01-16,0,0,0,0,0,0,0,0,0
184,2026-01-17,0,0,0,0,0,0,0,0,0
184,2026-01-18,0,0,0,0,0,0,0,0,0
184,2026-01-19,0,0,0,0,0,0,0,0,0
184,2026-01-20,0,0,0,0,0,0,0,0,0
184,2026-01-21,0,0,0,0,0,0,0,0,0
184,2026-01-22,0,0,0,0,0,0,0,0,0
184,2026-01-23,0,0,0,0,0,0,0,0,0
184,2026-01-24,0,0,0,0,0,0,0,0,0
184,2026-01-25,6,6,2,4,0,2,3,0,1
184,2026-01-26,2,8,2,0,0,2,0,0,0
184,2026-01-27,4,12,4,0,1,3,0,0,0
184,2026-01-28,9,21,7,2,2,4,1,1,1
184,2026-01-29,4,25,2,2,1,1,1,0,1
184,2026-01-30,4,29,4,0,1,2,0,1,0
184,2026-01-31,5,34,4,1,1,2,1,1,0
184,2026-02-01,5,39,5,0,0,4,0,1,0
184,2026-02-02,4,43,3,1,2,1,1,0,0
184,2026-02-03,8,51,6,2,2,4,2,0,0
184,2026-02-04,9,60,7,2,3,3,2,1,0
184,2026-02-05,4,64,2,2,0,2,1,0,1
184,2026-02-06,5,69,4,1,0,4,1,0,0
184,2026-02-07,4,73,2,2,0,2,2,0,0
184,2026-02-08,7,80,6,1,1,5,1,0,0
184,2026-02-09,13,93,7,6,1,4,5,2,1
184,2026-02-10,5,98,5,0,1,4,0,0,0
185,2026-01-14,0,0,0,0,0,0,0,0,0
185,2026-01-15,0,0,0,0,0,0,0,0,0
185,2026-01-16,0,0,0,0,0,0,0,0,0
185,2026-01-17,0,0,0,0,0,0,0,0,0
185,2026-01-18,0,0,0,0,0,0,0,0,0
185,2026-01-19,0,0,0,0,0,0,0,0,0
185,2026-01-20,0,0,0,0,0,0,0,0,0
185,2026-01-21,0,0,0,0,0,0,0,0,0
185,2026-01-22,0,0,0,0,0,0,0,0,0
185,2026-01-23,0,0,0,0,0,0,0,0,0
185,2026-01-24,0,0,0,0,0,0,0,0,0
185,2026-01-25,7,7,6,1,1,4,1,1,0
185,2026-01-26,3,10,2,1,0,1,0,1,1
185,2026-01-27,6,16,4,2,2,2,2,0,0
185,2026-01-28,7,23,6,1,2,3,1,1,0
185,2026-01-29,7,30,7,0,3,4,0,0,0
185,2026-01-30,9,39,7,2,0,5,2,2,0
185,2026-01-31,5,44,5,0,3,1,0,1,0
185,2026-02-01,9,53,7,2,4,2,0,1,2
185,2026-02-02,12,65,11,1,1,8,1,2,0
185,2026-02-03,11,76,9,2,2,4,2,3,0
185,2026-02-04,11,87,9,2,2,7,2,0,0
185,2026-02-05,12,99,11,1,6,3,1,2,0
185,2026-02-06,8,107,8,0,0,7,0,1,0
185,2026-02-07,10,117,9,1,2,5,1,2,0
185,2026-02-08,11,128,10,1,3,7,1,0,0
185,2026-02-09,14,142,14,0,4,9,0,1,0
185,2026-02-10,12,154,11,1,1,10,0,0,1
186,2026-01-14,0,0,0,0,0,0,0,0,0
186,2026-01-15,0,0,0,0,0,0,0,0,0
186,2026-01-16,0,0,0,0,0,0,0,0,0
186,2026-01-17,0,0,0,0,0,0,0,0,0
186,2026-01-18,0,0,0,0,0,0,0,0,0
186,2026-01-19,0,0,0,0,0,0,0,0,0
186,2026-01-20,0,0,0,0,0,0,0,0,0
186,2026-01-21,0,0,0,0,0,0,0,0,0
186,2026-01-22,0,0,0,0,0,0,0,0,0
186,2026-01-23,0,0,0,0,0,0,0,0,0
186,2026-01-24,0,0,0,0,0,0,0,0,0
186,2026-01-25,8,8,6,2,3,3,1,0,1
186,2026-01-26,8,16,8,0,1,7,0,0,0
186,2026-01-27,3,19,1,2,0,0,2,1,0
186,2026-01-28,5,24,4,1,2,1,1,1,0
186,2026-01-29,5,29,5,0,2,3,0,0,0
186,2026-01-30,9,38,9,0,3,6,0,0,0
186,2026-01-31,7,45,6,1,1,4,1,1,0
186,2026-02-01,13,58,9,4,0,8,1,1,3
186,2026-02-02,2,60,2,0,1,1,0,0,0
186,2026-02-03,11,71,8,3,3,4,2,1,1
186,2026-02-04,8,79,7,1,1,6,1,0,0
186,2026-02-05,10,89,9,1,3,6,1,0,0
186,2026-02-06,7,96,5,2,3,2,1,0,1
186,2026-02-07,11,107,8,3,3,4,2,1,1
186,2026-02-08,12,119,10,2,1,7,2,2,0
186,2026-02-09,14,133,12,2,3,9,2,0,0
186,2026-02-10,18,151,10,8,4,6,8,0,0
187,2026-01-14,0,0,0,0,0,0,0,0,0
187,2026-01-15,0,0,0,0,0,0,0,0,0
187,2026-01-16,0,0,0,0,0,0,0,0,0
187,2026-01-17,0,0,0,0,0,0,0,0,0
187,2026-01-18,0,0,0,0,0,0,0,0,0
187,2026-01-19,0,0,0,0,0,0,0,0,0
187,2026-01-20,0,0,0,0,0,0,0,0,0
187,2026-01-21,0,0,0,0,0,0,0,0,0
187,2026-01-22,0,0,0,0,0,0,0,0,0
187,2026-01-23,0,0,0,0,0,0,0,0,0
187,2026-01-24,0,0,0,0,0,0,0,0,0
187,2026-01-25,5,5,4,1,0,4,0,0,1
187,2026-01-26,4,9,3,1,0,2,1,1,0
187,2026-01-27,2,11,2,0,1,1,0,0,0
187,2026-01-28,1,12,1,0,0,0,0,1,0
187,2026-01-29,6,18,6,0,2,3,0,1,0
187,2026-01-30,7,25,5,2,2,3,2,0,0
187,2026-01-31,6,31,6,0,0,5,0,1,0
187,2026-02-01,6,37,4,2,2,2,1,0,1
187,2026-02-02,6,43,5,1,2,3,1,0,0
187,2026-02-03,6,49,4,2,1,2,2,1,0
187,2026-02-04,7,56,6,1,4,2,0,0,1
187,2026-02-05,19,75,14,5,3,7,4,4,1
187,2026-02-06,12,87,12,0,3,6,0,3,0
187,2026-02-07,6,93,4,2,1,3,2,0,0
187,2026-02-08,11,104,9,2,5,3,1,1,1
187,2026-02-09,13,117,11,2,3,8,2,0,0
187,2026-02-10,12,129,9,3,1,7,3,1,0
188,2026-01-14,0,0,0,0,0,0,0,0,0
188,2026-01-15,0,0,0,0,0,0,0,0,0
188,2026-01-16,0,0,0,0,0,0,0,0,0
188,2026-01-17,0,0,0,0,0,0,0,0,0
188,2026-01-18,0,0,0,0,0,0,0,0,0
188,2026-01-19,0,0,0,0,0,0,0,0,0
188,2026-01-20,0,0,0,0,0,0,0,0,0
188,2026-01-21,0,0,0,0,0,0,0,0,0
188,2026-01-22,0,0,0,0,0,0,0,0,0
188,2026-01-23,0,0,0,0,0,0,0,0,0
188,2026-01-24,0,0,0,0,0,0,0,0,0
188,2026-01-25,8,8,6,2,2,3,2,1,0
188,2026-01-26,0,8,0,0,0,0,0,0,0
188,2026-01-27,3,11,3,0,1,2,0,0,0
188,2026-01-28,4,15,4,0,1,2,0,1,0
188,2026-01-29,1,16,1,0,0,1,0,0,0
188,2026-01-30,5,21,4,1,1,3,1,0,0
188,2026-01-31,5,26,3,2,0,2,0,1,2
188,2026-02-01,2,28,1,1,0,1,1,0,0
188,2026-02-02,3,31,3,0,1,2,0,0,0
188,2026-02-03,3,34,3,0,1,2,0,0,0
188,2026-02-04,6,40,5,1,0,4,0,1,1
188,2026-02-05,6,46,2,4,0,1,4,1,0
188,2026-02-06,6,52,6,0,3,3,0,0,0
188,2026-02-07,7,59,7,0,1,6,0,0,0
188,2026-02-08,4,63,4,0,0,4,0,0,0
188,2026-02-09,3,66,3,0,1,1,0,1,0
188,2026-02-10,8,74,7,1,1,5,0,1,1
189,2026-01-14,0,0,0,0,0,0,0,0,0
189,2026-01-15,0,0,0,0,0,0,0,0,0
189,2026-01-16,0,0,0,0,0,0,0,0,0
189,2026-01-17,0,0,0,0,0,0,0,0,0
189,2026-01-18,0,0,0,0,0,0,0,0,0
189,2026-01-19,0,0,0,0,0,0,0,0,0
189,2026-01-20,0,0,0,0,0,0,0,0,0
189,2026-01-21,0,0,0,0,0,0,0,0,0
189,2026-01-22,0,0,0,0,0,0,0,0,0
189,2026-01-23,0,0,0,0,0,0,0,0,0
189,2026-01-24,0,0,0,0,0,0,0,0,0
189,2026-01-25,11,11,8,3,3,5,2,0,1
189,2026-01-26,2,13,1,1,1,0,1,0,0
189,2026-01-27,5,18,4,1,3,0,0,1,1
189,2026-01-28,3,21,3,0,1,2,0,0,0
189,2026-01-29,1,22,0,1,0,0,1,0,0
189,2026-01-30,2,24,1,1,0,1,1,0,0
189,2026-01-31,5,29,4,1,0,4,1,0,0
189,2026-02-01,4,33,4,0,4,0,0,0,0
189,2026-02-02,3,36,3,0,0,1,0,2,0
189,2026-02-03,6,42,6,0,3,3,0,0,0
189,2026-02-04,6,48,4,2,1,3,2,0,0
189,2026-02-05,6,54,5,1,1,4,1,0,0
189,2026-02-06,4,58,4,0,1,2,0,1,0
189,2026-02-07,4,62,4,0,0,3,0,1,0
189,2026-02-08,6,68,6,0,3,3,0,0,0
189,2026-02-09,6,74,6,0,3,3,0,0,0
189,2026-02-10,3,77,3,0,2,1,0,0,0
190,2026-01-14,0,0,0,0,0,0,0,0,0
190,2026-01-15,0,0,0,0,0,0,0,0,0
190,2026-01-16,0,0,0,0,0,0,0,0,0
190,2026-01-17,0,0,0,0,0,0,0,0,0
190,2026-01-18,0,0,0,0,0,0,0,0,0
190,2026-01-19,0,0,0,0,0,0,0,0,0
190,2026-01-20,0,0,0,0,0,0,0,0,0
190,2026-01-21,0,0,0,0,0,0,0,0,0
190,2026-01-22,0,0,0,0,0,0,0,0,0
190,2026-01-23,0,0,0,0,0,0,0,0,0
190,2026-01-24,0,0,0,0,0,0,0,0,0
190,2026-01-25,8,8,8,0,2,6,0,0,0
190,2026-01-26,7,15,3,4,1,2,3,0,1
190,2026-01-27,4,19,4,0,1,3,0,0,0
190,2026-01-28,4,23,2,2,1,1,2,0,0
190,2026-01-29,0,23,0,0,0,0,0,0,0
190,2026-01-30,6,29,5,1,4,1,1,0,0
190,2026-01-31,2,31,0,2,0,0,1,0,1
190,2026-02-01,2,33,2,0,0,2,0,0,0
190,2026-02-02,5,38,5,0,2,3,0,0,0
190,2026-02-03,7,45,6,1,1,5,1,0,0
190,2026-02-04,6,51,4,2,3,1,2,0,0
190,2026-02-05,7,58,7,0,2,5,0,0,0
190,2026-02-06,6,64,6,0,3,3,0,0,0
190,2026-02-07,7,71,6,1,1,5,0,0,1
190,2026-02-08,7,78,4,3,0,4,3,0,0
190,2026-02-09,4,82,3,1,2,1,1,0,0
190,2026-02-10,6,88,5,1,0,4,0,1,1
191,2026-01-14,0,0,0,0,0,0,0,0,0
191,2026-01-15,0,0,0,0,0,0,0,0,0
191,2026-01-16,0,0,0,0,0,0,0,0,0
191,2026-01-17,0,0,0,0,0,0,0,0,0
191,2026-01-18,0,0,0,0,0,0,0,0,0
191,2026-01-19,0,0,0,0,0,0,0,0,0
191,2026-01-20,0,0,0,0,0,0,0,0,0
191,2026-01-21,0,0,0,0,0,0,0,0,0
191,2026-01-22,0,0,0,0,0,0,0,0,0
191,2026-01-23,0,0,0,0,0,0,0,0,0
191,2026-01-24,0,0,0,0,0,0,0,0,0
191,2026-01-25,5,5,5,0,2,2,0,1,0
191,2026-01-26,5,10,3,2,0,3,1,0,1
191,2026-01-27,2,12,2,0,0,2,0,0,0
191,2026-01-28,5,17,5,0,0,4,0,1,0
191,2026-01-29,5,22,5,0,2,1,0,2,0
191,2026-01-30,1,23,1,0,0,1,0,0,0
191,2026-01-31,4,27,4,0,1,3,0,0,0
191,2026-02-01,3,30,2,1,1,1,1,0,0
191,2026-02-02,8,38,8,0,3,3,0,2,0
191,2026-02-03,4,42,4,0,2,2,0,0,0
191,2026-02-04,6,48,4,2,1,1,1,2,1
191,2026-02-05,3,51,3,0,0,2,0,1,0
191,2026-02-06,5,56,4,1,2,1,1,1,0
191,2026-02-07,4,60,3,1,1,1,1,1,0
191,2026-02-08,9,69,8,1,1,5,1,2,0
191,2026-02-09,3,72,1,2,0,0,2,1,0
191,2026-02-10,5,77,3,2,0,3,1,0,1
192,2026-01-14,0,0,0,0,0,0,0,0,0
192,2026-01-15,0,0,0,0,0,0,0,0,0
192,2026-01-16,0,0,0,0,0,0,0,0,0
192,2026-01-17,0,0,0,0,0,0,0,0,0
192,2026-01-18,0,0,0,0,0,0,0,0,0
192,2026-01-19,0,0,0,0,0,0,0,0,0
192,2026-01-20,0,0,0,0,0,0,0,0,0
192,2026-01-21,0,0,0,0,0,0,0,0,0
192,2026-01-22,0,0,0,0,0,0,0,0,0
192,2026-01-23,0,0,0,0,0,0,0,0,0
192,2026-01-24,0,0,0,0,0,0,0,0,0
192,2026-01-25,8,8,6,2,1,5,1,0,1
192,2026-01-26,6,14,4,2,0,4,1,0,1
192,2026-01-27,4,18,4,0,1,2,0,1,0
192,2026-01-28,5,23,5,0,2,3,0,0,0
192,2026-01-29,0,23,0,0,0,0,0,0,0
192,2026-01-30,7,30,4,3,0,3,3,1,0
192,2026-01-31,5,35,4,1,0,4,1,0,0
192,2026-02-01,3,38,2,1,0,2,1,0,0
192,2026-02-02,8,46,5,3,0,4,2,1,1
192,2026-02-03,5,51,5,0,0,4,0,1,0
192,2026-02-04,8,59,7,1,5,2,1,0,0
192,2026-02-05,8,67,6,2,2,4,2,0,0
192,2026-02-06,10,77,7,3,1,4,1,2,2
192,2026-02-07,12,89,8,4,2,4,3,2,1
192,2026-02-08,10,99,9,1,2,7,0,0,1
192,2026-02-09,8,107,5,3,2,3,3,0,0
192,2026-02-10,12,119,6,6,0,6,3,0,3
193,2026-01-14,0,0,0,0,0,0,0,0,0
193,2026-01-15,0,0,0,0,0,0,0,0,0
193,2026-01-16,0,0,0,0,0,0,0,0,0
193,2026-01-17,0,0,0,0,0,0,0,0,0
193,2026-01-18,0,0,0,0,0,0,0,0,0
193,2026-01-19,0,0,0,0,0,0,0,0,0
193,2026-01-20,0,0,0,0,0,0,0,0,0
193,2026-01-21,0,0,0,0,0,0,0,0,0
193,2026-01-22,0,0,0,0,0,0,0,0,0
193,2026-01-23,0,0,0,0,0,0,0,0,0
193,2026-01-24,0,0,0,0,0,0,0,0,0
193,2026-01-25,8,8,6,2,2,2,1,2,1
193,2026-01-26,6,14,4,2,2,2,0,0,2
193,2026-01-27,2,16,0,2,0,0,1,0,1
193,2026-01-28,5,21,3,2,1,2,1,0,1
193,2026-01-29,5,26,4,1,1,2,1,1,0
193,2026-01-30,7,33,3,4,1,1,4,1,0
193,2026-01-31,7,40,6,1,3,3,1,0,0
193,2026-02-01,10,50,6,4,3,3,4,0,0
193,2026-02-02,5,55,3,2,0,3,2,0,0
193,2026-02-03,9,64,8,1,2,6,0,0,1
193,2026-02-04,8,72,8,0,5,2,0,1,0
193,2026-02-05,10,82,9,1,4,4,0,1,1
193,2026-02-06,10,92,7,3,1,5,2,1,1
193,2026-02-07,10,102,8,2,3,5,1,0,1
193,2026-02-08,16,118,10,6,1,7,4,2,2
193,2026-02-09,11,129,9,2,2,6,2,1,0
193,2026-02-10,14,143,9,5,1,8,3,0,2
194,2026-01-14,0,0,0,0,0,0,0,0,0
194,2026-01-15,0,0,0,0,0,0,0,0,0
194,2026-01-16,0,0,0,0,0,0,0,0,0
194,2026-01-17,0,0,0,0,0,0,0,0,0
194,2026-01-18,0,0,0,0,0,0,0,0,0
194,2026-01-19,0,0,0,0,0,0,0,0,0
194,2026-01-20,0,0,0,0,0,0,0,0,0
194,2026-01-21,0,0,0,0,0,0,0,0,0
194,2026-01-22,0,0,0,0,0,0,0,0,0
194,2026-01-23,0,0,0,0,0,0,0,0,0
194,2026-01-24,0,0,0,0,0,0,0,0,0
194,2026-01-25,6,6,5,1,2,3,1,0,0
194,2026-01-26,7,13,7,0,1,6,0,0,0
194,2026-01-27,3,16,3,0,1,2,0,0,0
194,2026-01-28,6,22,5,1,3,2,1,0,0
194,2026-01-29,2,24,1,1,0,1,0,0,1
194,2026-01-30,4,28,3,1,2,1,1,0,0
194,2026-01-31,8,36,6,2,2,3,2,1,0
194,2026-02-01,10,46,7,3,3,3,3,1,0
194,2026-02-02,5,51,3,2,1,1,2,1,0
194,2026-02-03,10,61,5,5,2,3,3,0,2
194,2026-02-04,12,73,9,3,1,6,3,2,0
194,2026-02-05,11,84,7,4,5,2,4,0,0
194,2026-02-06,11,95,7,4,1,4,3,2,1
194,2026-02-07,8,103,5,3,0,5,3,0,0
194,2026-02-08,12,115,9,3,5,4,1,0,2
194,2026-02-09,14,129,10,4,1,7,2,2,2
194,2026-02-10,11,140,10,1,4,6,1,0,0
195,2026-01-14,0,0,0,0,0,0,0,0,0
195,2026-01-15,0,0,0,0,0,0,0,0,0
195,2026-01-16,0,0,0,0,0,0,0,0,0
195,2026-01-17,0,0,0,0,0,0,0,0,0
195,2026-01-18,0,0,0,0,0,0,0,0,0
195,2026-01-19,0,0,0,0,0,0,0,0,0
195,2026-01-20,0,0,0,0,0,0,0,0,0
195,2026-01-21,0,0,0,0,0,0,0,0,0
195,2026-01-22,0,0,0,0,0,0,0,0,0
195,2026-01-23,0,0,0,0,0,0,0,0,0
195,2026-01-24,0,0,0,0,0,0,0,0,0
195,2026-01-25,4,4,3,1,0,3,1,0,0
195,2026-01-26,4,8,2,2,0,2,2,0,0
195,2026-01-27,5,13,5,0,2,1,0,2,0
195,2026-01-28,4,17,4,0,1,3,0,0,0
195,2026-01-29,1,18,0,1,0,0,1,0,0
195,2026-01-30,3,21,2,1,1,1,1,0,0
195,2026-01-31,9,30,9,0,0,8,0,1,0
195,2026-02-01,3,33,1,2,1,0,1,0,1
195,2026-02-02,7,40,5,2,2,3,2,0,0
195,2026-02-03,8,48,4,4,1,3,2,0,2
195,2026-02-04,10,58,6,4,1,5,4,0,0
195,2026-02-05,10,68,5,5,2,2,3,1,2
195,2026-02-06,8,76,6,2,3,3,2,0,0
195,2026-02-07,6,82,3,3,1,2,2,0,1
195,2026-02-08,14,96,12,2,5,4,2,3,0
195,2026-02-09,14,110,12,2,8,4,2,0,0
195,2026-02-10,12,122,10,2,3,6,2,1,0
196,2026-01-14,0,0,0,0,0,0,0,0,0
196,2026-01-15,0,0,0,0,0,0,0,0,0
196,2026-01-16,0,0,0,0,0,0,0,0,0
196,2026-01-17,0,0,0,0,0,0,0,0,0
196,2026-01-18,0,0,0,0,0,0,0,0,0
196,2026-01-19,0,0,0,0,0,0,0,0,0
196,2026-01-20,0,0,0,0,0,0,0,0,0
196,2026-01-21,0,0,0,0,0,0,0,0,0
196,2026-01-22,0,0,0,0,0,0,0,0,0
196,2026-01-23,0,0,0,0,0,0,0,0,0
196,2026-01-24,0,0,0,0,0,0,0,0,0
196,2026-01-25,9,9,8,1,3,5,1,0,0
196,2026-01-26,3,12,1,2,0,1,1,0,1
196,2026-01-27,1,13,1,0,0,1,0,0,0
196,2026-01-28,3,16,3,0,0,3,0,0,0
196,2026-01-29,1,17,0,1,0,0,1,0,0
196,2026-01-30,5,22,3,2,2,1,2,0,0
196,2026-01-31,3,25,2,1,0,2,0,0,1
196,2026-02-01,2,27,1,1,0,1,1,0,0
196,2026-02-02,4,31,3,1,0,2,1,1,0
196,2026-02-03,2,33,2,0,0,1,0,1,0
196,2026-02-04,4,37,4,0,0,4,0,0,0
196,2026-02-05,5,42,4,1,0,3,0,1,1
196,2026-02-06,3,45,3,0,2,1,0,0,0
196,2026-02-07,4,49,3,1,1,2,1,0,0
196,2026-02-08,4,53,2,2,1,1,2,0,0
196,2026-02-09,5,58,4,1,3,1,0,0,1
196,2026-02-10,4,62,4,0,2,2,0,0,0
197,2026-01-14,0,0,0,0,0,0,0,0,0
197,2026-01-15,0,0,0,0,0,0,0,0,0
197,2026-01-16,0,0,0,0,0,0,0,0,0
197,2026-01-17,0,0,0,0,0,0,0,0,0
197,2026-01-18,0,0,0,0,0,0,0,0,0
197,2026-01-19,0,0,0,0,0,0,0,0,0
197,2026-01-20,0,0,0,0,0,0,0,0,0
197,2026-01-21,0,0,0,0,0,0,0,0,0
197,2026-01-22,0,0,0,0,0,0,0,0,0
197,2026-01-23,0,0,0,0,0,0,0,0,0
197,2026-01-24,0,0,0,0,0,0,0,0,0
197,2026-01-25,7,7,7,0,2,5,0,0,0
197,2026-01-26,7,14,6,1,4,2,1,0,0
197,2026-01-27,10,24,9,1,5,4,0,0,1
197,2026-01-28,7,31,5,2,2,3,2,0,0
197,2026-01-29,5,36,4,1,3,1,1,0,0
197,2026-01-30,3,39,2,1,0,2,0,0,1
197,2026-01-31,7,46,6,1,3,2,1,1,0
197,2026-02-01,11,57,11,0,3,7,0,1,0
197,2026-02-02,11,68,9,2,4,4,1,1,1
197,2026-02-03,11,79,9,2,4,3,2,2,0
197,2026-02-04,8,87,8,0,1,7,0,0,0
197,2026-02-05,8,95,7,1,2,5,1,0,0
197,2026-02-06,13,108,9,4,3,6,3,0,1
197,2026-02-07,12,120,11,1,5,6,1,0,0
197,2026-02-08,6,126,4,2,2,2,1,0,1
197,2026-02-09,7,133,7,0,2,4,0,1,0
197,2026-02-10,7,140,5,2,2,3,1,0,1
198,2026-01-14,0,0,0,0,0,0,0,0,0
198,2026-01-15,0,0,0,0,0,0,0,0,0
198,2026-01-16,0,0,0,0,0,0,0,0,0
198,2026-01-17,0,0,0,0,0,0,0,0,0
198,2026-01-18,0,0,0,0,0,0,0,0,0
198,2026-01-19,0,0,0,0,0,0,0,0,0
198,2026-01-20,0,0,0,0,0,0,0,0,0
198,2026-01-21,0,0,0,0,0,0,0,0,0
198,2026-01-22,0,0,0,0,0,0,0,0,0
198,2026-01-23,0,0,0,0,0,0,0,0,0
198,2026-01-24,0,0,0,0,0,0,0,0,0
198,2026-01-25,3,3,2,1,1,1,1,0,0
198,2026-01-26,5,8,5,0,1,4,0,0,0
198,2026-01-27,6,14,4,2,2,2,2,0,0
198,2026-01-28,3,17,2,1,0,1,1,1,0
198,2026-01-29,9,26,7,2,2,4,1,1,1
198,2026-01-30,6,32,6,0,1,4,0,1,0
198,2026-01-31,7,39,5,2,2,2,2,1,0
198,2026-02-01,8,47,7,1,3,4,1,0,0
198,2026-02-02,8,55,6,2,2,4,2,0,0
198,2026-02-03,16,71,13,3,3,8,3,2,0
198,2026-02-04,10,81,8,2,3,3,2,2,0
198,2026-02-05,8,89,6,2,2,3,1,1,1
198,2026-02-06,8,97,7,1,4,3,1,0,0
198,2026-02-07,8,105,7,1,0,7,1,0,0
198,2026-02-08,10,115,7,3,1,3,3,3,0
198,2026-02-09,13,128,12,1,2,9,1,1,0
198,2026-02-10,11,139,9,2,5,3,1,1,1
199,2026-01-14,0,0,0,0,0,0,0,0,0
199,2026-01-15,0,0,0,0,0,0,0,0,0
199,2026-01-16,0,0,0,0,0,0,0,0,0
199,2026-01-17,0,0,0,0,0,0,0,0,0
199,2026-01-18,0,0,0,0,0,0,0,0,0
199,2026-01-19,0,0,0,0,0,0,0,0,0
199,2026-01-20,0,0,0,0,0,0,0,0,0
199,2026-01-21,0,0,0,0,0,0,0,0,0
199,2026-01-22,0,0,0,0,0,0,0,0,0
199,2026-01-23,0,0,0,0,0,0,0,0,0
199,2026-01-24,0,0,0,0,0,0,0,0,0
199,2026-01-25,7,7,5,2,1,3,1,1,1
199,2026-01-26,7,14,7,0,2,5,0,0,0
199,2026-01-27,6,20,6,0,2,3,0,1,0
199,2026-01-28,7,27,4,3,1,2,1,1,2
199,2026-01-29,5,32,4,1,0,2,1,2,0
199,2026-01-30,6,38,6,0,1,4,0,1,0
199,2026-01-31,4,42,2,2,1,1,1,0,1
199,2026-02-01,9,51,9,0,2,7,0,0,0
199,2026-02-02,5,56,5,0,2,1,0,2,0
199,2026-02-03,12,68,12,0,1,10,0,1,0
199,2026-02-04,9,77,8,1,6,2,1,0,0
199,2026-02-05,11,88,8,3,1,6,2,1,1
199,2026-02-06,12,100,10,2,3,7,2,0,0
199,2026-02-07,12,112,9,3,2,5,3,2,0
199,2026-02-08,7,119,5,2,2,2,2,1,0
199,2026-02-09,10,129,7,3,0,7,2,0,1
199,2026-02-10,7,136,7,0,1,5,0,1,0
200,2026-01-14,0,0,0,0,0,0,0,0,0
200,2026-01-15,0,0,0,0,0,0,0,0,0
200,2026-01-16,0,0,0,0,0,0,0,0,0
200,2026-01-17,0,0,0,0,0,0,0,0,0
200,2026-01-18,0,0,0,0,0,0,0,0,0
200,2026-01-19,0,0,0,0,0,0,0,0,0
200,2026-01-20,0,0,0,0,0,0,0,0,0
200,2026-01-21,0,0,0,0,0,0,0,0,0
200,2026-01-22,0,0,0,0,0,0,0,0,0
200,2026-01-23,0,0,0,0,0,0,0,0,0
200,2026-01-24,0,0,0,0,0,0,0,0,0
200,2026-01-25,8,8,7,1,1,5,0,1,1
200,2026-01-26,3,11,3,0,0,3,0,0,0
200,2026-01-27,4,15,3,1,1,1,1,1,0
200,2026-01-28,4,19,3,1,2,1,1,0,0
200,2026-01-29,7,26,6,1,5,1,1,0,0
200,2026-01-30,5,31,5,0,0,4,0,1,0
200,2026-01-31,4,35,4,0,0,2,0,2,0
200,2026-02-01,6,41,4,2,2,2,2,0,0
200,2026-02-02,4,45,4,0,0,3,0,1,0
200,2026-02-03,7,52,5,2,4,1,1,0,1
200,2026-02-04,9,61,7,2,3,4,2,0,0
200,2026-02-05,3,64,3,0,0,3,0,0,0
200,2026-02-06,9,73,7,2,2,4,1,1,1
200,2026-02-07,5,78,4,1,3,1,1,0,0
200,2026-02-08,9,87,7,2,1,4,2,2,0
200,2026-02-09,10,97,9,1,1,7,1,1,0
200,2026-02-10,4,101,3,1,1,2,1,0,0
201,2026-01-14,0,0,0,0,0,0,0,0,0
201,2026-01-15,0,0,0,0,0,0,0,0,0
201,2026-01-16,0,0,0,0,0,0,0,0,0
201,2026-01-17,0,0,0,0,0,0,0,0,0
201,2026-01-18,0,0,0,0,0,0,0,0,0
201,2026-01-19,0,0,0,0,0,0,0,0,0
201,2026-01-20,0,0,0,0,0,0,0,0,0
201,2026-01-21,0,0,0,0,0,0,0,0,0
201,2026-01-22,0,0,0,0,0,0,0,0,0
201,2026-01-23,0,0,0,0,0,0,0,0,0
201,2026-01-24,0,0,0,0,0,0,0,0,0
201,2026-01-25,7,7,6,1,3,3,0,0,1
201,2026-01-26,9,16,6,3,4,1,2,1,1
201,2026-01-27,6,22,5,1,1,3,1,1,0
201,2026-01-28,2,24,2,0,0,2,0,0,0
201,2026-01-29,4,28,3,1,2,1,1,0,0
201,2026-01-30,8,36,7,1,3,4,1,0,0
201,2026-01-31,9,45,8,1,3,4,1,1,0
201,2026-02-01,10,55,8,2,3,4,2,1,0
201,2026-02-02,8,63,7,1,3,4,1,0,0
201,2026-02-03,8,71,7,1,1,5,1,1,0
201,2026-02-04,7,78,5,2,0,4,2,1,0
201,2026-02-05,9,87,7,2,3,4,2,0,0
201,2026-02-06,11,98,10,1,2,8,1,0,0
201,2026-02-07,8,106,8,0,2,4,0,2,0
201,2026-02-08,7,113,5,2,1,4,2,0,0
201,2026-02-09,11,124,6,5,1,5,4,0,1
201,2026-02-10,17,141,15,2,5,8,1,2,1
202,2026-01-14,0,0,0,0,0,0,0,0,0
202,2026-01-15,0,0,0,0,0,0,0,0,0
202,2026-01-16,0,0,0,0,0,0,0,0,0
202,2026-01-17,0,0,0,0,0,0,0,0,0
202,2026-01-18,0,0,0,0,0,0,0,0,0
202,2026-01-19,0,0,0,0,0,0,0,0,0
202,2026-01-20,0,0,0,0,0,0,0,0,0
202,2026-01-21,0,0,0,0,0,0,0,0,0
202,2026-01-22,0,0,0,0,0,0,0,0,0
202,2026-01-23,0,0,0,0,0,0,0,0,0
202,2026-01-24,0,0,0,0,0,0,0,0,0
202,2026-01-25,8,8,6,2,3,3,2,0,0
202,2026-01-26,8,16,5,3,3,2,2,0,1
202,2026-01-27,2,18,1,1,1,0,1,0,0
202,2026-01-28,2,20,2,0,0,2,0,0,0
202,2026-01-29,8,28,5,3,0,4,1,1,2
202,2026-01-30,6,34,5,1,1,3,1,1,0
202,2026-01-31,5,39,4,1,3,1,1,0,0
202,2026-02-01,5,44,4,1,2,2,1,0,0
202,2026-02-02,8,52,7,1,2,3,0,2,1
202,2026-02-03,8,60,6,2,1,3,2,2,0
202,2026-02-04,8,68,7,1,0,7,1,0,0
202,2026-02-05,13,81,8,5,1,5,2,2,3
202,2026-02-06,14,95,10,4,3,7,4,0,0
202,2026-02-07,12,107,10,2,6,4,1,0,1
202,2026-02-08,10,117,7,3,3,4,2,0,1
202,2026-02-09,8,125,7,1,2,5,1,0,0
202,2026-02-10,13,138,12,1,4,8,1,0,0
203,2026-01-14,0,0,0,0,0,0,0,0,0
203,2026-01-15,0,0,0,0,0,0,0,0,0
203,2026-01-16,0,0,0,0,0,0,0,0,0
203,2026-01-17,0,0,0,0,0,0,0,0,0
203,2026-01-18,0,0,0,0,0,0,0,0,0
203,2026-01-19,0,0,0,0,0,0,0,0,0
203,2026-01-20,0,0,0,0,0,0,0,0,0
203,2026-01-21,0,0,0,0,0,0,0,0,0
203,2026-01-22,0,0,0,0,0,0,0,0,0
203,2026-01-23,0,0,0,0,0,0,0,0,0
203,2026-01-24,0,0,0,0,0,0,0,0,0
203,2026-01-25,2,2,2,0,1,1,0,0,0
203,2026-01-26,3,5,3,0,1,1,0,1,0
203,2026-01-27,3,8,3,0,1,2,0,0,0
203,2026-01-28,4,12,4,0,1,1,0,2,0
203,2026-01-29,5,17,2,3,0,2,3,0,0
203,2026-01-30,3,20,2,1,1,1,1,0,0
203,2026-01-31,4,24,3,1,0,3,1,0,0
203,2026-02-01,7,31,5,2,0,4,1,1,1
203,2026-02-02,2,33,1,1,0,1,1,0,0
203,2026-02-03,2,35,2,0,0,2,0,0,0
203,2026-02-04,4,39,3,1,1,2,1,0,0
203,2026-02-05,4,43,2,2,0,2,2,0,0
203,2026-02-06,6,49,5,1,1,4,1,0,0
203,2026-02-07,4,53,4,0,1,2,0,1,0
203,2026-02-08,5,58,5,0,0,4,0,1,0
203,2026-02-09,2,60,2,0,0,1,0,1,0
203,2026-02-10,3,63,2,1,0,1,1,1,0
204,2026-01-14,0,0,0,0,0,0,0,0,0
204,2026-01-15,0,0,0,0,0,0,0,0,0
204,2026-01-16,0,0,0,0,0,0,0,0,0
204,2026-01-17,0,0,0,0,0,0,0,0,0
204,2026-01-18,0,0,0,0,0,0,0,0,0
204,2026-01-19,0,0,0,0,0,0,0,0,0
204,2026-01-20,0,0,0,0,0,0,0,0,0
204,2026-01-21,0,0,0,0,0,0,0,0,0
204,2026-01-22,0,0,0,0,0,0,0,0,0
204,2026-01-23,0,0,0,0,0,0,0,0,0
204,2026-01-24,0,0,0,0,0,0,0,0,0
204,2026-01-25,2,2,1,1,0,1,0,0,1
204,2026-01-26,7,9,6,1,2,4,1,0,0
204,2026-01-27,6,15,4,2,0,3,1,1,1
204,2026-01-28,7,22,4,3,1,3,3,0,0
204,2026-01-29,1,23,1,0,0,1,0,0,0
204,2026-01-30,3,26,3,0,3,0,0,0,0
204,2026-01-31,4,30,2,2,1,1,1,0,1
204,2026-02-01,6,36,4,2,1,3,2,0,0
204,2026-02-02,5,41,5,0,3,1,0,1,0
204,2026-02-03,7,48,6,1,1,4,1,1,0
204,2026-02-04,5,53,4,1,4,0,1,0,0
204,2026-02-05,8,61,7,1,3,1,1,3,0
204,2026-02-06,8,69,6,2,2,3,2,1,0
204,2026-02-07,12,81,9,3,2,7,2,0,1
204,2026-02-08,7,88,6,1,1,4,1,1,0
204,2026-02-09,8,96,7,1,0,5,1,2,0
204,2026-02-10,12,108,8,4,0,8,4,0,0
205,2026-01-14,0,0,0,0,0,0,0,0,0
205,2026-01-15,0,0,0,0,0,0,0,0,0
205,2026-01-16,0,0,0,0,0,0,0,0,0
205,2026-01-17,0,0,0,0,0,0,0,0,0
205,2026-01-18,0,0,0,0,0,0,0,0,0
205,2026-01-19,0,0,0,0,0,0,0,0,0
205,2026-01-20,0,0,0,0,0,0,0,0,0
205,2026-01-21,0,0,0,0,0,0,0,0,0
205,2026-01-22,0,0,0,0,0,0,0,0,0
205,2026-01-23,0,0,0,0,0,0,0,0,0
205,2026-01-24,0,0,0,0,0,0,0,0,0
205,2026-01-25,12,12,10,2,4,6,1,0,1
205,2026-01-26,13,25,8,5,3,4,4,1,1
205,2026-01-27,5,30,3,2,2,0,2,1,0
205,2026-01-28,12,42,7,5,1,6,3,0,2
205,2026-01-29,8,50,6,2,2,4,1,0,1
205,2026-01-30,17,67,13,4,1,10,3,2,1
205,2026-01-31,14,81,10,4,4,6,3,0,1
205,2026-02-01,15,96,12,3,3,6,3,3,0
205,2026-02-02,19,115,12,7,2,7,7,3,0
205,2026-02-03,13,128,11,2,5,5,1,1,1
205,2026-02-04,11,139,8,3,2,4,2,2,1
205,2026-02-05,20,159,11,9,2,8,8,1,1
205,2026-02-06,30,189,25,5,9,13,2,3,3
205,2026-02-07,22,211,15,7,4,10,7,1,0
205,2026-02-08,27,238,21,6,3,15,4,3,2
205,2026-02-09,19,257,13,6,5,7,6,1,0
205,2026-02-10,15,272,11,4,2,8,2,1,2
206,2026-01-14,0,0,0,0,0,0,0,0,0
206,2026-01-15,0,0,0,0,0,0,0,0,0
206,2026-01-16,0,0,0,0,0,0,0,0,0
206,2026-01-17,0,0,0,0,0,0,0,0,0
206,2026-01-18,0,0,0,0,0,0,0,0,0
206,2026-01-19,0,0,0,0,0,0,0,0,0
206,2026-01-20,0,0,0,0,0,0,0,0,0
206,2026-01-21,0,0,0,0,0,0,0,0,0
206,2026-01-22,0,0,0,0,0,0,0,0,0
206,2026-01-23,0,0,0,0,0,0,0,0,0
206,2026-01-24,0,0,0,0,0,0,0,0,0
206,2026-01-25,6,6,5,1,2,3,1,0,0
206,2026-01-26,1,7,1,0,0,1,0,0,0
206,2026-01-27,2,9,2,0,1,1,0,0,0
206,2026-01-28,4,13,4,0,1,3,0,0,0
206,2026-01-29,1,14,1,0,0,0,0,1,0
206,2026-01-30,5,19,3,2,0,3,2,0,0
206,2026-01-31,7,26,5,2,3,2,2,0,0
206,2026-02-01,3,29,2,1,1,1,0,0,1
206,2026-02-02,5,34,2,3,0,2,2,0,1
206,2026-02-03,6,40,5,1,0,4,0,1,1
206,2026-02-04,8,48,6,2,3,3,2,0,0
206,2026-02-05,6,54,5,1,2,3,1,0,0
206,2026-02-06,7,61,5,2,1,3,2,1,0
206,2026-02-07,4,65,3,1,0,3,0,0,1
206,2026-02-08,9,74,9,0,5,4,0,0,0
206,2026-02-09,9,83,7,2,2,4,2,1,0
206,2026-02-10,11,94,8,3,3,3,3,2,0
207,2026-01-14,0,0,0,0,0,0,0,0,0
207,2026-01-15,0,0,0,0,0,0,0,0,0
207,2026-01-16,0,0,0,0,0,0,0,0,0
207,2026-01-17,0,0,0,0,0,0,0,0,0
207,2026-01-18,0,0,0,0,0,0,0,0,0
207,2026-01-19,0,0,0,0,0,0,0,0,0
207,2026-01-20,0,0,0,0,0,0,0,0,0
207,2026-01-21,0,0,0,0,0,0,0,0,0
207,2026-01-22,0,0,0,0,0,0,0,0,0
207,2026-01-23,0,0,0,0,0,0,0,0,0
207,2026-01-24,0,0,0,0,0,0,0,0,0
207,2026-01-25,3,3,2,1,1,1,1,0,0
207,2026-01-26,6,9,4,2,1,3,1,0,1
207,2026-01-27,4,13,4,0,2,2,0,0,0
207,2026-01-28,1,14,1,0,1,0,0,0,0
207,2026-01-29,4,18,4,0,1,3,0,0,0
207,2026-01-30,2,20,2,0,0,2,0,0,0
207,2026-01-31,6,26,4,2,3,1,1,0,1
207,2026-02-01,3,29,2,1,1,1,1,0,0
207,2026-02-02,3,32,3,0,1,1,0,1,0
207,2026-02-03,6,38,4,2,1,3,2,0,0
207,2026-02-04,7,45,5,2,3,2,2,0,0
207,2026-02-05,6,51,5,1,3,2,1,0,0
207,2026-02-06,3,54,3,0,1,1,0,1,0
207,2026-02-07,5,59,3,2,1,1,1,1,1
207,2026-02-08,9,68,5,4,0,4,3,1,1
207,2026-02-09,5,73,3,2,0,3,2,0,0
207,2026-02-10,6,79,3,3,2,1,2,0,1
208,2026-01-14,0,0,0,0,0,0,0,0,0
208,2026-01-15,0,0,0,0,0,0,0,0,0
208,2026-01-16,0,0,0,0,0,0,0,0,0
208,2026-01-17,0,0,0,0,0,0,0,0,0
208,2026-01-18,0,0,0,0,0,0,0,0,0
208,2026-01-19,0,0,0,0,0,0,0,0,0
208,2026-01-20,0,0,0,0,0,0,0,0,0
208,2026-01-21,0,0,0,0,0,0,0,0,0
208,2026-01-22,0,0,0,0,0,0,0,0,0
208,2026-01-23,0,0,0,0,0,0,0,0,0
208,2026-01-24,0,0,0,0,0,0,0,0,0
208,2026-01-25,5,5,3,2,2,0,2,1,0
208,2026-01-26,2,7,0,2,0,0,2,0,0
208,2026-01-27,2,9,2,0,1,1,0,0,0
208,2026-01-28,3,12,2,1,0,1,0,1,1
208,2026-01-29,2,14,2,0,0,2,0,0,0
208,2026-01-30,7,21,5,2,2,3,1,0,1
208,2026-01-31,1,22,1,0,0,1,0,0,0
208,2026-02-01,6,28,6,0,2,3,0,1,0
208,2026-02-02,2,30,2,0,1,1,0,0,0
208,2026-02-03,5,35,3,2,2,1,1,0,1
208,2026-02-04,6,41,4,2,1,1,2,2,0
208,2026-02-05,4,45,2,2,1,1,0,0,2
208,2026-02-06,8,53,6,2,1,3,1,2,1
208,2026-02-07,6,59,3,3,1,2,3,0,0
208,2026-02-08,7,66,3,4,0,3,4,0,0
208,2026-02-09,5,71,3,2,1,2,2,0,0
208,2026-02-10,3,74,2,1,0,2,1,0,0
209,2026-01-14,0,0,0,0,0,0,0,0,0
209,2026-01-15,0,0,0,0,0,0,0,0,0
209,2026-01-16,0,0,0,0,0,0,0,0,0
209,2026-01-17,0,0,0,0,0,0,0,0,0
209,2026-01-18,0,0,0,0,0,0,0,0,0
209,2026-01-19,0,0,0,0,0,0,0,0,0
209,2026-01-20,0,0,0,0,0,0,0,0,0
209,2026-01-21,0,0,0,0,0,0,0,0,0
209,2026-01-22,0,0,0,0,0,0,0,0,0
209,2026-01-23,0,0,0,0,0,0,0,0,0
209,2026-01-24,0,0,0,0,0,0,0,0,0
209,2026-01-25,3,3,1,2,0,1,2,0,0
209,2026-01-26,7,10,4,3,1,3,1,0,2
209,2026-01-27,3,13,2,1,0,2,0,0,1
209,2026-01-28,4,17,3,1,2,1,1,0,0
209,2026-01-29,9,26,6,3,3,3,3,0,0
209,2026-01-30,5,31,4,1,0,3,0,1,1
209,2026-01-31,4,35,2,2,0,2,2,0,0
209,2026-02-01,5,40,5,0,3,2,0,0,0
209,2026-02-02,11,51,7,4,0,5,3,2,1
209,2026-02-03,7,58,4,3,4,0,3,0,0
209,2026-02-04,6,64,3,3,1,2,2,0,1
209,2026-02-05,7,71,4,3,1,3,2,0,1
209,2026-02-06,14,85,9,5,2,6,3,1,2
209,2026-02-07,9,94,8,1,4,4,0,0,1
209,2026-02-08,13,107,9,4,3,4,4,2,0
209,2026-02-09,9,116,3,6,2,0,6,1,0
209,2026-02-10,9,125,3,6,0,3,5,0,1
210,2026-01-14,0,0,0,0,0,0,0,0,0
210,2026-01-15,0,0,0,0,0,0,0,0,0
210,2026-01-16,0,0,0,0,0,0,0,0,0
210,2026-01-17,0,0,0,0,0,0,0,0,0
210,2026-01-18,0,0,0,0,0,0,0,0,0
210,2026-01-19,0,0,0,0,0,0,0,0,0
210,2026-01-20,0,0,0,0,0,0,0,0,0
210,2026-01-21,0,0,0,0,0,0,0,0,0
210,2026-01-22,0,0,0,0,0,0,0,0,0
210,2026-01-23,0,0,0,0,0,0,0,0,0
210,2026-01-24,0,0,0,0,0,0,0,0,0
210,2026-01-25,5,5,4,1,1,3,1,0,0
210,2026-01-26,2,7,2,0,0,1,0,1,0
210,2026-01-27,5,12,4,1,0,3,1,1,0
210,2026-01-28,6,18,5,1,3,2,0,0,1
210,2026-01-29,3,21,1,2,0,1,1,0,1
210,2026-01-30,6,27,5,1,0,4,0,1,1
210,2026-01-31,4,31,3,1,1,1,1,1,0
210,2026-02-01,1,32,1,0,1,0,0,0,0
210,2026-02-02,6,38,4,2,1,3,2,0,0
210,2026-02-03,2,40,1,1,0,1,1,0,0
210,2026-02-04,6,46,3,3,0,3,1,0,2
210,2026-02-05,10,56,6,4,3,3,2,0,2
210,2026-02-06,9,65,6,3,1,3,1,2,2
210,2026-02-07,4,69,3,1,0,3,1,0,0
210,2026-02-08,6,75,5,1,5,0,0,0,1
210,2026-02-09,8,83,4,4,0,4,1,0,3
210,2026-02-10,9,92,6,3,4,2,3,0,0
211,2026-01-14,0,0,0,0,0,0,0,0,0
211,2026-01-15,0,0,0,0,0,0,0,0,0
211,2026-01-16,0,0,0,0,0,0,0,0,0
211,2026-01-17,0,0,0,0,0,0,0,0,0
211,2026-01-18,0,0,0,0,0,0,0,0,0
211,2026-01-19,0,0,0,0,0,0,0,0,0
211,2026-01-20,0,0,0,0,0,0,0,0,0
211,2026-01-21,0,0,0,0,0,0,0,0,0
211,2026-01-22,0,0,0,0,0,0,0,0,0
211,2026-01-23,0,0,0,0,0,0,0,0,0
211,2026-01-24,0,0,0,0,0,0,0,0,0
211,2026-01-25,7,7,6,1,2,3,0,1,1
211,2026-01-26,6,13,4,2,0,4,2,0,0
211,2026-01-27,3,16,2,1,0,2,1,0,0
211,2026-01-28,4,20,4,0,0,4,0,0,0
211,2026-01-29,2,22,2,0,2,0,0,0,0
211,2026-01-30,5,27,4,1,0,3,0,1,1
211,2026-01-31,1,28,1,0,1,0,0,0,0
211,2026-02-01,2,30,1,1,0,1,1,0,0
211,2026-02-02,3,33,3,0,1,2,0,0,0
211,2026-02-03,5,38,4,1,1,2,1,1,0
211,2026-02-04,2,40,2,0,0,1,0,1,0
211,2026-02-05,7,47,4,3,1,3,1,0,2
211,2026-02-06,12,59,11,1,2,9,1,0,0
211,2026-02-07,3,62,2,1,1,0,1,1,0
211,2026-02-08,5,67,5,0,1,4,0,0,0
211,2026-02-09,4,71,3,1,2,1,1,0,0
211,2026-02-10,6,77,5,1,0,5,0,0,1
212,2026-01-14,0,0,0,0,0,0,0,0,0
212,2026-01-15,0,0,0,0,0,0,0,0,0
212,2026-01-16,0,0,0,0,0,0,0,0,0
212,2026-01-17,0,0,0,0,0,0,0,0,0
212,2026-01-18,0,0,0,0,0,0,0,0,0
212,2026-01-19,0,0,0,0,0,0,0,0,0
212,2026-01-20,0,0,0,0,0,0,0,0,0
212,2026-01-21,0,0,0,0,0,0,0,0,0
212,2026-01-22,0,0,0,0,0,0,0,0,0
212,2026-01-23,0,0,0,0,0,0,0,0,0
212,2026-01-24,0,0,0,0,0,0,0,0,0
212,2026-01-25,4,4,3,1,2,1,0,0,1
212,2026-01-26,11,15,10,1,3,6,0,1,1
212,2026-01-27,2,17,2,0,1,1,0,0,0
212,2026-01-28,8,25,3,5,3,0,2,0,3
212,2026-01-29,7,32,6,1,3,3,1,0,0
212,2026-01-30,8,40,6,2,0,6,2,0,0
212,2026-01-31,2,42,2,0,1,1,0,0,0
212,2026-02-01,7,49,5,2,1,4,1,0,1
212,2026-02-02,6,55,6,0,1,5,0,0,0
212,2026-02-03,5,60,4,1,1,3,1,0,0
212,2026-02-04,8,68,7,1,2,4,0,1,1
212,2026-02-05,13,81,9,4,1,7,4,1,0
212,2026-02-06,2,83,2,0,0,1,0,1,0
212,2026-02-07,12,95,10,2,1,9,0,0,2
212,2026-02-08,14,109,11,3,3,5,1,3,2
212,2026-02-09,3,112,2,1,0,2,1,0,0
212,2026-02-10,12,124,9,3,3,4,3,2,0
213,2026-01-14,0,0,0,0,0,0,0,0,0
213,2026-01-15,0,0,0,0,0,0,0,0,0
213,2026-01-16,0,0,0,0,0,0,0,0,0
213,2026-01-17,0,0,0,0,0,0,0,0,0
213,2026-01-18,0,0,0,0,0,0,0,0,0
213,2026-01-19,0,0,0,0,0,0,0,0,0
213,2026-01-20,0,0,0,0,0,0,0,0,0
213,2026-01-21,0,0,0,0,0,0,0,0,0
213,2026-01-22,0,0,0,0,0,0,0,0,0
213,2026-01-23,0,0,0,0,0,0,0,0,0
213,2026-01-24,0,0,0,0,0,0,0,0,0
213,2026-01-25,8,8,7,1,3,4,1,0,0
213,2026-01-26,7,15,5,2,0,5,0,0,2
213,2026-01-27,4,19,1,3,0,1,3,0,0
213,2026-01-28,5,24,4,1,3,0,1,1,0
213,2026-01-29,2,26,2,0,0,1,0,1,0
213,2026-01-30,2,28,2,0,2,0,0,0,0
213,2026-01-31,5,33,4,1,1,3,1,0,0
213,2026-02-01,8,41,6,2,2,4,1,0,1
213,2026-02-02,7,48,4,3,2,1,3,1,0
213,2026-02-03,6,54,3,3,0,3,2,0,1
213,2026-02-04,13,67,11,2,1,8,2,2,0
213,2026-02-05,8,75,7,1,3,3,1,1,0
213,2026-02-06,15,90,11,4,3,7,2,1,2
213,2026-02-07,9,99,8,1,5,2,1,1,0
213,2026-02-08,11,110,7,4,1,6,2,0,2
213,2026-02-09,9,119,5,4,1,3,4,1,0
213,2026-02-10,17,136,11,6,3,7,4,1,2
214,2026-01-14,0,0,0,0,0,0,0,0,0
214,2026-01-15,0,0,0,0,0,0,0,0,0
214,2026-01-16,0,0,0,0,0,0,0,0,0
214,2026-01-17,0,0,0,0,0,0,0,0,0
214,2026-01-18,0,0,0,0,0,0,0,0,0
214,2026-01-19,0,0,0,0,0,0,0,0,0
214,2026-01-20,0,0,0,0,0,0,0,0,0
214,2026-01-21,0,0,0,0,0,0,0,0,0
214,2026-01-22,0,0,0,0,0,0,0,0,0
214,2026-01-23,0,0,0,0,0,0,0,0,0
214,2026-01-24,0,0,0,0,0,0,0,0,0
214,2026-01-25,3,3,2,1,0,1,1,1,0
214,2026-01-26,6,9,6,0,2,3,0,1,0
214,2026-01-27,4,13,3,1,0,2,1,1,0
214,2026-01-28,2,15,2,0,1,1,0,0,0
214,2026-01-29,8,23,8,0,2,6,0,0,0
214,2026-01-30,5,28,4,1,0,3,1,1,0
214,2026-01-31,7,35,4,3,1,3,3,0,0
214,2026-02-01,9,44,8,1,3,5,1,0,0
214,2026-02-02,10,54,6,4,3,3,4,0,0
214,2026-02-03,7,61,6,1,2,4,1,0,0
214,2026-02-04,6,67,6,0,0,6,0,0,0
214,2026-02-05,12,79,9,3,2,6,3,1,0
214,2026-02-06,16,95,14,2,4,10,0,0,2
214,2026-02-07,7,102,7,0,3,4,0,0,0
214,2026-02-08,18,120,15,3,2,12,3,1,0
214,2026-02-09,16,136,12,4,2,9,4,1,0
214,2026-02-10,12,148,10,2,4,6,2,0,0
215,2026-01-14,0,0,0,0,0,0,0,0,0
215,2026-01-15,0,0,0,0,0,0,0,0,0
215,2026-01-16,0,0,0,0,0,0,0,0,0
215,2026-01-17,0,0,0,0,0,0,0,0,0
215,2026-01-18,0,0,0,0,0,0,0,0,0
215,2026-01-19,0,0,0,0,0,0,0,0,0
215,2026-01-20,0,0,0,0,0,0,0,0,0
215,2026-01-21,0,0,0,0,0,0,0,0,0
215,2026-01-22,0,0,0,0,0,0,0,0,0
215,2026-01-23,0,0,0,0,0,0,0,0,0
215,2026-01-24,0,0,0,0,0,0,0,0,0
215,2026-01-25,5,5,4,1,0,4,1,0,0
215,2026-01-26,3,8,2,1,0,2,1,0,0
215,2026-01-27,7,15,5,2,0,5,2,0,0
215,2026-01-28,9,24,6,3,0,5,3,1,0
215,2026-01-29,7,31,7,0,1,6,0,0,0
215,2026-01-30,6,37,4,2,1,3,1,0,1
215,2026-01-31,6,43,3,3,0,3,3,0,0
215,2026-02-01,7,50,5,2,1,4,2,0,0
215,2026-02-02,5,55,4,1,1,3,1,0,0
215,2026-02-03,11,66,8,3,1,7,2,0,1
215,2026-02-04,14,80,12,2,3,7,2,2,0
215,2026-02-05,13,93,12,1,3,9,1,0,0
215,2026-02-06,16,109,14,2,4,9,2,1,0
215,2026-02-07,18,127,13,5,3,7,4,3,1
215,2026-02-08,11,138,10,1,3,5,1,2,0
215,2026-02-09,13,151,9,4,2,7,2,0,2
215,2026-02-10,9,160,8,1,4,3,1,1,0
216,2026-01-14,0,0,0,0,0,0,0,0,0
216,2026-01-15,0,0,0,0,0,0,0,0,0
216,2026-01-16,0,0,0,0,0,0,0,0,0
216,2026-01-17,0,0,0,0,0,0,0,0,0
216,2026-01-18,0,0,0,0,0,0,0,0,0
216,2026-01-19,0,0,0,0,0,0,0,0,0
216,2026-01-20,0,0,0,0,0,0,0,0,0
216,2026-01-21,0,0,0,0,0,0,0,0,0
216,2026-01-22,0,0,0,0,0,0,0,0,0
216,2026-01-23,0,0,0,0,0,0,0,0,0
216,2026-01-24,0,0,0,0,0,0,0,0,0
216,2026-01-25,6,6,5,1,1,4,1,0,0
216,2026-01-26,7,13,3,4,1,2,3,0,1
216,2026-01-27,4,17,2,2,1,1,1,0,1
216,2026-01-28,5,22,3,2,2,1,2,0,0
216,2026-01-29,8,30,8,0,0,8,0,0,0
216,2026-01-30,4,34,4,0,0,4,0,0,0
216,2026-01-31,6,40,4,2,0,3,2,1,0
216,2026-02-01,10,50,8,2,2,5,1,1,1
216,2026-02-02,5,55,4,1,1,3,0,0,1
216,2026-02-03,6,61,4,2,2,1,1,1,1
216,2026-02-04,6,67,5,1,1,3,1,1,0
216,2026-02-05,9,76,7,2,1,5,2,1,0
216,2026-02-06,7,83,5,2,1,3,2,1,0
216,2026-02-07,6,89,5,1,1,4,1,0,0
216,2026-02-08,16,105,13,3,1,11,3,1,0
216,2026-02-09,20,125,15,5,5,8,5,2,0
216,2026-02-10,8,133,7,1,3,4,0,0,1
217,2026-01-14,0,0,0,0,0,0,0,0,0
217,2026-01-15,0,0,0,0,0,0,0,0,0
217,2026-01-16,0,0,0,0,0,0,0,0,0
217,2026-01-17,0,0,0,0,0,0,0,0,0
217,2026-01-18,0,0,0,0,0,0,0,0,0
217,2026-01-19,0,0,0,0,0,0,0,0,0
217,2026-01-20,0,0,0,0,0,0,0,0,0
217,2026-01-21,0,0,0,0,0,0,0,0,0
217,2026-01-22,0,0,0,0,0,0,0,0,0
217,2026-01-23,0,0,0,0,0,0,0,0,0
217,2026-01-24,0,0,0,0,0,0,0,0,0
217,2026-01-25,6,6,6,0,3,2,0,1,0
217,2026-01-26,6,12,6,0,3,2,0,1,0
217,2026-01-27,5,17,4,1,1,3,0,0,1
217,2026-01-28,8,25,6,2,4,2,2,0,0
217,2026-01-29,4,29,2,2,1,1,2,0,0
217,2026-01-30,5,34,5,0,1,2,0,2,0
217,2026-01-31,7,41,6,1,1,3,0,2,1
217,2026-02-01,6,47,1,5,0,1,3,0,2
217,2026-02-02,11,58,10,1,2,7,1,1,0
217,2026-02-03,7,65,6,1,2,4,0,0,1
217,2026-02-04,9,74,7,2,4,3,0,0,2
217,2026-02-05,11,85,11,0,7,3,0,1,0
217,2026-02-06,17,102,12,5,4,7,3,1,2
217,2026-02-07,11,113,9,2,5,4,2,0,0
217,2026-02-08,12,125,9,3,3,5,3,1,0
217,2026-02-09,13,138,11,2,4,6,0,1,2
217,2026-02-10,9,147,7,2,2,4,2,1,0
218,2026-01-14,0,0,0,0,0,0,0,0,0
218,2026-01-15,0,0,0,0,0,0,0,0,0
218,2026-01-16,0,0,0,0,0,0,0,0,0
218,2026-01-17,0,0,0,0,0,0,0,0,0
218,2026-01-18,0,0,0,0,0,0,0,0,0
218,2026-01-19,0,0,0,0,0,0,0,0,0
218,2026-01-20,0,0,0,0,0,0,0,0,0
218,2026-01-21,0,0,0,0,0,0,0,0,0
218,2026-01-22,0,0,0,0,0,0,0,0,0
218,2026-01-23,0,0,0,0,0,0,0,0,0
218,2026-01-24,0,0,0,0,0,0,0,0,0
218,2026-01-25,5,5,5,0,1,3,0,1,0
218,2026-01-26,4,9,4,0,1,2,0,1,0
218,2026-01-27,4,13,4,0,2,1,0,1,0
218,2026-01-28,0,13,0,0,0,0,0,0,0
218,2026-01-29,4,17,2,2,1,1,2,0,0
218,2026-01-30,2,19,1,1,1,0,1,0,0
218,2026-01-31,8,27,7,1,1,5,1,1,0
218,2026-02-01,6,33,6,0,1,3,0,2,0
218,2026-02-02,3,36,3,0,1,2,0,0,0
218,2026-02-03,8,44,6,2,4,1,2,1,0
218,2026-02-04,4,48,4,0,1,3,0,0,0
218,2026-02-05,4,52,4,0,0,3,0,1,0
218,2026-02-06,6,58,6,0,2,4,0,0,0
218,2026-02-07,9,67,6,3,3,3,1,0,2
218,2026-02-08,11,78,9,2,1,8,2,0,0
218,2026-02-09,7,85,6,1,1,4,1,1,0
218,2026-02-10,6,91,3,3,1,2,2,0,1
219,2026-01-14,0,0,0,0,0,0,0,0,0
219,2026-01-15,0,0,0,0,0,0,0,0,0
219,2026-01-16,0,0,0,0,0,0,0,0,0
219,2026-01-17,0,0,0,0,0,0,0,0,0
219,2026-01-18,0,0,0,0,0,0,0,0,0
219,2026-01-19,0,0,0,0,0,0,0,0,0
219,2026-01-20,0,0,0,0,0,0,0,0,0
219,2026-01-21,0,0,0,0,0,0,0,0,0
219,2026-01-22,0,0,0,0,0,0,0,0,0
219,2026-01-23,0,0,0,0,0,0,0,0,0
219,2026-01-24,0,0,0,0,0,0,0,0,0
219,2026-01-25,6,6,5,1,3,1,1,1,0
219,2026-01-26,2,8,2,0,1,0,0,1,0
219,2026-01-27,3,11,3,0,2,1,0,0,0
219,2026-01-28,0,11,0,0,0,0,0,0,0
219,2026-01-29,2,13,1,1,0,1,1,0,0
219,2026-01-30,3,16,1,2,0,1,0,0,2
219,2026-01-31,4,20,1,3,0,0,1,1,2
219,2026-02-01,5,25,5,0,1,3,0,1,0
219,2026-02-02,1,26,1,0,0,1,0,0,0
219,2026-02-03,3,29,2,1,1,1,1,0,0
219,2026-02-04,5,34,4,1,0,3,1,1,0
219,2026-02-05,4,38,3,1,2,1,1,0,0
219,2026-02-06,5,43,2,3,0,1,3,1,0
219,2026-02-07,4,47,4,0,3,1,0,0,0
219,2026-02-08,9,56,8,1,3,5,1,0,0
219,2026-02-09,4,60,3,1,1,2,1,0,0
219,2026-02-10,3,63,2,1,0,1,0,1,1
220,2026-01-14,0,0,0,0,0,0,0,0,0
220,2026-01-15,0,0,0,0,0,0,0,0,0
220,2026-01-16,0,0,0,0,0,0,0,0,0
220,2026-01-17,0,0,0,0,0,0,0,0,0
220,2026-01-18,0,0,0,0,0,0,0,0,0
220,2026-01-19,0,0,0,0,0,0,0,0,0
220,2026-01-20,0,0,0,0,0,0,0,0,0
220,2026-01-21,0,0,0,0,0,0,0,0,0
220,2026-01-22,0,0,0,0,0,0,0,0,0
220,2026-01-23,0,0,0,0,0,0,0,0,0
220,2026-01-24,0,0,0,0,0,0,0,0,0
220,2026-01-25,12,12,10,2,3,7,1,0,1
220,2026-01-26,9,21,8,1,1,5,1,2,0
220,2026-01-27,4,25,4,0,0,3,0,1,0
220,2026-01-28,8,33,8,0,2,5,0,1,0
220,2026-01-29,6,39,5,1,0,5,0,0,1
220,2026-01-30,4,43,4,0,1,3,0,0,0
220,2026-01-31,6,49,6,0,0,4,0,2,0
220,2026-02-01,6,55,4,2,2,2,2,0,0
220,2026-02-02,8,63,6,2,4,2,2,0,0
220,2026-02-03,12,75,9,3,2,6,3,1,0
220,2026-02-04,10,85,6,4,1,4,3,1,1
220,2026-02-05,13,98,9,4,3,5,3,1,1
220,2026-02-06,12,110,10,2,1,8,2,1,0
220,2026-02-07,11,121,9,2,1,5,2,3,0
220,2026-02-08,4,125,3,1,1,2,1,0,0
220,2026-02-09,7,132,6,1,3,3,1,0,0
220,2026-02-10,9,141,7,2,3,4,1,0,1
221,2026-01-14,0,0,0,0,0,0,0,0,0
221,2026-01-15,0,0,0,0,0,0,0,0,0
221,2026-01-16,0,0,0,0,0,0,0,0,0
221,2026-01-17,0,0,0,0,0,0,0,0,0
221,2026-01-18,0,0,0,0,0,0,0,0,0
221,2026-01-19,0,0,0,0,0,0,0,0,0
221,2026-01-20,0,0,0,0,0,0,0,0,0
221,2026-01-21,0,0,0,0,0,0,0,0,0
221,2026-01-22,0,0,0,0,0,0,0,0,0
221,2026-01-23,0,0,0,0,0,0,0,0,0
221,2026-01-24,0,0,0,0,0,0,0,0,0
221,2026-01-25,9,9,8,1,6,2,1,0,0
221,2026-01-26,6,15,5,1,1,3,1,1,0
221,2026-01-27,6,21,5,1,4,1,0,0,1
221,2026-01-28,1,22,1,0,0,1,0,0,0
221,2026-01-29,5,27,4,1,2,2,1,0,0
221,2026-01-30,7,34,6,1,0,5,1,1,0
221,2026-01-31,4,38,3,1,1,2,1,0,0
221,2026-02-01,4,42,4,0,2,2,0,0,0
221,2026-02-02,15,57,10,5,3,6,3,1,2
221,2026-02-03,7,64,6,1,1,5,1,0,0
221,2026-02-04,10,74,8,2,1,6,1,1,1
221,2026-02-05,8,82,6,2,1,4,1,1,1
221,2026-02-06,6,88,6,0,2,4,0,0,0
221,2026-02-07,8,96,6,2,3,3,2,0,0
221,2026-02-08,9,105,7,2,2,4,1,1,1
221,2026-02-09,9,114,6,3,1,5,1,0,2
221,2026-02-10,10,124,9,1,0,7,1,2,0
222,2026-01-14,0,0,0,0,0,0,0,0,0
222,2026-01-15,0,0,0,0,0,0,0,0,0
222,2026-01-16,0,0,0,0,0,0,0,0,0
222,2026-01-17,0,0,0,0,0,0,0,0,0
222,2026-01-18,0,0,0,0,0,0,0,0,0
222,2026-01-19,0,0,0,0,0,0,0,0,0
222,2026-01-20,0,0,0,0,0,0,0,0,0
222,2026-01-21,0,0,0,0,0,0,0,0,0
222,2026-01-22,0,0,0,0,0,0,0,0,0
222,2026-01-23,0,0,0,0,0,0,0,0,0
222,2026-01-24,0,0,0,0,0,0,0,0,0
222,2026-01-25,5,5,4,1,1,3,0,0,1
222,2026-01-26,3,8,3,0,1,1,0,1,0
222,2026-01-27,4,12,4,0,1,3,0,0,0
222,2026-01-28,2,14,1,1,0,1,1,0,0
222,2026-01-29,2,16,2,0,0,2,0,0,0
222,2026-01-30,3,19,3,0,0,3,0,0,0
222,2026-01-31,4,23,4,0,0,3,0,1,0
222,2026-02-01,3,26,3,0,0,3,0,0,0
222,2026-02-02,3,29,3,0,3,0,0,0,0
222,2026-02-03,8,37,5,3,1,3,3,1,0
222,2026-02-04,5,42,4,1,0,3,1,1,0
222,2026-02-05,6,48,5,1,3,2,1,0,0
222,2026-02-06,11,59,9,2,2,7,2,0,0
222,2026-02-07,2,61,2,0,1,0,0,1,0
222,2026-02-08,7,68,6,1,2,4,1,0,0
222,2026-02-09,7,75,5,2,2,3,2,0,0
222,2026-02-10,12,87,9,3,4,5,2,0,1
223,2026-01-14,0,0,0,0,0,0,0,0,0
223,2026-01-15,0,0,0,0,0,0,0,0,0
223,2026-01-16,0,0,0,0,0,0,0,0,0
223,2026-01-17,0,0,0,0,0,0,0,0,0
223,2026-01-18,0,0,0,0,0,0,0,0,0
223,2026-01-19,0,0,0,0,0,0,0,0,0
223,2026-01-20,0,0,0,0,0,0,0,0,0
223,2026-01-21,0,0,0,0,0,0,0,0,0
223,2026-01-22,0,0,0,0,0,0,0,0,0
223,2026-01-23,0,0,0,0,0,0,0,0,0
223,2026-01-24,0,0,0,0,0,0,0,0,0
223,2026-01-25,5,5,5,0,2,2,0,1,0
223,2026-01-26,5,10,4,1,1,3,1,0,0
223,2026-01-27,3,13,3,0,1,1,0,1,0
223,2026-01-28,1,14,1,0,0,1,0,0,0
223,2026-01-29,13,27,8,5,2,6,5,0,0
223,2026-01-30,4,31,3,1,1,2,1,0,0
223,2026-01-31,5,36,4,1,1,3,1,0,0
223,2026-02-01,6,42,5,1,2,3,1,0,0
223,2026-02-02,8,50,7,1,2,3,0,2,1
223,2026-02-03,4,54,4,0,2,2,0,0,0
223,2026-02-04,9,63,5,4,0,5,4,0,0
223,2026-02-05,6,69,5,1,2,0,0,3,1
223,2026-02-06,7,76,5,2,1,4,2,0,0
223,2026-02-07,17,93,14,3,5,8,3,1,0
223,2026-02-08,11,104,9,2,1,6,1,2,1
223,2026-02-09,8,112,6,2,4,1,2,1,0
223,2026-02-10,12,124,10,2,4,5,2,1,0
224,2026-01-14,0,0,0,0,0,0,0,0,0
224,2026-01-15,0,0,0,0,0,0,0,0,0
224,2026-01-16,0,0,0,0,0,0,0,0,0
224,2026-01-17,0,0,0,0,0,0,0,0,0
224,2026-01-18,0,0,0,0,0,0,0,0,0
224,2026-01-19,0,0,0,0,0,0,0,0,0
224,2026-01-20,0,0,0,0,0,0,0,0,0
224,2026-01-21,0,0,0,0,0,0,0,0,0
224,2026-01-22,0,0,0,0,0,0,0,0,0
224,2026-01-23,0,0,0,0,0,0,0,0,0
224,2026-01-24,0,0,0,0,0,0,0,0,0
224,2026-01-25,13,13,9,4,1,8,3,0,1
224,2026-01-26,8,21,7,1,0,7,1,0,0
224,2026-01-27,5,26,5,0,2,3,0,0,0
224,2026-01-28,7,33,5,2,2,2,1,1,1
224,2026-01-29,4,37,4,0,0,4,0,0,0
224,2026-01-30,3,40,3,0,0,2,0,1,0
224,2026-01-31,10,50,8,2,3,4,2,1,0
224,2026-02-01,7,57,7,0,4,3,0,0,0
224,2026-02-02,7,64,6,1,1,5,1,0,0
224,2026-02-03,11,75,11,0,6,5,0,0,0
224,2026-02-04,7,82,7,0,2,4,0,1,0
224,2026-02-05,10,92,8,2,1,3,2,4,0
224,2026-02-06,7,99,7,0,2,5,0,0,0
224,2026-02-07,9,108,8,1,1,6,1,1,0
224,2026-02-08,12,120,11,1,6,5,0,0,1
224,2026-02-09,10,130,8,2,6,0,2,2,0
224,2026-02-10,8,138,6,2,2,2,2,2,0
225,2026-01-14,0,0,0,0,0,0,0,0,0
225,2026-01-15,0,0,0,0,0,0,0,0,0
225,2026-01-16,0,0,0,0,0,0,0,0,0
225,2026-01-17,0,0,0,0,0,0,0,0,0
225,2026-01-18,0,0,0,0,0,0,0,0,0
225,2026-01-19,0,0,0,0,0,0,0,0,0
225,2026-01-20,0,0,0,0,0,0,0,0,0
225,2026-01-21,0,0,0,0,0,0,0,0,0
225,2026-01-22,0,0,0,0,0,0,0,0,0
225,2026-01-23,0,0,0,0,0,0,0,0,0
225,2026-01-24,0,0,0,0,0,0,0,0,0
225,2026-01-25,6,6,5,1,4,1,1,0,0
225,2026-01-26,4,10,4,0,1,2,0,1,0
225,2026-01-27,2,12,2,0,0,1,0,1,0
225,2026-01-28,4,16,3,1,1,2,1,0,0
225,2026-01-29,4,20,3,1,1,2,1,0,0
225,2026-01-30,9,29,9,0,2,7,0,0,0
225,2026-01-31,1,30,1,0,0,1,0,0,0
225,2026-02-01,3,33,2,1,1,0,1,1,0
225,2026-02-02,7,40,7,0,1,5,0,1,0
225,2026-02-03,4,44,3,1,1,2,1,0,0
225,2026-02-04,5,49,4,1,1,3,1,0,0
225,2026-02-05,4,53,3,1,1,2,1,0,0
225,2026-02-06,6,59,5,1,0,5,1,0,0
225,2026-02-07,8,67,8,0,2,5,0,1,0
225,2026-02-08,4,71,3,1,1,2,0,0,1
225,2026-02-09,5,76,5,0,1,2,0,2,0
225,2026-02-10,8,84,6,2,3,3,1,0,1
226,2026-01-14,0,0,0,0,0,0,0,0,0
226,2026-01-15,0,0,0,0,0,0,0,0,0
226,2026-01-16,0,0,0,0,0,0,0,0,0
226,2026-01-17,0,0,0,0,0,0,0,0,0
226,2026-01-18,0,0,0,0,0,0,0,0,0
226,2026-01-19,0,0,0,0,0,0,0,0,0
226,2026-01-20,0,0,0,0,0,0,0,0,0
226,2026-01-21,0,0,0,0,0,0,0,0,0
226,2026-01-22,0,0,0,0,0,0,0,0,0
226,2026-01-23,0,0,0,0,0,0,0,0,0
226,2026-01-24,0,0,0,0,0,0,0,0,0
226,2026-01-25,3,3,3,0,0,3,0,0,0
226,2026-01-26,4,7,3,1,0,3,1,0,0
226,2026-01-27,8,15,5,3,2,1,2,2,1
226,2026-01-28,5,20,5,0,1,3,0,1,0
226,2026-01-29,5,25,3,2,2,1,2,0,0
226,2026-01-30,3,28,2,1,1,1,1,0,0
226,2026-01-31,5,33,4,1,1,2,1,1,0
226,2026-02-01,9,42,9,0,2,6,0,1,0
226,2026-02-02,6,48,4,2,1,3,1,0,1
226,2026-02-03,9,57,5,4,1,4,3,0,1
226,2026-02-04,5,62,4,1,1,3,1,0,0
226,2026-02-05,13,75,10,3,3,7,2,0,1
226,2026-02-06,9,84,5,4,3,2,3,0,1
226,2026-02-07,10,94,7,3,0,7,3,0,0
226,2026-02-08,11,105,7,4,0,7,4,0,0
226,2026-02-09,13,118,11,2,3,7,1,1,1
226,2026-02-10,14,132,11,3,4,6,3,1,0
227,2026-01-14,0,0,0,0,0,0,0,0,0
227,2026-01-15,0,0,0,0,0,0,0,0,0
227,2026-01-16,0,0,0,0,0,0,0,0,0
227,2026-01-17,0,0,0,0,0,0,0,0,0
227,2026-01-18,0,0,0,0,0,0,0,0,0
227,2026-01-19,0,0,0,0,0,0,0,0,0
227,2026-01-20,0,0,0,0,0,0,0,0,0
227,2026-01-21,0,0,0,0,0,0,0,0,0
227,2026-01-22,0,0,0,0,0,0,0,0,0
227,2026-01-23,0,0,0,0,0,0,0,0,0
227,2026-01-24,0,0,0,0,0,0,0,0,0
227,2026-01-25,7,7,5,2,1,3,1,1,1
227,2026-01-26,2,9,2,0,0,2,0,0,0
227,2026-01-27,5,14,5,0,3,2,0,0,0
227,2026-01-28,7,21,6,1,1,4,1,1,0
227,2026-01-29,5,26,4,1,2,1,1,1,0
227,2026-01-30,5,31,5,0,1,2,0,2,0
227,2026-01-31,7,38,6,1,1,4,1,1,0
227,2026-02-01,4,42,1,3,0,1,2,0,1
227,2026-02-02,10,52,8,2,1,7,1,0,1
227,2026-02-03,7,59,7,0,4,3,0,0,0
227,2026-02-04,13,72,12,1,2,10,1,0,0
227,2026-02-05,8,80,6,2,2,3,1,1,1
227,2026-02-06,6,86,6,0,3,2,0,1,0
227,2026-02-07,11,97,10,1,1,7,1,2,0
227,2026-02-08,12,109,9,3,1,8,3,0,0
227,2026-02-09,8,117,6,2,2,4,2,0,0
227,2026-02-10,12,129,7,5,4,3,4,0,1
228,2026-01-14,0,0,0,0,0,0,0,0,0
228,2026-01-15,0,0,0,0,0,0,0,0,0
228,2026-01-16,0,0,0,0,0,0,0,0,0
228,2026-01-17,0,0,0,0,0,0,0,0,0
228,2026-01-18,0,0,0,0,0,0,0,0,0
228,2026-01-19,0,0,0,0,0,0,0,0,0
228,2026-01-20,0,0,0,0,0,0,0,0,0
228,2026-01-21,0,0,0,0,0,0,0,0,0
228,2026-01-22,0,0,0,0,0,0,0,0,0
228,2026-01-23,0,0,0,0,0,0,0,0,0
228,2026-01-24,0,0,0,0,0,0,0,0,0
228,2026-01-25,9,9,9,0,1,8,0,0,0
228,2026-01-26,6,15,5,1,0,5,1,0,0
228,2026-01-27,4,19,4,0,1,3,0,0,0
228,2026-01-28,4,23,2,2,0,1,2,1,0
228,2026-01-29,3,26,2,1,1,1,0,0,1
228,2026-01-30,3,29,3,0,1,2,0,0,0
228,2026-01-31,5,34,4,1,1,2,1,1,0
228,2026-02-01,6,40,6,0,0,5,0,1,0
228,2026-02-02,8,48,7,1,1,5,1,1,0
228,2026-02-03,5,53,3,2,1,2,2,0,0
228,2026-02-04,11,64,9,2,2,5,2,2,0
228,2026-02-05,7,71,4,3,0,4,3,0,0
228,2026-02-06,11,82,11,0,5,5,0,1,0
228,2026-02-07,8,90,8,0,1,5,0,2,0
228,2026-02-08,8,98,6,2,3,2,2,1,0
228,2026-02-09,9,107,5,4,2,3,4,0,0
228,2026-02-10,10,117,7,3,0,6,2,1,1
229,2026-01-14,0,0,0,0,0,0,0,0,0
229,2026-01-15,0,0,0,0,0,0,0,0,0
229,2026-01-16,0,0,0,0,0,0,0,0,0
229,2026-01-17,0,0,0,0,0,0,0,0,0
229,2026-01-18,0,0,0,0,0,0,0,0,0
229,2026-01-19,0,0,0,0,0,0,0,0,0
229,2026-01-20,0,0,0,0,0,0,0,0,0
229,2026-01-21,0,0,0,0,0,0,0,0,0
229,2026-01-22,0,0,0,0,0,0,0,0,0
229,2026-01-23,0,0,0,0,0,0,0,0,0
229,2026-01-24,0,0,0,0,0,0,0,0,0
229,2026-01-25,7,7,7,0,1,4,0,2,0
229,2026-01-26,5,12,5,0,1,3,0,1,0
229,2026-01-27,4,16,4,0,0,4,0,0,0
229,2026-01-28,6,22,6,0,1,5,0,0,0
229,2026-01-29,4,26,4,0,0,4,0,0,0
229,2026-01-30,6,32,6,0,3,3,0,0,0
229,2026-01-31,5,37,5,0,0,4,0,1,0
229,2026-02-01,6,43,5,1,1,4,1,0,0
229,2026-02-02,13,56,10,3,4,5,1,1,2
229,2026-02-03,13,69,11,2,3,3,1,5,1
229,2026-02-04,8,77,7,1,4,2,1,1,0
229,2026-02-05,7,84,6,1,2,3,1,1,0
229,2026-02-06,5,89,5,0,0,4,0,1,0
229,2026-02-07,7,96,7,0,2,5,0,0,0
229,2026-02-08,12,108,9,3,3,5,3,1,0
229,2026-02-09,8,116,7,1,1,4,0,2,1
229,2026-02-10,8,124,5,3,1,2,2,2,1
230,2026-01-14,0,0,0,0,0,0,0,0,0
230,2026-01-15,0,0,0,0,0,0,0,0,0
230,2026-01-16,0,0,0,0,0,0,0,0,0
230,2026-01-17,0,0,0,0,0,0,0,0,0
230,2026-01-18,0,0,0,0,0,0,0,0,0
230,2026-01-19,0,0,0,0,0,0,0,0,0
230,2026-01-20,0,0,0,0,0,0,0,0,0
230,2026-01-21,0,0,0,0,0,0,0,0,0
230,2026-01-22,0,0,0,0,0,0,0,0,0
230,2026-01-23,0,0,0,0,0,0,0,0,0
230,2026-01-24,0,0,0,0,0,0,0,0,0
230,2026-01-25,6,6,4,2,1,2,2,1,0
230,2026-01-26,8,14,8,0,3,4,0,1,0
230,2026-01-27,5,19,3,2,2,1,2,0,0
230,2026-01-28,2,21,2,0,0,2,0,0,0
230,2026-01-29,4,25,2,2,0,2,1,0,1
230,2026-01-30,4,29,4,0,0,3,0,1,0
230,2026-01-31,5,34,4,1,2,2,0,0,1
230,2026-02-01,2,36,1,1,0,1,1,0,0
230,2026-02-02,5,41,2,3,1,1,2,0,1
230,2026-02-03,10,51,8,2,3,4,1,1,1
230,2026-02-04,7,58,5,2,3,2,1,0,1
230,2026-02-05,8,66,7,1,2,3,0,2,1
230,2026-02-06,7,73,5,2,3,1,2,1,0
230,2026-02-07,7,80,6,1,2,4,1,0,0
230,2026-02-08,12,92,10,2,4,5,1,1,1
230,2026-02-09,4,96,3,1,1,2,0,0,1
230,2026-02-10,8,104,7,1,3,4,0,0,1
231,2026-01-14,0,0,0,0,0,0,0,0,0
231,2026-01-15,0,0,0,0,0,0,0,0,0
231,2026-01-16,0,0,0,0,0,0,0,0,0
231,2026-01-17,0,0,0,0,0,0,0,0,0
231,2026-01-18,0,0,0,0,0,0,0,0,0
231,2026-01-19,0,0,0,0,0,0,0,0,0
231,2026-01-20,0,0,0,0,0,0,0,0,0
231,2026-01-21,0,0,0,0,0,0,0,0,0
231,2026-01-22,0,0,0,0,0,0,0,0,0
231,2026-01-23,0,0,0,0,0,0,0,0,0
231,2026-01-24,0,0,0,0,0,0,0,0,0
231,2026-01-25,2,2,2,0,1,1,0,0,0
231,2026-01-26,1,3,1,0,0,1,0,0,0
231,2026-01-27,4,7,2,2,1,1,1,0,1
231,2026-01-28,1,8,1,0,1,0,0,0,0
231,2026-01-29,1,9,1,0,0,1,0,0,0
231,2026-01-30,0,9,0,0,0,0,0,0,0
231,2026-01-31,4,13,4,0,3,1,0,0,0
231,2026-02-01,1,14,1,0,0,0,0,1,0
231,2026-02-02,3,17,3,0,0,3,0,0,0
231,2026-02-03,3,20,3,0,2,0,0,1,0
231,2026-02-04,5,25,5,0,2,3,0,0,0
231,2026-02-05,4,29,2,2,0,2,1,0,1
231,2026-02-06,4,33,3,1,2,1,1,0,0
231,2026-02-07,4,37,3,1,1,2,1,0,0
231,2026-02-08,5,42,3,2,1,2,1,0,1
231,2026-02-09,10,52,8,2,4,3,2,1,0
231,2026-02-10,7,59,6,1,2,2,1,2,0
232,2026-01-14,0,0,0,0,0,0,0,0,0
232,2026-01-15,0,0,0,0,0,0,0,0,0
232,2026-01-16,0,0,0,0,0,0,0,0,0
232,2026-01-17,0,0,0,0,0,0,0,0,0
232,2026-01-18,0,0,0,0,0,0,0,0,0
232,2026-01-19,0,0,0,0,0,0,0,0,0
232,2026-01-20,0,0,0,0,0,0,0,0,0
232,2026-01-21,0,0,0,0,0,0,0,0,0
232,2026-01-22,0,0,0,0,0,0,0,0,0
232,2026-01-23,0,0,0,0,0,0,0,0,0
232,2026-01-24,0,0,0,0,0,0,0,0,0
232,2026-01-25,10,10,9,1,3,4,1,2,0
232,2026-01-26,5,15,3,2,0,3,2,0,0
232,2026-01-27,6,21,5,1,0,5,1,0,0
232,2026-01-28,2,23,2,0,1,1,0,0,0
232,2026-01-29,6,29,4,2,1,3,1,0,1
232,2026-01-30,4,33,2,2,1,1,2,0,0
232,2026-01-31,6,39,4,2,2,1,2,1,0
232,2026-02-01,8,47,7,1,3,4,0,0,1
232,2026-02-02,9,56,8,1,2,4,1,2,0
232,2026-02-03,7,63,7,0,3,3,0,1,0
232,2026-02-04,7,70,7,0,1,5,0,1,0
232,2026-02-05,12,82,9,3,4,5,2,0,1
232,2026-02-06,11,93,8,3,1,7,3,0,0
232,2026-02-07,12,105,10,2,2,7,2,1,0
232,2026-02-08,4,109,3,1,2,0,1,1,0
232,2026-02-09,9,118,7,2,1,6,2,0,0
232,2026-02-10,15,133,13,2,5,6,2,2,0
233,2026-01-14,0,0,0,0,0,0,0,0,0
233,2026-01-15,0,0,0,0,0,0,0,0,0
233,2026-01-16,0,0,0,0,0,0,0,0,0
233,2026-01-17,0,0,0,0,0,0,0,0,0
233,2026-01-18,0,0,0,0,0,0,0,0,0
233,2026-01-19,0,0,0,0,0,0,0,0,0
233,2026-01-20,0,0,0,0,0,0,0,0,0
233,2026-01-21,0,0,0,0,0,0,0,0,0
233,2026-01-22,0,0,0,0,0,0,0,0,0
233,2026-01-23,0,0,0,0,0,0,0,0,0
233,2026-01-24,0,0,0,0,0,0,0,0,0
233,2026-01-25,12,12,11,1,6,5,1,0,0
233,2026-01-26,4,16,4,0,1,3,0,0,0
233,2026-01-27,8,24,6,2,3,3,1,0,1
233,2026-01-28,3,27,3,0,0,2,0,1,0
233,2026-01-29,9,36,9,0,1,5,0,3,0
233,2026-01-30,10,46,7,3,2,5,3,0,0
233,2026-01-31,3,49,3,0,1,2,0,0,0
233,2026-02-01,10,59,7,3,3,3,3,1,0
233,2026-02-02,12,71,10,2,3,7,2,0,0
233,2026-02-03,12,83,11,1,5,4,1,2,0
233,2026-02-04,11,94,8,3,4,4,3,0,0
233,2026-02-05,10,104,9,1,2,6,1,1,0
233,2026-02-06,6,110,5,1,1,4,1,0,0
233,2026-02-07,5,115,4,1,2,1,1,1,0
233,2026-02-08,12,127,9,3,2,5,2,2,1
233,2026-02-09,11,138,10,1,4,4,1,2,0
233,2026-02-10,10,148,10,0,3,7,0,0,0
234,2026-01-14,0,0,0,0,0,0,0,0,0
234,2026-01-15,0,0,0,0,0,0,0,0,0
234,2026-01-16,0,0,0,0,0,0,0,0,0
234,2026-01-17,0,0,0,0,0,0,0,0,0
234,2026-01-18,0,0,0,0,0,0,0,0,0
234,2026-01-19,0,0,0,0,0,0,0,0,0
234,2026-01-20,0,0,0,0,0,0,0,0,0
234,2026-01-21,0,0,0,0,0,0,0,0,0
234,2026-01-22,0,0,0,0,0,0,0,0,0
234,2026-01-23,0,0,0,0,0,0,0,0,0
234,2026-01-24,0,0,0,0,0,0,0,0,0
234,2026-01-25,6,6,4,2,0,2,2,2,0
234,2026-01-26,4,10,3,1,0,3,1,0,0
234,2026-01-27,7,17,6,1,2,4,0,0,1
234,2026-01-28,2,19,2,0,0,1,0,1,0
234,2026-01-29,6,25,6,0,2,3,0,1,0
234,2026-01-30,6,31,5,1,3,2,1,0,0
234,2026-01-31,6,37,5,1,0,3,1,2,0
234,2026-02-01,5,42,3,2,1,1,2,1,0
234,2026-02-02,7,49,5,2,2,3,2,0,0
234,2026-02-03,6,55,6,0,2,4,0,0,0
234,2026-02-04,8,63,6,2,0,6,2,0,0
234,2026-02-05,9,72,9,0,1,6,0,2,0
234,2026-02-06,6,78,5,1,0,5,1,0,0
234,2026-02-07,5,83,4,1,1,3,1,0,0
234,2026-02-08,6,89,4,2,2,1,1,1,1
234,2026-02-09,8,97,6,2,1,4,1,1,1
234,2026-02-10,3,100,2,1,0,1,1,1,0
235,2026-01-14,0,0,0,0,0,0,0,0,0
235,2026-01-15,0,0,0,0,0,0,0,0,0
235,2026-01-16,0,0,0,0,0,0,0,0,0
235,2026-01-17,0,0,0,0,0,0,0,0,0
235,2026-01-18,0,0,0,0,0,0,0,0,0
235,2026-01-19,0,0,0,0,0,0,0,0,0
235,2026-01-20,0,0,0,0,0,0,0,0,0
235,2026-01-21,0,0,0,0,0,0,0,0,0
235,2026-01-22,0,0,0,0,0,0,0,0,0
235,2026-01-23,0,0,0,0,0,0,0,0,0
235,2026-01-24,0,0,0,0,0,0,0,0,0
235,2026-01-25,10,10,10,0,1,7,0,2,0
235,2026-01-26,7,17,7,0,5,2,0,0,0
235,2026-01-27,2,19,1,1,0,1,1,0,0
235,2026-01-28,3,22,2,1,0,2,1,0,0
235,2026-01-29,3,25,3,0,1,2,0,0,0
235,2026-01-30,5,30,3,2,2,1,1,0,1
235,2026-01-31,4,34,4,0,0,3,0,1,0
235,2026-02-01,5,39,5,0,0,5,0,0,0
235,2026-02-02,12,51,10,2,4,5,2,1,0
235,2026-02-03,6,57,6,0,0,6,0,0,0
235,2026-02-04,8,65,6,2,3,3,1,0,1
235,2026-02-05,5,70,5,0,2,2,0,1,0
235,2026-02-06,9,79,8,1,4,4,1,0,0
235,2026-02-07,8,87,7,1,2,5,0,0,1
235,2026-02-08,11,98,9,2,4,4,1,1,1
235,2026-02-09,9,107,8,1,2,6,1,0,0
235,2026-02-10,14,121,12,2,3,7,2,2,0
236,2026-01-14,0,0,0,0,0,0,0,0,0
236,2026-01-15,0,0,0,0,0,0,0,0,0
236,2026-01-16,0,0,0,0,0,0,0,0,0
236,2026-01-17,0,0,0,0,0,0,0,0,0
236,2026-01-18,0,0,0,0,0,0,0,0,0
236,2026-01-19,0,0,0,0,0,0,0,0,0
236,2026-01-20,0,0,0,0,0,0,0,0,0
236,2026-01-21,0,0,0,0,0,0,0,0,0
236,2026-01-22,0,0,0,0,0,0,0,0,0
236,2026-01-23,0,0,0,0,0,0,0,0,0
236,2026-01-24,0,0,0,0,0,0,0,0,0
236,2026-01-25,7,7,5,2,0,5,2,0,0
236,2026-01-26,7,14,6,1,2,3,1,1,0
236,2026-01-27,6,20,6,0,2,4,0,0,0
236,2026-01-28,11,31,8,3,2,6,2,0,1
236,2026-01-29,6,37,5,1,2,1,1,2,0
236,2026-01-30,8,45,6,2,0,5,2,1,0
236,2026-01-31,4,49,4,0,1,1,0,2,0
236,2026-02-01,6,55,5,1,3,2,0,0,1
236,2026-02-02,11,66,9,2,2,7,2,0,0
236,2026-02-03,11,77,8,3,3,5,2,0,1
236,2026-02-04,9,86,4,5,0,4,3,0,2
236,2026-02-05,10,96,7,3,1,4,3,2,0
236,2026-02-06,8,104,8,0,2,4,0,2,0
236,2026-02-07,5,109,4,1,1,3,1,0,0
236,2026-02-08,6,115,3,3,1,1,2,1,1
236,2026-02-09,11,126,8,3,3,4,3,1,0
236,2026-02-10,12,138,10,2,4,5,2,1,0
237,2026-01-14,0,0,0,0,0,0,0,0,0
237,2026-01-15,0,0,0,0,0,0,0,0,0
237,2026-01-16,0,0,0,0,0,0,0,0,0
237,2026-01-17,0,0,0,0,0,0,0,0,0
237,2026-01-18,0,0,0,0,0,0,0,0,0
237,2026-01-19,0,0,0,0,0,0,0,0,0
237,2026-01-20,0,0,0,0,0,0,0,0,0
237,2026-01-21,0,0,0,0,0,0,0,0,0
237,2026-01-22,0,0,0,0,0,0,0,0,0
237,2026-01-23,0,0,0,0,0,0,0,0,0
237,2026-01-24,0,0,0,0,0,0,0,0,0
237,2026-01-25,3,3,3,0,1,2,0,0,0
237,2026-01-26,3,6,3,0,1,1,0,1,0
237,2026-01-27,3,9,3,0,0,3,0,0,0
237,2026-01-28,2,11,2,0,1,1,0,0,0
237,2026-01-29,4,15,2,2,0,2,2,0,0
237,2026-01-30,4,19,2,2,1,1,2,0,0
237,2026-01-31,8,27,7,1,3,3,1,1,0
237,2026-02-01,4,31,3,1,2,1,1,0,0
237,2026-02-02,3,34,1,2,0,1,1,0,1
237,2026-02-03,10,44,5,5,2,3,5,0,0
237,2026-02-04,5,49,3,2,1,2,2,0,0
237,2026-02-05,3,52,3,0,1,1,0,1,0
237,2026-02-06,5,57,4,1,1,3,0,0,1
237,2026-02-07,4,61,4,0,2,1,0,1,0
237,2026-02-08,7,68,6,1,2,4,0,0,1
237,2026-02-09,11,79,10,1,3,7,1,0,0
237,2026-02-10,8,87,5,3,1,4,2,0,1
238,2026-01-14,0,0,0,0,0,0,0,0,0
238,2026-01-15,0,0,0,0,0,0,0,0,0
238,2026-01-16,0,0,0,0,0,0,0,0,0
238,2026-01-17,0,0,0,0,0,0,0,0,0
238,2026-01-18,0,0,0,0,0,0,0,0,0
238,2026-01-19,0,0,0,0,0,0,0,0,0
238,2026-01-20,0,0,0,0,0,0,0,0,0
238,2026-01-21,0,0,0,0,0,0,0,0,0
238,2026-01-22,0,0,0,0,0,0,0,0,0
238,2026-01-23,0,0,0,0,0,0,0,0,0
238,2026-01-24,0,0,0,0,0,0,0,0,0
238,2026-01-25,6,6,6,0,2,3,0,1,0
238,2026-01-26,8,14,6,2,2,3,2,1,0
238,2026-01-27,3,17,2,1,0,1,1,1,0
238,2026-01-28,4,21,4,0,1,2,0,1,0
238,2026-01-29,5,26,4,1,1,1,1,2,0
238,2026-01-30,4,30,4,0,1,3,0,0,0
238,2026-01-31,2,32,2,0,1,1,0,0,0
238,2026-02-01,5,37,4,1,0,3,1,1,0
238,2026-02-02,2,39,2,0,0,2,0,0,0
238,2026-02-03,4,43,2,2,0,2,2,0,0
238,2026-02-04,12,55,9,3,1,7,2,1,1
238,2026-02-05,6,61,5,1,2,3,1,0,0
238,2026-02-06,9,70,8,1,1,7,1,0,0
238,2026-02-07,8,78,8,0,3,4,0,1,0
238,2026-02-08,5,83,4,1,0,4,1,0,0
238,2026-02-09,5,88,5,0,1,4,0,0,0
238,2026-02-10,7,95,7,0,1,6,0,0,0
239,2026-01-14,0,0,0,0,0,0,0,0,0
239,2026-01-15,0,0,0,0,0,0,0,0,0
239,2026-01-16,0,0,0,0,0,0,0,0,0
239,2026-01-17,0,0,0,0,0,0,0,0,0
239,2026-01-18,0,0,0,0,0,0,0,0,0
239,2026-01-19,0,0,0,0,0,0,0,0,0
239,2026-01-20,0,0,0,0,0,0,0,0,0
239,2026-01-21,0,0,0,0,0,0,0,0,0
239,2026-01-22,0,0,0,0,0,0,0,0,0
239,2026-01-23,0,0,0,0,0,0,0,0,0
239,2026-01-24,0,0,0,0,0,0,0,0,0
239,2026-01-25,5,5,5,0,1,3,0,1,0
239,2026-01-26,2,7,2,0,0,2,0,0,0
239,2026-01-27,1,8,1,0,0,1,0,0,0
239,2026-01-28,2,10,2,0,1,1,0,0,0
239,2026-01-29,2,12,2,0,0,2,0,0,0
239,2026-01-30,3,15,3,0,1,2,0,0,0
239,2026-01-31,6,21,6,0,0,4,0,2,0
239,2026-02-01,6,27,6,0,1,4,0,1,0
239,2026-02-02,4,31,2,2,1,1,2,0,0
239,2026-02-03,6,37,4,2,2,2,1,0,1
239,2026-02-04,3,40,2,1,0,2,1,0,0
239,2026-02-05,1,41,0,1,0,0,1,0,0
239,2026-02-06,4,45,3,1,0,3,1,0,0
239,2026-02-07,2,47,2,0,1,1,0,0,0
239,2026-02-08,6,53,5,1,2,2,1,1,0
239,2026-02-09,2,55,2,0,0,2,0,0,0
239,2026-02-10,3,58,3,0,1,2,0,0,0
240,2026-01-14,0,0,0,0,0,0,0,0,0
240,2026-01-15,0,0,0,0,0,0,0,0,0
240,2026-01-16,0,0,0,0,0,0,0,0,0
240,2026-01-17,0,0,0,0,0,0,0,0,0
240,2026-01-18,0,0,0,0,0,0,0,0,0
240,2026-01-19,0,0,0,0,0,0,0,0,0
240,2026-01-20,0,0,0,0,0,0,0,0,0
240,2026-01-21,0,0,0,0,0,0,0,0,0
240,2026-01-22,0,0,0,0,0,0,0,0,0
240,2026-01-23,0,0,0,0,0,0,0,0,0
240,2026-01-24,0,0,0,0,0,0,0,0,0
240,2026-01-25,10,10,8,2,4,4,2,0,0
240,2026-01-26,4,14,4,0,1,3,0,0,0
240,2026-01-27,5,19,5,0,0,5,0,0,0
240,2026-01-28,3,22,3,0,2,1,0,0,0
240,2026-01-29,5,27,3,2,1,2,1,0,1
240,2026-01-30,4,31,3,1,2,0,1,1,0
240,2026-01-31,9,40,6,3,3,3,1,0,2
240,2026-02-01,5,45,3,2,0,2,2,1,0
240,2026-02-02,5,50,2,3,1,1,3,0,0
240,2026-02-03,9,59,6,3,2,4,1,0,2
240,2026-02-04,8,67,4,4,1,3,3,0,1
240,2026-02-05,13,80,9,4,3,5,3,1,1
240,2026-02-06,14,94,12,2,1,10,2,1,0
240,2026-02-07,8,102,6,2,2,3,1,1,1
240,2026-02-08,9,111,6,3,4,1,3,1,0
240,2026-02-09,7,118,5,2,1,4,1,0,1
240,2026-02-10,18,136,10,8,1,6,7,3,1
241,2026-01-14,0,0,0,0,0,0,0,0,0
241,2026-01-15,0,0,0,0,0,0,0,0,0
241,2026-01-16,0,0,0,0,0,0,0,0,0
241,2026-01-17,0,0,0,0,0,0,0,0,0
241,2026-01-18,0,0,0,0,0,0,0,0,0
241,2026-01-19,0,0,0,0,0,0,0,0,0
241,2026-01-20,0,0,0,0,0,0,0,0,0
241,2026-01-21,0,0,0,0,0,0,0,0,0
241,2026-01-22,0,0,0,0,0,0,0,0,0
241,2026-01-23,0,0,0,0,0,0,0,0,0
241,2026-01-24,0,0,0,0,0,0,0,0,0
241,2026-01-25,5,5,3,2,1,2,2,0,0
241,2026-01-26,6,11,3,3,0,3,3,0,0
241,2026-01-27,4,15,3,1,2,1,1,0,0
241,2026-01-28,7,22,6,1,0,6,0,0,1
241,2026-01-29,4,26,4,0,4,0,0,0,0
241,2026-01-30,7,33,7,0,2,5,0,0,0
241,2026-01-31,3,36,2,1,0,1,1,1,0
241,2026-02-01,7,43,4,3,0,4,3,0,0
241,2026-02-02,9,52,5,4,2,3,3,0,1
241,2026-02-03,9,61,8,1,1,6,1,1,0
241,2026-02-04,16,77,15,1,6,9,1,0,0
241,2026-02-05,9,86,7,2,3,4,2,0,0
241,2026-02-06,9,95,8,1,1,6,0,1,1
241,2026-02-07,15,110,11,4,4,5,3,2,1
241,2026-02-08,7,117,5,2,1,3,2,1,0
241,2026-02-09,14,131,6,8,0,5,6,1,2
241,2026-02-10,10,141,5,5,0,3,4,2,1
242,2026-01-14,0,0,0,0,0,0,0,0,0
242,2026-01-15,0,0,0,0,0,0,0,0,0
242,2026-01-16,0,0,0,0,0,0,0,0,0
242,2026-01-17,0,0,0,0,0,0,0,0,0
242,2026-01-18,0,0,0,0,0,0,0,0,0
242,2026-01-19,0,0,0,0,0,0,0,0,0
242,2026-01-20,0,0,0,0,0,0,0,0,0
242,2026-01-21,0,0,0,0,0,0,0,0,0
242,2026-01-22,0,0,0,0,0,0,0,0,0
242,2026-01-23,0,0,0,0,0,0,0,0,0
242,2026-01-24,0,0,0,0,0,0,0,0,0
242,2026-01-25,3,3,3,0,1,2,0,0,0
242,2026-01-26,3,6,3,0,0,3,0,0,0
242,2026-01-27,2,8,1,1,1,0,1,0,0
242,2026-01-28,4,12,3,1,1,2,1,0,0
242,2026-01-29,4,16,4,0,1,2,0,1,0
242,2026-01-30,1,17,1,0,0,1,0,0,0
242,2026-01-31,3,20,2,1,0,2,1,0,0
242,2026-02-01,6,26,5,1,4,1,1,0,0
242,2026-02-02,3,29,3,0,0,2,0,1,0
242,2026-02-03,4,33,2,2,0,2,2,0,0
242,2026-02-04,3,36,1,2,0,1,2,0,0
242,2026-02-05,8,44,4,4,2,2,3,0,1
242,2026-02-06,4,48,4,0,1,3,0,0,0
242,2026-02-07,3,51,1,2,0,0,1,1,1
242,2026-02-08,7,58,6,1,4,1,1,1,0
242,2026-02-09,7,65,4,3,1,2,3,1,0
242,2026-02-10,9,74,5,4,1,4,3,0,1
243,2026-01-14,0,0,0,0,0,0,0,0,0
243,2026-01-15,0,0,0,0,0,0,0,0,0
243,2026-01-16,0,0,0,0,0,0,0,0,0
243,2026-01-17,0,0,0,0,0,0,0,0,0
243,2026-01-18,0,0,0,0,0,0,0,0,0
243,2026-01-19,0,0,0,0,0,0,0,0,0
243,2026-01-20,0,0,0,0,0,0,0,0,0
243,2026-01-21,0,0,0,0,0,0,0,0,0
243,2026-01-22,0,0,0,0,0,0,0,0,0
243,2026-01-23,0,0,0,0,0,0,0,0,0
243,2026-01-24,0,0,0,0,0,0,0,0,0
243,2026-01-25,5,5,5,0,1,3,0,1,0
243,2026-01-26,7,12,2,5,1,1,5,0,0
243,2026-01-27,5,17,4,1,1,3,1,0,0
243,2026-01-28,4,21,4,0,4,0,0,0,0
243,2026-01-29,10,31,9,1,2,5,1,2,0
243,2026-01-30,5,36,5,0,0,5,0,0,0
243,2026-01-31,7,43,6,1,2,3,1,1,0
243,2026-02-01,9,52,9,0,1,6,0,2,0
243,2026-02-02,4,56,4,0,2,2,0,0,0
243,2026-02-03,8,64,6,2,1,3,2,2,0
243,2026-02-04,12,76,11,1,3,7,0,1,1
243,2026-02-05,8,84,7,1,2,4,1,1,0
243,2026-02-06,9,93,8,1,2,5,0,1,1
243,2026-02-07,6,99,4,2,0,3,1,1,1
243,2026-02-08,11,110,11,0,3,8,0,0,0
243,2026-02-09,12,122,9,3,2,7,1,0,2
243,2026-02-10,3,125,3,0,0,3,0,0,0
244,2026-01-14,0,0,0,0,0,0,0,0,0
244,2026-01-15,0,0,0,0,0,0,0,0,0
244,2026-01-16,0,0,0,0,0,0,0,0,0
244,2026-01-17,0,0,0,0,0,0,0,0,0
244,2026-01-18,0,0,0,0,0,0,0,0,0
244,2026-01-19,0,0,0,0,0,0,0,0,0
244,2026-01-20,0,0,0,0,0,0,0,0,0
244,2026-01-21,0,0,0,0,0,0,0,0,0
244,2026-01-22,0,0,0,0,0,0,0,0,0
244,2026-01-23,0,0,0,0,0,0,0,0,0
244,2026-01-24,0,0,0,0,0,0,0,0,0
244,2026-01-25,4,4,3,1,0,2,0,1,1
244,2026-01-26,1,5,1,0,0,0,0,1,0
244,2026-01-27,1,6,1,0,1,0,0,0,0
244,2026-01-28,5,11,4,1,1,2,0,1,1
244,2026-01-29,5,16,4,1,0,3,0,1,1
244,2026-01-30,4,20,3,1,1,2,1,0,0
244,2026-01-31,4,24,3,1,0,3,1,0,0
244,2026-02-01,6,30,5,1,1,4,1,0,0
244,2026-02-02,6,36,4,2,1,2,0,1,2
244,2026-02-03,5,41,4,1,1,3,0,0,1
244,2026-02-04,6,47,5,1,2,2,1,1,0
244,2026-02-05,1,48,1,0,0,1,0,0,0
244,2026-02-06,9,57,7,2,4,3,2,0,0
244,2026-02-07,7,64,3,4,0,3,3,0,1
244,2026-02-08,9,73,6,3,2,3,2,1,1
244,2026-02-09,7,80,4,3,0,4,3,0,0
244,2026-02-10,5,85,4,1,2,2,1,0,0
245,2026-01-14,0,0,0,0,0,0,0,0,0
245,2026-01-15,0,0,0,0,0,0,0,0,0
245,2026-01-16,0,0,0,0,0,0,0,0,0
245,2026-01-17,0,0,0,0,0,0,0,0,0
245,2026-01-18,0,0,0,0,0,0,0,0,0
245,2026-01-19,0,0,0,0,0,0,0,0,0
245,2026-01-20,0,0,0,0,0,0,0,0,0
245,2026-01-21,0,0,0,0,0,0,0,0,0
245,2026-01-22,0,0,0,0,0,0,0,0,0
245,2026-01-23,0,0,0,0,0,0,0,0,0
245,2026-01-24,0,0,0,0,0,0,0,0,0
245,2026-01-25,7,7,4,3,1,3,2,0,1
245,2026-01-26,3,10,2,1,1,1,1,0,0
245,2026-01-27,3,13,2,1,0,2,1,0,0
245,2026-01-28,4,17,4,0,1,3,0,0,0
245,2026-01-29,4,21,4,0,1,3,0,0,0
245,2026-01-30,6,27,4,2,1,1,2,2,0
245,2026-01-31,5,32,3,2,0,2,2,1,0
245,2026-02-01,5,37,3,2,0,3,1,0,1
245,2026-02-02,6,43,6,0,1,4,0,1,0
245,2026-02-03,8,51,7,1,2,5,1,0,0
245,2026-02-04,4,55,3,1,2,1,0,0,1
245,2026-02-05,5,60,2,3,1,1,3,0,0
245,2026-02-06,11,71,6,5,1,5,5,0,0
245,2026-02-07,8,79,6,2,3,1,2,2,0
245,2026-02-08,6,85,5,1,2,3,1,0,0
245,2026-02-09,13,98,8,5,2,6,5,0,0
245,2026-02-10,14,112,8,6,2,6,5,0,1
246,2026-01-14,0,0,0,0,0,0,0,0,0
246,2026-01-15,0,0,0,0,0,0,0,0,0
246,2026-01-16,0,0,0,0,0,0,0,0,0
246,2026-01-17,0,0,0,0,0,0,0,0,0
246,2026-01-18,0,0,0,0,0,0,0,0,0
246,2026-01-19,0,0,0,0,0,0,0,0,0
246,2026-01-20,0,0,0,0,0,0,0,0,0
246,2026-01-21,0,0,0,0,0,0,0,0,0
246,2026-01-22,0,0,0,0,0,0,0,0,0
246,2026-01-23,0,0,0,0,0,0,0,0,0
246,2026-01-24,0,0,0,0,0,0,0,0,0
246,2026-01-25,6,6,6,0,1,5,0,0,0
246,2026-01-26,3,9,3,0,1,2,0,0,0
246,2026-01-27,4,13,2,2,0,1,1,1,1
246,2026-01-28,5,18,5,0,1,4,0,0,0
246,2026-01-29,7,25,7,0,3,4,0,0,0
246,2026-01-30,6,31,6,0,4,2,0,0,0
246,2026-01-31,9,40,8,1,4,4,1,0,0
246,2026-02-01,9,49,9,0,4,5,0,0,0
246,2026-02-02,7,56,7,0,2,5,0,0,0
246,2026-02-03,11,67,9,2,5,4,2,0,0
246,2026-02-04,14,81,13,1,2,11,1,0,0
246,2026-02-05,10,91,10,0,4,6,0,0,0
246,2026-02-06,13,104,13,0,6,6,0,1,0
246,2026-02-07,16,120,10,6,3,7,6,0,0
246,2026-02-08,13,133,11,2,5,6,2,0,0
246,2026-02-09,15,148,14,1,1,10,1,3,0
246,2026-02-10,5,153,5,0,2,3,0,0,0
247,2026-01-14,0,0,0,0,0,0,0,0,0
247,2026-01-15,0,0,0,0,0,0,0,0,0
247,2026-01-16,0,0,0,0,0,0,0,0,0
247,2026-01-17,0,0,0,0,0,0,0,0,0
247,2026-01-18,0,0,0,0,0,0,0,0,0
247,2026-01-19,0,0,0,0,0,0,0,0,0
247,2026-01-20,0,0,0,0,0,0,0,0,0
247,2026-01-21,0,0,0,0,0,0,0,0,0
247,2026-01-22,0,0,0,0,0,0,0,0,0
247,2026-01-23,0,0,0,0,0,0,0,0,0
247,2026-01-24,0,0,0,0,0,0,0,0,0
247,2026-01-25,7,7,4,3,0,3,2,1,1
247,2026-01-26,8,15,8,0,3,3,0,2,0
247,2026-01-27,3,18,2,1,1,1,1,0,0
247,2026-01-28,5,23,5,0,1,4,0,0,0
247,2026-01-29,8,31,7,1,3,4,1,0,0
247,2026-01-30,3,34,2,1,0,1,1,1,0
247,2026-01-31,8,42,8,0,2,3,0,3,0
247,2026-02-01,7,49,5,2,0,4,2,1,0
247,2026-02-02,12,61,9,3,6,3,2,0,1
247,2026-02-03,8,69,7,1,2,5,1,0,0
247,2026-02-04,9,78,7,2,1,5,2,1,0
247,2026-02-05,15,93,12,3,4,8,2,0,1
247,2026-02-06,11,104,8,3,3,3,3,2,0
247,2026-02-07,9,113,7,2,0,5,2,2,0
247,2026-02-08,12,125,11,1,1,8,1,2,0
247,2026-02-09,7,132,6,1,0,6,1,0,0
247,2026-02-10,8,140,5,3,1,3,2,1,1
248,2026-01-14,0,0,0,0,0,0,0,0,0
248,2026-01-15,0,0,0,0,0,0,0,0,0
248,2026-01-16,0,0,0,0,0,0,0,0,0
248,2026-01-17,0,0,0,0,0,0,0,0,0
248,2026-01-18,0,0,0,0,0,0,0,0,0
248,2026-01-19,0,0,0,0,0,0,0,0,0
248,2026-01-20,0,0,0,0,0,0,0,0,0
248,2026-01-21,0,0,0,0,0,0,0,0,0
248,2026-01-22,0,0,0,0,0,0,0,0,0
248,2026-01-23,0,0,0,0,0,0,0,0,0
248,2026-01-24,0,0,0,0,0,0,0,0,0
248,2026-01-25,5,5,4,1,2,2,1,0,0
248,2026-01-26,6,11,4,2,3,1,2,0,0
248,2026-01-27,4,15,3,1,0,3,0,0,1
248,2026-01-28,3,18,3,0,0,2,0,1,0
248,2026-01-29,8,26,7,1,3,4,0,0,1
248,2026-01-30,6,32,4,2,2,1,2,1,0
248,2026-01-31,5,37,4,1,1,3,1,0,0
248,2026-02-01,7,44,5,2,0,5,1,0,1
248,2026-02-02,5,49,4,1,0,4,1,0,0
248,2026-02-03,8,57,8,0,4,3,0,1,0
248,2026-02-04,3,60,3,0,0,3,0,0,0
248,2026-02-05,7,67,5,2,1,4,2,0,0
248,2026-02-06,8,75,8,0,3,4,0,1,0
248,2026-02-07,8,83,6,2,1,4,1,1,1
248,2026-02-08,10,93,7,3,1,4,3,2,0
248,2026-02-09,8,101,4,4,0,4,3,0,1
248,2026-02-10,9,110,7,2,2,5,2,0,0
249,2026-01-14,0,0,0,0,0,0,0,0,0
249,2026-01-15,0,0,0,0,0,0,0,0,0
249,2026-01-16,0,0,0,0,0,0,0,0,0
249,2026-01-17,0,0,0,0,0,0,0,0,0
249,2026-01-18,0,0,0,0,0,0,0,0,0
249,2026-01-19,0,0,0,0,0,0,0,0,0
249,2026-01-20,0,0,0,0,0,0,0,0,0
249,2026-01-21,0,0,0,0,0,0,0,0,0
249,2026-01-22,0,0,0,0,0,0,0,0,0
249,2026-01-23,0,0,0,0,0,0,0,0,0
249,2026-01-24,0,0,0,0,0,0,0,0,0
249,2026-01-25,9,9,7,2,4,3,2,0,0
249,2026-01-26,6,15,6,0,2,4,0,0,0
249,2026-01-27,7,22,7,0,3,4,0,0,0
249,2026-01-28,2,24,2,0,1,1,0,0,0
249,2026-01-29,6,30,5,1,1,3,1,1,0
249,2026-01-30,8,38,8,0,5,3,0,0,0
249,2026-01-31,8,46,8,0,1,6,0,1,0
249,2026-02-01,10,56,9,1,4,3,0,2,1
249,2026-02-02,6,62,3,3,0,2,3,1,0
249,2026-02-03,7,69,6,1,3,2,1,1,0
249,2026-02-04,14,83,8,6,5,3,3,0,3
249,2026-02-05,14,97,13,1,2,11,1,0,0
249,2026-02-06,11,108,8,3,1,6,2,1,1
249,2026-02-07,9,117,7,2,2,5,1,0,1
249,2026-02-08,13,130,10,3,2,6,2,2,1
249,2026-02-09,11,141,10,1,2,6,1,2,0
249,2026-02-10,10,151,7,3,4,3,2,0,1
250,2026-01-14,0,0,0,0,0,0,0,0,0
250,2026-01-15,0,0,0,0,0,0,0,0,0
250,2026-01-16,0,0,0,0,0,0,0,0,0
250,2026-01-17,0,0,0,0,0,0,0,0,0
250,2026-01-18,0,0,0,0,0,0,0,0,0
250,2026-01-19,0,0,0,0,0,0,0,0,0
250,2026-01-20,0,0,0,0,0,0,0,0,0
250,2026-01-21,0,0,0,0,0,0,0,0,0
250,2026-01-22,0,0,0,0,0,0,0,0,0
250,2026-01-23,0,0,0,0,0,0,0,0,0
250,2026-01-24,0,0,0,0,0,0,0,0,0
250,2026-01-25,11,11,10,1,5,3,1,2,0
250,2026-01-26,3,14,3,0,2,0,0,1,0
250,2026-01-27,1,15,1,0,0,1,0,0,0
250,2026-01-28,2,17,2,0,0,2,0,0,0
250,2026-01-29,2,19,0,2,0,0,2,0,0
250,2026-01-30,9,28,7,2,3,4,2,0,0
250,2026-01-31,2,30,1,1,0,1,1,0,0
250,2026-02-01,4,34,4,0,2,2,0,0,0
250,2026-02-02,5,39,2,3,0,1,3,1,0
250,2026-02-03,17,56,12,5,1,11,4,0,1
250,2026-02-04,9,65,7,2,0,5,2,2,0
250,2026-02-05,10,75,8,2,4,4,1,0,1
250,2026-02-06,10,85,8,2,3,4,1,1,1
250,2026-02-07,10,95,9,1,3,6,1,0,0
250,2026-02-08,11,106,10,1,1,8,1,1,0
250,2026-02-09,12,118,10,2,1,8,1,1,1
250,2026-02-10,7,125,6,1,1,4,1,1,0
251,2026-01-14,0,0,0,0,0,0,0,0,0
251,2026-01-15,0,0,0,0,0,0,0,0,0
251,2026-01-16,0,0,0,0,0,0,0,0,0
251,2026-01-17,0,0,0,0,0,0,0,0,0
251,2026-01-18,0,0,0,0,0,0,0,0,0
251,2026-01-19,0,0,0,0,0,0,0,0,0
251,2026-01-20,0,0,0,0,0,0,0,0,0
251,2026-01-21,0,0,0,0,0,0,0,0,0
251,2026-01-22,0,0,0,0,0,0,0,0,0
251,2026-01-23,0,0,0,0,0,0,0,0,0
251,2026-01-24,0,0,0,0,0,0,0,0,0
251,2026-01-25,9,9,7,2,3,3,2,1,0
251,2026-01-26,3,12,3,0,0,3,0,0,0
251,2026-01-27,9,21,8,1,1,5,1,2,0
251,2026-01-28,6,27,5,1,1,3,1,1,0
251,2026-01-29,11,38,7,4,3,3,4,1,0
251,2026-01-30,10,48,9,1,2,5,1,2,0
251,2026-01-31,9,57,8,1,2,4,1,2,0
251,2026-02-01,6,63,4,2,0,4,1,0,1
251,2026-02-02,9,72,8,1,3,5,1,0,0
251,2026-02-03,7,79,5,2,0,4,2,1,0
251,2026-02-04,11,90,7,4,2,5,2,0,2
251,2026-02-05,9,99,8,1,4,3,1,1,0
251,2026-02-06,10,109,6,4,2,3,2,1,2
251,2026-02-07,16,125,12,4,4,8,4,0,0
251,2026-02-08,16,141,13,3,6,6,3,1,0
251,2026-02-09,16,157,12,4,5,7,3,0,1
251,2026-02-10,15,172,12,3,3,9,2,0,1
252,2026-01-14,0,0,0,0,0,0,0,0,0
252,2026-01-15,0,0,0,0,0,0,0,0,0
252,2026-01-16,0,0,0,0,0,0,0,0,0
252,2026-01-17,0,0,0,0,0,0,0,0,0
252,2026-01-18,0,0,0,0,0,0,0,0,0
252,2026-01-19,0,0,0,0,0,0,0,0,0
252,2026-01-20,0,0,0,0,0,0,0,0,0
252,2026-01-21,0,0,0,0,0,0,0,0,0
252,2026-01-22,0,0,0,0,0,0,0,0,0
252,2026-01-23,0,0,0,0,0,0,0,0,0
252,2026-01-24,0,0,0,0,0,0,0,0,0
252,2026-01-25,8,8,7,1,2,5,1,0,0
252,2026-01-26,0,8,0,0,0,0,0,0,0
252,2026-01-27,3,11,3,0,1,2,0,0,0
252,2026-01-28,5,16,4,1,2,2,1,0,0
252,2026-01-29,4,20,4,0,1,3,0,0,0
252,2026-01-30,4,24,3,1,0,1,1,2,0
252,2026-01-31,4,28,4,0,0,4,0,0,0
252,2026-02-01,8,36,7,1,3,2,1,2,0
252,2026-02-02,8,44,6,2,0,6,2,0,0
252,2026-02-03,3,47,1,2,0,1,2,0,0
252,2026-02-04,5,52,3,2,0,2,0,1,2
252,2026-02-05,8,60,5,3,1,2,3,2,0
252,2026-02-06,1,61,1,0,0,1,0,0,0
252,2026-02-07,6,67,6,0,2,2,0,2,0
252,2026-02-08,4,71,4,0,2,0,0,2,0
252,2026-02-09,4,75,4,0,1,3,0,0,0
252,2026-02-10,2,77,2,0,0,1,0,1,0
253,2026-01-14,0,0,0,0,0,0,0,0,0
253,2026-01-15,0,0,0,0,0,0,0,0,0
253,2026-01-16,0,0,0,0,0,0,0,0,0
253,2026-01-17,0,0,0,0,0,0,0,0,0
253,2026-01-18,0,0,0,0,0,0,0,0,0
253,2026-01-19,0,0,0,0,0,0,0,0,0
253,2026-01-20,0,0,0,0,0,0,0,0,0
253,2026-01-21,0,0,0,0,0,0,0,0,0
253,2026-01-22,0,0,0,0,0,0,0,0,0
253,2026-01-23,0,0,0,0,0,0,0,0,0
253,2026-01-24,0,0,0,0,0,0,0,0,0
253,2026-01-25,5,5,5,0,2,2,0,1,0
253,2026-01-26,2,7,1,1,0,1,1,0,0
253,2026-01-27,3,10,3,0,1,2,0,0,0
253,2026-01-28,3,13,1,2,0,0,0,1,2
253,2026-01-29,4,17,4,0,2,2,0,0,0
253,2026-01-30,5,22,5,0,0,4,0,1,0
253,2026-01-31,2,24,2,0,0,2,0,0,0
253,2026-02-01,3,27,2,1,0,2,1,0,0
253,2026-02-02,3,30,2,1,1,0,1,1,0
253,2026-02-03,6,36,5,1,2,3,1,0,0
253,2026-02-04,6,42,5,1,1,2,1,2,0
253,2026-02-05,4,46,3,1,0,3,1,0,0
253,2026-02-06,1,47,1,0,1,0,0,0,0
253,2026-02-07,8,55,6,2,1,5,1,0,1
253,2026-02-08,2,57,1,1,1,0,0,0,1
253,2026-02-09,6,63,5,1,1,3,1,1,0
253,2026-02-10,5,68,4,1,1,2,1,1,0
254,2026-01-14,0,0,0,0,0,0,0,0,0
254,2026-01-15,0,0,0,0,0,0,0,0,0
254,2026-01-16,0,0,0,0,0,0,0,0,0
254,2026-01-17,0,0,0,0,0,0,0,0,0
254,2026-01-18,0,0,0,0,0,0,0,0,0
254,2026-01-19,0,0,0,0,0,0,0,0,0
254,2026-01-20,0,0,0,0,0,0,0,0,0
254,2026-01-21,0,0,0,0,0,0,0,0,0
254,2026-01-22,0,0,0,0,0,0,0,0,0
254,2026-01-23,0,0,0,0,0,0,0,0,0
254,2026-01-24,0,0,0,0,0,0,0,0,0
254,2026-01-25,11,11,10,1,5,5,1,0,0
254,2026-01-26,4,15,4,0,3,1,0,0,0
254,2026-01-27,7,22,6,1,3,2,0,1,1
254,2026-01-28,7,29,6,1,1,3,1,2,0
254,2026-01-29,4,33,4,0,2,2,0,0,0
254,2026-01-30,6,39,6,0,2,4,0,0,0
254,2026-01-31,10,49,9,1,2,7,1,0,0
254,2026-02-01,1,50,1,0,0,0,0,1,0
254,2026-02-02,6,56,4,2,0,2,2,2,0
254,2026-02-03,5,61,5,0,0,5,0,0,0
254,2026-02-04,8,69,6,2,1,4,1,1,1
254,2026-02-05,8,77,7,1,3,4,0,0,1
254,2026-02-06,9,86,8,1,4,4,1,0,0
254,2026-02-07,8,94,7,1,0,7,1,0,0
254,2026-02-08,9,103,8,1,3,5,0,0,1
254,2026-02-09,9,112,5,4,2,3,4,0,0
254,2026-02-10,9,121,7,2,3,3,0,1,2
255,2026-01-14,0,0,0,0,0,0,0,0,0
255,2026-01-15,0,0,0,0,0,0,0,0,0
255,2026-01-16,0,0,0,0,0,0,0,0,0
255,2026-01-17,0,0,0,0,0,0,0,0,0
255,2026-01-18,0,0,0,0,0,0,0,0,0
255,2026-01-19,0,0,0,0,0,0,0,0,0
255,2026-01-20,0,0,0,0,0,0,0,0,0
255,2026-01-21,0,0,0,0,0,0,0,0,0
255,2026-01-22,0,0,0,0,0,0,0,0,0
255,2026-01-23,0,0,0,0,0,0,0,0,0
255,2026-01-24,0,0,0,0,0,0,0,0,0
255,2026-01-25,4,4,4,0,0,3,0,1,0
255,2026-01-26,4,8,4,0,1,3,0,0,0
255,2026-01-27,4,12,3,1,1,1,0,1,1
255,2026-01-28,2,14,2,0,0,1,0,1,0
255,2026-01-29,6,20,4,2,1,3,2,0,0
255,2026-01-30,6,26,4,2,1,1,2,2,0
255,2026-01-31,5,31,3,2,1,2,0,0,2
255,2026-02-01,7,38,6,1,2,3,1,1,0
255,2026-02-02,5,43,4,1,0,4,1,0,0
255,2026-02-03,9,52,5,4,2,2,4,1,0
255,2026-02-04,5,57,4,1,1,3,1,0,0
255,2026-02-05,6,63,5,1,3,2,1,0,0
255,2026-02-06,5,68,2,3,1,1,2,0,1
255,2026-02-07,7,75,4,3,0,3,2,1,1
255,2026-02-08,7,82,7,0,2,4,0,1,0
255,2026-02-09,8,90,8,0,1,5,0,2,0
255,2026-02-10,10,100,8,2,3,5,1,0,1
256,2026-01-14,0,0,0,0,0,0,0,0,0
256,2026-01-15,0,0,0,0,0,0,0,0,0
256,2026-01-16,0,0,0,0,0,0,0,0,0
256,2026-01-17,0,0,0,0,0,0,0,0,0
256,2026-01-18,0,0,0,0,0,0,0,0,0
256,2026-01-19,0,0,0,0,0,0,0,0,0
256,2026-01-20,0,0,0,0,0,0,0,0,0
256,2026-01-21,0,0,0,0,0,0,0,0,0
256,2026-01-22,0,0,0,0,0,0,0,0,0
256,2026-01-23,0,0,0,0,0,0,0,0,0
256,2026-01-24,0,0,0,0,0,0,0,0,0
256,2026-01-25,8,8,5,3,1,1,3,3,0
256,2026-01-26,6,14,4,2,0,4,1,0,1
256,2026-01-27,2,16,2,0,1,1,0,0,0
256,2026-01-28,6,22,6,0,0,4,0,2,0
256,2026-01-29,7,29,7,0,1,6,0,0,0
256,2026-01-30,7,36,5,2,1,4,2,0,0
256,2026-01-31,4,40,2,2,2,0,1,0,1
256,2026-02-01,7,47,5,2,1,2,2,2,0
256,2026-02-02,9,56,7,2,3,3,2,1,0
256,2026-02-03,7,63,5,2,2,3,2,0,0
256,2026-02-04,11,74,10,1,2,8,1,0,0
256,2026-02-05,14,88,11,3,2,7,2,2,1
256,2026-02-06,10,98,5,5,1,4,5,0,0
256,2026-02-07,13,111,11,2,3,7,2,1,0
256,2026-02-08,11,122,9,2,3,6,1,0,1
256,2026-02-09,13,135,11,2,3,7,2,1,0
256,2026-02-10,16,151,14,2,2,10,1,2,1
257,2026-01-14,0,0,0,0,0,0,0,0,0
257,2026-01-15,0,0,0,0,0,0,0,0,0
257,2026-01-16,0,0,0,0,0,0,0,0,0
257,2026-01-17,0,0,0,0,0,0,0,0,0
257,2026-01-18,0,0,0,0,0,0,0,0,0
257,2026-01-19,0,0,0,0,0,0,0,0,0
257,2026-01-20,0,0,0,0,0,0,0,0,0
257,2026-01-21,0,0,0,0,0,0,0,0,0
257,2026-01-22,0,0,0,0,0,0,0,0,0
257,2026-01-23,0,0,0,0,0,0,0,0,0
257,2026-01-24,0,0,0,0,0,0,0,0,0
257,2026-01-25,5,5,4,1,3,1,1,0,0
257,2026-01-26,3,8,3,0,0,3,0,0,0
257,2026-01-27,2,10,2,0,0,2,0,0,0
257,2026-01-28,3,13,3,0,2,1,0,0,0
257,2026-01-29,1,14,1,0,0,1,0,0,0
257,2026-01-30,2,16,2,0,0,1,0,1,0
257,2026-01-31,6,22,4,2,0,3,1,1,1
257,2026-02-01,2,24,2,0,0,2,0,0,0
257,2026-02-02,2,26,1,1,0,1,1,0,0
257,2026-02-03,8,34,7,1,3,3,1,1,0
257,2026-02-04,9,43,7,2,3,3,2,1,0
257,2026-02-05,6,49,5,1,0,4,1,1,0
257,2026-02-06,5,54,5,0,2,2,0,1,0
257,2026-02-07,8,62,7,1,2,5,0,0,1
257,2026-02-08,4,66,3,1,0,2,0,1,1
257,2026-02-09,3,69,1,2,0,1,2,0,0
257,2026-02-10,8,77,7,1,3,3,0,1,1
258,2026-01-14,0,0,0,0,0,0,0,0,0
258,2026-01-15,0,0,0,0,0,0,0,0,0
258,2026-01-16,0,0,0,0,0,0,0,0,0
258,2026-01-17,0,0,0,0,0,0,0,0,0
258,2026-01-18,0,0,0,0,0,0,0,0,0
258,2026-01-19,0,0,0,0,0,0,0,0,0
258,2026-01-20,0,0,0,0,0,0,0,0,0
258,2026-01-21,0,0,0,0,0,0,0,0,0
258,2026-01-22,0,0,0,0,0,0,0,0,0
258,2026-01-23,0,0,0,0,0,0,0,0,0
258,2026-01-24,0,0,0,0,0,0,0,0,0
258,2026-01-25,6,6,6,0,0,6,0,0,0
258,2026-01-26,4,10,3,1,1,1,1,1,0
258,2026-01-27,2,12,2,0,0,2,0,0,0
258,2026-01-28,3,15,1,2,1,0,2,0,0
258,2026-01-29,3,18,1,2,1,0,2,0,0
258,2026-01-30,5,23,3,2,2,1,0,0,2
258,2026-01-31,4,27,3,1,1,0,0,2,1
258,2026-02-01,8,35,4,4,1,2,2,1,2
258,2026-02-02,6,41,4,2,2,2,1,0,1
258,2026-02-03,5,46,3,2,1,1,2,1,0
258,2026-02-04,7,53,6,1,3,3,0,0,1
258,2026-02-05,7,60,6,1,1,5,1,0,0
258,2026-02-06,9,69,7,2,3,4,2,0,0
258,2026-02-07,4,73,4,0,1,3,0,0,0
258,2026-02-08,7,80,4,3,1,1,2,2,1
258,2026-02-09,6,86,6,0,3,2,0,1,0
258,2026-02-10,5,91,3,2,0,3,2,0,0
259,2026-01-14,0,0,0,0,0,0,0,0,0
259,2026-01-15,0,0,0,0,0,0,0,0,0
259,2026-01-16,0,0,0,0,0,0,0,0,0
259,2026-01-17,0,0,0,0,0,0,0,0,0
259,2026-01-18,0,0,0,0,0,0,0,0,0
259,2026-01-19,0,0,0,0,0,0,0,0,0
259,2026-01-20,0,0,0,0,0,0,0,0,0
259,2026-01-21,0,0,0,0,0,0,0,0,0
259,2026-01-22,0,0,0,0,0,0,0,0,0
259,2026-01-23,0,0,0,0,0,0,0,0,0
259,2026-01-24,0,0,0,0,0,0,0,0,0
259,2026-01-25,8,8,8,0,2,6,0,0,0
259,2026-01-26,1,9,0,1,0,0,0,0,1
259,2026-01-27,0,9,0,0,0,0,0,0,0
259,2026-01-28,0,9,0,0,0,0,0,0,0
259,2026-01-29,3,12,2,1,0,1,1,1,0
259,2026-01-30,4,16,3,1,0,2,0,1,1
259,2026-01-31,2,18,1,1,0,1,1,0,0
259,2026-02-01,3,21,3,0,1,1,0,1,0
259,2026-02-02,5,26,4,1,1,3,1,0,0
259,2026-02-03,5,31,5,0,2,3,0,0,0
259,2026-02-04,3,34,3,0,0,2,0,1,0
259,2026-02-05,8,42,7,1,4,2,1,1,0
259,2026-02-06,6,48,5,1,2,1,1,2,0
259,2026-02-07,4,52,4,0,1,3,0,0,0
259,2026-02-08,8,60,7,1,2,4,1,1,0
259,2026-02-09,7,67,5,2,1,4,0,0,2
259,2026-02-10,9,76,6,3,1,5,3,0,0
260,2026-01-14,0,0,0,0,0,0,0,0,0
260,2026-01-15,0,0,0,0,0,0,0,0,0
260,2026-01-16,0,0,0,0,0,0,0,0,0
260,2026-01-17,0,0,0,0,0,0,0,0,0
260,2026-01-18,0,0,0,0,0,0,0,0,0
260,2026-01-19,0,0,0,0,0,0,0,0,0
260,2026-01-20,0,0,0,0,0,0,0,0,0
260,2026-01-21,0,0,0,0,0,0,0,0,0
260,2026-01-22,0,0,0,0,0,0,0,0,0
260,2026-01-23,0,0,0,0,0,0,0,0,0
260,2026-01-24,0,0,0,0,0,0,0,0,0
260,2026-01-25,3,3,3,0,0,3,0,0,0
260,2026-01-26,1,4,0,1,0,0,0,0,1
260,2026-01-27,1,5,1,0,0,1,0,0,0
260,2026-01-28,4,9,3,1,2,1,1,0,0
260,2026-01-29,0,9,0,0,0,0,0,0,0
260,2026-01-30,3,12,3,0,1,2,0,0,0
260,2026-01-31,3,15,3,0,2,0,0,1,0
260,2026-02-01,1,16,1,0,1,0,0,0,0
260,2026-02-02,1,17,0,1,0,0,1,0,0
260,2026-02-03,4,21,3,1,0,3,1,0,0
260,2026-02-04,3,24,2,1,0,2,1,0,0
260,2026-02-05,3,27,3,0,1,2,0,0,0
260,2026-02-06,6,33,4,2,0,3,1,1,1
260,2026-02-07,7,40,7,0,4,3,0,0,0
260,2026-02-08,6,46,5,1,0,4,0,1,1
260,2026-02-09,6,52,5,1,4,1,1,0,0
260,2026-02-10,7,59,6,1,1,4,1,1,0
261,2026-01-14,0,0,0,0,0,0,0,0,0
261,2026-01-15,0,0,0,0,0,0,0,0,0
261,2026-01-16,0,0,0,0,0,0,0,0,0
261,2026-01-17,0,0,0,0,0,0,0,0,0
261,2026-01-18,0,0,0,0,0,0,0,0,0
261,2026-01-19,0,0,0,0,0,0,0,0,0
261,2026-01-20,0,0,0,0,0,0,0,0,0
261,2026-01-21,0,0,0,0,0,0,0,0,0
261,2026-01-22,0,0,0,0,0,0,0,0,0
261,2026-01-23,0,0,0,0,0,0,0,0,0
261,2026-01-24,0,0,0,0,0,0,0,0,0
261,2026-01-25,5,5,5,0,1,4,0,0,0
261,2026-01-26,8,13,7,1,2,4,1,1,0
261,2026-01-27,2,15,2,0,0,2,0,0,0
261,2026-01-28,7,22,6,1,5,1,0,0,1
261,2026-01-29,2,24,1,1,0,1,1,0,0
261,2026-01-30,8,32,6,2,2,3,2,1,0
261,2026-01-31,3,35,3,0,0,3,0,0,0
261,2026-02-01,9,44,8,1,2,5,1,1,0
261,2026-02-02,7,51,5,2,0,5,2,0,0
261,2026-02-03,9,60,7,2,1,4,2,2,0
261,2026-02-04,13,73,11,2,4,7,2,0,0
261,2026-02-05,5,78,5,0,1,4,0,0,0
261,2026-02-06,9,87,8,1,2,4,1,2,0
261,2026-02-07,7,94,5,2,1,3,2,1,0
261,2026-02-08,9,103,8,1,4,4,1,0,0
261,2026-02-09,6,109,5,1,1,3,0,1,1
261,2026-02-10,8,117,6,2,2,1,1,3,1
262,2026-01-14,0,0,0,0,0,0,0,0,0
262,2026-01-15,0,0,0,0,0,0,0,0,0
262,2026-01-16,0,0,0,0,0,0,0,0,0
262,2026-01-17,0,0,0,0,0,0,0,0,0
262,2026-01-18,0,0,0,0,0,0,0,0,0
262,2026-01-19,0,0,0,0,0,0,0,0,0
262,2026-01-20,0,0,0,0,0,0,0,0,0
262,2026-01-21,0,0,0,0,0,0,0,0,0
262,2026-01-22,0,0,0,0,0,0,0,0,0
262,2026-01-23,0,0,0,0,0,0,0,0,0
262,2026-01-24,0,0,0,0,0,0,0,0,0
262,2026-01-25,6,6,5,1,0,5,1,0,0
262,2026-01-26,3,9,3,0,2,1,0,0,0
262,2026-01-27,2,11,2,0,1,1,0,0,0
262,2026-01-28,2,13,2,0,1,1,0,0,0
262,2026-01-29,8,21,6,2,3,3,1,0,1
262,2026-01-30,6,27,6,0,2,4,0,0,0
262,2026-01-31,2,29,0,2,0,0,1,0,1
262,2026-02-01,6,35,5,1,3,2,1,0,0
262,2026-02-02,3,38,1,2,0,1,2,0,0
262,2026-02-03,9,47,9,0,3,5,0,1,0
262,2026-02-04,4,51,4,0,1,3,0,0,0
262,2026-02-05,3,54,3,0,0,2,0,1,0
262,2026-02-06,3,57,3,0,1,0,0,2,0
262,2026-02-07,8,65,8,0,1,6,0,1,0
262,2026-02-08,8,73,8,0,2,5,0,1,0
262,2026-02-09,7,80,5,2,3,2,2,0,0
262,2026-02-10,5,85,3,2,3,0,2,0,0
263,2026-01-14,0,0,0,0,0,0,0,0,0
263,2026-01-15,0,0,0,0,0,0,0,0,0
263,2026-01-16,0,0,0,0,0,0,0,0,0
263,2026-01-17,0,0,0,0,0,0,0,0,0
263,2026-01-18,0,0,0,0,0,0,0,0,0
263,2026-01-19,0,0,0,0,0,0,0,0,0
263,2026-01-20,0,0,0,0,0,0,0,0,0
263,2026-01-21,0,0,0,0,0,0,0,0,0
263,2026-01-22,0,0,0,0,0,0,0,0,0
263,2026-01-23,0,0,0,0,0,0,0,0,0
263,2026-01-24,0,0,0,0,0,0,0,0,0
263,2026-01-25,6,6,6,0,1,3,0,2,0
263,2026-01-26,2,8,2,0,0,2,0,0,0
263,2026-01-27,4,12,3,1,1,1,1,1,0
263,2026-01-28,4,16,4,0,2,1,0,1,0
263,2026-01-29,1,17,0,1,0,0,0,0,1
263,2026-01-30,5,22,3,2,1,1,2,1,0
263,2026-01-31,4,26,4,0,1,2,0,1,0
263,2026-02-01,5,31,5,0,3,2,0,0,0
263,2026-02-02,4,35,3,1,1,2,1,0,0
263,2026-02-03,9,44,5,4,1,2,4,2,0
263,2026-02-04,10,54,9,1,0,9,1,0,0
263,2026-02-05,7,61,6,1,3,3,0,0,1
263,2026-02-06,7,68,5,2,2,2,1,1,1
263,2026-02-07,9,77,5,4,3,2,4,0,0
263,2026-02-08,8,85,6,2,0,6,2,0,0
263,2026-02-09,8,93,6,2,1,4,2,1,0
263,2026-02-10,11,104,7,4,4,3,4,0,0
264,2026-01-14,0,0,0,0,0,0,0,0,0
264,2026-01-15,0,0,0,0,0,0,0,0,0
264,2026-01-16,0,0,0,0,0,0,0,0,0
264,2026-01-17,0,0,0,0,0,0,0,0,0
264,2026-01-18,0,0,0,0,0,0,0,0,0
264,2026-01-19,0,0,0,0,0,0,0,0,0
264,2026-01-20,0,0,0,0,0,0,0,0,0
264,2026-01-21,0,0,0,0,0,0,0,0,0
264,2026-01-22,0,0,0,0,0,0,0,0,0
264,2026-01-23,0,0,0,0,0,0,0,0,0
264,2026-01-24,0,0,0,0,0,0,0,0,0
264,2026-01-25,3,3,2,1,0,1,1,1,0
264,2026-01-26,4,7,2,2,0,2,1,0,1
264,2026-01-27,1,8,1,0,0,0,0,1,0
264,2026-01-28,4,12,4,0,0,4,0,0,0
264,2026-01-29,5,17,4,1,1,2,1,1,0
264,2026-01-30,2,19,2,0,0,1,0,1,0
264,2026-01-31,4,23,3,1,2,0,1,1,0
264,2026-02-01,3,26,2,1,1,1,0,0,1
264,2026-02-02,5,31,5,0,3,2,0,0,0
264,2026-02-03,6,37,5,1,2,3,1,0,0
264,2026-02-04,8,45,7,1,1,5,0,1,1
264,2026-02-05,2,47,2,0,1,1,0,0,0
264,2026-02-06,5,52,5,0,1,3,0,1,0
264,2026-02-07,4,56,4,0,1,2,0,1,0
264,2026-02-08,8,64,5,3,1,3,2,1,1
264,2026-02-09,6,70,3,3,1,2,2,0,1
264,2026-02-10,2,72,2,0,0,2,0,0,0
265,2026-01-14,0,0,0,0,0,0,0,0,0
265,2026-01-15,0,0,0,0,0,0,0,0,0
265,2026-01-16,0,0,0,0,0,0,0,0,0
265,2026-01-17,0,0,0,0,0,0,0,0,0
265,2026-01-18,0,0,0,0,0,0,0,0,0
265,2026-01-19,0,0,0,0,0,0,0,0,0
265,2026-01-20,0,0,0,0,0,0,0,0,0
265,2026-01-21,0,0,0,0,0,0,0,0,0
265,2026-01-22,0,0,0,0,0,0,0,0,0
265,2026-01-23,0,0,0,0,0,0,0,0,0
265,2026-01-24,0,0,0,0,0,0,0,0,0
265,2026-01-25,6,6,4,2,0,3,1,1,1
265,2026-01-26,6,12,5,1,2,3,1,0,0
265,2026-01-27,2,14,2,0,1,1,0,0,0
265,2026-01-28,5,19,5,0,0,4,0,1,0
265,2026-01-29,4,23,4,0,1,3,0,0,0
265,2026-01-30,5,28,4,1,2,2,1,0,0
265,2026-01-31,5,33,5,0,0,4,0,1,0
265,2026-02-01,6,39,5,1,2,3,1,0,0
265,2026-02-02,11,50,10,1,5,3,0,2,1
265,2026-02-03,8,58,7,1,0,7,0,0,1
265,2026-02-04,10,68,9,1,3,6,1,0,0
265,2026-02-05,10,78,7,3,2,5,2,0,1
265,2026-02-06,13,91,12,1,6,6,0,0,1
265,2026-02-07,7,98,4,3,1,3,3,0,0
265,2026-02-08,14,112,9,5,4,5,4,0,1
265,2026-02-09,9,121,9,0,3,5,0,1,0
265,2026-02-10,14,135,11,3,3,7,2,1,1
266,2026-01-14,0,0,0,0,0,0,0,0,0
266,2026-01-15,0,0,0,0,0,0,0,0,0
266,2026-01-16,0,0,0,0,0,0,0,0,0
266,2026-01-17,0,0,0,0,0,0,0,0,0
266,2026-01-18,0,0,0,0,0,0,0,0,0
266,2026-01-19,0,0,0,0,0,0,0,0,0
266,2026-01-20,0,0,0,0,0,0,0,0,0
266,2026-01-21,0,0,0,0,0,0,0,0,0
266,2026-01-22,0,0,0,0,0,0,0,0,0
266,2026-01-23,0,0,0,0,0,0,0,0,0
266,2026-01-24,0,0,0,0,0,0,0,0,0
266,2026-01-25,5,5,5,0,2,0,0,3,0
266,2026-01-26,5,10,4,1,1,3,0,0,1
266,2026-01-27,7,17,6,1,3,3,1,0,0
266,2026-01-28,1,18,1,0,0,1,0,0,0
266,2026-01-29,6,24,5,1,1,4,1,0,0
266,2026-01-30,5,29,4,1,0,4,1,0,0
266,2026-01-31,7,36,5,2,1,4,2,0,0
266,2026-02-01,10,46,7,3,2,5,2,0,1
266,2026-02-02,6,52,5,1,2,2,1,1,0
266,2026-02-03,5,57,4,1,3,1,1,0,0
266,2026-02-04,3,60,1,2,1,0,2,0,0
266,2026-02-05,3,63,2,1,1,0,1,1,0
266,2026-02-06,6,69,6,0,2,3,0,1,0
266,2026-02-07,6,75,6,0,2,2,0,2,0
266,2026-02-08,3,78,1,2,1,0,0,0,2
266,2026-02-09,7,85,6,1,2,4,1,0,0
266,2026-02-10,3,88,3,0,1,2,0,0,0
267,2026-01-14,0,0,0,0,0,0,0,0,0
267,2026-01-15,0,0,0,0,0,0,0,0,0
267,2026-01-16,0,0,0,0,0,0,0,0,0
267,2026-01-17,0,0,0,0,0,0,0,0,0
267,2026-01-18,0,0,0,0,0,0,0,0,0
267,2026-01-19,0,0,0,0,0,0,0,0,0
267,2026-01-20,0,0,0,0,0,0,0,0,0
267,2026-01-21,0,0,0,0,0,0,0,0,0
267,2026-01-22,0,0,0,0,0,0,0,0,0
267,2026-01-23,0,0,0,0,0,0,0,0,0
267,2026-01-24,0,0,0,0,0,0,0,0,0
267,2026-01-25,6,6,5,1,2,3,1,0,0
267,2026-01-26,5,11,3,2,1,2,2,0,0
267,2026-01-27,2,13,2,0,1,1,0,0,0
267,2026-01-28,3,16,2,1,1,1,1,0,0
267,2026-01-29,1,17,1,0,0,0,0,1,0
267,2026-01-30,1,18,0,1,0,0,1,0,0
267,2026-01-31,5,23,5,0,1,4,0,0,0
267,2026-02-01,6,29,4,2,3,1,2,0,0
267,2026-02-02,4,33,3,1,0,2,1,1,0
267,2026-02-03,2,35,2,0,2,0,0,0,0
267,2026-02-04,4,39,2,2,1,1,2,0,0
267,2026-02-05,13,52,11,2,6,3,2,2,0
267,2026-02-06,8,60,7,1,3,4,1,0,0
267,2026-02-07,5,65,3,2,3,0,0,0,2
267,2026-02-08,6,71,4,2,1,3,2,0,0
267,2026-02-09,5,76,4,1,1,3,1,0,0
267,2026-02-10,8,84,7,1,3,4,1,0,0
268,2026-01-14,0,0,0,0,0,0,0,0,0
268,2026-01-15,0,0,0,0,0,0,0,0,0
268,2026-01-16,0,0,0,0,0,0,0,0,0
268,2026-01-17,0,0,0,0,0,0,0,0,0
268,2026-01-18,0,0,0,0,0,0,0,0,0
268,2026-01-19,0,0,0,0,0,0,0,0,0
268,2026-01-20,0,0,0,0,0,0,0,0,0
268,2026-01-21,0,0,0,0,0,0,0,0,0
268,2026-01-22,0,0,0,0,0,0,0,0,0
268,2026-01-23,0,0,0,0,0,0,0,0,0
268,2026-01-24,0,0,0,0,0,0,0,0,0
268,2026-01-25,3,3,2,1,0,2,1,0,0
268,2026-01-26,2,5,1,1,1,0,1,0,0
268,2026-01-27,1,6,1,0,1,0,0,0,0
268,2026-01-28,2,8,2,0,1,1,0,0,0
268,2026-01-29,1,9,1,0,0,1,0,0,0
268,2026-01-30,3,12,3,0,2,1,0,0,0
268,2026-01-31,2,14,2,0,1,1,0,0,0
268,2026-02-01,2,16,2,0,2,0,0,0,0
268,2026-02-02,3,19,3,0,1,2,0,0,0
268,2026-02-03,3,22,2,1,1,1,1,0,0
268,2026-02-04,4,26,3,1,0,2,1,1,0
268,2026-02-05,3,29,3,0,1,2,0,0,0
268,2026-02-06,3,32,2,1,1,1,1,0,0
268,2026-02-07,9,41,6,3,0,5,2,1,1
268,2026-02-08,4,45,4,0,1,3,0,0,0
268,2026-02-09,5,50,4,1,0,3,0,1,1
268,2026-02-10,5,55,5,0,4,1,0,0,0
269,2026-01-14,0,0,0,0,0,0,0,0,0
269,2026-01-15,0,0,0,0,0,0,0,0,0
269,2026-01-16,0,0,0,0,0,0,0,0,0
269,2026-01-17,0,0,0,0,0,0,0,0,0
269,2026-01-18,0,0,0,0,0,0,0,0,0
269,2026-01-19,0,0,0,0,0,0,0,0,0
269,2026-01-20,0,0,0,0,0,0,0,0,0
269,2026-01-21,0,0,0,0,0,0,0,0,0
269,2026-01-22,0,0,0,0,0,0,0,0,0
269,2026-01-23,0,0,0,0,0,0,0,0,0
269,2026-01-24,0,0,0,0,0,0,0,0,0
269,2026-01-25,10,10,6,4,2,3,3,1,1
269,2026-01-26,5,15,5,0,3,2,0,0,0
269,2026-01-27,3,18,1,2,0,1,2,0,0
269,2026-01-28,3,21,3,0,3,0,0,0,0
269,2026-01-29,7,28,5,2,0,3,2,2,0
269,2026-01-30,8,36,6,2,1,3,1,2,1
269,2026-01-31,7,43,4,3,2,1,2,1,1
269,2026-02-01,5,48,3,2,1,2,1,0,1
269,2026-02-02,8,56,5,3,1,4,3,0,0
269,2026-02-03,9,65,8,1,4,4,1,0,0
269,2026-02-04,9,74,7,2,0,7,2,0,0
269,2026-02-05,7,81,5,2,0,5,1,0,1
269,2026-02-06,11,92,9,2,2,6,1,1,1
269,2026-02-07,6,98,4,2,1,3,1,0,1
269,2026-02-08,8,106,7,1,2,5,1,0,0
269,2026-02-09,6,112,5,1,0,4,1,1,0
269,2026-02-10,6,118,4,2,2,2,1,0,1
270,2026-01-14,0,0,0,0,0,0,0,0,0
270,2026-01-15,0,0,0,0,0,0,0,0,0
270,2026-01-16,0,0,0,0,0,0,0,0,0
270,2026-01-17,0,0,0,0,0,0,0,0,0
270,2026-01-18,0,0,0,0,0,0,0,0,0
270,2026-01-19,0,0,0,0,0,0,0,0,0
270,2026-01-20,0,0,0,0,0,0,0,0,0
270,2026-01-21,0,0,0,0,0,0,0,0,0
270,2026-01-22,0,0,0,0,0,0,0,0,0
270,2026-01-23,0,0,0,0,0,0,0,0,0
270,2026-01-24,0,0,0,0,0,0,0,0,0
270,2026-01-25,6,6,6,0,1,5,0,0,0
270,2026-01-26,2,8,2,0,2,0,0,0,0
270,2026-01-27,2,10,2,0,2,0,0,0,0
270,2026-01-28,6,16,6,0,4,2,0,0,0
270,2026-01-29,7,23,5,2,1,3,2,1,0
270,2026-01-30,5,28,4,1,2,2,1,0,0
270,2026-01-31,7,35,4,3,1,3,2,0,1
270,2026-02-01,5,40,3,2,1,2,2,0,0
270,2026-02-02,6,46,4,2,2,2,2,0,0
270,2026-02-03,7,53,7,0,3,4,0,0,0
270,2026-02-04,5,58,3,2,1,2,2,0,0
270,2026-02-05,6,64,5,1,1,4,1,0,0
270,2026-02-06,8,72,4,4,0,2,4,2,0
270,2026-02-07,8,80,4,4,3,0,3,1,1
270,2026-02-08,7,87,6,1,4,2,1,0,0
270,2026-02-09,12,99,11,1,5,6,1,0,0
270,2026-02-10,17,116,14,3,3,10,3,1,0
271,2026-01-14,0,0,0,0,0,0,0,0,0
271,2026-01-15,0,0,0,0,0,0,0,0,0
271,2026-01-16,0,0,0,0,0,0,0,0,0
271,2026-01-17,0,0,0,0,0,0,0,0,0
271,2026-01-18,0,0,0,0,0,0,0,0,0
271,2026-01-19,0,0,0,0,0,0,0,0,0
271,2026-01-20,0,0,0,0,0,0,0,0,0
271,2026-01-21,0,0,0,0,0,0,0,0,0
271,2026-01-22,0,0,0,0,0,0,0,0,0
271,2026-01-23,0,0,0,0,0,0,0,0,0
271,2026-01-24,0,0,0,0,0,0,0,0,0
271,2026-01-25,2,2,2,0,0,1,0,1,0
271,2026-01-26,8,10,6,2,2,4,2,0,0
271,2026-01-27,1,11,1,0,0,1,0,0,0
271,2026-01-28,9,20,8,1,2,5,0,1,1
271,2026-01-29,2,22,2,0,0,2,0,0,0
271,2026-01-30,2,24,1,1,0,1,0,0,1
271,2026-01-31,5,29,4,1,2,1,1,1,0
271,2026-02-01,6,35,3,3,1,2,2,0,1
271,2026-02-02,6,41,6,0,2,4,0,0,0
271,2026-02-03,8,49,7,1,3,1,1,3,0
271,2026-02-04,10,59,8,2,5,3,1,0,1
271,2026-02-05,17,76,15,2,4,10,2,1,0
271,2026-02-06,7,83,4,3,1,3,3,0,0
271,2026-02-07,10,93,9,1,5,4,1,0,0
271,2026-02-08,10,103,9,1,3,6,1,0,0
271,2026-02-09,18,121,11,7,3,4,5,4,2
271,2026-02-10,7,128,6,1,1,4,1,1,0
272,2026-01-14,0,0,0,0,0,0,0,0,0
272,2026-01-15,0,0,0,0,0,0,0,0,0
272,2026-01-16,0,0,0,0,0,0,0,0,0
272,2026-01-17,0,0,0,0,0,0,0,0,0
272,2026-01-18,0,0,0,0,0,0,0,0,0
272,2026-01-19,0,0,0,0,0,0,0,0,0
272,2026-01-20,0,0,0,0,0,0,0,0,0
272,2026-01-21,0,0,0,0,0,0,0,0,0
272,2026-01-22,0,0,0,0,0,0,0,0,0
272,2026-01-23,0,0,0,0,0,0,0,0,0
272,2026-01-24,0,0,0,0,0,0,0,0,0
272,2026-01-25,8,8,8,0,2,5,0,1,0
272,2026-01-26,7,15,5,2,2,2,1,1,1
272,2026-01-27,4,19,2,2,0,2,2,0,0
272,2026-01-28,6,25,5,1,2,3,0,0,1
272,2026-01-29,5,30,5,0,3,2,0,0,0
272,2026-01-30,6,36,4,2,2,1,2,1,0
272,2026-01-31,8,44,8,0,2,4,0,2,0
272,2026-02-01,8,52,6,2,0,4,2,2,0
272,2026-02-02,3,55,3,0,1,2,0,0,0
272,2026-02-03,4,59,2,2,0,1,2,1,0
272,2026-02-04,10,69,8,2,1,7,1,0,1
272,2026-02-05,12,81,10,2,3,4,1,3,1
272,2026-02-06,15,96,11,4,2,6,3,3,1
272,2026-02-07,14,110,13,1,4,9,1,0,0
272,2026-02-08,11,121,10,1,4,6,1,0,0
272,2026-02-09,10,131,6,4,1,4,3,1,1
272,2026-02-10,17,148,11,6,2,9,6,0,0
273,2026-01-14,0,0,0,0,0,0,0,0,0
273,2026-01-15,0,0,0,0,0,0,0,0,0
273,2026-01-16,0,0,0,0,0,0,0,0,0
273,2026-01-17,0,0,0,0,0,0,0,0,0
273,2026-01-18,0,0,0,0,0,0,0,0,0
273,2026-01-19,0,0,0,0,0,0,0,0,0
273,2026-01-20,0,0,0,0,0,0,0,0,0
273,2026-01-21,0,0,0,0,0,0,0,0,0
273,2026-01-22,0,0,0,0,0,0,0,0,0
273,2026-01-23,0,0,0,0,0,0,0,0,0
273,2026-01-24,0,0,0,0,0,0,0,0,0
273,2026-01-25,6,6,5,1,1,3,1,1,0
273,2026-01-26,6,12,6,0,0,5,0,1,0
273,2026-01-27,3,15,3,0,1,1,0,1,0
273,2026-01-28,2,17,2,0,2,0,0,0,0
273,2026-01-29,2,19,1,1,0,1,1,0,0
273,2026-01-30,3,22,3,0,0,2,0,1,0
273,2026-01-31,8,30,8,0,1,6,0,1,0
273,2026-02-01,5,35,4,1,2,1,1,1,0
273,2026-02-02,8,43,6,2,4,1,1,1,1
273,2026-02-03,10,53,8,2,2,6,2,0,0
273,2026-02-04,10,63,9,1,3,5,1,1,0
273,2026-02-05,7,70,4,3,1,3,3,0,0
273,2026-02-06,9,79,8,1,2,6,1,0,0
273,2026-02-07,8,87,7,1,1,6,1,0,0
273,2026-02-08,10,97,8,2,1,7,1,0,1
273,2026-02-09,9,106,9,0,2,7,0,0,0
273,2026-02-10,7,113,6,1,3,1,1,2,0
274,2026-01-14,0,0,0,0,0,0,0,0,0
274,2026-01-15,0,0,0,0,0,0,0,0,0
274,2026-01-16,0,0,0,0,0,0,0,0,0
274,2026-01-17,0,0,0,0,0,0,0,0,0
274,2026-01-18,0,0,0,0,0,0,0,0,0
274,2026-01-19,0,0,0,0,0,0,0,0,0
274,2026-01-20,0,0,0,0,0,0,0,0,0
274,2026-01-21,0,0,0,0,0,0,0,0,0
274,2026-01-22,0,0,0,0,0,0,0,0,0
274,2026-01-23,0,0,0,0,0,0,0,0,0
274,2026-01-24,0,0,0,0,0,0,0,0,0
274,2026-01-25,6,6,5,1,1,4,1,0,0
274,2026-01-26,1,7,1,0,0,1,0,0,0
274,2026-01-27,3,10,2,1,1,1,0,0,1
274,2026-01-28,2,12,1,1,0,1,0,0,1
274,2026-01-29,2,14,1,1,0,1,1,0,0
274,2026-01-30,7,21,4,3,0,4,1,0,2
274,2026-01-31,2,23,2,0,0,1,0,1,0
274,2026-02-01,5,28,3,2,2,1,1,0,1
274,2026-02-02,3,31,3,0,2,1,0,0,0
274,2026-02-03,2,33,2,0,0,2,0,0,0
274,2026-02-04,5,38,4,1,3,1,1,0,0
274,2026-02-05,8,46,5,3,0,5,3,0,0
274,2026-02-06,4,50,4,0,2,1,0,1,0
274,2026-02-07,4,54,3,1,0,3,1,0,0
274,2026-02-08,6,60,3,3,1,2,3,0,0
274,2026-02-09,6,66,3,3,0,1,3,2,0
274,2026-02-10,3,69,2,1,1,1,0,0,1
275,2026-01-14,0,0,0,0,0,0,0,0,0
275,2026-01-15,0,0,0,0,0,0,0,0,0
275,2026-01-16,0,0,0,0,0,0,0,0,0
275,2026-01-17,0,0,0,0,0,0,0,0,0
275,2026-01-18,0,0,0,0,0,0,0,0,0
275,2026-01-19,0,0,0,0,0,0,0,0,0
275,2026-01-20,0,0,0,0,0,0,0,0,0
275,2026-01-21,0,0,0,0,0,0,0,0,0
275,2026-01-22,0,0,0,0,0,0,0,0,0
275,2026-01-23,0,0,0,0,0,0,0,0,0
275,2026-01-24,0,0,0,0,0,0,0,0,0
275,2026-01-25,2,2,2,0,1,1,0,0,0
275,2026-01-26,4,6,2,2,1,1,2,0,0
275,2026-01-27,4,10,4,0,3,1,0,0,0
275,2026-01-28,4,14,4,0,2,1,0,1,0
275,2026-01-29,6,20,5,1,2,2,1,1,0
275,2026-01-30,4,24,4,0,2,2,0,0,0
275,2026-01-31,6,30,6,0,1,4,0,1,0
275,2026-02-01,4,34,3,1,1,2,1,0,0
275,2026-02-02,3,37,1,2,1,0,2,0,0
275,2026-02-03,7,44,7,0,3,4,0,0,0
275,2026-02-04,10,54,10,0,3,5,0,2,0
275,2026-02-05,4,58,3,1,2,1,1,0,0
275,2026-02-06,10,68,8,2,3,2,1,3,1
275,2026-02-07,6,74,4,2,3,0,1,1,1
275,2026-02-08,12,86,11,1,4,7,0,0,1
275,2026-02-09,3,89,3,0,2,1,0,0,0
275,2026-02-10,4,93,3,1,1,2,1,0,0
276,2026-01-14,0,0,0,0,0,0,0,0,0
276,2026-01-15,0,0,0,0,0,0,0,0,0
276,2026-01-16,0,0,0,0,0,0,0,0,0
276,2026-01-17,0,0,0,0,0,0,0,0,0
276,2026-01-18,0,0,0,0,0,0,0,0,0
276,2026-01-19,0,0,0,0,0,0,0,0,0
276,2026-01-20,0,0,0,0,0,0,0,0,0
276,2026-01-21,0,0,0,0,0,0,0,0,0
276,2026-01-22,0,0,0,0,0,0,0,0,0
276,2026-01-23,0,0,0,0,0,0,0,0,0
276,2026-01-24,0,0,0,0,0,0,0,0,0
276,2026-01-25,4,4,3,1,1,1,1,1,0
276,2026-01-26,6,10,4,2,2,2,2,0,0
276,2026-01-27,3,13,2,1,0,0,0,2,1
276,2026-01-28,5,18,3,2,1,2,2,0,0
276,2026-01-29,4,22,2,2,1,1,1,0,1
276,2026-01-30,9,31,6,3,2,3,2,1,1
276,2026-01-31,6,37,5,1,1,3,1,1,0
276,2026-02-01,8,45,4,4,2,2,4,0,0
276,2026-02-02,9,54,8,1,4,4,1,0,0
276,2026-02-03,16,70,10,6,3,5,5,2,1
276,2026-02-04,18,88,12,6,2,9,2,1,4
276,2026-02-05,7,95,5,2,2,3,2,0,0
276,2026-02-06,15,110,9,6,4,4,5,1,1
276,2026-02-07,7,117,6,1,2,4,1,0,0
276,2026-02-08,10,127,8,2,0,6,2,2,0
276,2026-02-09,9,136,7,2,1,5,2,1,0
276,2026-02-10,13,149,7,6,1,5,6,1,0
277,2026-01-14,0,0,0,0,0,0,0,0,0
277,2026-01-15,0,0,0,0,0,0,0,0,0
277,2026-01-16,0,0,0,0,0,0,0,0,0
277,2026-01-17,0,0,0,0,0,0,0,0,0
277,2026-01-18,0,0,0,0,0,0,0,0,0
277,2026-01-19,0,0,0,0,0,0,0,0,0
277,2026-01-20,0,0,0,0,0,0,0,0,0
277,2026-01-21,0,0,0,0,0,0,0,0,0
277,2026-01-22,0,0,0,0,0,0,0,0,0
277,2026-01-23,0,0,0,0,0,0,0,0,0
277,2026-01-24,0,0,0,0,0,0,0,0,0
277,2026-01-25,6,6,6,0,2,4,0,0,0
277,2026-01-26,2,8,1,1,0,1,1,0,0
277,2026-01-27,2,10,1,1,0,1,1,0,0
277,2026-01-28,3,13,3,0,1,2,0,0,0
277,2026-01-29,4,17,3,1,1,2,1,0,0
277,2026-01-30,6,23,6,0,1,5,0,0,0
277,2026-01-31,1,24,0,1,0,0,1,0,0
277,2026-02-01,5,29,4,1,0,2,1,2,0
277,2026-02-02,3,32,3,0,0,2,0,1,0
277,2026-02-03,4,36,3,1,0,3,1,0,0
277,2026-02-04,4,40,3,1,0,3,1,0,0
277,2026-02-05,5,45,5,0,1,4,0,0,0
277,2026-02-06,11,56,6,5,0,6,4,0,1
277,2026-02-07,6,62,3,3,2,1,2,0,1
277,2026-02-08,3,65,1,2,0,1,2,0,0
277,2026-02-09,3,68,2,1,2,0,1,0,0
277,2026-02-10,5,73,2,3,0,2,1,0,2
278,2026-01-14,0,0,0,0,0,0,0,0,0
278,2026-01-15,0,0,0,0,0,0,0,0,0
278,2026-01-16,0,0,0,0,0,0,0,0,0
278,2026-01-17,0,0,0,0,0,0,0,0,0
278,2026-01-18,0,0,0,0,0,0,0,0,0
278,2026-01-19,0,0,0,0,0,0,0,0,0
278,2026-01-20,0,0,0,0,0,0,0,0,0
278,2026-01-21,0,0,0,0,0,0,0,0,0
278,2026-01-22,0,0,0,0,0,0,0,0,0
278,2026-01-23,0,0,0,0,0,0,0,0,0
278,2026-01-24,0,0,0,0,0,0,0,0,0
278,2026-01-25,3,3,2,1,0,2,0,0,1
278,2026-01-26,4,7,3,1,1,1,0,1,1
278,2026-01-27,3,10,3,0,0,2,0,1,0
278,2026-01-28,1,11,1,0,0,1,0,0,0
278,2026-01-29,1,12,1,0,1,0,0,0,0
278,2026-01-30,1,13,1,0,0,1,0,0,0
278,2026-01-31,1,14,1,0,0,1,0,0,0
278,2026-02-01,4,18,3,1,0,2,1,1,0
278,2026-02-02,0,18,0,0,0,0,0,0,0
278,2026-02-03,1,19,1,0,0,1,0,0,0
278,2026-02-04,6,25,6,0,0,4,0,2,0
278,2026-02-05,3,28,2,1,2,0,1,0,0
278,2026-02-06,2,30,2,0,1,1,0,0,0
278,2026-02-07,2,32,1,1,0,1,1,0,0
278,2026-02-08,0,32,0,0,0,0,0,0,0
278,2026-02-09,3,35,2,1,0,2,1,0,0
278,2026-02-10,2,37,2,0,0,2,0,0,0
279,2026-01-14,0,0,0,0,0,0,0,0,0
279,2026-01-15,0,0,0,0,0,0,0,0,0
279,2026-01-16,0,0,0,0,0,0,0,0,0
279,2026-01-17,0,0,0,0,0,0,0,0,0
279,2026-01-18,0,0,0,0,0,0,0,0,0
279,2026-01-19,0,0,0,0,0,0,0,0,0
279,2026-01-20,0,0,0,0,0,0,0,0,0
279,2026-01-21,0,0,0,0,0,0,0,0,0
279,2026-01-22,0,0,0,0,0,0,0,0,0
279,2026-01-23,0,0,0,0,0,0,0,0,0
279,2026-01-24,0,0,0,0,0,0,0,0,0
279,2026-01-25,5,5,4,1,1,3,1,0,0
279,2026-01-26,2,7,2,0,0,1,0,1,0
279,2026-01-27,4,11,4,0,1,1,0,2,0
279,2026-01-28,4,15,2,2,0,2,2,0,0
279,2026-01-29,4,19,4,0,1,3,0,0,0
279,2026-01-30,2,21,1,1,0,0,1,1,0
279,2026-01-31,5,26,4,1,1,3,0,0,1
279,2026-02-01,4,30,4,0,3,1,0,0,0
279,2026-02-02,2,32,1,1,1,0,0,0,1
279,2026-02-03,6,38,5,1,3,2,1,0,0
279,2026-02-04,4,42,3,1,1,2,1,0,0
279,2026-02-05,9,51,6,3,4,1,2,1,1
279,2026-02-06,4,55,4,0,0,4,0,0,0
279,2026-02-07,7,62,7,0,2,4,0,1,0
279,2026-02-08,7,69,7,0,0,6,0,1,0
279,2026-02-09,7,76,6,1,1,5,0,0,1
279,2026-02-10,6,82,5,1,0,5,1,0,0
280,2026-01-14,0,0,0,0,0,0,0,0,0
280,2026-01-15,0,0,0,0,0,0,0,0,0
280,2026-01-16,0,0,0,0,0,0,0,0,0
280,2026-01-17,0,0,0,0,0,0,0,0,0
280,2026-01-18,0,0,0,0,0,0,0,0,0
280,2026-01-19,0,0,0,0,0,0,0,0,0
280,2026-01-20,0,0,0,0,0,0,0,0,0
280,2026-01-21,0,0,0,0,0,0,0,0,0
280,2026-01-22,0,0,0,0,0,0,0,0,0
280,2026-01-23,0,0,0,0,0,0,0,0,0
280,2026-01-24,0,0,0,0,0,0,0,0,0
280,2026-01-25,8,8,6,2,3,3,2,0,0
280,2026-01-26,5,13,4,1,1,3,1,0,0
280,2026-01-27,3,16,2,1,1,0,0,1,1
280,2026-01-28,4,20,3,1,1,1,1,1,0
280,2026-01-29,10,30,8,2,0,7,1,1,1
280,2026-01-30,8,38,6,2,0,6,2,0,0
280,2026-01-31,4,42,3,1,2,0,0,1,1
280,2026-02-01,5,47,5,0,2,3,0,0,0
280,2026-02-02,10,57,8,2,1,7,1,0,1
280,2026-02-03,9,66,7,2,0,5,2,2,0
280,2026-02-04,8,74,7,1,1,5,1,1,0
280,2026-02-05,9,83,8,1,1,6,1,1,0
280,2026-02-06,3,86,3,0,2,1,0,0,0
280,2026-02-07,9,95,9,0,2,7,0,0,0
280,2026-02-08,7,102,7,0,2,5,0,0,0
280,2026-02-09,6,108,3,3,1,2,3,0,0
280,2026-02-10,9,117,8,1,5,3,1,0,0
281,2026-01-14,0,0,0,0,0,0,0,0,0
281,2026-01-15,0,0,0,0,0,0,0,0,0
281,2026-01-16,0,0,0,0,0,0,0,0,0
281,2026-01-17,0,0,0,0,0,0,0,0,0
281,2026-01-18,0,0,0,0,0,0,0,0,0
281,2026-01-19,0,0,0,0,0,0,0,0,0
281,2026-01-20,0,0,0,0,0,0,0,0,0
281,2026-01-21,0,0,0,0,0,0,0,0,0
281,2026-01-22,0,0,0,0,0,0,0,0,0
281,2026-01-23,0,0,0,0,0,0,0,0,0
281,2026-01-24,0,0,0,0,0,0,0,0,0
281,2026-01-25,3,3,2,1,1,1,1,0,0
281,2026-01-26,7,10,5,2,0,4,2,1,0
281,2026-01-27,4,14,4,0,1,2,0,1,0
281,2026-01-28,7,21,7,0,3,2,0,2,0
281,2026-01-29,6,27,4,2,1,2,1,1,1
281,2026-01-30,3,30,3,0,2,1,0,0,0
281,2026-01-31,5,35,3,2,0,3,2,0,0
281,2026-02-01,8,43,5,3,0,4,2,1,1
281,2026-02-02,2,45,2,0,0,2,0,0,0
281,2026-02-03,6,51,5,1,1,3,1,1,0
281,2026-02-04,6,57,5,1,1,3,1,1,0
281,2026-02-05,3,60,3,0,1,1,0,1,0
281,2026-02-06,8,68,7,1,1,5,1,1,0
281,2026-02-07,7,75,6,1,2,4,1,0,0
281,2026-02-08,4,79,3,1,1,2,0,0,1
281,2026-02-09,7,86,6,1,1,5,0,0,1
281,2026-02-10,7,93,6,1,1,4,1,1,0
282,2026-01-14,0,0,0,0,0,0,0,0,0
282,2026-01-15,0,0,0,0,0,0,0,0,0
282,2026-01-16,0,0,0,0,0,0,0,0,0
282,2026-01-17,0,0,0,0,0,0,0,0,0
282,2026-01-18,0,0,0,0,0,0,0,0,0
282,2026-01-19,0,0,0,0,0,0,0,0,0
282,2026-01-20,0,0,0,0,0,0,0,0,0
282,2026-01-21,0,0,0,0,0,0,0,0,0
282,2026-01-22,0,0,0,0,0,0,0,0,0
282,2026-01-23,0,0,0,0,0,0,0,0,0
282,2026-01-24,0,0,0,0,0,0,0,0,0
282,2026-01-25,4,4,4,0,2,1,0,1,0
282,2026-01-26,6,10,5,1,1,3,1,1,0
282,2026-01-27,5,15,3,2,1,2,2,0,0
282,2026-01-28,2,17,2,0,2,0,0,0,0
282,2026-01-29,5,22,4,1,0,3,1,1,0
282,2026-01-30,4,26,1,3,1,0,3,0,0
282,2026-01-31,3,29,3,0,1,1,0,1,0
282,2026-02-01,5,34,3,2,1,2,1,0,1
282,2026-02-02,3,37,3,0,1,2,0,0,0
282,2026-02-03,11,48,10,1,4,4,1,2,0
282,2026-02-04,8,56,7,1,0,6,0,1,1
282,2026-02-05,4,60,3,1,1,2,1,0,0
282,2026-02-06,6,66,6,0,1,3,0,2,0
282,2026-02-07,10,76,7,3,2,2,2,3,1
282,2026-02-08,4,80,4,0,2,1,0,1,0
282,2026-02-09,4,84,4,0,2,2,0,0,0
282,2026-02-10,7,91,4,3,0,4,2,0,1
283,2026-01-14,0,0,0,0,0,0,0,0,0
283,2026-01-15,0,0,0,0,0,0,0,0,0
283,2026-01-16,0,0,0,0,0,0,0,0,0
283,2026-01-17,0,0,0,0,0,0,0,0,0
283,2026-01-18,0,0,0,0,0,0,0,0,0
283,2026-01-19,0,0,0,0,0,0,0,0,0
283,2026-01-20,0,0,0,0,0,0,0,0,0
283,2026-01-21,0,0,0,0,0,0,0,0,0
283,2026-01-22,0,0,0,0,0,0,0,0,0
283,2026-01-23,0,0,0,0,0,0,0,0,0
283,2026-01-24,0,0,0,0,0,0,0,0,0
283,2026-01-25,5,5,5,0,2,2,0,1,0
283,2026-01-26,6,11,4,2,1,2,2,1,0
283,2026-01-27,4,15,3,1,1,2,1,0,0
283,2026-01-28,6,21,3,3,1,2,3,0,0
283,2026-01-29,5,26,4,1,0,3,1,1,0
283,2026-01-30,11,37,7,4,3,2,3,2,1
283,2026-01-31,5,42,3,2,1,2,2,0,0
283,2026-02-01,7,49,5,2,1,4,0,0,2
283,2026-02-02,6,55,5,1,2,2,1,1,0
283,2026-02-03,7,62,4,3,2,2,2,0,1
283,2026-02-04,10,72,6,4,1,5,4,0,0
283,2026-02-05,4,76,3,1,1,2,1,0,0
283,2026-02-06,11,87,10,1,1,8,0,1,1
283,2026-02-07,14,101,8,6,2,4,6,2,0
283,2026-02-08,14,115,10,4,3,6,3,1,1
283,2026-02-09,11,126,9,2,1,8,2,0,0
283,2026-02-10,12,138,5,7,1,3,6,1,1
284,2026-01-14,0,0,0,0,0,0,0,0,0
284,2026-01-15,0,0,0,0,0,0,0,0,0
284,2026-01-16,0,0,0,0,0,0,0,0,0
284,2026-01-17,0,0,0,0,0,0,0,0,0
284,2026-01-18,0,0,0,0,0,0,0,0,0
284,2026-01-19,0,0,0,0,0,0,0,0,0
284,2026-01-20,0,0,0,0,0,0,0,0,0
284,2026-01-21,0,0,0,0,0,0,0,0,0
284,2026-01-22,0,0,0,0,0,0,0,0,0
284,2026-01-23,0,0,0,0,0,0,0,0,0
284,2026-01-24,0,0,0,0,0,0,0,0,0
284,2026-01-25,5,5,4,1,0,4,1,0,0
284,2026-01-26,3,8,3,0,0,3,0,0,0
284,2026-01-27,1,9,1,0,0,1,0,0,0
284,2026-01-28,3,12,3,0,0,3,0,0,0
284,2026-01-29,1,13,1,0,0,1,0,0,0
284,2026-01-30,3,16,1,2,0,1,2,0,0
284,2026-01-31,0,16,0,0,0,0,0,0,0
284,2026-02-01,4,20,4,0,1,3,0,0,0
284,2026-02-02,3,23,3,0,2,0,0,1,0
284,2026-02-03,4,27,4,0,1,3,0,0,0
284,2026-02-04,0,27,0,0,0,0,0,0,0
284,2026-02-05,5,32,4,1,2,1,1,1,0
284,2026-02-06,5,37,5,0,2,3,0,0,0
284,2026-02-07,3,40,3,0,0,3,0,0,0
284,2026-02-08,4,44,3,1,1,2,1,0,0
284,2026-02-09,1,45,1,0,0,1,0,0,0
284,2026-02-10,2,47,2,0,2,0,0,0,0
285,2026-01-14,0,0,0,0,0,0,0,0,0
285,2026-01-15,0,0,0,0,0,0,0,0,0
285,2026-01-16,0,0,0,0,0,0,0,0,0
285,2026-01-17,0,0,0,0,0,0,0,0,0
285,2026-01-18,0,0,0,0,0,0,0,0,0
285,2026-01-19,0,0,0,0,0,0,0,0,0
285,2026-01-20,0,0,0,0,0,0,0,0,0
285,2026-01-21,0,0,0,0,0,0,0,0,0
285,2026-01-22,0,0,0,0,0,0,0,0,0
285,2026-01-23,0,0,0,0,0,0,0,0,0
285,2026-01-24,0,0,0,0,0,0,0,0,0
285,2026-01-25,4,4,4,0,2,2,0,0,0
285,2026-01-26,3,7,3,0,0,2,0,1,0
285,2026-01-27,3,10,3,0,0,3,0,0,0
285,2026-01-28,2,12,1,1,0,1,1,0,0
285,2026-01-29,2,14,0,2,0,0,2,0,0
285,2026-01-30,2,16,2,0,0,2,0,0,0
285,2026-01-31,5,21,4,1,0,3,1,1,0
285,2026-02-01,2,23,2,0,1,1,0,0,0
285,2026-02-02,0,23,0,0,0,0,0,0,0
285,2026-02-03,7,30,7,0,2,4,0,1,0
285,2026-02-04,2,32,2,0,0,2,0,0,0
285,2026-02-05,7,39,5,2,1,4,2,0,0
285,2026-02-06,5,44,5,0,2,3,0,0,0
285,2026-02-07,4,48,3,1,2,1,1,0,0
285,2026-02-08,8,56,6,2,3,2,1,1,1
285,2026-02-09,8,64,6,2,2,3,2,1,0
285,2026-02-10,3,67,3,0,1,2,0,0,0
286,2026-01-14,0,0,0,0,0,0,0,0,0
286,2026-01-15,0,0,0,0,0,0,0,0,0
286,2026-01-16,0,0,0,0,0,0,0,0,0
286,2026-01-17,0,0,0,0,0,0,0,0,0
286,2026-01-18,0,0,0,0,0,0,0,0,0
286,2026-01-19,0,0,0,0,0,0,0,0,0
286,2026-01-20,0,0,0,0,0,0,0,0,0
286,2026-01-21,0,0,0,0,0,0,0,0,0
286,2026-01-22,0,0,0,0,0,0,0,0,0
286,2026-01-23,0,0,0,0,0,0,0,0,0
286,2026-01-24,0,0,0,0,0,0,0,0,0
286,2026-01-25,13,13,10,3,3,6,1,1,2
286,2026-01-26,3,16,3,0,1,1,0,1,0
286,2026-01-27,4,20,3,1,1,2,1,0,0
286,2026-01-28,6,26,4,2,1,3,0,0,2
286,2026-01-29,5,31,3,2,1,2,1,0,1
286,2026-01-30,6,37,5,1,1,2,1,2,0
286,2026-01-31,7,44,5,2,2,2,2,1,0
286,2026-02-01,10,54,9,1,2,7,1,0,0
286,2026-02-02,15,69,10,5,3,4,5,3,0
286,2026-02-03,14,83,10,4,4,6,2,0,2
286,2026-02-04,10,93,6,4,0,5,3,1,1
286,2026-02-05,12,105,10,2,4,6,2,0,0
286,2026-02-06,14,119,11,3,5,5,1,1,2
286,2026-02-07,12,131,12,0,2,10,0,0,0
286,2026-02-08,18,149,16,2,5,9,1,2,1
286,2026-02-09,18,167,12,6,5,7,4,0,2
286,2026-02-10,12,179,10,2,0,6,1,4,1
287,2026-01-14,0,0,0,0,0,0,0,0,0
287,2026-01-15,0,0,0,0,0,0,0,0,0
287,2026-01-16,0,0,0,0,0,0,0,0,0
287,2026-01-17,0,0,0,0,0,0,0,0,0
287,2026-01-18,0,0,0,0,0,0,0,0,0
287,2026-01-19,0,0,0,0,0,0,0,0,0
287,2026-01-20,0,0,0,0,0,0,0,0,0
287,2026-01-21,0,0,0,0,0,0,0,0,0
287,2026-01-22,0,0,0,0,0,0,0,0,0
287,2026-01-23,0,0,0,0,0,0,0,0,0
287,2026-01-24,0,0,0,0,0,0,0,0,0
287,2026-01-25,6,6,5,1,2,3,1,0,0
287,2026-01-26,6,12,1,5,0,1,5,0,0
287,2026-01-27,3,15,2,1,0,1,1,1,0
287,2026-01-28,6,21,5,1,2,3,1,0,0
287,2026-01-29,8,29,8,0,3,4,0,1,0
287,2026-01-30,6,35,4,2,1,2,2,1,0
287,2026-01-31,5,40,3,2,1,2,0,0,2
287,2026-02-01,7,47,7,0,2,4,0,1,0
287,2026-02-02,14,61,13,1,1,12,1,0,0
287,2026-02-03,9,70,8,1,3,3,1,2,0
287,2026-02-04,6,76,6,0,2,2,0,2,0
287,2026-02-05,11,87,9,2,4,5,1,0,1
287,2026-02-06,11,98,10,1,3,7,1,0,0
287,2026-02-07,18,116,14,4,4,9,4,1,0
287,2026-02-08,16,132,16,0,8,7,0,1,0
287,2026-02-09,9,141,5,4,1,3,3,1,1
287,2026-02-10,11,152,8,3,2,6,2,0,1
288,2026-01-14,0,0,0,0,0,0,0,0,0
288,2026-01-15,0,0,0,0,0,0,0,0,0
288,2026-01-16,0,0,0,0,0,0,0,0,0
288,2026-01-17,0,0,0,0,0,0,0,0,0
288,2026-01-18,0,0,0,0,0,0,0,0,0
288,2026-01-19,0,0,0,0,0,0,0,0,0
288,2026-01-20,0,0,0,0,0,0,0,0,0
288,2026-01-21,0,0,0,0,0,0,0,0,0
288,2026-01-22,0,0,0,0,0,0,0,0,0
288,2026-01-23,0,0,0,0,0,0,0,0,0
288,2026-01-24,0,0,0,0,0,0,0,0,0
288,2026-01-25,7,7,7,0,2,5,0,0,0
288,2026-01-26,3,10,2,1,1,0,1,1,0
288,2026-01-27,2,12,2,0,0,1,0,1,0
288,2026-01-28,1,13,1,0,0,1,0,0,0
288,2026-01-29,0,13,0,0,0,0,0,0,0
288,2026-01-30,2,15,2,0,2,0,0,0,0
288,2026-01-31,3,18,2,1,0,2,1,0,0
288,2026-02-01,0,18,0,0,0,0,0,0,0
288,2026-02-02,3,21,2,1,0,2,1,0,0
288,2026-02-03,2,23,1,1,1,0,1,0,0
288,2026-02-04,1,24,1,0,0,1,0,0,0
288,2026-02-05,3,27,2,1,0,2,0,0,1
288,2026-02-06,4,31,3,1,0,2,1,1,0
288,2026-02-07,4,35,3,1,1,2,0,0,1
288,2026-02-08,4,39,4,0,3,1,0,0,0
288,2026-02-09,14,53,13,1,3,8,1,2,0
288,2026-02-10,5,58,5,0,2,3,0,0,0
289,2026-01-14,0,0,0,0,0,0,0,0,0
289,2026-01-15,0,0,0,0,0,0,0,0,0
289,2026-01-16,0,0,0,0,0,0,0,0,0
289,2026-01-17,0,0,0,0,0,0,0,0,0
289,2026-01-18,0,0,0,0,0,0,0,0,0
289,2026-01-19,0,0,0,0,0,0,0,0,0
289,2026-01-20,0,0,0,0,0,0,0,0,0
289,2026-01-21,0,0,0,0,0,0,0,0,0
289,2026-01-22,0,0,0,0,0,0,0,0,0
289,2026-01-23,0,0,0,0,0,0,0,0,0
289,2026-01-24,0,0,0,0,0,0,0,0,0
289,2026-01-25,6,6,3,3,1,2,2,0,1
289,2026-01-26,4,10,4,0,2,2,0,0,0
289,2026-01-27,2,12,1,1,1,0,1,0,0
289,2026-01-28,3,15,3,0,0,3,0,0,0
289,2026-01-29,2,17,2,0,1,1,0,0,0
289,2026-01-30,2,19,1,1,0,1,1,0,0
289,2026-01-31,2,21,2,0,1,1,0,0,0
289,2026-02-01,5,26,4,1,1,3,1,0,0
289,2026-02-02,5,31,4,1,1,3,1,0,0
289,2026-02-03,4,35,3,1,1,2,1,0,0
289,2026-02-04,2,37,2,0,0,2,0,0,0
289,2026-02-05,5,42,4,1,1,2,1,1,0
289,2026-02-06,4,46,1,3,0,0,3,1,0
289,2026-02-07,6,52,5,1,1,4,1,0,0
289,2026-02-08,7,59,7,0,1,5,0,1,0
289,2026-02-09,2,61,2,0,1,1,0,0,0
289,2026-02-10,4,65,2,2,1,1,2,0,0
290,2026-01-14,0,0,0,0,0,0,0,0,0
290,2026-01-15,0,0,0,0,0,0,0,0,0
290,2026-01-16,0,0,0,0,0,0,0,0,0
290,2026-01-17,0,0,0,0,0,0,0,0,0
290,2026-01-18,0,0,0,0,0,0,0,0,0
290,2026-01-19,0,0,0,0,0,0,0,0,0
290,2026-01-20,0,0,0,0,0,0,0,0,0
290,2026-01-21,0,0,0,0,0,0,0,0,0
290,2026-01-22,0,0,0,0,0,0,0,0,0
290,2026-01-23,0,0,0,0,0,0,0,0,0
290,2026-01-24,0,0,0,0,0,0,0,0,0
290,2026-01-25,8,8,7,1,3,2,1,2,0
290,2026-01-26,2,10,1,1,0,1,1,0,0
290,2026-01-27,5,15,4,1,0,4,1,0,0
290,2026-01-28,6,21,5,1,2,2,0,1,1
290,2026-01-29,5,26,5,0,1,3,0,1,0
290,2026-01-30,6,32,5,1,1,3,1,1,0
290,2026-01-31,5,37,5,0,1,4,0,0,0
290,2026-02-01,7,44,5,2,0,5,1,0,1
290,2026-02-02,4,48,2,2,1,1,2,0,0
290,2026-02-03,5,53,4,1,2,1,1,1,0
290,2026-02-04,10,63,8,2,4,2,1,2,1
290,2026-02-05,3,66,1,2,0,1,1,0,1
290,2026-02-06,11,77,10,1,4,6,1,0,0
290,2026-02-07,8,85,5,3,2,3,3,0,0
290,2026-02-08,3,88,3,0,2,1,0,0,0
290,2026-02-09,12,100,7,5,0,6,4,1,1
290,2026-02-10,8,108,7,1,2,3,1,2,0
291,2026-01-14,0,0,0,0,0,0,0,0,0
291,2026-01-15,0,0,0,0,0,0,0,0,0
291,2026-01-16,0,0,0,0,0,0,0,0,0
291,2026-01-17,0,0,0,0,0,0,0,0,0
291,2026-01-18,0,0,0,0,0,0,0,0,0
291,2026-01-19,0,0,0,0,0,0,0,0,0
291,2026-01-20,0,0,0,0,0,0,0,0,0
291,2026-01-21,0,0,0,0,0,0,0,0,0
291,2026-01-22,0,0,0,0,0,0,0,0,0
291,2026-01-23,0,0,0,0,0,0,0,0,0
291,2026-01-24,0,0,0,0,0,0,0,0,0
291,2026-01-25,4,4,3,1,1,2,1,0,0
291,2026-01-26,3,7,3,0,1,1,0,1,0
291,2026-01-27,2,9,1,1,1,0,1,0,0
291,2026-01-28,3,12,3,0,3,0,0,0,0
291,2026-01-29,3,15,3,0,0,3,0,0,0
291,2026-01-30,6,21,3,3,1,1,2,1,1
291,2026-01-31,2,23,1,1,1,0,1,0,0
291,2026-02-01,2,25,2,0,2,0,0,0,0
291,2026-02-02,2,27,2,0,1,1,0,0,0
291,2026-02-03,4,31,3,1,1,2,1,0,0
291,2026-02-04,6,37,4,2,1,2,2,1,0
291,2026-02-05,5,42,4,1,0,3,0,1,1
291,2026-02-06,3,45,1,2,0,1,2,0,0
291,2026-02-07,3,48,3,0,1,2,0,0,0
291,2026-02-08,4,52,2,2,0,2,1,0,1
291,2026-02-09,6,58,5,1,1,4,0,0,1
291,2026-02-10,9,67,7,2,1,5,2,1,0
292,2026-01-14,0,0,0,0,0,0,0,0,0
292,2026-01-15,0,0,0,0,0,0,0,0,0
292,2026-01-16,0,0,0,0,0,0,0,0,0
292,2026-01-17,0,0,0,0,0,0,0,0,0
292,2026-01-18,0,0,0,0,0,0,0,0,0
292,2026-01-19,0,0,0,0,0,0,0,0,0
292,2026-01-20,0,0,0,0,0,0,0,0,0
292,2026-01-21,0,0,0,0,0,0,0,0,0
292,2026-01-22,0,0,0,0,0,0,0,0,0
292,2026-01-23,0,0,0,0,0,0,0,0,0
292,2026-01-24,0,0,0,0,0,0,0,0,0
292,2026-01-25,1,1,1,0,0,1,0,0,0
292,2026-01-26,7,8,6,1,3,2,1,1,0
292,2026-01-27,8,16,7,1,4,3,1,0,0
292,2026-01-28,3,19,2,1,0,2,1,0,0
292,2026-01-29,5,24,4,1,0,4,1,0,0
292,2026-01-30,7,31,6,1,1,4,0,1,1
292,2026-01-31,9,40,8,1,4,3,1,1,0
292,2026-02-01,4,44,3,1,1,2,1,0,0
292,2026-02-02,5,49,5,0,1,4,0,0,0
292,2026-02-03,10,59,9,1,2,6,1,1,0
292,2026-02-04,5,64,4,1,1,3,1,0,0
292,2026-02-05,6,70,5,1,0,4,0,1,1
292,2026-02-06,11,81,8,3,1,6,3,1,0
292,2026-02-07,10,91,9,1,5,2,0,2,1
292,2026-02-08,7,98,5,2,2,2,1,1,1
292,2026-02-09,9,107,8,1,3,4,0,1,1
292,2026-02-10,9,116,8,1,2,5,1,1,0
293,2026-01-14,0,0,0,0,0,0,0,0,0
293,2026-01-15,0,0,0,0,0,0,0,0,0
293,2026-01-16,0,0,0,0,0,0,0,0,0
293,2026-01-17,0,0,0,0,0,0,0,0,0
293,2026-01-18,0,0,0,0,0,0,0,0,0
293,2026-01-19,0,0,0,0,0,0,0,0,0
293,2026-01-20,0,0,0,0,0,0,0,0,0
293,2026-01-21,0,0,0,0,0,0,0,0,0
293,2026-01-22,0,0,0,0,0,0,0,0,0
293,2026-01-23,0,0,0,0,0,0,0,0,0
293,2026-01-24,0,0,0,0,0,0,0,0,0
293,2026-01-25,0,0,0,0,0,0,0,0,0
293,2026-01-26,7,7,7,0,2,5,0,0,0
293,2026-01-27,2,9,2,0,0,2,0,0,0
293,2026-01-28,2,11,2,0,1,1,0,0,0
293,2026-01-29,4,15,2,2,0,2,2,0,0
293,2026-01-30,5,20,5,0,1,3,0,1,0
293,2026-01-31,3,23,3,0,0,2,0,1,0
293,2026-02-01,3,26,1,2,1,0,1,0,1
293,2026-02-02,7,33,7,0,2,5,0,0,0
293,2026-02-03,6,39,3,3,0,3,2,0,1
293,2026-02-04,3,42,3,0,1,2,0,0,0
293,2026-02-05,3,45,3,0,1,2,0,0,0
293,2026-02-06,2,47,2,0,1,0,0,1,0
293,2026-02-07,5,52,5,0,2,3,0,0,0
293,2026-02-08,11,63,10,1,4,6,1,0,0
293,2026-02-09,4,67,4,0,3,1,0,0,0
293,2026-02-10,13,80,10,3,4,4,2,2,1
294,2026-01-14,0,0,0,0,0,0,0,0,0
294,2026-01-15,0,0,0,0,0,0,0,0,0
294,2026-01-16,0,0,0,0,0,0,0,0,0
294,2026-01-17,0,0,0,0,0,0,0,0,0
294,2026-01-18,0,0,0,0,0,0,0,0,0
294,2026-01-19,0,0,0,0,0,0,0,0,0
294,2026-01-20,0,0,0,0,0,0,0,0,0
294,2026-01-21,0,0,0,0,0,0,0,0,0
294,2026-01-22,0,0,0,0,0,0,0,0,0
294,2026-01-23,0,0,0,0,0,0,0,0,0
294,2026-01-24,0,0,0,0,0,0,0,0,0
294,2026-01-25,2,2,1,1,0,1,0,0,1
294,2026-01-26,4,6,3,1,0,1,1,2,0
294,2026-01-27,2,8,2,0,1,1,0,0,0
294,2026-01-28,9,17,6,3,3,3,2,0,1
294,2026-01-29,2,19,2,0,1,0,0,1,0
294,2026-01-30,2,21,2,0,2,0,0,0,0
294,2026-01-31,7,28,5,2,1,2,1,2,1
294,2026-02-01,2,30,1,1,1,0,1,0,0
294,2026-02-02,3,33,3,0,1,2,0,0,0
294,2026-02-03,6,39,5,1,1,2,0,2,1
294,2026-02-04,4,43,4,0,2,2,0,0,0
294,2026-02-05,9,52,8,1,6,2,0,0,1
294,2026-02-06,7,59,5,2,1,3,2,1,0
294,2026-02-07,7,66,4,3,1,3,2,0,1
294,2026-02-08,7,73,4,3,2,2,2,0,1
294,2026-02-09,4,77,4,0,0,4,0,0,0
294,2026-02-10,8,85,8,0,3,5,0,0,0
295,2026-01-14,0,0,0,0,0,0,0,0,0
295,2026-01-15,0,0,0,0,0,0,0,0,0
295,2026-01-16,0,0,0,0,0,0,0,0,0
295,2026-01-17,0,0,0,0,0,0,0,0,0
295,2026-01-18,0,0,0,0,0,0,0,0,0
295,2026-01-19,0,0,0,0,0,0,0,0,0
295,2026-01-20,0,0,0,0,0,0,0,0,0
295,2026-01-21,0,0,0,0,0,0,0,0,0
295,2026-01-22,0,0,0,0,0,0,0,0,0
295,2026-01-23,0,0,0,0,0,0,0,0,0
295,2026-01-24,0,0,0,0,0,0,0,0,0
295,2026-01-25,9,9,5,4,0,3,4,2,0
295,2026-01-26,3,12,2,1,0,1,1,1,0
295,2026-01-27,9,21,9,0,4,5,0,0,0
295,2026-01-28,2,23,1,1,0,1,1,0,0
295,2026-01-29,1,24,1,0,0,1,0,0,0
295,2026-01-30,6,30,4,2,1,2,0,1,2
295,2026-01-31,5,35,5,0,2,3,0,0,0
295,2026-02-01,3,38,3,0,1,2,0,0,0
295,2026-02-02,7,45,7,0,3,3,0,1,0
295,2026-02-03,3,48,2,1,1,1,1,0,0
295,2026-02-04,8,56,7,1,1,4,1,2,0
295,2026-02-05,7,63,6,1,2,4,1,0,0
295,2026-02-06,9,72,6,3,2,4,2,0,1
295,2026-02-07,8,80,6,2,1,4,2,1,0
295,2026-02-08,7,87,5,2,1,4,1,0,1
295,2026-02-09,9,96,8,1,2,6,1,0,0
295,2026-02-10,11,107,10,1,2,7,1,1,0
296,2026-01-14,0,0,0,0,0,0,0,0,0
296,2026-01-15,0,0,0,0,0,0,0,0,0
296,2026-01-16,0,0,0,0,0,0,0,0,0
296,2026-01-17,0,0,0,0,0,0,0,0,0
296,2026-01-18,0,0,0,0,0,0,0,0,0
296,2026-01-19,0,0,0,0,0,0,0,0,0
296,2026-01-20,0,0,0,0,0,0,0,0,0
296,2026-01-21,0,0,0,0,0,0,0,0,0
296,2026-01-22,0,0,0,0,0,0,0,0,0
296,2026-01-23,0,0,0,0,0,0,0,0,0
296,2026-01-24,0,0,0,0,0,0,0,0,0
296,2026-01-25,6,6,4,2,0,4,2,0,0
296,2026-01-26,1,7,0,1,0,0,0,0,1
296,2026-01-27,3,10,2,1,1,1,0,0,1
296,2026-01-28,3,13,1,2,0,1,2,0,0
296,2026-01-29,3,16,2,1,0,1,1,1,0
296,2026-01-30,2,18,1,1,0,1,1,0,0
296,2026-01-31,4,22,2,2,1,1,1,0,1
296,2026-02-01,6,28,3,3,0,2,3,1,0
296,2026-02-02,6,34,4,2,1,3,1,0,1
296,2026-02-03,9,43,8,1,2,4,1,2,0
296,2026-02-04,5,48,4,1,2,2,1,0,0
296,2026-02-05,6,54,4,2,0,4,1,0,1
296,2026-02-06,6,60,5,1,1,4,1,0,0
296,2026-02-07,2,62,0,2,0,0,1,0,1
296,2026-02-08,9,71,6,3,3,2,2,1,1
296,2026-02-09,9,80,6,3,2,4,3,0,0
296,2026-02-10,9,89,8,1,2,5,1,1,0
297,2026-01-14,0,0,0,0,0,0,0,0,0
297,2026-01-15,0,0,0,0,0,0,0,0,0
297,2026-01-16,0,0,0,0,0,0,0,0,0
297,2026-01-17,0,0,0,0,0,0,0,0,0
297,2026-01-18,0,0,0,0,0,0,0,0,0
297,2026-01-19,0,0,0,0,0,0,0,0,0
297,2026-01-20,0,0,0,0,0,0,0,0,0
297,2026-01-21,0,0,0,0,0,0,0,0,0
297,2026-01-22,0,0,0,0,0,0,0,0,0
297,2026-01-23,0,0,0,0,0,0,0,0,0
297,2026-01-24,0,0,0,0,0,0,0,0,0
297,2026-01-25,4,4,3,1,2,1,1,0,0
297,2026-01-26,3,7,3,0,2,1,0,0,0
297,2026-01-27,2,9,2,0,1,1,0,0,0
297,2026-01-28,2,11,2,0,1,1,0,0,0
297,2026-01-29,1,12,1,0,0,0,0,1,0
297,2026-01-30,1,13,0,1,0,0,1,0,0
297,2026-01-31,6,19,5,1,1,4,1,0,0
297,2026-02-01,2,21,2,0,1,1,0,0,0
297,2026-02-02,5,26,5,0,2,2,0,1,0
297,2026-02-03,5,31,2,3,1,1,2,0,1
297,2026-02-04,3,34,3,0,2,1,0,0,0
297,2026-02-05,4,38,3,1,1,2,1,0,0
297,2026-02-06,2,40,0,2,0,0,2,0,0
297,2026-02-07,6,46,6,0,1,5,0,0,0
297,2026-02-08,6,52,4,2,1,2,0,1,2
297,2026-02-09,2,54,2,0,0,2,0,0,0
297,2026-02-10,3,57,2,1,0,2,1,0,0
298,2026-01-14,0,0,0,0,0,0,0,0,0
298,2026-01-15,0,0,0,0,0,0,0,0,0
298,2026-01-16,0,0,0,0,0,0,0,0,0
298,2026-01-17,0,0,0,0,0,0,0,0,0
298,2026-01-18,0,0,0,0,0,0,0,0,0
298,2026-01-19,0,0,0,0,0,0,0,0,0
298,2026-01-20,0,0,0,0,0,0,0,0,0
298,2026-01-21,0,0,0,0,0,0,0,0,0
298,2026-01-22,0,0,0,0,0,0,0,0,0
298,2026-01-23,0,0,0,0,0,0,0,0,0
298,2026-01-24,0,0,0,0,0,0,0,0,0
298,2026-01-25,2,2,2,0,1,1,0,0,0
298,2026-01-26,3,5,3,0,0,2,0,1,0
298,2026-01-27,2,7,2,0,1,1,0,0,0
298,2026-01-28,3,10,3,0,1,2,0,0,0
298,2026-01-29,6,16,3,3,1,2,2,0,1
298,2026-01-30,3,19,3,0,0,3,0,0,0
298,2026-01-31,8,27,7,1,5,2,0,0,1
298,2026-02-01,6,33,6,0,4,2,0,0,0
298,2026-02-02,5,38,3,2,0,3,2,0,0
298,2026-02-03,4,42,4,0,0,4,0,0,0
298,2026-02-04,9,51,8,1,0,8,1,0,0
298,2026-02-05,7,58,3,4,1,2,1,0,3
298,2026-02-06,8,66,8,0,1,7,0,0,0
298,2026-02-07,13,79,10,3,5,3,3,2,0
298,2026-02-08,11,90,7,4,1,3,4,3,0
298,2026-02-09,6,96,6,0,2,4,0,0,0
298,2026-02-10,9,105,8,1,3,4,0,1,1
299,2026-01-14,0,0,0,0,0,0,0,0,0
299,2026-01-15,0,0,0,0,0,0,0,0,0
299,2026-01-16,0,0,0,0,0,0,0,0,0
299,2026-01-17,0,0,0,0,0,0,0,0,0
299,2026-01-18,0,0,0,0,0,0,0,0,0
299,2026-01-19,0,0,0,0,0,0,0,0,0
299,2026-01-20,0,0,0,0,0,0,0,0,0
299,2026-01-21,0,0,0,0,0,0,0,0,0
299,2026-01-22,0,0,0,0,0,0,0,0,0
299,2026-01-23,0,0,0,0,0,0,0,0,0
299,2026-01-24,0,0,0,0,0,0,0,0,0
299,2026-01-25,6,6,6,0,1,4,0,1,0
299,2026-01-26,1,7,1,0,1,0,0,0,0
299,2026-01-27,4,11,3,1,0,2,1,1,0
299,2026-01-28,5,16,4,1,1,3,1,0,0
299,2026-01-29,5,21,4,1,1,3,1,0,0
299,2026-01-30,4,25,3,1,1,0,1,2,0
299,2026-01-31,2,27,1,1,0,1,1,0,0
299,2026-02-01,4,31,4,0,0,3,0,1,0
299,2026-02-02,1,32,1,0,0,1,0,0,0
299,2026-02-03,8,40,5,3,3,1,2,1,1
299,2026-02-04,7,47,6,1,3,2,1,1,0
299,2026-02-05,7,54,6,1,3,3,1,0,0
299,2026-02-06,5,59,4,1,1,3,1,0,0
299,2026-02-07,14,73,12,2,4,7,1,1,1
299,2026-02-08,4,77,4,0,2,1,0,1,0
299,2026-02-09,13,90,12,1,6,6,1,0,0
299,2026-02-10,12,102,12,0,3,9,0,0,0
300,2026-01-14,0,0,0,0,0,0,0,0,0
300,2026-01-15,0,0,0,0,0,0,0,0,0
300,2026-01-16,0,0,0,0,0,0,0,0,0
300,2026-01-17,0,0,0,0,0,0,0,0,0
300,2026-01-18,0,0,0,0,0,0,0,0,0
300,2026-01-19,0,0,0,0,0,0,0,0,0
300,2026-01-20,0,0,0,0,0,0,0,0,0
300,2026-01-21,0,0,0,0,0,0,0,0,0
300,2026-01-22,0,0,0,0,0,0,0,0,0
300,2026-01-23,0,0,0,0,0,0,0,0,0
300,2026-01-24,0,0,0,0,0,0,0,0,0
300,2026-01-25,5,5,4,1,2,2,0,0,1
300,2026-01-26,3,8,3,0,0,3,0,0,0
300,2026-01-27,3,11,2,1,1,1,1,0,0
300,2026-01-28,3,14,3,0,1,1,0,1,0
300,2026-01-29,4,18,3,1,0,3,1,0,0
300,2026-01-30,5,23,3,2,1,2,1,0,1
300,2026-01-31,5,28,5,0,1,4,0,0,0
300,2026-02-01,4,32,3,1,2,1,1,0,0
300,2026-02-02,6,38,6,0,0,6,0,0,0
300,2026-02-03,4,42,4,0,1,3,0,0,0
300,2026-02-04,5,47,5,0,1,4,0,0,0
300,2026-02-05,5,52,4,1,3,1,1,0,0
300,2026-02-06,11,63,8,3,2,5,3,1,0
300,2026-02-07,10,73,8,2,2,5,2,1,0
300,2026-02-08,11,84,10,1,1,8,1,1,0
300,2026-02-09,5,89,4,1,1,2,1,1,0
300,2026-02-10,5,94,5,0,3,2,0,0,0
301,2026-01-14,0,0,0,0,0,0,0,0,0
301,2026-01-15,0,0,0,0,0,0,0,0,0
301,2026-01-16,0,0,0,0,0,0,0,0,0
301,2026-01-17,0,0,0,0,0,0,0,0,0
301,2026-01-18,0,0,0,0,0,0,0,0,0
301,2026-01-19,0,0,0,0,0,0,0,0,0
301,2026-01-20,0,0,0,0,0,0,0,0,0
301,2026-01-21,0,0,0,0,0,0,0,0,0
301,2026-01-22,0,0,0,0,0,0,0,0,0
301,2026-01-23,0,0,0,0,0,0,0,0,0
301,2026-01-24,0,0,0,0,0,0,0,0,0
301,2026-01-25,8,8,8,0,3,5,0,0,0
301,2026-01-26,4,12,3,1,1,1,1,1,0
301,2026-01-27,5,17,5,0,2,3,0,0,0
301,2026-01-28,0,17,0,0,0,0,0,0,0
301,2026-01-29,1,18,1,0,0,1,0,0,0
301,2026-01-30,6,24,6,0,0,6,0,0,0
301,2026-01-31,5,29,3,2,1,2,2,0,0
301,2026-02-01,3,32,2,1,0,1,0,1,1
301,2026-02-02,4,36,4,0,1,2,0,1,0
301,2026-02-03,6,42,5,1,2,1,1,2,0
301,2026-02-04,6,48,6,0,1,2,0,3,0
301,2026-02-05,7,55,6,1,1,5,1,0,0
301,2026-02-06,6,61,4,2,1,2,2,1,0
301,2026-02-07,9,70,7,2,2,5,1,0,1
301,2026-02-08,4,74,3,1,1,1,1,1,0
301,2026-02-09,4,78,4,0,1,3,0,0,0
301,2026-02-10,14,92,11,3,3,8,1,0,2
302,2026-01-14,0,0,0,0,0,0,0,0,0
302,2026-01-15,0,0,0,0,0,0,0,0,0
302,2026-01-16,0,0,0,0,0,0,0,0,0
302,2026-01-17,0,0,0,0,0,0,0,0,0
302,2026-01-18,0,0,0,0,0,0,0,0,0
302,2026-01-19,0,0,0,0,0,0,0,0,0
302,2026-01-20,0,0,0,0,0,0,0,0,0
302,2026-01-21,0,0,0,0,0,0,0,0,0
302,2026-01-22,0,0,0,0,0,0,0,0,0
302,2026-01-23,0,0,0,0,0,0,0,0,0
302,2026-01-24,0,0,0,0,0,0,0,0,0
302,2026-01-25,2,2,2,0,0,1,0,1,0
302,2026-01-26,4,6,2,2,0,2,2,0,0
302,2026-01-27,3,9,1,2,1,0,1,0,1
302,2026-01-28,1,10,1,0,1,0,0,0,0
302,2026-01-29,5,15,3,2,1,1,1,1,1
302,2026-01-30,1,16,1,0,0,1,0,0,0
302,2026-01-31,2,18,1,1,0,1,0,0,1
302,2026-02-01,2,20,1,1,0,1,1,0,0
302,2026-02-02,4,24,3,1,0,3,1,0,0
302,2026-02-03,5,29,2,3,1,1,1,0,2
302,2026-02-04,4,33,2,2,0,2,2,0,0
302,2026-02-05,5,38,5,0,2,3,0,0,0
302,2026-02-06,5,43,2,3,0,1,2,1,1
302,2026-02-07,5,48,3,2,0,1,2,2,0
302,2026-02-08,3,51,3,0,2,1,0,0,0
302,2026-02-09,6,57,6,0,0,5,0,1,0
302,2026-02-10,5,62,2,3,0,1,2,1,1
303,2026-01-14,0,0,0,0,0,0,0,0,0
303,2026-01-15,0,0,0,0,0,0,0,0,0
303,2026-01-16,0,0,0,0,0,0,0,0,0
303,2026-01-17,0,0,0,0,0,0,0,0,0
303,2026-01-18,0,0,0,0,0,0,0,0,0
303,2026-01-19,0,0,0,0,0,0,0,0,0
303,2026-01-20,0,0,0,0,0,0,0,0,0
303,2026-01-21,0,0,0,0,0,0,0,0,0
303,2026-01-22,0,0,0,0,0,0,0,0,0
303,2026-01-23,0,0,0,0,0,0,0,0,0
303,2026-01-24,0,0,0,0,0,0,0,0,0
303,2026-01-25,10,10,8,2,4,3,2,1,0
303,2026-01-26,7,17,7,0,0,6,0,1,0
303,2026-01-27,4,21,4,0,2,1,0,1,0
303,2026-01-28,9,30,7,2,2,5,2,0,0
303,2026-01-29,2,32,0,2,0,0,2,0,0
303,2026-01-30,7,39,5,2,2,3,2,0,0
303,2026-01-31,10,49,10,0,2,5,0,3,0
303,2026-02-01,5,54,4,1,2,1,1,1,0
303,2026-02-02,5,59,4,1,2,2,1,0,0
303,2026-02-03,10,69,8,2,2,5,2,1,0
303,2026-02-04,10,79,8,2,1,6,2,1,0
303,2026-02-05,11,90,8,3,1,6,1,1,2
303,2026-02-06,12,102,5,7,1,3,6,1,1
303,2026-02-07,4,106,4,0,0,2,0,2,0
303,2026-02-08,9,115,7,2,2,5,2,0,0
303,2026-02-09,10,125,7,3,3,4,3,0,0
303,2026-02-10,12,137,11,1,6,5,1,0,0
304,2026-01-14,0,0,0,0,0,0,0,0,0
304,2026-01-15,0,0,0,0,0,0,0,0,0
304,2026-01-16,0,0,0,0,0,0,0,0,0
304,2026-01-17,0,0,0,0,0,0,0,0,0
304,2026-01-18,0,0,0,0,0,0,0,0,0
304,2026-01-19,0,0,0,0,0,0,0,0,0
304,2026-01-20,0,0,0,0,0,0,0,0,0
304,2026-01-21,0,0,0,0,0,0,0,0,0
304,2026-01-22,0,0,0,0,0,0,0,0,0
304,2026-01-23,0,0,0,0,0,0,0,0,0
304,2026-01-24,0,0,0,0,0,0,0,0,0
304,2026-01-25,5,5,5,0,1,3,0,1,0
304,2026-01-26,10,15,7,3,3,4,1,0,2
304,2026-01-27,5,20,4,1,1,2,1,1,0
304,2026-01-28,4,24,4,0,2,1,0,1,0
304,2026-01-29,4,28,2,2,0,2,1,0,1
304,2026-01-30,7,35,6,1,1,4,1,1,0
304,2026-01-31,2,37,2,0,1,1,0,0,0
304,2026-02-01,5,42,5,0,3,2,0,0,0
304,2026-02-02,4,46,3,1,0,2,1,1,0
304,2026-02-03,10,56,8,2,2,4,2,2,0
304,2026-02-04,5,61,5,0,1,3,0,1,0
304,2026-02-05,12,73,10,2,2,7,2,1,0
304,2026-02-06,7,80,5,2,1,4,1,0,1
304,2026-02-07,5,85,5,0,0,4,0,1,0
304,2026-02-08,7,92,7,0,1,6,0,0,0
304,2026-02-09,11,103,10,1,2,8,1,0,0
304,2026-02-10,11,114,8,3,1,7,1,0,2
305,2026-01-14,0,0,0,0,0,0,0,0,0
305,2026-01-15,0,0,0,0,0,0,0,0,0
305,2026-01-16,0,0,0,0,0,0,0,0,0
305,2026-01-17,0,0,0,0,0,0,0,0,0
305,2026-01-18,0,0,0,0,0,0,0,0,0
305,2026-01-19,0,0,0,0,0,0,0,0,0
305,2026-01-20,0,0,0,0,0,0,0,0,0
305,2026-01-21,0,0,0,0,0,0,0,0,0
305,2026-01-22,0,0,0,0,0,0,0,0,0
305,2026-01-23,0,0,0,0,0,0,0,0,0
305,2026-01-24,0,0,0,0,0,0,0,0,0
305,2026-01-25,13,13,8,5,2,6,2,0,3
305,2026-01-26,5,18,2,3,0,2,3,0,0
305,2026-01-27,3,21,3,0,2,1,0,0,0
305,2026-01-28,5,26,4,1,3,1,1,0,0
305,2026-01-29,4,30,3,1,0,2,1,1,0
305,2026-01-30,9,39,7,2,2,4,2,1,0
305,2026-01-31,9,48,8,1,1,5,1,2,0
305,2026-02-01,7,55,5,2,1,4,0,0,2
305,2026-02-02,8,63,5,3,0,5,3,0,0
305,2026-02-03,4,67,4,0,0,4,0,0,0
305,2026-02-04,8,75,6,2,0,5,2,1,0
305,2026-02-05,12,87,9,3,4,5,2,0,1
305,2026-02-06,8,95,6,2,2,3,2,1,0
305,2026-02-07,7,102,3,4,1,2,4,0,0
305,2026-02-08,10,112,8,2,0,8,0,0,2
305,2026-02-09,12,124,9,3,2,7,3,0,0
305,2026-02-10,11,135,9,2,1,6,2,2,0
306,2026-01-14,0,0,0,0,0,0,0,0,0
306,2026-01-15,0,0,0,0,0,0,0,0,0
306,2026-01-16,0,0,0,0,0,0,0,0,0
306,2026-01-17,0,0,0,0,0,0,0,0,0
306,2026-01-18,0,0,0,0,0,0,0,0,0
306,2026-01-19,0,0,0,0,0,0,0,0,0
306,2026-01-20,0,0,0,0,0,0,0,0,0
306,2026-01-21,0,0,0,0,0,0,0,0,0
306,2026-01-22,0,0,0,0,0,0,0,0,0
306,2026-01-23,0,0,0,0,0,0,0,0,0
306,2026-01-24,0,0,0,0,0,0,0,0,0
306,2026-01-25,10,10,9,1,3,5,1,1,0
306,2026-01-26,10,20,8,2,2,3,2,3,0
306,2026-01-27,3,23,3,0,0,3,0,0,0
306,2026-01-28,2,25,2,0,1,1,0,0,0
306,2026-01-29,2,27,2,0,0,2,0,0,0
306,2026-01-30,3,30,3,0,3,0,0,0,0
306,2026-01-31,8,38,6,2,2,4,2,0,0
306,2026-02-01,5,43,3,2,0,2,2,1,0
306,2026-02-02,10,53,9,1,2,7,1,0,0
306,2026-02-03,4,57,3,1,0,3,0,0,1
306,2026-02-04,3,60,2,1,0,2,1,0,0
306,2026-02-05,6,66,5,1,3,2,1,0,0
306,2026-02-06,6,72,5,1,0,4,1,1,0
306,2026-02-07,8,80,5,3,2,3,2,0,1
306,2026-02-08,6,86,5,1,1,4,1,0,0
306,2026-02-09,9,95,6,3,1,5,2,0,1
306,2026-02-10,7,102,6,1,4,2,1,0,0
307,2026-01-14,0,0,0,0,0,0,0,0,0
307,2026-01-15,0,0,0,0,0,0,0,0,0
307,2026-01-16,0,0,0,0,0,0,0,0,0
307,2026-01-17,0,0,0,0,0,0,0,0,0
307,2026-01-18,0,0,0,0,0,0,0,0,0
307,2026-01-19,0,0,0,0,0,0,0,0,0
307,2026-01-20,0,0,0,0,0,0,0,0,0
307,2026-01-21,0,0,0,0,0,0,0,0,0
307,2026-01-22,0,0,0,0,0,0,0,0,0
307,2026-01-23,0,0,0,0,0,0,0,0,0
307,2026-01-24,0,0,0,0,0,0,0,0,0
307,2026-01-25,7,7,5,2,0,4,2,1,0
307,2026-01-26,3,10,1,2,0,1,1,0,1
307,2026-01-27,0,10,0,0,0,0,0,0,0
307,2026-01-28,3,13,2,1,0,2,1,0,0
307,2026-01-29,1,14,1,0,0,1,0,0,0
307,2026-01-30,4,18,2,2,0,2,2,0,0
307,2026-01-31,3,21,1,2,0,0,2,1,0
307,2026-02-01,4,25,3,1,0,3,1,0,0
307,2026-02-02,7,32,6,1,1,5,0,0,1
307,2026-02-03,2,34,1,1,0,0,1,1,0
307,2026-02-04,5,39,2,3,0,2,1,0,2
307,2026-02-05,6,45,3,3,0,3,2,0,1
307,2026-02-06,4,49,4,0,1,3,0,0,0
307,2026-02-07,10,59,9,1,4,5,1,0,0
307,2026-02-08,5,64,4,1,1,3,0,0,1
307,2026-02-09,4,68,3,1,2,0,1,1,0
307,2026-02-10,4,72,2,2,0,0,2,2,0
308,2026-01-14,0,0,0,0,0,0,0,0,0
308,2026-01-15,0,0,0,0,0,0,0,0,0
308,2026-01-16,0,0,0,0,0,0,0,0,0
308,2026-01-17,0,0,0,0,0,0,0,0,0
308,2026-01-18,0,0,0,0,0,0,0,0,0
308,2026-01-19,0,0,0,0,0,0,0,0,0
308,2026-01-20,0,0,0,0,0,0,0,0,0
308,2026-01-21,0,0,0,0,0,0,0,0,0
308,2026-01-22,0,0,0,0,0,0,0,0,0
308,2026-01-23,0,0,0,0,0,0,0,0,0
308,2026-01-24,0,0,0,0,0,0,0,0,0
308,2026-01-25,4,4,3,1,1,2,1,0,0
308,2026-01-26,3,7,2,1,0,1,1,1,0
308,2026-01-27,2,9,2,0,0,2,0,0,0
308,2026-01-28,7,16,4,3,0,3,2,1,1
308,2026-01-29,2,18,2,0,1,1,0,0,0
308,2026-01-30,9,27,5,4,2,3,4,0,0
308,2026-01-31,7,34,7,0,1,5,0,1,0
308,2026-02-01,6,40,5,1,1,3,1,1,0
308,2026-02-02,7,47,5,2,3,2,2,0,0
308,2026-02-03,5,52,5,0,1,4,0,0,0
308,2026-02-04,12,64,9,3,3,6,2,0,1
308,2026-02-05,8,72,6,2,0,4,1,2,1
308,2026-02-06,4,76,3,1,1,1,0,1,1
308,2026-02-07,7,83,6,1,1,3,1,2,0
308,2026-02-08,8,91,4,4,1,3,3,0,1
308,2026-02-09,8,99,5,3,1,4,1,0,2
308,2026-02-10,7,106,7,0,4,3,0,0,0
309,2026-01-14,0,0,0,0,0,0,0,0,0
309,2026-01-15,0,0,0,0,0,0,0,0,0
309,2026-01-16,0,0,0,0,0,0,0,0,0
309,2026-01-17,0,0,0,0,0,0,0,0,0
309,2026-01-18,0,0,0,0,0,0,0,0,0
309,2026-01-19,0,0,0,0,0,0,0,0,0
309,2026-01-20,0,0,0,0,0,0,0,0,0
309,2026-01-21,0,0,0,0,0,0,0,0,0
309,2026-01-22,0,0,0,0,0,0,0,0,0
309,2026-01-23,0,0,0,0,0,0,0,0,0
309,2026-01-24,0,0,0,0,0,0,0,0,0
309,2026-01-25,6,6,5,1,1,3,0,1,1
309,2026-01-26,2,8,1,1,1,0,1,0,0
309,2026-01-27,1,9,1,0,0,0,0,1,0
309,2026-01-28,0,9,0,0,0,0,0,0,0
309,2026-01-29,4,13,2,2,0,2,1,0,1
309,2026-01-30,4,17,3,1,0,3,0,0,1
309,2026-01-31,2,19,0,2,0,0,1,0,1
309,2026-02-01,2,21,2,0,0,1,0,1,0
309,2026-02-02,2,23,2,0,0,2,0,0,0
309,2026-02-03,3,26,3,0,2,1,0,0,0
309,2026-02-04,1,27,1,0,1,0,0,0,0
309,2026-02-05,2,29,2,0,0,2,0,0,0
309,2026-02-06,5,34,5,0,4,1,0,0,0
309,2026-02-07,2,36,1,1,0,0,1,1,0
309,2026-02-08,3,39,2,1,1,1,1,0,0
309,2026-02-09,7,46,7,0,3,4,0,0,0
309,2026-02-10,4,50,2,2,1,1,2,0,0
310,2026-01-14,0,0,0,0,0,0,0,0,0
310,2026-01-15,0,0,0,0,0,0,0,0,0
310,2026-01-16,0,0,0,0,0,0,0,0,0
310,2026-01-17,0,0,0,0,0,0,0,0,0
310,2026-01-18,0,0,0,0,0,0,0,0,0
310,2026-01-19,0,0,0,0,0,0,0,0,0
310,2026-01-20,0,0,0,0,0,0,0,0,0
310,2026-01-21,0,0,0,0,0,0,0,0,0
310,2026-01-22,0,0,0,0,0,0,0,0,0
310,2026-01-23,0,0,0,0,0,0,0,0,0
310,2026-01-24,0,0,0,0,0,0,0,0,0
310,2026-01-25,7,7,6,1,1,5,0,0,1
310,2026-01-26,5,12,5,0,2,3,0,0,0
310,2026-01-27,6,18,4,2,1,3,2,0,0
310,2026-01-28,3,21,3,0,1,1,0,1,0
310,2026-01-29,7,28,6,1,0,6,1,0,0
310,2026-01-30,5,33,4,1,0,3,0,1,1
310,2026-01-31,7,40,3,4,2,1,4,0,0
310,2026-02-01,6,46,4,2,1,3,2,0,0
310,2026-02-02,7,53,5,2,1,4,1,0,1
310,2026-02-03,6,59,5,1,1,3,1,1,0
310,2026-02-04,11,70,9,2,2,7,2,0,0
310,2026-02-05,2,72,1,1,0,1,1,0,0
310,2026-02-06,11,83,9,2,1,8,1,0,1
310,2026-02-07,6,89,6,0,0,6,0,0,0
310,2026-02-08,8,97,5,3,1,3,2,1,1
310,2026-02-09,9,106,6,3,5,0,3,1,0
310,2026-02-10,12,118,3,9,1,2,7,0,2
311,2026-01-14,0,0,0,0,0,0,0,0,0
311,2026-01-15,0,0,0,0,0,0,0,0,0
311,2026-01-16,0,0,0,0,0,0,0,0,0
311,2026-01-17,0,0,0,0,0,0,0,0,0
311,2026-01-18,0,0,0,0,0,0,0,0,0
311,2026-01-19,0,0,0,0,0,0,0,0,0
311,2026-01-20,0,0,0,0,0,0,0,0,0
311,2026-01-21,0,0,0,0,0,0,0,0,0
311,2026-01-22,0,0,0,0,0,0,0,0,0
311,2026-01-23,0,0,0,0,0,0,0,0,0
311,2026-01-24,0,0,0,0,0,0,0,0,0
311,2026-01-25,4,4,2,2,1,1,2,0,0
311,2026-01-26,8,12,7,1,2,5,1,0,0
311,2026-01-27,8,20,8,0,5,3,0,0,0
311,2026-01-28,5,25,4,1,0,4,1,0,0
311,2026-01-29,7,32,5,2,0,5,2,0,0
311,2026-01-30,10,42,9,1,4,5,0,0,1
311,2026-01-31,6,48,4,2,0,4,2,0,0
311,2026-02-01,9,57,6,3,2,4,2,0,1
311,2026-02-02,10,67,10,0,1,6,0,3,0
311,2026-02-03,3,70,3,0,2,1,0,0,0
311,2026-02-04,10,80,10,0,5,5,0,0,0
311,2026-02-05,14,94,10,4,2,8,3,0,1
311,2026-02-06,10,104,7,3,0,6,3,1,0
311,2026-02-07,6,110,2,4,0,2,3,0,1
311,2026-02-08,9,119,9,0,1,6,0,2,0
311,2026-02-09,17,136,16,1,5,11,0,0,1
311,2026-02-10,17,153,13,4,5,7,4,1,0
312,2026-01-14,0,0,0,0,0,0,0,0,0
312,2026-01-15,0,0,0,0,0,0,0,0,0
312,2026-01-16,0,0,0,0,0,0,0,0,0
312,2026-01-17,0,0,0,0,0,0,0,0,0
312,2026-01-18,0,0,0,0,0,0,0,0,0
312,2026-01-19,0,0,0,0,0,0,0,0,0
312,2026-01-20,0,0,0,0,0,0,0,0,0
312,2026-01-21,0,0,0,0,0,0,0,0,0
312,2026-01-22,0,0,0,0,0,0,0,0,0
312,2026-01-23,0,0,0,0,0,0,0,0,0
312,2026-01-24,0,0,0,0,0,0,0,0,0
312,2026-01-25,4,4,4,0,0,4,0,0,0
312,2026-01-26,7,11,6,1,0,5,1,1,0
312,2026-01-27,3,14,1,2,0,1,1,0,1
312,2026-01-28,3,17,2,1,0,2,1,0,0
312,2026-01-29,4,21,4,0,0,4,0,0,0
312,2026-01-30,4,25,3,1,1,2,1,0,0
312,2026-01-31,10,35,7,3,4,2,3,1,0
312,2026-02-01,9,44,9,0,5,4,0,0,0
312,2026-02-02,3,47,3,0,1,2,0,0,0
312,2026-02-03,13,60,10,3,2,5,3,3,0
312,2026-02-04,9,69,6,3,3,3,3,0,0
312,2026-02-05,17,86,14,3,3,11,3,0,0
312,2026-02-06,9,95,4,5,1,3,3,0,2
312,2026-02-07,13,108,13,0,7,5,0,1,0
312,2026-02-08,11,119,9,2,5,3,1,1,1
312,2026-02-09,15,134,13,2,5,7,2,1,0
312,2026-02-10,7,141,4,3,0,2,3,2,0
313,2026-01-14,0,0,0,0,0,0,0,0,0
313,2026-01-15,0,0,0,0,0,0,0,0,0
313,2026-01-16,0,0,0,0,0,0,0,0,0
313,2026-01-17,0,0,0,0,0,0,0,0,0
313,2026-01-18,0,0,0,0,0,0,0,0,0
313,2026-01-19,0,0,0,0,0,0,0,0,0
313,2026-01-20,0,0,0,0,0,0,0,0,0
313,2026-01-21,0,0,0,0,0,0,0,0,0
313,2026-01-22,0,0,0,0,0,0,0,0,0
313,2026-01-23,0,0,0,0,0,0,0,0,0
313,2026-01-24,0,0,0,0,0,0,0,0,0
313,2026-01-25,9,9,5,4,0,5,2,0,2
313,2026-01-26,4,13,3,1,1,2,1,0,0
313,2026-01-27,7,20,5,2,1,4,1,0,1
313,2026-01-28,3,23,3,0,0,2,0,1,0
313,2026-01-29,6,29,5,1,0,5,1,0,0
313,2026-01-30,2,31,2,0,0,2,0,0,0
313,2026-01-31,2,33,2,0,0,2,0,0,0
313,2026-02-01,3,36,3,0,0,3,0,0,0
313,2026-02-02,12,48,10,2,0,7,1,3,1
313,2026-02-03,4,52,4,0,0,3,0,1,0
313,2026-02-04,6,58,5,1,2,2,1,1,0
313,2026-02-05,12,70,9,3,2,6,3,1,0
313,2026-02-06,14,84,11,3,4,7,3,0,0
313,2026-02-07,6,90,6,0,1,3,0,2,0
313,2026-02-08,13,103,10,3,3,7,2,0,1
313,2026-02-09,13,116,10,3,2,7,3,1,0
313,2026-02-10,6,122,6,0,3,3,0,0,0
314,2026-01-14,0,0,0,0,0,0,0,0,0
314,2026-01-15,0,0,0,0,0,0,0,0,0
314,2026-01-16,0,0,0,0,0,0,0,0,0
314,2026-01-17,0,0,0,0,0,0,0,0,0
314,2026-01-18,0,0,0,0,0,0,0,0,0
314,2026-01-19,0,0,0,0,0,0,0,0,0
314,2026-01-20,0,0,0,0,0,0,0,0,0
314,2026-01-21,0,0,0,0,0,0,0,0,0
314,2026-01-22,0,0,0,0,0,0,0,0,0
314,2026-01-23,0,0,0,0,0,0,0,0,0
314,2026-01-24,0,0,0,0,0,0,0,0,0
314,2026-01-25,6,6,6,0,1,4,0,1,0
314,2026-01-26,3,9,3,0,1,2,0,0,0
314,2026-01-27,4,13,4,0,1,1,0,2,0
314,2026-01-28,2,15,2,0,1,1,0,0,0
314,2026-01-29,3,18,3,0,1,2,0,0,0
314,2026-01-30,1,19,1,0,0,1,0,0,0
314,2026-01-31,4,23,3,1,1,2,1,0,0
314,2026-02-01,5,28,5,0,2,2,0,1,0
314,2026-02-02,4,32,3,1,1,2,0,0,1
314,2026-02-03,4,36,3,1,3,0,1,0,0
314,2026-02-04,5,41,5,0,3,2,0,0,0
314,2026-02-05,8,49,8,0,3,4,0,1,0
314,2026-02-06,3,52,2,1,0,2,1,0,0
314,2026-02-07,7,59,6,1,3,3,1,0,0
314,2026-02-08,14,73,12,2,3,9,1,0,1
314,2026-02-09,6,79,5,1,1,4,1,0,0
314,2026-02-10,5,84,5,0,1,4,0,0,0
315,2026-01-14,0,0,0,0,0,0,0,0,0
315,2026-01-15,0,0,0,0,0,0,0,0,0
315,2026-01-16,0,0,0,0,0,0,0,0,0
315,2026-01-17,0,0,0,0,0,0,0,0,0
315,2026-01-18,0,0,0,0,0,0,0,0,0
315,2026-01-19,0,0,0,0,0,0,0,0,0
315,2026-01-20,0,0,0,0,0,0,0,0,0
315,2026-01-21,0,0,0,0,0,0,0,0,0
315,2026-01-22,0,0,0,0,0,0,0,0,0
315,2026-01-23,0,0,0,0,0,0,0,0,0
315,2026-01-24,0,0,0,0,0,0,0,0,0
315,2026-01-25,8,8,8,0,4,3,0,1,0
315,2026-01-26,4,12,2,2,0,1,1,1,1
315,2026-01-27,4,16,4,0,0,4,0,0,0
315,2026-01-28,11,27,9,2,2,6,1,1,1
315,2026-01-29,4,31,3,1,2,1,1,0,0
315,2026-01-30,8,39,7,1,1,4,1,2,0
315,2026-01-31,9,48,7,2,1,5,2,1,0
315,2026-02-01,5,53,4,1,0,3,0,1,1
315,2026-02-02,6,59,4,2,1,3,1,0,1
315,2026-02-03,5,64,4,1,1,3,1,0,0
315,2026-02-04,5,69,3,2,2,0,2,1,0
315,2026-02-05,6,75,5,1,0,5,1,0,0
315,2026-02-06,10,85,8,2,4,4,2,0,0
315,2026-02-07,10,95,7,3,3,4,2,0,1
315,2026-02-08,5,100,3,2,0,3,1,0,1
315,2026-02-09,7,107,5,2,2,3,2,0,0
315,2026-02-10,9,116,7,2,3,2,2,2,0
316,2026-01-14,0,0,0,0,0,0,0,0,0
316,2026-01-15,0,0,0,0,0,0,0,0,0
316,2026-01-16,0,0,0,0,0,0,0,0,0
316,2026-01-17,0,0,0,0,0,0,0,0,0
316,2026-01-18,0,0,0,0,0,0,0,0,0
316,2026-01-19,0,0,0,0,0,0,0,0,0
316,2026-01-20,0,0,0,0,0,0,0,0,0
316,2026-01-21,0,0,0,0,0,0,0,0,0
316,2026-01-22,0,0,0,0,0,0,0,0,0
316,2026-01-23,0,0,0,0,0,0,0,0,0
316,2026-01-24,0,0,0,0,0,0,0,0,0
316,2026-01-25,4,4,4,0,2,2,0,0,0
316,2026-01-26,5,9,3,2,2,0,2,1,0
316,2026-01-27,5,14,5,0,2,1,0,2,0
316,2026-01-28,8,22,6,2,2,3,2,1,0
316,2026-01-29,5,27,5,0,2,3,0,0,0
316,2026-01-30,4,31,2,2,1,1,2,0,0
316,2026-01-31,2,33,2,0,0,2,0,0,0
316,2026-02-01,6,39,5,1,0,4,1,1,0
316,2026-02-02,5,44,4,1,3,1,0,0,1
316,2026-02-03,10,54,6,4,4,2,3,0,1
316,2026-02-04,8,62,7,1,2,3,1,2,0
316,2026-02-05,6,68,6,0,1,4,0,1,0
316,2026-02-06,1,69,1,0,0,0,0,1,0
316,2026-02-07,5,74,4,1,0,4,1,0,0
316,2026-02-08,5,79,3,2,0,3,2,0,0
316,2026-02-09,8,87,6,2,2,4,2,0,0
316,2026-02-10,8,95,8,0,4,4,0,0,0
317,2026-01-14,0,0,0,0,0,0,0,0,0
317,2026-01-15,0,0,0,0,0,0,0,0,0
317,2026-01-16,0,0,0,0,0,0,0,0,0
317,2026-01-17,0,0,0,0,0,0,0,0,0
317,2026-01-18,0,0,0,0,0,0,0,0,0
317,2026-01-19,0,0,0,0,0,0,0,0,0
317,2026-01-20,0,0,0,0,0,0,0,0,0
317,2026-01-21,0,0,0,0,0,0,0,0,0
317,2026-01-22,0,0,0,0,0,0,0,0,0
317,2026-01-23,0,0,0,0,0,0,0,0,0
317,2026-01-24,0,0,0,0,0,0,0,0,0
317,2026-01-25,5,5,3,2,0,3,1,0,1
317,2026-01-26,5,10,2,3,2,0,1,0,2
317,2026-01-27,2,12,0,2,0,0,2,0,0
317,2026-01-28,3,15,3,0,0,3,0,0,0
317,2026-01-29,3,18,2,1,2,0,1,0,0
317,2026-01-30,8,26,8,0,2,6,0,0,0
317,2026-01-31,3,29,3,0,1,2,0,0,0
317,2026-02-01,1,30,1,0,0,0,0,1,0
317,2026-02-02,5,35,4,1,2,2,1,0,0
317,2026-02-03,4,39,4,0,1,2,0,1,0
317,2026-02-04,2,41,2,0,0,1,0,1,0
317,2026-02-05,6,47,6,0,2,4,0,0,0
317,2026-02-06,8,55,7,1,1,6,1,0,0
317,2026-02-07,1,56,1,0,0,1,0,0,0
317,2026-02-08,8,64,6,2,0,5,2,1,0
317,2026-02-09,1,65,0,1,0,0,1,0,0
317,2026-02-10,5,70,5,0,3,2,0,0,0
318,2026-01-14,0,0,0,0,0,0,0,0,0
318,2026-01-15,0,0,0,0,0,0,0,0,0
318,2026-01-16,0,0,0,0,0,0,0,0,0
318,2026-01-17,0,0,0,0,0,0,0,0,0
318,2026-01-18,0,0,0,0,0,0,0,0,0
318,2026-01-19,0,0,0,0,0,0,0,0,0
318,2026-01-20,0,0,0,0,0,0,0,0,0
318,2026-01-21,0,0,0,0,0,0,0,0,0
318,2026-01-22,0,0,0,0,0,0,0,0,0
318,2026-01-23,0,0,0,0,0,0,0,0,0
318,2026-01-24,0,0,0,0,0,0,0,0,0
318,2026-01-25,9,9,7,2,1,6,2,0,0
318,2026-01-26,3,12,3,0,0,3,0,0,0
318,2026-01-27,1,13,1,0,0,0,0,1,0
318,2026-01-28,2,15,1,1,0,0,1,1,0
318,2026-01-29,4,19,3,1,1,1,1,1,0
318,2026-01-30,5,24,3,2,0,3,1,0,1
318,2026-01-31,3,27,3,0,0,3,0,0,0
318,2026-02-01,4,31,2,2,0,1,2,1,0
318,2026-02-02,4,35,3,1,1,2,1,0,0
318,2026-02-03,4,39,3,1,1,2,1,0,0
318,2026-02-04,7,46,7,0,3,3,0,1,0
318,2026-02-05,3,49,2,1,1,1,0,0,1
318,2026-02-06,7,56,6,1,1,3,0,2,1
318,2026-02-07,8,64,7,1,4,2,0,1,1
318,2026-02-08,4,68,4,0,0,4,0,0,0
318,2026-02-09,9,77,6,3,3,3,0,0,3
318,2026-02-10,8,85,8,0,2,5,0,1,0
319,2026-01-14,0,0,0,0,0,0,0,0,0
319,2026-01-15,0,0,0,0,0,0,0,0,0
319,2026-01-16,0,0,0,0,0,0,0,0,0
319,2026-01-17,0,0,0,0,0,0,0,0,0
319,2026-01-18,0,0,0,0,0,0,0,0,0
319,2026-01-19,0,0,0,0,0,0,0,0,0
319,2026-01-20,0,0,0,0,0,0,0,0,0
319,2026-01-21,0,0,0,0,0,0,0,0,0
319,2026-01-22,0,0,0,0,0,0,0,0,0
319,2026-01-23,0,0,0,0,0,0,0,0,0
319,2026-01-24,0,0,0,0,0,0,0,0,0
319,2026-01-25,3,3,2,1,0,2,1,0,0
319,2026-01-26,4,7,3,1,1,1,1,1,0
319,2026-01-27,1,8,1,0,0,1,0,0,0
319,2026-01-28,2,10,1,1,0,1,1,0,0
319,2026-01-29,2,12,0,2,0,0,2,0,0
319,2026-01-30,5,17,2,3,1,0,3,1,0
319,2026-01-31,3,20,2,1,1,1,1,0,0
319,2026-02-01,4,24,3,1,0,3,1,0,0
319,2026-02-02,3,27,3,0,0,1,0,2,0
319,2026-02-03,4,31,3,1,0,2,1,1,0
319,2026-02-04,4,35,3,1,1,2,1,0,0
319,2026-02-05,10,45,8,2,2,5,1,1,1
319,2026-02-06,4,49,3,1,0,2,1,1,0
319,2026-02-07,7,56,6,1,0,5,1,1,0
319,2026-02-08,2,58,2,0,1,0,0,1,0
319,2026-02-09,7,65,5,2,3,2,2,0,0
319,2026-02-10,5,70,3,2,1,0,2,2,0
320,2026-01-14,0,0,0,0,0,0,0,0,0
320,2026-01-15,0,0,0,0,0,0,0,0,0
320,2026-01-16,0,0,0,0,0,0,0,0,0
320,2026-01-17,0,0,0,0,0,0,0,0,0
320,2026-01-18,0,0,0,0,0,0,0,0,0
320,2026-01-19,0,0,0,0,0,0,0,0,0
320,2026-01-20,0,0,0,0,0,0,0,0,0
320,2026-01-21,0,0,0,0,0,0,0,0,0
320,2026-01-22,0,0,0,0,0,0,0,0,0
320,2026-01-23,0,0,0,0,0,0,0,0,0
320,2026-01-24,0,0,0,0,0,0,0,0,0
320,2026-01-25,8,8,8,0,2,6,0,0,0
320,2026-01-26,5,13,4,1,0,4,1,0,0
320,2026-01-27,8,21,5,3,2,2,2,1,1
320,2026-01-28,3,24,3,0,0,2,0,1,0
320,2026-01-29,5,29,5,0,2,3,0,0,0
320,2026-01-30,6,35,5,1,0,3,1,2,0
320,2026-01-31,4,39,4,0,1,3,0,0,0
320,2026-02-01,10,49,7,3,2,5,3,0,0
320,2026-02-02,4,53,4,0,0,4,0,0,0
320,2026-02-03,11,64,5,6,1,4,6,0,0
320,2026-02-04,12,76,9,3,2,5,3,2,0
320,2026-02-05,5,81,4,1,2,2,0,0,1
320,2026-02-06,5,86,3,2,3,0,2,0,0
320,2026-02-07,13,99,11,2,3,8,2,0,0
320,2026-02-08,9,108,7,2,2,4,1,1,1
320,2026-02-09,14,122,11,3,3,6,2,2,1
320,2026-02-10,10,132,8,2,0,7,2,1,0
321,2026-01-14,0,0,0,0,0,0,0,0,0
321,2026-01-15,0,0,0,0,0,0,0,0,0
321,2026-01-16,0,0,0,0,0,0,0,0,0
321,2026-01-17,0,0,0,0,0,0,0,0,0
321,2026-01-18,0,0,0,0,0,0,0,0,0
321,2026-01-19,0,0,0,0,0,0,0,0,0
321,2026-01-20,0,0,0,0,0,0,0,0,0
321,2026-01-21,0,0,0,0,0,0,0,0,0
321,2026-01-22,0,0,0,0,0,0,0,0,0
321,2026-01-23,0,0,0,0,0,0,0,0,0
321,2026-01-24,0,0,0,0,0,0,0,0,0
321,2026-01-25,5,5,4,1,1,1,1,2,0
321,2026-01-26,4,9,3,1,0,2,0,1,1
321,2026-01-27,2,11,2,0,2,0,0,0,0
321,2026-01-28,3,14,2,1,0,2,1,0,0
321,2026-01-29,2,16,2,0,1,0,0,1,0
321,2026-01-30,0,16,0,0,0,0,0,0,0
321,2026-01-31,1,17,1,0,0,0,0,1,0
321,2026-02-01,2,19,2,0,0,2,0,0,0
321,2026-02-02,2,21,2,0,0,1,0,1,0
321,2026-02-03,2,23,2,0,1,1,0,0,0
321,2026-02-04,1,24,1,0,0,1,0,0,0
321,2026-02-05,3,27,2,1,0,2,1,0,0
321,2026-02-06,6,33,6,0,1,5,0,0,0
321,2026-02-07,4,37,2,2,1,1,1,0,1
321,2026-02-08,2,39,1,1,0,1,0,0,1
321,2026-02-09,6,45,5,1,2,3,0,0,1
321,2026-02-10,1,46,0,1,0,0,1,0,0
322,2026-01-14,0,0,0,0,0,0,0,0,0
322,2026-01-15,0,0,0,0,0,0,0,0,0
322,2026-01-16,0,0,0,0,0,0,0,0,0
322,2026-01-17,0,0,0,0,0,0,0,0,0
322,2026-01-18,0,0,0,0,0,0,0,0,0
322,2026-01-19,0,0,0,0,0,0,0,0,0
322,2026-01-20,0,0,0,0,0,0,0,0,0
322,2026-01-21,0,0,0,0,0,0,0,0,0
322,2026-01-22,0,0,0,0,0,0,0,0,0
322,2026-01-23,0,0,0,0,0,0,0,0,0
322,2026-01-24,0,0,0,0,0,0,0,0,0
322,2026-01-25,6,6,5,1,3,2,1,0,0
322,2026-01-26,6,12,5,1,1,4,0,0,1
322,2026-01-27,5,17,4,1,1,3,1,0,0
322,2026-01-28,4,21,3,1,1,2,1,0,0
322,2026-01-29,4,25,4,0,1,3,0,0,0
322,2026-01-30,5,30,4,1,0,4,1,0,0
322,2026-01-31,9,39,9,0,4,5,0,0,0
322,2026-02-01,9,48,9,0,4,5,0,0,0
322,2026-02-02,8,56,8,0,3,5,0,0,0
322,2026-02-03,9,65,7,2,1,5,1,1,1
322,2026-02-04,4,69,3,1,2,0,0,1,1
322,2026-02-05,5,74,3,2,0,1,2,2,0
322,2026-02-06,7,81,6,1,0,4,1,2,0
322,2026-02-07,10,91,10,0,3,7,0,0,0
322,2026-02-08,6,97,6,0,3,2,0,1,0
322,2026-02-09,10,107,8,2,1,3,2,4,0
322,2026-02-10,13,120,9,4,4,2,3,3,1
323,2026-01-14,0,0,0,0,0,0,0,0,0
323,2026-01-15,0,0,0,0,0,0,0,0,0
323,2026-01-16,0,0,0,0,0,0,0,0,0
323,2026-01-17,0,0,0,0,0,0,0,0,0
323,2026-01-18,0,0,0,0,0,0,0,0,0
323,2026-01-19,0,0,0,0,0,0,0,0,0
323,2026-01-20,0,0,0,0,0,0,0,0,0
323,2026-01-21,0,0,0,0,0,0,0,0,0
323,2026-01-22,0,0,0,0,0,0,0,0,0
323,2026-01-23,0,0,0,0,0,0,0,0,0
323,2026-01-24,0,0,0,0,0,0,0,0,0
323,2026-01-25,2,2,0,2,0,0,2,0,0
323,2026-01-26,3,5,2,1,2,0,0,0,1
323,2026-01-27,0,5,0,0,0,0,0,0,0
323,2026-01-28,6,11,5,1,0,4,1,1,0
323,2026-01-29,1,12,1,0,1,0,0,0,0
323,2026-01-30,4,16,1,3,1,0,1,0,2
323,2026-01-31,2,18,2,0,0,2,0,0,0
323,2026-02-01,7,25,1,6,0,1,6,0,0
323,2026-02-02,4,29,2,2,1,1,1,0,1
323,2026-02-03,2,31,2,0,1,1,0,0,0
323,2026-02-04,4,35,2,2,0,2,1,0,1
323,2026-02-05,1,36,1,0,1,0,0,0,0
323,2026-02-06,5,41,3,2,2,1,1,0,1
323,2026-02-07,2,43,1,1,1,0,1,0,0
323,2026-02-08,7,50,4,3,1,2,2,1,1
323,2026-02-09,6,56,5,1,1,4,1,0,0
323,2026-02-10,4,60,3,1,2,1,1,0,0
324,2026-01-14,0,0,0,0,0,0,0,0,0
324,2026-01-15,0,0,0,0,0,0,0,0,0
324,2026-01-16,0,0,0,0,0,0,0,0,0
324,2026-01-17,0,0,0,0,0,0,0,0,0
324,2026-01-18,0,0,0,0,0,0,0,0,0
324,2026-01-19,0,0,0,0,0,0,0,0,0
324,2026-01-20,0,0,0,0,0,0,0,0,0
324,2026-01-21,0,0,0,0,0,0,0,0,0
324,2026-01-22,0,0,0,0,0,0,0,0,0
324,2026-01-23,0,0,0,0,0,0,0,0,0
324,2026-01-24,0,0,0,0,0,0,0,0,0
324,2026-01-25,10,10,8,2,1,7,2,0,0
324,2026-01-26,1,11,1,0,0,1,0,0,0
324,2026-01-27,5,16,5,0,3,2,0,0,0
324,2026-01-28,4,20,2,2,1,0,2,1,0
324,2026-01-29,6,26,5,1,0,4,1,1,0
324,2026-01-30,7,33,6,1,2,3,1,1,0
324,2026-01-31,5,38,4,1,0,4,0,0,1
324,2026-02-01,4,42,4,0,1,3,0,0,0
324,2026-02-02,9,51,7,2,2,5,2,0,0
324,2026-02-03,9,60,7,2,1,6,1,0,1
324,2026-02-04,9,69,4,5,2,2,2,0,3
324,2026-02-05,10,79,7,3,1,5,3,1,0
324,2026-02-06,11,90,7,4,3,2,3,2,1
324,2026-02-07,13,103,11,2,3,6,2,2,0
324,2026-02-08,19,122,13,6,4,8,3,1,3
324,2026-02-09,15,137,13,2,5,7,2,1,0
324,2026-02-10,18,155,14,4,3,11,3,0,1
325,2026-01-14,0,0,0,0,0,0,0,0,0
325,2026-01-15,0,0,0,0,0,0,0,0,0
325,2026-01-16,0,0,0,0,0,0,0,0,0
325,2026-01-17,0,0,0,0,0,0,0,0,0
325,2026-01-18,0,0,0,0,0,0,0,0,0
325,2026-01-19,0,0,0,0,0,0,0,0,0
325,2026-01-20,0,0,0,0,0,0,0,0,0
325,2026-01-21,0,0,0,0,0,0,0,0,0
325,2026-01-22,0,0,0,0,0,0,0,0,0
325,2026-01-23,0,0,0,0,0,0,0,0,0
325,2026-01-24,0,0,0,0,0,0,0,0,0
325,2026-01-25,2,2,2,0,0,0,0,2,0
325,2026-01-26,6,8,6,0,3,2,0,1,0
325,2026-01-27,0,8,0,0,0,0,0,0,0
325,2026-01-28,4,12,3,1,1,1,1,1,0
325,2026-01-29,2,14,1,1,0,1,1,0,0
325,2026-01-30,3,17,2,1,0,2,1,0,0
325,2026-01-31,6,23,5,1,1,4,1,0,0
325,2026-02-01,1,24,1,0,0,1,0,0,0
325,2026-02-02,4,28,4,0,2,2,0,0,0
325,2026-02-03,3,31,3,0,1,2,0,0,0
325,2026-02-04,9,40,8,1,1,6,1,1,0
325,2026-02-05,4,44,4,0,2,2,0,0,0
325,2026-02-06,6,50,5,1,2,2,1,1,0
325,2026-02-07,7,57,6,1,3,3,0,0,1
325,2026-02-08,10,67,8,2,2,6,1,0,1
325,2026-02-09,11,78,10,1,1,6,0,3,1
325,2026-02-10,14,92,9,5,5,4,4,0,1
326,2026-01-14,0,0,0,0,0,0,0,0,0
326,2026-01-15,0,0,0,0,0,0,0,0,0
326,2026-01-16,0,0,0,0,0,0,0,0,0
326,2026-01-17,0,0,0,0,0,0,0,0,0
326,2026-01-18,0,0,0,0,0,0,0,0,0
326,2026-01-19,0,0,0,0,0,0,0,0,0
326,2026-01-20,0,0,0,0,0,0,0,0,0
326,2026-01-21,0,0,0,0,0,0,0,0,0
326,2026-01-22,0,0,0,0,0,0,0,0,0
326,2026-01-23,0,0,0,0,0,0,0,0,0
326,2026-01-24,0,0,0,0,0,0,0,0,0
326,2026-01-25,7,7,5,2,2,2,2,1,0
326,2026-01-26,5,12,4,1,1,3,1,0,0
326,2026-01-27,5,17,5,0,2,3,0,0,0
326,2026-01-28,4,21,4,0,2,2,0,0,0
326,2026-01-29,5,26,4,1,2,2,0,0,1
326,2026-01-30,4,30,3,1,3,0,1,0,0
326,2026-01-31,3,33,3,0,1,2,0,0,0
326,2026-02-01,9,42,7,2,4,2,2,1,0
326,2026-02-02,9,51,6,3,2,3,2,1,1
326,2026-02-03,5,56,3,2,1,2,1,0,1
326,2026-02-04,12,68,11,1,5,6,0,0,1
326,2026-02-05,12,80,7,5,3,4,3,0,2
326,2026-02-06,11,91,9,2,5,4,1,0,1
326,2026-02-07,11,102,7,4,2,4,3,1,1
326,2026-02-08,10,112,7,3,0,6,3,1,0
326,2026-02-09,14,126,11,3,0,8,3,3,0
326,2026-02-10,15,141,11,4,5,4,3,2,1
327,2026-01-14,0,0,0,0,0,0,0,0,0
327,2026-01-15,0,0,0,0,0,0,0,0,0
327,2026-01-16,0,0,0,0,0,0,0,0,0
327,2026-01-17,0,0,0,0,0,0,0,0,0
327,2026-01-18,0,0,0,0,0,0,0,0,0
327,2026-01-19,0,0,0,0,0,0,0,0,0
327,2026-01-20,0,0,0,0,0,0,0,0,0
327,2026-01-21,0,0,0,0,0,0,0,0,0
327,2026-01-22,0,0,0,0,0,0,0,0,0
327,2026-01-23,0,0,0,0,0,0,0,0,0
327,2026-01-24,0,0,0,0,0,0,0,0,0
327,2026-01-25,6,6,4,2,3,1,1,0,1
327,2026-01-26,3,9,3,0,0,3,0,0,0
327,2026-01-27,2,11,2,0,1,1,0,0,0
327,2026-01-28,3,14,3,0,2,1,0,0,0
327,2026-01-29,2,16,1,1,0,1,1,0,0
327,2026-01-30,4,20,3,1,1,2,0,0,1
327,2026-01-31,6,26,6,0,1,4,0,1,0
327,2026-02-01,6,32,5,1,0,4,0,1,1
327,2026-02-02,3,35,0,3,0,0,3,0,0
327,2026-02-03,6,41,4,2,2,1,2,1,0
327,2026-02-04,9,50,8,1,2,4,0,2,1
327,2026-02-05,7,57,6,1,1,4,1,1,0
327,2026-02-06,9,66,7,2,2,5,2,0,0
327,2026-02-07,3,69,2,1,1,1,1,0,0
327,2026-02-08,5,74,3,2,1,2,2,0,0
327,2026-02-09,4,78,4,0,1,2,0,1,0
327,2026-02-10,7,85,6,1,0,6,0,0,1
328,2026-01-14,0,0,0,0,0,0,0,0,0
328,2026-01-15,0,0,0,0,0,0,0,0,0
328,2026-01-16,0,0,0,0,0,0,0,0,0
328,2026-01-17,0,0,0,0,0,0,0,0,0
328,2026-01-18,0,0,0,0,0,0,0,0,0
328,2026-01-19,0,0,0,0,0,0,0,0,0
328,2026-01-20,0,0,0,0,0,0,0,0,0
328,2026-01-21,0,0,0,0,0,0,0,0,0
328,2026-01-22,0,0,0,0,0,0,0,0,0
328,2026-01-23,0,0,0,0,0,0,0,0,0
328,2026-01-24,0,0,0,0,0,0,0,0,0
328,2026-01-25,7,7,6,1,5,1,1,0,0
328,2026-01-26,3,10,2,1,0,2,1,0,0
328,2026-01-27,3,13,3,0,1,2,0,0,0
328,2026-01-28,3,16,2,1,1,1,0,0,1
328,2026-01-29,2,18,2,0,2,0,0,0,0
328,2026-01-30,6,24,5,1,0,4,0,1,1
328,2026-01-31,5,29,4,1,2,2,1,0,0
328,2026-02-01,6,35,6,0,2,3,0,1,0
328,2026-02-02,3,38,3,0,0,2,0,1,0
328,2026-02-03,4,42,4,0,0,4,0,0,0
328,2026-02-04,6,48,5,1,1,4,1,0,0
328,2026-02-05,7,55,6,1,1,5,1,0,0
328,2026-02-06,7,62,7,0,2,5,0,0,0
328,2026-02-07,9,71,6,3,0,5,2,1,1
328,2026-02-08,11,82,9,2,4,4,2,1,0
328,2026-02-09,4,86,3,1,1,2,1,0,0
328,2026-02-10,7,93,6,1,1,5,0,0,1
329,2026-01-14,0,0,0,0,0,0,0,0,0
329,2026-01-15,0,0,0,0,0,0,0,0,0
329,2026-01-16,0,0,0,0,0,0,0,0,0
329,2026-01-17,0,0,0,0,0,0,0,0,0
329,2026-01-18,0,0,0,0,0,0,0,0,0
329,2026-01-19,0,0,0,0,0,0,0,0,0
329,2026-01-20,0,0,0,0,0,0,0,0,0
329,2026-01-21,0,0,0,0,0,0,0,0,0
329,2026-01-22,0,0,0,0,0,0,0,0,0
329,2026-01-23,0,0,0,0,0,0,0,0,0
329,2026-01-24,0,0,0,0,0,0,0,0,0
329,2026-01-25,8,8,6,2,3,2,2,1,0
329,2026-01-26,4,12,3,1,2,1,1,0,0
329,2026-01-27,7,19,6,1,1,4,1,1,0
329,2026-01-28,5,24,5,0,3,2,0,0,0
329,2026-01-29,5,29,2,3,1,1,3,0,0
329,2026-01-30,3,32,2,1,1,1,1,0,0
329,2026-01-31,2,34,2,0,0,2,0,0,0
329,2026-02-01,9,43,6,3,2,3,2,1,1
329,2026-02-02,6,49,5,1,1,4,1,0,0
329,2026-02-03,8,57,6,2,2,4,2,0,0
329,2026-02-04,5,62,2,3,1,1,3,0,0
329,2026-02-05,6,68,4,2,0,3,2,1,0
329,2026-02-06,14,82,8,6,3,5,5,0,1
329,2026-02-07,5,87,2,3,1,0,1,1,2
329,2026-02-08,8,95,7,1,4,3,1,0,0
329,2026-02-09,5,100,3,2,0,2,2,1,0
329,2026-02-10,7,107,6,1,2,3,1,1,0
330,2026-01-14,0,0,0,0,0,0,0,0,0
330,2026-01-15,0,0,0,0,0,0,0,0,0
330,2026-01-16,0,0,0,0,0,0,0,0,0
330,2026-01-17,0,0,0,0,0,0,0,0,0
330,2026-01-18,0,0,0,0,0,0,0,0,0
330,2026-01-19,0,0,0,0,0,0,0,0,0
330,2026-01-20,0,0,0,0,0,0,0,0,0
330,2026-01-21,0,0,0,0,0,0,0,0,0
330,2026-01-22,0,0,0,0,0,0,0,0,0
330,2026-01-23,0,0,0,0,0,0,0,0,0
330,2026-01-24,0,0,0,0,0,0,0,0,0
330,2026-01-25,10,10,8,2,3,4,2,1,0
330,2026-01-26,7,17,7,0,2,3,0,2,0
330,2026-01-27,2,19,1,1,0,1,1,0,0
330,2026-01-28,2,21,2,0,1,1,0,0,0
330,2026-01-29,4,25,3,1,2,1,1,0,0
330,2026-01-30,4,29,4,0,2,2,0,0,0
330,2026-01-31,5,34,5,0,1,4,0,0,0
330,2026-02-01,4,38,3,1,1,2,0,0,1
330,2026-02-02,7,45,7,0,2,4,0,1,0
330,2026-02-03,1,46,1,0,1,0,0,0,0
330,2026-02-04,4,50,3,1,1,2,1,0,0
330,2026-02-05,5,55,3,2,0,3,1,0,1
330,2026-02-06,6,61,6,0,3,3,0,0,0
330,2026-02-07,5,66,4,1,1,3,0,0,1
330,2026-02-08,7,73,5,2,2,2,2,1,0
330,2026-02-09,6,79,6,0,0,5,0,1,0
330,2026-02-10,11,90,9,2,3,5,2,1,0
331,2026-01-14,0,0,0,0,0,0,0,0,0
331,2026-01-15,0,0,0,0,0,0,0,0,0
331,2026-01-16,0,0,0,0,0,0,0,0,0
331,2026-01-17,0,0,0,0,0,0,0,0,0
331,2026-01-18,0,0,0,0,0,0,0,0,0
331,2026-01-19,0,0,0,0,0,0,0,0,0
331,2026-01-20,0,0,0,0,0,0,0,0,0
331,2026-01-21,0,0,0,0,0,0,0,0,0
331,2026-01-22,0,0,0,0,0,0,0,0,0
331,2026-01-23,0,0,0,0,0,0,0,0,0
331,2026-01-24,0,0,0,0,0,0,0,0,0
331,2026-01-25,8,8,6,2,1,4,0,1,2
331,2026-01-26,5,13,4,1,3,1,1,0,0
331,2026-01-27,3,16,3,0,2,0,0,1,0
331,2026-01-28,1,17,1,0,1,0,0,0,0
331,2026-01-29,6,23,6,0,2,3,0,1,0
331,2026-01-30,1,24,0,1,0,0,1,0,0
331,2026-01-31,5,29,3,2,2,1,1,0,1
331,2026-02-01,7,36,6,1,2,4,1,0,0
331,2026-02-02,4,40,3,1,1,1,1,1,0
331,2026-02-03,8,48,6,2,2,3,1,1,1
331,2026-02-04,9,57,8,1,3,5,0,0,1
331,2026-02-05,7,64,4,3,0,3,3,1,0
331,2026-02-06,10,74,8,2,4,3,0,1,2
331,2026-02-07,7,81,5,2,2,3,2,0,0
331,2026-02-08,7,88,5,2,2,3,2,0,0
331,2026-02-09,7,95,4,3,3,1,3,0,0
331,2026-02-10,7,102,6,1,2,4,1,0,0
332,2026-01-14,0,0,0,0,0,0,0,0,0
332,2026-01-15,0,0,0,0,0,0,0,0,0
332,2026-01-16,0,0,0,0,0,0,0,0,0
332,2026-01-17,0,0,0,0,0,0,0,0,0
332,2026-01-18,0,0,0,0,0,0,0,0,0
332,2026-01-19,0,0,0,0,0,0,0,0,0
332,2026-01-20,0,0,0,0,0,0,0,0,0
332,2026-01-21,0,0,0,0,0,0,0,0,0
332,2026-01-22,0,0,0,0,0,0,0,0,0
332,2026-01-23,0,0,0,0,0,0,0,0,0
332,2026-01-24,0,0,0,0,0,0,0,0,0
332,2026-01-25,4,4,3,1,1,2,0,0,1
332,2026-01-26,3,7,2,1,0,1,1,1,0
332,2026-01-27,0,7,0,0,0,0,0,0,0
332,2026-01-28,2,9,1,1,0,1,1,0,0
332,2026-01-29,1,10,1,0,0,1,0,0,0
332,2026-01-30,2,12,1,1,0,1,1,0,0
332,2026-01-31,6,18,6,0,3,3,0,0,0
332,2026-02-01,9,27,8,1,5,3,1,0,0
332,2026-02-02,2,29,1,1,0,1,1,0,0
332,2026-02-03,4,33,3,1,1,2,1,0,0
332,2026-02-04,6,39,6,0,1,4,0,1,0
332,2026-02-05,5,44,3,2,0,3,1,0,1
332,2026-02-06,3,47,3,0,0,3,0,0,0
332,2026-02-07,8,55,7,1,0,7,0,0,1
332,2026-02-08,13,68,10,3,3,6,2,1,1
332,2026-02-09,12,80,11,1,4,4,1,3,0
332,2026-02-10,5,85,4,1,0,4,0,0,1
333,2026-01-14,0,0,0,0,0,0,0,0,0
333,2026-01-15,0,0,0,0,0,0,0,0,0
333,2026-01-16,0,0,0,0,0,0,0,0,0
333,2026-01-17,0,0,0,0,0,0,0,0,0
333,2026-01-18,0,0,0,0,0,0,0,0,0
333,2026-01-19,0,0,0,0,0,0,0,0,0
333,2026-01-20,0,0,0,0,0,0,0,0,0
333,2026-01-21,0,0,0,0,0,0,0,0,0
333,2026-01-22,0,0,0,0,0,0,0,0,0
333,2026-01-23,0,0,0,0,0,0,0,0,0
333,2026-01-24,0,0,0,0,0,0,0,0,0
333,2026-01-25,7,7,4,3,0,4,3,0,0
333,2026-01-26,5,12,4,1,2,2,0,0,1
333,2026-01-27,5,17,5,0,2,3,0,0,0
333,2026-01-28,3,20,2,1,1,0,1,1,0
333,2026-01-29,4,24,3,1,1,2,1,0,0
333,2026-01-30,5,29,4,1,2,2,1,0,0
333,2026-01-31,4,33,3,1,1,2,1,0,0
333,2026-02-01,7,40,3,4,2,1,3,0,1
333,2026-02-02,3,43,3,0,1,1,0,1,0
333,2026-02-03,9,52,8,1,2,4,1,2,0
333,2026-02-04,5,57,4,1,0,3,1,1,0
333,2026-02-05,6,63,4,2,0,3,2,1,0
333,2026-02-06,6,69,5,1,2,3,1,0,0
333,2026-02-07,5,74,4,1,0,4,0,0,1
333,2026-02-08,11,85,8,3,1,7,3,0,0
333,2026-02-09,5,90,4,1,1,3,1,0,0
333,2026-02-10,5,95,3,2,0,3,2,0,0
334,2026-01-14,0,0,0,0,0,0,0,0,0
334,2026-01-15,0,0,0,0,0,0,0,0,0
334,2026-01-16,0,0,0,0,0,0,0,0,0
334,2026-01-17,0,0,0,0,0,0,0,0,0
334,2026-01-18,0,0,0,0,0,0,0,0,0
334,2026-01-19,0,0,0,0,0,0,0,0,0
334,2026-01-20,0,0,0,0,0,0,0,0,0
334,2026-01-21,0,0,0,0,0,0,0,0,0
334,2026-01-22,0,0,0,0,0,0,0,0,0
334,2026-01-23,0,0,0,0,0,0,0,0,0
334,2026-01-24,0,0,0,0,0,0,0,0,0
334,2026-01-25,7,7,7,0,2,5,0,0,0
334,2026-01-26,6,13,6,0,2,3,0,1,0
334,2026-01-27,5,18,5,0,0,4,0,1,0
334,2026-01-28,3,21,2,1,0,2,1,0,0
334,2026-01-29,2,23,2,0,1,1,0,0,0
334,2026-01-30,4,27,3,1,1,2,1,0,0
334,2026-01-31,5,32,5,0,2,3,0,0,0
334,2026-02-01,4,36,4,0,2,2,0,0,0
334,2026-02-02,6,42,5,1,2,3,1,0,0
334,2026-02-03,2,44,2,0,1,1,0,0,0
334,2026-02-04,8,52,7,1,3,3,1,1,0
334,2026-02-05,8,60,8,0,3,5,0,0,0
334,2026-02-06,7,67,6,1,1,4,1,1,0
334,2026-02-07,7,74,6,1,2,3,1,1,0
334,2026-02-08,9,83,8,1,1,6,1,1,0
334,2026-02-09,6,89,6,0,3,3,0,0,0
334,2026-02-10,10,99,8,2,4,4,1,0,1
335,2026-01-14,0,0,0,0,0,0,0,0,0
335,2026-01-15,0,0,0,0,0,0,0,0,0
335,2026-01-16,0,0,0,0,0,0,0,0,0
335,2026-01-17,0,0,0,0,0,0,0,0,0
335,2026-01-18,0,0,0,0,0,0,0,0,0
335,2026-01-19,0,0,0,0,0,0,0,0,0
335,2026-01-20,0,0,0,0,0,0,0,0,0
335,2026-01-21,0,0,0,0,0,0,0,0,0
335,2026-01-22,0,0,0,0,0,0,0,0,0
335,2026-01-23,0,0,0,0,0,0,0,0,0
335,2026-01-24,0,0,0,0,0,0,0,0,0
335,2026-01-25,6,6,6,0,3,3,0,0,0
335,2026-01-26,4,10,4,0,2,2,0,0,0
335,2026-01-27,5,15,5,0,0,3,0,2,0
335,2026-01-28,6,21,6,0,3,3,0,0,0
335,2026-01-29,4,25,2,2,1,1,2,0,0
335,2026-01-30,7,32,7,0,1,6,0,0,0
335,2026-01-31,7,39,7,0,3,2,0,2,0
335,2026-02-01,4,43,4,0,2,0,0,2,0
335,2026-02-02,2,45,2,0,1,1,0,0,0
335,2026-02-03,11,56,11,0,5,5,0,1,0
335,2026-02-04,12,68,9,3,2,7,2,0,1
335,2026-02-05,5,73,5,0,3,1,0,1,0
335,2026-02-06,11,84,10,1,2,7,0,1,1
335,2026-02-07,8,92,7,1,1,4,1,2,0
335,2026-02-08,8,100,7,1,3,3,1,1,0
335,2026-02-09,10,110,8,2,3,4,1,1,1
335,2026-02-10,10,120,9,1,3,5,1,1,0
336,2026-01-14,0,0,0,0,0,0,0,0,0
336,2026-01-15,0,0,0,0,0,0,0,0,0
336,2026-01-16,0,0,0,0,0,0,0,0,0
336,2026-01-17,0,0,0,0,0,0,0,0,0
336,2026-01-18,0,0,0,0,0,0,0,0,0
336,2026-01-19,0,0,0,0,0,0,0,0,0
336,2026-01-20,0,0,0,0,0,0,0,0,0
336,2026-01-21,0,0,0,0,0,0,0,0,0
336,2026-01-22,0,0,0,0,0,0,0,0,0
336,2026-01-23,0,0,0,0,0,0,0,0,0
336,2026-01-24,0,0,0,0,0,0,0,0,0
336,2026-01-25,10,10,8,2,2,4,1,2,1
336,2026-01-26,4,14,3,1,0,2,1,1,0
336,2026-01-27,2,16,2,0,0,2,0,0,0
336,2026-01-28,7,23,6,1,3,3,0,0,1
336,2026-01-29,5,28,2,3,1,1,2,0,1
336,2026-01-30,2,30,1,1,0,0,0,1,1
336,2026-01-31,4,34,4,0,2,2,0,0,0
336,2026-02-01,5,39,4,1,2,2,1,0,0
336,2026-02-02,5,44,4,1,0,1,1,3,0
336,2026-02-03,9,53,9,0,3,6,0,0,0
336,2026-02-04,6,59,5,1,1,3,1,1,0
336,2026-02-05,6,65,5,1,2,3,0,0,1
336,2026-02-06,9,74,8,1,5,3,1,0,0
336,2026-02-07,9,83,6,3,2,4,2,0,1
336,2026-02-08,8,91,7,1,2,4,1,1,0
336,2026-02-09,8,99,4,4,1,2,1,1,3
336,2026-02-10,8,107,6,2,1,4,1,1,1
337,2026-01-14,0,0,0,0,0,0,0,0,0
337,2026-01-15,0,0,0,0,0,0,0,0,0
337,2026-01-16,0,0,0,0,0,0,0,0,0
337,2026-01-17,0,0,0,0,0,0,0,0,0
337,2026-01-18,0,0,0,0,0,0,0,0,0
337,2026-01-19,0,0,0,0,0,0,0,0,0
337,2026-01-20,0,0,0,0,0,0,0,0,0
337,2026-01-21,0,0,0,0,0,0,0,0,0
337,2026-01-22,0,0,0,0,0,0,0,0,0
337,2026-01-23,0,0,0,0,0,0,0,0,0
337,2026-01-24,0,0,0,0,0,0,0,0,0
337,2026-01-25,5,5,3,2,0,3,1,0,1
337,2026-01-26,2,7,2,0,0,1,0,1,0
337,2026-01-27,0,7,0,0,0,0,0,0,0
337,2026-01-28,0,7,0,0,0,0,0,0,0
337,2026-01-29,3,10,2,1,0,2,1,0,0
337,2026-01-30,4,14,3,1,1,2,1,0,0
337,2026-01-31,2,16,2,0,1,1,0,0,0
337,2026-02-01,7,23,5,2,1,4,2,0,0
337,2026-02-02,6,29,4,2,0,3,2,1,0
337,2026-02-03,6,35,4,2,1,3,1,0,1
337,2026-02-04,6,41,6,0,1,4,0,1,0
337,2026-02-05,8,49,8,0,4,4,0,0,0
337,2026-02-06,10,59,7,3,1,6,3,0,0
337,2026-02-07,10,69,9,1,2,7,1,0,0
337,2026-02-08,5,74,5,0,2,3,0,0,0
337,2026-02-09,9,83,6,3,0,6,2,0,1
337,2026-02-10,9,92,8,1,0,7,1,1,0
338,2026-01-14,0,0,0,0,0,0,0,0,0
338,2026-01-15,0,0,0,0,0,0,0,0,0
338,2026-01-16,0,0,0,0,0,0,0,0,0
338,2026-01-17,0,0,0,0,0,0,0,0,0
338,2026-01-18,0,0,0,0,0,0,0,0,0
338,2026-01-19,0,0,0,0,0,0,0,0,0
338,2026-01-20,0,0,0,0,0,0,0,0,0
338,2026-01-21,0,0,0,0,0,0,0,0,0
338,2026-01-22,0,0,0,0,0,0,0,0,0
338,2026-01-23,0,0,0,0,0,0,0,0,0
338,2026-01-24,0,0,0,0,0,0,0,0,0
338,2026-01-25,7,7,7,0,0,5,0,2,0
338,2026-01-26,6,13,4,2,1,2,1,1,1
338,2026-01-27,6,19,5,1,1,4,0,0,1
338,2026-01-28,3,22,3,0,2,1,0,0,0
338,2026-01-29,5,27,5,0,2,3,0,0,0
338,2026-01-30,8,35,6,2,1,5,2,0,0
338,2026-01-31,6,41,5,1,1,3,1,1,0
338,2026-02-01,8,49,5,3,0,4,2,1,1
338,2026-02-02,12,61,10,2,2,8,2,0,0
338,2026-02-03,10,71,8,2,2,6,2,0,0
338,2026-02-04,11,82,8,3,2,5,2,1,1
338,2026-02-05,16,98,11,5,3,6,5,2,0
338,2026-02-06,8,106,6,2,2,4,1,0,1
338,2026-02-07,9,115,6,3,3,3,2,0,1
338,2026-02-08,11,126,10,1,3,6,1,1,0
338,2026-02-09,8,134,5,3,1,4,3,0,0
338,2026-02-10,13,147,11,2,2,9,1,0,1
339,2026-01-14,0,0,0,0,0,0,0,0,0
339,2026-01-15,0,0,0,0,0,0,0,0,0
339,2026-01-16,0,0,0,0,0,0,0,0,0
339,2026-01-17,0,0,0,0,0,0,0,0,0
339,2026-01-18,0,0,0,0,0,0,0,0,0
339,2026-01-19,0,0,0,0,0,0,0,0,0
339,2026-01-20,0,0,0,0,0,0,0,0,0
339,2026-01-21,0,0,0,0,0,0,0,0,0
339,2026-01-22,0,0,0,0,0,0,0,0,0
339,2026-01-23,0,0,0,0,0,0,0,0,0
339,2026-01-24,0,0,0,0,0,0,0,0,0
339,2026-01-25,10,10,9,1,2,6,1,1,0
339,2026-01-26,5,15,2,3,0,2,3,0,0
339,2026-01-27,9,24,7,2,3,4,2,0,0
339,2026-01-28,5,29,5,0,2,3,0,0,0
339,2026-01-29,8,37,7,1,1,4,1,2,0
339,2026-01-30,8,45,6,2,1,3,2,2,0
339,2026-01-31,12,57,10,2,2,6,0,2,2
339,2026-02-01,4,61,3,1,0,3,1,0,0
339,2026-02-02,11,72,8,3,2,6,3,0,0
339,2026-02-03,9,81,7,2,4,2,2,1,0
339,2026-02-04,18,99,16,2,2,13,1,1,1
339,2026-02-05,12,111,12,0,3,9,0,0,0
339,2026-02-06,17,128,11,6,2,9,4,0,2
339,2026-02-07,11,139,10,1,3,7,1,0,0
339,2026-02-08,14,153,10,4,3,5,4,2,0
339,2026-02-09,9,162,5,4,2,2,4,1,0
339,2026-02-10,20,182,15,5,4,11,2,0,3
340,2026-01-14,0,0,0,0,0,0,0,0,0
340,2026-01-15,0,0,0,0,0,0,0,0,0
340,2026-01-16,0,0,0,0,0,0,0,0,0
340,2026-01-17,0,0,0,0,0,0,0,0,0
340,2026-01-18,0,0,0,0,0,0,0,0,0
340,2026-01-19,0,0,0,0,0,0,0,0,0
340,2026-01-20,0,0,0,0,0,0,0,0,0
340,2026-01-21,0,0,0,0,0,0,0,0,0
340,2026-01-22,0,0,0,0,0,0,0,0,0
340,2026-01-23,0,0,0,0,0,0,0,0,0
340,2026-01-24,0,0,0,0,0,0,0,0,0
340,2026-01-25,5,5,3,2,0,2,1,1,1
340,2026-01-26,4,9,4,0,2,1,0,1,0
340,2026-01-27,2,11,2,0,0,2,0,0,0
340,2026-01-28,5,16,4,1,0,4,1,0,0
340,2026-01-29,6,22,5,1,2,3,1,0,0
340,2026-01-30,4,26,1,3,0,1,2,0,1
340,2026-01-31,6,32,5,1,1,2,0,2,1
340,2026-02-01,6,38,5,1,0,5,0,0,1
340,2026-02-02,7,45,6,1,1,1,1,4,0
340,2026-02-03,7,52,6,1,1,5,1,0,0
340,2026-02-04,6,58,5,1,2,3,1,0,0
340,2026-02-05,8,66,5,3,1,3,3,1,0
340,2026-02-06,5,71,3,2,1,2,2,0,0
340,2026-02-07,5,76,5,0,1,3,0,1,0
340,2026-02-08,15,91,9,6,5,3,4,1,2
340,2026-02-09,12,103,10,2,3,6,2,1,0
340,2026-02-10,11,114,7,4,2,3,4,2,0
341,2026-01-14,0,0,0,0,0,0,0,0,0
341,2026-01-15,0,0,0,0,0,0,0,0,0
341,2026-01-16,0,0,0,0,0,0,0,0,0
341,2026-01-17,0,0,0,0,0,0,0,0,0
341,2026-01-18,0,0,0,0,0,0,0,0,0
341,2026-01-19,0,0,0,0,0,0,0,0,0
341,2026-01-20,0,0,0,0,0,0,0,0,0
341,2026-01-21,0,0,0,0,0,0,0,0,0
341,2026-01-22,0,0,0,0,0,0,0,0,0
341,2026-01-23,0,0,0,0,0,0,0,0,0
341,2026-01-24,0,0,0,0,0,0,0,0,0
341,2026-01-25,12,12,10,2,4,5,2,1,0
341,2026-01-26,3,15,3,0,0,3,0,0,0
341,2026-01-27,3,18,3,0,1,1,0,1,0
341,2026-01-28,8,26,6,2,1,4,2,1,0
341,2026-01-29,1,27,1,0,0,1,0,0,0
341,2026-01-30,2,29,1,1,1,0,0,0,1
341,2026-01-31,8,37,7,1,0,7,1,0,0
341,2026-02-01,4,41,4,0,1,3,0,0,0
341,2026-02-02,6,47,6,0,3,2,0,1,0
341,2026-02-03,3,50,3,0,0,3,0,0,0
341,2026-02-04,7,57,5,2,0,4,2,1,0
341,2026-02-05,5,62,4,1,0,4,1,0,0
341,2026-02-06,5,67,5,0,2,2,0,1,0
341,2026-02-07,12,79,10,2,3,6,2,1,0
341,2026-02-08,6,85,4,2,1,3,1,0,1
341,2026-02-09,3,88,3,0,1,2,0,0,0
341,2026-02-10,8,96,7,1,3,4,1,0,0
342,2026-01-14,0,0,0,0,0,0,0,0,0
342,2026-01-15,0,0,0,0,0,0,0,0,0
342,2026-01-16,0,0,0,0,0,0,0,0,0
342,2026-01-17,0,0,0,0,0,0,0,0,0
342,2026-01-18,0,0,0,0,0,0,0,0,0
342,2026-01-19,0,0,0,0,0,0,0,0,0
342,2026-01-20,0,0,0,0,0,0,0,0,0
342,2026-01-21,0,0,0,0,0,0,0,0,0
342,2026-01-22,0,0,0,0,0,0,0,0,0
342,2026-01-23,0,0,0,0,0,0,0,0,0
342,2026-01-24,0,0,0,0,0,0,0,0,0
342,2026-01-25,5,5,4,1,1,3,1,0,0
342,2026-01-26,4,9,3,1,3,0,1,0,0
342,2026-01-27,1,10,0,1,0,0,0,0,1
342,2026-01-28,4,14,3,1,0,3,1,0,0
342,2026-01-29,6,20,3,3,1,1,3,1,0
342,2026-01-30,3,23,3,0,1,2,0,0,0
342,2026-01-31,4,27,4,0,1,3,0,0,0
342,2026-02-01,5,32,5,0,2,3,0,0,0
342,2026-02-02,6,38,6,0,1,3,0,2,0
342,2026-02-03,6,44,5,1,2,2,1,1,0
342,2026-02-04,7,51,7,0,1,6,0,0,0
342,2026-02-05,8,59,7,1,1,5,1,1,0
342,2026-02-06,8,67,8,0,0,8,0,0,0
342,2026-02-07,9,76,4,5,0,4,4,0,1
342,2026-02-08,13,89,10,3,3,7,3,0,0
342,2026-02-09,6,95,5,1,1,4,1,0,0
342,2026-02-10,10,105,9,1,3,6,1,0,0
343,2026-01-14,0,0,0,0,0,0,0,0,0
343,2026-01-15,0,0,0,0,0,0,0,0,0
343,2026-01-16,0,0,0,0,0,0,0,0,0
343,2026-01-17,0,0,0,0,0,0,0,0,0
343,2026-01-18,0,0,0,0,0,0,0,0,0
343,2026-01-19,0,0,0,0,0,0,0,0,0
343,2026-01-20,0,0,0,0,0,0,0,0,0
343,2026-01-21,0,0,0,0,0,0,0,0,0
343,2026-01-22,0,0,0,0,0,0,0,0,0
343,2026-01-23,0,0,0,0,0,0,0,0,0
343,2026-01-24,0,0,0,0,0,0,0,0,0
343,2026-01-25,6,6,5,1,2,3,0,0,1
343,2026-01-26,1,7,1,0,0,1,0,0,0
343,2026-01-27,3,10,1,2,1,0,1,0,1
343,2026-01-28,4,14,2,2,0,2,2,0,0
343,2026-01-29,2,16,0,2,0,0,1,0,1
343,2026-01-30,3,19,2,1,1,1,0,0,1
343,2026-01-31,3,22,2,1,0,2,1,0,0
343,2026-02-01,8,30,5,3,1,4,3,0,0
343,2026-02-02,5,35,4,1,2,2,1,0,0
343,2026-02-03,6,41,5,1,2,2,0,1,1
343,2026-02-04,2,43,0,2,0,0,1,0,1
343,2026-02-05,7,50,5,2,0,5,1,0,1
343,2026-02-06,3,53,2,1,0,1,1,1,0
343,2026-02-07,6,59,1,5,1,0,3,0,2
343,2026-02-08,5,64,3,2,1,1,2,1,0
343,2026-02-09,6,70,4,2,2,2,1,0,1
343,2026-02-10,10,80,5,5,0,5,3,0,2
344,2026-01-14,0,0,0,0,0,0,0,0,0
344,2026-01-15,0,0,0,0,0,0,0,0,0
344,2026-01-16,0,0,0,0,0,0,0,0,0
344,2026-01-17,0,0,0,0,0,0,0,0,0
344,2026-01-18,0,0,0,0,0,0,0,0,0
344,2026-01-19,0,0,0,0,0,0,0,0,0
344,2026-01-20,0,0,0,0,0,0,0,0,0
344,2026-01-21,0,0,0,0,0,0,0,0,0
344,2026-01-22,0,0,0,0,0,0,0,0,0
344,2026-01-23,0,0,0,0,0,0,0,0,0
344,2026-01-24,0,0,0,0,0,0,0,0,0
344,2026-01-25,6,6,4,2,0,4,2,0,0
344,2026-01-26,5,11,4,1,1,3,1,0,0
344,2026-01-27,4,15,2,2,2,0,1,0,1
344,2026-01-28,6,21,6,0,3,2,0,1,0
344,2026-01-29,5,26,5,0,1,3,0,1,0
344,2026-01-30,3,29,3,0,0,2,0,1,0
344,2026-01-31,4,33,3,1,1,1,0,1,1
344,2026-02-01,7,40,7,0,0,6,0,1,0
344,2026-02-02,9,49,7,2,1,6,2,0,0
344,2026-02-03,8,57,8,0,2,5,0,1,0
344,2026-02-04,4,61,4,0,0,4,0,0,0
344,2026-02-05,7,68,6,1,1,5,1,0,0
344,2026-02-06,12,80,8,4,1,6,4,1,0
344,2026-02-07,10,90,10,0,2,6,0,2,0
344,2026-02-08,5,95,5,0,2,1,0,2,0
344,2026-02-09,12,107,10,2,3,7,2,0,0
344,2026-02-10,9,116,9,0,2,7,0,0,0
345,2026-01-14,0,0,0,0,0,0,0,0,0
345,2026-01-15,0,0,0,0,0,0,0,0,0
345,2026-01-16,0,0,0,0,0,0,0,0,0
345,2026-01-17,0,0,0,0,0,0,0,0,0
345,2026-01-18,0,0,0,0,0,0,0,0,0
345,2026-01-19,0,0,0,0,0,0,0,0,0
345,2026-01-20,0,0,0,0,0,0,0,0,0
345,2026-01-21,0,0,0,0,0,0,0,0,0
345,2026-01-22,0,0,0,0,0,0,0,0,0
345,2026-01-23,0,0,0,0,0,0,0,0,0
345,2026-01-24,0,0,0,0,0,0,0,0,0
345,2026-01-25,7,7,5,2,1,4,2,0,0
345,2026-01-26,2,9,2,0,0,2,0,0,0
345,2026-01-27,4,13,3,1,1,2,1,0,0
345,2026-01-28,6,19,5,1,2,3,0,0,1
345,2026-01-29,3,22,1,2,0,1,2,0,0
345,2026-01-30,5,27,5,0,0,4,0,1,0
345,2026-01-31,6,33,4,2,1,3,2,0,0
345,2026-02-01,6,39,5,1,2,2,1,1,0
345,2026-02-02,3,42,1,2,0,1,2,0,0
345,2026-02-03,9,51,7,2,2,5,2,0,0
345,2026-02-04,9,60,8,1,4,4,1,0,0
345,2026-02-05,12,72,10,2,1,6,2,3,0
345,2026-02-06,8,80,7,1,2,4,1,1,0
345,2026-02-07,7,87,5,2,1,4,1,0,1
345,2026-02-08,11,98,6,5,3,3,5,0,0
345,2026-02-09,20,118,15,5,3,10,4,2,1
345,2026-02-10,5,123,4,1,2,2,1,0,0
346,2026-01-14,0,0,0,0,0,0,0,0,0
346,2026-01-15,0,0,0,0,0,0,0,0,0
346,2026-01-16,0,0,0,0,0,0,0,0,0
346,2026-01-17,0,0,0,0,0,0,0,0,0
346,2026-01-18,0,0,0,0,0,0,0,0,0
346,2026-01-19,0,0,0,0,0,0,0,0,0
346,2026-01-20,0,0,0,0,0,0,0,0,0
346,2026-01-21,0,0,0,0,0,0,0,0,0
346,2026-01-22,0,0,0,0,0,0,0,0,0
346,2026-01-23,0,0,0,0,0,0,0,0,0
346,2026-01-24,0,0,0,0,0,0,0,0,0
346,2026-01-25,8,8,6,2,2,3,2,1,0
346,2026-01-26,4,12,4,0,1,3,0,0,0
346,2026-01-27,5,17,5,0,2,3,0,0,0
346,2026-01-28,4,21,2,2,0,2,0,0,2
346,2026-01-29,2,23,2,0,2,0,0,0,0
346,2026-01-30,10,33,9,1,1,8,1,0,0
346,2026-01-31,6,39,4,2,2,2,1,0,1
346,2026-02-01,5,44,4,1,1,2,1,1,0
346,2026-02-02,6,50,2,4,0,1,4,1,0
346,2026-02-03,4,54,4,0,2,1,0,1,0
346,2026-02-04,7,61,6,1,1,4,1,1,0
346,2026-02-05,12,73,10,2,6,4,2,0,0
346,2026-02-06,7,80,4,3,2,0,3,2,0
346,2026-02-07,7,87,5,2,1,2,1,2,1
346,2026-02-08,8,95,6,2,0,5,2,1,0
346,2026-02-09,9,104,7,2,1,4,1,2,1
346,2026-02-10,9,113,8,1,1,6,1,1,0
347,2026-01-14,0,0,0,0,0,0,0,0,0
347,2026-01-15,0,0,0,0,0,0,0,0,0
347,2026-01-16,0,0,0,0,0,0,0,0,0
347,2026-01-17,0,0,0,0,0,0,0,0,0
347,2026-01-18,0,0,0,0,0,0,0,0,0
347,2026-01-19,0,0,0,0,0,0,0,0,0
347,2026-01-20,0,0,0,0,0,0,0,0,0
347,2026-01-21,0,0,0,0,0,0,0,0,0
347,2026-01-22,0,0,0,0,0,0,0,0,0
347,2026-01-23,0,0,0,0,0,0,0,0,0
347,2026-01-24,0,0,0,0,0,0,0,0,0
347,2026-01-25,8,8,7,1,3,4,1,0,0
347,2026-01-26,4,12,4,0,1,3,0,0,0
347,2026-01-27,1,13,1,0,0,1,0,0,0
347,2026-01-28,6,19,5,1,0,5,1,0,0
347,2026-01-29,5,24,5,0,0,4,0,1,0
347,2026-01-30,2,26,2,0,0,1,0,1,0
347,2026-01-31,4,30,3,1,1,1,1,1,0
347,2026-02-01,11,41,9,2,4,3,2,2,0
347,2026-02-02,4,45,3,1,0,2,1,1,0
347,2026-02-03,4,49,4,0,1,3,0,0,0
347,2026-02-04,2,51,2,0,0,2,0,0,0
347,2026-02-05,5,56,3,2,1,1,2,1,0
347,2026-02-06,1,57,1,0,0,1,0,0,0
347,2026-02-07,6,63,5,1,1,4,1,0,0
347,2026-02-08,8,71,6,2,1,2,1,3,1
347,2026-02-09,4,75,4,0,2,1,0,1,0
347,2026-02-10,9,84,7,2,2,2,1,3,1
348,2026-01-14,0,0,0,0,0,0,0,0,0
348,2026-01-15,0,0,0,0,0,0,0,0,0
348,2026-01-16,0,0,0,0,0,0,0,0,0
348,2026-01-17,0,0,0,0,0,0,0,0,0
348,2026-01-18,0,0,0,0,0,0,0,0,0
348,2026-01-19,0,0,0,0,0,0,0,0,0
348,2026-01-20,0,0,0,0,0,0,0,0,0
348,2026-01-21,0,0,0,0,0,0,0,0,0
348,2026-01-22,0,0,0,0,0,0,0,0,0
348,2026-01-23,0,0,0,0,0,0,0,0,0
348,2026-01-24,0,0,0,0,0,0,0,0,0
348,2026-01-25,10,10,8,2,1,6,1,1,1
348,2026-01-26,2,12,1,1,0,1,0,0,1
348,2026-01-27,3,15,2,1,0,2,0,0,1
348,2026-01-28,7,22,5,2,3,1,1,1,1
348,2026-01-29,4,26,3,1,1,1,1,1,0
348,2026-01-30,8,34,8,0,4,3,0,1,0
348,2026-01-31,7,41,6,1,0,3,1,3,0
348,2026-02-01,8,49,5,3,2,3,3,0,0
348,2026-02-02,12,61,8,4,4,2,4,2,0
348,2026-02-03,8,69,6,2,2,4,2,0,0
348,2026-02-04,12,81,10,2,1,9,2,0,0
348,2026-02-05,8,89,8,0,1,6,0,1,0
348,2026-02-06,17,106,14,3,4,8,3,2,0
348,2026-02-07,16,122,10,6,2,6,4,2,2
348,2026-02-08,13,135,9,4,0,7,3,2,1
348,2026-02-09,11,146,9,2,3,3,1,3,1
348,2026-02-10,14,160,9,5,3,4,5,2,0
349,2026-01-14,0,0,0,0,0,0,0,0,0
349,2026-01-15,0,0,0,0,0,0,0,0,0
349,2026-01-16,0,0,0,0,0,0,0,0,0
349,2026-01-17,0,0,0,0,0,0,0,0,0
349,2026-01-18,0,0,0,0,0,0,0,0,0
349,2026-01-19,0,0,0,0,0,0,0,0,0
349,2026-01-20,0,0,0,0,0,0,0,0,0
349,2026-01-21,0,0,0,0,0,0,0,0,0
349,2026-01-22,0,0,0,0,0,0,0,0,0
349,2026-01-23,0,0,0,0,0,0,0,0,0
349,2026-01-24,0,0,0,0,0,0,0,0,0
349,2026-01-25,3,3,3,0,0,3,0,0,0
349,2026-01-26,5,8,4,1,1,2,0,1,1
349,2026-01-27,3,11,3,0,2,1,0,0,0
349,2026-01-28,5,16,4,1,0,3,1,1,0
349,2026-01-29,2,18,2,0,0,2,0,0,0
349,2026-01-30,5,23,2,3,0,2,2,0,1
349,2026-01-31,2,25,1,1,1,0,1,0,0
349,2026-02-01,5,30,3,2,3,0,1,0,1
349,2026-02-02,4,34,3,1,3,0,1,0,0
349,2026-02-03,2,36,1,1,0,1,1,0,0
349,2026-02-04,6,42,4,2,2,2,2,0,0
349,2026-02-05,6,48,4,2,0,4,1,0,1
349,2026-02-06,3,51,3,0,1,1,0,1,0
349,2026-02-07,7,58,6,1,1,5,1,0,0
349,2026-02-08,5,63,5,0,1,2,0,2,0
349,2026-02-09,7,70,4,3,3,1,3,0,0
349,2026-02-10,9,79,7,2,1,5,2,1,0
350,2026-01-14,0,0,0,0,0,0,0,0,0
350,2026-01-15,0,0,0,0,0,0,0,0,0
350,2026-01-16,0,0,0,0,0,0,0,0,0
350,2026-01-17,0,0,0,0,0,0,0,0,0
350,2026-01-18,0,0,0,0,0,0,0,0,0
350,2026-01-19,0,0,0,0,0,0,0,0,0
350,2026-01-20,0,0,0,0,0,0,0,0,0
350,2026-01-21,0,0,0,0,0,0,0,0,0
350,2026-01-22,0,0,0,0,0,0,0,0,0
350,2026-01-23,0,0,0,0,0,0,0,0,0
350,2026-01-24,0,0,0,0,0,0,0,0,0
350,2026-01-25,1,1,1,0,0,1,0,0,0
350,2026-01-26,4,5,4,0,3,1,0,0,0
350,2026-01-27,1,6,0,1,0,0,1,0,0
350,2026-01-28,6,12,5,1,0,5,1,0,0
350,2026-01-29,6,18,5,1,3,2,1,0,0
350,2026-01-30,3,21,2,1,1,1,0,0,1
350,2026-01-31,4,25,4,0,1,3,0,0,0
350,2026-02-01,3,28,1,2,0,1,1,0,1
350,2026-02-02,4,32,2,2,0,2,1,0,1
350,2026-02-03,1,33,1,0,1,0,0,0,0
350,2026-02-04,4,37,4,0,3,1,0,0,0
350,2026-02-05,9,46,7,2,3,4,2,0,0
350,2026-02-06,6,52,6,0,3,2,0,1,0
350,2026-02-07,5,57,3,2,1,2,2,0,0
350,2026-02-08,3,60,2,1,0,2,1,0,0
350,2026-02-09,3,63,3,0,2,1,0,0,0
350,2026-02-10,8,71,8,0,2,4,0,2,0
351,2026-01-14,0,0,0,0,0,0,0,0,0
351,2026-01-15,0,0,0,0,0,0,0,0,0
351,2026-01-16,0,0,0,0,0,0,0,0,0
351,2026-01-17,0,0,0,0,0,0,0,0,0
351,2026-01-18,0,0,0,0,0,0,0,0,0
351,2026-01-19,0,0,0,0,0,0,0,0,0
351,2026-01-20,0,0,0,0,0,0,0,0,0
351,2026-01-21,0,0,0,0,0,0,0,0,0
351,2026-01-22,0,0,0,0,0,0,0,0,0
351,2026-01-23,0,0,0,0,0,0,0,0,0
351,2026-01-24,0,0,0,0,0,0,0,0,0
351,2026-01-25,7,7,6,1,4,2,1,0,0
351,2026-01-26,8,15,6,2,1,5,0,0,2
351,2026-01-27,6,21,4,2,2,2,1,0,1
351,2026-01-28,4,25,2,2,1,1,2,0,0
351,2026-01-29,9,34,7,2,0,6,2,1,0
351,2026-01-30,6,40,5,1,1,3,1,1,0
351,2026-01-31,8,48,7,1,2,5,1,0,0
351,2026-02-01,7,55,6,1,1,5,0,0,1
351,2026-02-02,11,66,10,1,2,7,0,1,1
351,2026-02-03,11,77,9,2,4,4,2,1,0
351,2026-02-04,9,86,7,2,3,4,1,0,1
351,2026-02-05,19,105,18,1,4,13,1,1,0
351,2026-02-06,10,115,10,0,2,7,0,1,0
351,2026-02-07,9,124,6,3,3,3,2,0,1
351,2026-02-08,10,134,8,2,6,2,1,0,1
351,2026-02-09,8,142,6,2,1,4,2,1,0
351,2026-02-10,16,158,14,2,6,6,1,2,1
352,2026-01-14,0,0,0,0,0,0,0,0,0
352,2026-01-15,0,0,0,0,0,0,0,0,0
352,2026-01-16,0,0,0,0,0,0,0,0,0
352,2026-01-17,0,0,0,0,0,0,0,0,0
352,2026-01-18,0,0,0,0,0,0,0,0,0
352,2026-01-19,0,0,0,0,0,0,0,0,0
352,2026-01-20,0,0,0,0,0,0,0,0,0
352,2026-01-21,0,0,0,0,0,0,0,0,0
352,2026-01-22,0,0,0,0,0,0,0,0,0
352,2026-01-23,0,0,0,0,0,0,0,0,0
352,2026-01-24,0,0,0,0,0,0,0,0,0
352,2026-01-25,10,10,8,2,2,6,2,0,0
352,2026-01-26,2,12,2,0,0,2,0,0,0
352,2026-01-27,0,12,0,0,0,0,0,0,0
352,2026-01-28,4,16,3,1,0,3,1,0,0
352,2026-01-29,4,20,2,2,0,1,2,1,0
352,2026-01-30,3,23,2,1,2,0,1,0,0
352,2026-01-31,1,24,0,1,0,0,0,0,1
352,2026-02-01,6,30,5,1,0,3,1,2,0
352,2026-02-02,5,35,5,0,0,4,0,1,0
352,2026-02-03,2,37,2,0,0,2,0,0,0
352,2026-02-04,9,46,8,1,1,7,1,0,0
352,2026-02-05,5,51,4,1,1,2,0,1,1
352,2026-02-06,5,56,3,2,1,2,2,0,0
352,2026-02-07,9,65,5,4,2,3,4,0,0
352,2026-02-08,6,71,6,0,2,4,0,0,0
352,2026-02-09,4,75,3,1,1,2,1,0,0
352,2026-02-10,7,82,6,1,2,3,1,1,0
353,2026-01-14,0,0,0,0,0,0,0,0,0
353,2026-01-15,0,0,0,0,0,0,0,0,0
353,2026-01-16,0,0,0,0,0,0,0,0,0
353,2026-01-17,0,0,0,0,0,0,0,0,0
353,2026-01-18,0,0,0,0,0,0,0,0,0
353,2026-01-19,0,0,0,0,0,0,0,0,0
353,2026-01-20,0,0,0,0,0,0,0,0,0
353,2026-01-21,0,0,0,0,0,0,0,0,0
353,2026-01-22,0,0,0,0,0,0,0,0,0
353,2026-01-23,0,0,0,0,0,0,0,0,0
353,2026-01-24,0,0,0,0,0,0,0,0,0
353,2026-01-25,6,6,4,2,2,2,1,0,1
353,2026-01-26,7,13,4,3,1,3,3,0,0
353,2026-01-27,5,18,3,2,2,1,2,0,0
353,2026-01-28,6,24,6,0,1,4,0,1,0
353,2026-01-29,7,31,5,2,0,4,2,1,0
353,2026-01-30,3,34,2,1,2,0,1,0,0
353,2026-01-31,9,43,7,2,3,4,2,0,0
353,2026-02-01,7,50,6,1,4,2,1,0,0
353,2026-02-02,2,52,2,0,1,1,0,0,0
353,2026-02-03,11,63,7,4,2,3,2,2,2
353,2026-02-04,4,67,4,0,0,4,0,0,0
353,2026-02-05,11,78,10,1,1,8,1,1,0
353,2026-02-06,13,91,10,3,3,6,2,1,1
353,2026-02-07,7,98,5,2,1,4,1,0,1
353,2026-02-08,9,107,6,3,0,5,3,1,0
353,2026-02-09,9,116,9,0,5,3,0,1,0
353,2026-02-10,5,121,5,0,1,3,0,1,0
354,2026-01-14,0,0,0,0,0,0,0,0,0
354,2026-01-15,0,0,0,0,0,0,0,0,0
354,2026-01-16,0,0,0,0,0,0,0,0,0
354,2026-01-17,0,0,0,0,0,0,0,0,0
354,2026-01-18,0,0,0,0,0,0,0,0,0
354,2026-01-19,0,0,0,0,0,0,0,0,0
354,2026-01-20,0,0,0,0,0,0,0,0,0
354,2026-01-21,0,0,0,0,0,0,0,0,0
354,2026-01-22,0,0,0,0,0,0,0,0,0
354,2026-01-23,0,0,0,0,0,0,0,0,0
354,2026-01-24,0,0,0,0,0,0,0,0,0
354,2026-01-25,7,7,5,2,2,1,2,2,0
354,2026-01-26,7,14,4,3,1,2,2,1,1
354,2026-01-27,5,19,5,0,1,2,0,2,0
354,2026-01-28,2,21,2,0,0,2,0,0,0
354,2026-01-29,6,27,5,1,2,3,0,0,1
354,2026-01-30,10,37,6,4,2,4,2,0,2
354,2026-01-31,4,41,3,1,0,3,1,0,0
354,2026-02-01,10,51,7,3,3,3,2,1,1
354,2026-02-02,7,58,5,2,2,1,1,2,1
354,2026-02-03,6,64,5,1,3,2,1,0,0
354,2026-02-04,12,76,6,6,2,4,6,0,0
354,2026-02-05,11,87,9,2,2,6,1,1,1
354,2026-02-06,9,96,7,2,0,6,2,1,0
354,2026-02-07,9,105,7,2,2,4,2,1,0
354,2026-02-08,9,114,8,1,3,4,1,1,0
354,2026-02-09,12,126,11,1,3,8,1,0,0
354,2026-02-10,12,138,12,0,6,3,0,3,0
355,2026-01-14,0,0,0,0,0,0,0,0,0
355,2026-01-15,0,0,0,0,0,0,0,0,0
355,2026-01-16,0,0,0,0,0,0,0,0,0
355,2026-01-17,0,0,0,0,0,0,0,0,0
355,2026-01-18,0,0,0,0,0,0,0,0,0
355,2026-01-19,0,0,0,0,0,0,0,0,0
355,2026-01-20,0,0,0,0,0,0,0,0,0
355,2026-01-21,0,0,0,0,0,0,0,0,0
355,2026-01-22,0,0,0,0,0,0,0,0,0
355,2026-01-23,0,0,0,0,0,0,0,0,0
355,2026-01-24,0,0,0,0,0,0,0,0,0
355,2026-01-25,4,4,4,0,2,2,0,0,0
355,2026-01-26,4,8,3,1,0,3,0,0,1
355,2026-01-27,1,9,1,0,1,0,0,0,0
355,2026-01-28,2,11,2,0,1,1,0,0,0
355,2026-01-29,7,18,7,0,0,6,0,1,0
355,2026-01-30,5,23,5,0,3,2,0,0,0
355,2026-01-31,10,33,10,0,3,5,0,2,0
355,2026-02-01,6,39,5,1,1,4,1,0,0
355,2026-02-02,2,41,2,0,1,1,0,0,0
355,2026-02-03,8,49,6,2,2,4,1,0,1
355,2026-02-04,3,52,2,1,1,1,1,0,0
355,2026-02-05,7,59,5,2,2,3,0,0,2
355,2026-02-06,5,64,3,2,0,3,2,0,0
355,2026-02-07,6,70,5,1,0,5,1,0,0
355,2026-02-08,6,76,3,3,1,1,2,1,1
355,2026-02-09,7,83,5,2,0,5,2,0,0
355,2026-02-10,8,91,6,2,1,4,1,1,1
356,2026-01-14,0,0,0,0,0,0,0,0,0
356,2026-01-15,0,0,0,0,0,0,0,0,0
356,2026-01-16,0,0,0,0,0,0,0,0,0
356,2026-01-17,0,0,0,0,0,0,0,0,0
356,2026-01-18,0,0,0,0,0,0,0,0,0
356,2026-01-19,0,0,0,0,0,0,0,0,0
356,2026-01-20,0,0,0,0,0,0,0,0,0
356,2026-01-21,0,0,0,0,0,0,0,0,0
356,2026-01-22,0,0,0,0,0,0,0,0,0
356,2026-01-23,0,0,0,0,0,0,0,0,0
356,2026-01-24,0,0,0,0,0,0,0,0,0
356,2026-01-25,4,4,3,1,1,2,1,0,0
356,2026-01-26,8,12,7,1,2,4,1,1,0
356,2026-01-27,4,16,3,1,1,1,1,1,0
356,2026-01-28,5,21,4,1,1,2,0,1,1
356,2026-01-29,1,22,1,0,0,1,0,0,0
356,2026-01-30,5,27,4,1,2,2,1,0,0
356,2026-01-31,4,31,2,2,2,0,1,0,1
356,2026-02-01,2,33,1,1,0,1,1,0,0
356,2026-02-02,6,39,5,1,1,3,0,1,1
356,2026-02-03,1,40,1,0,0,1,0,0,0
356,2026-02-04,5,45,4,1,0,3,1,1,0
356,2026-02-05,12,57,11,1,6,5,1,0,0
356,2026-02-06,8,65,6,2,0,6,0,0,2
356,2026-02-07,7,72,4,3,1,3,3,0,0
356,2026-02-08,6,78,4,2,1,2,2,1,0
356,2026-02-09,4,82,4,0,0,4,0,0,0
356,2026-02-10,4,86,4,0,2,2,0,0,0
357,2026-01-14,0,0,0,0,0,0,0,0,0
357,2026-01-15,0,0,0,0,0,0,0,0,0
357,2026-01-16,0,0,0,0,0,0,0,0,0
357,2026-01-17,0,0,0,0,0,0,0,0,0
357,2026-01-18,0,0,0,0,0,0,0,0,0
357,2026-01-19,0,0,0,0,0,0,0,0,0
357,2026-01-20,0,0,0,0,0,0,0,0,0
357,2026-01-21,0,0,0,0,0,0,0,0,0
357,2026-01-22,0,0,0,0,0,0,0,0,0
357,2026-01-23,0,0,0,0,0,0,0,0,0
357,2026-01-24,0,0,0,0,0,0,0,0,0
357,2026-01-25,7,7,5,2,0,4,1,1,1
357,2026-01-26,0,7,0,0,0,0,0,0,0
357,2026-01-27,8,15,5,3,2,2,2,1,1
357,2026-01-28,1,16,0,1,0,0,0,0,1
357,2026-01-29,8,24,8,0,1,5,0,2,0
357,2026-01-30,4,28,3,1,1,1,0,1,1
357,2026-01-31,8,36,4,4,1,2,3,1,1
357,2026-02-01,4,40,3,1,1,1,1,1,0
357,2026-02-02,7,47,5,2,2,2,1,1,1
357,2026-02-03,3,50,3,0,1,2,0,0,0
357,2026-02-04,12,62,8,4,2,5,4,1,0
357,2026-02-05,5,67,4,1,0,3,0,1,1
357,2026-02-06,7,74,5,2,3,2,2,0,0
357,2026-02-07,8,82,6,2,1,5,2,0,0
357,2026-02-08,8,90,4,4,3,1,3,0,1
357,2026-02-09,12,102,9,3,3,5,2,1,1
357,2026-02-10,12,114,7,5,2,5,1,0,4
358,2026-01-14,0,0,0,0,0,0,0,0,0
358,2026-01-15,0,0,0,0,0,0,0,0,0
358,2026-01-16,0,0,0,0,0,0,0,0,0
358,2026-01-17,0,0,0,0,0,0,0,0,0
358,2026-01-18,0,0,0,0,0,0,0,0,0
358,2026-01-19,0,0,0,0,0,0,0,0,0
358,2026-01-20,0,0,0,0,0,0,0,0,0
358,2026-01-21,0,0,0,0,0,0,0,0,0
358,2026-01-22,0,0,0,0,0,0,0,0,0
358,2026-01-23,0,0,0,0,0,0,0,0,0
358,2026-01-24,0,0,0,0,0,0,0,0,0
358,2026-01-25,7,7,6,1,1,4,0,1,1
358,2026-01-26,10,17,10,0,2,7,0,1,0
358,2026-01-27,0,17,0,0,0,0,0,0,0
358,2026-01-28,8,25,6,2,2,4,1,0,1
358,2026-01-29,6,31,6,0,4,2,0,0,0
358,2026-01-30,4,35,2,2,0,2,1,0,1
358,2026-01-31,6,41,4,2,1,3,1,0,1
358,2026-02-01,4,45,3,1,0,2,0,1,1
358,2026-02-02,6,51,6,0,2,4,0,0,0
358,2026-02-03,6,57,6,0,2,4,0,0,0
358,2026-02-04,8,65,7,1,3,3,1,1,0
358,2026-02-05,4,69,4,0,2,1,0,1,0
358,2026-02-06,3,72,3,0,0,2,0,1,0
358,2026-02-07,3,75,2,1,0,2,0,0,1
358,2026-02-08,6,81,6,0,2,4,0,0,0
358,2026-02-09,6,87,3,3,2,1,1,0,2
358,2026-02-10,4,91,2,2,0,2,2,0,0
359,2026-01-14,0,0,0,0,0,0,0,0,0
359,2026-01-15,0,0,0,0,0,0,0,0,0
359,2026-01-16,0,0,0,0,0,0,0,0,0
359,2026-01-17,0,0,0,0,0,0,0,0,0
359,2026-01-18,0,0,0,0,0,0,0,0,0
359,2026-01-19,0,0,0,0,0,0,0,0,0
359,2026-01-20,0,0,0,0,0,0,0,0,0
359,2026-01-21,0,0,0,0,0,0,0,0,0
359,2026-01-22,0,0,0,0,0,0,0,0,0
359,2026-01-23,0,0,0,0,0,0,0,0,0
359,2026-01-24,0,0,0,0,0,0,0,0,0
359,2026-01-25,10,10,7,3,4,3,3,0,0
359,2026-01-26,5,15,4,1,0,4,1,0,0
359,2026-01-27,5,20,4,1,2,2,1,0,0
359,2026-01-28,3,23,2,1,1,0,1,1,0
359,2026-01-29,1,24,1,0,0,1,0,0,0
359,2026-01-30,1,25,0,1,0,0,1,0,0
359,2026-01-31,2,27,2,0,0,1,0,1,0
359,2026-02-01,7,34,4,3,0,3,2,1,1
359,2026-02-02,6,40,4,2,0,3,2,1,0
359,2026-02-03,8,48,6,2,1,4,1,1,1
359,2026-02-04,7,55,4,3,1,2,3,1,0
359,2026-02-05,5,60,2,3,0,2,3,0,0
359,2026-02-06,6,66,2,4,0,1,4,1,0
359,2026-02-07,11,77,9,2,4,4,2,1,0
359,2026-02-08,6,83,4,2,0,4,2,0,0
359,2026-02-09,7,90,5,2,3,1,1,1,1
359,2026-02-10,8,98,6,2,2,3,1,1,1
360,2026-01-14,0,0,0,0,0,0,0,0,0
360,2026-01-15,0,0,0,0,0,0,0,0,0
360,2026-01-16,0,0,0,0,0,0,0,0,0
360,2026-01-17,0,0,0,0,0,0,0,0,0
360,2026-01-18,0,0,0,0,0,0,0,0,0
360,2026-01-19,0,0,0,0,0,0,0,0,0
360,2026-01-20,0,0,0,0,0,0,0,0,0
360,2026-01-21,0,0,0,0,0,0,0,0,0
360,2026-01-22,0,0,0,0,0,0,0,0,0
360,2026-01-23,0,0,0,0,0,0,0,0,0
360,2026-01-24,0,0,0,0,0,0,0,0,0
360,2026-01-25,5,5,3,2,0,2,1,1,1
360,2026-01-26,2,7,2,0,0,2,0,0,0
360,2026-01-27,2,9,1,1,0,1,1,0,0
360,2026-01-28,2,11,1,1,0,1,1,0,0
360,2026-01-29,8,19,8,0,1,6,0,1,0
360,2026-01-30,2,21,1,1,0,1,1,0,0
360,2026-01-31,4,25,4,0,1,3,0,0,0
360,2026-02-01,5,30,5,0,0,4,0,1,0
360,2026-02-02,3,33,2,1,0,2,1,0,0
360,2026-02-03,1,34,1,0,1,0,0,0,0
360,2026-02-04,4,38,4,0,0,3,0,1,0
360,2026-02-05,3,41,2,1,0,1,1,1,0
360,2026-02-06,1,42,0,1,0,0,1,0,0
360,2026-02-07,2,44,2,0,0,2,0,0,0
360,2026-02-08,6,50,4,2,3,1,2,0,0
360,2026-02-09,7,57,7,0,3,3,0,1,0
360,2026-02-10,5,62,5,0,3,1,0,1,0
361,2026-01-14,0,0,0,0,0,0,0,0,0
361,2026-01-15,0,0,0,0,0,0,0,0,0
361,2026-01-16,0,0,0,0,0,0,0,0,0
361,2026-01-17,0,0,0,0,0,0,0,0,0
361,2026-01-18,0,0,0,0,0,0,0,0,0
361,2026-01-19,0,0,0,0,0,0,0,0,0
361,2026-01-20,0,0,0,0,0,0,0,0,0
361,2026-01-21,0,0,0,0,0,0,0,0,0
361,2026-01-22,0,0,0,0,0,0,0,0,0
361,2026-01-23,0,0,0,0,0,0,0,0,0
361,2026-01-24,0,0,0,0,0,0,0,0,0
361,2026-01-25,5,5,5,0,1,4,0,0,0
361,2026-01-26,2,7,1,1,1,0,1,0,0
361,2026-01-27,3,10,2,1,1,1,1,0,0
361,2026-01-28,7,17,5,2,0,5,2,0,0
361,2026-01-29,4,21,2,2,1,1,1,0,1
361,2026-01-30,8,29,8,0,2,5,0,1,0
361,2026-01-31,9,38,6,3,2,4,3,0,0
361,2026-02-01,3,41,3,0,1,1,0,1,0
361,2026-02-02,2,43,2,0,2,0,0,0,0
361,2026-02-03,8,51,8,0,1,5,0,2,0
361,2026-02-04,10,61,8,2,2,6,1,0,1
361,2026-02-05,3,64,3,0,2,1,0,0,0
361,2026-02-06,10,74,8,2,2,5,2,1,0
361,2026-02-07,12,86,9,3,1,7,3,1,0
361,2026-02-08,10,96,10,0,2,7,0,1,0
361,2026-02-09,13,109,12,1,2,8,1,2,0
361,2026-02-10,9,118,8,1,4,4,1,0,0
362,2026-01-14,0,0,0,0,0,0,0,0,0
362,2026-01-15,0,0,0,0,0,0,0,0,0
362,2026-01-16,0,0,0,0,0,0,0,0,0
362,2026-01-17,0,0,0,0,0,0,0,0,0
362,2026-01-18,0,0,0,0,0,0,0,0,0
362,2026-01-19,0,0,0,0,0,0,0,0,0
362,2026-01-20,0,0,0,0,0,0,0,0,0
362,2026-01-21,0,0,0,0,0,0,0,0,0
362,2026-01-22,0,0,0,0,0,0,0,0,0
362,2026-01-23,0,0,0,0,0,0,0,0,0
362,2026-01-24,0,0,0,0,0,0,0,0,0
362,2026-01-25,4,4,4,0,1,3,0,0,0
362,2026-01-26,7,11,5,2,1,4,2,0,0
362,2026-01-27,2,13,2,0,2,0,0,0,0
362,2026-01-28,4,17,3,1,1,2,1,0,0
362,2026-01-29,5,22,4,1,1,2,0,1,1
362,2026-01-30,7,29,6,1,3,2,1,1,0
362,2026-01-31,3,32,2,1,1,1,1,0,0
362,2026-02-01,5,37,4,1,0,2,0,2,1
362,2026-02-02,2,39,2,0,2,0,0,0,0
362,2026-02-03,6,45,5,1,0,4,1,1,0
362,2026-02-04,3,48,3,0,1,2,0,0,0
362,2026-02-05,11,59,9,2,3,5,1,1,1
362,2026-02-06,4,63,4,0,0,4,0,0,0
362,2026-02-07,10,73,8,2,2,4,2,2,0
362,2026-02-08,3,76,3,0,1,2,0,0,0
362,2026-02-09,7,83,7,0,2,4,0,1,0
362,2026-02-10,3,86,3,0,2,0,0,1,0
363,2026-01-14,0,0,0,0,0,0,0,0,0
363,2026-01-15,0,0,0,0,0,0,0,0,0
363,2026-01-16,0,0,0,0,0,0,0,0,0
363,2026-01-17,0,0,0,0,0,0,0,0,0
363,2026-01-18,0,0,0,0,0,0,0,0,0
363,2026-01-19,0,0,0,0,0,0,0,0,0
363,2026-01-20,0,0,0,0,0,0,0,0,0
363,2026-01-21,0,0,0,0,0,0,0,0,0
363,2026-01-22,0,0,0,0,0,0,0,0,0
363,2026-01-23,0,0,0,0,0,0,0,0,0
363,2026-01-24,0,0,0,0,0,0,0,0,0
363,2026-01-25,7,7,6,1,3,2,1,1,0
363,2026-01-26,3,10,3,0,1,1,0,1,0
363,2026-01-27,3,13,3,0,2,1,0,0,0
363,2026-01-28,3,16,3,0,0,3,0,0,0
363,2026-01-29,1,17,1,0,0,1,0,0,0
363,2026-01-30,0,17,0,0,0,0,0,0,0
363,2026-01-31,4,21,2,2,0,1,2,1,0
363,2026-02-01,6,27,6,0,1,5,0,0,0
363,2026-02-02,3,30,3,0,1,2,0,0,0
363,2026-02-03,1,31,0,1,0,0,1,0,0
363,2026-02-04,9,40,8,1,1,6,1,1,0
363,2026-02-05,9,49,7,2,1,5,2,1,0
363,2026-02-06,5,54,5,0,2,2,0,1,0
363,2026-02-07,7,61,6,1,2,4,1,0,0
363,2026-02-08,6,67,4,2,1,2,1,1,1
363,2026-02-09,8,75,6,2,2,4,2,0,0
363,2026-02-10,4,79,2,2,0,2,1,0,1
364,2026-01-14,0,0,0,0,0,0,0,0,0
364,2026-01-15,0,0,0,0,0,0,0,0,0
364,2026-01-16,0,0,0,0,0,0,0,0,0
364,2026-01-17,0,0,0,0,0,0,0,0,0
364,2026-01-18,0,0,0,0,0,0,0,0,0
364,2026-01-19,0,0,0,0,0,0,0,0,0
364,2026-01-20,0,0,0,0,0,0,0,0,0
364,2026-01-21,0,0,0,0,0,0,0,0,0
364,2026-01-22,0,0,0,0,0,0,0,0,0
364,2026-01-23,0,0,0,0,0,0,0,0,0
364,2026-01-24,0,0,0,0,0,0,0,0,0
364,2026-01-25,4,4,4,0,1,3,0,0,0
364,2026-01-26,2,6,2,0,1,1,0,0,0
364,2026-01-27,3,9,3,0,0,3,0,0,0
364,2026-01-28,2,11,1,1,0,1,1,0,0
364,2026-01-29,5,16,5,0,1,4,0,0,0
364,2026-01-30,8,24,6,2,2,3,2,1,0
364,2026-01-31,6,30,6,0,3,3,0,0,0
364,2026-02-01,5,35,5,0,0,5,0,0,0
364,2026-02-02,4,39,3,1,1,1,0,1,1
364,2026-02-03,6,45,6,0,1,5,0,0,0
364,2026-02-04,4,49,2,2,0,2,2,0,0
364,2026-02-05,5,54,5,0,3,2,0,0,0
364,2026-02-06,6,60,4,2,0,4,1,0,1
364,2026-02-07,3,63,3,0,1,2,0,0,0
364,2026-02-08,6,69,4,2,0,4,0,0,2
364,2026-02-09,10,79,9,1,2,5,1,2,0
364,2026-02-10,3,82,3,0,1,2,0,0,0
365,2026-01-14,0,0,0,0,0,0,0,0,0
365,2026-01-15,0,0,0,0,0,0,0,0,0
365,2026-01-16,0,0,0,0,0,0,0,0,0
365,2026-01-17,0,0,0,0,0,0,0,0,0
365,2026-01-18,0,0,0,0,0,0,0,0,0
365,2026-01-19,0,0,0,0,0,0,0,0,0
365,2026-01-20,0,0,0,0,0,0,0,0,0
365,2026-01-21,0,0,0,0,0,0,0,0,0
365,2026-01-22,0,0,0,0,0,0,0,0,0
365,2026-01-23,0,0,0,0,0,0,0,0,0
365,2026-01-24,0,0,0,0,0,0,0,0,0
365,2026-01-25,6,6,5,1,0,3,0,2,1
365,2026-01-26,3,9,3,0,0,3,0,0,0
365,2026-01-27,2,11,2,0,1,0,0,1,0
365,2026-01-28,3,14,3,0,1,1,0,1,0
365,2026-01-29,4,18,4,0,1,2,0,1,0
365,2026-01-30,3,21,3,0,1,2,0,0,0
365,2026-01-31,6,27,4,2,1,3,1,0,1
365,2026-02-01,4,31,2,2,2,0,2,0,0
365,2026-02-02,6,37,6,0,3,3,0,0,0
365,2026-02-03,5,42,5,0,2,3,0,0,0
365,2026-02-04,7,49,6,1,1,5,1,0,0
365,2026-02-05,8,57,5,3,1,4,3,0,0
365,2026-02-06,5,62,5,0,2,2,0,1,0
365,2026-02-07,11,73,9,2,4,5,2,0,0
365,2026-02-08,7,80,7,0,2,4,0,1,0
365,2026-02-09,11,91,7,4,3,4,3,0,1
365,2026-02-10,8,99,7,1,3,4,1,0,0
366,2026-01-14,0,0,0,0,0,0,0,0,0
366,2026-01-15,0,0,0,0,0,0,0,0,0
366,2026-01-16,0,0,0,0,0,0,0,0,0
366,2026-01-17,0,0,0,0,0,0,0,0,0
366,2026-01-18,0,0,0,0,0,0,0,0,0
366,2026-01-19,0,0,0,0,0,0,0,0,0
366,2026-01-20,0,0,0,0,0,0,0,0,0
366,2026-01-21,0,0,0,0,0,0,0,0,0
366,2026-01-22,0,0,0,0,0,0,0,0,0
366,2026-01-23,0,0,0,0,0,0,0,0,0
366,2026-01-24,0,0,0,0,0,0,0,0,0
366,2026-01-25,4,4,4,0,0,3,0,1,0
366,2026-01-26,4,8,3,1,1,2,1,0,0
366,2026-01-27,6,14,3,3,1,2,3,0,0
366,2026-01-28,4,18,3,1,0,2,0,1,1
366,2026-01-29,5,23,5,0,1,4,0,0,0
366,2026-01-30,3,26,2,1,0,2,1,0,0
366,2026-01-31,5,31,4,1,2,2,1,0,0
366,2026-02-01,5,36,3,2,0,3,1,0,1
366,2026-02-02,2,38,2,0,0,2,0,0,0
366,2026-02-03,5,43,5,0,0,3,0,2,0
366,2026-02-04,7,50,7,0,2,5,0,0,0
366,2026-02-05,6,56,5,1,0,3,1,2,0
366,2026-02-06,3,59,3,0,1,2,0,0,0
366,2026-02-07,4,63,4,0,0,4,0,0,0
366,2026-02-08,8,71,8,0,3,4,0,1,0
366,2026-02-09,7,78,6,1,0,6,1,0,0
366,2026-02-10,5,83,5,0,2,3,0,0,0
367,2026-01-14,0,0,0,0,0,0,0,0,0
367,2026-01-15,0,0,0,0,0,0,0,0,0
367,2026-01-16,0,0,0,0,0,0,0,0,0
367,2026-01-17,0,0,0,0,0,0,0,0,0
367,2026-01-18,0,0,0,0,0,0,0,0,0
367,2026-01-19,0,0,0,0,0,0,0,0,0
367,2026-01-20,0,0,0,0,0,0,0,0,0
367,2026-01-21,0,0,0,0,0,0,0,0,0
367,2026-01-22,0,0,0,0,0,0,0,0,0
367,2026-01-23,0,0,0,0,0,0,0,0,0
367,2026-01-24,0,0,0,0,0,0,0,0,0
367,2026-01-25,3,3,2,1,1,1,0,0,1
367,2026-01-26,8,11,6,2,3,3,0,0,2
367,2026-01-27,2,13,2,0,1,1,0,0,0
367,2026-01-28,2,15,1,1,0,1,0,0,1
367,2026-01-29,2,17,1,1,0,1,1,0,0
367,2026-01-30,4,21,4,0,3,0,0,1,0
367,2026-01-31,2,23,2,0,0,2,0,0,0
367,2026-02-01,5,28,4,1,2,2,1,0,0
367,2026-02-02,4,32,3,1,1,2,1,0,0
367,2026-02-03,8,40,7,1,0,7,1,0,0
367,2026-02-04,7,47,6,1,4,2,1,0,0
367,2026-02-05,7,54,7,0,0,7,0,0,0
367,2026-02-06,4,58,3,1,1,2,0,0,1
367,2026-02-07,4,62,3,1,1,2,1,0,0
367,2026-02-08,3,65,3,0,0,2,0,1,0
367,2026-02-09,5,70,5,0,3,1,0,1,0
367,2026-02-10,3,73,3,0,1,2,0,0,0
368,2026-01-14,0,0,0,0,0,0,0,0,0
368,2026-01-15,0,0,0,0,0,0,0,0,0
368,2026-01-16,0,0,0,0,0,0,0,0,0
368,2026-01-17,0,0,0,0,0,0,0,0,0
368,2026-01-18,0,0,0,0,0,0,0,0,0
368,2026-01-19,0,0,0,0,0,0,0,0,0
368,2026-01-20,0,0,0,0,0,0,0,0,0
368,2026-01-21,0,0,0,0,0,0,0,0,0
368,2026-01-22,0,0,0,0,0,0,0,0,0
368,2026-01-23,0,0,0,0,0,0,0,0,0
368,2026-01-24,0,0,0,0,0,0,0,0,0
368,2026-01-25,6,6,5,1,0,5,1,0,0
368,2026-01-26,6,12,5,1,3,2,1,0,0
368,2026-01-27,1,13,0,1,0,0,1,0,0
368,2026-01-28,5,18,3,2,0,2,2,1,0
368,2026-01-29,3,21,3,0,1,2,0,0,0
368,2026-01-30,7,28,6,1,3,2,1,1,0
368,2026-01-31,2,30,1,1,0,0,0,1,1
368,2026-02-01,6,36,2,4,1,1,3,0,1
368,2026-02-02,6,42,5,1,0,3,0,2,1
368,2026-02-03,2,44,1,1,1,0,0,0,1
368,2026-02-04,5,49,4,1,2,2,0,0,1
368,2026-02-05,9,58,7,2,1,6,2,0,0
368,2026-02-06,5,63,3,2,2,1,2,0,0
368,2026-02-07,3,66,3,0,1,1,0,1,0
368,2026-02-08,8,74,7,1,3,3,1,1,0
368,2026-02-09,6,80,5,1,0,4,1,1,0
368,2026-02-10,9,89,7,2,3,2,1,2,1
369,2026-01-14,0,0,0,0,0,0,0,0,0
369,2026-01-15,0,0,0,0,0,0,0,0,0
369,2026-01-16,0,0,0,0,0,0,0,0,0
369,2026-01-17,0,0,0,0,0,0,0,0,0
369,2026-01-18,0,0,0,0,0,0,0,0,0
369,2026-01-19,0,0,0,0,0,0,0,0,0
369,2026-01-20,0,0,0,0,0,0,0,0,0
369,2026-01-21,0,0,0,0,0,0,0,0,0
369,2026-01-22,0,0,0,0,0,0,0,0,0
369,2026-01-23,0,0,0,0,0,0,0,0,0
369,2026-01-24,0,0,0,0,0,0,0,0,0
369,2026-01-25,11,11,10,1,4,5,1,1,0
369,2026-01-26,6,17,4,2,1,3,1,0,1
369,2026-01-27,3,20,1,2,0,1,2,0,0
369,2026-01-28,6,26,6,0,3,2,0,1,0
369,2026-01-29,3,29,3,0,0,3,0,0,0
369,2026-01-30,8,37,6,2,4,2,2,0,0
369,2026-01-31,12,49,7,5,1,4,5,2,0
369,2026-02-01,8,57,5,3,3,2,2,0,1
369,2026-02-02,11,68,7,4,1,6,3,0,1
369,2026-02-03,4,72,2,2,0,2,2,0,0
369,2026-02-04,15,87,11,4,2,9,2,0,2
369,2026-02-05,15,102,12,3,1,5,3,6,0
369,2026-02-06,11,113,8,3,3,4,2,1,1
369,2026-02-07,13,126,13,0,5,5,0,3,0
369,2026-02-08,12,138,8,4,4,3,4,1,0
369,2026-02-09,18,156,13,5,4,8,3,1,2
369,2026-02-10,13,169,11,2,5,4,2,2,0
370,2026-01-14,0,0,0,0,0,0,0,0,0
370,2026-01-15,0,0,0,0,0,0,0,0,0
370,2026-01-16,0,0,0,0,0,0,0,0,0
370,2026-01-17,0,0,0,0,0,0,0,0,0
370,2026-01-18,0,0,0,0,0,0,0,0,0
370,2026-01-19,0,0,0,0,0,0,0,0,0
370,2026-01-20,0,0,0,0,0,0,0,0,0
370,2026-01-21,0,0,0,0,0,0,0,0,0
370,2026-01-22,0,0,0,0,0,0,0,0,0
370,2026-01-23,0,0,0,0,0,0,0,0,0
370,2026-01-24,0,0,0,0,0,0,0,0,0
370,2026-01-25,3,3,2,1,2,0,1,0,0
370,2026-01-26,0,3,0,0,0,0,0,0,0
370,2026-01-27,3,6,3,0,1,2,0,0,0
370,2026-01-28,2,8,1,1,0,0,1,1,0
370,2026-01-29,4,12,4,0,2,2,0,0,0
370,2026-01-30,2,14,2,0,0,2,0,0,0
370,2026-01-31,2,16,1,1,0,1,0,0,1
370,2026-02-01,2,18,1,1,0,1,1,0,0
370,2026-02-02,3,21,3,0,1,2,0,0,0
370,2026-02-03,1,22,1,0,0,1,0,0,0
370,2026-02-04,3,25,2,1,2,0,1,0,0
370,2026-02-05,3,28,2,1,0,1,1,1,0
370,2026-02-06,7,35,6,1,1,3,1,2,0
370,2026-02-07,4,39,3,1,0,2,1,1,0
370,2026-02-08,4,43,3,1,0,3,1,0,0
370,2026-02-09,2,45,1,1,1,0,0,0,1
370,2026-02-10,3,48,3,0,2,1,0,0,0
371,2026-01-14,0,0,0,0,0,0,0,0,0
371,2026-01-15,0,0,0,0,0,0,0,0,0
371,2026-01-16,0,0,0,0,0,0,0,0,0
371,2026-01-17,0,0,0,0,0,0,0,0,0
371,2026-01-18,0,0,0,0,0,0,0,0,0
371,2026-01-19,0,0,0,0,0,0,0,0,0
371,2026-01-20,0,0,0,0,0,0,0,0,0
371,2026-01-21,0,0,0,0,0,0,0,0,0
371,2026-01-22,0,0,0,0,0,0,0,0,0
371,2026-01-23,0,0,0,0,0,0,0,0,0
371,2026-01-24,0,0,0,0,0,0,0,0,0
371,2026-01-25,4,4,3,1,1,2,1,0,0
371,2026-01-26,3,7,2,1,0,2,1,0,0
371,2026-01-27,4,11,3,1,0,3,1,0,0
371,2026-01-28,3,14,3,0,0,3,0,0,0
371,2026-01-29,5,19,3,2,0,3,1,0,1
371,2026-01-30,6,25,6,0,1,5,0,0,0
371,2026-01-31,4,29,3,1,1,2,0,0,1
371,2026-02-01,4,33,3,1,0,2,0,1,1
371,2026-02-02,2,35,2,0,0,1,0,1,0
371,2026-02-03,10,45,8,2,3,5,2,0,0
371,2026-02-04,4,49,4,0,1,2,0,1,0
371,2026-02-05,6,55,4,2,0,3,2,1,0
371,2026-02-06,5,60,4,1,2,2,1,0,0
371,2026-02-07,7,67,5,2,1,4,2,0,0
371,2026-02-08,3,70,3,0,2,1,0,0,0
371,2026-02-09,8,78,7,1,3,4,1,0,0
371,2026-02-10,8,86,6,2,0,6,2,0,0
372,2026-01-14,0,0,0,0,0,0,0,0,0
372,2026-01-15,0,0,0,0,0,0,0,0,0
372,2026-01-16,0,0,0,0,0,0,0,0,0
372,2026-01-17,0,0,0,0,0,0,0,0,0
372,2026-01-18,0,0,0,0,0,0,0,0,0
372,2026-01-19,0,0,0,0,0,0,0,0,0
372,2026-01-20,0,0,0,0,0,0,0,0,0
372,2026-01-21,0,0,0,0,0,0,0,0,0
372,2026-01-22,0,0,0,0,0,0,0,0,0
372,2026-01-23,0,0,0,0,0,0,0,0,0
372,2026-01-24,0,0,0,0,0,0,0,0,0
372,2026-01-25,7,7,7,0,4,2,0,1,0
372,2026-01-26,4,11,1,3,0,0,2,1,1
372,2026-01-27,4,15,3,1,2,1,1,0,0
372,2026-01-28,2,17,2,0,1,1,0,0,0
372,2026-01-29,3,20,3,0,3,0,0,0,0
372,2026-01-30,6,26,4,2,0,3,1,1,1
372,2026-01-31,5,31,4,1,1,3,0,0,1
372,2026-02-01,3,34,0,3,0,0,3,0,0
372,2026-02-02,3,37,3,0,0,2,0,1,0
372,2026-02-03,7,44,5,2,1,3,2,1,0
372,2026-02-04,5,49,4,1,2,2,1,0,0
372,2026-02-05,10,59,8,2,2,6,2,0,0
372,2026-02-06,12,71,9,3,2,5,2,2,1
372,2026-02-07,6,77,3,3,1,2,3,0,0
372,2026-02-08,11,88,7,4,3,3,4,1,0
372,2026-02-09,7,95,5,2,2,3,2,0,0
372,2026-02-10,4,99,4,0,1,2,0,1,0
373,2026-01-14,0,0,0,0,0,0,0,0,0
373,2026-01-15,0,0,0,0,0,0,0,0,0
373,2026-01-16,0,0,0,0,0,0,0,0,0
373,2026-01-17,0,0,0,0,0,0,0,0,0
373,2026-01-18,0,0,0,0,0,0,0,0,0
373,2026-01-19,0,0,0,0,0,0,0,0,0
373,2026-01-20,0,0,0,0,0,0,0,0,0
373,2026-01-21,0,0,0,0,0,0,0,0,0
373,2026-01-22,0,0,0,0,0,0,0,0,0
373,2026-01-23,0,0,0,0,0,0,0,0,0
373,2026-01-24,0,0,0,0,0,0,0,0,0
373,2026-01-25,3,3,2,1,2,0,0,0,1
373,2026-01-26,1,4,1,0,0,1,0,0,0
373,2026-01-27,4,8,4,0,1,2,0,1,0
373,2026-01-28,4,12,3,1,1,0,0,2,1
373,2026-01-29,3,15,3,0,0,3,0,0,0
373,2026-01-30,6,21,4,2,1,2,1,1,1
373,2026-01-31,5,26,5,0,2,3,0,0,0
373,2026-02-01,5,31,4,1,2,2,1,0,0
373,2026-02-02,8,39,6,2,1,4,1,1,1
373,2026-02-03,3,42,3,0,1,2,0,0,0
373,2026-02-04,7,49,7,0,2,4,0,1,0
373,2026-02-05,8,57,7,1,4,2,0,1,1
373,2026-02-06,3,60,2,1,1,1,1,0,0
373,2026-02-07,7,67,6,1,1,4,1,1,0
373,2026-02-08,2,69,2,0,1,1,0,0,0
373,2026-02-09,6,75,6,0,3,2,0,1,0
373,2026-02-10,5,80,4,1,2,2,0,0,1
374,2026-01-14,0,0,0,0,0,0,0,0,0
374,2026-01-15,0,0,0,0,0,0,0,0,0
374,2026-01-16,0,0,0,0,0,0,0,0,0
374,2026-01-17,0,0,0,0,0,0,0,0,0
374,2026-01-18,0,0,0,0,0,0,0,0,0
374,2026-01-19,0,0,0,0,0,0,0,0,0
374,2026-01-20,0,0,0,0,0,0,0,0,0
374,2026-01-21,0,0,0,0,0,0,0,0,0
374,2026-01-22,0,0,0,0,0,0,0,0,0
374,2026-01-23,0,0,0,0,0,0,0,0,0
374,2026-01-24,0,0,0,0,0,0,0,0,0
374,2026-01-25,9,9,9,0,3,5,0,1,0
374,2026-01-26,9,18,7,2,1,3,2,3,0
374,2026-01-27,6,24,5,1,3,2,1,0,0
374,2026-01-28,5,29,3,2,1,1,2,1,0
374,2026-01-29,3,32,2,1,0,2,0,0,1
374,2026-01-30,6,38,5,1,2,2,1,1,0
374,2026-01-31,7,45,3,4,1,2,4,0,0
374,2026-02-01,4,49,2,2,1,1,2,0,0
374,2026-02-02,12,61,11,1,3,6,1,2,0
374,2026-02-03,8,69,6,2,0,6,1,0,1
374,2026-02-04,8,77,4,4,4,0,2,0,2
374,2026-02-05,14,91,12,2,2,8,1,2,1
374,2026-02-06,8,99,6,2,2,3,1,1,1
374,2026-02-07,21,120,19,2,4,12,1,3,1
374,2026-02-08,9,129,8,1,3,5,0,0,1
374,2026-02-09,10,139,8,2,2,5,2,1,0
374,2026-02-10,16,155,10,6,0,9,5,1,1
375,2026-01-14,0,0,0,0,0,0,0,0,0
375,2026-01-15,0,0,0,0,0,0,0,0,0
375,2026-01-16,0,0,0,0,0,0,0,0,0
375,2026-01-17,0,0,0,0,0,0,0,0,0
375,2026-01-18,0,0,0,0,0,0,0,0,0
375,2026-01-19,0,0,0,0,0,0,0,0,0
375,2026-01-20,0,0,0,0,0,0,0,0,0
375,2026-01-21,0,0,0,0,0,0,0,0,0
375,2026-01-22,0,0,0,0,0,0,0,0,0
375,2026-01-23,0,0,0,0,0,0,0,0,0
375,2026-01-24,0,0,0,0,0,0,0,0,0
375,2026-01-25,10,10,8,2,2,6,1,0,1
375,2026-01-26,1,11,1,0,1,0,0,0,0
375,2026-01-27,7,18,7,0,1,5,0,1,0
375,2026-01-28,8,26,6,2,1,5,1,0,1
375,2026-01-29,11,37,9,2,1,8,2,0,0
375,2026-01-30,9,46,9,0,3,6,0,0,0
375,2026-01-31,4,50,3,1,1,2,1,0,0
375,2026-02-01,7,57,5,2,1,3,1,1,1
375,2026-02-02,6,63,5,1,2,2,1,1,0
375,2026-02-03,4,67,3,1,1,2,1,0,0
375,2026-02-04,8,75,6,2,3,3,2,0,0
375,2026-02-05,5,80,4,1,0,4,0,0,1
375,2026-02-06,3,83,3,0,1,1,0,1,0
375,2026-02-07,6,89,4,2,1,1,2,2,0
375,2026-02-08,7,96,7,0,2,4,0,1,0
375,2026-02-09,7,103,7,0,0,6,0,1,0
375,2026-02-10,8,111,6,2,2,3,1,1,1
376,2026-01-14,0,0,0,0,0,0,0,0,0
376,2026-01-15,0,0,0,0,0,0,0,0,0
376,2026-01-16,0,0,0,0,0,0,0,0,0
376,2026-01-17,0,0,0,0,0,0,0,0,0
376,2026-01-18,0,0,0,0,0,0,0,0,0
376,2026-01-19,0,0,0,0,0,0,0,0,0
376,2026-01-20,0,0,0,0,0,0,0,0,0
376,2026-01-21,0,0,0,0,0,0,0,0,0
376,2026-01-22,0,0,0,0,0,0,0,0,0
376,2026-01-23,0,0,0,0,0,0,0,0,0
376,2026-01-24,0,0,0,0,0,0,0,0,0
376,2026-01-25,4,4,2,2,0,2,2,0,0
376,2026-01-26,3,7,2,1,0,0,0,2,1
376,2026-01-27,4,11,2,2,0,2,2,0,0
376,2026-01-28,2,13,1,1,0,1,1,0,0
376,2026-01-29,8,21,6,2,1,4,2,1,0
376,2026-01-30,3,24,2,1,1,1,1,0,0
376,2026-01-31,2,26,2,0,1,1,0,0,0
376,2026-02-01,7,33,6,1,2,3,0,1,1
376,2026-02-02,4,37,2,2,0,2,2,0,0
376,2026-02-03,7,44,3,4,2,0,2,1,2
376,2026-02-04,4,48,3,1,0,2,1,1,0
376,2026-02-05,10,58,6,4,2,3,3,1,1
376,2026-02-06,6,64,6,0,1,5,0,0,0
376,2026-02-07,11,75,8,3,2,6,2,0,1
376,2026-02-08,9,84,5,4,0,4,3,1,1
376,2026-02-09,11,95,7,4,2,4,3,1,1
376,2026-02-10,6,101,3,3,0,3,2,0,1
377,2026-01-14,0,0,0,0,0,0,0,0,0
377,2026-01-15,0,0,0,0,0,0,0,0,0
377,2026-01-16,0,0,0,0,0,0,0,0,0
377,2026-01-17,0,0,0,0,0,0,0,0,0
377,2026-01-18,0,0,0,0,0,0,0,0,0
377,2026-01-19,0,0,0,0,0,0,0,0,0
377,2026-01-20,0,0,0,0,0,0,0,0,0
377,2026-01-21,0,0,0,0,0,0,0,0,0
377,2026-01-22,0,0,0,0,0,0,0,0,0
377,2026-01-23,0,0,0,0,0,0,0,0,0
377,2026-01-24,0,0,0,0,0,0,0,0,0
377,2026-01-25,3,3,3,0,1,2,0,0,0
377,2026-01-26,3,6,2,1,1,1,0,0,1
377,2026-01-27,3,9,3,0,2,1,0,0,0
377,2026-01-28,2,11,2,0,0,2,0,0,0
377,2026-01-29,1,12,1,0,0,1,0,0,0
377,2026-01-30,5,17,4,1,1,2,1,1,0
377,2026-01-31,3,20,2,1,0,2,0,0,1
377,2026-02-01,2,22,1,1,1,0,0,0,1
377,2026-02-02,4,26,4,0,1,3,0,0,0
377,2026-02-03,2,28,2,0,1,1,0,0,0
377,2026-02-04,6,34,5,1,1,4,1,0,0
377,2026-02-05,3,37,3,0,1,2,0,0,0
377,2026-02-06,5,42,4,1,1,2,0,1,1
377,2026-02-07,6,48,4,2,3,0,2,1,0
377,2026-02-08,4,52,3,1,1,2,1,0,0
377,2026-02-09,4,56,4,0,1,2,0,1,0
377,2026-02-10,6,62,5,1,1,4,0,0,1
378,2026-01-14,0,0,0,0,0,0,0,0,0
378,2026-01-15,0,0,0,0,0,0,0,0,0
378,2026-01-16,0,0,0,0,0,0,0,0,0
378,2026-01-17,0,0,0,0,0,0,0,0,0
378,2026-01-18,0,0,0,0,0,0,0,0,0
378,2026-01-19,0,0,0,0,0,0,0,0,0
378,2026-01-20,0,0,0,0,0,0,0,0,0
378,2026-01-21,0,0,0,0,0,0,0,0,0
378,2026-01-22,0,0,0,0,0,0,0,0,0
378,2026-01-23,0,0,0,0,0,0,0,0,0
378,2026-01-24,0,0,0,0,0,0,0,0,0
378,2026-01-25,4,4,4,0,1,3,0,0,0
378,2026-01-26,4,8,4,0,2,1,0,1,0
378,2026-01-27,4,12,3,1,1,2,0,0,1
378,2026-01-28,5,17,3,2,2,1,2,0,0
378,2026-01-29,3,20,2,1,2,0,1,0,0
378,2026-01-30,7,27,2,5,0,2,4,0,1
378,2026-01-31,5,32,3,2,1,2,2,0,0
378,2026-02-01,6,38,6,0,2,3,0,1,0
378,2026-02-02,11,49,10,1,3,7,1,0,0
378,2026-02-03,10,59,10,0,2,7,0,1,0
378,2026-02-04,10,69,10,0,1,6,0,3,0
378,2026-02-05,5,74,4,1,1,2,1,1,0
378,2026-02-06,7,81,6,1,0,6,1,0,0
378,2026-02-07,9,90,7,2,1,5,1,1,1
378,2026-02-08,10,100,6,4,1,4,4,1,0
378,2026-02-09,9,109,4,5,2,1,5,1,0
378,2026-02-10,7,116,4,3,1,3,2,0,1
379,2026-01-14,0,0,0,0,0,0,0,0,0
379,2026-01-15,0,0,0,0,0,0,0,0,0
379,2026-01-16,0,0,0,0,0,0,0,0,0
379,2026-01-17,0,0,0,0,0,0,0,0,0
379,2026-01-18,0,0,0,0,0,0,0,0,0
379,2026-01-19,0,0,0,0,0,0,0,0,0
379,2026-01-20,0,0,0,0,0,0,0,0,0
379,2026-01-21,0,0,0,0,0,0,0,0,0
379,2026-01-22,0,0,0,0,0,0,0,0,0
379,2026-01-23,0,0,0,0,0,0,0,0,0
379,2026-01-24,0,0,0,0,0,0,0,0,0
379,2026-01-25,4,4,3,1,1,2,1,0,0
379,2026-01-26,3,7,2,1,1,1,1,0,0
379,2026-01-27,1,8,1,0,0,1,0,0,0
379,2026-01-28,3,11,3,0,0,3,0,0,0
379,2026-01-29,3,14,3,0,2,1,0,0,0
379,2026-01-30,4,18,3,1,1,2,1,0,0
379,2026-01-31,1,19,0,1,0,0,1,0,0
379,2026-02-01,7,26,7,0,0,7,0,0,0
379,2026-02-02,5,31,5,0,2,2,0,1,0
379,2026-02-03,3,34,3,0,1,1,0,1,0
379,2026-02-04,2,36,2,0,0,2,0,0,0
379,2026-02-05,9,45,8,1,3,5,1,0,0
379,2026-02-06,7,52,4,3,1,3,2,0,1
379,2026-02-07,7,59,6,1,3,3,1,0,0
379,2026-02-08,4,63,4,0,1,3,0,0,0
379,2026-02-09,7,70,7,0,3,4,0,0,0
379,2026-02-10,6,76,5,1,4,1,0,0,1
380,2026-01-14,0,0,0,0,0,0,0,0,0
380,2026-01-15,0,0,0,0,0,0,0,0,0
380,2026-01-16,0,0,0,0,0,0,0,0,0
380,2026-01-17,0,0,0,0,0,0,0,0,0
380,2026-01-18,0,0,0,0,0,0,0,0,0
380,2026-01-19,0,0,0,0,0,0,0,0,0
380,2026-01-20,0,0,0,0,0,0,0,0,0
380,2026-01-21,0,0,0,0,0,0,0,0,0
380,2026-01-22,0,0,0,0,0,0,0,0,0
380,2026-01-23,0,0,0,0,0,0,0,0,0
380,2026-01-24,0,0,0,0,0,0,0,0,0
380,2026-01-25,7,7,5,2,3,2,2,0,0
380,2026-01-26,8,15,4,4,0,2,2,2,2
380,2026-01-27,4,19,3,1,2,1,1,0,0
380,2026-01-28,5,24,2,3,0,2,3,0,0
380,2026-01-29,7,31,6,1,2,2,1,2,0
380,2026-01-30,7,38,6,1,2,2,1,2,0
380,2026-01-31,5,43,4,1,2,2,1,0,0
380,2026-02-01,10,53,6,4,2,3,3,1,1
380,2026-02-02,6,59,5,1,2,3,1,0,0
380,2026-02-03,13,72,11,2,3,7,2,1,0
380,2026-02-04,9,81,6,3,2,3,3,1,0
380,2026-02-05,11,92,4,7,2,2,6,0,1
380,2026-02-06,12,104,8,4,4,4,4,0,0
380,2026-02-07,9,113,7,2,3,4,2,0,0
380,2026-02-08,16,129,12,4,4,5,2,3,2
380,2026-02-09,14,143,13,1,1,11,1,1,0
380,2026-02-10,10,153,9,1,1,6,1,2,0
381,2026-01-14,0,0,0,0,0,0,0,0,0
381,2026-01-15,0,0,0,0,0,0,0,0,0
381,2026-01-16,0,0,0,0,0,0,0,0,0
381,2026-01-17,0,0,0,0,0,0,0,0,0
381,2026-01-18,0,0,0,0,0,0,0,0,0
381,2026-01-19,0,0,0,0,0,0,0,0,0
381,2026-01-20,0,0,0,0,0,0,0,0,0
381,2026-01-21,0,0,0,0,0,0,0,0,0
381,2026-01-22,0,0,0,0,0,0,0,0,0
381,2026-01-23,0,0,0,0,0,0,0,0,0
381,2026-01-24,0,0,0,0,0,0,0,0,0
381,2026-01-25,5,5,5,0,3,2,0,0,0
381,2026-01-26,7,12,6,1,1,5,1,0,0
381,2026-01-27,2,14,2,0,0,2,0,0,0
381,2026-01-28,0,14,0,0,0,0,0,0,0
381,2026-01-29,3,17,3,0,0,3,0,0,0
381,2026-01-30,5,22,5,0,2,3,0,0,0
381,2026-01-31,3,25,3,0,1,1,0,1,0
381,2026-02-01,6,31,4,2,0,4,2,0,0
381,2026-02-02,3,34,1,2,1,0,1,0,1
381,2026-02-03,6,40,5,1,2,2,1,1,0
381,2026-02-04,7,47,5,2,2,1,2,2,0
381,2026-02-05,2,49,2,0,0,1,0,1,0
381,2026-02-06,9,58,6,3,1,4,3,1,0
381,2026-02-07,5,63,4,1,0,4,1,0,0
381,2026-02-08,5,68,3,2,0,3,2,0,0
381,2026-02-09,8,76,6,2,1,3,1,2,1
381,2026-02-10,4,80,3,1,1,2,1,0,0
382,2026-01-14,0,0,0,0,0,0,0,0,0
382,2026-01-15,0,0,0,0,0,0,0,0,0
382,2026-01-16,0,0,0,0,0,0,0,0,0
382,2026-01-17,0,0,0,0,0,0,0,0,0
382,2026-01-18,0,0,0,0,0,0,0,0,0
382,2026-01-19,0,0,0,0,0,0,0,0,0
382,2026-01-20,0,0,0,0,0,0,0,0,0
382,2026-01-21,0,0,0,0,0,0,0,0,0
382,2026-01-22,0,0,0,0,0,0,0,0,0
382,2026-01-23,0,0,0,0,0,0,0,0,0
382,2026-01-24,0,0,0,0,0,0,0,0,0
382,2026-01-25,4,4,3,1,1,2,1,0,0
382,2026-01-26,5,9,4,1,1,3,1,0,0
382,2026-01-27,8,17,8,0,3,5,0,0,0
382,2026-01-28,5,22,5,0,0,4,0,1,0
382,2026-01-29,2,24,1,1,1,0,1,0,0
382,2026-01-30,1,25,1,0,0,1,0,0,0
382,2026-01-31,5,30,5,0,2,2,0,1,0
382,2026-02-01,2,32,2,0,1,0,0,1,0
382,2026-02-02,6,38,6,0,0,5,0,1,0
382,2026-02-03,8,46,4,4,1,2,3,1,1
382,2026-02-04,6,52,4,2,1,3,2,0,0
382,2026-02-05,8,60,6,2,6,0,1,0,1
382,2026-02-06,11,71,8,3,2,5,1,1,2
382,2026-02-07,8,79,6,2,5,1,2,0,0
382,2026-02-08,7,86,7,0,3,3,0,1,0
382,2026-02-09,4,90,2,2,1,1,2,0,0
382,2026-02-10,13,103,10,3,4,3,3,3,0
383,2026-01-14,0,0,0,0,0,0,0,0,0
383,2026-01-15,0,0,0,0,0,0,0,0,0
383,2026-01-16,0,0,0,0,0,0,0,0,0
383,2026-01-17,0,0,0,0,0,0,0,0,0
383,2026-01-18,0,0,0,0,0,0,0,0,0
383,2026-01-19,0,0,0,0,0,0,0,0,0
383,2026-01-20,0,0,0,0,0,0,0,0,0
383,2026-01-21,0,0,0,0,0,0,0,0,0
383,2026-01-22,0,0,0,0,0,0,0,0,0
383,2026-01-23,0,0,0,0,0,0,0,0,0
383,2026-01-24,0,0,0,0,0,0,0,0,0
383,2026-01-25,5,5,5,0,1,3,0,1,0
383,2026-01-26,5,10,3,2,1,2,2,0,0
383,2026-01-27,4,14,4,0,2,1,0,1,0
383,2026-01-28,5,19,3,2,2,1,2,0,0
383,2026-01-29,6,25,4,2,2,1,1,1,1
383,2026-01-30,6,31,4,2,1,3,2,0,0
383,2026-01-31,6,37,5,1,0,4,1,1,0
383,2026-02-01,11,48,11,0,5,6,0,0,0
383,2026-02-02,13,61,10,3,4,4,3,2,0
383,2026-02-03,8,69,8,0,1,6,0,1,0
383,2026-02-04,11,80,9,2,4,5,1,0,1
383,2026-02-05,12,92,12,0,3,8,0,1,0
383,2026-02-06,12,104,9,3,0,5,1,4,2
383,2026-02-07,15,119,10,5,1,8,5,1,0
383,2026-02-08,15,134,12,3,3,8,3,1,0
383,2026-02-09,14,148,9,5,1,7,3,1,2
383,2026-02-10,6,154,4,2,1,3,2,0,0
384,2026-01-14,0,0,0,0,0,0,0,0,0
384,2026-01-15,0,0,0,0,0,0,0,0,0
384,2026-01-16,0,0,0,0,0,0,0,0,0
384,2026-01-17,0,0,0,0,0,0,0,0,0
384,2026-01-18,0,0,0,0,0,0,0,0,0
384,2026-01-19,0,0,0,0,0,0,0,0,0
384,2026-01-20,0,0,0,0,0,0,0,0,0
384,2026-01-21,0,0,0,0,0,0,0,0,0
384,2026-01-22,0,0,0,0,0,0,0,0,0
384,2026-01-23,0,0,0,0,0,0,0,0,0
384,2026-01-24,0,0,0,0,0,0,0,0,0
384,2026-01-25,3,3,3,0,0,1,0,2,0
384,2026-01-26,8,11,8,0,3,4,0,1,0
384,2026-01-27,7,18,6,1,4,2,1,0,0
384,2026-01-28,6,24,6,0,3,2,0,1,0
384,2026-01-29,6,30,6,0,2,4,0,0,0
384,2026-01-30,7,37,6,1,1,5,0,0,1
384,2026-01-31,8,45,6,2,0,6,2,0,0
384,2026-02-01,11,56,10,1,2,6,1,2,0
384,2026-02-02,7,63,7,0,5,2,0,0,0
384,2026-02-03,8,71,7,1,0,5,0,2,1
384,2026-02-04,4,75,3,1,0,3,1,0,0
384,2026-02-05,9,84,8,1,2,5,0,1,1
384,2026-02-06,10,94,8,2,2,6,1,0,1
384,2026-02-07,5,99,5,0,1,4,0,0,0
384,2026-02-08,10,109,9,1,2,5,1,2,0
384,2026-02-09,4,113,4,0,1,2,0,1,0
384,2026-02-10,2,115,2,0,0,1,0,1,0
385,2026-01-14,0,0,0,0,0,0,0,0,0
385,2026-01-15,0,0,0,0,0,0,0,0,0
385,2026-01-16,0,0,0,0,0,0,0,0,0
385,2026-01-17,0,0,0,0,0,0,0,0,0
385,2026-01-18,0,0,0,0,0,0,0,0,0
385,2026-01-19,0,0,0,0,0,0,0,0,0
385,2026-01-20,0,0,0,0,0,0,0,0,0
385,2026-01-21,0,0,0,0,0,0,0,0,0
385,2026-01-22,0,0,0,0,0,0,0,0,0
385,2026-01-23,0,0,0,0,0,0,0,0,0
385,2026-01-24,0,0,0,0,0,0,0,0,0
385,2026-01-25,3,3,2,1,0,2,1,0,0
385,2026-01-26,3,6,2,1,0,2,0,0,1
385,2026-01-27,5,11,3,2,0,3,0,0,2
385,2026-01-28,2,13,2,0,1,1,0,0,0
385,2026-01-29,2,15,2,0,1,1,0,0,0
385,2026-01-30,3,18,3,0,0,3,0,0,0
385,2026-01-31,3,21,3,0,1,2,0,0,0
385,2026-02-01,0,21,0,0,0,0,0,0,0
385,2026-02-02,2,23,2,0,1,1,0,0,0
385,2026-02-03,3,26,2,1,1,1,1,0,0
385,2026-02-04,1,27,0,1,0,0,0,0,1
385,2026-02-05,6,33,6,0,2,3,0,1,0
385,2026-02-06,2,35,2,0,0,2,0,0,0
385,2026-02-07,4,39,3,1,1,1,1,1,0
385,2026-02-08,5,44,5,0,1,3,0,1,0
385,2026-02-09,5,49,4,1,1,2,0,1,1
385,2026-02-10,3,52,3,0,1,1,0,1,0
386,2026-01-14,0,0,0,0,0,0,0,0,0
386,2026-01-15,0,0,0,0,0,0,0,0,0
386,2026-01-16,0,0,0,0,0,0,0,0,0
386,2026-01-17,0,0,0,0,0,0,0,0,0
386,2026-01-18,0,0,0,0,0,0,0,0,0
386,2026-01-19,0,0,0,0,0,0,0,0,0
386,2026-01-20,0,0,0,0,0,0,0,0,0
386,2026-01-21,0,0,0,0,0,0,0,0,0
386,2026-01-22,0,0,0,0,0,0,0,0,0
386,2026-01-23,0,0,0,0,0,0,0,0,0
386,2026-01-24,0,0,0,0,0,0,0,0,0
386,2026-01-25,10,10,8,2,2,5,1,1,1
386,2026-01-26,5,15,4,1,1,3,1,0,0
386,2026-01-27,3,18,1,2,0,0,0,1,2
386,2026-01-28,2,20,1,1,1,0,1,0,0
386,2026-01-29,2,22,1,1,0,1,0,0,1
386,2026-01-30,2,24,1,1,0,1,0,0,1
386,2026-01-31,5,29,2,3,0,1,1,1,2
386,2026-02-01,12,41,9,3,2,7,2,0,1
386,2026-02-02,4,45,3,1,1,2,0,0,1
386,2026-02-03,4,49,4,0,0,4,0,0,0
386,2026-02-04,3,52,3,0,1,1,0,1,0
386,2026-02-05,8,60,8,0,3,4,0,1,0
386,2026-02-06,5,65,5,0,1,4,0,0,0
386,2026-02-07,4,69,3,1,0,1,0,2,1
386,2026-02-08,5,74,3,2,0,3,1,0,1
386,2026-02-09,4,78,4,0,1,3,0,0,0
386,2026-02-10,7,85,7,0,2,5,0,0,0
387,2026-01-14,0,0,0,0,0,0,0,0,0
387,2026-01-15,0,0,0,0,0,0,0,0,0
387,2026-01-16,0,0,0,0,0,0,0,0,0
387,2026-01-17,0,0,0,0,0,0,0,0,0
387,2026-01-18,0,0,0,0,0,0,0,0,0
387,2026-01-19,0,0,0,0,0,0,0,0,0
387,2026-01-20,0,0,0,0,0,0,0,0,0
387,2026-01-21,0,0,0,0,0,0,0,0,0
387,2026-01-22,0,0,0,0,0,0,0,0,0
387,2026-01-23,0,0,0,0,0,0,0,0,0
387,2026-01-24,0,0,0,0,0,0,0,0,0
387,2026-01-25,3,3,3,0,2,1,0,0,0
387,2026-01-26,6,9,6,0,4,2,0,0,0
387,2026-01-27,2,11,2,0,1,1,0,0,0
387,2026-01-28,5,16,3,2,0,3,2,0,0
387,2026-01-29,0,16,0,0,0,0,0,0,0
387,2026-01-30,3,19,3,0,2,1,0,0,0
387,2026-01-31,6,25,4,2,1,2,2,1,0
387,2026-02-01,5,30,5,0,2,3,0,0,0
387,2026-02-02,6,36,4,2,1,2,1,1,1
387,2026-02-03,3,39,2,1,1,1,1,0,0
387,2026-02-04,2,41,2,0,0,1,0,1,0
387,2026-02-05,3,44,3,0,1,2,0,0,0
387,2026-02-06,8,52,8,0,1,5,0,2,0
387,2026-02-07,4,56,4,0,2,2,0,0,0
387,2026-02-08,7,63,5,2,1,4,2,0,0
387,2026-02-09,10,73,9,1,2,6,1,1,0
387,2026-02-10,3,76,3,0,0,3,0,0,0
388,2026-01-14,0,0,0,0,0,0,0,0,0
388,2026-01-15,0,0,0,0,0,0,0,0,0
388,2026-01-16,0,0,0,0,0,0,0,0,0
388,2026-01-17,0,0,0,0,0,0,0,0,0
388,2026-01-18,0,0,0,0,0,0,0,0,0
388,2026-01-19,0,0,0,0,0,0,0,0,0
388,2026-01-20,0,0,0,0,0,0,0,0,0
388,2026-01-21,0,0,0,0,0,0,0,0,0
388,2026-01-22,0,0,0,0,0,0,0,0,0
388,2026-01-23,0,0,0,0,0,0,0,0,0
388,2026-01-24,0,0,0,0,0,0,0,0,0
388,2026-01-25,10,10,10,0,2,7,0,1,0
388,2026-01-26,2,12,1,1,1,0,1,0,0
388,2026-01-27,4,16,3,1,1,2,1,0,0
388,2026-01-28,7,23,7,0,3,3,0,1,0
388,2026-01-29,4,27,2,2,1,1,2,0,0
388,2026-01-30,5,32,4,1,1,2,1,1,0
388,2026-01-31,8,40,7,1,3,4,1,0,0
388,2026-02-01,6,46,4,2,2,2,1,0,1
388,2026-02-02,8,54,5,3,2,2,3,1,0
388,2026-02-03,8,62,7,1,2,5,0,0,1
388,2026-02-04,10,72,9,1,4,4,1,1,0
388,2026-02-05,13,85,10,3,2,8,3,0,0
388,2026-02-06,9,94,5,4,1,4,3,0,1
388,2026-02-07,13,107,8,5,4,3,4,1,1
388,2026-02-08,9,116,5,4,1,4,3,0,1
388,2026-02-09,22,138,16,6,5,11,5,0,1
388,2026-02-10,11,149,7,4,0,6,4,1,0
389,2026-01-14,0,0,0,0,0,0,0,0,0
389,2026-01-15,0,0,0,0,0,0,0,0,0
389,2026-01-16,0,0,0,0,0,0,0,0,0
389,2026-01-17,0,0,0,0,0,0,0,0,0
389,2026-01-18,0,0,0,0,0,0,0,0,0
389,2026-01-19,0,0,0,0,0,0,0,0,0
389,2026-01-20,0,0,0,0,0,0,0,0,0
389,2026-01-21,0,0,0,0,0,0,0,0,0
389,2026-01-22,0,0,0,0,0,0,0,0,0
389,2026-01-23,0,0,0,0,0,0,0,0,0
389,2026-01-24,0,0,0,0,0,0,0,0,0
389,2026-01-25,7,7,4,3,0,4,1,0,2
389,2026-01-26,2,9,1,1,0,1,1,0,0
389,2026-01-27,4,13,4,0,0,4,0,0,0
389,2026-01-28,3,16,2,1,1,1,1,0,0
389,2026-01-29,3,19,3,0,1,1,0,1,0
389,2026-01-30,6,25,6,0,1,4,0,1,0
389,2026-01-31,5,30,3,2,1,1,2,1,0
389,2026-02-01,5,35,4,1,0,4,1,0,0
389,2026-02-02,10,45,7,3,4,2,2,1,1
389,2026-02-03,1,46,1,0,0,1,0,0,0
389,2026-02-04,6,52,4,2,2,0,2,2,0
389,2026-02-05,9,61,7,2,3,4,1,0,1
389,2026-02-06,4,65,1,3,0,1,2,0,1
389,2026-02-07,7,72,5,2,2,2,2,1,0
389,2026-02-08,9,81,8,1,2,6,1,0,0
389,2026-02-09,11,92,9,2,0,8,2,1,0
389,2026-02-10,9,101,7,2,5,2,2,0,0
390,2026-01-14,0,0,0,0,0,0,0,0,0
390,2026-01-15,0,0,0,0,0,0,0,0,0
390,2026-01-16,0,0,0,0,0,0,0,0,0
390,2026-01-17,0,0,0,0,0,0,0,0,0
390,2026-01-18,0,0,0,0,0,0,0,0,0
390,2026-01-19,0,0,0,0,0,0,0,0,0
390,2026-01-20,0,0,0,0,0,0,0,0,0
390,2026-01-21,0,0,0,0,0,0,0,0,0
390,2026-01-22,0,0,0,0,0,0,0,0,0
390,2026-01-23,0,0,0,0,0,0,0,0,0
390,2026-01-24,0,0,0,0,0,0,0,0,0
390,2026-01-25,13,13,10,3,5,5,2,0,1
390,2026-01-26,3,16,1,2,1,0,1,0,1
390,2026-01-27,6,22,4,2,0,2,1,2,1
390,2026-01-28,4,26,3,1,0,2,1,1,0
390,2026-01-29,2,28,2,0,2,0,0,0,0
390,2026-01-30,6,34,5,1,0,4,1,1,0
390,2026-01-31,6,40,4,2,2,2,2,0,0
390,2026-02-01,8,48,8,0,3,5,0,0,0
390,2026-02-02,4,52,4,0,2,2,0,0,0
390,2026-02-03,8,60,6,2,1,4,2,1,0
390,2026-02-04,8,68,6,2,1,4,2,1,0
390,2026-02-05,7,75,6,1,1,4,1,1,0
390,2026-02-06,15,90,13,2,1,12,2,0,0
390,2026-02-07,11,101,10,1,3,5,0,2,1
390,2026-02-08,9,110,9,0,4,4,0,1,0
390,2026-02-09,10,120,10,0,2,8,0,0,0
390,2026-02-10,8,128,5,3,3,2,2,0,1
391,2026-01-14,0,0,0,0,0,0,0,0,0
391,2026-01-15,0,0,0,0,0,0,0,0,0
391,2026-01-16,0,0,0,0,0,0,0,0,0
391,2026-01-17,0,0,0,0,0,0,0,0,0
391,2026-01-18,0,0,0,0,0,0,0,0,0
391,2026-01-19,0,0,0,0,0,0,0,0,0
391,2026-01-20,0,0,0,0,0,0,0,0,0
391,2026-01-21,0,0,0,0,0,0,0,0,0
391,2026-01-22,0,0,0,0,0,0,0,0,0
391,2026-01-23,0,0,0,0,0,0,0,0,0
391,2026-01-24,0,0,0,0,0,0,0,0,0
391,2026-01-25,6,6,5,1,3,2,1,0,0
391,2026-01-26,3,9,2,1,0,2,1,0,0
391,2026-01-27,1,10,1,0,0,1,0,0,0
391,2026-01-28,5,15,3,2,0,2,2,1,0
391,2026-01-29,2,17,2,0,1,1,0,0,0
391,2026-01-30,5,22,5,0,2,3,0,0,0
391,2026-01-31,5,27,5,0,0,5,0,0,0
391,2026-02-01,6,33,6,0,2,2,0,2,0
391,2026-02-02,5,38,4,1,1,3,1,0,0
391,2026-02-03,7,45,3,4,1,2,3,0,1
391,2026-02-04,12,57,9,3,0,8,3,1,0
391,2026-02-05,15,72,12,3,1,9,3,2,0
391,2026-02-06,12,84,9,3,2,7,3,0,0
391,2026-02-07,7,91,3,4,0,2,3,1,1
391,2026-02-08,7,98,6,1,0,3,1,3,0
391,2026-02-09,12,110,8,4,3,5,4,0,0
391,2026-02-10,10,120,6,4,1,5,3,0,1
392,2026-01-14,0,0,0,0,0,0,0,0,0
392,2026-01-15,0,0,0,0,0,0,0,0,0
392,2026-01-16,0,0,0,0,0,0,0,0,0
392,2026-01-17,0,0,0,0,0,0,0,0,0
392,2026-01-18,0,0,0,0,0,0,0,0,0
392,2026-01-19,0,0,0,0,0,0,0,0,0
392,2026-01-20,0,0,0,0,0,0,0,0,0
392,2026-01-21,0,0,0,0,0,0,0,0,0
392,2026-01-22,0,0,0,0,0,0,0,0,0
392,2026-01-23,0,0,0,0,0,0,0,0,0
392,2026-01-24,0,0,0,0,0,0,0,0,0
392,2026-01-25,9,9,5,4,2,2,2,1,2
392,2026-01-26,3,12,3,0,1,1,0,1,0
392,2026-01-27,1,13,0,1,0,0,0,0,1
392,2026-01-28,4,17,4,0,1,3,0,0,0
392,2026-01-29,5,22,2,3,0,2,2,0,1
392,2026-01-30,7,29,4,3,2,2,2,0,1
392,2026-01-31,4,33,3,1,2,1,1,0,0
392,2026-02-01,6,39,5,1,1,3,1,1,0
392,2026-02-02,5,44,4,1,0,2,0,2,1
392,2026-02-03,5,49,5,0,3,2,0,0,0
392,2026-02-04,9,58,8,1,4,4,1,0,0
392,2026-02-05,7,65,5,2,2,3,1,0,1
392,2026-02-06,8,73,6,2,0,4,1,2,1
392,2026-02-07,14,87,11,3,6,3,2,2,1
392,2026-02-08,4,91,3,1,0,3,1,0,0
392,2026-02-09,5,96,5,0,1,3,0,1,0
392,2026-02-10,9,105,6,3,0,6,3,0,0
393,2026-01-14,0,0,0,0,0,0,0,0,0
393,2026-01-15,0,0,0,0,0,0,0,0,0
393,2026-01-16,0,0,0,0,0,0,0,0,0
393,2026-01-17,0,0,0,0,0,0,0,0,0
393,2026-01-18,0,0,0,0,0,0,0,0,0
393,2026-01-19,0,0,0,0,0,0,0,0,0
393,2026-01-20,0,0,0,0,0,0,0,0,0
393,2026-01-21,0,0,0,0,0,0,0,0,0
393,2026-01-22,0,0,0,0,0,0,0,0,0
393,2026-01-23,0,0,0,0,0,0,0,0,0
393,2026-01-24,0,0,0,0,0,0,0,0,0
393,2026-01-25,3,3,3,0,2,1,0,0,0
393,2026-01-26,5,8,5,0,0,4,0,1,0
393,2026-01-27,0,8,0,0,0,0,0,0,0
393,2026-01-28,4,12,4,0,1,3,0,0,0
393,2026-01-29,1,13,0,1,0,0,1,0,0
393,2026-01-30,1,14,0,1,0,0,1,0,0
393,2026-01-31,4,18,4,0,1,2,0,1,0
393,2026-02-01,3,21,2,1,0,2,1,0,0
393,2026-02-02,4,25,4,0,1,3,0,0,0
393,2026-02-03,2,27,2,0,1,1,0,0,0
393,2026-02-04,4,31,4,0,0,4,0,0,0
393,2026-02-05,4,35,4,0,0,3,0,1,0
393,2026-02-06,6,41,5,1,1,4,1,0,0
393,2026-02-07,5,46,4,1,0,4,1,0,0
393,2026-02-08,2,48,2,0,0,2,0,0,0
393,2026-02-09,5,53,5,0,2,2,0,1,0
393,2026-02-10,3,56,1,2,0,1,2,0,0
394,2026-01-14,0,0,0,0,0,0,0,0,0
394,2026-01-15,0,0,0,0,0,0,0,0,0
394,2026-01-16,0,0,0,0,0,0,0,0,0
394,2026-01-17,0,0,0,0,0,0,0,0,0
394,2026-01-18,0,0,0,0,0,0,0,0,0
394,2026-01-19,0,0,0,0,0,0,0,0,0
394,2026-01-20,0,0,0,0,0,0,0,0,0
394,2026-01-21,0,0,0,0,0,0,0,0,0
394,2026-01-22,0,0,0,0,0,0,0,0,0
394,2026-01-23,0,0,0,0,0,0,0,0,0
394,2026-01-24,0,0,0,0,0,0,0,0,0
394,2026-01-25,8,8,4,4,0,4,4,0,0
394,2026-01-26,5,13,3,2,2,0,1,1,1
394,2026-01-27,2,15,2,0,2,0,0,0,0
394,2026-01-28,8,23,8,0,2,6,0,0,0
394,2026-01-29,2,25,1,1,0,1,0,0,1
394,2026-01-30,5,30,4,1,0,4,1,0,0
394,2026-01-31,6,36,6,0,2,4,0,0,0
394,2026-02-01,10,46,7,3,2,4,2,1,1
394,2026-02-02,4,50,3,1,1,1,0,1,1
394,2026-02-03,2,52,1,1,0,1,1,0,0
394,2026-02-04,12,64,11,1,5,5,1,1,0
394,2026-02-05,6,70,5,1,4,1,1,0,0
394,2026-02-06,6,76,4,2,0,4,0,0,2
394,2026-02-07,8,84,5,3,1,4,1,0,2
394,2026-02-08,12,96,11,1,5,6,1,0,0
394,2026-02-09,13,109,9,4,5,3,2,1,2
394,2026-02-10,5,114,4,1,1,3,1,0,0
395,2026-01-14,0,0,0,0,0,0,0,0,0
395,2026-01-15,0,0,0,0,0,0,0,0,0
395,2026-01-16,0,0,0,0,0,0,0,0,0
395,2026-01-17,0,0,0,0,0,0,0,0,0
395,2026-01-18,0,0,0,0,0,0,0,0,0
395,2026-01-19,0,0,0,0,0,0,0,0,0
395,2026-01-20,0,0,0,0,0,0,0,0,0
395,2026-01-21,0,0,0,0,0,0,0,0,0
395,2026-01-22,0,0,0,0,0,0,0,0,0
395,2026-01-23,0,0,0,0,0,0,0,0,0
395,2026-01-24,0,0,0,0,0,0,0,0,0
395,2026-01-25,5,5,5,0,3,1,0,1,0
395,2026-01-26,2,7,2,0,1,1,0,0,0
395,2026-01-27,3,10,3,0,1,1,0,1,0
395,2026-01-28,2,12,2,0,0,2,0,0,0
395,2026-01-29,0,12,0,0,0,0,0,0,0
395,2026-01-30,3,15,2,1,1,1,1,0,0
395,2026-01-31,5,20,5,0,1,3,0,1,0
395,2026-02-01,2,22,2,0,1,1,0,0,0
395,2026-02-02,3,25,3,0,1,2,0,0,0
395,2026-02-03,8,33,5,3,2,3,1,0,2
395,2026-02-04,3,36,3,0,0,3,0,0,0
395,2026-02-05,8,44,6,2,1,5,2,0,0
395,2026-02-06,3,47,2,1,0,1,1,1,0
395,2026-02-07,5,52,3,2,1,2,1,0,1
395,2026-02-08,6,58,5,1,1,2,1,2,0
395,2026-02-09,8,66,8,0,1,5,0,2,0
395,2026-02-10,7,73,6,1,1,3,1,2,0
396,2026-01-14,0,0,0,0,0,0,0,0,0
396,2026-01-15,0,0,0,0,0,0,0,0,0
396,2026-01-16,0,0,0,0,0,0,0,0,0
396,2026-01-17,0,0,0,0,0,0,0,0,0
396,2026-01-18,0,0,0,0,0,0,0,0,0
396,2026-01-19,0,0,0,0,0,0,0,0,0
396,2026-01-20,0,0,0,0,0,0,0,0,0
396,2026-01-21,0,0,0,0,0,0,0,0,0
396,2026-01-22,0,0,0,0,0,0,0,0,0
396,2026-01-23,0,0,0,0,0,0,0,0,0
396,2026-01-24,0,0,0,0,0,0,0,0,0
396,2026-01-25,9,9,8,1,0,6,1,2,0
396,2026-01-26,2,11,2,0,0,2,0,0,0
396,2026-01-27,11,22,6,5,0,5,5,1,0
396,2026-01-28,7,29,4,3,2,2,3,0,0
396,2026-01-29,5,34,3,2,0,2,2,1,0
396,2026-01-30,7,41,5,2,0,5,2,0,0
396,2026-01-31,7,48,5,2,3,2,1,0,1
396,2026-02-01,7,55,3,4,1,2,4,0,0
396,2026-02-02,8,63,6,2,3,3,2,0,0
396,2026-02-03,9,72,8,1,1,7,1,0,0
396,2026-02-04,10,82,7,3,3,3,2,1,1
396,2026-02-05,12,94,8,4,1,5,2,2,2
396,2026-02-06,17,111,12,5,5,4,3,3,2
396,2026-02-07,5,116,4,1,0,4,1,0,0
396,2026-02-08,14,130,7,7,2,5,3,0,4
396,2026-02-09,16,146,9,7,3,5,4,1,3
396,2026-02-10,12,158,9,3,2,5,2,2,1
397,2026-01-14,0,0,0,0,0,0,0,0,0
397,2026-01-15,0,0,0,0,0,0,0,0,0
397,2026-01-16,0,0,0,0,0,0,0,0,0
397,2026-01-17,0,0,0,0,0,0,0,0,0
397,2026-01-18,0,0,0,0,0,0,0,0,0
397,2026-01-19,0,0,0,0,0,0,0,0,0
397,2026-01-20,0,0,0,0,0,0,0,0,0
397,2026-01-21,0,0,0,0,0,0,0,0,0
397,2026-01-22,0,0,0,0,0,0,0,0,0
397,2026-01-23,0,0,0,0,0,0,0,0,0
397,2026-01-24,0,0,0,0,0,0,0,0,0
397,2026-01-25,7,7,7,0,1,5,0,1,0
397,2026-01-26,3,10,3,0,1,2,0,0,0
397,2026-01-27,6,16,5,1,1,4,0,0,1
397,2026-01-28,2,18,2,0,0,1,0,1,0
397,2026-01-29,4,22,4,0,1,3,0,0,0
397,2026-01-30,4,26,2,2,2,0,1,0,1
397,2026-01-31,7,33,6,1,2,3,1,1,0
397,2026-02-01,4,37,4,0,0,3,0,1,0
397,2026-02-02,4,41,3,1,2,1,1,0,0
397,2026-02-03,11,52,11,0,2,8,0,1,0
397,2026-02-04,9,61,6,3,0,6,3,0,0
397,2026-02-05,10,71,8,2,1,6,1,1,1
397,2026-02-06,16,87,13,3,4,7,3,2,0
397,2026-02-07,9,96,6,3,0,6,2,0,1
397,2026-02-08,8,104,8,0,2,4,0,2,0
397,2026-02-09,15,119,12,3,3,9,3,0,0
397,2026-02-10,9,128,8,1,5,3,1,0,0
398,2026-01-14,0,0,0,0,0,0,0,0,0
398,2026-01-15,0,0,0,0,0,0,0,0,0
398,2026-01-16,0,0,0,0,0,0,0,0,0
398,2026-01-17,0,0,0,0,0,0,0,0,0
398,2026-01-18,0,0,0,0,0,0,0,0,0
398,2026-01-19,0,0,0,0,0,0,0,0,0
398,2026-01-20,0,0,0,0,0,0,0,0,0
398,2026-01-21,0,0,0,0,0,0,0,0,0
398,2026-01-22,0,0,0,0,0,0,0,0,0
398,2026-01-23,0,0,0,0,0,0,0,0,0
398,2026-01-24,0,0,0,0,0,0,0,0,0
398,2026-01-25,5,5,4,1,1,3,1,0,0
398,2026-01-26,7,12,6,1,3,3,1,0,0
398,2026-01-27,4,16,3,1,0,3,1,0,0
398,2026-01-28,6,22,5,1,3,0,1,2,0
398,2026-01-29,3,25,2,1,0,2,0,0,1
398,2026-01-30,6,31,3,3,0,2,3,1,0
398,2026-01-31,6,37,4,2,1,3,1,0,1
398,2026-02-01,8,45,8,0,0,7,0,1,0
398,2026-02-02,5,50,4,1,1,2,1,1,0
398,2026-02-03,3,53,3,0,0,3,0,0,0
398,2026-02-04,10,63,8,2,2,4,2,2,0
398,2026-02-05,9,72,7,2,3,3,1,1,1
398,2026-02-06,5,77,4,1,0,4,0,0,1
398,2026-02-07,8,85,6,2,4,2,1,0,1
398,2026-02-08,4,89,3,1,2,1,1,0,0
398,2026-02-09,9,98,8,1,0,7,1,1,0
398,2026-02-10,10,108,9,1,2,5,1,2,0
399,2026-01-14,0,0,0,0,0,0,0,0,0
399,2026-01-15,0,0,0,0,0,0,0,0,0
399,2026-01-16,0,0,0,0,0,0,0,0,0
399,2026-01-17,0,0,0,0,0,0,0,0,0
399,2026-01-18,0,0,0,0,0,0,0,0,0
399,2026-01-19,0,0,0,0,0,0,0,0,0
399,2026-01-20,0,0,0,0,0,0,0,0,0
399,2026-01-21,0,0,0,0,0,0,0,0,0
399,2026-01-22,0,0,0,0,0,0,0,0,0
399,2026-01-23,0,0,0,0,0,0,0,0,0
399,2026-01-24,0,0,0,0,0,0,0,0,0
399,2026-01-25,6,6,6,0,3,2,0,1,0
399,2026-01-26,6,12,5,1,1,4,1,0,0
399,2026-01-27,2,14,1,1,1,0,1,0,0
399,2026-01-28,4,18,2,2,0,2,0,0,2
399,2026-01-29,7,25,5,2,0,4,2,1,0
399,2026-01-30,3,28,2,1,1,1,1,0,0
399,2026-01-31,1,29,1,0,1,0,0,0,0
399,2026-02-01,4,33,2,2,0,2,2,0,0
399,2026-02-02,3,36,3,0,1,1,0,1,0
399,2026-02-03,4,40,3,1,0,3,1,0,0
399,2026-02-04,2,42,2,0,1,0,0,1,0
399,2026-02-05,6,48,6,0,1,3,0,2,0
399,2026-02-06,9,57,8,1,0,8,0,0,1
399,2026-02-07,7,64,5,2,1,4,1,0,1
399,2026-02-08,7,71,5,2,1,4,2,0,0
399,2026-02-09,6,77,4,2,1,3,2,0,0
399,2026-02-10,8,85,7,1,4,2,1,1,0
400,2026-01-14,0,0,0,0,0,0,0,0,0
400,2026-01-15,0,0,0,0,0,0,0,0,0
400,2026-01-16,0,0,0,0,0,0,0,0,0
400,2026-01-17,0,0,0,0,0,0,0,0,0
400,2026-01-18,0,0,0,0,0,0,0,0,0
400,2026-01-19,0,0,0,0,0,0,0,0,0
400,2026-01-20,0,0,0,0,0,0,0,0,0
400,2026-01-21,0,0,0,0,0,0,0,0,0
400,2026-01-22,0,0,0,0,0,0,0,0,0
400,2026-01-23,0,0,0,0,0,0,0,0,0
400,2026-01-24,0,0,0,0,0,0,0,0,0
400,2026-01-25,9,9,7,2,1,5,2,1,0
400,2026-01-26,5,14,2,3,1,1,2,0,1
400,2026-01-27,6,20,3,3,1,2,2,0,1
400,2026-01-28,2,22,2,0,0,2,0,0,0
400,2026-01-29,5,27,3,2,1,2,2,0,0
400,2026-01-30,8,35,6,2,0,5,2,1,0
400,2026-01-31,5,40,3,2,0,2,1,1,1
400,2026-02-01,5,45,4,1,2,2,0,0,1
400,2026-02-02,8,53,4,4,0,3,3,1,1
400,2026-02-03,5,58,5,0,2,3,0,0,0
400,2026-02-04,6,64,4,2,0,4,2,0,0
400,2026-02-05,15,79,12,3,4,8,2,0,1
400,2026-02-06,6,85,5,1,0,4,1,1,0
400,2026-02-07,7,92,5,2,1,4,1,0,1
400,2026-02-08,18,110,11,7,4,7,6,0,1
400,2026-02-09,10,120,10,0,3,4,0,3,0
400,2026-02-10,7,127,5,2,1,4,2,0,0
401,2026-01-14,0,0,0,0,0,0,0,0,0
401,2026-01-15,0,0,0,0,0,0,0,0,0
401,2026-01-16,0,0,0,0,0,0,0,0,0
401,2026-01-17,0,0,0,0,0,0,0,0,0
401,2026-01-18,0,0,0,0,0,0,0,0,0
401,2026-01-19,0,0,0,0,0,0,0,0,0
401,2026-01-20,0,0,0,0,0,0,0,0,0
401,2026-01-21,0,0,0,0,0,0,0,0,0
401,2026-01-22,0,0,0,0,0,0,0,0,0
401,2026-01-23,0,0,0,0,0,0,0,0,0
401,2026-01-24,0,0,0,0,0,0,0,0,0
401,2026-01-25,9,9,5,4,3,1,3,1,1
401,2026-01-26,2,11,2,0,1,1,0,0,0
401,2026-01-27,2,13,1,1,0,1,0,0,1
401,2026-01-28,7,20,4,3,2,2,1,0,2
401,2026-01-29,3,23,3,0,3,0,0,0,0
401,2026-01-30,5,28,4,1,0,4,1,0,0
401,2026-01-31,1,29,1,0,0,1,0,0,0
401,2026-02-01,7,36,6,1,4,2,1,0,0
401,2026-02-02,4,40,3,1,1,2,1,0,0
401,2026-02-03,6,46,6,0,1,3,0,2,0
401,2026-02-04,6,52,3,3,0,3,3,0,0
401,2026-02-05,8,60,8,0,3,5,0,0,0
401,2026-02-06,6,66,5,1,0,4,0,1,1
401,2026-02-07,7,73,4,3,0,4,3,0,0
401,2026-02-08,9,82,6,3,1,4,3,1,0
401,2026-02-09,14,96,11,3,6,4,1,1,2
401,2026-02-10,6,102,4,2,2,2,0,0,2
402,2026-01-14,0,0,0,0,0,0,0,0,0
402,2026-01-15,0,0,0,0,0,0,0,0,0
402,2026-01-16,0,0,0,0,0,0,0,0,0
402,2026-01-17,0,0,0,0,0,0,0,0,0
402,2026-01-18,0,0,0,0,0,0,0,0,0
402,2026-01-19,0,0,0,0,0,0,0,0,0
402,2026-01-20,0,0,0,0,0,0,0,0,0
402,2026-01-21,0,0,0,0,0,0,0,0,0
402,2026-01-22,0,0,0,0,0,0,0,0,0
402,2026-01-23,0,0,0,0,0,0,0,0,0
402,2026-01-24,0,0,0,0,0,0,0,0,0
402,2026-01-25,8,8,6,2,2,4,1,0,1
402,2026-01-26,4,12,1,3,0,1,2,0,1
402,2026-01-27,4,16,4,0,2,2,0,0,0
402,2026-01-28,3,19,2,1,0,2,1,0,0
402,2026-01-29,1,20,1,0,0,1,0,0,0
402,2026-01-30,5,25,3,2,1,2,2,0,0
402,2026-01-31,5,30,3,2,0,3,0,0,2
402,2026-02-01,5,35,3,2,1,2,2,0,0
402,2026-02-02,4,39,2,2,0,2,2,0,0
402,2026-02-03,7,46,6,1,3,3,1,0,0
402,2026-02-04,6,52,6,0,3,3,0,0,0
402,2026-02-05,4,56,3,1,2,1,1,0,0
402,2026-02-06,8,64,7,1,1,6,1,0,0
402,2026-02-07,4,68,3,1,1,2,1,0,0
402,2026-02-08,6,74,5,1,1,4,0,0,1
402,2026-02-09,9,83,7,2,3,4,2,0,0
402,2026-02-10,8,91,8,0,4,4,0,0,0
403,2026-01-14,0,0,0,0,0,0,0,0,0
403,2026-01-15,0,0,0,0,0,0,0,0,0
403,2026-01-16,0,0,0,0,0,0,0,0,0
403,2026-01-17,0,0,0,0,0,0,0,0,0
403,2026-01-18,0,0,0,0,0,0,0,0,0
403,2026-01-19,0,0,0,0,0,0,0,0,0
403,2026-01-20,0,0,0,0,0,0,0,0,0
403,2026-01-21,0,0,0,0,0,0,0,0,0
403,2026-01-22,0,0,0,0,0,0,0,0,0
403,2026-01-23,0,0,0,0,0,0,0,0,0
403,2026-01-24,0,0,0,0,0,0,0,0,0
403,2026-01-25,7,7,5,2,1,3,2,1,0
403,2026-01-26,6,13,6,0,1,3,0,2,0
403,2026-01-27,6,19,5,1,3,2,1,0,0
403,2026-01-28,2,21,2,0,1,1,0,0,0
403,2026-01-29,3,24,2,1,0,2,1,0,0
403,2026-01-30,5,29,4,1,1,2,0,1,1
403,2026-01-31,4,33,3,1,2,1,1,0,0
403,2026-02-01,5,38,4,1,0,3,1,1,0
403,2026-02-02,9,47,8,1,0,5,1,3,0
403,2026-02-03,7,54,6,1,2,4,1,0,0
403,2026-02-04,7,61,5,2,0,5,2,0,0
403,2026-02-05,8,69,6,2,1,4,2,1,0
403,2026-02-06,12,81,10,2,2,6,1,2,1
403,2026-02-07,7,88,7,0,0,7,0,0,0
403,2026-02-08,4,92,2,2,0,2,1,0,1
403,2026-02-09,7,99,3,4,0,3,4,0,0
403,2026-02-10,8,107,7,1,2,4,1,1,0
404,2026-01-14,0,0,0,0,0,0,0,0,0
404,2026-01-15,0,0,0,0,0,0,0,0,0
404,2026-01-16,0,0,0,0,0,0,0,0,0
404,2026-01-17,0,0,0,0,0,0,0,0,0
404,2026-01-18,0,0,0,0,0,0,0,0,0
404,2026-01-19,0,0,0,0,0,0,0,0,0
404,2026-01-20,0,0,0,0,0,0,0,0,0
404,2026-01-21,0,0,0,0,0,0,0,0,0
404,2026-01-22,0,0,0,0,0,0,0,0,0
404,2026-01-23,0,0,0,0,0,0,0,0,0
404,2026-01-24,0,0,0,0,0,0,0,0,0
404,2026-01-25,7,7,7,0,5,1,0,1,0
404,2026-01-26,5,12,3,2,1,2,2,0,0
404,2026-01-27,7,19,7,0,2,4,0,1,0
404,2026-01-28,2,21,2,0,0,2,0,0,0
404,2026-01-29,4,25,3,1,2,1,1,0,0
404,2026-01-30,5,30,5,0,2,2,0,1,0
404,2026-01-31,8,38,8,0,3,4,0,1,0
404,2026-02-01,3,41,3,0,1,2,0,0,0
404,2026-02-02,5,46,4,1,0,4,1,0,0
404,2026-02-03,9,55,7,2,3,4,2,0,0
404,2026-02-04,10,65,9,1,1,6,1,2,0
404,2026-02-05,7,72,5,2,1,4,2,0,0
404,2026-02-06,4,76,4,0,1,3,0,0,0
404,2026-02-07,8,84,7,1,0,5,1,2,0
404,2026-02-08,12,96,9,3,2,6,2,1,1
404,2026-02-09,13,109,12,1,5,6,1,1,0
404,2026-02-10,4,113,3,1,0,2,1,1,0
405,2026-01-14,0,0,0,0,0,0,0,0,0
405,2026-01-15,0,0,0,0,0,0,0,0,0
405,2026-01-16,0,0,0,0,0,0,0,0,0
405,2026-01-17,0,0,0,0,0,0,0,0,0
405,2026-01-18,0,0,0,0,0,0,0,0,0
405,2026-01-19,0,0,0,0,0,0,0,0,0
405,2026-01-20,0,0,0,0,0,0,0,0,0
405,2026-01-21,0,0,0,0,0,0,0,0,0
405,2026-01-22,0,0,0,0,0,0,0,0,0
405,2026-01-23,0,0,0,0,0,0,0,0,0
405,2026-01-24,0,0,0,0,0,0,0,0,0
405,2026-01-25,4,4,4,0,3,1,0,0,0
405,2026-01-26,2,6,2,0,0,2,0,0,0
405,2026-01-27,3,9,2,1,0,2,1,0,0
405,2026-01-28,9,18,8,1,3,5,0,0,1
405,2026-01-29,4,22,4,0,2,1,0,1,0
405,2026-01-30,6,28,6,0,1,5,0,0,0
405,2026-01-31,7,35,7,0,2,4,0,1,0
405,2026-02-01,6,41,4,2,2,2,1,0,1
405,2026-02-02,7,48,6,1,0,4,1,2,0
405,2026-02-03,7,55,6,1,0,5,1,1,0
405,2026-02-04,11,66,9,2,2,5,2,2,0
405,2026-02-05,8,74,7,1,3,3,1,1,0
405,2026-02-06,7,81,6,1,1,4,0,1,1
405,2026-02-07,9,90,8,1,4,4,1,0,0
405,2026-02-08,14,104,12,2,2,8,2,2,0
405,2026-02-09,14,118,11,3,2,6,2,3,1
405,2026-02-10,4,122,3,1,1,2,1,0,0
406,2026-01-14,0,0,0,0,0,0,0,0,0
406,2026-01-15,0,0,0,0,0,0,0,0,0
406,2026-01-16,0,0,0,0,0,0,0,0,0
406,2026-01-17,0,0,0,0,0,0,0,0,0
406,2026-01-18,0,0,0,0,0,0,0,0,0
406,2026-01-19,0,0,0,0,0,0,0,0,0
406,2026-01-20,0,0,0,0,0,0,0,0,0
406,2026-01-21,0,0,0,0,0,0,0,0,0
406,2026-01-22,0,0,0,0,0,0,0,0,0
406,2026-01-23,0,0,0,0,0,0,0,0,0
406,2026-01-24,0,0,0,0,0,0,0,0,0
406,2026-01-25,5,5,4,1,3,1,1,0,0
406,2026-01-26,8,13,8,0,2,5,0,1,0
406,2026-01-27,5,18,4,1,2,2,1,0,0
406,2026-01-28,2,20,1,1,1,0,0,0,1
406,2026-01-29,4,24,4,0,1,2,0,1,0
406,2026-01-30,2,26,2,0,0,1,0,1,0
406,2026-01-31,7,33,7,0,2,4,0,1,0
406,2026-02-01,10,43,9,1,2,7,0,0,1
406,2026-02-02,6,49,3,3,1,1,3,1,0
406,2026-02-03,4,53,4,0,2,2,0,0,0
406,2026-02-04,9,62,5,4,3,2,3,0,1
406,2026-02-05,6,68,6,0,1,3,0,2,0
406,2026-02-06,8,76,7,1,1,5,1,1,0
406,2026-02-07,10,86,8,2,2,5,2,1,0
406,2026-02-08,7,93,6,1,1,3,1,2,0
406,2026-02-09,5,98,5,0,0,3,0,2,0
406,2026-02-10,11,109,8,3,1,7,3,0,0
407,2026-01-14,0,0,0,0,0,0,0,0,0
407,2026-01-15,0,0,0,0,0,0,0,0,0
407,2026-01-16,0,0,0,0,0,0,0,0,0
407,2026-01-17,0,0,0,0,0,0,0,0,0
407,2026-01-18,0,0,0,0,0,0,0,0,0
407,2026-01-19,0,0,0,0,0,0,0,0,0
407,2026-01-20,0,0,0,0,0,0,0,0,0
407,2026-01-21,0,0,0,0,0,0,0,0,0
407,2026-01-22,0,0,0,0,0,0,0,0,0
407,2026-01-23,0,0,0,0,0,0,0,0,0
407,2026-01-24,0,0,0,0,0,0,0,0,0
407,2026-01-25,7,7,7,0,1,5,0,1,0
407,2026-01-26,2,9,1,1,1,0,0,0,1
407,2026-01-27,4,13,2,2,0,2,2,0,0
407,2026-01-28,6,19,6,0,1,5,0,0,0
407,2026-01-29,2,21,2,0,1,1,0,0,0
407,2026-01-30,2,23,2,0,0,2,0,0,0
407,2026-01-31,8,31,7,1,2,5,1,0,0
407,2026-02-01,7,38,5,2,2,3,2,0,0
407,2026-02-02,7,45,6,1,3,3,0,0,1
407,2026-02-03,9,54,6,3,3,3,3,0,0
407,2026-02-04,7,61,4,3,0,4,2,0,1
407,2026-02-05,15,76,13,2,2,8,2,3,0
407,2026-02-06,6,82,4,2,0,3,1,1,1
407,2026-02-07,9,91,6,3,3,3,1,0,2
407,2026-02-08,7,98,6,1,3,2,1,1,0
407,2026-02-09,3,101,3,0,1,2,0,0,0
407,2026-02-10,7,108,6,1,1,5,1,0,0
408,2026-01-14,0,0,0,0,0,0,0,0,0
408,2026-01-15,0,0,0,0,0,0,0,0,0
408,2026-01-16,0,0,0,0,0,0,0,0,0
408,2026-01-17,0,0,0,0,0,0,0,0,0
408,2026-01-18,0,0,0,0,0,0,0,0,0
408,2026-01-19,0,0,0,0,0,0,0,0,0
408,2026-01-20,0,0,0,0,0,0,0,0,0
408,2026-01-21,0,0,0,0,0,0,0,0,0
408,2026-01-22,0,0,0,0,0,0,0,0,0
408,2026-01-23,0,0,0,0,0,0,0,0,0
408,2026-01-24,0,0,0,0,0,0,0,0,0
408,2026-01-25,10,10,9,1,0,9,1,0,0
408,2026-01-26,3,13,3,0,1,2,0,0,0
408,2026-01-27,3,16,3,0,0,2,0,1,0
408,2026-01-28,0,16,0,0,0,0,0,0,0
408,2026-01-29,4,20,3,1,0,2,1,1,0
408,2026-01-30,8,28,5,3,1,3,3,1,0
408,2026-01-31,7,35,6,1,3,3,0,0,1
408,2026-02-01,5,40,5,0,3,2,0,0,0
408,2026-02-02,2,42,2,0,2,0,0,0,0
408,2026-02-03,8,50,8,0,3,5,0,0,0
408,2026-02-04,3,53,2,1,1,1,0,0,1
408,2026-02-05,6,59,5,1,1,3,0,1,1
408,2026-02-06,5,64,4,1,2,2,0,0,1
408,2026-02-07,7,71,5,2,3,2,1,0,1
408,2026-02-08,7,78,5,2,1,4,2,0,0
408,2026-02-09,4,82,4,0,2,2,0,0,0
408,2026-02-10,7,89,6,1,3,3,1,0,0
409,2026-01-14,0,0,0,0,0,0,0,0,0
409,2026-01-15,0,0,0,0,0,0,0,0,0
409,2026-01-16,0,0,0,0,0,0,0,0,0
409,2026-01-17,0,0,0,0,0,0,0,0,0
409,2026-01-18,0,0,0,0,0,0,0,0,0
409,2026-01-19,0,0,0,0,0,0,0,0,0
409,2026-01-20,0,0,0,0,0,0,0,0,0
409,2026-01-21,0,0,0,0,0,0,0,0,0
409,2026-01-22,0,0,0,0,0,0,0,0,0
409,2026-01-23,0,0,0,0,0,0,0,0,0
409,2026-01-24,0,0,0,0,0,0,0,0,0
409,2026-01-25,6,6,5,1,1,3,1,1,0
409,2026-01-26,2,8,2,0,1,1,0,0,0
409,2026-01-27,0,8,0,0,0,0,0,0,0
409,2026-01-28,3,11,3,0,0,2,0,1,0
409,2026-01-29,1,12,1,0,1,0,0,0,0
409,2026-01-30,5,17,4,1,2,2,1,0,0
409,2026-01-31,4,21,3,1,2,1,0,0,1
409,2026-02-01,5,26,5,0,0,4,0,1,0
409,2026-02-02,3,29,2,1,1,1,1,0,0
409,2026-02-03,5,34,2,3,1,1,3,0,0
409,2026-02-04,4,38,3,1,1,1,1,1,0
409,2026-02-05,8,46,4,4,3,1,3,0,1
409,2026-02-06,7,53,4,3,0,3,3,1,0
409,2026-02-07,8,61,7,1,2,3,1,2,0
409,2026-02-08,8,69,5,3,3,2,3,0,0
409,2026-02-09,4,73,3,1,0,2,1,1,0
409,2026-02-10,7,80,6,1,2,3,1,1,0
410,2026-01-14,0,0,0,0,0,0,0,0,0
410,2026-01-15,0,0,0,0,0,0,0,0,0
410,2026-01-16,0,0,0,0,0,0,0,0,0
410,2026-01-17,0,0,0,0,0,0,0,0,0
410,2026-01-18,0,0,0,0,0,0,0,0,0
410,2026-01-19,0,0,0,0,0,0,0,0,0
410,2026-01-20,0,0,0,0,0,0,0,0,0
410,2026-01-21,0,0,0,0,0,0,0,0,0
410,2026-01-22,0,0,0,0,0,0,0,0,0
410,2026-01-23,0,0,0,0,0,0,0,0,0
410,2026-01-24,0,0,0,0,0,0,0,0,0
410,2026-01-25,6,6,5,1,1,4,1,0,0
410,2026-01-26,2,8,2,0,0,2,0,0,0
410,2026-01-27,5,13,5,0,2,3,0,0,0
410,2026-01-28,0,13,0,0,0,0,0,0,0
410,2026-01-29,9,22,6,3,1,4,1,1,2
410,2026-01-30,3,25,3,0,0,2,0,1,0
410,2026-01-31,8,33,8,0,3,4,0,1,0
410,2026-02-01,4,37,3,1,1,1,1,1,0
410,2026-02-02,7,44,6,1,1,5,1,0,0
410,2026-02-03,12,56,8,4,2,6,4,0,0
410,2026-02-04,11,67,10,1,5,5,0,0,1
410,2026-02-05,4,71,2,2,0,1,2,1,0
410,2026-02-06,5,76,4,1,2,2,0,0,1
410,2026-02-07,10,86,8,2,2,6,2,0,0
410,2026-02-08,11,97,10,1,2,6,1,2,0
410,2026-02-09,8,105,5,3,0,5,2,0,1
410,2026-02-10,12,117,10,2,3,7,2,0,0
411,2026-01-14,0,0,0,0,0,0,0,0,0
411,2026-01-15,0,0,0,0,0,0,0,0,0
411,2026-01-16,0,0,0,0,0,0,0,0,0
411,2026-01-17,0,0,0,0,0,0,0,0,0
411,2026-01-18,0,0,0,0,0,0,0,0,0
411,2026-01-19,0,0,0,0,0,0,0,0,0
411,2026-01-20,0,0,0,0,0,0,0,0,0
411,2026-01-21,0,0,0,0,0,0,0,0,0
411,2026-01-22,0,0,0,0,0,0,0,0,0
411,2026-01-23,0,0,0,0,0,0,0,0,0
411,2026-01-24,0,0,0,0,0,0,0,0,0
411,2026-01-25,8,8,6,2,0,4,2,2,0
411,2026-01-26,5,13,5,0,1,4,0,0,0
411,2026-01-27,4,17,4,0,0,4,0,0,0
411,2026-01-28,3,20,3,0,1,2,0,0,0
411,2026-01-29,5,25,3,2,0,2,1,1,1
411,2026-01-30,7,32,5,2,1,4,2,0,0
411,2026-01-31,10,42,7,3,4,2,3,1,0
411,2026-02-01,3,45,3,0,0,3,0,0,0
411,2026-02-02,8,53,7,1,5,1,1,1,0
411,2026-02-03,6,59,5,1,1,4,1,0,0
411,2026-02-04,7,66,7,0,1,5,0,1,0
411,2026-02-05,5,71,5,0,1,4,0,0,0
411,2026-02-06,6,77,6,0,2,4,0,0,0
411,2026-02-07,10,87,10,0,4,5,0,1,0
411,2026-02-08,2,89,2,0,1,1,0,0,0
411,2026-02-09,4,93,3,1,0,3,1,0,0
411,2026-02-10,7,100,7,0,1,5,0,1,0
412,2026-01-14,0,0,0,0,0,0,0,0,0
412,2026-01-15,0,0,0,0,0,0,0,0,0
412,2026-01-16,0,0,0,0,0,0,0,0,0
412,2026-01-17,0,0,0,0,0,0,0,0,0
412,2026-01-18,0,0,0,0,0,0,0,0,0
412,2026-01-19,0,0,0,0,0,0,0,0,0
412,2026-01-20,0,0,0,0,0,0,0,0,0
412,2026-01-21,0,0,0,0,0,0,0,0,0
412,2026-01-22,0,0,0,0,0,0,0,0,0
412,2026-01-23,0,0,0,0,0,0,0,0,0
412,2026-01-24,0,0,0,0,0,0,0,0,0
412,2026-01-25,10,10,9,1,2,6,1,1,0
412,2026-01-26,2,12,2,0,0,1,0,1,0
412,2026-01-27,3,15,2,1,0,2,1,0,0
412,2026-01-28,5,20,3,2,2,1,1,0,1
412,2026-01-29,3,23,2,1,0,2,1,0,0
412,2026-01-30,7,30,6,1,0,5,1,1,0
412,2026-01-31,7,37,6,1,3,3,1,0,0
412,2026-02-01,5,42,5,0,0,3,0,2,0
412,2026-02-02,8,50,5,3,3,2,1,0,2
412,2026-02-03,6,56,5,1,2,3,1,0,0
412,2026-02-04,7,63,5,2,2,3,2,0,0
412,2026-02-05,6,69,4,2,4,0,1,0,1
412,2026-02-06,7,76,7,0,1,4,0,2,0
412,2026-02-07,4,80,3,1,2,1,0,0,1
412,2026-02-08,7,87,3,4,2,1,3,0,1
412,2026-02-09,16,103,15,1,3,10,1,2,0
412,2026-02-10,12,115,9,3,2,7,2,0,1
413,2026-01-14,0,0,0,0,0,0,0,0,0
413,2026-01-15,0,0,0,0,0,0,0,0,0
413,2026-01-16,0,0,0,0,0,0,0,0,0
413,2026-01-17,0,0,0,0,0,0,0,0,0
413,2026-01-18,0,0,0,0,0,0,0,0,0
413,2026-01-19,0,0,0,0,0,0,0,0,0
413,2026-01-20,0,0,0,0,0,0,0,0,0
413,2026-01-21,0,0,0,0,0,0,0,0,0
413,2026-01-22,0,0,0,0,0,0,0,0,0
413,2026-01-23,0,0,0,0,0,0,0,0,0
413,2026-01-24,0,0,0,0,0,0,0,0,0
413,2026-01-25,5,5,4,1,1,3,1,0,0
413,2026-01-26,4,9,3,1,0,3,1,0,0
413,2026-01-27,4,13,4,0,1,3,0,0,0
413,2026-01-28,4,17,3,1,0,3,1,0,0
413,2026-01-29,5,22,3,2,1,2,1,0,1
413,2026-01-30,3,25,2,1,2,0,1,0,0
413,2026-01-31,4,29,4,0,2,1,0,1,0
413,2026-02-01,3,32,2,1,1,0,0,1,1
413,2026-02-02,4,36,4,0,1,3,0,0,0
413,2026-02-03,9,45,6,3,0,6,2,0,1
413,2026-02-04,9,54,6,3,1,3,1,2,2
413,2026-02-05,8,62,7,1,5,2,1,0,0
413,2026-02-06,10,72,10,0,4,6,0,0,0
413,2026-02-07,6,78,6,0,1,5,0,0,0
413,2026-02-08,12,90,8,4,1,7,2,0,2
413,2026-02-09,6,96,4,2,1,2,1,1,1
413,2026-02-10,10,106,8,2,3,4,2,1,0
414,2026-01-14,0,0,0,0,0,0,0,0,0
414,2026-01-15,0,0,0,0,0,0,0,0,0
414,2026-01-16,0,0,0,0,0,0,0,0,0
414,2026-01-17,0,0,0,0,0,0,0,0,0
414,2026-01-18,0,0,0,0,0,0,0,0,0
414,2026-01-19,0,0,0,0,0,0,0,0,0
414,2026-01-20,0,0,0,0,0,0,0,0,0
414,2026-01-21,0,0,0,0,0,0,0,0,0
414,2026-01-22,0,0,0,0,0,0,0,0,0
414,2026-01-23,0,0,0,0,0,0,0,0,0
414,2026-01-24,0,0,0,0,0,0,0,0,0
414,2026-01-25,4,4,2,2,1,1,1,0,1
414,2026-01-26,9,13,5,4,2,2,3,1,1
414,2026-01-27,5,18,4,1,1,2,0,1,1
414,2026-01-28,4,22,4,0,3,1,0,0,0
414,2026-01-29,3,25,0,3,0,0,3,0,0
414,2026-01-30,4,29,2,2,1,0,1,1,1
414,2026-01-31,5,34,5,0,1,3,0,1,0
414,2026-02-01,13,47,9,4,3,5,4,1,0
414,2026-02-02,4,51,4,0,1,3,0,0,0
414,2026-02-03,7,58,5,2,2,3,2,0,0
414,2026-02-04,15,73,8,7,2,6,6,0,1
414,2026-02-05,11,84,9,2,6,3,1,0,1
414,2026-02-06,4,88,3,1,0,3,1,0,0
414,2026-02-07,14,102,7,7,3,3,4,1,3
414,2026-02-08,8,110,8,0,3,3,0,2,0
414,2026-02-09,8,118,7,1,2,5,1,0,0
414,2026-02-10,6,124,4,2,0,2,1,2,1
415,2026-01-14,0,0,0,0,0,0,0,0,0
415,2026-01-15,0,0,0,0,0,0,0,0,0
415,2026-01-16,0,0,0,0,0,0,0,0,0
415,2026-01-17,0,0,0,0,0,0,0,0,0
415,2026-01-18,0,0,0,0,0,0,0,0,0
415,2026-01-19,0,0,0,0,0,0,0,0,0
415,2026-01-20,0,0,0,0,0,0,0,0,0
415,2026-01-21,0,0,0,0,0,0,0,0,0
415,2026-01-22,0,0,0,0,0,0,0,0,0
415,2026-01-23,0,0,0,0,0,0,0,0,0
415,2026-01-24,0,0,0,0,0,0,0,0,0
415,2026-01-25,5,5,4,1,0,4,1,0,0
415,2026-01-26,5,10,5,0,1,3,0,1,0
415,2026-01-27,1,11,1,0,0,1,0,0,0
415,2026-01-28,2,13,2,0,0,2,0,0,0
415,2026-01-29,4,17,3,1,0,3,1,0,0
415,2026-01-30,4,21,3,1,1,2,1,0,0
415,2026-01-31,4,25,1,3,0,1,3,0,0
415,2026-02-01,4,29,4,0,0,4,0,0,0
415,2026-02-02,4,33,3,1,0,1,0,2,1
415,2026-02-03,5,38,4,1,2,0,1,2,0
415,2026-02-04,6,44,3,3,1,2,3,0,0
415,2026-02-05,7,51,7,0,3,4,0,0,0
415,2026-02-06,6,57,4,2,2,0,1,2,1
415,2026-02-07,2,59,2,0,0,2,0,0,0
415,2026-02-08,9,68,5,4,0,5,3,0,1
415,2026-02-09,7,75,3,4,2,1,3,0,1
415,2026-02-10,6,81,5,1,1,4,1,0,0
416,2026-01-14,0,0,0,0,0,0,0,0,0
416,2026-01-15,0,0,0,0,0,0,0,0,0
416,2026-01-16,0,0,0,0,0,0,0,0,0
416,2026-01-17,0,0,0,0,0,0,0,0,0
416,2026-01-18,0,0,0,0,0,0,0,0,0
416,2026-01-19,0,0,0,0,0,0,0,0,0
416,2026-01-20,0,0,0,0,0,0,0,0,0
416,2026-01-21,0,0,0,0,0,0,0,0,0
416,2026-01-22,0,0,0,0,0,0,0,0,0
416,2026-01-23,0,0,0,0,0,0,0,0,0
416,2026-01-24,0,0,0,0,0,0,0,0,0
416,2026-01-25,6,6,6,0,1,4,0,1,0
416,2026-01-26,3,9,2,1,0,2,1,0,0
416,2026-01-27,2,11,2,0,0,2,0,0,0
416,2026-01-28,5,16,4,1,0,4,1,0,0
416,2026-01-29,5,21,5,0,3,2,0,0,0
416,2026-01-30,3,24,2,1,0,1,1,1,0
416,2026-01-31,3,27,3,0,1,1,0,1,0
416,2026-02-01,1,28,1,0,1,0,0,0,0
416,2026-02-02,2,30,2,0,2,0,0,0,0
416,2026-02-03,7,37,7,0,3,4,0,0,0
416,2026-02-04,10,47,7,3,1,6,1,0,2
416,2026-02-05,7,54,6,1,3,2,0,1,1
416,2026-02-06,6,60,4,2,2,1,2,1,0
416,2026-02-07,5,65,5,0,2,2,0,1,0
416,2026-02-08,10,75,8,2,4,3,2,1,0
416,2026-02-09,5,80,4,1,3,1,1,0,0
416,2026-02-10,7,87,4,3,0,4,3,0,0
417,2026-01-14,0,0,0,0,0,0,0,0,0
417,2026-01-15,0,0,0,0,0,0,0,0,0
417,2026-01-16,0,0,0,0,0,0,0,0,0
417,2026-01-17,0,0,0,0,0,0,0,0,0
417,2026-01-18,0,0,0,0,0,0,0,0,0
417,2026-01-19,0,0,0,0,0,0,0,0,0
417,2026-01-20,0,0,0,0,0,0,0,0,0
417,2026-01-21,0,0,0,0,0,0,0,0,0
417,2026-01-22,0,0,0,0,0,0,0,0,0
417,2026-01-23,0,0,0,0,0,0,0,0,0
417,2026-01-24,0,0,0,0,0,0,0,0,0
417,2026-01-25,5,5,3,2,1,2,2,0,0
417,2026-01-26,6,11,6,0,3,3,0,0,0
417,2026-01-27,4,15,3,1,2,0,1,1,0
417,2026-01-28,7,22,3,4,1,2,3,0,1
417,2026-01-29,3,25,2,1,0,2,0,0,1
417,2026-01-30,4,29,2,2,0,2,2,0,0
417,2026-01-31,9,38,5,4,1,3,3,1,1
417,2026-02-01,6,44,5,1,1,4,0,0,1
417,2026-02-02,7,51,5,2,2,3,2,0,0
417,2026-02-03,6,57,6,0,2,4,0,0,0
417,2026-02-04,5,62,4,1,1,2,1,1,0
417,2026-02-05,4,66,2,2,1,1,2,0,0
417,2026-02-06,4,70,3,1,0,2,1,1,0
417,2026-02-07,11,81,8,3,2,5,3,1,0
417,2026-02-08,6,87,4,2,1,3,1,0,1
417,2026-02-09,8,95,6,2,2,2,2,2,0
417,2026-02-10,6,101,5,1,1,4,1,0,0
418,2026-01-14,0,0,0,0,0,0,0,0,0
418,2026-01-15,0,0,0,0,0,0,0,0,0
418,2026-01-16,0,0,0,0,0,0,0,0,0
418,2026-01-17,0,0,0,0,0,0,0,0,0
418,2026-01-18,0,0,0,0,0,0,0,0,0
418,2026-01-19,0,0,0,0,0,0,0,0,0
418,2026-01-20,0,0,0,0,0,0,0,0,0
418,2026-01-21,0,0,0,0,0,0,0,0,0
418,2026-01-22,0,0,0,0,0,0,0,0,0
418,2026-01-23,0,0,0,0,0,0,0,0,0
418,2026-01-24,0,0,0,0,0,0,0,0,0
418,2026-01-25,3,3,3,0,1,2,0,0,0
418,2026-01-26,3,6,2,1,0,2,1,0,0
418,2026-01-27,4,10,1,3,0,0,3,1,0
418,2026-01-28,2,12,2,0,2,0,0,0,0
418,2026-01-29,4,16,2,2,1,1,1,0,1
418,2026-01-30,4,20,3,1,1,2,1,0,0
418,2026-01-31,2,22,2,0,0,2,0,0,0
418,2026-02-01,5,27,4,1,3,1,0,0,1
418,2026-02-02,1,28,0,1,0,0,1,0,0
418,2026-02-03,3,31,2,1,1,1,0,0,1
418,2026-02-04,5,36,3,2,0,3,1,0,1
418,2026-02-05,7,43,5,2,3,2,2,0,0
418,2026-02-06,9,52,8,1,2,6,1,0,0
418,2026-02-07,4,56,2,2,1,1,1,0,1
418,2026-02-08,5,61,4,1,1,3,1,0,0
418,2026-02-09,14,75,10,4,3,7,4,0,0
418,2026-02-10,9,84,8,1,3,5,1,0,0
419,2026-01-14,0,0,0,0,0,0,0,0,0
419,2026-01-15,0,0,0,0,0,0,0,0,0
419,2026-01-16,0,0,0,0,0,0,0,0,0
419,2026-01-17,0,0,0,0,0,0,0,0,0
419,2026-01-18,0,0,0,0,0,0,0,0,0
419,2026-01-19,0,0,0,0,0,0,0,0,0
419,2026-01-20,0,0,0,0,0,0,0,0,0
419,2026-01-21,0,0,0,0,0,0,0,0,0
419,2026-01-22,0,0,0,0,0,0,0,0,0
419,2026-01-23,0,0,0,0,0,0,0,0,0
419,2026-01-24,0,0,0,0,0,0,0,0,0
419,2026-01-25,4,4,4,0,0,4,0,0,0
419,2026-01-26,1,5,1,0,0,1,0,0,0
419,2026-01-27,2,7,1,1,1,0,1,0,0
419,2026-01-28,2,9,1,1,0,1,1,0,0
419,2026-01-29,5,14,5,0,2,3,0,0,0
419,2026-01-30,5,19,3,2,1,1,1,1,1
419,2026-01-31,4,23,4,0,0,2,0,2,0
419,2026-02-01,9,32,8,1,1,6,1,1,0
419,2026-02-02,7,39,6,1,4,1,1,1,0
419,2026-02-03,12,51,8,4,1,7,4,0,0
419,2026-02-04,10,61,5,5,3,2,5,0,0
419,2026-02-05,8,69,7,1,1,5,0,1,1
419,2026-02-06,7,76,5,2,2,2,2,1,0
419,2026-02-07,11,87,6,5,1,3,4,2,1
419,2026-02-08,12,99,9,3,2,6,3,1,0
419,2026-02-09,8,107,7,1,2,5,1,0,0
419,2026-02-10,11,118,11,0,3,8,0,0,0
420,2026-01-14,0,0,0,0,0,0,0,0,0
420,2026-01-15,0,0,0,0,0,0,0,0,0
420,2026-01-16,0,0,0,0,0,0,0,0,0
420,2026-01-17,0,0,0,0,0,0,0,0,0
420,2026-01-18,0,0,0,0,0,0,0,0,0
420,2026-01-19,0,0,0,0,0,0,0,0,0
420,2026-01-20,0,0,0,0,0,0,0,0,0
420,2026-01-21,0,0,0,0,0,0,0,0,0
420,2026-01-22,0,0,0,0,0,0,0,0,0
420,2026-01-23,0,0,0,0,0,0,0,0,0
420,2026-01-24,0,0,0,0,0,0,0,0,0
420,2026-01-25,4,4,4,0,2,0,0,2,0
420,2026-01-26,5,9,4,1,2,1,1,1,0
420,2026-01-27,4,13,2,2,0,2,2,0,0
420,2026-01-28,2,15,2,0,0,2,0,0,0
420,2026-01-29,1,16,1,0,0,1,0,0,0
420,2026-01-30,3,19,3,0,1,2,0,0,0
420,2026-01-31,2,21,1,1,0,1,1,0,0
420,2026-02-01,0,21,0,0,0,0,0,0,0
420,2026-02-02,3,24,3,0,1,2,0,0,0
420,2026-02-03,7,31,6,1,2,3,1,1,0
420,2026-02-04,5,36,3,2,0,3,1,0,1
420,2026-02-05,2,38,0,2,0,0,1,0,1
420,2026-02-06,6,44,5,1,0,4,1,1,0
420,2026-02-07,5,49,4,1,1,3,0,0,1
420,2026-02-08,7,56,6,1,2,4,0,0,1
420,2026-02-09,4,60,4,0,2,1,0,1,0
420,2026-02-10,5,65,4,1,2,1,1,1,0
421,2026-01-14,0,0,0,0,0,0,0,0,0
421,2026-01-15,0,0,0,0,0,0,0,0,0
421,2026-01-16,0,0,0,0,0,0,0,0,0
421,2026-01-17,0,0,0,0,0,0,0,0,0
421,2026-01-18,0,0,0,0,0,0,0,0,0
421,2026-01-19,0,0,0,0,0,0,0,0,0
421,2026-01-20,0,0,0,0,0,0,0,0,0
421,2026-01-21,0,0,0,0,0,0,0,0,0
421,2026-01-22,0,0,0,0,0,0,0,0,0
421,2026-01-23,0,0,0,0,0,0,0,0,0
421,2026-01-24,0,0,0,0,0,0,0,0,0
421,2026-01-25,7,7,5,2,2,3,2,0,0
421,2026-01-26,1,8,1,0,0,1,0,0,0
421,2026-01-27,5,13,2,3,0,2,3,0,0
421,2026-01-28,1,14,0,1,0,0,1,0,0
421,2026-01-29,7,21,5,2,2,3,2,0,0
421,2026-01-30,4,25,3,1,0,2,1,1,0
421,2026-01-31,5,30,4,1,1,3,1,0,0
421,2026-02-01,4,34,4,0,0,2,0,2,0
421,2026-02-02,8,42,5,3,1,3,1,1,2
421,2026-02-03,12,54,10,2,4,5,2,1,0
421,2026-02-04,11,65,10,1,1,9,1,0,0
421,2026-02-05,7,72,5,2,1,3,2,1,0
421,2026-02-06,7,79,6,1,2,3,1,1,0
421,2026-02-07,11,90,10,1,0,10,1,0,0
421,2026-02-08,7,97,7,0,0,6,0,1,0
421,2026-02-09,7,104,7,0,0,6,0,1,0
421,2026-02-10,8,112,7,1,3,4,1,0,0
422,2026-01-14,0,0,0,0,0,0,0,0,0
422,2026-01-15,0,0,0,0,0,0,0,0,0
422,2026-01-16,0,0,0,0,0,0,0,0,0
422,2026-01-17,0,0,0,0,0,0,0,0,0
422,2026-01-18,0,0,0,0,0,0,0,0,0
422,2026-01-19,0,0,0,0,0,0,0,0,0
422,2026-01-20,0,0,0,0,0,0,0,0,0
422,2026-01-21,0,0,0,0,0,0,0,0,0
422,2026-01-22,0,0,0,0,0,0,0,0,0
422,2026-01-23,0,0,0,0,0,0,0,0,0
422,2026-01-24,0,0,0,0,0,0,0,0,0
422,2026-01-25,8,8,6,2,2,4,1,0,1
422,2026-01-26,4,12,4,0,2,2,0,0,0
422,2026-01-27,3,15,2,1,1,1,1,0,0
422,2026-01-28,4,19,2,2,1,1,1,0,1
422,2026-01-29,3,22,2,1,1,0,1,1,0
422,2026-01-30,5,27,1,4,0,1,3,0,1
422,2026-01-31,2,29,1,1,1,0,1,0,0
422,2026-02-01,6,35,6,0,0,3,0,3,0
422,2026-02-02,3,38,2,1,0,2,1,0,0
422,2026-02-03,11,49,3,8,1,2,8,0,0
422,2026-02-04,4,53,3,1,0,3,1,0,0
422,2026-02-05,11,64,8,3,0,7,3,1,0
422,2026-02-06,9,73,5,4,2,3,4,0,0
422,2026-02-07,11,84,9,2,1,8,2,0,0
422,2026-02-08,5,89,4,1,2,2,1,0,0
422,2026-02-09,11,100,7,4,3,4,3,0,1
422,2026-02-10,8,108,5,3,2,2,3,1,0
423,2026-01-14,0,0,0,0,0,0,0,0,0
423,2026-01-15,0,0,0,0,0,0,0,0,0
423,2026-01-16,0,0,0,0,0,0,0,0,0
423,2026-01-17,0,0,0,0,0,0,0,0,0
423,2026-01-18,0,0,0,0,0,0,0,0,0
423,2026-01-19,0,0,0,0,0,0,0,0,0
423,2026-01-20,0,0,0,0,0,0,0,0,0
423,2026-01-21,0,0,0,0,0,0,0,0,0
423,2026-01-22,0,0,0,0,0,0,0,0,0
423,2026-01-23,0,0,0,0,0,0,0,0,0
423,2026-01-24,0,0,0,0,0,0,0,0,0
423,2026-01-25,4,4,4,0,1,2,0,1,0
423,2026-01-26,2,6,2,0,1,1,0,0,0
423,2026-01-27,4,10,4,0,1,2,0,1,0
423,2026-01-28,2,12,2,0,1,1,0,0,0
423,2026-01-29,4,16,1,3,0,1,3,0,0
423,2026-01-30,4,20,4,0,0,3,0,1,0
423,2026-01-31,6,26,6,0,2,4,0,0,0
423,2026-02-01,9,35,6,3,3,3,2,0,1
423,2026-02-02,2,37,0,2,0,0,2,0,0
423,2026-02-03,7,44,7,0,2,4,0,1,0
423,2026-02-04,3,47,3,0,1,2,0,0,0
423,2026-02-05,9,56,4,5,0,2,3,2,2
423,2026-02-06,7,63,7,0,3,3,0,1,0
423,2026-02-07,5,68,5,0,2,1,0,2,0
423,2026-02-08,8,76,6,2,3,3,1,0,1
423,2026-02-09,3,79,3,0,1,2,0,0,0
423,2026-02-10,5,84,3,2,1,2,1,0,1
424,2026-01-14,0,0,0,0,0,0,0,0,0
424,2026-01-15,0,0,0,0,0,0,0,0,0
424,2026-01-16,0,0,0,0,0,0,0,0,0
424,2026-01-17,0,0,0,0,0,0,0,0,0
424,2026-01-18,0,0,0,0,0,0,0,0,0
424,2026-01-19,0,0,0,0,0,0,0,0,0
424,2026-01-20,0,0,0,0,0,0,0,0,0
424,2026-01-21,0,0,0,0,0,0,0,0,0
424,2026-01-22,0,0,0,0,0,0,0,0,0
424,2026-01-23,0,0,0,0,0,0,0,0,0
424,2026-01-24,0,0,0,0,0,0,0,0,0
424,2026-01-25,4,4,4,0,1,3,0,0,0
424,2026-01-26,1,5,1,0,0,0,0,1,0
424,2026-01-27,4,9,4,0,2,1,0,1,0
424,2026-01-28,1,10,1,0,1,0,0,0,0
424,2026-01-29,0,10,0,0,0,0,0,0,0
424,2026-01-30,4,14,3,1,1,1,1,1,0
424,2026-01-31,6,20,5,1,2,2,1,1,0
424,2026-02-01,4,24,1,3,0,1,2,0,1
424,2026-02-02,2,26,2,0,0,2,0,0,0
424,2026-02-03,6,32,6,0,1,5,0,0,0
424,2026-02-04,2,34,2,0,1,1,0,0,0
424,2026-02-05,3,37,2,1,0,2,0,0,1
424,2026-02-06,2,39,1,1,0,1,1,0,0
424,2026-02-07,4,43,2,2,0,2,2,0,0
424,2026-02-08,7,50,7,0,3,3,0,1,0
424,2026-02-09,5,55,3,2,0,3,1,0,1
424,2026-02-10,8,63,8,0,1,6,0,1,0
425,2026-01-14,0,0,0,0,0,0,0,0,0
425,2026-01-15,0,0,0,0,0,0,0,0,0
425,2026-01-16,0,0,0,0,0,0,0,0,0
425,2026-01-17,0,0,0,0,0,0,0,0,0
425,2026-01-18,0,0,0,0,0,0,0,0,0
425,2026-01-19,0,0,0,0,0,0,0,0,0
425,2026-01-20,0,0,0,0,0,0,0,0,0
425,2026-01-21,0,0,0,0,0,0,0,0,0
425,2026-01-22,0,0,0,0,0,0,0,0,0
425,2026-01-23,0,0,0,0,0,0,0,0,0
425,2026-01-24,0,0,0,0,0,0,0,0,0
425,2026-01-25,6,6,5,1,0,5,1,0,0
425,2026-01-26,5,11,5,0,3,2,0,0,0
425,2026-01-27,2,13,2,0,1,0,0,1,0
425,2026-01-28,3,16,3,0,2,1,0,0,0
425,2026-01-29,1,17,1,0,0,1,0,0,0
425,2026-01-30,4,21,3,1,1,2,1,0,0
425,2026-01-31,5,26,5,0,0,5,0,0,0
425,2026-02-01,5,31,3,2,1,2,1,0,1
425,2026-02-02,6,37,4,2,0,3,2,1,0
425,2026-02-03,7,44,5,2,1,4,2,0,0
425,2026-02-04,5,49,3,2,0,2,1,1,1
425,2026-02-05,6,55,6,0,1,4,0,1,0
425,2026-02-06,12,67,12,0,2,8,0,2,0
425,2026-02-07,10,77,8,2,3,4,1,1,1
425,2026-02-08,11,88,8,3,2,3,2,3,1
425,2026-02-09,13,101,9,4,2,5,3,2,1
425,2026-02-10,7,108,6,1,1,3,1,2,0
426,2026-01-14,0,0,0,0,0,0,0,0,0
426,2026-01-15,0,0,0,0,0,0,0,0,0
426,2026-01-16,0,0,0,0,0,0,0,0,0
426,2026-01-17,0,0,0,0,0,0,0,0,0
426,2026-01-18,0,0,0,0,0,0,0,0,0
426,2026-01-19,0,0,0,0,0,0,0,0,0
426,2026-01-20,0,0,0,0,0,0,0,0,0
426,2026-01-21,0,0,0,0,0,0,0,0,0
426,2026-01-22,0,0,0,0,0,0,0,0,0
426,2026-01-23,0,0,0,0,0,0,0,0,0
426,2026-01-24,0,0,0,0,0,0,0,0,0
426,2026-01-25,6,6,4,2,1,3,2,0,0
426,2026-01-26,5,11,5,0,2,3,0,0,0
426,2026-01-27,6,17,5,1,1,2,1,2,0
426,2026-01-28,3,20,2,1,0,2,1,0,0
426,2026-01-29,6,26,2,4,0,2,3,0,1
426,2026-01-30,7,33,6,1,2,4,1,0,0
426,2026-01-31,7,40,6,1,2,4,1,0,0
426,2026-02-01,7,47,5,2,0,4,0,1,2
426,2026-02-02,7,54,6,1,3,1,1,2,0
426,2026-02-03,4,58,3,1,2,0,1,1,0
426,2026-02-04,7,65,5,2,1,3,2,1,0
426,2026-02-05,11,76,10,1,5,5,0,0,1
426,2026-02-06,9,85,6,3,2,4,2,0,1
426,2026-02-07,5,90,5,0,2,3,0,0,0
426,2026-02-08,11,101,9,2,2,4,0,3,2
426,2026-02-09,8,109,6,2,3,3,2,0,0
426,2026-02-10,16,125,13,3,1,11,3,1,0
427,2026-01-14,0,0,0,0,0,0,0,0,0
427,2026-01-15,0,0,0,0,0,0,0,0,0
427,2026-01-16,0,0,0,0,0,0,0,0,0
427,2026-01-17,0,0,0,0,0,0,0,0,0
427,2026-01-18,0,0,0,0,0,0,0,0,0
427,2026-01-19,0,0,0,0,0,0,0,0,0
427,2026-01-20,0,0,0,0,0,0,0,0,0
427,2026-01-21,0,0,0,0,0,0,0,0,0
427,2026-01-22,0,0,0,0,0,0,0,0,0
427,2026-01-23,0,0,0,0,0,0,0,0,0
427,2026-01-24,0,0,0,0,0,0,0,0,0
427,2026-01-25,4,4,4,0,2,2,0,0,0
427,2026-01-26,2,6,2,0,1,1,0,0,0
427,2026-01-27,0,6,0,0,0,0,0,0,0
427,2026-01-28,2,8,2,0,2,0,0,0,0
427,2026-01-29,1,9,1,0,1,0,0,0,0
427,2026-01-30,2,11,2,0,1,1,0,0,0
427,2026-01-31,6,17,6,0,1,4,0,1,0
427,2026-02-01,4,21,3,1,1,1,0,1,1
427,2026-02-02,3,24,2,1,1,1,1,0,0
427,2026-02-03,3,27,3,0,1,2,0,0,0
427,2026-02-04,2,29,2,0,0,2,0,0,0
427,2026-02-05,2,31,1,1,1,0,0,0,1
427,2026-02-06,6,37,6,0,1,4,0,1,0
427,2026-02-07,5,42,4,1,1,3,0,0,1
427,2026-02-08,6,48,5,1,2,2,1,1,0
427,2026-02-09,6,54,6,0,2,2,0,2,0
427,2026-02-10,4,58,4,0,0,4,0,0,0
428,2026-01-14,0,0,0,0,0,0,0,0,0
428,2026-01-15,0,0,0,0,0,0,0,0,0
428,2026-01-16,0,0,0,0,0,0,0,0,0
428,2026-01-17,0,0,0,0,0,0,0,0,0
428,2026-01-18,0,0,0,0,0,0,0,0,0
428,2026-01-19,0,0,0,0,0,0,0,0,0
428,2026-01-20,0,0,0,0,0,0,0,0,0
428,2026-01-21,0,0,0,0,0,0,0,0,0
428,2026-01-22,0,0,0,0,0,0,0,0,0
428,2026-01-23,0,0,0,0,0,0,0,0,0
428,2026-01-24,0,0,0,0,0,0,0,0,0
428,2026-01-25,9,9,7,2,2,4,1,1,1
428,2026-01-26,4,13,4,0,0,4,0,0,0
428,2026-01-27,6,19,5,1,1,3,1,1,0
428,2026-01-28,4,23,2,2,1,1,2,0,0
428,2026-01-29,3,26,3,0,0,3,0,0,0
428,2026-01-30,4,30,3,1,0,3,0,0,1
428,2026-01-31,9,39,7,2,1,5,2,1,0
428,2026-02-01,7,46,4,3,2,0,2,2,1
428,2026-02-02,4,50,4,0,1,2,0,1,0
428,2026-02-03,9,59,8,1,3,5,1,0,0
428,2026-02-04,4,63,4,0,2,2,0,0,0
428,2026-02-05,10,73,9,1,3,6,1,0,0
428,2026-02-06,9,82,8,1,1,7,0,0,1
428,2026-02-07,10,92,9,1,4,4,1,1,0
428,2026-02-08,12,104,11,1,2,8,1,1,0
428,2026-02-09,7,111,6,1,1,4,1,1,0
428,2026-02-10,7,118,2,5,2,0,5,0,0
429,2026-01-14,0,0,0,0,0,0,0,0,0
429,2026-01-15,0,0,0,0,0,0,0,0,0
429,2026-01-16,0,0,0,0,0,0,0,0,0
429,2026-01-17,0,0,0,0,0,0,0,0,0
429,2026-01-18,0,0,0,0,0,0,0,0,0
429,2026-01-19,0,0,0,0,0,0,0,0,0
429,2026-01-20,0,0,0,0,0,0,0,0,0
429,2026-01-21,0,0,0,0,0,0,0,0,0
429,2026-01-22,0,0,0,0,0,0,0,0,0
429,2026-01-23,0,0,0,0,0,0,0,0,0
429,2026-01-24,0,0,0,0,0,0,0,0,0
429,2026-01-25,5,5,4,1,2,2,1,0,0
429,2026-01-26,2,7,2,0,0,2,0,0,0
429,2026-01-27,4,11,4,0,1,3,0,0,0
429,2026-01-28,3,14,3,0,1,1,0,1,0
429,2026-01-29,5,19,4,1,0,4,1,0,0
429,2026-01-30,3,22,2,1,2,0,0,0,1
429,2026-01-31,7,29,6,1,2,3,0,1,1
429,2026-02-01,6,35,4,2,1,3,2,0,0
429,2026-02-02,5,40,4,1,1,3,1,0,0
429,2026-02-03,5,45,5,0,1,4,0,0,0
429,2026-02-04,12,57,9,3,5,3,2,1,1
429,2026-02-05,6,63,5,1,1,4,1,0,0
429,2026-02-06,9,72,9,0,3,6,0,0,0
429,2026-02-07,11,83,10,1,3,4,0,3,1
429,2026-02-08,7,90,5,2,0,5,2,0,0
429,2026-02-09,6,96,6,0,4,2,0,0,0
429,2026-02-10,9,105,7,2,5,2,1,0,1
430,2026-01-14,0,0,0,0,0,0,0,0,0
430,2026-01-15,0,0,0,0,0,0,0,0,0
430,2026-01-16,0,0,0,0,0,0,0,0,0
430,2026-01-17,0,0,0,0,0,0,0,0,0
430,2026-01-18,0,0,0,0,0,0,0,0,0
430,2026-01-19,0,0,0,0,0,0,0,0,0
430,2026-01-20,0,0,0,0,0,0,0,0,0
430,2026-01-21,0,0,0,0,0,0,0,0,0
430,2026-01-22,0,0,0,0,0,0,0,0,0
430,2026-01-23,0,0,0,0,0,0,0,0,0
430,2026-01-24,0,0,0,0,0,0,0,0,0
430,2026-01-25,8,8,7,1,0,7,1,0,0
430,2026-01-26,2,10,1,1,0,1,1,0,0
430,2026-01-27,4,14,3,1,0,2,0,1,1
430,2026-01-28,6,20,4,2,2,1,2,1,0
430,2026-01-29,3,23,3,0,0,3,0,0,0
430,2026-01-30,4,27,2,2,0,2,0,0,2
430,2026-01-31,4,31,3,1,0,2,0,1,1
430,2026-02-01,2,33,2,0,0,2,0,0,0
430,2026-02-02,9,42,8,1,4,4,1,0,0
430,2026-02-03,5,47,4,1,1,3,1,0,0
430,2026-02-04,5,52,5,0,0,4,0,1,0
430,2026-02-05,7,59,5,2,1,4,0,0,2
430,2026-02-06,12,71,8,4,1,4,4,3,0
430,2026-02-07,8,79,5,3,2,3,2,0,1
430,2026-02-08,6,85,4,2,2,2,1,0,1
430,2026-02-09,6,91,5,1,2,3,1,0,0
430,2026-02-10,3,94,3,0,2,1,0,0,0
431,2026-01-14,0,0,0,0,0,0,0,0,0
431,2026-01-15,0,0,0,0,0,0,0,0,0
431,2026-01-16,0,0,0,0,0,0,0,0,0
431,2026-01-17,0,0,0,0,0,0,0,0,0
431,2026-01-18,0,0,0,0,0,0,0,0,0
431,2026-01-19,0,0,0,0,0,0,0,0,0
431,2026-01-20,0,0,0,0,0,0,0,0,0
431,2026-01-21,0,0,0,0,0,0,0,0,0
431,2026-01-22,0,0,0,0,0,0,0,0,0
431,2026-01-23,0,0,0,0,0,0,0,0,0
431,2026-01-24,0,0,0,0,0,0,0,0,0
431,2026-01-25,7,7,7,0,0,5,0,2,0
431,2026-01-26,6,13,5,1,2,3,1,0,0
431,2026-01-27,1,14,1,0,0,1,0,0,0
431,2026-01-28,8,22,6,2,1,4,1,1,1
431,2026-01-29,6,28,5,1,2,3,0,0,1
431,2026-01-30,6,34,6,0,2,3,0,1,0
431,2026-01-31,6,40,4,2,2,2,2,0,0
431,2026-02-01,5,45,5,0,1,4,0,0,0
431,2026-02-02,6,51,6,0,1,5,0,0,0
431,2026-02-03,12,63,7,5,5,1,5,1,0
431,2026-02-04,8,71,7,1,1,5,1,1,0
431,2026-02-05,10,81,7,3,1,5,3,1,0
431,2026-02-06,13,94,11,2,2,9,2,0,0
431,2026-02-07,8,102,7,1,3,3,1,1,0
431,2026-02-08,8,110,6,2,3,3,1,0,1
431,2026-02-09,9,119,8,1,1,6,1,1,0
431,2026-02-10,9,128,4,5,0,4,4,0,1
432,2026-01-14,0,0,0,0,0,0,0,0,0
432,2026-01-15,0,0,0,0,0,0,0,0,0
432,2026-01-16,0,0,0,0,0,0,0,0,0
432,2026-01-17,0,0,0,0,0,0,0,0,0
432,2026-01-18,0,0,0,0,0,0,0,0,0
432,2026-01-19,0,0,0,0,0,0,0,0,0
432,2026-01-20,0,0,0,0,0,0,0,0,0
432,2026-01-21,0,0,0,0,0,0,0,0,0
432,2026-01-22,0,0,0,0,0,0,0,0,0
432,2026-01-23,0,0,0,0,0,0,0,0,0
432,2026-01-24,0,0,0,0,0,0,0,0,0
432,2026-01-25,9,9,8,1,1,5,1,2,0
432,2026-01-26,5,14,5,0,2,2,0,1,0
432,2026-01-27,7,21,6,1,2,3,1,1,0
432,2026-01-28,7,28,7,0,4,2,0,1,0
432,2026-01-29,5,33,5,0,1,4,0,0,0
432,2026-01-30,10,43,6,4,3,3,3,0,1
432,2026-01-31,9,52,9,0,3,5,0,1,0
432,2026-02-01,18,70,16,2,4,10,2,2,0
432,2026-02-02,5,75,4,1,3,1,1,0,0
432,2026-02-03,9,84,9,0,0,9,0,0,0
432,2026-02-04,12,96,9,3,4,4,1,1,2
432,2026-02-05,12,108,11,1,3,7,1,1,0
432,2026-02-06,13,121,12,1,3,8,1,1,0
432,2026-02-07,14,135,9,5,0,8,5,1,0
432,2026-02-08,13,148,12,1,5,6,1,1,0
432,2026-02-09,15,163,14,1,2,10,1,2,0
432,2026-02-10,15,178,12,3,3,8,3,1,0
433,2026-01-14,0,0,0,0,0,0,0,0,0
433,2026-01-15,0,0,0,0,0,0,0,0,0
433,2026-01-16,0,0,0,0,0,0,0,0,0
433,2026-01-17,0,0,0,0,0,0,0,0,0
433,2026-01-18,0,0,0,0,0,0,0,0,0
433,2026-01-19,0,0,0,0,0,0,0,0,0
433,2026-01-20,0,0,0,0,0,0,0,0,0
433,2026-01-21,0,0,0,0,0,0,0,0,0
433,2026-01-22,0,0,0,0,0,0,0,0,0
433,2026-01-23,0,0,0,0,0,0,0,0,0
433,2026-01-24,0,0,0,0,0,0,0,0,0
433,2026-01-25,10,10,8,2,2,6,2,0,0
433,2026-01-26,4,14,3,1,0,3,0,0,1
433,2026-01-27,4,18,3,1,1,1,1,1,0
433,2026-01-28,6,24,5,1,2,3,1,0,0
433,2026-01-29,1,25,1,0,0,1,0,0,0
433,2026-01-30,5,30,5,0,2,3,0,0,0
433,2026-01-31,14,44,12,2,4,8,1,0,1
433,2026-02-01,8,52,6,2,3,3,2,0,0
433,2026-02-02,12,64,10,2,1,8,1,1,1
433,2026-02-03,17,81,10,7,2,8,5,0,2
433,2026-02-04,7,88,6,1,3,3,1,0,0
433,2026-02-05,9,97,7,2,1,4,1,2,1
433,2026-02-06,12,109,6,6,2,4,6,0,0
433,2026-02-07,12,121,9,3,5,4,2,0,1
433,2026-02-08,16,137,11,5,4,7,4,0,1
433,2026-02-09,16,153,13,3,3,9,3,1,0
433,2026-02-10,20,173,16,4,5,10,3,1,1
434,2026-01-14,0,0,0,0,0,0,0,0,0
434,2026-01-15,0,0,0,0,0,0,0,0,0
434,2026-01-16,0,0,0,0,0,0,0,0,0
434,2026-01-17,0,0,0,0,0,0,0,0,0
434,2026-01-18,0,0,0,0,0,0,0,0,0
434,2026-01-19,0,0,0,0,0,0,0,0,0
434,2026-01-20,0,0,0,0,0,0,0,0,0
434,2026-01-21,0,0,0,0,0,0,0,0,0
434,2026-01-22,0,0,0,0,0,0,0,0,0
434,2026-01-23,0,0,0,0,0,0,0,0,0
434,2026-01-24,0,0,0,0,0,0,0,0,0
434,2026-01-25,3,3,3,0,2,1,0,0,0
434,2026-01-26,6,9,5,1,1,4,0,0,1
434,2026-01-27,6,15,4,2,1,3,2,0,0
434,2026-01-28,5,20,4,1,1,3,1,0,0
434,2026-01-29,4,24,3,1,0,3,1,0,0
434,2026-01-30,5,29,5,0,2,3,0,0,0
434,2026-01-31,7,36,6,1,2,3,1,1,0
434,2026-02-01,4,40,4,0,2,1,0,1,0
434,2026-02-02,3,43,2,1,1,1,0,0,1
434,2026-02-03,10,53,6,4,1,3,3,2,1
434,2026-02-04,9,62,8,1,3,4,1,1,0
434,2026-02-05,6,68,4,2,1,3,1,0,1
434,2026-02-06,1,69,0,1,0,0,1,0,0
434,2026-02-07,6,75,5,1,1,4,0,0,1
434,2026-02-08,5,80,4,1,3,0,1,1,0
434,2026-02-09,9,89,8,1,2,4,0,2,1
434,2026-02-10,6,95,4,2,1,2,2,1,0
435,2026-01-14,0,0,0,0,0,0,0,0,0
435,2026-01-15,0,0,0,0,0,0,0,0,0
435,2026-01-16,0,0,0,0,0,0,0,0,0
435,2026-01-17,0,0,0,0,0,0,0,0,0
435,2026-01-18,0,0,0,0,0,0,0,0,0
435,2026-01-19,0,0,0,0,0,0,0,0,0
435,2026-01-20,0,0,0,0,0,0,0,0,0
435,2026-01-21,0,0,0,0,0,0,0,0,0
435,2026-01-22,0,0,0,0,0,0,0,0,0
435,2026-01-23,0,0,0,0,0,0,0,0,0
435,2026-01-24,0,0,0,0,0,0,0,0,0
435,2026-01-25,8,8,7,1,1,5,1,1,0
435,2026-01-26,4,12,4,0,0,3,0,1,0
435,2026-01-27,2,14,1,1,0,1,1,0,0
435,2026-01-28,9,23,5,4,2,2,3,1,1
435,2026-01-29,5,28,4,1,1,3,1,0,0
435,2026-01-30,4,32,3,1,2,1,1,0,0
435,2026-01-31,7,39,7,0,3,4,0,0,0
435,2026-02-01,3,42,2,1,1,1,1,0,0
435,2026-02-02,3,45,2,1,1,0,0,1,1
435,2026-02-03,6,51,2,4,0,1,2,1,2
435,2026-02-04,6,57,6,0,2,3,0,1,0
435,2026-02-05,6,63,5,1,1,3,1,1,0
435,2026-02-06,8,71,5,3,1,3,2,1,1
435,2026-02-07,10,81,6,4,2,4,2,0,2
435,2026-02-08,10,91,7,3,2,5,1,0,2
435,2026-02-09,12,103,8,4,0,8,4,0,0
435,2026-02-10,8,111,7,1,0,5,1,2,0
436,2026-01-14,0,0,0,0,0,0,0,0,0
436,2026-01-15,0,0,0,0,0,0,0,0,0
436,2026-01-16,0,0,0,0,0,0,0,0,0
436,2026-01-17,0,0,0,0,0,0,0,0,0
436,2026-01-18,0,0,0,0,0,0,0,0,0
436,2026-01-19,0,0,0,0,0,0,0,0,0
436,2026-01-20,0,0,0,0,0,0,0,0,0
436,2026-01-21,0,0,0,0,0,0,0,0,0
436,2026-01-22,0,0,0,0,0,0,0,0,0
436,2026-01-23,0,0,0,0,0,0,0,0,0
436,2026-01-24,0,0,0,0,0,0,0,0,0
436,2026-01-25,7,7,6,1,0,4,1,2,0
436,2026-01-26,6,13,5,1,3,2,1,0,0
436,2026-01-27,4,17,4,0,2,2,0,0,0
436,2026-01-28,5,22,4,1,1,2,1,1,0
436,2026-01-29,7,29,6,1,0,6,1,0,0
436,2026-01-30,6,35,4,2,2,2,1,0,1
436,2026-01-31,9,44,6,3,4,2,2,0,1
436,2026-02-01,8,52,7,1,3,4,1,0,0
436,2026-02-02,11,63,7,4,2,4,4,1,0
436,2026-02-03,4,67,2,2,1,0,2,1,0
436,2026-02-04,9,76,8,1,4,4,0,0,1
436,2026-02-05,7,83,5,2,1,3,2,1,0
436,2026-02-06,16,99,11,5,6,4,4,1,1
436,2026-02-07,9,108,5,4,0,4,4,1,0
436,2026-02-08,8,116,7,1,3,4,1,0,0
436,2026-02-09,15,131,14,1,5,8,1,1,0
436,2026-02-10,10,141,6,4,0,5,4,1,0
437,2026-01-14,0,0,0,0,0,0,0,0,0
437,2026-01-15,0,0,0,0,0,0,0,0,0
437,2026-01-16,0,0,0,0,0,0,0,0,0
437,2026-01-17,0,0,0,0,0,0,0,0,0
437,2026-01-18,0,0,0,0,0,0,0,0,0
437,2026-01-19,0,0,0,0,0,0,0,0,0
437,2026-01-20,0,0,0,0,0,0,0,0,0
437,2026-01-21,0,0,0,0,0,0,0,0,0
437,2026-01-22,0,0,0,0,0,0,0,0,0
437,2026-01-23,0,0,0,0,0,0,0,0,0
437,2026-01-24,0,0,0,0,0,0,0,0,0
437,2026-01-25,5,5,5,0,2,2,0,1,0
437,2026-01-26,3,8,1,2,1,0,2,0,0
437,2026-01-27,3,11,2,1,1,1,1,0,0
437,2026-01-28,4,15,4,0,1,3,0,0,0
437,2026-01-29,4,19,4,0,0,4,0,0,0
437,2026-01-30,2,21,2,0,0,1,0,1,0
437,2026-01-31,2,23,2,0,0,2,0,0,0
437,2026-02-01,7,30,5,2,0,4,1,1,1
437,2026-02-02,3,33,3,0,0,3,0,0,0
437,2026-02-03,3,36,3,0,2,1,0,0,0
437,2026-02-04,10,46,10,0,3,4,0,3,0
437,2026-02-05,4,50,3,1,0,3,1,0,0
437,2026-02-06,8,58,8,0,2,6,0,0,0
437,2026-02-07,5,63,5,0,1,2,0,2,0
437,2026-02-08,3,66,2,1,1,1,1,0,0
437,2026-02-09,8,74,6,2,0,3,2,3,0
437,2026-02-10,5,79,5,0,1,3,0,1,0
438,2026-01-14,0,0,0,0,0,0,0,0,0
438,2026-01-15,0,0,0,0,0,0,0,0,0
438,2026-01-16,0,0,0,0,0,0,0,0,0
438,2026-01-17,0,0,0,0,0,0,0,0,0
438,2026-01-18,0,0,0,0,0,0,0,0,0
438,2026-01-19,0,0,0,0,0,0,0,0,0
438,2026-01-20,0,0,0,0,0,0,0,0,0
438,2026-01-21,0,0,0,0,0,0,0,0,0
438,2026-01-22,0,0,0,0,0,0,0,0,0
438,2026-01-23,0,0,0,0,0,0,0,0,0
438,2026-01-24,0,0,0,0,0,0,0,0,0
438,2026-01-25,6,6,4,2,2,1,2,1,0
438,2026-01-26,4,10,4,0,0,2,0,2,0
438,2026-01-27,3,13,2,1,1,1,1,0,0
438,2026-01-28,4,17,4,0,1,3,0,0,0
438,2026-01-29,2,19,1,1,1,0,1,0,0
438,2026-01-30,5,24,4,1,3,1,1,0,0
438,2026-01-31,3,27,2,1,1,1,1,0,0
438,2026-02-01,6,33,3,3,1,2,0,0,3
438,2026-02-02,7,40,5,2,4,1,1,0,1
438,2026-02-03,7,47,5,2,3,2,1,0,1
438,2026-02-04,17,64,12,5,6,4,4,2,1
438,2026-02-05,11,75,11,0,5,6,0,0,0
438,2026-02-06,16,91,12,4,4,6,2,2,2
438,2026-02-07,11,102,9,2,2,6,1,1,1
438,2026-02-08,7,109,6,1,0,6,1,0,0
438,2026-02-09,9,118,8,1,3,5,1,0,0
438,2026-02-10,12,130,10,2,2,5,2,3,0
439,2026-01-14,0,0,0,0,0,0,0,0,0
439,2026-01-15,0,0,0,0,0,0,0,0,0
439,2026-01-16,0,0,0,0,0,0,0,0,0
439,2026-01-17,0,0,0,0,0,0,0,0,0
439,2026-01-18,0,0,0,0,0,0,0,0,0
439,2026-01-19,0,0,0,0,0,0,0,0,0
439,2026-01-20,0,0,0,0,0,0,0,0,0
439,2026-01-21,0,0,0,0,0,0,0,0,0
439,2026-01-22,0,0,0,0,0,0,0,0,0
439,2026-01-23,0,0,0,0,0,0,0,0,0
439,2026-01-24,0,0,0,0,0,0,0,0,0
439,2026-01-25,6,6,6,0,1,5,0,0,0
439,2026-01-26,3,9,1,2,0,1,0,0,2
439,2026-01-27,3,12,2,1,1,1,1,0,0
439,2026-01-28,3,15,2,1,1,1,1,0,0
439,2026-01-29,6,21,6,0,2,4,0,0,0
439,2026-01-30,9,30,9,0,3,6,0,0,0
439,2026-01-31,7,37,7,0,2,5,0,0,0
439,2026-02-01,0,37,0,0,0,0,0,0,0
439,2026-02-02,9,46,7,2,1,6,2,0,0
439,2026-02-03,7,53,6,1,3,2,1,1,0
439,2026-02-04,7,60,6,1,1,5,1,0,0
439,2026-02-05,11,71,9,2,4,2,1,3,1
439,2026-02-06,2,73,1,1,0,1,1,0,0
439,2026-02-07,7,80,6,1,1,5,0,0,1
439,2026-02-08,11,91,9,2,4,5,1,0,1
439,2026-02-09,8,99,8,0,3,5,0,0,0
439,2026-02-10,5,104,5,0,2,3,0,0,0
440,2026-01-14,0,0,0,0,0,0,0,0,0
440,2026-01-15,0,0,0,0,0,0,0,0,0
440,2026-01-16,0,0,0,0,0,0,0,0,0
440,2026-01-17,0,0,0,0,0,0,0,0,0
440,2026-01-18,0,0,0,0,0,0,0,0,0
440,2026-01-19,0,0,0,0,0,0,0,0,0
440,2026-01-20,0,0,0,0,0,0,0,0,0
440,2026-01-21,0,0,0,0,0,0,0,0,0
440,2026-01-22,0,0,0,0,0,0,0,0,0
440,2026-01-23,0,0,0,0,0,0,0,0,0
440,2026-01-24,0,0,0,0,0,0,0,0,0
440,2026-01-25,6,6,4,2,1,2,2,1,0
440,2026-01-26,6,12,2,4,1,0,4,1,0
440,2026-01-27,1,13,1,0,1,0,0,0,0
440,2026-01-28,6,19,6,0,1,4,0,1,0
440,2026-01-29,6,25,6,0,2,3,0,1,0
440,2026-01-30,7,32,6,1,2,4,1,0,0
440,2026-01-31,7,39,7,0,1,6,0,0,0
440,2026-02-01,6,45,5,1,2,3,1,0,0
440,2026-02-02,9,54,8,1,2,6,1,0,0
440,2026-02-03,12,66,9,3,2,7,3,0,0
440,2026-02-04,12,78,10,2,2,6,2,2,0
440,2026-02-05,7,85,6,1,2,4,1,0,0
440,2026-02-06,8,93,7,1,3,4,1,0,0
440,2026-02-07,14,107,13,1,1,12,1,0,0
440,2026-02-08,13,120,12,1,6,3,1,3,0
440,2026-02-09,9,129,8,1,3,5,1,0,0
440,2026-02-10,13,142,11,2,1,8,1,2,1
441,2026-01-14,0,0,0,0,0,0,0,0,0
441,2026-01-15,0,0,0,0,0,0,0,0,0
441,2026-01-16,0,0,0,0,0,0,0,0,0
441,2026-01-17,0,0,0,0,0,0,0,0,0
441,2026-01-18,0,0,0,0,0,0,0,0,0
441,2026-01-19,0,0,0,0,0,0,0,0,0
441,2026-01-20,0,0,0,0,0,0,0,0,0
441,2026-01-21,0,0,0,0,0,0,0,0,0
441,2026-01-22,0,0,0,0,0,0,0,0,0
441,2026-01-23,0,0,0,0,0,0,0,0,0
441,2026-01-24,0,0,0,0,0,0,0,0,0
441,2026-01-25,5,5,5,0,2,2,0,1,0
441,2026-01-26,1,6,1,0,0,1,0,0,0
441,2026-01-27,1,7,1,0,1,0,0,0,0
441,2026-01-28,2,9,2,0,0,2,0,0,0
441,2026-01-29,4,13,4,0,2,1,0,1,0
441,2026-01-30,4,17,3,1,0,3,1,0,0
441,2026-01-31,4,21,3,1,0,3,1,0,0
441,2026-02-01,3,24,3,0,1,2,0,0,0
441,2026-02-02,2,26,2,0,1,1,0,0,0
441,2026-02-03,4,30,3,1,1,2,1,0,0
441,2026-02-04,5,35,4,1,0,1,1,3,0
441,2026-02-05,3,38,3,0,1,2,0,0,0
441,2026-02-06,6,44,6,0,2,4,0,0,0
441,2026-02-07,6,50,5,1,1,2,1,2,0
441,2026-02-08,3,53,2,1,2,0,1,0,0
441,2026-02-09,4,57,4,0,0,4,0,0,0
441,2026-02-10,6,63,5,1,1,4,1,0,0
442,2026-01-14,0,0,0,0,0,0,0,0,0
442,2026-01-15,0,0,0,0,0,0,0,0,0
442,2026-01-16,0,0,0,0,0,0,0,0,0
442,2026-01-17,0,0,0,0,0,0,0,0,0
442,2026-01-18,0,0,0,0,0,0,0,0,0
442,2026-01-19,0,0,0,0,0,0,0,0,0
442,2026-01-20,0,0,0,0,0,0,0,0,0
442,2026-01-21,0,0,0,0,0,0,0,0,0
442,2026-01-22,0,0,0,0,0,0,0,0,0
442,2026-01-23,0,0,0,0,0,0,0,0,0
442,2026-01-24,0,0,0,0,0,0,0,0,0
442,2026-01-25,9,9,5,4,2,1,2,2,2
442,2026-01-26,4,13,3,1,1,2,1,0,0
442,2026-01-27,6,19,4,2,1,2,2,1,0
442,2026-01-28,8,27,6,2,0,6,2,0,0
442,2026-01-29,3,30,3,0,1,2,0,0,0
442,2026-01-30,1,31,1,0,1,0,0,0,0
442,2026-01-31,8,39,7,1,2,2,1,3,0
442,2026-02-01,8,47,7,1,1,5,1,1,0
442,2026-02-02,4,51,4,0,0,4,0,0,0
442,2026-02-03,6,57,5,1,3,2,1,0,0
442,2026-02-04,6,63,5,1,2,2,0,1,1
442,2026-02-05,6,69,3,3,0,3,2,0,1
442,2026-02-06,8,77,7,1,2,4,1,1,0
442,2026-02-07,5,82,4,1,4,0,0,0,1
442,2026-02-08,10,92,8,2,2,6,1,0,1
442,2026-02-09,11,103,6,5,1,5,5,0,0
442,2026-02-10,7,110,6,1,0,4,1,2,0
443,2026-01-14,0,0,0,0,0,0,0,0,0
443,2026-01-15,0,0,0,0,0,0,0,0,0
443,2026-01-16,0,0,0,0,0,0,0,0,0
443,2026-01-17,0,0,0,0,0,0,0,0,0
443,2026-01-18,0,0,0,0,0,0,0,0,0
443,2026-01-19,0,0,0,0,0,0,0,0,0
443,2026-01-20,0,0,0,0,0,0,0,0,0
443,2026-01-21,0,0,0,0,0,0,0,0,0
443,2026-01-22,0,0,0,0,0,0,0,0,0
443,2026-01-23,0,0,0,0,0,0,0,0,0
443,2026-01-24,0,0,0,0,0,0,0,0,0
443,2026-01-25,7,7,7,0,2,5,0,0,0
443,2026-01-26,4,11,4,0,1,2,0,1,0
443,2026-01-27,4,15,4,0,3,1,0,0,0
443,2026-01-28,1,16,0,1,0,0,0,0,1
443,2026-01-29,5,21,4,1,2,2,1,0,0
443,2026-01-30,5,26,4,1,0,4,1,0,0
443,2026-01-31,3,29,2,1,1,0,1,1,0
443,2026-02-01,5,34,4,1,1,3,1,0,0
443,2026-02-02,7,41,4,3,1,2,2,1,1
443,2026-02-03,4,45,3,1,1,2,1,0,0
443,2026-02-04,6,51,6,0,1,4,0,1,0
443,2026-02-05,5,56,4,1,0,4,1,0,0
443,2026-02-06,11,67,8,3,1,6,3,1,0
443,2026-02-07,7,74,7,0,3,4,0,0,0
443,2026-02-08,7,81,5,2,1,3,2,1,0
443,2026-02-09,2,83,2,0,1,1,0,0,0
443,2026-02-10,10,93,7,3,3,2,2,2,1
444,2026-01-14,0,0,0,0,0,0,0,0,0
444,2026-01-15,0,0,0,0,0,0,0,0,0
444,2026-01-16,0,0,0,0,0,0,0,0,0
444,2026-01-17,0,0,0,0,0,0,0,0,0
444,2026-01-18,0,0,0,0,0,0,0,0,0
444,2026-01-19,0,0,0,0,0,0,0,0,0
444,2026-01-20,0,0,0,0,0,0,0,0,0
444,2026-01-21,0,0,0,0,0,0,0,0,0
444,2026-01-22,0,0,0,0,0,0,0,0,0
444,2026-01-23,0,0,0,0,0,0,0,0,0
444,2026-01-24,0,0,0,0,0,0,0,0,0
444,2026-01-25,5,5,5,0,1,3,0,1,0
444,2026-01-26,7,12,5,2,2,1,0,2,2
444,2026-01-27,5,17,4,1,0,4,1,0,0
444,2026-01-28,5,22,2,3,0,2,3,0,0
444,2026-01-29,6,28,5,1,0,4,0,1,1
444,2026-01-30,12,40,11,1,3,8,0,0,1
444,2026-01-31,8,48,8,0,1,4,0,3,0
444,2026-02-01,5,53,4,1,3,1,1,0,0
444,2026-02-02,7,60,6,1,1,3,1,2,0
444,2026-02-03,9,69,8,1,2,5,1,1,0
444,2026-02-04,8,77,7,1,1,6,1,0,0
444,2026-02-05,10,87,8,2,4,4,1,0,1
444,2026-02-06,10,97,6,4,3,3,1,0,3
444,2026-02-07,8,105,6,2,1,4,0,1,2
444,2026-02-08,10,115,7,3,5,2,3,0,0
444,2026-02-09,11,126,11,0,4,5,0,2,0
444,2026-02-10,9,135,7,2,5,2,2,0,0
445,2026-01-14,0,0,0,0,0,0,0,0,0
445,2026-01-15,0,0,0,0,0,0,0,0,0
445,2026-01-16,0,0,0,0,0,0,0,0,0
445,2026-01-17,0,0,0,0,0,0,0,0,0
445,2026-01-18,0,0,0,0,0,0,0,0,0
445,2026-01-19,0,0,0,0,0,0,0,0,0
445,2026-01-20,0,0,0,0,0,0,0,0,0
445,2026-01-21,0,0,0,0,0,0,0,0,0
445,2026-01-22,0,0,0,0,0,0,0,0,0
445,2026-01-23,0,0,0,0,0,0,0,0,0
445,2026-01-24,0,0,0,0,0,0,0,0,0
445,2026-01-25,7,7,5,2,2,2,1,1,1
445,2026-01-26,4,11,3,1,2,1,1,0,0
445,2026-01-27,1,12,1,0,1,0,0,0,0
445,2026-01-28,4,16,4,0,0,4,0,0,0
445,2026-01-29,3,19,3,0,2,0,0,1,0
445,2026-01-30,2,21,2,0,0,1,0,1,0
445,2026-01-31,6,27,3,3,0,3,2,0,1
445,2026-02-01,5,32,2,3,0,2,3,0,0
445,2026-02-02,10,42,7,3,3,4,3,0,0
445,2026-02-03,5,47,3,2,1,2,1,0,1
445,2026-02-04,12,59,11,1,4,6,0,1,1
445,2026-02-05,5,64,5,0,2,2,0,1,0
445,2026-02-06,15,79,8,7,3,3,4,2,3
445,2026-02-07,9,88,6,3,1,4,3,1,0
445,2026-02-08,13,101,11,2,2,9,1,0,1
445,2026-02-09,13,114,7,6,2,4,4,1,2
445,2026-02-10,16,130,12,4,4,8,4,0,0
446,2026-01-14,0,0,0,0,0,0,0,0,0
446,2026-01-15,0,0,0,0,0,0,0,0,0
446,2026-01-16,0,0,0,0,0,0,0,0,0
446,2026-01-17,0,0,0,0,0,0,0,0,0
446,2026-01-18,0,0,0,0,0,0,0,0,0
446,2026-01-19,0,0,0,0,0,0,0,0,0
446,2026-01-20,0,0,0,0,0,0,0,0,0
446,2026-01-21,0,0,0,0,0,0,0,0,0
446,2026-01-22,0,0,0,0,0,0,0,0,0
446,2026-01-23,0,0,0,0,0,0,0,0,0
446,2026-01-24,0,0,0,0,0,0,0,0,0
446,2026-01-25,4,4,3,1,2,1,1,0,0
446,2026-01-26,3,7,3,0,1,2,0,0,0
446,2026-01-27,2,9,1,1,0,1,1,0,0
446,2026-01-28,1,10,1,0,0,0,0,1,0
446,2026-01-29,6,16,5,1,2,3,1,0,0
446,2026-01-30,3,19,2,1,1,1,1,0,0
446,2026-01-31,8,27,7,1,2,5,1,0,0
446,2026-02-01,7,34,6,1,2,2,1,2,0
446,2026-02-02,5,39,4,1,1,2,1,1,0
446,2026-02-03,4,43,4,0,0,4,0,0,0
446,2026-02-04,12,55,12,0,5,7,0,0,0
446,2026-02-05,9,64,6,3,1,5,2,0,1
446,2026-02-06,11,75,9,2,3,4,2,2,0
446,2026-02-07,1,76,1,0,0,0,0,1,0
446,2026-02-08,9,85,7,2,2,5,1,0,1
446,2026-02-09,10,95,10,0,3,5,0,2,0
446,2026-02-10,10,105,7,3,3,4,0,0,3
447,2026-01-14,0,0,0,0,0,0,0,0,0
447,2026-01-15,0,0,0,0,0,0,0,0,0
447,2026-01-16,0,0,0,0,0,0,0,0,0
447,2026-01-17,0,0,0,0,0,0,0,0,0
447,2026-01-18,0,0,0,0,0,0,0,0,0
447,2026-01-19,0,0,0,0,0,0,0,0,0
447,2026-01-20,0,0,0,0,0,0,0,0,0
447,2026-01-21,0,0,0,0,0,0,0,0,0
447,2026-01-22,0,0,0,0,0,0,0,0,0
447,2026-01-23,0,0,0,0,0,0,0,0,0
447,2026-01-24,0,0,0,0,0,0,0,0,0
447,2026-01-25,7,7,6,1,1,3,1,2,0
447,2026-01-26,10,17,9,1,3,5,1,1,0
447,2026-01-27,5,22,5,0,1,4,0,0,0
447,2026-01-28,5,27,5,0,2,3,0,0,0
447,2026-01-29,6,33,4,2,2,2,1,0,1
447,2026-01-30,2,35,1,1,0,1,1,0,0
447,2026-01-31,7,42,5,2,0,3,2,2,0
447,2026-02-01,7,49,5,2,1,3,2,1,0
447,2026-02-02,2,51,1,1,0,1,0,0,1
447,2026-02-03,8,59,5,3,1,2,3,2,0
447,2026-02-04,11,70,9,2,5,3,1,1,1
447,2026-02-05,9,79,9,0,2,6,0,1,0
447,2026-02-06,10,89,9,1,0,9,0,0,1
447,2026-02-07,4,93,4,0,2,2,0,0,0
447,2026-02-08,8,101,5,3,1,4,3,0,0
447,2026-02-09,2,103,2,0,0,2,0,0,0
447,2026-02-10,11,114,10,1,5,3,1,2,0
448,2026-01-14,0,0,0,0,0,0,0,0,0
448,2026-01-15,0,0,0,0,0,0,0,0,0
448,2026-01-16,0,0,0,0,0,0,0,0,0
448,2026-01-17,0,0,0,0,0,0,0,0,0
448,2026-01-18,0,0,0,0,0,0,0,0,0
448,2026-01-19,0,0,0,0,0,0,0,0,0
448,2026-01-20,0,0,0,0,0,0,0,0,0
448,2026-01-21,0,0,0,0,0,0,0,0,0
448,2026-01-22,0,0,0,0,0,0,0,0,0
448,2026-01-23,0,0,0,0,0,0,0,0,0
448,2026-01-24,0,0,0,0,0,0,0,0,0
448,2026-01-25,10,10,10,0,5,4,0,1,0
448,2026-01-26,5,15,5,0,2,3,0,0,0
448,2026-01-27,2,17,2,0,0,2,0,0,0
448,2026-01-28,7,24,5,2,1,4,2,0,0
448,2026-01-29,8,32,7,1,2,5,1,0,0
448,2026-01-30,3,35,3,0,2,1,0,0,0
448,2026-01-31,6,41,5,1,2,3,1,0,0
448,2026-02-01,6,47,6,0,2,3,0,1,0
448,2026-02-02,9,56,7,2,1,4,2,2,0
448,2026-02-03,11,67,10,1,3,4,1,3,0
448,2026-02-04,11,78,10,1,2,6,1,2,0
448,2026-02-05,5,83,4,1,0,4,1,0,0
448,2026-02-06,7,90,5,2,0,4,1,1,1
448,2026-02-07,6,96,5,1,2,2,0,1,1
448,2026-02-08,10,106,9,1,3,6,1,0,0
448,2026-02-09,5,111,5,0,3,1,0,1,0
448,2026-02-10,6,117,5,1,1,4,1,0,0
449,2026-01-14,0,0,0,0,0,0,0,0,0
449,2026-01-15,0,0,0,0,0,0,0,0,0
449,2026-01-16,0,0,0,0,0,0,0,0,0
449,2026-01-17,0,0,0,0,0,0,0,0,0
449,2026-01-18,0,0,0,0,0,0,0,0,0
449,2026-01-19,0,0,0,0,0,0,0,0,0
449,2026-01-20,0,0,0,0,0,0,0,0,0
449,2026-01-21,0,0,0,0,0,0,0,0,0
449,2026-01-22,0,0,0,0,0,0,0,0,0
449,2026-01-23,0,0,0,0,0,0,0,0,0
449,2026-01-24,0,0,0,0,0,0,0,0,0
449,2026-01-25,4,4,4,0,0,4,0,0,0
449,2026-01-26,3,7,3,0,0,3,0,0,0
449,2026-01-27,5,12,4,1,2,2,1,0,0
449,2026-01-28,1,13,1,0,1,0,0,0,0
449,2026-01-29,5,18,4,1,3,1,1,0,0
449,2026-01-30,6,24,3,3,0,3,3,0,0
449,2026-01-31,6,30,6,0,2,3,0,1,0
449,2026-02-01,4,34,3,1,2,1,1,0,0
449,2026-02-02,6,40,5,1,2,3,1,0,0
449,2026-02-03,3,43,2,1,1,1,1,0,0
449,2026-02-04,9,52,5,4,3,2,3,0,1
449,2026-02-05,7,59,5,2,1,4,1,0,1
449,2026-02-06,7,66,5,2,1,3,2,1,0
449,2026-02-07,8,74,5,3,1,4,3,0,0
449,2026-02-08,4,78,4,0,3,1,0,0,0
449,2026-02-09,8,86,7,1,3,3,0,1,1
449,2026-02-10,10,96,7,3,5,2,2,0,1
450,2026-01-14,0,0,0,0,0,0,0,0,0
450,2026-01-15,0,0,0,0,0,0,0,0,0
450,2026-01-16,0,0,0,0,0,0,0,0,0
450,2026-01-17,0,0,0,0,0,0,0,0,0
450,2026-01-18,0,0,0,0,0,0,0,0,0
450,2026-01-19,0,0,0,0,0,0,0,0,0
450,2026-01-20,0,0,0,0,0,0,0,0,0
450,2026-01-21,0,0,0,0,0,0,0,0,0
450,2026-01-22,0,0,0,0,0,0,0,0,0
450,2026-01-23,0,0,0,0,0,0,0,0,0
450,2026-01-24,0,0,0,0,0,0,0,0,0
450,2026-01-25,7,7,6,1,3,3,1,0,0
450,2026-01-26,2,9,2,0,1,1,0,0,0
450,2026-01-27,3,12,3,0,0,3,0,0,0
450,2026-01-28,1,13,1,0,0,1,0,0,0
450,2026-01-29,2,15,2,0,0,1,0,1,0
450,2026-01-30,4,19,2,2,1,1,2,0,0
450,2026-01-31,3,22,3,0,0,2,0,1,0
450,2026-02-01,4,26,2,2,0,2,1,0,1
450,2026-02-02,4,30,3,1,1,2,0,0,1
450,2026-02-03,2,32,2,0,1,1,0,0,0
450,2026-02-04,5,37,4,1,2,2,0,0,1
450,2026-02-05,5,42,5,0,2,3,0,0,0
450,2026-02-06,5,47,2,3,1,1,3,0,0
450,2026-02-07,3,50,3,0,2,1,0,0,0
450,2026-02-08,3,53,3,0,2,1,0,0,0
450,2026-02-09,4,57,3,1,2,1,1,0,0
450,2026-02-10,5,62,3,2,0,3,2,0,0
451,2026-01-14,0,0,0,0,0,0,0,0,0
451,2026-01-15,0,0,0,0,0,0,0,0,0
451,2026-01-16,0,0,0,0,0,0,0,0,0
451,2026-01-17,0,0,0,0,0,0,0,0,0
451,2026-01-18,0,0,0,0,0,0,0,0,0
451,2026-01-19,0,0,0,0,0,0,0,0,0
451,2026-01-20,0,0,0,0,0,0,0,0,0
451,2026-01-21,0,0,0,0,0,0,0,0,0
451,2026-01-22,0,0,0,0,0,0,0,0,0
451,2026-01-23,0,0,0,0,0,0,0,0,0
451,2026-01-24,0,0,0,0,0,0,0,0,0
451,2026-01-25,7,7,5,2,1,2,1,2,1
451,2026-01-26,5,12,5,0,0,5,0,0,0
451,2026-01-27,3,15,3,0,1,2,0,0,0
451,2026-01-28,3,18,2,1,0,1,1,1,0
451,2026-01-29,6,24,5,1,1,3,1,1,0
451,2026-01-30,4,28,4,0,1,3,0,0,0
451,2026-01-31,5,33,5,0,1,3,0,1,0
451,2026-02-01,6,39,6,0,3,3,0,0,0
451,2026-02-02,4,43,3,1,1,2,0,0,1
451,2026-02-03,8,51,7,1,2,4,0,1,1
451,2026-02-04,14,65,13,1,3,8,0,2,1
451,2026-02-05,6,71,5,1,2,2,1,1,0
451,2026-02-06,11,82,6,5,2,3,3,1,2
451,2026-02-07,10,92,4,6,2,2,6,0,0
451,2026-02-08,13,105,10,3,3,6,1,1,2
451,2026-02-09,8,113,6,2,1,5,0,0,2
451,2026-02-10,9,122,8,1,1,6,1,1,0
452,2026-01-14,0,0,0,0,0,0,0,0,0
452,2026-01-15,0,0,0,0,0,0,0,0,0
452,2026-01-16,0,0,0,0,0,0,0,0,0
452,2026-01-17,0,0,0,0,0,0,0,0,0
452,2026-01-18,0,0,0,0,0,0,0,0,0
452,2026-01-19,0,0,0,0,0,0,0,0,0
452,2026-01-20,0,0,0,0,0,0,0,0,0
452,2026-01-21,0,0,0,0,0,0,0,0,0
452,2026-01-22,0,0,0,0,0,0,0,0,0
452,2026-01-23,0,0,0,0,0,0,0,0,0
452,2026-01-24,0,0,0,0,0,0,0,0,0
452,2026-01-25,8,8,6,2,1,3,2,2,0
452,2026-01-26,2,10,2,0,1,1,0,0,0
452,2026-01-27,4,14,3,1,0,3,1,0,0
452,2026-01-28,0,14,0,0,0,0,0,0,0
452,2026-01-29,3,17,2,1,1,1,1,0,0
452,2026-01-30,4,21,4,0,1,3,0,0,0
452,2026-01-31,1,22,1,0,1,0,0,0,0
452,2026-02-01,4,26,2,2,1,1,1,0,1
452,2026-02-02,2,28,1,1,0,1,1,0,0
452,2026-02-03,4,32,4,0,1,3,0,0,0
452,2026-02-04,3,35,3,0,2,1,0,0,0
452,2026-02-05,4,39,3,1,1,2,0,0,1
452,2026-02-06,7,46,4,3,0,4,2,0,1
452,2026-02-07,3,49,0,3,0,0,3,0,0
452,2026-02-08,3,52,2,1,1,0,0,1,1
452,2026-02-09,8,60,4,4,0,3,3,1,1
452,2026-02-10,7,67,5,2,2,3,1,0,1
453,2026-01-14,0,0,0,0,0,0,0,0,0
453,2026-01-15,0,0,0,0,0,0,0,0,0
453,2026-01-16,0,0,0,0,0,0,0,0,0
453,2026-01-17,0,0,0,0,0,0,0,0,0
453,2026-01-18,0,0,0,0,0,0,0,0,0
453,2026-01-19,0,0,0,0,0,0,0,0,0
453,2026-01-20,0,0,0,0,0,0,0,0,0
453,2026-01-21,0,0,0,0,0,0,0,0,0
453,2026-01-22,0,0,0,0,0,0,0,0,0
453,2026-01-23,0,0,0,0,0,0,0,0,0
453,2026-01-24,0,0,0,0,0,0,0,0,0
453,2026-01-25,4,4,2,2,1,1,2,0,0
453,2026-01-26,5,9,5,0,1,3,0,1,0
453,2026-01-27,5,14,5,0,2,3,0,0,0
453,2026-01-28,6,20,3,3,1,2,1,0,2
453,2026-01-29,0,20,0,0,0,0,0,0,0
453,2026-01-30,3,23,3,0,0,3,0,0,0
453,2026-01-31,3,26,3,0,1,1,0,1,0
453,2026-02-01,3,29,2,1,0,1,1,1,0
453,2026-02-02,2,31,2,0,0,1,0,1,0
453,2026-02-03,5,36,4,1,2,2,1,0,0
453,2026-02-04,6,42,5,1,2,3,0,0,1
453,2026-02-05,5,47,3,2,3,0,1,0,1
453,2026-02-06,7,54,6,1,2,4,1,0,0
453,2026-02-07,4,58,4,0,1,2,0,1,0
453,2026-02-08,6,64,6,0,2,2,0,2,0
453,2026-02-09,6,70,5,1,1,3,1,1,0
453,2026-02-10,8,78,5,3,2,2,3,1,0
454,2026-01-14,0,0,0,0,0,0,0,0,0
454,2026-01-15,0,0,0,0,0,0,0,0,0
454,2026-01-16,0,0,0,0,0,0,0,0,0
454,2026-01-17,0,0,0,0,0,0,0,0,0
454,2026-01-18,0,0,0,0,0,0,0,0,0
454,2026-01-19,0,0,0,0,0,0,0,0,0
454,2026-01-20,0,0,0,0,0,0,0,0,0
454,2026-01-21,0,0,0,0,0,0,0,0,0
454,2026-01-22,0,0,0,0,0,0,0,0,0
454,2026-01-23,0,0,0,0,0,0,0,0,0
454,2026-01-24,0,0,0,0,0,0,0,0,0
454,2026-01-25,4,4,1,3,0,1,2,0,1
454,2026-01-26,4,8,4,0,0,3,0,1,0
454,2026-01-27,3,11,3,0,1,2,0,0,0
454,2026-01-28,7,18,4,3,0,4,3,0,0
454,2026-01-29,5,23,3,2,0,3,2,0,0
454,2026-01-30,7,30,5,2,1,3,1,1,1
454,2026-01-31,4,34,3,1,1,2,1,0,0
454,2026-02-01,4,38,3,1,0,3,0,0,1
454,2026-02-02,7,45,4,3,3,1,2,0,1
454,2026-02-03,10,55,5,5,0,5,4,0,1
454,2026-02-04,11,66,7,4,3,4,2,0,2
454,2026-02-05,13,79,9,4,1,6,4,2,0
454,2026-02-06,9,88,6,3,1,4,2,1,1
454,2026-02-07,19,107,14,5,7,6,3,1,2
454,2026-02-08,7,114,6,1,1,5,1,0,0
454,2026-02-09,5,119,3,2,0,2,2,1,0
454,2026-02-10,23,142,15,8,5,8,7,2,1
455,2026-01-14,0,0,0,0,0,0,0,0,0
455,2026-01-15,0,0,0,0,0,0,0,0,0
455,2026-01-16,0,0,0,0,0,0,0,0,0
455,2026-01-17,0,0,0,0,0,0,0,0,0
455,2026-01-18,0,0,0,0,0,0,0,0,0
455,2026-01-19,0,0,0,0,0,0,0,0,0
455,2026-01-20,0,0,0,0,0,0,0,0,0
455,2026-01-21,0,0,0,0,0,0,0,0,0
455,2026-01-22,0,0,0,0,0,0,0,0,0
455,2026-01-23,0,0,0,0,0,0,0,0,0
455,2026-01-24,0,0,0,0,0,0,0,0,0
455,2026-01-25,10,10,8,2,3,5,1,0,1
455,2026-01-26,8,18,5,3,0,4,3,1,0
455,2026-01-27,2,20,2,0,1,1,0,0,0
455,2026-01-28,2,22,1,1,0,1,1,0,0
455,2026-01-29,11,33,10,1,1,8,1,1,0
455,2026-01-30,6,39,3,3,2,1,2,0,1
455,2026-01-31,6,45,6,0,1,3,0,2,0
455,2026-02-01,12,57,9,3,2,3,3,4,0
455,2026-02-02,9,66,6,3,1,5,0,0,3
455,2026-02-03,15,81,15,0,4,9,0,2,0
455,2026-02-04,14,95,14,0,5,7,0,2,0
455,2026-02-05,12,107,10,2,1,6,2,3,0
455,2026-02-06,15,122,13,2,1,11,1,1,1
455,2026-02-07,11,133,9,2,2,5,2,2,0
455,2026-02-08,10,143,7,3,1,6,1,0,2
455,2026-02-09,15,158,13,2,7,6,2,0,0
455,2026-02-10,19,177,12,7,3,8,6,1,1
456,2026-01-14,0,0,0,0,0,0,0,0,0
456,2026-01-15,0,0,0,0,0,0,0,0,0
456,2026-01-16,0,0,0,0,0,0,0,0,0
456,2026-01-17,0,0,0,0,0,0,0,0,0
456,2026-01-18,0,0,0,0,0,0,0,0,0
456,2026-01-19,0,0,0,0,0,0,0,0,0
456,2026-01-20,0,0,0,0,0,0,0,0,0
456,2026-01-21,0,0,0,0,0,0,0,0,0
456,2026-01-22,0,0,0,0,0,0,0,0,0
456,2026-01-23,0,0,0,0,0,0,0,0,0
456,2026-01-24,0,0,0,0,0,0,0,0,0
456,2026-01-25,7,7,7,0,3,3,0,1,0
456,2026-01-26,10,17,8,2,2,5,1,1,1
456,2026-01-27,6,23,2,4,0,2,4,0,0
456,2026-01-28,2,25,1,1,1,0,0,0,1
456,2026-01-29,4,29,3,1,1,1,1,1,0
456,2026-01-30,4,33,3,1,3,0,1,0,0
456,2026-01-31,1,34,0,1,0,0,1,0,0
456,2026-02-01,5,39,2,3,0,2,2,0,1
456,2026-02-02,13,52,11,2,7,1,1,3,1
456,2026-02-03,6,58,5,1,2,3,0,0,1
456,2026-02-04,4,62,4,0,0,4,0,0,0
456,2026-02-05,8,70,7,1,1,5,1,1,0
456,2026-02-06,4,74,4,0,2,2,0,0,0
456,2026-02-07,3,77,2,1,0,2,1,0,0
456,2026-02-08,5,82,5,0,1,4,0,0,0
456,2026-02-09,6,88,1,5,0,1,5,0,0
456,2026-02-10,9,97,9,0,2,5,0,2,0
457,2026-01-14,0,0,0,0,0,0,0,0,0
457,2026-01-15,0,0,0,0,0,0,0,0,0
457,2026-01-16,0,0,0,0,0,0,0,0,0
457,2026-01-17,0,0,0,0,0,0,0,0,0
457,2026-01-18,0,0,0,0,0,0,0,0,0
457,2026-01-19,0,0,0,0,0,0,0,0,0
457,2026-01-20,0,0,0,0,0,0,0,0,0
457,2026-01-21,0,0,0,0,0,0,0,0,0
457,2026-01-22,0,0,0,0,0,0,0,0,0
457,2026-01-23,0,0,0,0,0,0,0,0,0
457,2026-01-24,0,0,0,0,0,0,0,0,0
457,2026-01-25,9,9,7,2,0,7,2,0,0
457,2026-01-26,2,11,1,1,0,1,1,0,0
457,2026-01-27,3,14,3,0,3,0,0,0,0
457,2026-01-28,4,18,3,1,0,2,1,1,0
457,2026-01-29,1,19,1,0,0,0,0,1,0
457,2026-01-30,5,24,3,2,0,2,2,1,0
457,2026-01-31,3,27,2,1,0,2,1,0,0
457,2026-02-01,6,33,4,2,1,3,1,0,1
457,2026-02-02,5,38,5,0,2,3,0,0,0
457,2026-02-03,5,43,3,2,0,2,1,1,1
457,2026-02-04,9,52,6,3,2,4,3,0,0
457,2026-02-05,5,57,3,2,1,2,2,0,0
457,2026-02-06,11,68,8,3,4,4,1,0,2
457,2026-02-07,9,77,7,2,3,4,2,0,0
457,2026-02-08,9,86,6,3,2,3,1,1,2
457,2026-02-09,9,95,6,3,2,2,3,2,0
457,2026-02-10,11,106,10,1,4,5,1,1,0
458,2026-01-14,0,0,0,0,0,0,0,0,0
458,2026-01-15,0,0,0,0,0,0,0,0,0
458,2026-01-16,0,0,0,0,0,0,0,0,0
458,2026-01-17,0,0,0,0,0,0,0,0,0
458,2026-01-18,0,0,0,0,0,0,0,0,0
458,2026-01-19,0,0,0,0,0,0,0,0,0
458,2026-01-20,0,0,0,0,0,0,0,0,0
458,2026-01-21,0,0,0,0,0,0,0,0,0
458,2026-01-22,0,0,0,0,0,0,0,0,0
458,2026-01-23,0,0,0,0,0,0,0,0,0
458,2026-01-24,0,0,0,0,0,0,0,0,0
458,2026-01-25,6,6,5,1,3,2,1,0,0
458,2026-01-26,4,10,3,1,2,1,1,0,0
458,2026-01-27,2,12,1,1,0,1,1,0,0
458,2026-01-28,2,14,1,1,0,1,1,0,0
458,2026-01-29,3,17,1,2,1,0,0,0,2
458,2026-01-30,2,19,2,0,0,2,0,0,0
458,2026-01-31,4,23,4,0,0,4,0,0,0
458,2026-02-01,4,27,3,1,1,2,1,0,0
458,2026-02-02,8,35,7,1,0,6,1,1,0
458,2026-02-03,6,41,5,1,2,3,1,0,0
458,2026-02-04,9,50,9,0,5,4,0,0,0
458,2026-02-05,8,58,6,2,4,2,1,0,1
458,2026-02-06,6,64,4,2,2,2,2,0,0
458,2026-02-07,9,73,8,1,1,7,1,0,0
458,2026-02-08,9,82,7,2,1,5,2,1,0
458,2026-02-09,11,93,8,3,1,7,3,0,0
458,2026-02-10,9,102,8,1,2,5,0,1,1
459,2026-01-14,0,0,0,0,0,0,0,0,0
459,2026-01-15,0,0,0,0,0,0,0,0,0
459,2026-01-16,0,0,0,0,0,0,0,0,0
459,2026-01-17,0,0,0,0,0,0,0,0,0
459,2026-01-18,0,0,0,0,0,0,0,0,0
459,2026-01-19,0,0,0,0,0,0,0,0,0
459,2026-01-20,0,0,0,0,0,0,0,0,0
459,2026-01-21,0,0,0,0,0,0,0,0,0
459,2026-01-22,0,0,0,0,0,0,0,0,0
459,2026-01-23,0,0,0,0,0,0,0,0,0
459,2026-01-24,0,0,0,0,0,0,0,0,0
459,2026-01-25,2,2,2,0,0,2,0,0,0
459,2026-01-26,7,9,4,3,1,2,3,1,0
459,2026-01-27,2,11,2,0,2,0,0,0,0
459,2026-01-28,5,16,3,2,1,2,2,0,0
459,2026-01-29,3,19,1,2,0,1,2,0,0
459,2026-01-30,5,24,2,3,1,1,3,0,0
459,2026-01-31,6,30,6,0,1,5,0,0,0
459,2026-02-01,6,36,5,1,1,4,1,0,0
459,2026-02-02,13,49,9,4,1,8,4,0,0
459,2026-02-03,4,53,2,2,0,2,2,0,0
459,2026-02-04,10,63,8,2,2,5,1,1,1
459,2026-02-05,11,74,6,5,3,2,5,1,0
459,2026-02-06,9,83,8,1,3,4,1,1,0
459,2026-02-07,11,94,8,3,0,6,3,2,0
459,2026-02-08,13,107,10,3,4,6,3,0,0
459,2026-02-09,11,118,8,3,3,4,2,1,1
459,2026-02-10,6,124,4,2,1,3,1,0,1
460,2026-01-14,0,0,0,0,0,0,0,0,0
460,2026-01-15,0,0,0,0,0,0,0,0,0
460,2026-01-16,0,0,0,0,0,0,0,0,0
460,2026-01-17,0,0,0,0,0,0,0,0,0
460,2026-01-18,0,0,0,0,0,0,0,0,0
460,2026-01-19,0,0,0,0,0,0,0,0,0
460,2026-01-20,0,0,0,0,0,0,0,0,0
460,2026-01-21,0,0,0,0,0,0,0,0,0
460,2026-01-22,0,0,0,0,0,0,0,0,0
460,2026-01-23,0,0,0,0,0,0,0,0,0
460,2026-01-24,0,0,0,0,0,0,0,0,0
460,2026-01-25,6,6,3,3,1,2,3,0,0
460,2026-01-26,6,12,6,0,2,4,0,0,0
460,2026-01-27,8,20,8,0,1,6,0,1,0
460,2026-01-28,7,27,6,1,3,3,0,0,1
460,2026-01-29,5,32,3,2,0,2,2,1,0
460,2026-01-30,5,37,3,2,1,2,0,0,2
460,2026-01-31,9,46,5,4,1,4,2,0,2
460,2026-02-01,7,53,5,2,3,2,2,0,0
460,2026-02-02,4,57,3,1,2,1,1,0,0
460,2026-02-03,9,66,7,2,3,3,2,1,0
460,2026-02-04,10,76,9,1,1,7,1,1,0
460,2026-02-05,13,89,8,5,3,5,1,0,4
460,2026-02-06,4,93,4,0,1,3,0,0,0
460,2026-02-07,11,104,8,3,4,4,2,0,1
460,2026-02-08,18,122,15,3,4,11,3,0,0
460,2026-02-09,5,127,4,1,0,3,1,1,0
460,2026-02-10,8,135,6,2,3,3,2,0,0
461,2026-01-14,0,0,0,0,0,0,0,0,0
461,2026-01-15,0,0,0,0,0,0,0,0,0
461,2026-01-16,0,0,0,0,0,0,0,0,0
461,2026-01-17,0,0,0,0,0,0,0,0,0
461,2026-01-18,0,0,0,0,0,0,0,0,0
461,2026-01-19,0,0,0,0,0,0,0,0,0
461,2026-01-20,0,0,0,0,0,0,0,0,0
461,2026-01-21,0,0,0,0,0,0,0,0,0
461,2026-01-22,0,0,0,0,0,0,0,0,0
461,2026-01-23,0,0,0,0,0,0,0,0,0
461,2026-01-24,0,0,0,0,0,0,0,0,0
461,2026-01-25,3,3,3,0,0,3,0,0,0
461,2026-01-26,5,8,4,1,0,3,1,1,0
461,2026-01-27,6,14,6,0,3,2,0,1,0
461,2026-01-28,3,17,3,0,1,2,0,0,0
461,2026-01-29,4,21,3,1,0,3,1,0,0
461,2026-01-30,6,27,3,3,1,2,3,0,0
461,2026-01-31,4,31,4,0,2,2,0,0,0
461,2026-02-01,7,38,5,2,0,4,2,1,0
461,2026-02-02,8,46,6,2,1,4,2,1,0
461,2026-02-03,7,53,6,1,2,4,1,0,0
461,2026-02-04,6,59,5,1,2,3,1,0,0
461,2026-02-05,9,68,6,3,1,4,3,1,0
461,2026-02-06,9,77,4,5,0,4,4,0,1
461,2026-02-07,10,87,7,3,2,2,2,3,1
461,2026-02-08,11,98,8,3,3,5,3,0,0
461,2026-02-09,10,108,9,1,1,4,1,4,0
461,2026-02-10,13,121,9,4,3,6,3,0,1
462,2026-01-14,0,0,0,0,0,0,0,0,0
462,2026-01-15,0,0,0,0,0,0,0,0,0
462,2026-01-16,0,0,0,0,0,0,0,0,0
462,2026-01-17,0,0,0,0,0,0,0,0,0
462,2026-01-18,0,0,0,0,0,0,0,0,0
462,2026-01-19,0,0,0,0,0,0,0,0,0
462,2026-01-20,0,0,0,0,0,0,0,0,0
462,2026-01-21,0,0,0,0,0,0,0,0,0
462,2026-01-22,0,0,0,0,0,0,0,0,0
462,2026-01-23,0,0,0,0,0,0,0,0,0
462,2026-01-24,0,0,0,0,0,0,0,0,0
462,2026-01-25,7,7,6,1,1,4,1,1,0
462,2026-01-26,5,12,3,2,2,1,2,0,0
462,2026-01-27,3,15,3,0,1,2,0,0,0
462,2026-01-28,4,19,4,0,2,2,0,0,0
462,2026-01-29,7,26,5,2,2,3,1,0,1
462,2026-01-30,9,35,7,2,1,5,1,1,1
462,2026-01-31,7,42,7,0,2,5,0,0,0
462,2026-02-01,10,52,8,2,2,5,1,1,1
462,2026-02-02,7,59,4,3,1,3,3,0,0
462,2026-02-03,10,69,8,2,1,7,1,0,1
462,2026-02-04,11,80,6,5,3,3,5,0,0
462,2026-02-05,9,89,6,3,1,5,2,0,1
462,2026-02-06,8,97,7,1,3,4,1,0,0
462,2026-02-07,8,105,6,2,0,6,1,0,1
462,2026-02-08,15,120,12,3,3,8,3,1,0
462,2026-02-09,8,128,4,4,0,4,2,0,2
462,2026-02-10,11,139,10,1,4,5,1,1,0
463,2026-01-14,0,0,0,0,0,0,0,0,0
463,2026-01-15,0,0,0,0,0,0,0,0,0
463,2026-01-16,0,0,0,0,0,0,0,0,0
463,2026-01-17,0,0,0,0,0,0,0,0,0
463,2026-01-18,0,0,0,0,0,0,0,0,0
463,2026-01-19,0,0,0,0,0,0,0,0,0
463,2026-01-20,0,0,0,0,0,0,0,0,0
463,2026-01-21,0,0,0,0,0,0,0,0,0
463,2026-01-22,0,0,0,0,0,0,0,0,0
463,2026-01-23,0,0,0,0,0,0,0,0,0
463,2026-01-24,0,0,0,0,0,0,0,0,0
463,2026-01-25,5,5,4,1,1,3,1,0,0
463,2026-01-26,0,5,0,0,0,0,0,0,0
463,2026-01-27,2,7,2,0,0,1,0,1,0
463,2026-01-28,2,9,2,0,0,1,0,1,0
463,2026-01-29,3,12,3,0,0,3,0,0,0
463,2026-01-30,3,15,2,1,2,0,0,0,1
463,2026-01-31,2,17,2,0,2,0,0,0,0
463,2026-02-01,2,19,2,0,0,2,0,0,0
463,2026-02-02,3,22,3,0,0,3,0,0,0
463,2026-02-03,2,24,2,0,1,0,0,1,0
463,2026-02-04,3,27,1,2,0,1,2,0,0
463,2026-02-05,3,30,3,0,1,1,0,1,0
463,2026-02-06,3,33,3,0,1,2,0,0,0
463,2026-02-07,5,38,3,2,0,3,2,0,0
463,2026-02-08,1,39,1,0,0,1,0,0,0
463,2026-02-09,1,40,1,0,1,0,0,0,0
463,2026-02-10,4,44,3,1,1,2,1,0,0
464,2026-01-14,0,0,0,0,0,0,0,0,0
464,2026-01-15,0,0,0,0,0,0,0,0,0
464,2026-01-16,0,0,0,0,0,0,0,0,0
464,2026-01-17,0,0,0,0,0,0,0,0,0
464,2026-01-18,0,0,0,0,0,0,0,0,0
464,2026-01-19,0,0,0,0,0,0,0,0,0
464,2026-01-20,0,0,0,0,0,0,0,0,0
464,2026-01-21,0,0,0,0,0,0,0,0,0
464,2026-01-22,0,0,0,0,0,0,0,0,0
464,2026-01-23,0,0,0,0,0,0,0,0,0
464,2026-01-24,0,0,0,0,0,0,0,0,0
464,2026-01-25,3,3,2,1,1,1,1,0,0
464,2026-01-26,5,8,4,1,1,3,1,0,0
464,2026-01-27,6,14,4,2,0,3,1,1,1
464,2026-01-28,2,16,1,1,1,0,1,0,0
464,2026-01-29,3,19,3,0,0,2,0,1,0
464,2026-01-30,2,21,2,0,1,1,0,0,0
464,2026-01-31,1,22,1,0,0,1,0,0,0
464,2026-02-01,7,29,6,1,3,3,1,0,0
464,2026-02-02,2,31,2,0,1,0,0,1,0
464,2026-02-03,7,38,6,1,2,3,1,1,0
464,2026-02-04,3,41,3,0,1,1,0,1,0
464,2026-02-05,6,47,5,1,4,1,1,0,0
464,2026-02-06,5,52,3,2,3,0,2,0,0
464,2026-02-07,4,56,3,1,1,2,1,0,0
464,2026-02-08,9,65,9,0,1,7,0,1,0
464,2026-02-09,4,69,4,0,3,1,0,0,0
464,2026-02-10,11,80,7,4,3,2,2,2,2
465,2026-01-14,0,0,0,0,0,0,0,0,0
465,2026-01-15,0,0,0,0,0,0,0,0,0
465,2026-01-16,0,0,0,0,0,0,0,0,0
465,2026-01-17,0,0,0,0,0,0,0,0,0
465,2026-01-18,0,0,0,0,0,0,0,0,0
465,2026-01-19,0,0,0,0,0,0,0,0,0
465,2026-01-20,0,0,0,0,0,0,0,0,0
465,2026-01-21,0,0,0,0,0,0,0,0,0
465,2026-01-22,0,0,0,0,0,0,0,0,0
465,2026-01-23,0,0,0,0,0,0,0,0,0
465,2026-01-24,0,0,0,0,0,0,0,0,0
465,2026-01-25,12,12,10,2,2,7,2,1,0
465,2026-01-26,4,16,1,3,0,1,2,0,1
465,2026-01-27,9,25,6,3,3,2,3,1,0
465,2026-01-28,8,33,5,3,3,2,3,0,0
465,2026-01-29,5,38,5,0,3,2,0,0,0
465,2026-01-30,4,42,3,1,0,2,1,1,0
465,2026-01-31,3,45,3,0,1,2,0,0,0
465,2026-02-01,13,58,12,1,6,5,1,1,0
465,2026-02-02,6,64,5,1,0,5,1,0,0
465,2026-02-03,11,75,7,4,3,2,3,2,1
465,2026-02-04,8,83,6,2,0,6,1,0,1
465,2026-02-05,11,94,10,1,2,7,1,1,0
465,2026-02-06,13,107,10,3,3,6,3,1,0
465,2026-02-07,12,119,8,4,1,6,4,1,0
465,2026-02-08,11,130,8,3,2,4,2,2,1
465,2026-02-09,9,139,8,1,3,5,1,0,0
465,2026-02-10,8,147,3,5,1,2,4,0,1
466,2026-01-14,0,0,0,0,0,0,0,0,0
466,2026-01-15,0,0,0,0,0,0,0,0,0
466,2026-01-16,0,0,0,0,0,0,0,0,0
466,2026-01-17,0,0,0,0,0,0,0,0,0
466,2026-01-18,0,0,0,0,0,0,0,0,0
466,2026-01-19,0,0,0,0,0,0,0,0,0
466,2026-01-20,0,0,0,0,0,0,0,0,0
466,2026-01-21,0,0,0,0,0,0,0,0,0
466,2026-01-22,0,0,0,0,0,0,0,0,0
466,2026-01-23,0,0,0,0,0,0,0,0,0
466,2026-01-24,0,0,0,0,0,0,0,0,0
466,2026-01-25,6,6,5,1,3,2,1,0,0
466,2026-01-26,0,6,0,0,0,0,0,0,0
466,2026-01-27,1,7,1,0,0,1,0,0,0
466,2026-01-28,2,9,2,0,1,1,0,0,0
466,2026-01-29,2,11,2,0,0,2,0,0,0
466,2026-01-30,4,15,3,1,0,2,1,1,0
466,2026-01-31,4,19,4,0,1,3,0,0,0
466,2026-02-01,3,22,3,0,0,3,0,0,0
466,2026-02-02,5,27,4,1,3,1,1,0,0
466,2026-02-03,7,34,6,1,1,5,0,0,1
466,2026-02-04,4,38,3,1,0,3,1,0,0
466,2026-02-05,6,44,5,1,2,3,1,0,0
466,2026-02-06,5,49,4,1,0,2,1,2,0
466,2026-02-07,5,54,5,0,0,5,0,0,0
466,2026-02-08,11,65,9,2,4,4,2,1,0
466,2026-02-09,6,71,5,1,2,3,1,0,0
466,2026-02-10,9,80,8,1,3,5,1,0,0
467,2026-01-14,0,0,0,0,0,0,0,0,0
467,2026-01-15,0,0,0,0,0,0,0,0,0
467,2026-01-16,0,0,0,0,0,0,0,0,0
467,2026-01-17,0,0,0,0,0,0,0,0,0
467,2026-01-18,0,0,0,0,0,0,0,0,0
467,2026-01-19,0,0,0,0,0,0,0,0,0
467,2026-01-20,0,0,0,0,0,0,0,0,0
467,2026-01-21,0,0,0,0,0,0,0,0,0
467,2026-01-22,0,0,0,0,0,0,0,0,0
467,2026-01-23,0,0,0,0,0,0,0,0,0
467,2026-01-24,0,0,0,0,0,0,0,0,0
467,2026-01-25,4,4,3,1,0,3,1,0,0
467,2026-01-26,3,7,2,1,1,1,1,0,0
467,2026-01-27,2,9,2,0,0,2,0,0,0
467,2026-01-28,2,11,1,1,1,0,1,0,0
467,2026-01-29,4,15,4,0,0,3,0,1,0
467,2026-01-30,2,17,0,2,0,0,1,0,1
467,2026-01-31,3,20,2,1,0,2,1,0,0
467,2026-02-01,4,24,3,1,2,1,1,0,0
467,2026-02-02,8,32,5,3,1,4,3,0,0
467,2026-02-03,4,36,4,0,1,3,0,0,0
467,2026-02-04,3,39,3,0,1,2,0,0,0
467,2026-02-05,7,46,7,0,2,4,0,1,0
467,2026-02-06,8,54,7,1,3,2,1,2,0
467,2026-02-07,6,60,5,1,3,2,1,0,0
467,2026-02-08,4,64,4,0,1,3,0,0,0
467,2026-02-09,5,69,4,1,0,4,1,0,0
467,2026-02-10,9,78,8,1,2,4,1,2,0
468,2026-01-14,0,0,0,0,0,0,0,0,0
468,2026-01-15,0,0,0,0,0,0,0,0,0
468,2026-01-16,0,0,0,0,0,0,0,0,0
468,2026-01-17,0,0,0,0,0,0,0,0,0
468,2026-01-18,0,0,0,0,0,0,0,0,0
468,2026-01-19,0,0,0,0,0,0,0,0,0
468,2026-01-20,0,0,0,0,0,0,0,0,0
468,2026-01-21,0,0,0,0,0,0,0,0,0
468,2026-01-22,0,0,0,0,0,0,0,0,0
468,2026-01-23,0,0,0,0,0,0,0,0,0
468,2026-01-24,0,0,0,0,0,0,0,0,0
468,2026-01-25,5,5,4,1,1,3,0,0,1
468,2026-01-26,0,5,0,0,0,0,0,0,0
468,2026-01-27,2,7,2,0,0,2,0,0,0
468,2026-01-28,5,12,4,1,1,2,0,1,1
468,2026-01-29,3,15,2,1,0,2,1,0,0
468,2026-01-30,2,17,2,0,0,1,0,1,0
468,2026-01-31,3,20,2,1,0,2,0,0,1
468,2026-02-01,4,24,3,1,1,1,1,1,0
468,2026-02-02,4,28,4,0,0,4,0,0,0
468,2026-02-03,5,33,5,0,3,1,0,1,0
468,2026-02-04,4,37,4,0,1,3,0,0,0
468,2026-02-05,7,44,5,2,1,3,2,1,0
468,2026-02-06,4,48,2,2,0,2,2,0,0
468,2026-02-07,8,56,6,2,2,4,1,0,1
468,2026-02-08,6,62,5,1,1,2,1,2,0
468,2026-02-09,9,71,8,1,2,5,1,1,0
468,2026-02-10,9,80,6,3,2,4,3,0,0
469,2026-01-14,0,0,0,0,0,0,0,0,0
469,2026-01-15,0,0,0,0,0,0,0,0,0
469,2026-01-16,0,0,0,0,0,0,0,0,0
469,2026-01-17,0,0,0,0,0,0,0,0,0
469,2026-01-18,0,0,0,0,0,0,0,0,0
469,2026-01-19,0,0,0,0,0,0,0,0,0
469,2026-01-20,0,0,0,0,0,0,0,0,0
469,2026-01-21,0,0,0,0,0,0,0,0,0
469,2026-01-22,0,0,0,0,0,0,0,0,0
469,2026-01-23,0,0,0,0,0,0,0,0,0
469,2026-01-24,0,0,0,0,0,0,0,0,0
469,2026-01-25,3,3,3,0,1,2,0,0,0
469,2026-01-26,6,9,6,0,4,2,0,0,0
469,2026-01-27,6,15,5,1,3,2,1,0,0
469,2026-01-28,2,17,1,1,0,1,1,0,0
469,2026-01-29,3,20,2,1,0,2,1,0,0
469,2026-01-30,8,28,6,2,1,5,2,0,0
469,2026-01-31,2,30,2,0,0,2,0,0,0
469,2026-02-01,5,35,5,0,2,3,0,0,0
469,2026-02-02,6,41,6,0,0,5,0,1,0
469,2026-02-03,7,48,6,1,2,3,0,1,1
469,2026-02-04,9,57,7,2,3,4,2,0,0
469,2026-02-05,13,70,8,5,1,6,2,1,3
469,2026-02-06,9,79,7,2,2,5,2,0,0
469,2026-02-07,6,85,4,2,0,4,1,0,1
469,2026-02-08,15,100,13,2,5,8,2,0,0
469,2026-02-09,8,108,6,2,3,2,2,1,0
469,2026-02-10,11,119,8,3,2,4,2,2,1
470,2026-01-14,0,0,0,0,0,0,0,0,0
470,2026-01-15,0,0,0,0,0,0,0,0,0
470,2026-01-16,0,0,0,0,0,0,0,0,0
470,2026-01-17,0,0,0,0,0,0,0,0,0
470,2026-01-18,0,0,0,0,0,0,0,0,0
470,2026-01-19,0,0,0,0,0,0,0,0,0
470,2026-01-20,0,0,0,0,0,0,0,0,0
470,2026-01-21,0,0,0,0,0,0,0,0,0
470,2026-01-22,0,0,0,0,0,0,0,0,0
470,2026-01-23,0,0,0,0,0,0,0,0,0
470,2026-01-24,0,0,0,0,0,0,0,0,0
470,2026-01-25,10,10,9,1,3,6,1,0,0
470,2026-01-26,6,16,6,0,1,4,0,1,0
470,2026-01-27,6,22,4,2,4,0,1,0,1
470,2026-01-28,7,29,6,1,0,5,0,1,1
470,2026-01-29,4,33,3,1,0,2,0,1,1
470,2026-01-30,3,36,3,0,1,2,0,0,0
470,2026-01-31,8,44,5,3,1,2,3,2,0
470,2026-02-01,7,51,7,0,2,4,0,1,0
470,2026-02-02,9,60,7,2,1,5,2,1,0
470,2026-02-03,8,68,5,3,2,2,3,1,0
470,2026-02-04,5,73,5,0,2,1,0,2,0
470,2026-02-05,8,81,6,2,1,5,2,0,0
470,2026-02-06,14,95,12,2,3,9,1,0,1
470,2026-02-07,11,106,10,1,2,6,1,2,0
470,2026-02-08,11,117,9,2,3,6,2,0,0
470,2026-02-09,12,129,11,1,2,8,1,1,0
470,2026-02-10,13,142,11,2,4,7,0,0,2
471,2026-01-14,0,0,0,0,0,0,0,0,0
471,2026-01-15,0,0,0,0,0,0,0,0,0
471,2026-01-16,0,0,0,0,0,0,0,0,0
471,2026-01-17,0,0,0,0,0,0,0,0,0
471,2026-01-18,0,0,0,0,0,0,0,0,0
471,2026-01-19,0,0,0,0,0,0,0,0,0
471,2026-01-20,0,0,0,0,0,0,0,0,0
471,2026-01-21,0,0,0,0,0,0,0,0,0
471,2026-01-22,0,0,0,0,0,0,0,0,0
471,2026-01-23,0,0,0,0,0,0,0,0,0
471,2026-01-24,0,0,0,0,0,0,0,0,0
471,2026-01-25,5,5,4,1,3,1,1,0,0
471,2026-01-26,7,12,6,1,1,4,1,1,0
471,2026-01-27,3,15,3,0,0,2,0,1,0
471,2026-01-28,5,20,5,0,1,4,0,0,0
471,2026-01-29,5,25,5,0,1,4,0,0,0
471,2026-01-30,3,28,3,0,0,2,0,1,0
471,2026-01-31,7,35,7,0,2,4,0,1,0
471,2026-02-01,4,39,3,1,1,2,1,0,0
471,2026-02-02,11,50,7,4,3,2,3,2,1
471,2026-02-03,4,54,3,1,0,3,1,0,0
471,2026-02-04,6,60,4,2,1,3,1,0,1
471,2026-02-05,13,73,6,7,0,3,7,3,0
471,2026-02-06,9,82,8,1,1,6,0,1,1
471,2026-02-07,5,87,4,1,1,3,1,0,0
471,2026-02-08,11,98,10,1,1,7,1,2,0
471,2026-02-09,10,108,5,5,3,2,4,0,1
471,2026-02-10,13,121,10,3,4,2,2,4,1
472,2026-01-14,0,0,0,0,0,0,0,0,0
472,2026-01-15,0,0,0,0,0,0,0,0,0
472,2026-01-16,0,0,0,0,0,0,0,0,0
472,2026-01-17,0,0,0,0,0,0,0,0,0
472,2026-01-18,0,0,0,0,0,0,0,0,0
472,2026-01-19,0,0,0,0,0,0,0,0,0
472,2026-01-20,0,0,0,0,0,0,0,0,0
472,2026-01-21,0,0,0,0,0,0,0,0,0
472,2026-01-22,0,0,0,0,0,0,0,0,0
472,2026-01-23,0,0,0,0,0,0,0,0,0
472,2026-01-24,0,0,0,0,0,0,0,0,0
472,2026-01-25,11,11,8,3,4,3,3,1,0
472,2026-01-26,3,14,3,0,1,2,0,0,0
472,2026-01-27,2,16,2,0,0,1,0,1,0
472,2026-01-28,0,16,0,0,0,0,0,0,0
472,2026-01-29,7,23,6,1,2,2,1,2,0
472,2026-01-30,1,24,1,0,1,0,0,0,0
472,2026-01-31,2,26,2,0,1,1,0,0,0
472,2026-02-01,4,30,1,3,0,1,3,0,0
472,2026-02-02,3,33,3,0,1,2,0,0,0
472,2026-02-03,4,37,4,0,1,2,0,1,0
472,2026-02-04,7,44,5,2,0,3,2,2,0
472,2026-02-05,4,48,3,1,0,3,1,0,0
472,2026-02-06,5,53,4,1,2,2,1,0,0
472,2026-02-07,9,62,6,3,1,4,3,1,0
472,2026-02-08,7,69,6,1,0,5,1,1,0
472,2026-02-09,6,75,5,1,2,2,0,1,1
472,2026-02-10,7,82,6,1,2,3,1,1,0
473,2026-01-14,0,0,0,0,0,0,0,0,0
473,2026-01-15,0,0,0,0,0,0,0,0,0
473,2026-01-16,0,0,0,0,0,0,0,0,0
473,2026-01-17,0,0,0,0,0,0,0,0,0
473,2026-01-18,0,0,0,0,0,0,0,0,0
473,2026-01-19,0,0,0,0,0,0,0,0,0
473,2026-01-20,0,0,0,0,0,0,0,0,0
473,2026-01-21,0,0,0,0,0,0,0,0,0
473,2026-01-22,0,0,0,0,0,0,0,0,0
473,2026-01-23,0,0,0,0,0,0,0,0,0
473,2026-01-24,0,0,0,0,0,0,0,0,0
473,2026-01-25,7,7,4,3,1,2,3,1,0
473,2026-01-26,2,9,1,1,0,1,1,0,0
473,2026-01-27,11,20,9,2,3,5,1,1,1
473,2026-01-28,3,23,3,0,0,3,0,0,0
473,2026-01-29,6,29,6,0,3,2,0,1,0
473,2026-01-30,3,32,2,1,2,0,1,0,0
473,2026-01-31,8,40,5,3,2,3,3,0,0
473,2026-02-01,5,45,5,0,3,1,0,1,0
473,2026-02-02,6,51,5,1,1,3,1,1,0
473,2026-02-03,13,64,11,2,3,7,2,1,0
473,2026-02-04,12,76,9,3,0,8,3,1,0
473,2026-02-05,9,85,6,3,3,3,2,0,1
473,2026-02-06,11,96,8,3,0,6,2,2,1
473,2026-02-07,7,103,5,2,3,2,1,0,1
473,2026-02-08,10,113,7,3,6,0,3,1,0
473,2026-02-09,16,129,14,2,5,7,2,2,0
473,2026-02-10,13,142,12,1,5,5,1,2,0
474,2026-01-14,0,0,0,0,0,0,0,0,0
474,2026-01-15,0,0,0,0,0,0,0,0,0
474,2026-01-16,0,0,0,0,0,0,0,0,0
474,2026-01-17,0,0,0,0,0,0,0,0,0
474,2026-01-18,0,0,0,0,0,0,0,0,0
474,2026-01-19,0,0,0,0,0,0,0,0,0
474,2026-01-20,0,0,0,0,0,0,0,0,0
474,2026-01-21,0,0,0,0,0,0,0,0,0
474,2026-01-22,0,0,0,0,0,0,0,0,0
474,2026-01-23,0,0,0,0,0,0,0,0,0
474,2026-01-24,0,0,0,0,0,0,0,0,0
474,2026-01-25,13,13,11,2,3,7,1,1,1
474,2026-01-26,5,18,2,3,1,0,2,1,1
474,2026-01-27,9,27,6,3,1,4,1,1,2
474,2026-01-28,11,38,9,2,1,7,2,1,0
474,2026-01-29,7,45,7,0,4,3,0,0,0
474,2026-01-30,7,52,6,1,4,2,0,0,1
474,2026-01-31,7,59,5,2,3,2,1,0,1
474,2026-02-01,12,71,9,3,2,6,3,1,0
474,2026-02-02,4,75,2,2,1,0,1,1,1
474,2026-02-03,12,87,10,2,3,6,2,1,0
474,2026-02-04,14,101,11,3,5,5,3,1,0
474,2026-02-05,8,109,6,2,0,5,2,1,0
474,2026-02-06,11,120,7,4,0,7,2,0,2
474,2026-02-07,11,131,8,3,2,4,3,2,0
474,2026-02-08,11,142,9,2,5,3,2,1,0
474,2026-02-09,12,154,6,6,1,4,6,1,0
474,2026-02-10,14,168,10,4,1,8,3,1,1
475,2026-01-14,0,0,0,0,0,0,0,0,0
475,2026-01-15,0,0,0,0,0,0,0,0,0
475,2026-01-16,0,0,0,0,0,0,0,0,0
475,2026-01-17,0,0,0,0,0,0,0,0,0
475,2026-01-18,0,0,0,0,0,0,0,0,0
475,2026-01-19,0,0,0,0,0,0,0,0,0
475,2026-01-20,0,0,0,0,0,0,0,0,0
475,2026-01-21,0,0,0,0,0,0,0,0,0
475,2026-01-22,0,0,0,0,0,0,0,0,0
475,2026-01-23,0,0,0,0,0,0,0,0,0
475,2026-01-24,0,0,0,0,0,0,0,0,0
475,2026-01-25,7,7,5,2,2,3,2,0,0
475,2026-01-26,3,10,2,1,0,2,1,0,0
475,2026-01-27,1,11,1,0,0,0,0,1,0
475,2026-01-28,6,17,5,1,4,1,0,0,1
475,2026-01-29,3,20,2,1,0,2,1,0,0
475,2026-01-30,5,25,5,0,1,3,0,1,0
475,2026-01-31,6,31,5,1,1,3,1,1,0
475,2026-02-01,8,39,8,0,3,5,0,0,0
475,2026-02-02,8,47,6,2,2,4,2,0,0
475,2026-02-03,11,58,11,0,4,5,0,2,0
475,2026-02-04,10,68,10,0,3,7,0,0,0
475,2026-02-05,6,74,5,1,3,0,1,2,0
475,2026-02-06,10,84,10,0,5,4,0,1,0
475,2026-02-07,2,86,2,0,0,2,0,0,0
475,2026-02-08,9,95,8,1,1,7,0,0,1
475,2026-02-09,10,105,8,2,1,6,2,1,0
475,2026-02-10,7,112,2,5,1,1,4,0,1
476,2026-01-14,0,0,0,0,0,0,0,0,0
476,2026-01-15,0,0,0,0,0,0,0,0,0
476,2026-01-16,0,0,0,0,0,0,0,0,0
476,2026-01-17,0,0,0,0,0,0,0,0,0
476,2026-01-18,0,0,0,0,0,0,0,0,0
476,2026-01-19,0,0,0,0,0,0,0,0,0
476,2026-01-20,0,0,0,0,0,0,0,0,0
476,2026-01-21,0,0,0,0,0,0,0,0,0
476,2026-01-22,0,0,0,0,0,0,0,0,0
476,2026-01-23,0,0,0,0,0,0,0,0,0
476,2026-01-24,0,0,0,0,0,0,0,0,0
476,2026-01-25,6,6,3,3,1,2,3,0,0
476,2026-01-26,5,11,5,0,1,4,0,0,0
476,2026-01-27,5,16,4,1,1,3,1,0,0
476,2026-01-28,5,21,4,1,1,1,1,2,0
476,2026-01-29,5,26,3,2,0,3,2,0,0
476,2026-01-30,11,37,7,4,2,4,3,1,1
476,2026-01-31,4,41,2,2,1,1,2,0,0
476,2026-02-01,3,44,3,0,1,2,0,0,0
476,2026-02-02,7,51,4,3,2,1,3,1,0
476,2026-02-03,9,60,6,3,3,3,3,0,0
476,2026-02-04,9,69,6,3,1,5,3,0,0
476,2026-02-05,8,77,6,2,0,6,2,0,0
476,2026-02-06,7,84,5,2,1,2,2,2,0
476,2026-02-07,11,95,9,2,2,6,2,1,0
476,2026-02-08,8,103,6,2,2,2,2,2,0
476,2026-02-09,3,106,3,0,2,0,0,1,0
476,2026-02-10,9,115,8,1,0,7,0,1,1
477,2026-01-14,0,0,0,0,0,0,0,0,0
477,2026-01-15,0,0,0,0,0,0,0,0,0
477,2026-01-16,0,0,0,0,0,0,0,0,0
477,2026-01-17,0,0,0,0,0,0,0,0,0
477,2026-01-18,0,0,0,0,0,0,0,0,0
477,2026-01-19,0,0,0,0,0,0,0,0,0
477,2026-01-20,0,0,0,0,0,0,0,0,0
477,2026-01-21,0,0,0,0,0,0,0,0,0
477,2026-01-22,0,0,0,0,0,0,0,0,0
477,2026-01-23,0,0,0,0,0,0,0,0,0
477,2026-01-24,0,0,0,0,0,0,0,0,0
477,2026-01-25,4,4,3,1,1,2,0,0,1
477,2026-01-26,4,8,4,0,0,4,0,0,0
477,2026-01-27,1,9,1,0,0,1,0,0,0
477,2026-01-28,4,13,3,1,1,2,1,0,0
477,2026-01-29,1,14,0,1,0,0,1,0,0
477,2026-01-30,13,27,9,4,4,5,4,0,0
477,2026-01-31,4,31,2,2,0,2,1,0,1
477,2026-02-01,5,36,4,1,3,1,1,0,0
477,2026-02-02,7,43,7,0,3,3,0,1,0
477,2026-02-03,7,50,7,0,1,4,0,2,0
477,2026-02-04,6,56,4,2,2,2,2,0,0
477,2026-02-05,6,62,3,3,1,2,2,0,1
477,2026-02-06,11,73,8,3,2,5,2,1,1
477,2026-02-07,8,81,6,2,3,3,2,0,0
477,2026-02-08,8,89,3,5,1,2,2,0,3
477,2026-02-09,10,99,7,3,2,4,2,1,1
477,2026-02-10,6,105,5,1,2,3,1,0,0
478,2026-01-14,0,0,0,0,0,0,0,0,0
478,2026-01-15,0,0,0,0,0,0,0,0,0
478,2026-01-16,0,0,0,0,0,0,0,0,0
478,2026-01-17,0,0,0,0,0,0,0,0,0
478,2026-01-18,0,0,0,0,0,0,0,0,0
478,2026-01-19,0,0,0,0,0,0,0,0,0
478,2026-01-20,0,0,0,0,0,0,0,0,0
478,2026-01-21,0,0,0,0,0,0,0,0,0
478,2026-01-22,0,0,0,0,0,0,0,0,0
478,2026-01-23,0,0,0,0,0,0,0,0,0
478,2026-01-24,0,0,0,0,0,0,0,0,0
478,2026-01-25,10,10,9,1,2,5,1,2,0
478,2026-01-26,2,12,2,0,1,1,0,0,0
478,2026-01-27,3,15,3,0,2,1,0,0,0
478,2026-01-28,5,20,5,0,1,4,0,0,0
478,2026-01-29,4,24,4,0,3,1,0,0,0
478,2026-01-30,4,28,3,1,1,2,1,0,0
478,2026-01-31,5,33,4,1,2,2,0,0,1
478,2026-02-01,7,40,4,3,0,4,3,0,0
478,2026-02-02,1,41,1,0,0,1,0,0,0
478,2026-02-03,8,49,5,3,2,3,3,0,0
478,2026-02-04,4,53,2,2,1,1,1,0,1
478,2026-02-05,8,61,6,2,0,3,1,3,1
478,2026-02-06,8,69,7,1,4,3,1,0,0
478,2026-02-07,5,74,4,1,1,1,1,2,0
478,2026-02-08,9,83,8,1,2,5,1,1,0
478,2026-02-09,9,92,9,0,4,5,0,0,0
478,2026-02-10,4,96,4,0,1,2,0,1,0
479,2026-01-14,0,0,0,0,0,0,0,0,0
479,2026-01-15,0,0,0,0,0,0,0,0,0
479,2026-01-16,0,0,0,0,0,0,0,0,0
479,2026-01-17,0,0,0,0,0,0,0,0,0
479,2026-01-18,0,0,0,0,0,0,0,0,0
479,2026-01-19,0,0,0,0,0,0,0,0,0
479,2026-01-20,0,0,0,0,0,0,0,0,0
479,2026-01-21,0,0,0,0,0,0,0,0,0
479,2026-01-22,0,0,0,0,0,0,0,0,0
479,2026-01-23,0,0,0,0,0,0,0,0,0
479,2026-01-24,0,0,0,0,0,0,0,0,0
479,2026-01-25,9,9,8,1,0,7,1,1,0
479,2026-01-26,6,15,5,1,1,4,1,0,0
479,2026-01-27,8,23,7,1,0,6,1,1,0
479,2026-01-28,8,31,8,0,4,3,0,1,0
479,2026-01-29,5,36,3,2,2,1,1,0,1
479,2026-01-30,9,45,8,1,0,8,1,0,0
479,2026-01-31,14,59,13,1,5,6,1,2,0
479,2026-02-01,18,77,13,5,7,6,2,0,3
479,2026-02-02,14,91,12,2,7,5,1,0,1
479,2026-02-03,14,105,10,4,4,4,3,2,1
479,2026-02-04,11,116,10,1,1,9,1,0,0
479,2026-02-05,16,132,14,2,4,8,2,2,0
479,2026-02-06,14,146,13,1,2,7,0,4,1
479,2026-02-07,17,163,15,2,5,9,1,1,1
479,2026-02-08,12,175,9,3,0,8,3,1,0
479,2026-02-09,22,197,18,4,2,15,2,1,2
479,2026-02-10,16,213,15,1,4,11,0,0,1
480,2026-01-14,0,0,0,0,0,0,0,0,0
480,2026-01-15,0,0,0,0,0,0,0,0,0
480,2026-01-16,0,0,0,0,0,0,0,0,0
480,2026-01-17,0,0,0,0,0,0,0,0,0
480,2026-01-18,0,0,0,0,0,0,0,0,0
480,2026-01-19,0,0,0,0,0,0,0,0,0
480,2026-01-20,0,0,0,0,0,0,0,0,0
480,2026-01-21,0,0,0,0,0,0,0,0,0
480,2026-01-22,0,0,0,0,0,0,0,0,0
480,2026-01-23,0,0,0,0,0,0,0,0,0
480,2026-01-24,0,0,0,0,0,0,0,0,0
480,2026-01-25,5,5,3,2,1,2,2,0,0
480,2026-01-26,2,7,2,0,0,2,0,0,0
480,2026-01-27,3,10,1,2,0,1,1,0,1
480,2026-01-28,3,13,2,1,1,1,1,0,0
480,2026-01-29,4,17,4,0,3,1,0,0,0
480,2026-01-30,6,23,4,2,3,1,1,0,1
480,2026-01-31,5,28,5,0,0,5,0,0,0
480,2026-02-01,3,31,3,0,0,3,0,0,0
480,2026-02-02,6,37,3,3,0,2,3,1,0
480,2026-02-03,6,43,5,1,4,1,1,0,0
480,2026-02-04,6,49,5,1,1,3,1,1,0
480,2026-02-05,8,57,6,2,3,3,1,0,1
480,2026-02-06,7,64,6,1,0,5,1,1,0
480,2026-02-07,7,71,5,2,3,1,1,1,1
480,2026-02-08,5,76,4,1,2,1,1,1,0
480,2026-02-09,11,87,7,4,2,4,3,1,1
480,2026-02-10,5,92,5,0,3,2,0,0,0
481,2026-01-14,0,0,0,0,0,0,0,0,0
481,2026-01-15,0,0,0,0,0,0,0,0,0
481,2026-01-16,0,0,0,0,0,0,0,0,0
481,2026-01-17,0,0,0,0,0,0,0,0,0
481,2026-01-18,0,0,0,0,0,0,0,0,0
481,2026-01-19,0,0,0,0,0,0,0,0,0
481,2026-01-20,0,0,0,0,0,0,0,0,0
481,2026-01-21,0,0,0,0,0,0,0,0,0
481,2026-01-22,0,0,0,0,0,0,0,0,0
481,2026-01-23,0,0,0,0,0,0,0,0,0
481,2026-01-24,0,0,0,0,0,0,0,0,0
481,2026-01-25,2,2,2,0,0,2,0,0,0
481,2026-01-26,3,5,2,1,0,2,0,0,1
481,2026-01-27,2,7,1,1,0,1,0,0,1
481,2026-01-28,1,8,1,0,0,1,0,0,0
481,2026-01-29,1,9,1,0,1,0,0,0,0
481,2026-01-30,6,15,5,1,0,4,0,1,1
481,2026-01-31,3,18,2,1,1,1,1,0,0
481,2026-02-01,3,21,3,0,1,2,0,0,0
481,2026-02-02,4,25,4,0,2,2,0,0,0
481,2026-02-03,3,28,2,1,0,2,1,0,0
481,2026-02-04,4,32,4,0,1,2,0,1,0
481,2026-02-05,2,34,2,0,2,0,0,0,0
481,2026-02-06,3,37,3,0,2,1,0,0,0
481,2026-02-07,6,43,6,0,1,5,0,0,0
481,2026-02-08,3,46,3,0,1,2,0,0,0
481,2026-02-09,3,49,3,0,1,0,0,2,0
481,2026-02-10,6,55,4,2,3,1,2,0,0
482,2026-01-14,0,0,0,0,0,0,0,0,0
482,2026-01-15,0,0,0,0,0,0,0,0,0
482,2026-01-16,0,0,0,0,0,0,0,0,0
482,2026-01-17,0,0,0,0,0,0,0,0,0
482,2026-01-18,0,0,0,0,0,0,0,0,0
482,2026-01-19,0,0,0,0,0,0,0,0,0
482,2026-01-20,0,0,0,0,0,0,0,0,0
482,2026-01-21,0,0,0,0,0,0,0,0,0
482,2026-01-22,0,0,0,0,0,0,0,0,0
482,2026-01-23,0,0,0,0,0,0,0,0,0
482,2026-01-24,0,0,0,0,0,0,0,0,0
482,2026-01-25,5,5,5,0,1,3,0,1,0
482,2026-01-26,2,7,2,0,1,0,0,1,0
482,2026-01-27,0,7,0,0,0,0,0,0,0
482,2026-01-28,6,13,3,3,1,2,3,0,0
482,2026-01-29,6,19,5,1,1,3,1,1,0
482,2026-01-30,1,20,1,0,0,1,0,0,0
482,2026-01-31,6,26,5,1,2,3,0,0,1
482,2026-02-01,4,30,3,1,0,2,1,1,0
482,2026-02-02,1,31,0,1,0,0,1,0,0
482,2026-02-03,9,40,7,2,3,3,1,1,1
482,2026-02-04,4,44,4,0,1,2,0,1,0
482,2026-02-05,6,50,5,1,1,4,1,0,0
482,2026-02-06,2,52,1,1,1,0,1,0,0
482,2026-02-07,1,53,1,0,0,1,0,0,0
482,2026-02-08,6,59,6,0,0,4,0,2,0
482,2026-02-09,3,62,2,1,0,2,1,0,0
482,2026-02-10,9,71,8,1,4,3,1,1,0
483,2026-01-14,0,0,0,0,0,0,0,0,0
483,2026-01-15,0,0,0,0,0,0,0,0,0
483,2026-01-16,0,0,0,0,0,0,0,0,0
483,2026-01-17,0,0,0,0,0,0,0,0,0
483,2026-01-18,0,0,0,0,0,0,0,0,0
483,2026-01-19,0,0,0,0,0,0,0,0,0
483,2026-01-20,0,0,0,0,0,0,0,0,0
483,2026-01-21,0,0,0,0,0,0,0,0,0
483,2026-01-22,0,0,0,0,0,0,0,0,0
483,2026-01-23,0,0,0,0,0,0,0,0,0
483,2026-01-24,0,0,0,0,0,0,0,0,0
483,2026-01-25,5,5,5,0,1,3,0,1,0
483,2026-01-26,6,11,4,2,0,3,2,1,0
483,2026-01-27,2,13,2,0,0,2,0,0,0
483,2026-01-28,6,19,4,2,2,1,1,1,1
483,2026-01-29,0,19,0,0,0,0,0,0,0
483,2026-01-30,6,25,4,2,1,3,1,0,1
483,2026-01-31,2,27,2,0,1,1,0,0,0
483,2026-02-01,6,33,3,3,1,2,3,0,0
483,2026-02-02,7,40,4,3,3,1,2,0,1
483,2026-02-03,7,47,7,0,2,5,0,0,0
483,2026-02-04,4,51,2,2,1,0,2,1,0
483,2026-02-05,5,56,4,1,0,4,1,0,0
483,2026-02-06,8,64,5,3,1,4,3,0,0
483,2026-02-07,8,72,6,2,3,2,2,1,0
483,2026-02-08,5,77,3,2,0,3,2,0,0
483,2026-02-09,10,87,8,2,2,6,0,0,2
483,2026-02-10,4,91,4,0,2,2,0,0,0
484,2026-01-14,0,0,0,0,0,0,0,0,0
484,2026-01-15,0,0,0,0,0,0,0,0,0
484,2026-01-16,0,0,0,0,0,0,0,0,0
484,2026-01-17,0,0,0,0,0,0,0,0,0
484,2026-01-18,0,0,0,0,0,0,0,0,0
484,2026-01-19,0,0,0,0,0,0,0,0,0
484,2026-01-20,0,0,0,0,0,0,0,0,0
484,2026-01-21,0,0,0,0,0,0,0,0,0
484,2026-01-22,0,0,0,0,0,0,0,0,0
484,2026-01-23,0,0,0,0,0,0,0,0,0
484,2026-01-24,0,0,0,0,0,0,0,0,0
484,2026-01-25,12,12,9,3,3,6,2,0,1
484,2026-01-26,3,15,2,1,1,1,1,0,0
484,2026-01-27,0,15,0,0,0,0,0,0,0
484,2026-01-28,7,22,6,1,2,3,0,1,1
484,2026-01-29,1,23,1,0,0,1,0,0,0
484,2026-01-30,1,24,1,0,0,0,0,1,0
484,2026-01-31,5,29,2,3,1,1,3,0,0
484,2026-02-01,3,32,2,1,1,1,1,0,0
484,2026-02-02,1,33,1,0,1,0,0,0,0
484,2026-02-03,5,38,4,1,1,3,0,0,1
484,2026-02-04,7,45,6,1,1,5,0,0,1
484,2026-02-05,4,49,4,0,1,3,0,0,0
484,2026-02-06,7,56,6,1,2,4,1,0,0
484,2026-02-07,9,65,7,2,2,3,2,2,0
484,2026-02-08,3,68,3,0,0,2,0,1,0
484,2026-02-09,8,76,7,1,5,2,1,0,0
484,2026-02-10,8,84,5,3,2,3,3,0,0
485,2026-01-14,0,0,0,0,0,0,0,0,0
485,2026-01-15,0,0,0,0,0,0,0,0,0
485,2026-01-16,0,0,0,0,0,0,0,0,0
485,2026-01-17,0,0,0,0,0,0,0,0,0
485,2026-01-18,0,0,0,0,0,0,0,0,0
485,2026-01-19,0,0,0,0,0,0,0,0,0
485,2026-01-20,0,0,0,0,0,0,0,0,0
485,2026-01-21,0,0,0,0,0,0,0,0,0
485,2026-01-22,0,0,0,0,0,0,0,0,0
485,2026-01-23,0,0,0,0,0,0,0,0,0
485,2026-01-24,0,0,0,0,0,0,0,0,0
485,2026-01-25,7,7,7,0,1,6,0,0,0
485,2026-01-26,0,7,0,0,0,0,0,0,0
485,2026-01-27,4,11,4,0,2,2,0,0,0
485,2026-01-28,7,18,7,0,3,4,0,0,0
485,2026-01-29,3,21,1,2,0,1,0,0,2
485,2026-01-30,3,24,3,0,3,0,0,0,0
485,2026-01-31,4,28,2,2,1,1,2,0,0
485,2026-02-01,3,31,3,0,0,3,0,0,0
485,2026-02-02,2,33,1,1,1,0,1,0,0
485,2026-02-03,6,39,6,0,2,3,0,1,0
485,2026-02-04,12,51,9,3,2,6,1,1,2
485,2026-02-05,7,58,7,0,0,7,0,0,0
485,2026-02-06,6,64,4,2,1,3,2,0,0
485,2026-02-07,4,68,3,1,1,2,1,0,0
485,2026-02-08,13,81,12,1,3,9,1,0,0
485,2026-02-09,6,87,5,1,2,3,1,0,0
485,2026-02-10,6,93,6,0,3,3,0,0,0
486,2026-01-14,0,0,0,0,0,0,0,0,0
486,2026-01-15,0,0,0,0,0,0,0,0,0
486,2026-01-16,0,0,0,0,0,0,0,0,0
486,2026-01-17,0,0,0,0,0,0,0,0,0
486,2026-01-18,0,0,0,0,0,0,0,0,0
486,2026-01-19,0,0,0,0,0,0,0,0,0
486,2026-01-20,0,0,0,0,0,0,0,0,0
486,2026-01-21,0,0,0,0,0,0,0,0,0
486,2026-01-22,0,0,0,0,0,0,0,0,0
486,2026-01-23,0,0,0,0,0,0,0,0,0
486,2026-01-24,0,0,0,0,0,0,0,0,0
486,2026-01-25,11,11,10,1,4,5,1,1,0
486,2026-01-26,2,13,1,1,0,0,0,1,1
486,2026-01-27,4,17,3,1,1,2,1,0,0
486,2026-01-28,6,23,5,1,1,4,1,0,0
486,2026-01-29,4,27,2,2,0,2,2,0,0
486,2026-01-30,5,32,5,0,1,4,0,0,0
486,2026-01-31,3,35,3,0,2,1,0,0,0
486,2026-02-01,10,45,10,0,2,8,0,0,0
486,2026-02-02,5,50,5,0,2,3,0,0,0
486,2026-02-03,11,61,11,0,0,10,0,1,0
486,2026-02-04,5,66,4,1,2,2,1,0,0
486,2026-02-05,6,72,6,0,1,4,0,1,0
486,2026-02-06,18,90,12,6,5,7,5,0,1
486,2026-02-07,7,97,7,0,3,4,0,0,0
486,2026-02-08,9,106,8,1,3,4,1,1,0
486,2026-02-09,6,112,5,1,2,3,1,0,0
486,2026-02-10,8,120,7,1,1,6,1,0,0
487,2026-01-14,0,0,0,0,0,0,0,0,0
487,2026-01-15,0,0,0,0,0,0,0,0,0
487,2026-01-16,0,0,0,0,0,0,0,0,0
487,2026-01-17,0,0,0,0,0,0,0,0,0
487,2026-01-18,0,0,0,0,0,0,0,0,0
487,2026-01-19,0,0,0,0,0,0,0,0,0
487,2026-01-20,0,0,0,0,0,0,0,0,0
487,2026-01-21,0,0,0,0,0,0,0,0,0
487,2026-01-22,0,0,0,0,0,0,0,0,0
487,2026-01-23,0,0,0,0,0,0,0,0,0
487,2026-01-24,0,0,0,0,0,0,0,0,0
487,2026-01-25,9,9,3,6,0,2,5,1,1
487,2026-01-26,12,21,8,4,3,4,4,1,0
487,2026-01-27,5,26,5,0,3,2,0,0,0
487,2026-01-28,6,32,4,2,0,3,2,1,0
487,2026-01-29,8,40,3,5,2,1,4,0,1
487,2026-01-30,8,48,5,3,1,3,3,1,0
487,2026-01-31,14,62,5,9,3,1,8,1,1
487,2026-02-01,13,75,10,3,3,7,3,0,0
487,2026-02-02,11,86,5,6,3,2,4,0,2
487,2026-02-03,17,103,13,4,3,9,3,1,1
487,2026-02-04,14,117,10,4,4,6,4,0,0
487,2026-02-05,22,139,15,7,5,9,4,1,3
487,2026-02-06,11,150,8,3,3,5,2,0,1
487,2026-02-07,19,169,12,7,5,6,4,1,3
487,2026-02-08,18,187,12,6,3,7,2,2,4
487,2026-02-09,12,199,9,3,3,6,3,0,0
487,2026-02-10,8,207,6,2,3,3,1,0,1
488,2026-01-14,0,0,0,0,0,0,0,0,0
488,2026-01-15,0,0,0,0,0,0,0,0,0
488,2026-01-16,0,0,0,0,0,0,0,0,0
488,2026-01-17,0,0,0,0,0,0,0,0,0
488,2026-01-18,0,0,0,0,0,0,0,0,0
488,2026-01-19,0,0,0,0,0,0,0,0,0
488,2026-01-20,0,0,0,0,0,0,0,0,0
488,2026-01-21,0,0,0,0,0,0,0,0,0
488,2026-01-22,0,0,0,0,0,0,0,0,0
488,2026-01-23,0,0,0,0,0,0,0,0,0
488,2026-01-24,0,0,0,0,0,0,0,0,0
488,2026-01-25,5,5,3,2,0,2,1,1,1
488,2026-01-26,4,9,3,1,2,1,1,0,0
488,2026-01-27,3,12,3,0,1,2,0,0,0
488,2026-01-28,5,17,3,2,0,2,2,1,0
488,2026-01-29,7,24,5,2,3,2,2,0,0
488,2026-01-30,8,32,6,2,2,3,2,1,0
488,2026-01-31,5,37,3,2,1,2,1,0,1
488,2026-02-01,8,45,5,3,1,4,3,0,0
488,2026-02-02,4,49,3,1,1,2,1,0,0
488,2026-02-03,8,57,6,2,0,5,2,1,0
488,2026-02-04,2,59,2,0,1,1,0,0,0
488,2026-02-05,9,68,5,4,0,5,2,0,2
488,2026-02-06,6,74,5,1,1,4,1,0,0
488,2026-02-07,15,89,9,6,6,2,6,1,0
488,2026-02-08,12,101,9,3,2,6,2,1,1
488,2026-02-09,5,106,4,1,2,2,1,0,0
488,2026-02-10,6,112,4,2,0,4,2,0,0
489,2026-01-14,0,0,0,0,0,0,0,0,0
489,2026-01-15,0,0,0,0,0,0,0,0,0
489,2026-01-16,0,0,0,0,0,0,0,0,0
489,2026-01-17,0,0,0,0,0,0,0,0,0
489,2026-01-18,0,0,0,0,0,0,0,0,0
489,2026-01-19,0,0,0,0,0,0,0,0,0
489,2026-01-20,0,0,0,0,0,0,0,0,0
489,2026-01-21,0,0,0,0,0,0,0,0,0
489,2026-01-22,0,0,0,0,0,0,0,0,0
489,2026-01-23,0,0,0,0,0,0,0,0,0
489,2026-01-24,0,0,0,0,0,0,0,0,0
489,2026-01-25,5,5,5,0,1,4,0,0,0
489,2026-01-26,3,8,1,2,0,1,2,0,0
489,2026-01-27,3,11,3,0,0,3,0,0,0
489,2026-01-28,6,17,5,1,1,4,1,0,0
489,2026-01-29,2,19,2,0,0,2,0,0,0
489,2026-01-30,7,26,6,1,2,3,1,1,0
489,2026-01-31,2,28,1,1,0,0,1,1,0
489,2026-02-01,7,35,6,1,1,5,1,0,0
489,2026-02-02,8,43,7,1,5,2,1,0,0
489,2026-02-03,6,49,6,0,1,5,0,0,0
489,2026-02-04,8,57,6,2,3,3,1,0,1
489,2026-02-05,9,66,7,2,1,5,2,1,0
489,2026-02-06,5,71,4,1,0,3,1,1,0
489,2026-02-07,5,76,4,1,1,2,1,1,0
489,2026-02-08,3,79,3,0,1,2,0,0,0
489,2026-02-09,6,85,4,2,1,2,2,1,0
489,2026-02-10,6,91,5,1,0,3,1,2,0
490,2026-01-14,0,0,0,0,0,0,0,0,0
490,2026-01-15,0,0,0,0,0,0,0,0,0
490,2026-01-16,0,0,0,0,0,0,0,0,0
490,2026-01-17,0,0,0,0,0,0,0,0,0
490,2026-01-18,0,0,0,0,0,0,0,0,0
490,2026-01-19,0,0,0,0,0,0,0,0,0
490,2026-01-20,0,0,0,0,0,0,0,0,0
490,2026-01-21,0,0,0,0,0,0,0,0,0
490,2026-01-22,0,0,0,0,0,0,0,0,0
490,2026-01-23,0,0,0,0,0,0,0,0,0
490,2026-01-24,0,0,0,0,0,0,0,0,0
490,2026-01-25,6,6,5,1,2,3,0,0,1
490,2026-01-26,3,9,2,1,2,0,1,0,0
490,2026-01-27,2,11,1,1,0,1,1,0,0
490,2026-01-28,0,11,0,0,0,0,0,0,0
490,2026-01-29,5,16,3,2,0,3,1,0,1
490,2026-01-30,5,21,5,0,1,4,0,0,0
490,2026-01-31,4,25,4,0,1,3,0,0,0
490,2026-02-01,7,32,6,1,1,5,1,0,0
490,2026-02-02,5,37,4,1,1,3,1,0,0
490,2026-02-03,2,39,2,0,1,1,0,0,0
490,2026-02-04,4,43,0,4,0,0,4,0,0
490,2026-02-05,5,48,5,0,1,3,0,1,0
490,2026-02-06,7,55,6,1,2,4,1,0,0
490,2026-02-07,9,64,2,7,0,2,5,0,2
490,2026-02-08,7,71,6,1,3,3,1,0,0
490,2026-02-09,6,77,5,1,0,4,1,1,0
490,2026-02-10,9,86,7,2,1,6,2,0,0
491,2026-01-14,0,0,0,0,0,0,0,0,0
491,2026-01-15,0,0,0,0,0,0,0,0,0
491,2026-01-16,0,0,0,0,0,0,0,0,0
491,2026-01-17,0,0,0,0,0,0,0,0,0
491,2026-01-18,0,0,0,0,0,0,0,0,0
491,2026-01-19,0,0,0,0,0,0,0,0,0
491,2026-01-20,0,0,0,0,0,0,0,0,0
491,2026-01-21,0,0,0,0,0,0,0,0,0
491,2026-01-22,0,0,0,0,0,0,0,0,0
491,2026-01-23,0,0,0,0,0,0,0,0,0
491,2026-01-24,0,0,0,0,0,0,0,0,0
491,2026-01-25,5,5,4,1,1,3,1,0,0
491,2026-01-26,2,7,2,0,1,1,0,0,0
491,2026-01-27,2,9,2,0,1,1,0,0,0
491,2026-01-28,5,14,5,0,3,2,0,0,0
491,2026-01-29,4,18,3,1,0,2,0,1,1
491,2026-01-30,5,23,5,0,0,4,0,1,0
491,2026-01-31,6,29,6,0,1,3,0,2,0
491,2026-02-01,3,32,2,1,1,1,0,0,1
491,2026-02-02,8,40,6,2,2,3,1,1,1
491,2026-02-03,6,46,5,1,1,3,0,1,1
491,2026-02-04,8,54,8,0,2,4,0,2,0
491,2026-02-05,8,62,6,2,0,5,2,1,0
491,2026-02-06,8,70,8,0,0,6,0,2,0
491,2026-02-07,7,77,5,2,0,5,2,0,0
491,2026-02-08,8,85,7,1,3,4,1,0,0
491,2026-02-09,6,91,4,2,1,3,1,0,1
491,2026-02-10,7,98,7,0,2,5,0,0,0
492,2026-01-14,0,0,0,0,0,0,0,0,0
492,2026-01-15,0,0,0,0,0,0,0,0,0
492,2026-01-16,0,0,0,0,0,0,0,0,0
492,2026-01-17,0,0,0,0,0,0,0,0,0
492,2026-01-18,0,0,0,0,0,0,0,0,0
492,2026-01-19,0,0,0,0,0,0,0,0,0
492,2026-01-20,0,0,0,0,0,0,0,0,0
492,2026-01-21,0,0,0,0,0,0,0,0,0
492,2026-01-22,0,0,0,0,0,0,0,0,0
492,2026-01-23,0,0,0,0,0,0,0,0,0
492,2026-01-24,0,0,0,0,0,0,0,0,0
492,2026-01-25,14,14,11,3,1,9,1,1,2
492,2026-01-26,8,22,5,3,2,3,3,0,0
492,2026-01-27,6,28,4,2,0,3,1,1,1
492,2026-01-28,2,30,1,1,0,0,1,1,0
492,2026-01-29,4,34,4,0,2,2,0,0,0
492,2026-01-30,5,39,4,1,2,2,1,0,0
492,2026-01-31,4,43,3,1,0,1,1,2,0
492,2026-02-01,4,47,3,1,2,1,1,0,0
492,2026-02-02,2,49,1,1,0,1,1,0,0
492,2026-02-03,9,58,8,1,2,6,1,0,0
492,2026-02-04,10,68,9,1,1,7,0,1,1
492,2026-02-05,4,72,4,0,1,2,0,1,0
492,2026-02-06,9,81,6,3,2,2,3,2,0
492,2026-02-07,5,86,4,1,1,3,0,0,1
492,2026-02-08,10,96,8,2,1,6,2,1,0
492,2026-02-09,7,103,5,2,2,3,2,0,0
492,2026-02-10,13,116,10,3,5,2,2,3,1
493,2026-01-14,0,0,0,0,0,0,0,0,0
493,2026-01-15,0,0,0,0,0,0,0,0,0
493,2026-01-16,0,0,0,0,0,0,0,0,0
493,2026-01-17,0,0,0,0,0,0,0,0,0
493,2026-01-18,0,0,0,0,0,0,0,0,0
493,2026-01-19,0,0,0,0,0,0,0,0,0
493,2026-01-20,0,0,0,0,0,0,0,0,0
493,2026-01-21,0,0,0,0,0,0,0,0,0
493,2026-01-22,0,0,0,0,0,0,0,0,0
493,2026-01-23,0,0,0,0,0,0,0,0,0
493,2026-01-24,0,0,0,0,0,0,0,0,0
493,2026-01-25,5,5,4,1,0,2,0,2,1
493,2026-01-26,5,10,4,1,3,1,1,0,0
493,2026-01-27,4,14,4,0,1,2,0,1,0
493,2026-01-28,4,18,4,0,2,2,0,0,0
493,2026-01-29,5,23,4,1,2,2,1,0,0
493,2026-01-30,1,24,1,0,0,1,0,0,0
493,2026-01-31,6,30,4,2,0,4,0,0,2
493,2026-02-01,4,34,3,1,1,1,1,1,0
493,2026-02-02,6,40,4,2,0,4,2,0,0
493,2026-02-03,10,50,7,3,1,6,3,0,0
493,2026-02-04,9,59,7,2,3,3,2,1,0
493,2026-02-05,6,65,3,3,0,2,3,1,0
493,2026-02-06,12,77,9,3,4,3,3,2,0
493,2026-02-07,15,92,12,3,3,8,3,1,0
493,2026-02-08,12,104,10,2,3,6,0,1,2
493,2026-02-09,8,112,7,1,2,5,1,0,0
493,2026-02-10,11,123,9,2,4,5,1,0,1
494,2026-01-14,0,0,0,0,0,0,0,0,0
494,2026-01-15,0,0,0,0,0,0,0,0,0
494,2026-01-16,0,0,0,0,0,0,0,0,0
494,2026-01-17,0,0,0,0,0,0,0,0,0
494,2026-01-18,0,0,0,0,0,0,0,0,0
494,2026-01-19,0,0,0,0,0,0,0,0,0
494,2026-01-20,0,0,0,0,0,0,0,0,0
494,2026-01-21,0,0,0,0,0,0,0,0,0
494,2026-01-22,0,0,0,0,0,0,0,0,0
494,2026-01-23,0,0,0,0,0,0,0,0,0
494,2026-01-24,0,0,0,0,0,0,0,0,0
494,2026-01-25,6,6,3,3,1,2,3,0,0
494,2026-01-26,5,11,3,2,1,2,2,0,0
494,2026-01-27,2,13,2,0,0,1,0,1,0
494,2026-01-28,0,13,0,0,0,0,0,0,0
494,2026-01-29,4,17,4,0,1,3,0,0,0
494,2026-01-30,1,18,1,0,0,0,0,1,0
494,2026-01-31,3,21,3,0,1,1,0,1,0
494,2026-02-01,4,25,4,0,1,3,0,0,0
494,2026-02-02,5,30,3,2,0,3,2,0,0
494,2026-02-03,4,34,3,1,1,0,1,2,0
494,2026-02-04,3,37,2,1,0,2,1,0,0
494,2026-02-05,4,41,3,1,2,1,1,0,0
494,2026-02-06,7,48,7,0,3,2,0,2,0
494,2026-02-07,2,50,0,2,0,0,1,0,1
494,2026-02-08,4,54,2,2,0,1,2,1,0
494,2026-02-09,7,61,4,3,3,1,3,0,0
494,2026-02-10,8,69,8,0,1,5,0,2,0
495,2026-01-14,0,0,0,0,0,0,0,0,0
495,2026-01-15,0,0,0,0,0,0,0,0,0
495,2026-01-16,0,0,0,0,0,0,0,0,0
495,2026-01-17,0,0,0,0,0,0,0,0,0
495,2026-01-18,0,0,0,0,0,0,0,0,0
495,2026-01-19,0,0,0,0,0,0,0,0,0
495,2026-01-20,0,0,0,0,0,0,0,0,0
495,2026-01-21,0,0,0,0,0,0,0,0,0
495,2026-01-22,0,0,0,0,0,0,0,0,0
495,2026-01-23,0,0,0,0,0,0,0,0,0
495,2026-01-24,0,0,0,0,0,0,0,0,0
495,2026-01-25,4,4,3,1,0,1,1,2,0
495,2026-01-26,2,6,1,1,0,1,1,0,0
495,2026-01-27,2,8,1,1,0,0,1,1,0
495,2026-01-28,4,12,2,2,0,1,2,1,0
495,2026-01-29,6,18,5,1,3,2,1,0,0
495,2026-01-30,4,22,3,1,0,2,1,1,0
495,2026-01-31,1,23,1,0,0,1,0,0,0
495,2026-02-01,2,25,1,1,0,1,1,0,0
495,2026-02-02,3,28,2,1,0,2,1,0,0
495,2026-02-03,7,35,4,3,0,4,3,0,0
495,2026-02-04,4,39,4,0,1,3,0,0,0
495,2026-02-05,1,40,1,0,1,0,0,0,0
495,2026-02-06,6,46,5,1,0,2,1,3,0
495,2026-02-07,4,50,2,2,0,2,2,0,0
495,2026-02-08,4,54,3,1,0,2,0,1,1
495,2026-02-09,3,57,3,0,0,3,0,0,0
495,2026-02-10,1,58,0,1,0,0,1,0,0
496,2026-01-14,0,0,0,0,0,0,0,0,0
496,2026-01-15,0,0,0,0,0,0,0,0,0
496,2026-01-16,0,0,0,0,0,0,0,0,0
496,2026-01-17,0,0,0,0,0,0,0,0,0
496,2026-01-18,0,0,0,0,0,0,0,0,0
496,2026-01-19,0,0,0,0,0,0,0,0,0
496,2026-01-20,0,0,0,0,0,0,0,0,0
496,2026-01-21,0,0,0,0,0,0,0,0,0
496,2026-01-22,0,0,0,0,0,0,0,0,0
496,2026-01-23,0,0,0,0,0,0,0,0,0
496,2026-01-24,0,0,0,0,0,0,0,0,0
496,2026-01-25,8,8,8,0,4,3,0,1,0
496,2026-01-26,3,11,3,0,3,0,0,0,0
496,2026-01-27,3,14,3,0,0,3,0,0,0
496,2026-01-28,5,19,5,0,1,4,0,0,0
496,2026-01-29,6,25,5,1,1,4,1,0,0
496,2026-01-30,9,34,8,1,2,5,0,1,1
496,2026-01-31,3,37,3,0,1,1,0,1,0
496,2026-02-01,6,43,3,3,1,0,2,2,1
496,2026-02-02,7,50,6,1,2,4,1,0,0
496,2026-02-03,10,60,8,2,4,3,1,1,1
496,2026-02-04,10,70,8,2,2,4,2,2,0
496,2026-02-05,7,77,6,1,3,1,0,2,1
496,2026-02-06,15,92,9,6,2,7,5,0,1
496,2026-02-07,9,101,9,0,3,6,0,0,0
496,2026-02-08,12,113,7,5,2,4,2,1,3
496,2026-02-09,4,117,3,1,1,2,1,0,0
496,2026-02-10,15,132,13,2,8,5,1,0,1
497,2026-01-14,0,0,0,0,0,0,0,0,0
497,2026-01-15,0,0,0,0,0,0,0,0,0
497,2026-01-16,0,0,0,0,0,0,0,0,0
497,2026-01-17,0,0,0,0,0,0,0,0,0
497,2026-01-18,0,0,0,0,0,0,0,0,0
497,2026-01-19,0,0,0,0,0,0,0,0,0
497,2026-01-20,0,0,0,0,0,0,0,0,0
497,2026-01-21,0,0,0,0,0,0,0,0,0
497,2026-01-22,0,0,0,0,0,0,0,0,0
497,2026-01-23,0,0,0,0,0,0,0,0,0
497,2026-01-24,0,0,0,0,0,0,0,0,0
497,2026-01-25,6,6,5,1,1,4,0,0,1
497,2026-01-26,0,6,0,0,0,0,0,0,0
497,2026-01-27,3,9,3,0,0,3,0,0,0
497,2026-01-28,2,11,1,1,0,0,1,1,0
497,2026-01-29,3,14,2,1,1,1,1,0,0
497,2026-01-30,3,17,3,0,1,2,0,0,0
497,2026-01-31,4,21,4,0,0,3,0,1,0
497,2026-02-01,3,24,2,1,1,1,1,0,0
497,2026-02-02,4,28,3,1,3,0,1,0,0
497,2026-02-03,5,33,3,2,0,3,2,0,0
497,2026-02-04,9,42,7,2,3,4,2,0,0
497,2026-02-05,6,48,4,2,0,3,2,1,0
497,2026-02-06,4,52,3,1,0,3,1,0,0
497,2026-02-07,4,56,3,1,2,1,0,0,1
497,2026-02-08,3,59,3,0,2,1,0,0,0
497,2026-02-09,8,67,5,3,2,3,2,0,1
497,2026-02-10,4,71,4,0,2,2,0,0,0
498,2026-01-14,0,0,0,0,0,0,0,0,0
498,2026-01-15,0,0,0,0,0,0,0,0,0
498,2026-01-16,0,0,0,0,0,0,0,0,0
498,2026-01-17,0,0,0,0,0,0,0,0,0
498,2026-01-18,0,0,0,0,0,0,0,0,0
498,2026-01-19,0,0,0,0,0,0,0,0,0
498,2026-01-20,0,0,0,0,0,0,0,0,0
498,2026-01-21,0,0,0,0,0,0,0,0,0
498,2026-01-22,0,0,0,0,0,0,0,0,0
498,2026-01-23,0,0,0,0,0,0,0,0,0
498,2026-01-24,0,0,0,0,0,0,0,0,0
498,2026-01-25,6,6,2,4,0,1,3,1,1
498,2026-01-26,4,10,3,1,0,2,1,1,0
498,2026-01-27,3,13,0,3,0,0,3,0,0
498,2026-01-28,4,17,3,1,0,1,0,2,1
498,2026-01-29,5,22,3,2,2,1,2,0,0
498,2026-01-30,4,26,1,3,0,0,2,1,1
498,2026-01-31,5,31,5,0,2,3,0,0,0
498,2026-02-01,6,37,6,0,0,6,0,0,0
498,2026-02-02,8,45,3,5,1,2,5,0,0
498,2026-02-03,5,50,4,1,3,0,1,1,0
498,2026-02-04,4,54,3,1,1,2,0,0,1
498,2026-02-05,12,66,8,4,3,4,3,1,1
498,2026-02-06,7,73,3,4,0,3,2,0,2
498,2026-02-07,7,80,6,1,2,2,1,2,0
498,2026-02-08,10,90,5,5,2,3,5,0,0
498,2026-02-09,4,94,2,2,1,1,1,0,1
498,2026-02-10,2,96,2,0,0,1,0,1,0
499,2026-01-14,0,0,0,0,0,0,0,0,0
499,2026-01-15,0,0,0,0,0,0,0,0,0
499,2026-01-16,0,0,0,0,0,0,0,0,0
499,2026-01-17,0,0,0,0,0,0,0,0,0
499,2026-01-18,0,0,0,0,0,0,0,0,0
499,2026-01-19,0,0,0,0,0,0,0,0,0
499,2026-01-20,0,0,0,0,0,0,0,0,0
499,2026-01-21,0,0,0,0,0,0,0,0,0
499,2026-01-22,0,0,0,0,0,0,0,0,0
499,2026-01-23,0,0,0,0,0,0,0,0,0
499,2026-01-24,0,0,0,0,0,0,0,0,0
499,2026-01-25,6,6,4,2,2,1,2,1,0
499,2026-01-26,4,10,4,0,1,3,0,0,0
499,2026-01-27,2,12,1,1,0,1,1,0,0
499,2026-01-28,5,17,4,1,0,4,1,0,0
499,2026-01-29,3,20,2,1,2,0,1,0,0
499,2026-01-30,3,23,3,0,0,3,0,0,0
499,2026-01-31,8,31,7,1,1,6,1,0,0
499,2026-02-01,4,35,2,2,0,1,2,1,0
499,2026-02-02,5,40,4,1,0,4,1,0,0
499,2026-02-03,5,45,4,1,0,4,1,0,0
499,2026-02-04,8,53,7,1,3,2,1,2,0
499,2026-02-05,5,58,3,2,0,3,2,0,0
499,2026-02-06,9,67,5,4,2,3,3,0,1
499,2026-02-07,6,73,4,2,1,2,2,1,0
499,2026-02-08,8,81,4,4,1,3,3,0,1
499,2026-02-09,8,89,7,1,2,5,1,0,0
499,2026-02-10,6,95,3,3,2,1,3,0,0
500,2026-01-14,0,0,0,0,0,0,0,0,0
500,2026-01-15,0,0,0,0,0,0,0,0,0
500,2026-01-16,0,0,0,0,0,0,0,0,0
500,2026-01-17,0,0,0,0,0,0,0,0,0
500,2026-01-18,0,0,0,0,0,0,0,0,0
500,2026-01-19,0,0,0,0,0,0,0,0,0
500,2026-01-20,0,0,0,0,0,0,0,0,0
500,2026-01-21,0,0,0,0,0,0,0,0,0
500,2026-01-22,0,0,0,0,0,0,0,0,0
500,2026-01-23,0,0,0,0,0,0,0,0,0
500,2026-01-24,0,0,0,0,0,0,0,0,0
500,2026-01-25,8,8,8,0,3,2,0,3,0
500,2026-01-26,4,12,3,1,0,3,1,0,0
500,2026-01-27,2,14,1,1,1,0,1,0,0
500,2026-01-28,2,16,2,0,1,1,0,0,0
500,2026-01-29,4,20,2,2,0,1,1,1,1
500,2026-01-30,5,25,5,0,2,2,0,1,0
500,2026-01-31,3,28,3,0,0,3,0,0,0
500,2026-02-01,5,33,4,1,2,1,1,1,0
500,2026-02-02,12,45,11,1,2,8,1,1,0
500,2026-02-03,8,53,6,2,0,5,0,1,2
500,2026-02-04,7,60,6,1,0,6,1,0,0
500,2026-02-05,13,73,11,2,3,6,1,2,1
500,2026-02-06,5,78,4,1,1,3,0,0,1
500,2026-02-07,14,92,9,5,4,5,5,0,0
500,2026-02-08,12,104,12,0,4,7,0,1,0
500,2026-02-09,13,117,11,2,4,7,2,0,0
500,2026-02-10,8,125,7,1,0,7,1,0,0
